"time","size_class","median","q05","q25","q75","q95"
0,"1g-10g",9.91967411904484,3.06948511800361,5.9594410961901,17.1408484704065,24.3013507556032
0,"10g-100g",1.07999422977928,0.570066731471878,0.882587919867674,1.3788656245045,1.73759792623499
0,"100g-1kg",3.03158834023416,1.17090363722204,2.41837578446202,3.6470897921266,4.67588291278272
0,"1kg-10kg",2.80524100373589,1.30240972327267,2.39738486287977,3.23404583348495,3.68509343000189
0,"10kg-100kg",0.141248836538919,0.0760025234197119,0.118950889175106,0.164759194951437,0.23176155174752
0,">100kg",2.67192996108623,0.987382399060409,1.8746932140327,6.54283350847993,26.6669942613229
365,"1g-10g",10.0994369440844,3.12662128938937,6.09841809284811,17.3115954556328,24.5003845235974
365,"10g-100g",1.10815390994326,0.579432272120658,0.902623897111879,1.39833915046132,1.75264136120056
365,"100g-1kg",3.00485572909321,1.16562460830008,2.39386486921464,3.61078736867115,4.64683345127688
365,"1kg-10kg",2.80541467395894,1.30257609689785,2.39734624064563,3.23380338281362,3.68362128406835
365,"10kg-100kg",0.141030212636032,0.0759856337632489,0.118765747992121,0.164630330296507,0.231486354960919
365,">100kg",2.66613825219121,0.986210888024034,1.87391631366507,6.53504484953321,26.6296150503768
730,"1g-10g",10.4848645605653,3.25597820421391,6.37950907198171,17.6393081018716,24.7649801486468
730,"10g-100g",1.14006205476621,0.598592377637964,0.93375680177158,1.42795167246591,1.77884966834138
730,"100g-1kg",3.0040883572258,1.18576874546082,2.40411929715327,3.60634590163352,4.65126597522595
730,"1kg-10kg",2.80506020988519,1.30261959573952,2.39701871467602,3.23349280003481,3.6821103343967
730,"10kg-100kg",0.14082293739127,0.0758117330994017,0.118571540621933,0.164442147242495,0.231305918995267
730,">100kg",2.66110720646316,0.985381834181672,1.87314174422546,6.52825567804058,26.5923441904191
1095,"1g-10g",10.6348665714704,3.35411989904958,6.55157957430332,17.7701493805005,24.7627691880468
1095,"10g-100g",1.14207725353239,0.607631359830769,0.943280904027271,1.43442035841036,1.78366875151642
1095,"100g-1kg",3.04067005824047,1.22726847191351,2.43447767618088,3.63732948385544,4.68336180357992
1095,"1kg-10kg",2.80599941380417,1.30420213482182,2.39730299873648,3.23268734933555,3.68120364279626
1095,"10kg-100kg",0.140724881414142,0.0760179230965946,0.118624809652401,0.164483887880096,0.231398802203638
1095,">100kg",2.65922142521647,0.984866004462293,1.87250882999781,6.52154483793746,26.5551804665029
1460,"1g-10g",10.3419845738091,3.30842008842125,6.34992548239187,17.4953271632009,24.4341119030533
1460,"10g-100g",1.11073723816286,0.592273385565769,0.918608233449002,1.40711407480732,1.76497050545957
1460,"100g-1kg",3.05158726828353,1.21380095634398,2.44340069950951,3.66216546209452,4.70259835523685
1460,"1kg-10kg",2.80523071765125,1.3050190128448,2.39508828510948,3.23042891169451,3.6791376811645
1460,"10kg-100kg",0.140737082542485,0.0761639772505798,0.118537578567402,0.164547811195656,0.231503109418784
1460,">100kg",2.65738153155248,0.984282067553894,1.87201217616753,6.51393305761327,26.5180401614439
1825,"1g-10g",10.1521453211334,3.20771006795381,6.18206830115067,17.3091321858731,24.3138681308861
1825,"10g-100g",1.10399658959717,0.585616099273622,0.904916330971205,1.39643529079203,1.75212319262091
1825,"100g-1kg",3.05118902632947,1.2142901507939,2.44260335977498,3.65671828049437,4.69997212336375
1825,"1kg-10kg",2.80326605322468,1.30638541596095,2.39412868108929,3.2288032607462,3.67784506423914
1825,"10kg-100kg",0.140650058780069,0.0761761969887205,0.118442812782329,0.164451617397129,0.23148912255376
1825,">100kg",2.65554983430736,0.983913240388067,1.87145201348493,6.50604741265908,26.4766806834318
2190,"1g-10g",9.93118695679078,3.0700133554054,5.98918183426502,17.2161218472226,24.382576653439
2190,"10g-100g",1.09105052857946,0.577902326092373,0.890010433070069,1.38929369533659,1.74713287081518
2190,"100g-1kg",3.03481487543046,1.22131020591698,2.43038557124954,3.64393814686862,4.68261697074699
2190,"1kg-10kg",2.80321282160628,1.31042316171412,2.39336406879253,3.22920500392514,3.67813108535029
2190,"10kg-100kg",0.140715578896816,0.0764212520721118,0.118474767520124,0.164650168636309,0.231723704239205
2190,">100kg",2.65323087824532,0.983247408326275,1.87086516166389,6.49419711671151,26.4150520473803
2555,"1g-10g",9.9356082916099,3.05442559278104,5.97177827868055,17.1875403874296,24.4429339345797
2555,"10g-100g",1.09874306864782,0.575662954926351,0.893460836814578,1.39364709657027,1.75322753252136
2555,"100g-1kg",3.01660326136711,1.20792974331782,2.41069713789534,3.61666778291706,4.66498706126089
2555,"1kg-10kg",2.80115548462937,1.31251159167232,2.39279265688298,3.22768626579129,3.67717062259601
2555,"10kg-100kg",0.140608939485819,0.0763565680084766,0.118257217309716,0.164402725769989,0.231543529926523
2555,">100kg",2.65149992990712,0.982971077184366,1.87046852320296,6.48032161716116,26.3537006632317
2920,"1g-10g",10.085547450246,3.08467712948477,6.07204801035019,17.370773294502,24.5928331403907
2920,"10g-100g",1.11783560954485,0.585702192246333,0.910311154637314,1.41284279201036,1.77046033069854
2920,"100g-1kg",3.0123150589625,1.22394571239075,2.41719662116481,3.60630853386128,4.65812032378118
2920,"1kg-10kg",2.798845841857,1.31445611643797,2.39236306594409,3.22617961210221,3.6762390647409
2920,"10kg-100kg",0.140400570558397,0.0762481761012457,0.118061693825495,0.16417125501935,0.231289600551922
2920,">100kg",2.648279182448,0.982767809452812,1.87011944385944,6.46951788562718,26.2925470555429
3285,"1g-10g",10.1076781759916,3.11362415325462,6.12791497607938,17.3627322322436,24.5091792977593
3285,"10g-100g",1.12083533084137,0.590087718539779,0.917838144220183,1.41425486732622,1.77132998834105
3285,"100g-1kg",3.01260945187188,1.20803385487928,2.41879172710958,3.60563698786902,4.65539253981785
3285,"1kg-10kg",2.79663676971934,1.31532018016113,2.3905756577421,3.22320190342107,3.67436048959902
3285,"10kg-100kg",0.139970022602241,0.0761318218774396,0.117808190878839,0.163702855288048,0.230981887055069
3285,">100kg",2.64670585103902,0.982584693064643,1.86967244446459,6.45678223023247,26.2315473027757
3650,"1g-10g",10.1609604504501,3.14227443971397,6.16873676454852,17.3722081834406,24.4379438442605
3650,"10g-100g",1.12241723750813,0.593107106432904,0.920767372990351,1.4134261401014,1.76887583500173
3650,"100g-1kg",3.0268889116722,1.21508239916848,2.42785268691993,3.61652565206993,4.66350847530922
3650,"1kg-10kg",2.79503061239231,1.31657873524125,2.38910842951267,3.22113075430041,3.67288522590286
3650,"10kg-100kg",0.139793594873573,0.0761706190636297,0.117731055502401,0.163437522069958,0.230857302024246
3650,">100kg",2.64504644383795,0.982293546175811,1.86915873394389,6.44942916433396,26.1706880049908
4015,"1g-10g",10.3072187621589,3.20406356755551,6.28977505056542,17.4652976312148,24.5126334641784
4015,"10g-100g",1.13337647863038,0.603629270914339,0.93150216644738,1.42455085542282,1.77517882797652
4015,"100g-1kg",3.04261101913875,1.22996465267623,2.44077352135745,3.63667418049566,4.67274796516297
4015,"1kg-10kg",2.79456729939267,1.31808532871335,2.38825994834283,3.21946177863918,3.67116078832735
4015,"10kg-100kg",0.139642747970807,0.0759488899196469,0.117768830286831,0.163255978484536,0.230796504190763
4015,">100kg",2.64331596169534,0.982031663996108,1.86866877187214,6.44209916628865,26.1100266898311
4380,"1g-10g",10.4909421380795,3.28098607783095,6.41956843877544,17.6115079923535,24.5854368510211
4380,"10g-100g",1.13890762322771,0.613584540191514,0.941215131899875,1.43380504543229,1.78085061260837
4380,"100g-1kg",3.07058875312322,1.23950537497144,2.45760022821338,3.66059322774516,4.68788315397686
4380,"1kg-10kg",2.79326430541572,1.31976914103084,2.38724032145488,3.21957629969339,3.67006128306289
4380,"10kg-100kg",0.139720667884461,0.0761173791085495,0.117989834338939,0.163041172529342,0.230744314836301
4380,">100kg",2.64017194502963,0.981825213688438,1.8669866019874,6.43479666115929,26.0275403933413
4745,"1g-10g",10.421445387767,3.29091329007044,6.43118940233015,17.5676277630327,24.4993387102682
4745,"10g-100g",1.13190167176896,0.611069905433374,0.935672406576623,1.42583530380745,1.7745916577878
4745,"100g-1kg",3.0935505577051,1.26374120182026,2.48686087096478,3.6930042100019,4.71080637531596
4745,"1kg-10kg",2.79583420113003,1.32386966869716,2.38831779049434,3.22238537614705,3.67352508791077
4745,"10kg-100kg",0.14004800202596,0.07660578214602,0.118504315552949,0.16320833692824,0.230984012547356
4745,">100kg",2.63868157832425,0.981414537131833,1.86610875635798,6.42756802613821,25.9120240953374
5110,"1g-10g",10.3068662546322,3.23800543570985,6.31884064416725,17.4740240202856,24.394045017786
5110,"10g-100g",1.11941000004038,0.603369636673085,0.924497656475798,1.41666945906615,1.76521339043749
5110,"100g-1kg",3.10908947653827,1.28081182228255,2.50339392589358,3.71337138145552,4.73501229600249
5110,"1kg-10kg",2.80060803531085,1.32978169590753,2.39137191749366,3.22694060065973,3.67816105361804
5110,"10kg-100kg",0.14040447832616,0.0773879309460592,0.119010921591548,0.1636861042156,0.231375561803383
5110,">100kg",2.63711203516955,0.9808976026398,1.86518401913426,6.42037350772132,25.7757149568666
5475,"1g-10g",10.2293269045173,3.19021422044954,6.25596202328325,17.4407674987541,24.4088866538501
5475,"10g-100g",1.12120829310716,0.601141864999571,0.919279565959685,1.41839589783061,1.76600900811851
5475,"100g-1kg",3.11044909209571,1.28431589126923,2.50652482798226,3.71843386766769,4.7327475040785
5475,"1kg-10kg",2.80440887480063,1.33551246476056,2.39524060508165,3.23052252372646,3.68103456808496
5475,"10kg-100kg",0.140869841588523,0.0778774447536672,0.11955052510463,0.163975979469865,0.231690208390746
5475,">100kg",2.6337146452653,0.98064988637529,1.86359275890685,6.41320051913577,25.5870979912243
5840,"1g-10g",10.0362352870748,3.10547841249478,6.11216448599445,17.2990798193163,24.3867046132423
5840,"10g-100g",1.10288554166406,0.590268275122837,0.903805601378227,1.40396957293219,1.75683769544563
5840,"100g-1kg",3.09146957401986,1.27375448512382,2.49119964549217,3.7038946599454,4.7233896498616
5840,"1kg-10kg",2.80982244260201,1.34230966598746,2.39981510472227,3.23552745559304,3.68519528787308
5840,"10kg-100kg",0.141373614103717,0.0784433178942898,0.119935901365442,0.164475062831741,0.232058478478412
5840,">100kg",2.62875715197083,0.980053468945597,1.86074548723681,6.40598911187897,25.4719576134273
6205,"1g-10g",9.87476238037961,3.01799681864256,5.9588837367477,17.1278261812549,24.2862746831076
6205,"10g-100g",1.08300474593343,0.576878858698992,0.883853460580448,1.38289559797624,1.74001812139905
6205,"100g-1kg",3.04332762213711,1.21174172541482,2.44054662425802,3.65786066516675,4.68671209235792
6205,"1kg-10kg",2.81137348409282,1.3441203344272,2.40119020098632,3.2363972958672,3.68548820388746
6205,"10kg-100kg",0.141516507694279,0.0786182611835566,0.120109257365468,0.164669858336843,0.23197623046016
6205,">100kg",2.62378907104581,0.979582956338958,1.85775347208142,6.39853645277802,25.362674939007
6570,"1g-10g",9.74250760585518,2.92640550896377,5.82294713624936,17.0153521766771,24.2496839274093
6570,"10g-100g",1.07245597476263,0.561931314140448,0.869218124497111,1.36778044100653,1.72972618985022
6570,"100g-1kg",2.98294419341205,1.15771041876634,2.37831925315901,3.59823429227535,4.6411433007347
6570,"1kg-10kg",2.81022180848285,1.3425381476796,2.40146472630223,3.23595045625113,3.68432572586929
6570,"10kg-100kg",0.141416586897929,0.0787878923380534,0.11983732018788,0.164787238295737,0.231795645279455
6570,">100kg",2.61917369818638,0.9789780950997,1.85636474645428,6.39042647508761,25.2537526429542
6935,"1g-10g",9.88861823493164,2.94859401847117,5.94086212741763,17.2088222293757,24.469523348498
6935,"10g-100g",1.09464739545664,0.573431214366652,0.88969503302258,1.38747881360754,1.74716691857831
6935,"100g-1kg",2.94358987585423,1.17018370596905,2.3526139874386,3.55425723873716,4.61297585197451
6935,"1kg-10kg",2.80684285069633,1.33941492438109,2.40091602934791,3.23390424754256,3.68149942200338
6935,"10kg-100kg",0.141057797014194,0.0783015046039498,0.119355834431774,0.164415578219442,0.231549218580605
6935,">100kg",2.61577185580487,0.978511797568174,1.85542495063533,6.38237398094518,25.1638181770303
7300,"1g-10g",10.0564281340589,3.0066763273217,6.0631191945891,17.3795752002682,24.7830446291397
7300,"10g-100g",1.10657265074704,0.585132344953265,0.90396005090014,1.40488486636927,1.76703923426634
7300,"100g-1kg",2.92784198463847,1.17839600232556,2.34586592243367,3.53988793100787,4.60383512746311
7300,"1kg-10kg",2.80320318314995,1.33544084978119,2.39744953305352,3.22890647831246,3.67736851188602
7300,"10kg-100kg",0.140635376331135,0.0777009885101593,0.118858193994695,0.163949890861016,0.231318263124604
7300,">100kg",2.61108777784357,0.977925676051359,1.85450000492121,6.37193175028304,25.1331157460606
7665,"1g-10g",10.2662127657362,3.14113595294565,6.24303144137285,17.5199806543847,24.7479677638612
7665,"10g-100g",1.12943041834553,0.597284177020598,0.925275768922342,1.41933959887627,1.77940439706428
7665,"100g-1kg",2.94268685238703,1.20218987646494,2.36761723523768,3.5539781470853,4.6170456910411
7665,"1kg-10kg",2.79657462120324,1.32979990029889,2.39089331823076,3.22226990943941,3.67188529888449
7665,"10kg-100kg",0.139963419217534,0.0772077263909477,0.11809237802125,0.16347037256612,0.230945245716675
7665,">100kg",2.6090850078561,0.977390978593962,1.85348597475262,6.36456418049172,25.1025257972657
8030,"1g-10g",10.5149531284807,3.23853777363443,6.43703062915001,17.7415917533537,24.9124646667331
8030,"10g-100g",1.14978027929442,0.61351325041415,0.947091688753502,1.44078799060638,1.79747571508649
8030,"100g-1kg",2.99313504599818,1.23213174914708,2.40828450968449,3.59724377031095,4.65836386747291
8030,"1kg-10kg",2.79139273422507,1.32632129854575,2.38577848202379,3.21722429426613,3.66798093197649
8030,"10kg-100kg",0.139402973258396,0.0769698957998146,0.117578685663641,0.162927056747509,0.230718129427592
8030,">100kg",2.60648367625871,0.976818179034939,1.85251538974116,6.35628507907367,25.0720197886949
8395,"1g-10g",10.5999948737297,3.31008519700197,6.55847056326647,17.7844370023083,24.9023018724996
8395,"10g-100g",1.14868040931041,0.617628847869367,0.949662746990727,1.44537135340768,1.79550058466991
8395,"100g-1kg",3.05765926705809,1.27190476194879,2.46523102456364,3.65921690707416,4.71339545657021
8395,"1kg-10kg",2.78830636018411,1.32688048762167,2.38304256872057,3.21559646594262,3.66779106002886
8395,"10kg-100kg",0.13931112578682,0.0771138408363231,0.11747816774665,0.162889344298246,0.230760061772528
8395,">100kg",2.59976277669883,0.976187698482419,1.8516628949047,6.34808866955071,25.0416574149275
8760,"1g-10g",10.3472940005692,3.23080333080265,6.34950786623141,17.5220427063189,24.5088029397038
8760,"10g-100g",1.11677181093249,0.601269894314418,0.923549526377596,1.41453064556409,1.77156950883493
8760,"100g-1kg",3.08687353718045,1.26114547694531,2.48511199780654,3.69287518409503,4.74495826835906
8760,"1kg-10kg",2.78583318392583,1.32846292917273,2.38152891553326,3.21483274118969,3.66875268586384
8760,"10kg-100kg",0.139448539447849,0.077383753641235,0.117579812300092,0.163035629445431,0.230821501601608
8760,">100kg",2.59305498432773,0.975534946249527,1.85078352735861,6.3398540571911,24.9907007680071
9125,"1g-10g",10.0942385506676,3.13927516933794,6.17894247724484,17.3340026092186,24.3241862143921
9125,"10g-100g",1.1096498602445,0.592368977744022,0.906885753650151,1.40263633672386,1.75636211278587
9125,"100g-1kg",3.09524712348461,1.26317323108033,2.49015224114473,3.69753568295915,4.74556203871752
9125,"1kg-10kg",2.78716632583697,1.33125960638863,2.3823938699879,3.21645562807814,3.67142492803217
9125,"10kg-100kg",0.139734533296598,0.0777559880807173,0.117964428721945,0.163216901567665,0.230816473150817
9125,">100kg",2.590365507998,0.975268434199001,1.85005048699347,6.33163373346153,24.9374243299463
9490,"1g-10g",9.89541836791913,3.01400541671346,5.96558062020091,17.2083362297261,24.3583292225193
9490,"10g-100g",1.0938089538574,0.583525938032873,0.890980901761561,1.3942999507577,1.75004136845027
9490,"100g-1kg",3.07868880873381,1.27230598012335,2.47820598220147,3.6818427558421,4.72491611293468
9490,"1kg-10kg",2.79125820884498,1.33594416798977,2.38570422967374,3.22103918381461,3.67604719624151
9490,"10kg-100kg",0.140292620120174,0.0782699954758242,0.118352296755477,0.163683891614496,0.231013896690935
9490,">100kg",2.58847990830396,0.97484595381857,1.84946203663923,6.32337095851953,24.8842158245772
9855,"1g-10g",9.89484611484705,2.97148698410442,5.96515617188544,17.1725697611603,24.3498282382994
9855,"10g-100g",1.10217064294283,0.583149741317505,0.894700630487209,1.40022216352582,1.75655351952817
9855,"100g-1kg",3.05622627087017,1.26020236590169,2.45412143695789,3.65181736210164,4.69705627064269
9855,"1kg-10kg",2.79471495785644,1.33951158762174,2.3889616183417,3.22409024406401,3.67904528141646
9855,"10kg-100kg",0.140603907633507,0.0785451595509657,0.118618397582131,0.163732891297128,0.230917384895475
9855,">100kg",2.58655756529173,0.974743082254187,1.8489798521664,6.31432470195131,24.8311490380623
10220,"1g-10g",9.98694556827269,3.00205521965675,6.04548914410731,17.3251468735513,24.5445712783524
10220,"10g-100g",1.12093910236135,0.593565996348988,0.910536948861409,1.41784655380426,1.77336145466765
10220,"100g-1kg",3.04505881637515,1.26493674033153,2.45423953046261,3.64009113668121,4.6769883458628
10220,"1kg-10kg",2.79708702601882,1.3435539688829,2.39207187596074,3.22692664080319,3.6805982362047
10220,"10kg-100kg",0.140851502711361,0.0788004480076862,0.119004901323307,0.16382542088363,0.230771085563362
10220,">100kg",2.58467659685237,0.974650741449096,1.84850335673545,6.30305351014599,24.7781772544658
10585,"1g-10g",10.0640220299442,3.04809361281786,6.1039666785207,17.3362428258585,24.472088760617
10585,"10g-100g",1.12385120865047,0.596177678812082,0.918116611761124,1.41811961270788,1.77257506839436
10585,"100g-1kg",3.04165607385569,1.25857121444215,2.45479121639502,3.63646399883883,4.66948081544028
10585,"1kg-10kg",2.79798451155231,1.34669375675857,2.39432130692812,3.2271889203886,3.68068408659269
10585,"10kg-100kg",0.140771337962427,0.0789483857381459,0.119285311144025,0.163602152072458,0.23056982145885
10585,">100kg",2.57954269752062,0.974510891879302,1.84800847732979,6.29303407551094,24.7252571640241
10950,"1g-10g",10.1200004488772,3.08076862498234,6.14807237553184,17.3494505383853,24.3989861818732
10950,"10g-100g",1.12444567185802,0.599965678021651,0.92178489232662,1.41713646440839,1.77004260409341
10950,"100g-1kg",3.04897757136504,1.2635516145803,2.46211766552831,3.64065256336636,4.6748232980645
10950,"1kg-10kg",2.79919563277136,1.34954977315966,2.39621605147537,3.22766938249612,3.68079335112607
10950,"10kg-100kg",0.140783583283032,0.0791023831569984,0.119493756638527,0.163639529864453,0.230497683814842
10950,">100kg",2.57383836435671,0.974245506097044,1.84757775993882,6.28526589670625,24.6724878013372
11315,"1g-10g",10.2538028065734,3.14709982986642,6.26823456265066,17.424252702989,24.4767311158651
11315,"10g-100g",1.1349146229505,0.610004519193821,0.932042212964679,1.43077405631495,1.77517795613619
11315,"100g-1kg",3.06205044506636,1.27516345305777,2.47382190974449,3.65022798257144,4.68287964147664
11315,"1kg-10kg",2.79987770418302,1.3520572919122,2.39855352636447,3.22793485737396,3.6809391037968
11315,"10kg-100kg",0.140864395320296,0.0788292350330398,0.119688413645957,0.163592092977296,0.230526631377117
11315,">100kg",2.57224667091878,0.973992365104623,1.8472243719697,6.27712971861925,24.6199212458722
11680,"1g-10g",10.366852605089,3.21962982548525,6.4025933785449,17.5326645366689,24.5670585436484
11680,"10g-100g",1.14335549950671,0.616496855857405,0.942370106675531,1.43833787797226,1.78005159351552
11680,"100g-1kg",3.08235821254875,1.28573675948989,2.49151391704558,3.6776178363557,4.69755721641573
11680,"1kg-10kg",2.80165644469584,1.35424544707467,2.39959434639914,3.22893271661251,3.68144116968484
11680,"10kg-100kg",0.140766740950517,0.0791943133387257,0.119835758512325,0.163505189501795,0.230566913112735
11680,">100kg",2.57074096774867,0.973790856377656,1.84694653956422,6.26906765472826,24.5675472757324
12045,"1g-10g",10.3494079310951,3.22942486077998,6.40179053213989,17.4723212757514,24.4473427788067
12045,"10g-100g",1.13547654321716,0.614287527971604,0.936287199653601,1.43404858544702,1.7758841057832
12045,"100g-1kg",3.10972296635905,1.31037427872815,2.51611240288264,3.70876788743168,4.71974462531455
12045,"1kg-10kg",2.8068945172668,1.35646995821567,2.40340503498103,3.23169915621468,3.68362695720641
12045,"10kg-100kg",0.1410780218233,0.079799660494649,0.120267854647292,0.163754608407309,0.230709659721653
12045,">100kg",2.56926174509237,0.973449321402182,1.84654754779197,6.26111476779102,24.5153740424548
12410,"1g-10g",10.1921143176019,3.19030767831274,6.28409536909924,17.4589469783932,24.3645678074188
12410,"10g-100g",1.12354051951557,0.608526610664712,0.924317909194121,1.42212733740988,1.7657794664705
12410,"100g-1kg",3.11751946061685,1.32577772250207,2.5273015140175,3.72543931517517,4.73921887545759
12410,"1kg-10kg",2.81174278243193,1.36054485649702,2.40742352073076,3.23615539841979,3.68686083989668
12410,"10kg-100kg",0.141614334760652,0.0804980299263297,0.120753585946808,0.16427312372485,0.231012709860083
12410,">100kg",2.56778829666007,0.97306118399215,1.84610081642965,6.25011855652164,24.4633998284929
12775,"1g-10g",10.1395418309976,3.14065834239432,6.22398049251957,17.4086234626059,24.3547629628814
12775,"10g-100g",1.12335479410447,0.605525753942418,0.919900478016866,1.42518402056352,1.76660559278725
12775,"100g-1kg",3.11971576161965,1.32921139111567,2.53002816542133,3.72831167469796,4.73904452441421
12775,"1kg-10kg",2.8165401485113,1.36591812726141,2.41160934002201,3.23940214682383,3.68868350048062
12775,"10kg-100kg",0.142087525932524,0.0810545931841608,0.121233731060772,0.164566203008782,0.231294092298282
12775,">100kg",2.56644121797348,0.972940687576488,1.84560406787311,6.23675363170269,24.4116342334027
13140,"1g-10g",9.99954935069553,3.04857838331573,6.1043620704382,17.271598160057,24.292363251255
13140,"10g-100g",1.1079110299417,0.594842068957194,0.903002317829366,1.41061188613209,1.75643632126803
13140,"100g-1kg",3.10248545172258,1.31469909312486,2.51698005455981,3.71515553068454,4.72993858363934
13140,"1kg-10kg",2.82130032082673,1.37208767168339,2.417366635882,3.24596152481877,3.69187951337517
13140,"10kg-100kg",0.142601614382307,0.0815240609569078,0.121762548292691,0.165094556090722,0.231721771464905
13140,">100kg",2.56491739027724,0.972528703916741,1.84521745264875,6.22304720870278,24.3401571449671
13505,"1g-10g",9.81699641331476,2.94530148262812,5.9497730541534,17.1188030367822,24.1452956467075
13505,"10g-100g",1.08561762510068,0.579368753200548,0.884424182149082,1.38682786084056,1.73947159596768
13505,"100g-1kg",3.05433080961153,1.25165251506554,2.46525229550928,3.67032789607837,4.69369828639788
13505,"1kg-10kg",2.82302031719335,1.37529591564625,2.418477906157,3.24745831115295,3.69243399669777
13505,"10kg-100kg",0.142637972256461,0.0813496672991098,0.121827461891864,0.165152930998787,0.231748899090324
13505,">100kg",2.56330806634914,0.972214033329236,1.84464666187812,6.20876612179177,24.2660445681461
13870,"1g-10g",9.70409462149444,2.8669281190181,5.8139172829018,16.9906455768786,24.0992726164423
13870,"10g-100g",1.07409148771471,0.568213101205013,0.870706697190675,1.3732113392263,1.73042309172202
13870,"100g-1kg",2.99290077649468,1.20414527580126,2.40957945037849,3.61139534772811,4.64952107540301
13870,"1kg-10kg",2.82239353348292,1.37585075437198,2.41671042459253,3.24730985782502,3.69186286406374
13870,"10kg-100kg",0.142471535640935,0.0816942752253714,0.121589194789797,0.165049834990449,0.231690417922841
13870,">100kg",2.56152878838386,0.97175649584065,1.84404172040137,6.19093835684788,24.1919519129036
14235,"1g-10g",9.83779441498084,2.90538736731177,5.91683975210768,17.1296180853584,24.4423773038249
14235,"10g-100g",1.09778758778647,0.582445241398877,0.888689329310944,1.39485562322877,1.74888810161429
14235,"100g-1kg",2.95136102888869,1.20519685530582,2.3797059443059,3.56417430309421,4.61769574705342
14235,"1kg-10kg",2.81998304388467,1.37505469766544,2.4144407249852,3.24560082546392,3.68857870992152
14235,"10kg-100kg",0.141979400602542,0.0810782333374089,0.120988425806428,0.164798384280123,0.231429765134569
14235,">100kg",2.55977232000558,0.971284144018885,1.84254220681,6.17314670265139,24.1181196582433
14600,"1g-10g",9.97643375126471,2.92315856899885,6.03290867919155,17.3491038939793,24.7726243049355
14600,"10g-100g",1.10961658387418,0.590895825452488,0.904012028981981,1.40930597597498,1.7696035922051
14600,"100g-1kg",2.93452204591815,1.20832557739704,2.37383136803798,3.54918332208282,4.60744897909941
14600,"1kg-10kg",2.81526729603156,1.37247396830624,2.40891511741339,3.24146523253723,3.68354192590701
14600,"10kg-100kg",0.141378247117803,0.0803901595116594,0.12012889759144,0.164232087455952,0.231168334596553
14600,">100kg",2.55791013443971,0.970700037001838,1.84144965343941,6.15527827467408,24.0443931764253
14965,"1g-10g",10.2070250697914,3.05246821128524,6.22119828889865,17.4535526127657,24.7398084861613
14965,"10g-100g",1.12998145310559,0.603637052588329,0.925794711125649,1.42134717446986,1.78158022695158
14965,"100g-1kg",2.95062297345718,1.2336522082072,2.3901392736294,3.56407716557902,4.62072470007437
14965,"1kg-10kg",2.80861254546723,1.36844866436117,2.40160845740386,3.23489567861123,3.67705057964256
14965,"10kg-100kg",0.140901630207748,0.0798163177789222,0.119406818493856,0.163740127080678,0.2306158160357
14965,">100kg",2.55622333724596,0.970288880169478,1.84059907417948,6.13750187776488,23.9711043114894
15330,"1g-10g",10.3988878955597,3.1768738855733,6.44019445494256,17.6515336461426,24.8777849854583
15330,"10g-100g",1.15166859606806,0.621538373411719,0.947330865793509,1.44518403566453,1.79819993078463
15330,"100g-1kg",2.998193824229,1.27003513862627,2.43070097174256,3.60642237638853,4.66431087927411
15330,"1kg-10kg",2.8041473641603,1.36594656091105,2.39567345353627,3.22909998973876,3.67203482641952
15330,"10kg-100kg",0.140290817358755,0.0795590756641231,0.118974580167284,0.163278963971864,0.230315699590261
15330,">100kg",2.5528606017271,0.969860545486214,1.8397833524996,6.1197996289872,23.8981040062294
15695,"1g-10g",10.5237653073331,3.24904839832339,6.53666031828093,17.7244886421075,24.8357852444043
15695,"10g-100g",1.15355547065111,0.627362944332232,0.950785993768688,1.45013044143597,1.79756009690509
15695,"100g-1kg",3.06498686316122,1.31231212953441,2.48819881167587,3.67221572476447,4.71764697605821
15695,"1kg-10kg",2.80087752002478,1.365301008028,2.39153403050584,3.22703421327818,3.67120353926957
15695,"10kg-100kg",0.140161638555427,0.079800348989676,0.118812775603815,0.163193358925909,0.23041815998655
15695,">100kg",2.54977523650096,0.969395688515703,1.8390697429986,6.10470627562388,23.825362185381
16060,"1g-10g",10.2702361457259,3.13842095248507,6.33339993967514,17.4949011867236,24.4654927600118
16060,"10g-100g",1.11946703581472,0.607344999546886,0.924247079750659,1.41707403097694,1.77321918917163
16060,"100g-1kg",3.09723682949226,1.30347825164592,2.50827565166618,3.70702723140771,4.74949391443405
16060,"1kg-10kg",2.79871828869033,1.36557460240326,2.39011656613659,3.22595800320803,3.6721849390609
16060,"10kg-100kg",0.140318214017422,0.0800770819896956,0.119017725875397,0.163295457210051,0.230585720700977
16060,">100kg",2.54613114528626,0.968928588833932,1.8382978340314,6.09357409921797,23.752768501178
16425,"1g-10g",10.0751561763533,3.07270309760001,6.17818055362689,17.3182962778499,24.2748660939748
16425,"10g-100g",1.11235169499414,0.597379253429018,0.90792826126564,1.40954477523741,1.75604100978307
16425,"100g-1kg",3.10163514807655,1.30602027993174,2.52083571130367,3.71208264970262,4.75107249997544
16425,"1kg-10kg",2.80051515548147,1.36751492389409,2.39117808456541,3.22677912413362,3.67447644851722
16425,"10kg-100kg",0.140643812721155,0.0803426156019371,0.119405880411313,0.16340366906088,0.230725280320077
16425,">100kg",2.54213983361992,0.968633918087907,1.83745648855116,6.08251064716155,23.680493195504
16790,"1g-10g",9.87338265966235,2.93777778054863,5.97037685642533,17.1681003476067,24.2637118019546
16790,"10g-100g",1.09802940751971,0.588753692422537,0.894106221566349,1.40037534592008,1.74995608272807
16790,"100g-1kg",3.08812519324477,1.30775641083426,2.50963713248654,3.69800905439999,4.73243769253653
16790,"1kg-10kg",2.80347413169483,1.3717850543092,2.39330013547724,3.2316102502616,3.67915685646975
16790,"10kg-100kg",0.141173739851499,0.0807970157234373,0.120050704980654,0.163844821465457,0.23107480411131
16790,">100kg",2.53757439847773,0.96817462488348,1.83662962339145,6.07133573326906,23.6082238246012
17155,"1g-10g",9.88884813571194,2.90487530719581,5.98015965914492,17.1282153042214,24.3183521996018
17155,"10g-100g",1.10528100972462,0.589757976116491,0.897093536869915,1.40839083652283,1.75645095207133
17155,"100g-1kg",3.06415607995564,1.2989178241713,2.48535763016845,3.67421997848394,4.70695672669884
17155,"1kg-10kg",2.80525322142969,1.37554905317737,2.39643836005969,3.23424615963502,3.68140837579641
17155,"10kg-100kg",0.141496196852201,0.0809770258696558,0.12035271989992,0.163935296536432,0.23094777595407
17155,">100kg",2.53437025072723,0.967585092245824,1.83559279179399,6.06018477972846,23.5372720203007
17520,"1g-10g",9.98091323640916,2.93158030024325,6.04056906563419,17.244658237929,24.5375273033089
17520,"10g-100g",1.12625175484341,0.599735909443311,0.91243577763916,1.42389101932251,1.77294503029507
17520,"100g-1kg",3.05495503347803,1.30164064805358,2.48381443726637,3.66262971542179,4.68199560783904
17520,"1kg-10kg",2.80787524724772,1.3794994237496,2.40013599988441,3.23684135465755,3.68281105466053
17520,"10kg-100kg",0.141736990332928,0.081185895191426,0.120580913238345,0.164053248062377,0.230780780960495
17520,">100kg",2.532910859698,0.966950703443624,1.83435691270279,6.04907425069859,23.4655656127737
17885,"1g-10g",10.0124807272654,2.96629155144907,6.0983279620379,17.2302712009682,24.460731617252
17885,"10g-100g",1.12614864026999,0.604959321829729,0.920769662287078,1.42577183980697,1.77548635304718
17885,"100g-1kg",3.05766693832296,1.30278984805355,2.4774481309506,3.65988354377315,4.6743394071628
17885,"1kg-10kg",2.81035690430916,1.38248161451277,2.401782519695,3.23685816673596,3.6824723391768
17885,"10kg-100kg",0.141749325035382,0.0813593013587266,0.120712168614045,0.163989085859865,0.230506922919984
17885,">100kg",2.53140150334227,0.966283127518393,1.83305900269823,6.04132722819034,23.3941171173249
18250,"1g-10g",10.04196857469,3.00910932538678,6.12831502861123,17.2584815793793,24.3769802983996
18250,"10g-100g",1.12752707491566,0.607962184888221,0.922799856109812,1.42534370835242,1.77193056736404
18250,"100g-1kg",3.06182744599529,1.30859669855002,2.48749793871954,3.66541087951999,4.68021624678582
18250,"1kg-10kg",2.81327044320464,1.38531314495999,2.40359622480464,3.23695872844654,3.68267802180914
18250,"10kg-100kg",0.141700457354014,0.0815371323509615,0.120976418275731,0.163889970067705,0.230355929468069
18250,">100kg",2.52984683362316,0.965496625276575,1.83195109480512,6.03333098471278,23.3229513007699
18615,"1g-10g",10.1889914809713,3.07305235347082,6.26280549194689,17.3725984367286,24.4592343137741
18615,"10g-100g",1.13726433562758,0.618154512784779,0.933681645908508,1.4351525181158,1.78001034197344
18615,"100g-1kg",3.07498895459473,1.31952525892696,2.49978410088983,3.67627710752978,4.68604291825632
18615,"1kg-10kg",2.81535059836905,1.38814044279326,2.40786612311778,3.23623222972916,3.6832681312421
18615,"10kg-100kg",0.141846295145075,0.0815144535924159,0.121102108723831,0.163759294270875,0.230352380606588
18615,">100kg",2.52833293372459,0.964722999009758,1.83117983326797,6.01736570212147,23.2521227793558
18980,"1g-10g",10.3394002422004,3.15046887208684,6.39204039116271,17.4716976008704,24.4914971738885
18980,"10g-100g",1.14557436746533,0.626207136764499,0.943835890887804,1.44405426196162,1.78523947854551
18980,"100g-1kg",3.0976337853097,1.33782660008319,2.51075048347232,3.69638451844047,4.70079114726932
18980,"1kg-10kg",2.81614238892034,1.39161036566893,2.40978857872005,3.23678767848842,3.68385622502401
18980,"10kg-100kg",0.141919963988019,0.0818135017677091,0.121304717856697,0.163734279606788,0.230360666549401
18980,">100kg",2.52688135930996,0.963999063953868,1.83050099178302,6.00220092658545,23.1816427296676
19345,"1g-10g",10.3069426635643,3.1481231439872,6.38493613732922,17.4375066792081,24.375395942814
19345,"10g-100g",1.13841992193577,0.624343136338975,0.936978659050308,1.43818025853009,1.77864146820166
19345,"100g-1kg",3.11838697186063,1.35260534096205,2.53222760435381,3.72743937018025,4.72494679665329
19345,"1kg-10kg",2.81962598574665,1.39751943417727,2.41406586279929,3.24108791323109,3.68634866402156
19345,"10kg-100kg",0.142112350187089,0.0823042730196323,0.121847370208086,0.164034295209646,0.230725923405493
19345,">100kg",2.52538990732068,0.96312755359359,1.82986414848084,5.97916122965631,23.1114315515406
19710,"1g-10g",10.2318797415961,3.10721174760173,6.28906603333093,17.4207628861723,24.3215116385115
19710,"10g-100g",1.12574667962823,0.616688118513531,0.925243856445285,1.43052996230899,1.76757180799469
19710,"100g-1kg",3.13003768123098,1.36444395345353,2.55375744174581,3.74282551797765,4.74474679503719
19710,"1kg-10kg",2.82622231737876,1.40487901383824,2.4191684935877,3.24619432018564,3.6913997329745
19710,"10kg-100kg",0.14281448900056,0.082939596836222,0.122423870164445,0.164487419194541,0.231265043539281
19710,">100kg",2.52389519047312,0.962198133429374,1.82924995190035,5.95867219532642,23.0414849581937
20075,"1g-10g",10.1851365266136,3.0576214639028,6.21872352136013,17.3942951952394,24.296246473237
20075,"10g-100g",1.12569234493243,0.613721704471877,0.92206481791627,1.42960272811085,1.76992782640576
20075,"100g-1kg",3.13374520982313,1.37033801250236,2.5577462802213,3.74506039766701,4.74548144972506
20075,"1kg-10kg",2.83201095933062,1.4123506663451,2.42406003807344,3.2478417235711,3.69460885483444
20075,"10kg-100kg",0.143160459759435,0.0835668834337111,0.122936341884238,0.164788841652644,0.231499351653156
20075,">100kg",2.52258901727249,0.961528639247332,1.82874192454166,5.94136105973383,22.9719327536022
20440,"1g-10g",10.0204645583689,2.97267214220168,6.11705859270908,17.2495594451484,24.242688754976
20440,"10g-100g",1.10875322568472,0.602826525406902,0.906128697380955,1.41698703357997,1.75940472186037
20440,"100g-1kg",3.11975019738206,1.3553715444662,2.54195021957403,3.73326973519008,4.73574929826573
20440,"1kg-10kg",2.83844733942057,1.42020596884637,2.42884317097498,3.25393586073539,3.69863099479522
20440,"10kg-100kg",0.143715500258806,0.0841008499448823,0.123495960254046,0.165364612422196,0.231978364889116
20440,">100kg",2.52107048801573,0.960568344881561,1.82810871964799,5.9245134313169,22.9024106753305
20805,"1g-10g",9.85951235024221,2.87035190999701,5.97681431829968,17.1097236810404,24.0737446284891
20805,"10g-100g",1.08967355432997,0.587597514366778,0.886123474291967,1.39475224960579,1.74306937425581
20805,"100g-1kg",3.06997502528313,1.28637754238005,2.48906043195595,3.68899290300853,4.69879106799557
20805,"1kg-10kg",2.83905310086741,1.42325897949734,2.43129304011762,3.25399943116819,3.69850972577934
20805,"10kg-100kg",0.143632586441628,0.0839939648866206,0.123418414958978,0.165473743298011,0.232007374041697
20805,">100kg",2.51956920275601,0.959709690745767,1.82717879173831,5.90764709283127,22.8330075749779
21170,"1g-10g",9.72017611696464,2.78528320016893,5.83924379931694,16.9948703527695,24.0805693995357
21170,"10g-100g",1.07593907153839,0.577256743270682,0.872280841336127,1.37691431630351,1.73267629205473
21170,"100g-1kg",3.00620178148508,1.24315380387971,2.43382594962053,3.62659726204007,4.6537532194453
21170,"1kg-10kg",2.83565235817822,1.42227352930878,2.43058349269103,3.2537502246171,3.69718167829725
21170,"10kg-100kg",0.143387367979517,0.0841150415247009,0.123032951307206,0.165320054971918,0.231950422266231
21170,">100kg",2.5179380672311,0.958717679363153,1.82605920990848,5.89718257160564,22.7832990048755
21535,"1g-10g",9.8565550027438,2.84052088567307,5.9200086282011,17.139123712701,24.4209294010946
21535,"10g-100g",1.10300700939222,0.588646284089028,0.891249777250236,1.39930660735639,1.75216516307152
21535,"100g-1kg",2.96449397513031,1.25002613825094,2.40465014313613,3.58598923761074,4.62131180563041
21535,"1kg-10kg",2.83407595471802,1.42051635223765,2.4279873074862,3.25214339981595,3.6944680982526
21535,"10kg-100kg",0.142884672564166,0.0834508095081138,0.122531286878737,0.164914294136877,0.23169136299673
21535,">100kg",2.5163804644466,0.95783120204134,1.82541139931396,5.88772142710278,22.734603684973
21900,"1g-10g",10.0291055379752,2.87893972911955,6.02919383662919,17.3787494968242,24.761500677901
21900,"10g-100g",1.11336000465812,0.596187732378211,0.90741144167188,1.41221192890362,1.76874921495315
21900,"100g-1kg",2.94473764731432,1.25579473220064,2.39231000456153,3.56678843992575,4.61115218609971
21900,"1kg-10kg",2.83085122658486,1.41643695850971,2.42233763420862,3.24884493142062,3.69026262130479
21900,"10kg-100kg",0.142198209895926,0.0827519652051591,0.121788670305203,0.164675932813612,0.231431347802983
21900,">100kg",2.51471097310917,0.956992317187239,1.82465861995517,5.88208245898967,22.6969624091342
22265,"1g-10g",10.2375135407803,3.00057434494522,6.21293391345475,17.4635935292739,24.7716630259274
22265,"10g-100g",1.13671083340374,0.611652307840332,0.928511145055132,1.42723292516706,1.78205294865688
22265,"100g-1kg",2.96511108534523,1.27632046150876,2.40870332175458,3.58286948825205,4.62711068445683
22265,"1kg-10kg",2.82503279856899,1.41217663740425,2.41416687017603,3.24213125939686,3.6831721266016
22265,"10kg-100kg",0.141635405944197,0.0822590257113626,0.120910005534331,0.16399193311649,0.230880679709408
22265,">100kg",2.51324943907371,0.957012814089789,1.82388539169659,5.87638603507262,22.6689887723587
22630,"1g-10g",10.4921402879707,3.12596308677464,6.42864513037864,17.688141383312,24.8924702257396
22630,"10g-100g",1.15428816842245,0.629734886063841,0.948691448024162,1.45194297060088,1.80114133401988
22630,"100g-1kg",3.01371980648438,1.30933534871969,2.45358558314535,3.63264618546895,4.66723464823491
22630,"1kg-10kg",2.81880376820897,1.41013108047305,2.40931265053292,3.23676979728267,3.67818369075654
22630,"10kg-100kg",0.141213404924158,0.0820605567543436,0.120301755684076,0.163464563970048,0.230552831923427
22630,">100kg",2.5117844560204,0.956965056569687,1.82301114691658,5.87075710060733,22.6410786572495
22995,"1g-10g",10.6114027985387,3.19034969900855,6.52528815507575,17.7075526593618,24.8014461040715
22995,"10g-100g",1.15728810034338,0.637699389177109,0.951899316202613,1.45469497884248,1.80141761759291
22995,"100g-1kg",3.07657484487465,1.35216897765853,2.50334589194424,3.6925591834661,4.72226758897824
22995,"1kg-10kg",2.81596176545246,1.41131812816905,2.40639145933053,3.23417001880862,3.67681280468195
22995,"10kg-100kg",0.141049882034665,0.0822483174855499,0.12032997178202,0.16342581555014,0.230651562183139
22995,">100kg",2.50885118364973,0.956732774079949,1.82213259274753,5.8646303987701,22.6036301280283
23360,"1g-10g",10.3617163645458,3.09779214984351,6.32053829657199,17.4639206262411,24.4416872013621
23360,"10g-100g",1.12330877514881,0.621098260284571,0.92470613722182,1.42480957667638,1.77326144642605
23360,"100g-1kg",3.1080421000049,1.33948397705652,2.52382508757909,3.72760836209144,4.75508943715241
23360,"1kg-10kg",2.81574505307921,1.41333131520519,2.40317031471798,3.23304361518512,3.67741435775139
23360,"10kg-100kg",0.141144187782416,0.0825307356329286,0.120374512069686,0.163572970916008,0.230854540649636
23360,">100kg",2.50718403715131,0.956464398588712,1.82126960296554,5.85223133813502,22.5544985436905
23725,"1g-10g",10.1406689918851,2.9967307763575,6.17091859716494,17.2814354399614,24.1980777661501
23725,"10g-100g",1.11379085493425,0.610798265431918,0.910124045554368,1.41679717118294,1.75826211830399
23725,"100g-1kg",3.11537899906835,1.34478276033111,2.53394781600063,3.73983472209191,4.75629426199986
23725,"1kg-10kg",2.81895805532685,1.41637347309463,2.40331139163349,3.23496433313256,3.67994409638554
23725,"10kg-100kg",0.141430906991477,0.0827157829748007,0.120699572130139,0.163657772504732,0.230971369194469
23725,">100kg",2.50375008057903,0.956232528868459,1.8204617812445,5.84468795503932,22.5056479375821
24090,"1g-10g",9.98020344309274,2.85119124084254,5.95176592333351,17.1690428424047,24.2630463927572
24090,"10g-100g",1.09890248886315,0.600563885072877,0.894927508612282,1.40748627996305,1.75587102717112
24090,"100g-1kg",3.10107198680199,1.34537783644898,2.52789162004465,3.72977655626901,4.73956447349947
24090,"1kg-10kg",2.82452369486829,1.42105130633664,2.4076459480213,3.23899748215787,3.68502061564915
24090,"10kg-100kg",0.142038476903487,0.0832430295288486,0.121412377950892,0.164150832347554,0.231345576461719
24090,">100kg",2.49879352352881,0.955670076348028,1.81948591504671,5.83888617423464,22.4777483826227
24455,"1g-10g",9.99222923874633,2.84131139892521,5.95672138098571,17.1780861479558,24.3315635814157
24455,"10g-100g",1.10616179740361,0.60149781370991,0.89916168577633,1.41258334425061,1.76108214321325
24455,"100g-1kg",3.07478788899586,1.34050134412717,2.50754620349226,3.70208944946812,4.70966359735665
24455,"1kg-10kg",2.82778772205191,1.42519590690266,2.41217161580696,3.24096484487486,3.68766604445221
24455,"10kg-100kg",0.142318058306828,0.0834009844943547,0.121807779009213,0.164252153291899,0.231281455782504
24455,">100kg",2.49390045454489,0.955463659025211,1.81871721322512,5.83296519333448,22.4498250842018
24820,"1g-10g",10.133792892363,2.8933187516147,6.03252071605472,17.3532535164396,24.529337113868
24820,"10g-100g",1.12674944190308,0.610310230925089,0.914482786474094,1.42769050188241,1.77608947960017
24820,"100g-1kg",3.06973168645837,1.35401274360584,2.50244603466156,3.68810979458597,4.68999451878778
24820,"1kg-10kg",2.83021521811037,1.4298158638123,2.41573868353634,3.24225699592244,3.68817585640003
24820,"10kg-100kg",0.142403030418439,0.0836244968537827,0.122053631582068,0.164333264910466,0.231030602242988
24820,">100kg",2.49161564493716,0.955309963309645,1.81721181984926,5.82709220358085,22.4219487615286
25185,"1g-10g",10.2051674848108,2.94206150742015,6.10159045578638,17.3299253877934,24.4510431910272
25185,"10g-100g",1.12810471880437,0.614681120427293,0.92324161461536,1.42976979427011,1.77795752151585
25185,"100g-1kg",3.06715612890669,1.34751978981604,2.50385216300259,3.67994893043058,4.68311500781407
25185,"1kg-10kg",2.83173239923607,1.43383616204546,2.4176610256835,3.24288518020947,3.68701639121736
25185,"10kg-100kg",0.142460438969017,0.0837888303143,0.122198223785584,0.164138279850517,0.230726742449636
25185,">100kg",2.49014991696455,0.955169628718308,1.81619558312762,5.81881324029125,22.3941270243563
25550,"1g-10g",10.2824325798885,2.99132270067858,6.12996553398727,17.3262258274897,24.3808379311916
25550,"10g-100g",1.12933628517807,0.618851406603964,0.924936696238058,1.42878718835811,1.77270749514677
25550,"100g-1kg",3.07035604864824,1.35153158031694,2.50514829077405,3.6843686630947,4.68546351700945
25550,"1kg-10kg",2.83456289565016,1.43778969665011,2.42031977518345,3.2435739874888,3.68963696016698
25550,"10kg-100kg",0.142564479703032,0.0839997539104473,0.122386846292774,0.164150155210609,0.230650130340444
25550,">100kg",2.48636807327937,0.95492195541842,1.81558108272757,5.80775733092374,22.3663898878027
25915,"1g-10g",10.4261408306249,3.05498880375496,6.26118069402118,17.427454689909,24.4543820822494
25915,"10g-100g",1.13963921254961,0.627410508098256,0.93636024659065,1.43991273078265,1.78144302598853
25915,"100g-1kg",3.08339953225033,1.3647732492753,2.51809250130908,3.69567095681287,4.69299069012026
25915,"1kg-10kg",2.83502728652467,1.44197405584485,2.42407830830636,3.24376279372348,3.68956171896502
25915,"10kg-100kg",0.142627215606349,0.0839419491762567,0.122553611089169,0.164093500982069,0.230648173367992
25915,">100kg",2.48256076593615,0.954702879910925,1.81502541221188,5.7968282623705,22.3387602220489
26280,"1g-10g",10.5918955993457,3.12163482859387,6.39033352300059,17.4530226131078,24.4809074870545
26280,"10g-100g",1.14919999789297,0.635298605117992,0.94641691264258,1.44764920415605,1.78708642931265
26280,"100g-1kg",3.10656337116115,1.37775309680175,2.53973852756224,3.71642859725495,4.70682224895488
26280,"1kg-10kg",2.83523765735751,1.44636264596394,2.42657363320325,3.24349176757933,3.6893547030292
26280,"10kg-100kg",0.14280215030966,0.0839720384876915,0.122705401253574,0.164040386635408,0.230663706068263
26280,">100kg",2.47976570365195,0.954548067706425,1.81456075994743,5.78601235325978,22.3049849907334
26645,"1g-10g",10.5226259230591,3.1271713023188,6.38869926093519,17.490358745945,24.3749029167344
26645,"10g-100g",1.14227481869967,0.634008223308064,0.940251925992114,1.44310397809206,1.77942736698984
26645,"100g-1kg",3.13125392081753,1.39469975632174,2.55796783001298,3.74354893814277,4.73665984797226
26645,"1kg-10kg",2.83850996122486,1.45198547224452,2.42904332454633,3.24636484191214,3.69236126083099
26645,"10kg-100kg",0.143159899747235,0.0843757019628188,0.123187892637022,0.16433361930991,0.231033920926222
26645,">100kg",2.4759288474186,0.954208070970771,1.81405090352299,5.77532465650726,22.2425535483573
27010,"1g-10g",10.4184279507825,3.07189277167616,6.28136246319855,17.4463716879375,24.3111950420334
27010,"10g-100g",1.12915651517884,0.62906896112468,0.928740761350088,1.43589376840244,1.76944745524273
27010,"100g-1kg",3.14070334221334,1.40997216649119,2.57496310220263,3.76464124892095,4.75185575908184
27010,"1kg-10kg",2.8444325022046,1.45857830862186,2.43281651351797,3.25110743580886,3.69686849635105
27010,"10kg-100kg",0.143667795218157,0.0851384720073262,0.123710720817382,0.164917129823465,0.231570887117009
27010,">100kg",2.47204786874131,0.953764624547655,1.81352741438245,5.76470255531518,22.1728377360644
27375,"1g-10g",10.4487023722186,3.00546416110733,6.21564797610979,17.441667049049,24.3130213960504
27375,"10g-100g",1.12940989632991,0.625083579151902,0.924653432498634,1.43593648135442,1.77298076471155
27375,"100g-1kg",3.1459358977947,1.41643006588311,2.58174260306199,3.76843538987251,4.75340375004355
27375,"1kg-10kg",2.84986691818264,1.46549447076011,2.43809555362312,3.25440687702382,3.69912729083723
27375,"10kg-100kg",0.144030303441271,0.0857443711357232,0.12417895473331,0.165157585948128,0.232198322938138
27375,">100kg",2.46845754998265,0.953576456229408,1.81323027082799,5.75921186463168,22.1036379597084
27740,"1g-10g",10.3015445464384,2.94850269893056,6.0998802701197,17.3065495006445,24.2508429800772
27740,"10g-100g",1.11241717637663,0.61158907411916,0.908722134359338,1.42370966387765,1.76539401975153
27740,"100g-1kg",3.12867952836043,1.4016177501416,2.57030680807436,3.75760180669666,4.7485044758037
27740,"1kg-10kg",2.85545829692827,1.47222162669656,2.44369959817485,3.25940591353247,3.70275790243876
27740,"10kg-100kg",0.144549542356624,0.0862775221994632,0.124694292910468,0.165769838597541,0.232481694052259
27740,">100kg",2.46452731375268,0.953034567093012,1.81267062617076,5.75381429636074,22.034282768246
28105,"1g-10g",10.0679004725519,2.87150785781045,5.94403075494648,17.1371845459958,24.0858361016732
28105,"10g-100g",1.09288280606095,0.596218288861175,0.890295810005164,1.40200866437822,1.74766125522721
28105,"100g-1kg",3.07786666513418,1.33545484918099,2.52008162729857,3.7145022096094,4.71537197953462
28105,"1kg-10kg",2.85827863285887,1.47450727444647,2.44521434004628,3.2607281923603,3.70221409858366
28105,"10kg-100kg",0.144674686989561,0.0864033289796245,0.124656652954888,0.165979449462269,0.232441311936267
28105,">100kg",2.4606752824765,0.952597973666201,1.81211636113628,5.74834489570088,21.9674301230536
28470,"1g-10g",9.94220457754195,2.79473757518089,5.8077093664165,17.0145834115408,24.0826824911182
28470,"10g-100g",1.07796893074403,0.584122049153052,0.875742099374866,1.38807083938742,1.73743478261318
28470,"100g-1kg",3.01769552200517,1.2847457942805,2.45480851191753,3.65186223584199,4.6677541668385
28470,"1kg-10kg",2.85914549855696,1.47254526717692,2.44520095302082,3.25992259216433,3.700846691111
28470,"10kg-100kg",0.144511308745273,0.0862823601715957,0.124336755044186,0.165883537036673,0.23229277219573
28470,">100kg",2.45851235858089,0.952006341136063,1.81058020264823,5.74275085391324,21.9276574470274
28835,"1g-10g",10.2066519641126,2.82865604424019,5.9193493169905,17.2960281836085,24.4633780396937
28835,"10g-100g",1.10543210286908,0.596811417327896,0.894382155482689,1.40533098829256,1.75329156189837
28835,"100g-1kg",2.97614410198638,1.29355193084708,2.42196716552006,3.60697248315034,4.63326750541344
28835,"1kg-10kg",2.85588181927425,1.46891777260951,2.4440799885524,3.25803186194508,3.70112889335268
28835,"10kg-100kg",0.14420309964983,0.0858219963325911,0.123847361428531,0.165577719738113,0.232094404284699
28835,">100kg",2.45687200934581,0.951532319983309,1.80954211318616,5.7372240692351,21.8932689770428
29200,"1g-10g",10.3389879858332,2.89051689229767,6.03623472800025,17.4399150220021,24.76715709826
29200,"10g-100g",1.11840157480392,0.607476416021521,0.90815904165722,1.41879318538943,1.77112734814795
29200,"100g-1kg",2.96308585451828,1.30153270771528,2.41256679200164,3.59381302916697,4.62694885060171
29200,"1kg-10kg",2.84913591496947,1.46430950887682,2.43711756820195,3.25542477540607,3.69562080380308
29200,"10kg-100kg",0.143535739522078,0.0853460632117622,0.123147797029316,0.165152464570888,0.231851562162071
29200,">100kg",2.45511455747009,0.950941615583146,1.80876244404357,5.73164246853028,21.8589164527822
29565,"1g-10g",10.4934335096692,3.00560766607904,6.22695413057545,17.5655791227199,24.7763230397818
29565,"10g-100g",1.14147865509437,0.624175890873555,0.929246349499976,1.43618983535326,1.78374821636417
29565,"100g-1kg",2.98681244422595,1.32737842115684,2.42884205399918,3.60933217165947,4.64919474922052
29565,"1kg-10kg",2.84082581404071,1.4598136330777,2.4295664046927,3.2490326998468,3.68900403142145
29565,"10kg-100kg",0.142699630355683,0.0845570691467665,0.122350501597616,0.164522967142117,0.231554862810259
29565,">100kg",2.45351356207219,0.950667022715413,1.80791658130181,5.72624210943253,21.8084924688827
29930,"1g-10g",10.7715965882041,3.10609960924236,6.41812544150747,17.8943460055273,24.8825330202434
29930,"10g-100g",1.16146428660945,0.63996271609165,0.950235109074117,1.45558627435933,1.80199180591386
29930,"100g-1kg",3.02912498471083,1.36289421058242,2.47378910185232,3.65543823974791,4.69094796318467
29930,"1kg-10kg",2.83465548936041,1.45832966428181,2.42168805843658,3.24469687697624,3.68485555005497
29930,"10kg-100kg",0.142051014961926,0.0840778334937784,0.121701432190161,0.16395924345486,0.231392649066752
29930,">100kg",2.45197289704272,0.950368103163328,1.80661769435745,5.72088340186863,21.7340103412135
30295,"1g-10g",10.8241598753356,3.17548344988803,6.52645151875695,17.918810720713,24.9027319899196
30295,"10g-100g",1.16238859001947,0.645267271694551,0.954624789897158,1.4585090259088,1.80337268466189
30295,"100g-1kg",3.0889081209668,1.40162968913894,2.529787220429,3.71886649329156,4.74090516629893
30295,"1kg-10kg",2.83273410252923,1.46018346060533,2.41809421212053,3.24282464594728,3.68393352907954
30295,"10kg-100kg",0.141997094966293,0.0843476825763263,0.121543946280642,0.163862362417495,0.231487720844044
30295,">100kg",2.45047477700926,0.949957549783016,1.8052945415196,5.71558119746234,21.6567041874289
30660,"1g-10g",10.5099796165285,3.09882348479047,6.35443465031389,17.5837079113744,24.4894696999383
30660,"10g-100g",1.12935912856795,0.625427803216065,0.928749375221182,1.43373217351263,1.77575441555943
30660,"100g-1kg",3.11834432058588,1.38912168449482,2.54925997848999,3.75271849727303,4.76576622324776
30660,"1kg-10kg",2.8296124646215,1.46284015802451,2.41787033012195,3.24137933588318,3.68381839416577
30660,"10kg-100kg",0.14219877200789,0.0846491065838284,0.121523155889449,0.163997561417823,0.231616781462485
30660,">100kg",2.44890696628981,0.949510870558172,1.80457362065007,5.70660011170045,21.5796261392551
31025,"1g-10g",10.2952379459171,2.98567559589047,6.1627164549853,17.3930203989061,24.3492105450107
31025,"10g-100g",1.11711723956956,0.619104503761036,0.913330352055559,1.42214453256564,1.76401931579
31025,"100g-1kg",3.12434511085585,1.38813495591854,2.55591815421091,3.7613487528213,4.7715430488696
31025,"1kg-10kg",2.83075736467455,1.4660315974856,2.41848527074895,3.24311857777989,3.68527041524673
31025,"10kg-100kg",0.14250415355301,0.0848666892046677,0.121945461591118,0.164107721694586,0.231765761447719
31025,">100kg",2.44739840715651,0.949276139940405,1.80418700458795,5.69615191284529,21.5030298728405
31390,"1g-10g",10.2273161025071,2.87219032497375,5.96809896683525,17.3098866932899,24.4064662073074
31390,"10g-100g",1.10173830629703,0.608096813665588,0.897704336096091,1.4142541039729,1.75971596807227
31390,"100g-1kg",3.1153044940297,1.39776825714946,2.54819850207302,3.74738562951764,4.75575754140682
31390,"1kg-10kg",2.83530950174801,1.47108642690555,2.423259137785,3.24670099087913,3.6895718333369
31390,"10kg-100kg",0.143014717713845,0.085372260764032,0.122569760720048,0.164673063897767,0.231992953515818
31390,">100kg",2.44568001106142,0.948727354485211,1.80347261533048,5.68556710460003,21.4263752677384
31755,"1g-10g",10.2286227870649,2.86074857578435,5.95152760227354,17.3068290532539,24.5166049093002
31755,"10g-100g",1.11186151813975,0.610430109243735,0.900676775923842,1.41691108423589,1.76408179506281
31755,"100g-1kg",3.09113670439428,1.39058503681423,2.53258775280583,3.72623837199868,4.73037865925164
31755,"1kg-10kg",2.838031908168,1.47513609366833,2.42552065186693,3.24854816471485,3.69439681245614
31755,"10kg-100kg",0.143213503333921,0.0856675128347636,0.122866473660814,0.164774162103174,0.232536806047888
31755,">100kg",2.44385590793749,0.948534350049847,1.80255654925047,5.67509161050986,21.3664980349408
32120,"1g-10g",10.3639997702874,2.89287636325894,6.019291148849,17.5154493661737,24.6384590803554
32120,"10g-100g",1.13129122778761,0.620209640759941,0.91620511966578,1.43577642235426,1.77884306747243
32120,"100g-1kg",3.08488338940895,1.40524438665534,2.52231322634225,3.70897490772804,4.71537228244051
32120,"1kg-10kg",2.84138076258329,1.47934656788139,2.42782443773619,3.25150308722747,3.69633990416849
32120,"10kg-100kg",0.143295501814675,0.0859676001258755,0.12302359777157,0.164846010377696,0.232487741689503
32120,">100kg",2.4406562087037,0.948393927456433,1.80149836454839,5.66840227390484,21.3197505385628
32485,"1g-10g",10.4210478035241,2.9535704735865,6.10020893500553,17.5156885994829,24.5945155233914
32485,"10g-100g",1.13333296486554,0.621770405003658,0.925534221423372,1.43580359511141,1.7809860261675
32485,"100g-1kg",3.07960624613861,1.40052346441053,2.51911882701813,3.69904477274768,4.71304879399829
32485,"1kg-10kg",2.84321957008177,1.48275835407897,2.4287436222642,3.25202359267326,3.69581644220633
32485,"10kg-100kg",0.143380972229248,0.0861914316970485,0.12320284115429,0.164614352314556,0.232247158207427
32485,">100kg",2.43643978833864,0.948266815586686,1.8004376901275,5.66331192373451,21.2731248226929
32850,"1g-10g",10.4299902000199,2.96945054642692,6.11749748669021,17.5319656856183,24.542546426522
32850,"10g-100g",1.13278810199396,0.625293305308568,0.926393048832403,1.4352391318125,1.77967451803607
32850,"100g-1kg",3.08548624876928,1.40963229540323,2.52559821559625,3.70422233899723,4.71441541896423
32850,"1kg-10kg",2.84492901364313,1.48374224846373,2.43000411037512,3.25252146832317,3.69569410393846
32850,"10kg-100kg",0.143419618305064,0.0864672588833698,0.123349788020772,0.164617256755192,0.232042522027756
32850,">100kg",2.43453056304699,0.948301536588866,1.79933783129988,5.65814413083239,21.2190138278821
33215,"1g-10g",10.6265992481569,3.01655984962251,6.24427303012628,17.6466229694749,24.6238748455761
33215,"10g-100g",1.14341678047649,0.635525285322702,0.937961579200677,1.44604915084137,1.78657991821567
33215,"100g-1kg",3.09742984753037,1.41974955182185,2.54050750300265,3.71468262346659,4.72097717231092
33215,"1kg-10kg",2.84772709395834,1.48504323883271,2.43080220269725,3.25282891452123,3.69615353933655
33215,"10kg-100kg",0.143508924861708,0.0865310154571657,0.123502827247798,0.164617236691592,0.23190478797048
33215,">100kg",2.43311022509106,0.948521852173717,1.79806973716302,5.65299628601498,21.1522845903773
33580,"1g-10g",10.7058351232338,3.08462716080202,6.37506370100424,17.7224716465758,24.6435735049087
33580,"10g-100g",1.15306982533231,0.642699737044694,0.94919416914514,1.45366272090206,1.79343173488297
33580,"100g-1kg",3.11985409244054,1.43400978134853,2.56418366149617,3.73270068177828,4.72819626122946
33580,"1kg-10kg",2.84988691496896,1.48733593076469,2.43237659207277,3.25351055693431,3.69493422260378
33580,"10kg-100kg",0.143588929039994,0.0861515992944755,0.123620802938891,0.164606552699047,0.231832683744673
33580,">100kg",2.42909435314905,0.948865904985956,1.7970831528218,5.64787883867282,21.0858747048705
33945,"1g-10g",10.7043694084814,3.11240493644865,6.37371689837538,17.6071041991332,24.4629334680569
33945,"10g-100g",1.14528509656977,0.641556750580547,0.943421857922323,1.44820220737813,1.78858631999732
33945,"100g-1kg",3.14216380880639,1.44934460965471,2.587052661566,3.76304391208056,4.74966002095884
33945,"1kg-10kg",2.85372605384436,1.49123770292468,2.43678971195024,3.25599091413484,3.69965776513639
33945,"10kg-100kg",0.143900911318519,0.0865938271653956,0.124135840995507,0.165056981770199,0.23193038186796
33945,">100kg",2.42784407300013,0.948824601649559,1.79630108736475,5.64270706332514,21.0195697639256
34310,"1g-10g",10.5731605972463,3.08199526627935,6.26919953495047,17.5492493665728,24.3688813339127
34310,"10g-100g",1.13057227490768,0.635503608707486,0.931099981901915,1.44117059071676,1.77881550130579
34310,"100g-1kg",3.15842593556921,1.45368595831795,2.59840588794453,3.78182275758629,4.76778270511292
34310,"1kg-10kg",2.85963001297531,1.49624205171684,2.44189045816998,3.26144003819587,3.70597554684605
34310,"10kg-100kg",0.14442135500553,0.0872615768470575,0.124629830985091,0.165600859818719,0.232082070563626
34310,">100kg",2.42665859325515,0.948569895735173,1.7956837611646,5.63753268495567,20.9638091264738
34675,"1g-10g",10.545372616071,3.03524640757565,6.21951466630493,17.4997914043561,24.4046819413517
34675,"10g-100g",1.13090345299319,0.633515021637138,0.926464332455037,1.44028778028443,1.77840108528404
34675,"100g-1kg",3.16329385368693,1.45949526209496,2.60325244402659,3.7886728105989,4.77169098394226
34675,"1kg-10kg",2.86361120152828,1.50109845152658,2.44691878767438,3.26657435117609,3.70857692187207
34675,"10kg-100kg",0.144822519599552,0.0878475851432255,0.125097041383017,0.16587532089027,0.232549850274169
34675,">100kg",2.42472197518458,0.94882293960289,1.79550430554902,5.6325340147233,20.9182745583907
35040,"1g-10g",10.3762834519245,2.96295822082285,6.09303807189662,17.4104312540246,24.334534252955
35040,"10g-100g",1.1143628320687,0.623254896383755,0.912016311887494,1.42797458255491,1.77015883779884
35040,"100g-1kg",3.14700130948565,1.44694380778058,2.58575964123223,3.77835359044625,4.78544478629771
35040,"1kg-10kg",2.86884308107815,1.50629037293223,2.45290437807346,3.27279831115668,3.7154378638036
35040,"10kg-100kg",0.14532408078519,0.0883637447995563,0.125643490441878,0.166457532662606,0.232716949282807
35040,">100kg",2.4237069513286,0.948386788494005,1.79517398330031,5.62728621764602,20.8727895355892
35405,"1g-10g",10.1926347226297,2.87479747646307,5.93326385321234,17.2396870653164,24.2727510351339
35405,"10g-100g",1.09509546205392,0.6077247963816,0.89332310468389,1.40903784351241,1.75592790503099
35405,"100g-1kg",3.09505372898438,1.37693477318558,2.5433596683145,3.7328940257122,4.74607077228914
35405,"1kg-10kg",2.87025631048193,1.50759308961128,2.45492998325565,3.27491431333755,3.71676088698674
35405,"10kg-100kg",0.145461799528702,0.0889161280272903,0.125720799838951,0.166631642832375,0.232713044765097
35405,">100kg",2.42260316215346,0.948197307944841,1.79478020539182,5.62203309292153,20.8273418473
35770,"1g-10g",10.0575733796198,2.80555279434346,5.79670613584575,17.1431771065538,24.2874324401368
35770,"10g-100g",1.08370521300432,0.594995532979873,0.879052040200195,1.39688906094213,1.74703860057847
35770,"100g-1kg",3.03703390462376,1.32679663705586,2.4778925514208,3.67561507658076,4.70607470322001
35770,"1kg-10kg",2.86958050658699,1.50646814817863,2.45338908847135,3.27540811835715,3.715622628661
35770,"10kg-100kg",0.145360159646134,0.0884309975610889,0.125406595967659,0.166665598557372,0.233484711227239
35770,">100kg",2.42136610246451,0.947713692029486,1.79430164068873,5.61256464092189,20.7819457201748
36135,"1g-10g",10.2593418063547,2.84559312123716,5.89690214859785,17.3833463880003,24.6438963952575
36135,"10g-100g",1.11386706176738,0.603673113097933,0.895838619533535,1.41246815805866,1.76400764207446
36135,"100g-1kg",2.9980733368725,1.331515292813,2.44454445463657,3.62976461425639,4.67572629676779
36135,"1kg-10kg",2.8652814955431,1.5047272825623,2.45060804413197,3.27700183023537,3.71502657480201
36135,"10kg-100kg",0.144968860983838,0.0879693490693865,0.124904892888853,0.166346406858605,0.235109862364648
36135,">100kg",2.4201074145279,0.947451195113358,1.79383684355379,5.60152588628761,20.7367210138146
36500,"1g-10g",10.4443392428849,2.88764009732794,6.00758154880139,17.5779095561983,24.8356369735543
36500,"10g-100g",1.12584169593213,0.611481926415307,0.91004319408116,1.42728353310603,1.77700020342149
36500,"100g-1kg",2.98442938429919,1.34442471265279,2.43035080478972,3.61566450576062,4.66750437885475
36500,"1kg-10kg",2.85938301814519,1.50215958517491,2.44461139595518,3.27144435025764,3.71071355669257
36500,"10kg-100kg",0.144373784704638,0.0874356233364294,0.124303229907612,0.165884036508713,0.234899212232222
36500,">100kg",2.41803324026536,0.946963616375915,1.79327427586477,5.58606590068546,20.6915830829193
36865,"1g-10g",10.6379924396698,3.01245240459295,6.19071065885816,17.7042447596063,24.9243822317052
36865,"10g-100g",1.14720952699699,0.626404488717295,0.930141354000973,1.44212075917812,1.79286373510031
36865,"100g-1kg",3.00179873297596,1.37335950543085,2.45731161312638,3.63255646938331,4.67944590966374
36865,"1kg-10kg",2.85158853745947,1.49969084752751,2.43815265587975,3.26425048969697,3.70413407325672
36865,"10kg-100kg",0.143646189905177,0.0867454794992386,0.123576908473381,0.165272622613903,0.234512221101081
36865,">100kg",2.41672503400336,0.947080927767467,1.79277791415946,5.57073764842622,20.6466653146495
37230,"1g-10g",10.88062738407,3.1144097956308,6.40373675320709,17.9066342549283,24.998005795895
37230,"10g-100g",1.16779585259368,0.643165716175138,0.951265856184792,1.46325585487213,1.80700082151896
37230,"100g-1kg",3.04115637528208,1.41309169657509,2.49508097805081,3.67656912339386,4.71162530247782
37230,"1kg-10kg",2.84432091548312,1.49865804725857,2.43148909335145,3.25967655021159,3.69959401829184
37230,"10kg-100kg",0.143031348461092,0.0863373629039623,0.12302897308472,0.164796736986173,0.23470517991337
37230,">100kg",2.41524846044972,0.947129128948621,1.7922882795566,5.55550155874011,20.6019183696222
37595,"1g-10g",10.9559922987458,3.17331462486399,6.51265771619659,17.938706678443,24.9297901941929
37595,"10g-100g",1.16491864028452,0.647760399631515,0.957307291336725,1.46894358911985,1.80936235036677
37595,"100g-1kg",3.10154011046877,1.45165333776217,2.55186377797597,3.73522468554318,4.7664613292852
37595,"1kg-10kg",2.84129440507712,1.49995553703312,2.42839354617147,3.25729674829208,3.69968821480374
37595,"10kg-100kg",0.142872998201598,0.0864212245483921,0.122849148719036,0.1647691137855,0.237169777823453
37595,">100kg",2.41293693428129,0.946926617125063,1.79181422238304,5.54037909164232,20.557385335355
37960,"1g-10g",10.6675770963365,3.09316651028251,6.31201341585014,17.6279895855426,24.5350882182998
37960,"10g-100g",1.13147495954229,0.634796835379081,0.930895050106218,1.44211867470767,1.79234608291739
37960,"100g-1kg",3.13243667793474,1.43654811153314,2.5755500970299,3.77215844514287,4.79255422337154
37960,"1kg-10kg",2.84051041225196,1.50140504238858,2.425772130069,3.25582476982873,3.70059266802059
37960,"10kg-100kg",0.142918565520806,0.0866602717219035,0.122915898079614,0.164856071085715,0.237148033773594
37960,">100kg",2.41054647285307,0.946656438176701,1.79117379738695,5.52524879201303,20.5129820259759
38325,"1g-10g",10.4599057569456,3.0049196740403,6.15388126274453,17.351849623517,24.3449899759814
38325,"10g-100g",1.11869739796103,0.627712143102161,0.914165691605012,1.42915017759984,1.77627021484298
38325,"100g-1kg",3.1446207766005,1.43682549474773,2.57972454503158,3.7795138446486,4.78471456071256
38325,"1kg-10kg",2.84196700499977,1.50350863052051,2.42698017937913,3.25675417017247,3.70261031608763
38325,"10kg-100kg",0.1432309271622,0.0869154702025647,0.123173251837618,0.165031438492566,0.237412386593687
38325,">100kg",2.40795071873206,0.946790232725754,1.79045173450857,5.51087245082847,20.4687857065461
38690,"1g-10g",10.3075682929227,2.87111315030948,5.92763028187499,17.3197790894625,24.3591574593215
38690,"10g-100g",1.10717542482167,0.616950760528454,0.899353809657655,1.42324331121662,1.7728425426242
38690,"100g-1kg",3.12919431792784,1.44495186328388,2.57073616042036,3.76886138401573,4.78751810906358
38690,"1kg-10kg",2.84674859788512,1.50729479191665,2.43017938478634,3.26047145946806,3.70771632237091
38690,"10kg-100kg",0.143754070547529,0.0875911332305743,0.123750128475988,0.165469717926039,0.237516638981381
38690,">100kg",2.40459452759757,0.946305655596143,1.78974411209587,5.49972091661714,20.4127376525823
39055,"1g-10g",10.3264244049913,2.86220141300357,5.91765374453893,17.3146074533808,24.4584412053962
39055,"10g-100g",1.11696300657444,0.615490958824946,0.902362527974929,1.42689493524735,1.77410623625694
39055,"100g-1kg",3.10940113838083,1.44350772869254,2.54967286190002,3.74000390321928,4.7593327816015
39055,"1kg-10kg",2.84868833097819,1.51005600570027,2.43262709584976,3.26321167749041,3.70785068172437
39055,"10kg-100kg",0.144113707211505,0.0878148192370815,0.12405997411507,0.165517853354593,0.237596063148934
39055,">100kg",2.40295894488066,0.946544997015852,1.78840737324227,5.4885843244502,20.3523850060551
39420,"1g-10g",10.4872464387971,2.90323043362387,6.00788882147298,17.493216543471,24.6317443288524
39420,"10g-100g",1.13660460604723,0.622107352162015,0.919250866325926,1.44335455431913,1.78950566083962
39420,"100g-1kg",3.09584386114593,1.45656388624707,2.54127866009288,3.72854724916919,4.74707472162068
39420,"1kg-10kg",2.85215326014445,1.51416043428622,2.43565610982887,3.26456766857002,3.70839011954674
39420,"10kg-100kg",0.144129110629216,0.087988334197406,0.124312380918984,0.165498514660482,0.238127229645223
39420,">100kg",2.40133758023849,0.946895661384251,1.78707929757938,5.48005076272887,20.2922671377377
39785,"1g-10g",10.5492773468503,2.94551236458819,6.08868569319294,17.5101140378388,24.5493246385742
39785,"10g-100g",1.13904269155465,0.626403126842211,0.926090679144308,1.4412905652871,1.79089436626905
39785,"100g-1kg",3.09613891120547,1.45099632707581,2.53898485732761,3.72125870180029,4.73696832847807
39785,"1kg-10kg",2.85357140213383,1.5175258230782,2.43720930568888,3.26554498787738,3.70815825600524
39785,"10kg-100kg",0.144103627383924,0.0881027767229213,0.124412915753639,0.165368844322142,0.238344925742219
39785,">100kg",2.39973018384584,0.947291708708127,1.78624752338292,5.47270990315299,20.2323514190329
40150,"1g-10g",10.5775591066422,2.982222330752,6.12323503329295,17.5212597182748,24.4719775003371
40150,"10g-100g",1.14022426375926,0.627276493428355,0.929023670614097,1.44309297163174,1.78883634321489
40150,"100g-1kg",3.10113561637733,1.45548007619158,2.54587866907755,3.72600984108498,4.74445780825833
40150,"1kg-10kg",2.85597216665438,1.52095500080583,2.4389306199883,3.26638289006196,3.70814279544067
40150,"10kg-100kg",0.144143358511241,0.088294956743982,0.124508247020498,0.165342604175507,0.238263370957108
40150,">100kg",2.39818360219164,0.947298325939759,1.78555325159908,5.46536772977032,20.1726179780172
40515,"1g-10g",10.7619410176402,3.03379348088249,6.23708286826878,17.6441876984063,24.5616667401152
40515,"10g-100g",1.15035308944736,0.636253596928246,0.941068549411047,1.45261034674241,1.79270901783186
40515,"100g-1kg",3.11338139125549,1.46445364018859,2.55914049814959,3.73484760481068,4.75002927802495
40515,"1kg-10kg",2.85870369110464,1.52452760982457,2.44141763170366,3.26549941434437,3.70814875325415
40515,"10kg-100kg",0.144116524655889,0.08858072152938,0.124577407555065,0.165322196640935,0.238236588514799
40515,">100kg",2.39674075405558,0.947254921651712,1.78501910960571,5.45805072632145,20.1131584878886
40880,"1g-10g",10.8761272381898,3.09164308586262,6.36981745514526,17.7203905987079,24.6054576146631
40880,"10g-100g",1.1600033072546,0.643936306390341,0.951509249939573,1.4624845265408,1.79893009462687
40880,"100g-1kg",3.13569951059989,1.47769633939098,2.58097165386915,3.75414369784353,4.75926308580177
40880,"1kg-10kg",2.86173331366503,1.52823388827477,2.44305145251743,3.26535510398561,3.70851202150209
40880,"10kg-100kg",0.144128772574228,0.0885658089691474,0.124778869581031,0.165264693470321,0.23829027615569
40880,">100kg",2.39541310203584,0.947289185067394,1.78458944760174,5.4507584508168,20.0707376632576
41245,"1g-10g",10.8657826250294,3.12186716956259,6.37642269661612,17.6074372365673,24.43612191731
41245,"10g-100g",1.14901823520368,0.642094685306797,0.945475212862225,1.45996839080801,1.79972394118015
41245,"100g-1kg",3.15948804522251,1.49673040277791,2.60926311507659,3.78355374659864,4.78176286205037
41245,"1kg-10kg",2.86463680941918,1.53245263578269,2.44643659734821,3.27025439334172,3.7114345877151
41245,"10kg-100kg",0.144366863191947,0.0887065422424356,0.125308654355403,0.165529517758509,0.238348371569653
41245,">100kg",2.39192846424162,0.947077380347978,1.78400042046555,5.44351406948281,20.0309007423039
41610,"1g-10g",10.7807514812265,3.08855530604143,6.28026485696967,17.5484944125776,24.3391532259955
41610,"10g-100g",1.13546309103856,0.639067417173812,0.934437142144345,1.45375492957442,1.79284188005344
41610,"100g-1kg",3.17324052575376,1.50220153983928,2.62118063895582,3.79410932869095,4.80097541929084
41610,"1kg-10kg",2.87079960233559,1.53697744692615,2.45112510945101,3.2755301404669,3.71443354672579
41610,"10kg-100kg",0.144821178980353,0.0893721467968791,0.125813309951649,0.165998725627694,0.238759726998072
41610,">100kg",2.38787095253061,0.946735311091919,1.78323442934183,5.4363261307889,19.9912179694693
41975,"1g-10g",10.7307978351014,3.04204816018297,6.22013540048758,17.4916838691934,24.3503528337384
41975,"10g-100g",1.13605979563611,0.63745333135276,0.930297833038079,1.45257656691736,1.79511971558492
41975,"100g-1kg",3.18039797471682,1.50375273445947,2.62675647133931,3.80018818584564,4.8005462129646
41975,"1kg-10kg",2.87510590029605,1.54149312652576,2.45580060327498,3.28033918954144,3.71729870560445
41975,"10kg-100kg",0.145220916431844,0.0900165674117922,0.12619777391599,0.166435442955535,0.241303869770144
41975,">100kg",2.38564529967776,0.946730691294277,1.78284122227115,5.42920357523369,19.9516936593501
42340,"1g-10g",10.5484012550452,2.94993493459402,6.08196306230861,17.4037725595953,24.2748781128609
42340,"10g-100g",1.11894600223369,0.62649483903547,0.91337509636148,1.43886647011516,1.78531423784972
42340,"100g-1kg",3.16282020496997,1.49015578089081,2.60957554590501,3.7913871752472,4.80208450736289
42340,"1kg-10kg",2.87922648309747,1.54545858597332,2.46156288939855,3.28520527906534,3.72014768191909
42340,"10kg-100kg",0.145858379103043,0.0906990811877838,0.126643409186743,0.166873748295279,0.24257141629106
42340,">100kg",2.38422835215296,0.946275709554773,1.7822953435034,5.42202658999499,19.9122135284926
42705,"1g-10g",10.3340310107107,2.85251419351894,5.919414727623,17.2501780514008,24.2056501742091
42705,"10g-100g",1.1015710764224,0.612180404794351,0.893709998098815,1.41492243099439,1.76292947094548
42705,"100g-1kg",3.11456200084983,1.42419917285622,2.55943827236634,3.74572782961232,4.77353233575719
42705,"1kg-10kg",2.87959056910663,1.54474972785554,2.46232826475246,3.28685728250975,3.71984015743264
42705,"10kg-100kg",0.145888514572787,0.0911662820570448,0.126812160340588,0.167062541618327,0.242795346659375
42705,">100kg",2.38268809033179,0.945973333635602,1.78155465200085,5.41479933356985,19.8726789576489
43070,"1g-10g",10.1960422887475,2.76326628917128,5.7786296542035,17.1750251818763,24.1966561628399
43070,"10g-100g",1.09212707847528,0.598640952600737,0.879023841501248,1.40052861474022,1.75482428375279
43070,"100g-1kg",3.05775189223037,1.36465206559565,2.49730315099244,3.68900235993292,4.72637312564561
43070,"1kg-10kg",2.87907916364831,1.54081069491224,2.46098485364805,3.28774277555054,3.72122515326604
43070,"10kg-100kg",0.145813113424049,0.0908923512175575,0.126523992888781,0.166990065848992,0.242587563749198
43070,">100kg",2.38107206018004,0.945476249338758,1.78085641476316,5.40751805690959,19.8330879905092
43435,"1g-10g",10.3655447305381,2.82935708190282,5.87366251285335,17.4006187424102,24.5862624557861
43435,"10g-100g",1.11626009442738,0.607246208582511,0.896844420708688,1.41937891970206,1.76781027711169
43435,"100g-1kg",3.01944366850545,1.37986200308353,2.46492308195783,3.64570761935878,4.69626628706895
43435,"1kg-10kg",2.87561487338435,1.53857692386278,2.45929428105028,3.28675226242639,3.71818384018089
43435,"10kg-100kg",0.145532308472377,0.0905198060602253,0.12600634460907,0.166815782555396,0.242496637199397
43435,">100kg",2.3794887741418,0.945128133667861,1.780237574496,5.40053951057988,19.7935984013443
43800,"1g-10g",10.5973516826077,2.85592455221098,5.98634375240283,17.5810770182017,24.8177185918151
43800,"10g-100g",1.13022274965152,0.613735226957156,0.910543066378147,1.43463863128934,1.78229652527032
43800,"100g-1kg",3.00351910770077,1.38766631022088,2.45410143613683,3.62983931994916,4.69352415579328
43800,"1kg-10kg",2.86939091593531,1.53379167092103,2.45356225872857,3.28127504144199,3.71438030068305
43800,"10kg-100kg",0.144908325460049,0.0900433422730415,0.125256932494301,0.166391630123196,0.24225053281088
43800,">100kg",2.37782002276024,0.944626632168829,1.77956739322636,5.3941356706221,19.7541591824126
44165,"1g-10g",10.8034600126171,2.96917772057618,6.18129917235128,17.7042051746326,24.9422515836061
44165,"10g-100g",1.14854058937821,0.629484837167585,0.932561006650493,1.45030850553495,1.79519475658632
44165,"100g-1kg",3.01324675145454,1.40677780744971,2.47432607960246,3.64973741898802,4.69909577117457
44165,"1kg-10kg",2.86190533989919,1.53027182955363,2.44543419150041,3.27551788414032,3.70871953249818
44165,"10kg-100kg",0.144025644239208,0.0895297702878194,0.12448599127071,0.165700417588512,0.24217917171089
44165,">100kg",2.37622531062624,0.944524553158114,1.77903621872364,5.38794859145505,19.7148808736045
44530,"1g-10g",11.0621995268817,3.10012963003725,6.39085374483045,17.9397434983177,25.0302831484113
44530,"10g-100g",1.16952157694957,0.647216203820762,0.953833490939873,1.4724108044079,1.81024556484126
44530,"100g-1kg",3.05966394581667,1.44284971323723,2.51561008853495,3.69200323916545,4.73437830453571
44530,"1kg-10kg",2.85611306156415,1.52764636216826,2.43994281328364,3.26928704628763,3.70496645091939
44530,"10kg-100kg",0.143399706812247,0.0893159503826853,0.123862375409325,0.16514405998707,0.242083905209067
44530,">100kg",2.37491867432766,0.944379977281546,1.77850934511902,5.38265818727749,19.6757408045565
44895,"1g-10g",11.1847448591173,3.16256286976998,6.50060682476381,18.0120460634085,24.9153445949211
44895,"10g-100g",1.1663566634059,0.655138988265872,0.958545544269311,1.47392216954671,1.81209366350151
44895,"100g-1kg",3.11815956507321,1.4831047406241,2.57610447962094,3.75169417412549,4.7788287331146
44895,"1kg-10kg",2.85396795689262,1.52675026799334,2.43673486465415,3.26643706436623,3.70417782254871
44895,"10kg-100kg",0.143347455530919,0.0895199140218119,0.123811136409253,0.165108194987151,0.242038929201892
44895,">100kg",2.37390218876768,0.944081978412731,1.77801648148071,5.37755505111732,19.636742695639
45260,"1g-10g",10.8442761178264,3.09246456893519,6.30396306223699,17.6402777649744,24.4588592414816
45260,"10g-100g",1.13418569462575,0.635189814812984,0.932595730655016,1.44745600179869,1.79489172622211
45260,"100g-1kg",3.1478950974106,1.47636756418723,2.5982683037326,3.78730694443287,4.80090186044126
45260,"1kg-10kg",2.85244049347523,1.52416178321978,2.4350136386871,3.26547019127139,3.70445586389376
45260,"10kg-100kg",0.143453141127972,0.0897686577464684,0.123992705315972,0.165174732683532,0.241956522263249
45260,">100kg",2.37284832843121,0.943743713171971,1.77710308046744,5.37238718491949,19.5977553504857
45625,"1g-10g",10.6629740448722,3.00245542624037,6.14737108106281,17.4349119715354,24.2886138722357
45625,"10g-100g",1.12172447588405,0.631324476232988,0.916290625001877,1.43484480489932,1.77973295925693
45625,"100g-1kg",3.15996292489782,1.47818021352143,2.59894325582849,3.80146946292664,4.80477517159953
45625,"1kg-10kg",2.85433677126088,1.52510023508246,2.43508659899054,3.2670193101632,3.7055255577521
45625,"10kg-100kg",0.1436949094235,0.0900621092940291,0.12431608879501,0.165338895256231,0.242128765294839
45625,">100kg",2.37180528696716,0.943683494021908,1.77653477501563,5.36721656609663,19.5588569995281
45990,"1g-10g",10.4438195869227,2.85823472898986,5.92238627223103,17.3858081843658,24.3077649692707
45990,"10g-100g",1.11010717466801,0.61817060415795,0.90100440722186,1.43235057622687,1.78188166714591
45990,"100g-1kg",3.14786705098141,1.47733068581111,2.58980747781909,3.77973421291617,4.79754266396899
45990,"1kg-10kg",2.85917071726328,1.52826020086431,2.43884768864835,3.27207242391189,3.70943145159857
45990,"10kg-100kg",0.144232157380086,0.0906627545494833,0.124788153149519,0.16580038048939,0.242163126498643
45990,">100kg",2.37022849487149,0.943222730056589,1.77602296535673,5.359974599411,19.5200013941489
46355,"1g-10g",10.5135034433316,2.84101397791068,5.91911123849302,17.4160836390142,24.4267877366589
46355,"10g-100g",1.12058409965111,0.618206658678559,0.90319743045094,1.43415459806868,1.7781574398623
46355,"100g-1kg",3.12104808504466,1.46818775902435,2.56737273747016,3.75260413788415,4.7717471633355
46355,"1kg-10kg",2.86145359364891,1.53061673277195,2.4410922266222,3.27419720166742,3.71036611157844
46355,"10kg-100kg",0.144424827519711,0.0909930957967957,0.125124953410119,0.165982741598076,0.242335311150754
46355,">100kg",2.36638670651074,0.943231692410147,1.77542286563818,5.35180172246065,19.4812384144542
46720,"1g-10g",10.633206252877,2.86277828888072,5.99682163648671,17.5624209353162,24.6307012052518
46720,"10g-100g",1.13785381022075,0.628887602100624,0.919725900396594,1.44982894466168,1.79192344609466
46720,"100g-1kg",3.11142624406339,1.47833628798738,2.55921841613267,3.740017848472,4.75549489966613
46720,"1kg-10kg",2.86397288609377,1.53436096790575,2.44354284646568,3.27522168328244,3.71036926867658
46720,"10kg-100kg",0.144556660980535,0.0910935459840267,0.125374062390323,0.166034945269477,0.2424744510986
46720,">100kg",2.36461408466637,0.943303785767353,1.77479903955187,5.34649998059231,19.4542981339582
47085,"1g-10g",10.7401585193999,2.8993793532507,6.06135924009643,17.5541365308634,24.5322226893051
47085,"10g-100g",1.14311367321942,0.629600373127567,0.927914816269212,1.4520466841001,1.79374321690692
47085,"100g-1kg",3.11127761389844,1.48049416227179,2.55678450802523,3.73044076993821,4.75360336092725
47085,"1kg-10kg",2.86657125772027,1.53932039898983,2.44440635284282,3.27403177032864,3.71047605513984
47085,"10kg-100kg",0.144527706883619,0.0909590751059808,0.125554711439181,0.165934074115116,0.242356786127974
47085,">100kg",2.36283257315668,0.943388177301919,1.77372993890202,5.34121983064975,19.430742037095
47450,"1g-10g",10.7782632770528,2.93341567718815,6.0931452387162,17.5760799622305,24.4712979626632
47450,"10g-100g",1.14325766871303,0.633228905054879,0.93075959765462,1.45310134792127,1.79023512291718
47450,"100g-1kg",3.11658144743667,1.48545228836491,2.56398928140708,3.73482938046922,4.75432182893597
47450,"1kg-10kg",2.86848575737852,1.54444209194915,2.44520241376021,3.2745561571908,3.71097177200436
47450,"10kg-100kg",0.14461756978929,0.0909953951921677,0.125656593970846,0.165925969341388,0.242154733158079
47450,">100kg",2.36112929328501,0.94332254425021,1.77247366351458,5.33600786918493,19.4072608900658
47815,"1g-10g",10.9137797155121,2.98588443018984,6.2250721609465,17.6656076189303,24.5857150566418
47815,"10g-100g",1.15327077793148,0.64209380736129,0.942339562777333,1.46347259273848,1.79570180139888
47815,"100g-1kg",3.12902928868948,1.49467144288474,2.57976185553775,3.74457280417849,4.75864685589196
47815,"1kg-10kg",2.870908011897,1.54974987329239,2.44651018389968,3.27561431318699,3.71190301806109
47815,"10kg-100kg",0.144588728711823,0.0910659731372584,0.125621458835455,0.165816533249822,0.242149479582652
47815,">100kg",2.35951370842348,0.943402767435392,1.77176553545614,5.33088319647938,19.3838588979438
48180,"1g-10g",11.085815737873,3.05509827423551,6.35606659067122,17.7745730217492,24.6031697188272
48180,"10g-100g",1.16370105962147,0.649861017448109,0.953951010469928,1.47155253032444,1.80449782389535
48180,"100g-1kg",3.15087008936114,1.50526121104579,2.60125297674914,3.76639600960912,4.77273053982087
48180,"1kg-10kg",2.87365472053816,1.55570084400433,2.44842695864829,3.2761895382453,3.71309849564197
48180,"10kg-100kg",0.144650000518291,0.0909779152042096,0.125724513749417,0.165719676096904,0.242532466801774
48180,">100kg",2.35799126732775,0.943753470049988,1.77126803921091,5.32584734866636,19.360526074481
48545,"1g-10g",11.0463159906763,3.06917952532636,6.35570183292146,17.7283865968094,24.4382551805612
48545,"10g-100g",1.15214273153839,0.649174393442036,0.947941157618889,1.46517627638382,1.80104936765745
48545,"100g-1kg",3.17974093625743,1.52906428561329,2.62797093184286,3.79364125353781,4.79729720062893
48545,"1kg-10kg",2.8786511222296,1.56322726021903,2.45258625940818,3.27952890952838,3.71574603405648
48545,"10kg-100kg",0.145168448047405,0.0912921479631273,0.126115827994136,0.165975501144066,0.242792861848802
48545,">100kg",2.35657206950142,0.943724798463574,1.77088799174895,5.32088697630902,19.337284801819
48910,"1g-10g",10.9751644286466,3.03922745295112,6.25711848108721,17.6177152547392,24.3170239076237
48910,"10g-100g",1.13798521937732,0.642471243482331,0.935396087058296,1.45887355455837,1.79606356580088
48910,"100g-1kg",3.19123280799587,1.53934564934434,2.63911342149598,3.81334785120381,4.81593094488861
48910,"1kg-10kg",2.8836391604393,1.56989793211785,2.45832481058636,3.28538561689591,3.71878312647946
48910,"10kg-100kg",0.145745456218338,0.0919599096153814,0.126650269502442,0.166339802118798,0.242993487728692
48910,">100kg",2.35519963807656,0.943484995604638,1.77068622897815,5.31588154416649,19.314106125265
49275,"1g-10g",10.8774786755362,2.99510197290459,6.19196709276873,17.581659849039,24.358473285461
49275,"10g-100g",1.13984741228431,0.641303984221973,0.931763276414082,1.46035715811546,1.79834463445437
49275,"100g-1kg",3.19533653931654,1.54720929197862,2.64262812301198,3.81882032256854,4.81597785701391
49275,"1kg-10kg",2.88812721272136,1.57667133732745,2.46269116755347,3.28984292195273,3.72115205297808
49275,"10kg-100kg",0.146119401973241,0.0924833264311718,0.12719628515041,0.166701139728489,0.243104686301405
49275,">100kg",2.35390216561726,0.943747736959835,1.77051713803366,5.31094149074059,19.2909751653116
49640,"1g-10g",10.6886368543759,2.91945359697612,6.06132661618153,17.4701112762429,24.3308979775468
49640,"10g-100g",1.12305866988212,0.628503150517062,0.915372107701438,1.44652709250705,1.78816022511704
49640,"100g-1kg",3.18287689601163,1.52599541080481,2.624606028017,3.80498535806908,4.81431756397207
49640,"1kg-10kg",2.89354705526807,1.58278697679903,2.46899051570258,3.29548910479917,3.72449532121305
49640,"10kg-100kg",0.146629586988773,0.0931141191827697,0.127519989779628,0.167335295738076,0.243247513172123
49640,">100kg",2.35254403094231,0.94332398814836,1.77032954759198,5.30571664633302,19.267849649934
50005,"1g-10g",10.4992516677868,2.83856348120745,5.90556669488102,17.3038019492055,24.2587706234943
50005,"10g-100g",1.10438826237587,0.612286775060911,0.894677923195131,1.42352984116737,1.76893599878241
50005,"100g-1kg",3.13664793281337,1.45940753933319,2.57312837187493,3.76595194610409,4.78383128138685
50005,"1kg-10kg",2.89462522441772,1.58464842251172,2.47154866517471,3.29808623745542,3.72461457359053
50005,"10kg-100kg",0.146776596883654,0.0937453032699306,0.127576284233069,0.167503283295777,0.243654700820057
50005,">100kg",2.35106323910216,0.943138640928469,1.77003547438867,5.30048084519445,19.2446260041524
50370,"1g-10g",10.3612671127409,2.75169462116158,5.7891256174574,17.2185521537733,24.2661409491996
50370,"10g-100g",1.09482350827845,0.600079854909139,0.880445145332053,1.4068015904229,1.7583583593808
50370,"100g-1kg",3.07146013811722,1.41197782120999,2.51804041843999,3.70019484474663,4.74834563699606
50370,"1kg-10kg",2.89338678735997,1.58247313915554,2.47075629338502,3.29968290143376,3.72292377753687
50370,"10kg-100kg",0.146589881412323,0.0936532914495673,0.127361901564981,0.167455003237752,0.243332434173791
50370,">100kg",2.34762963662129,0.942657844616846,1.76967070482016,5.29502685586256,19.2213428442601
50735,"1g-10g",10.5157638022299,2.78087754638861,5.86189455188417,17.4188663283602,24.6396742145358
50735,"10g-100g",1.11799606252748,0.61061653153178,0.898517799849744,1.4260632162558,1.77291324747971
50735,"100g-1kg",3.03499604836439,1.40530849941527,2.48282557029166,3.65871663808289,4.71689635100394
50735,"1kg-10kg",2.89113906332061,1.57862817165827,2.46767601632357,3.29818145684208,3.72312980155126
50735,"10kg-100kg",0.14613518637525,0.0933611772744703,0.126810280749004,0.16722559363412,0.243133677346677
50735,">100kg",2.34361205528377,0.942395034445975,1.76928696514283,5.28966679470316,19.1981378939664
51100,"1g-10g",10.6647813738021,2.82920747252369,5.9596934444023,17.6781378046059,24.8571553567038
51100,"10g-100g",1.13238334712105,0.620970616444126,0.913058584272037,1.43853405561425,1.78521165551062
51100,"100g-1kg",3.02068383072485,1.40877395095671,2.47411144216149,3.64473353870882,4.70519948069216
51100,"1kg-10kg",2.88540128429284,1.57382245038389,2.4623333258794,3.29337155535014,3.7225474204562
51100,"10kg-100kg",0.145385133914101,0.0928366273977438,0.126283707490106,0.166822717667296,0.242894039509923
51100,">100kg",2.34097510022862,0.941906553788405,1.76870560113626,5.2842355801869,19.1749799513281
51465,"1g-10g",10.6961082186662,2.86917362208841,5.98441655036257,17.623539714567,24.8072976761938
51465,"10g-100g",1.12872412677615,0.620667593367154,0.912867883147221,1.44004009110635,1.78747575132639
51465,"100g-1kg",3.03125007094357,1.42573228055365,2.48203526218908,3.65449742405708,4.72356580536878
51465,"1kg-10kg",2.87811147249107,1.56964259330025,2.45701788095645,3.29134774721421,3.71921157593774
51465,"10kg-100kg",0.144848974474458,0.0925547446038632,0.125661446744772,0.166541199347755,0.242661879034655
51465,">100kg",2.33968165036602,0.941330290150736,1.76699303333448,5.27884539119761,19.1518988744221
51830,"1g-10g",10.7489403748796,2.84739496310905,5.94004301968678,17.7322932297698,24.9578331747895
51830,"10g-100g",1.13329862832189,0.625340339376088,0.913957286495715,1.4473823326912,1.7938774585674
51830,"100g-1kg",3.05390076964454,1.45425217151992,2.49604675501564,3.6815552395197,4.75294659764322
51830,"1kg-10kg",2.87403957361434,1.56781488111192,2.4507513447827,3.28512003550084,3.71823811868804
51830,"10kg-100kg",0.144328593789853,0.0926240186967571,0.125076256034475,0.166307732805411,0.242525197949067
51830,">100kg",2.3383691687737,0.940667843514456,1.76571510819235,5.27348928668511,19.1288847244461
52195,"1g-10g",10.9628559412115,2.89319568941087,6.06616456759898,17.962003657848,25.1614910176561
52195,"10g-100g",1.15583315904056,0.640814157735228,0.932855485958802,1.46650640568231,1.81142190909195
52195,"100g-1kg",3.0917111023441,1.49703409879982,2.53514033914058,3.71555067304915,4.78679513695103
52195,"1kg-10kg",2.8693131832503,1.56814483152625,2.44430824802407,3.2797840763327,3.71579387486726
52195,"10kg-100kg",0.143943008296133,0.0923942229330183,0.124732133362519,0.166090653063079,0.242661799662209
52195,">100kg",2.33541972649484,0.940469243450848,1.76480683380707,5.26839565616038,19.1059328827954
52560,"1g-10g",10.9138974722482,2.88775377633034,6.07252565968838,17.9007909715724,25.1008473823258
52560,"10g-100g",1.14429058874541,0.633792020936871,0.928058083116087,1.46167727095432,1.8083056812883
52560,"100g-1kg",3.11740051122976,1.50167413408006,2.55926465103111,3.75314782324347,4.82734465842524
52560,"1kg-10kg",2.86489543910255,1.56997940646054,2.44009515283867,3.27892379990802,3.71683933636108
52560,"10kg-100kg",0.143962054794377,0.0926059546242576,0.124693094187754,0.166033057488727,0.242587193886109
52560,">100kg",2.33044438618834,0.939830327019181,1.76431253594276,5.26310635371734,19.0829468163294
52925,"1g-10g",10.8492828519039,2.85094076213815,5.98377461495835,17.7248990319586,24.9316763999684
52925,"10g-100g",1.12853668681087,0.62291759856293,0.914179703582562,1.44700942871032,1.79348016487899
52925,"100g-1kg",3.12968693887265,1.47357882621051,2.5588659779685,3.7673613358655,4.8459527010645
52925,"1kg-10kg",2.86262964287243,1.57161726409594,2.43835843019144,3.28105907380006,3.71810644062554
52925,"10kg-100kg",0.143972318102175,0.0928198042199735,0.124876771840953,0.166085027601901,0.24263155961426
52925,">100kg",2.32952309056803,0.939229589472788,1.76378513767673,5.2577565369512,19.0599007445136
53290,"1g-10g",10.667432922775,2.75718168311665,5.83848041145319,17.6068415127082,24.9067767491921
53290,"10g-100g",1.11297961960687,0.610402890399274,0.896124273857722,1.4311964070268,1.78289721126053
53290,"100g-1kg",3.1164827928379,1.43453089331087,2.54296784789981,3.75390365979583,4.83860443893692
53290,"1kg-10kg",2.86204490734368,1.57257001211569,2.4384650820319,3.28224220709138,3.72197603214818
53290,"10kg-100kg",0.144119783559003,0.0930335287208053,0.125063683204624,0.166273593130952,0.242650561092826
53290,">100kg",2.32855853470823,0.938354197283126,1.76317901009289,5.24935646797334,19.0367964590508
53655,"1g-10g",10.5969841429567,2.71144619106958,5.79475531862033,17.4637561222089,24.7951203572204
53655,"10g-100g",1.11042096677995,0.605775057184204,0.890674371362266,1.41938167235228,1.77669649091694
53655,"100g-1kg",3.07776602546027,1.40368143056493,2.50549442875929,3.71655885469994,4.79816359916014
53655,"1kg-10kg",2.85906236389536,1.56892975218211,2.43455750207763,3.28097986440091,3.72026430366528
53655,"10kg-100kg",0.14397323190338,0.0925665600494476,0.1247203954448,0.1659644645214,0.242567642811193
53655,">100kg",2.32787006735104,0.938240279583993,1.76256023169815,5.23899982468191,19.0136190377377
54020,"1g-10g",10.7179647344881,2.72294919190433,5.87300025612597,17.51152626092,24.8351487843069
54020,"10g-100g",1.12445298638972,0.613524351953213,0.90100601524933,1.42516953412393,1.77718819372353
54020,"100g-1kg",3.03955642614548,1.38422799282937,2.47877509207403,3.68220605325675,4.76558889004991
54020,"1kg-10kg",2.85590451981479,1.56333425317745,2.43071733412035,3.27988271946763,3.7189137747644
54020,"10kg-100kg",0.143552941194121,0.0915859512681206,0.124421266242027,0.165540113420767,0.243139430767772
54020,">100kg",2.32655097601361,0.93811483323179,1.76154713058985,5.23107267975338,18.9904407320764
54385,"1g-10g",11.0327121010885,2.84842815828815,6.12244700231752,17.8933847263664,25.1401666321374
54385,"10g-100g",1.15945940438191,0.639099296159177,0.934604781052803,1.46038461039818,1.80083924928107
54385,"100g-1kg",3.04515864477905,1.43333196497599,2.49468928075549,3.68323282132438,4.75202719417984
54385,"1kg-10kg",2.85418845515106,1.56005253597155,2.42848014251931,3.27972654791378,3.72174736486595
54385,"10kg-100kg",0.143323597133146,0.0912936758725747,0.12422699664977,0.165348746586735,0.242943869224147
54385,">100kg",2.32295660290872,0.937879098104855,1.76023093202104,5.22563501296279,18.9674400826004
54750,"1g-10g",11.1762078050997,2.93738767579486,6.26212908780815,17.9946944994456,25.1227358079158
54750,"10g-100g",1.16360129793443,0.647648179716656,0.947288197132445,1.47156146297675,1.81593599023475
54750,"100g-1kg",3.08676237240051,1.47846590878084,2.53141772856087,3.71188175521368,4.76301971116761
54750,"1kg-10kg",2.85279892342838,1.55759294145848,2.42663537905901,3.27864520652116,3.72297591786248
54750,"10kg-100kg",0.143365751883163,0.0913188065345169,0.124256765750909,0.165419017229863,0.243487422537368
54750,">100kg",2.31938795529368,0.937501933228647,1.75893656673871,5.22029764022535,18.9445559077805
55115,"1g-10g",11.0934959392525,2.96167809189812,6.25104352076454,17.7815875468264,24.8301975411124
55115,"10g-100g",1.14682193875299,0.63736900951577,0.938368850968118,1.4620514108911,1.80047264779956
55115,"100g-1kg",3.11736516195408,1.48221033831134,2.55946400769401,3.74045059607081,4.78592172507487
55115,"1kg-10kg",2.85153306487483,1.55540067525923,2.42440010713459,3.27701435780134,3.72428200484833
55115,"10kg-100kg",0.143390972551612,0.0914562300147364,0.12428724659798,0.165266182691943,0.243736949797088
55115,">100kg",2.31617521165656,0.937349955668532,1.75775590690802,5.21509369517622,18.9216911191882
55480,"1g-10g",11.0351502090727,2.97455503267941,6.31829559357935,17.7699765639963,24.7401596838171
55480,"10g-100g",1.16027283676055,0.64666111218174,0.946971309637671,1.46683606460532,1.7995132972933
55480,"100g-1kg",3.13464643275033,1.4830530736193,2.58455025119939,3.76433199904925,4.79433812665042
55480,"1kg-10kg",2.85206848992912,1.55417274504351,2.42076824715284,3.27358242677444,3.72250799079832
55480,"10kg-100kg",0.143192094058083,0.0913775009126332,0.12430014010797,0.164939002431372,0.242985394897012
55480,">100kg",2.31409686446942,0.937933065866842,1.75678048654828,5.21016403530466,18.8988130668277
55845,"1g-10g",11.2248978973562,3.05805816329093,6.53431237985296,17.9372116169254,24.8098148175781
55845,"10g-100g",1.1825126682074,0.664915119012696,0.968851897604244,1.48877103034894,1.81652275805139
55845,"100g-1kg",3.17665831544011,1.53806208349171,2.62478390152354,3.79704496559858,4.81303163349139
55845,"1kg-10kg",2.85601973129055,1.55772533025625,2.42283370004261,3.27467634386983,3.72643546108857
55845,"10kg-100kg",0.143626067586458,0.0918119483089772,0.124759602377841,0.165000642594082,0.243632915737011
55845,">100kg",2.31403188414922,0.938168307341398,1.75588365021861,5.20516581170503,18.8760089079238
56210,"1g-10g",11.3297058145599,3.11933702927604,6.63744454836517,18.043894426538,24.8027407190807
56210,"10g-100g",1.17879239754091,0.666107723230713,0.972612309588996,1.49283293415437,1.82506189861928
56210,"100g-1kg",3.22952551982247,1.59649383569888,2.66980852036693,3.84332350590184,4.83888013045163
56210,"1kg-10kg",2.86366041642495,1.56570967166499,2.43144438027111,3.28182076224233,3.72962606285849
56210,"10kg-100kg",0.14446440427239,0.0929115926407408,0.125704883245225,0.165675320637307,0.244033507328509
56210,">100kg",2.31399920918559,0.937887808955296,1.75503234465683,5.20005376742549,18.8532989853108
56575,"1g-10g",11.2619497034133,3.17074365572366,6.62362657701218,17.8966304145088,24.4878727533542
56575,"10g-100g",1.17086683488487,0.662292564220057,0.965677959860523,1.48735858680398,1.81991252637321
56575,"100g-1kg",3.271877416154,1.62406973787861,2.71087518926395,3.88877757215567,4.86224625863716
56575,"1kg-10kg",2.87529140264048,1.57555281987637,2.44241234308356,3.2887299804085,3.73249536876181
56575,"10kg-100kg",0.145465985339752,0.0938491963062694,0.126805351638491,0.166200899745636,0.244177540379144
56575,">100kg",2.31200590837078,0.938352502734337,1.75471714378301,5.19527731785507,18.8306398657082
56940,"1g-10g",11.1513210624188,3.14184322955527,6.54403119264913,17.7221628990367,24.2654501679074
56940,"10g-100g",1.15775021922779,0.657997596489782,0.955584132788768,1.47528933240257,1.80665872672321
56940,"100g-1kg",3.28109670650614,1.60630130990348,2.71941687647219,3.89606805870762,4.8774074951104
56940,"1kg-10kg",2.88645596214376,1.58605976794271,2.45550818891278,3.2956089919687,3.73396274344592
56940,"10kg-100kg",0.146407074233657,0.0948257192557584,0.12791367554065,0.167003136967428,0.244383480017241
56940,">100kg",2.30663216501746,0.938670391842065,1.7545450090926,5.1904227126513,18.8079537238469
57305,"1g-10g",11.1137436518624,3.14746498771705,6.55612021220451,17.6901786422616,24.2482467390436
57305,"10g-100g",1.16205926758006,0.660431503934399,0.956908981879786,1.48105508670565,1.80629788243273
57305,"100g-1kg",3.28914983778141,1.61152595872185,2.72752760542956,3.90080899143898,4.87070744806727
57305,"1kg-10kg",2.89575089026335,1.59708313306397,2.46666167940957,3.3019171117099,3.73996996981128
57305,"10kg-100kg",0.147219445650683,0.0952515468290754,0.12903663395876,0.167741975815584,0.244742616876426
57305,">100kg",2.30219502314565,0.939359019415603,1.75449529857057,5.18572158626458,18.7853120039614
57670,"1g-10g",11.086390356601,3.16779437823568,6.58822364115038,17.6243413476182,24.2138418896024
57670,"10g-100g",1.15714561876657,0.657496280157038,0.954090241118287,1.47326044928274,1.80051739911605
57670,"100g-1kg",3.27133175762952,1.59359311309092,2.71738980694338,3.88962943837003,4.85527452057236
57670,"1kg-10kg",2.90739992446963,1.6076039969376,2.48062270075688,3.30579439505759,3.74604798550657
57670,"10kg-100kg",0.148085770972662,0.0959406185200419,0.129927095494731,0.168490106540386,0.245214851344941
57670,">100kg",2.29766652351266,0.939639223780738,1.75448050772136,5.1808727121871,18.762697952849
58035,"1g-10g",10.9943707223941,3.10733916841922,6.4943415410246,17.5549848717639,24.1386691521246
58035,"10g-100g",1.13667242879355,0.645879567680769,0.934855812109142,1.45773844224735,1.78738473170266
58035,"100g-1kg",3.24109484385037,1.55245836529129,2.68794856253657,3.86028946005303,4.84306309948856
58035,"1kg-10kg",2.91950324489205,1.61860676597441,2.49500861715507,3.31444087259524,3.74954266342843
58035,"10kg-100kg",0.148894660681747,0.0966289960197011,0.130724940590024,0.169433468956626,0.24590301195272
58035,">100kg",2.29488859525469,0.939316757669235,1.7540606121282,5.17580158265504,18.7400982374516
58400,"1g-10g",10.7636482918133,2.99386651891506,6.20822690893001,17.2963445885021,24.0027920736722
58400,"10g-100g",1.10566797476267,0.625219115818384,0.904063896817086,1.43384393257942,1.76821320039255
58400,"100g-1kg",3.20126076831775,1.51920151474769,2.63822469647979,3.82415607614563,4.82444199928014
58400,"1kg-10kg",2.92657682844547,1.62815060413056,2.50624964336174,3.32106643710977,3.75235763391681
58400,"10kg-100kg",0.149548343270096,0.0972297821431152,0.131095696767678,0.170205047777728,0.246863142008879
58400,">100kg",2.29274756902155,0.938528517455861,1.7539889375311,5.1705837550941,18.7175464987758
58765,"1g-10g",10.70638087567,2.9143584266145,6.05588459574292,17.3060155238581,24.2104999752207
58765,"10g-100g",1.10238189976562,0.619368839257278,0.893265612314966,1.42643715001799,1.76497555617238
58765,"100g-1kg",3.13895802029662,1.48042783095354,2.57697068628965,3.76241281372899,4.78568469922874
58765,"1kg-10kg",2.92937670607692,1.63363503274925,2.51159528083539,3.32379934364084,3.75029718995019
58765,"10kg-100kg",0.149588966023013,0.0977987656363069,0.131189106833153,0.170578546579712,0.247465291786883
58765,">100kg",2.29019828938744,0.938056276434412,1.75396827806424,5.16552921818149,18.695036916957
59130,"1g-10g",10.5052606816405,2.77649305169018,5.84349331358793,17.2914302796036,24.403503732102
59130,"10g-100g",1.08973277305718,0.60745446813491,0.877733372745592,1.41531957974163,1.76181947206493
59130,"100g-1kg",3.07182247733657,1.43889394562716,2.51072587353949,3.69774251061296,4.75860079826359
59130,"1kg-10kg",2.93074882265457,1.63460453222154,2.5116509705718,3.32231237889531,3.74892211417098
59130,"10kg-100kg",0.149344968933906,0.097607879933784,0.130763024003333,0.170773085063926,0.247720916333954
59130,">100kg",2.28771268907093,0.936985481835456,1.75389196281152,5.16021164096572,18.6725150775683
59495,"1g-10g",10.580757522151,2.79388668098968,5.9092437660795,17.3294637102074,24.5808564763921
59495,"10g-100g",1.11256720492755,0.616001889284281,0.888951685865857,1.4214291220938,1.76545174734091
59495,"100g-1kg",3.02070814657498,1.40802458839347,2.460138835845,3.64315403481875,4.71331361912805
59495,"1kg-10kg",2.92323030433157,1.6282706987948,2.5023960878487,3.31632778508303,3.73920643606181
59495,"10kg-100kg",0.148192710350184,0.0967638050200006,0.12957946276283,0.16972424808242,0.247066621405295
59495,">100kg",2.28518494161384,0.937351352146917,1.75378668333966,5.15547795894699,18.6500026987916
59860,"1g-10g",10.8928222799408,2.91602075701458,6.11594480481332,17.706395168664,24.957117432331
59860,"10g-100g",1.15429674159703,0.640641999143605,0.923094500245349,1.45692365482703,1.79400781368058
59860,"100g-1kg",3.00526086558027,1.43622187633984,2.46012748673635,3.6185169422233,4.69898539584088
59860,"1kg-10kg",2.91332926745612,1.62122827331998,2.49356424439951,3.3123366258227,3.73097558506445
59860,"10kg-100kg",0.147029074290057,0.0960313244016229,0.128282287823735,0.168728536746637,0.246650072153316
59860,">100kg",2.2826108216562,0.937274828471319,1.75358866539027,5.15062750606312,18.6275635205246
60225,"1g-10g",11.026982704266,2.98477614041686,6.27081165522744,17.8600583410506,24.9954436068542
60225,"10g-100g",1.15130669801199,0.647077711948381,0.934480720172048,1.45970373657412,1.80058890493315
60225,"100g-1kg",3.02524908378312,1.44948044256997,2.47260630384683,3.64382337166694,4.72794794456956
60225,"1kg-10kg",2.90261501948817,1.61331199368635,2.48187383991977,3.30411445842371,3.72286022589352
60225,"10kg-100kg",0.14596466991701,0.0954587628737827,0.127247795838385,0.167673802115286,0.24604336084258
60225,">100kg",2.27991959303644,0.936746085375452,1.75315310175881,5.14562783414016,18.6051401686581
60590,"1g-10g",10.9931277170729,3.04379364349741,6.25307731120809,17.6975815028847,24.7485720891772
60590,"10g-100g",1.13776298880241,0.635344610380998,0.924818187355615,1.44763973046688,1.79209471174909
60590,"100g-1kg",3.04497631801811,1.44778269871528,2.49051794502476,3.67110451811228,4.75847285595197
60590,"1kg-10kg",2.89050408815991,1.60394526754092,2.47192548118591,3.2958117197632,3.71509554737127
60590,"10kg-100kg",0.144979025933229,0.0944386567956503,0.126055632220725,0.166650252654091,0.245775650205404
60590,">100kg",2.27715766999153,0.936392524346965,1.75252710577038,5.14070534663096,18.5826723906063
60955,"1g-10g",10.7415277985991,2.8996204572837,5.98906596888401,17.5213848965472,24.6799758755485
60955,"10g-100g",1.11100515408368,0.617250799306123,0.89771966081061,1.43032139967439,1.77473843079527
60955,"100g-1kg",3.04604700986601,1.41762152875126,2.48899466905257,3.67571221493763,4.77269900071822
60955,"1kg-10kg",2.87874798938684,1.59501910365675,2.45929323493101,3.28927499725133,3.70989862299564
60955,"10kg-100kg",0.144169676861701,0.093778570639682,0.124955231667529,0.16619610721193,0.245575867847438
60955,">100kg",2.27421219658033,0.935361956680756,1.75163493153092,5.13543047849864,18.5601112314746
61320,"1g-10g",10.6747660928117,2.84178640667906,5.90899656129656,17.5161631193639,24.8174975482091
61320,"10g-100g",1.11348142289237,0.617381827752972,0.894519564463851,1.42952331878829,1.77472412761018
61320,"100g-1kg",3.03680582316664,1.41391765708014,2.479897676618,3.67132550033495,4.77092895967835
61320,"1kg-10kg",2.86571991647836,1.58662935452673,2.44630379382873,3.28183970738378,3.70534912469928
61320,"10kg-100kg",0.143605997274116,0.0928955345105297,0.12446045165943,0.165488869468933,0.245625819245215
61320,">100kg",2.27113812047668,0.934813480835792,1.75061626543148,5.13029787184969,18.5283328777047
61685,"1g-10g",10.9652900332852,2.8975445859252,6.08281882524153,17.8406185647401,25.2260392522276
61685,"10g-100g",1.14865992027321,0.64212383954626,0.923585570096038,1.46072998964821,1.80579980191993
61685,"100g-1kg",3.04883436457869,1.4526852152839,2.4898270811925,3.68003325189788,4.76697861021577
61685,"1kg-10kg",2.85715798639694,1.58036856993616,2.43591104346533,3.27367188971029,3.70166712457255
61685,"10kg-100kg",0.142828663272357,0.0924712471621529,0.123984717130578,0.164743454259306,0.245692426958493
61685,">100kg",2.26793655684893,0.934778598244577,1.7490937675697,5.12530378904457,18.4748315954868
