"Year","Species","n","min_t","q05_t","q25_t","median_t","q75_t","q95_t","max_t","ObsBiomass_t"
1841,"mesozooplankton",2111,5.65571873374334e-88,8127300.81240413,12233473.4198272,16838711.2500766,19847106.3377385,24111610.8514073,28263062.5172994,NA
1841,"other krill",2111,1171.00755172559,1300014.03629954,5003535.02514702,11180744.1860937,30456813.6827182,77983708.5392472,126548904.151754,NA
1841,"other macrozooplankton",2111,1443086.84217806,7468723.77587329,14306784.0631378,17830963.1043203,21706565.5307049,26917177.293973,36889170.2396202,NA
1841,"antarctic krill",2111,68472.1020951363,1544467.68590515,7058564.69244126,13332850.5351514,24202884.9203719,36031178.6604375,664533440.149034,NA
1841,"salps",2111,106830.819645507,450321.261205205,819523.108294416,1064448.59237071,1572828.39573248,2078846.58200607,2882077.68964274,NA
1841,"mesopelagic fishes",2111,8473.81536775268,506502.714653571,1320483.82258647,1816473.28957688,2688952.69911304,3648079.25281067,9168371.20499784,NA
1841,"bathypelagic fishes",2111,328308.646068812,1031998.83735144,1727824.3021822,2445417.63022186,3360069.75659849,4629411.16303158,13708158.707355,NA
1841,"shelf and coastal fishes",2111,1509954.01659243,2880167.14515118,4283268.79408822,4989104.35016986,5637917.52540384,6332608.47007144,23586677.9691172,NA
1841,"flying birds",2111,3944.91939911523,5422.84760717402,5942.32280582445,6013.33033397104,6097.1396217494,6255.30131095749,6560.01225558363,NA
1841,"small divers",2111,11122.6090292091,22254.8128897661,35042.543058318,37417.9404547608,40117.155231674,42404.9957940086,47452.6811601029,NA
1841,"squids",2111,51933.9982302502,98866.8072135539,126501.984449502,144799.766773748,170485.670253282,305018.451480218,434794.185702428,NA
1841,"toothfishes",2111,1456.06630992214,197388.256430794,713764.311927157,1079970.51029402,1394167.27906076,1850319.35206518,4181034.87708745,NA
1841,"leopard seals",2111,93.1296298259286,1952.44633459088,2698.39556104644,3374.68736082895,3838.31628937892,4709.79813784195,18926.5073374559,NA
1841,"medium divers",2111,35327.943459812,165404.864878888,274903.762576185,409125.828547153,591544.880772393,807438.996107014,1290774.9699862,NA
1841,"large divers",2111,627.12581885408,6273.72151323492,11040.3046570082,18171.9375109476,36697.3517256274,166079.270949244,2347345.67647232,NA
1841,"minke whales",2111,248.744625624293,8070.8215974627,14253.922691239,25845.9429452391,59579.568903995,15240979.1671829,160766190.827755,NA
1841,"orca",2111,5279.15377226589,7269.13632085861,8480.00096393982,8981.66587763809,9954.41242857043,17172.1328058137,263635.713916324,NA
1841,"sperm whales",2111,11433.2886480513,14912.8584163055,20080.8564291601,23675.2906324402,98449.8399482942,2393071.39002521,11942150.9044231,NA
1841,"baleen whales",2111,113966.658486964,179467.313471679,805815.673579874,811216.64393007,3002093.73369197,17212777.2516244,100762146.937964,NA
1842,"mesozooplankton",2111,5.551560508446e-90,10167009.3911685,13634569.1830034,18259827.5335475,21270882.4225846,25552915.1647879,30108101.0303464,NA
1842,"other krill",2111,1146.80374928926,1462832.23876056,5656768.74895186,12206160.7066581,31673285.7106356,79273977.3285205,126861372.081372,NA
1842,"other macrozooplankton",2111,1501720.01028164,8051356.52003578,15452201.6385748,19532883.0082446,23514275.9642196,29632006.107972,38953951.5375007,NA
1842,"antarctic krill",2111,69933.9518781721,1597381.18225613,7316722.43529679,13811881.7628209,24451361.2879814,36476500.812911,681648633.025097,NA
1842,"salps",2111,108761.473214549,465334.278812956,841444.229143404,1087901.04273424,1583811.51664798,2087147.90090052,2881638.99819484,NA
1842,"mesopelagic fishes",2111,8290.32583728529,509818.181988318,1325118.9300701,1815595.40772411,2675010.6297365,3631218.5684172,9069866.68731783,NA
1842,"bathypelagic fishes",2111,322740.662730862,1030857.4692624,1723957.17056479,2432471.90402046,3338818.56334868,4608719.83695208,13462138.6427678,NA
1842,"shelf and coastal fishes",2111,1505397.11359854,2876746.17098698,4276216.92308554,4982653.89157562,5631605.06926851,6324819.24666015,23553503.164691,NA
1842,"flying birds",2111,3947.15627943187,5424.31434290945,5945.59751901204,6014.04394534568,6098.20013079297,6257.96345576725,6559.44482289852,NA
1842,"small divers",2111,11142.8034903501,22283.3791118501,35077.1459033578,37460.4765649685,40122.3445946214,42401.0531534819,47441.795729958,NA
1842,"squids",2111,51633.4885617819,98293.4415395152,126119.342594478,144530.101617094,170095.486660988,304664.117456315,434911.743154327,NA
1842,"toothfishes",2111,1444.71891167119,198253.49396625,714382.454772575,1080556.64109571,1394925.18775594,1850689.0731619,4230081.91885174,NA
1842,"leopard seals",2111,86.3560519885577,1951.41624213381,2697.11157004417,3374.91109731029,3836.61066910152,4714.20324480021,18789.5433249136,NA
1842,"medium divers",2111,33879.5358428843,165607.322217772,274654.599962797,409024.40253414,591022.710337959,807099.174097538,1287403.01890077,NA
1842,"large divers",2111,589.000794890274,6276.87285456701,11051.5649410334,18169.3261513207,36566.8536111912,165188.882564372,2333790.61914691,NA
1842,"minke whales",2111,219.076913238808,8070.97342379573,14258.7974998683,25824.4720762915,58935.3654761856,15187103.7137447,160232637.650073,NA
1842,"orca",2111,5288.10255802445,7273.99935555909,8481.62525197656,8981.26693688614,9952.38123952463,17150.5461867644,262942.346564852,NA
1842,"sperm whales",2111,11440.618549551,14918.0610326297,20076.8374224728,23665.1174309021,98302.3620070208,2388779.07763313,11920603.7449054,NA
1842,"baleen whales",2111,114050.159382494,179493.522473834,805040.889700884,810446.894856755,2998516.68588584,17191012.4559834,100633527.139596,NA
1843,"mesozooplankton",2111,5.16874993349296e-92,9853966.22991388,13685396.1887286,18115714.4574599,21083829.0578834,25218945.7261993,29684669.1103074,NA
1843,"other krill",2111,1163.40666147161,1545873.09626699,5791045.42869372,12256405.6818781,31267120.2681091,76410424.8162511,124016211.34984,NA
1843,"other macrozooplankton",2111,1617062.0801514,8638897.14990747,16293616.6706963,20141093.9693231,24371133.8311664,29855721.3138893,39556222.7395157,NA
1843,"antarctic krill",2111,72114.0853727772,1669032.13067341,7624733.48106431,14140001.8835982,24861369.4964509,36811878.1864838,723613105.343435,NA
1843,"salps",2111,112165.965020117,478108.908792546,860969.568545297,1106498.18544594,1596663.31412048,2098416.65778674,2887899.44510153,NA
1843,"mesopelagic fishes",2111,8466.94222094717,519323.225469454,1353301.36651369,1844425.40514369,2692286.3274338,3649855.14959499,8960425.88479095,NA
1843,"bathypelagic fishes",2111,325324.072232798,1051956.98777969,1739275.2229385,2449915.0051358,3358485.73512255,4619190.58922574,13235092.1981645,NA
1843,"shelf and coastal fishes",2111,1508610.19418158,2878677.61109352,4273112.5654276,4979171.75091193,5628629.03561185,6322183.411234,23515426.7445801,NA
1843,"flying birds",2111,3947.7481714419,5426.5966742617,5946.51446859726,6014.10337860341,6097.93887879258,6257.49491802678,6558.69393231656,NA
1843,"small divers",2111,11162.636018078,22311.9536496128,35121.3907122419,37512.8578052459,40133.4344626211,42399.1188303828,47432.502605799,NA
1843,"squids",2111,51395.9635627972,98074.6931056433,125791.314585966,144266.247769284,169802.909987442,304305.038293329,434902.759391693,NA
1843,"toothfishes",2111,1437.5889338136,198943.501247731,714567.057515187,1081660.03634633,1395520.66931592,1850967.38818792,4276009.6704138,NA
1843,"leopard seals",2111,79.7950773915393,1950.42073328865,2698.84266942046,3374.9212475281,3836.12243007101,4713.28156356514,18653.9366722824,NA
1843,"medium divers",2111,32425.9571307889,165845.43346987,274364.599813809,408973.91374903,590523.577439658,806685.827040475,1284053.35757119,NA
1843,"large divers",2111,551.206778642149,6277.26862578878,11058.7511372646,18167.3361658792,36508.7922523158,164431.664609932,2320302.35595936,NA
1843,"minke whales",2111,191.31939026767,8067.28479968846,14247.8140596489,25822.528059684,58572.8599078143,15133405.7413899,159700839.540952,NA
1843,"orca",2111,5296.87359555377,7278.66381333183,8483.08147286723,8981.06607284065,9950.19677066104,17128.6889994108,262250.865925623,NA
1843,"sperm whales",2111,11447.5250349074,14922.9316138761,20072.3954453934,23654.6929140723,98155.0897739657,2384494.05678694,11899095.2836682,NA
1843,"baleen whales",2111,114131.394149631,179518.421001314,804266.53541195,809678.183653579,2994943.734674,17169275.2019736,100505068.885605,NA
1844,"mesozooplankton",2111,4.4323999276485e-94,9169313.41478199,13088749.7354653,17612280.6759047,20721440.7588085,24928607.5035915,29197876.6273176,NA
1844,"other krill",2111,1044.00670875229,1542243.88872821,5449174.46851096,11563021.3340473,30222879.7943503,73722520.8084789,121635839.12756,NA
1844,"other macrozooplankton",2111,1688462.5391373,8640778.9842464,15932371.1081513,19328093.1401185,23559601.4185213,28772551.071484,38896358.8820804,NA
1844,"antarctic krill",2111,72692.9532515865,1696463.66804547,7651928.42406419,14244787.8725522,24813730.5062437,36646728.0065258,756146846.993749,NA
1844,"salps",2111,113919.783075292,478974.615034126,861021.480618802,1104762.6069533,1604792.80323045,2100718.20466494,2897294.57129801,NA
1844,"mesopelagic fishes",2111,8682.94360483633,525393.43589334,1373354.60124799,1871317.16038959,2719202.83052167,3682343.43690638,8884795.43646839,NA
1844,"bathypelagic fishes",2111,334070.402808319,1076077.05332501,1768927.3488687,2474639.86778671,3394984.13853335,4646818.27649174,13073854.3324105,NA
1844,"shelf and coastal fishes",2111,1521349.13322752,2887827.5518861,4278236.79664484,4986273.58972829,5632399.59676043,6326259.23858017,23620864.051592,NA
1844,"flying birds",2111,3946.90463639066,5424.8955642404,5945.41284419784,6013.67312146823,6097.87192983237,6256.39583788759,6557.86937786177,NA
1844,"small divers",2111,11169.9524019131,22309.4111699028,35142.2667896797,37534.9169054189,40133.7764803284,42393.7021510117,47424.1945445165,NA
1844,"squids",2111,51711.735999687,98269.0880739406,125827.929352574,144364.29397097,169910.319433923,304486.969445602,435023.495392131,NA
1844,"toothfishes",2111,1427.51549331426,199391.540599853,715463.812176329,1082880.66381214,1396208.11629145,1851343.94078507,4319451.68544129,NA
1844,"leopard seals",2111,73.4890685899362,1949.47447122462,2702.8817059111,3375.17913900993,3839.07458866419,4712.71576304523,18519.9079502797,NA
1844,"medium divers",2111,30980.3058150211,166206.845496257,273793.879863988,409111.204992305,590081.918492095,806283.148017481,1280736.86332614,NA
1844,"large divers",2111,513.748491000995,6279.46028021921,11052.7388020921,18166.7246907065,36223.3098503614,163678.771974684,2306881.99528449,NA
1844,"minke whales",2111,165.7494201376,8064.62376383458,14256.2281111075,25820.0098821024,58136.7109640898,15079884.1997172,159170783.429176,NA
1844,"orca",2111,5305.18793950271,7282.84563276359,8484.10560364614,8981.46913099107,9947.61196490317,17106.0953701778,261561.231899321,NA
1844,"sperm whales",2111,11453.6741360563,14927.0940463579,20067.5455981607,23642.012216925,98007.9093855524,2380215.83865881,11877625.2509382,NA
1844,"baleen whales",2111,114206.858458442,179540.228371458,803491.961514232,808910.604014917,2991374.41828292,17147565.0015012,100376768.327504,NA
1845,"mesozooplankton",2111,3.61010957775516e-96,7624976.1373116,11913767.0882428,16595295.264681,19619721.1499954,23812804.5339406,27908648.6513584,NA
1845,"other krill",2111,810.302519615607,1416900.49238372,4991941.5234824,10796012.2895895,29516241.4156171,73671409.3501457,121293505.168271,NA
1845,"other macrozooplankton",2111,1615010.96840284,7864986.74552848,14674522.6219957,17827334.4713028,21881515.3672757,26855714.3973067,37067799.7464135,NA
1845,"antarctic krill",2111,70288.300903163,1643756.72012875,7405514.04653095,13796447.7979221,24417706.1305376,36231852.5931288,750200727.402625,NA
1845,"salps",2111,112367.163251487,466526.199095293,839822.926326161,1084976.78978877,1589605.56044707,2089517.98540564,2894592.37831001,NA
1845,"mesopelagic fishes",2111,8505.79478857816,518483.940545682,1356557.43832717,1858625.03798327,2718140.80906618,3683976.2447822,8834078.96436547,NA
1845,"bathypelagic fishes",2111,336660.183186205,1064793.94831961,1758489.51186261,2477794.54263785,3392106.95108504,4656226.8216479,12969227.3826339,NA
1845,"shelf and coastal fishes",2111,1520386.99139007,2886093.36008669,4277014.7768158,4986757.64553429,5632422.73457057,6326434.85158297,23856211.0044668,NA
1845,"flying birds",2111,3944.94828729888,5423.61439042662,5942.51593754048,6012.39328982822,6096.64195436102,6254.69610844707,6556.89747998015,NA
1845,"small divers",2111,11139.8107705626,22266.6974366821,35108.6494144877,37489.5041944613,40117.6610780911,42379.0199085017,47411.567497062,NA
1845,"squids",2111,52094.8499523254,98420.5901511752,125869.263203886,144492.228625,170062.51522747,304620.168998456,435115.869298442,NA
1845,"toothfishes",2111,1407.10017521148,199743.019590304,717494.15477179,1083188.13943697,1397222.92743391,1851659.03015883,4360780.473273,NA
1845,"leopard seals",2111,67.3489788828759,1948.43983038042,2706.99645995591,3376.06943074326,3841.34521574215,4712.20722786168,18387.1355047309,NA
1845,"medium divers",2111,29505.5660116683,166599.925290921,273673.616076887,409152.45080715,589200.549302079,805881.494167524,1277439.58912189,NA
1845,"large divers",2111,476.113845950005,6283.6154361587,11034.3958726639,18165.7088605968,36162.8355155014,162929.25157188,2293526.94271751,NA
1845,"minke whales",2111,141.990491486874,8054.67305192102,14246.8973525665,25824.7321711289,57900.1024286028,15026537.4843404,158642462.11492,NA
1845,"orca",2111,5313.35565720559,7286.88249988395,8485.03223812922,8981.85222003745,9944.95062932446,17083.3966645824,260873.47034226,NA
1845,"sperm whales",2111,11459.5024282997,14930.9635933287,20062.5518115733,23630.4715145327,97860.9023201752,2375944.93779116,11856193.8702062,NA
1845,"baleen whales",2111,114276.243576703,179558.682542909,802717.254289398,808144.012683416,2987808.69245347,17125881.5990237,100248624.636421,NA
1846,"mesozooplankton",2111,3.17761634207181e-98,8678895.31801552,12464499.4092671,17098947.1860882,20350556.8825607,24734063.7588401,29121399.1968281,NA
1846,"other krill",2111,615.474641002381,1344057.83235968,5066604.16281592,11178701.1193507,30220856.7994009,76368612.8463986,123643587.620136,NA
1846,"other macrozooplankton",2111,1572749.31955356,7594249.10629665,14591705.0816459,18200760.6876989,22190700.5007785,27874612.3896429,37767263.0499635,NA
1846,"antarctic krill",2111,68694.9906883627,1615073.17489958,7286776.01307629,13648562.0287863,24330735.3608834,36156130.3453271,726279711.382181,NA
1846,"salps",2111,111281.487589878,461956.724435784,834890.462897673,1082062.35718301,1586992.85097342,2088331.6078508,2894024.47408574,NA
1846,"mesopelagic fishes",2111,8266.08351454597,518158.412192949,1351322.63888948,1851717.4572315,2711905.33346701,3673354.50995869,8790505.26135723,NA
1846,"bathypelagic fishes",2111,335375.553483658,1065302.98130591,1757702.99412974,2472023.07187714,3385449.89614798,4649523.07902977,12897142.8118185,NA
1846,"shelf and coastal fishes",2111,1526388.77144286,2890846.65172122,4277373.66301629,4988762.29250454,5631042.84222004,6325303.06493818,24055268.0043534,NA
1846,"flying birds",2111,3946.06182171808,5424.71045833099,5944.4987988332,6013.34173816874,6097.06938620202,6254.44767933949,6556.26665687153,NA
1846,"small divers",2111,11149.2695180525,22267.7459751298,35121.0061930813,37486.0314145594,40119.5062756331,42375.7388376756,47400.7133371986,NA
1846,"squids",2111,52287.9209372565,98549.8612468882,125891.352471334,144523.698727285,170032.120600775,304816.192050836,435334.348942868,NA
1846,"toothfishes",2111,1391.07673625909,200018.384286107,719827.424403874,1083554.11436472,1397757.60229515,1852029.58783539,4400327.74530223,NA
1846,"leopard seals",2111,61.4477618491945,1943.7530585298,2710.41301819245,3376.65509916977,3841.95974282671,4711.79481669222,18255.813364511,NA
1846,"medium divers",2111,28044.4368268107,166882.222114131,273494.665881956,409013.619594739,588657.549725284,805476.137685065,1274143.35834305,NA
1846,"large divers",2111,440.218043592785,6286.80054166693,11015.0873082726,18164.9184468444,36004.1588865789,162183.55644477,2280237.80139069,NA
1846,"minke whales",2111,120.049577808044,8051.12934743757,14242.6863088221,25828.2698601436,57591.673223628,14973368.8203246,158115899.913328,NA
1846,"orca",2111,5321.84922988107,7291.2698799745,8486.33033741261,8982.3809237559,9942.65218737264,17061.4185181136,260187.62736789,NA
1846,"sperm whales",2111,11466.3828405968,14935.654709383,20058.0992898941,23620.0968619146,97714.4092452529,2371682.89375313,11834801.7658645,NA
1846,"baleen whales",2111,114356.51722621,179583.305732714,801942.01805426,807378.298722439,2984249.45086809,17104227.5956255,100120658.242415,NA
1847,"mesozooplankton",2111,2.85948375008502e-100,6628763.00542436,11215593.9761737,16138738.4076496,19358569.5554713,23757756.9359632,27978729.8006993,NA
1847,"other krill",2111,453.779807210657,1234440.44409238,4779374.55296532,10869812.3990004,30312022.684976,76709365.8892745,126422793.909903,NA
1847,"other macrozooplankton",2111,1465136.33325213,7352301.11606889,14267188.0498722,17878975.0363072,21668294.758105,26931310.640044,37466896.8830343,NA
1847,"antarctic krill",2111,65097.000602086,1548976.91497412,7045186.93176021,13347924.3053417,24296073.6599817,36147161.1329736,676137070.986965,NA
1847,"salps",2111,107134.91004715,445820.625486935,816743.132983597,1063306.57543343,1576886.03091023,2084873.77594944,2893562.25821583,NA
1847,"mesopelagic fishes",2111,7881.23983611849,507046.200440176,1334729.50680007,1830903.32686368,2698937.39402835,3661546.30999164,8726422.57971737,NA
1847,"bathypelagic fishes",2111,330259.37907851,1052652.82088394,1743823.10275564,2459583.67555111,3373095.39539137,4645647.7690766,12821295.2698273,NA
1847,"shelf and coastal fishes",2111,1535221.5065765,2889380.72317765,4280463.62453487,4989553.40913489,5630875.88536901,6326487.84030531,24220183.7584949,NA
1847,"flying birds",2111,3943.90583731896,5423.72043270963,5941.26060240659,6011.92391070192,6095.82273249497,6252.42889153843,6555.26523058167,NA
1847,"small divers",2111,11114.1643400476,22199.8833893702,35048.1673527034,37418.3581905721,40117.4582638621,42365.253214904,47389.8965476447,NA
1847,"squids",2111,52963.995096188,98770.3239102655,126156.272926835,144708.984439283,170425.165316898,305004.614786047,435633.233865145,NA
1847,"toothfishes",2111,1366.98259296305,199717.922086005,721576.633782819,1084175.09448829,1398220.22896278,1852405.781917,4438333.94527154,NA
1847,"leopard seals",2111,55.8304380936197,1942.69036651031,2711.07447125994,3378.14193389333,3842.64605126352,4711.47453112223,18125.8419849707,NA
1847,"medium divers",2111,26561.4475052841,167038.371466452,273860.044934317,409063.776329821,588102.858847934,804758.672932865,1270888.04559428,NA
1847,"large divers",2111,403.963740664969,6286.635779911,11002.3622368063,18160.3893705513,35812.3628964375,161406.602217094,2267014.59249229,NA
1847,"minke whales",2111,100.526600922788,8048.90316549061,14259.3884572915,25841.6329993313,57276.2589479059,14920373.3197416,157591051.722075,NA
1847,"orca",2111,5329.61381858022,7294.91315063988,8486.94184063049,8982.65422353095,9939.72256590001,17038.3095315935,259503.569665896,NA
1847,"sperm whales",2111,11471.6954842779,14938.9459291993,20052.7931015081,23608.7967864737,97567.7701871137,2367426.90424138,11813447.4442368,NA
1847,"baleen whales",2111,114424.796382713,179601.24154763,801164.542209599,806613.760097841,2980692.74021329,17082599.5593734,99992841.2562698,NA
1848,"mesozooplankton",2111,2.63952087642886e-102,9092087.81265204,12824109.965981,17449062.6785752,20594498.8024632,24980182.8914392,29452254.0705105,NA
1848,"other krill",2111,375.520903533016,1264817.47359676,5098372.48842712,11330687.4304349,31164263.4526213,79937030.0276025,129035255.953323,NA
1848,"other macrozooplankton",2111,1437375.40414128,7607502.0665027,14734942.1215722,18379003.3938549,22422714.4218044,28086287.2191744,37836624.115452,NA
1848,"antarctic krill",2111,64152.5678891165,1535761.60905292,7080881.74075693,13491600.5400965,24396392.3530028,36426319.1378802,649101184.796787,NA
1848,"salps",2111,106234.289944472,450460.115760891,823922.561232924,1076901.36603291,1580812.84366154,2091431.1691236,2890886.70972566,NA
1848,"mesopelagic fishes",2111,7589.39270991003,504646.182976424,1327898.0197902,1825609.75500237,2688978.04939106,3640531.112697,8615360.72510409,NA
1848,"bathypelagic fishes",2111,323384.292794943,1038767.06854386,1736685.31167378,2445249.24609242,3361595.59991814,4631524.7765349,12680352.8371914,NA
1848,"shelf and coastal fishes",2111,1534089.94817006,2887667.94491194,4275226.93703873,4988269.44756478,5626412.8943602,6322459.76585644,24326585.4951997,NA
1848,"flying birds",2111,3945.68490533077,5424.92187368681,5944.16828711903,6013.20882343449,6096.65014170927,6252.69102769696,6554.6357993972,NA
1848,"small divers",2111,11123.1278844836,22209.4495847175,35062.3342571913,37437.6856903774,40113.5925375165,42361.6416696643,47378.2423423213,NA
1848,"squids",2111,52799.2214599691,98682.5242608192,125944.876999341,144439.979692999,170094.76567618,304744.055154943,435825.993958903,NA
1848,"toothfishes",2111,1352.80543479526,200082.779033499,722566.133673201,1084363.88292114,1398406.43961941,1852581.73443347,4474343.44003643,NA
1848,"leopard seals",2111,50.3579814330038,1941.81968191135,2711.5696921617,3378.22439125176,3841.74479085929,4711.62844989291,17996.9588566846,NA
1848,"medium divers",2111,25056.3495115578,167204.842796689,274043.841818951,409023.215789682,587550.015663887,804516.034438137,1267612.44979238,NA
1848,"large divers",2111,369.195627300792,6283.7173554705,10998.1527686859,18158.7547160043,35751.3943800512,160579.795501755,2253854.22355491,NA
1848,"minke whales",2111,82.4805486559286,8045.77763807318,14253.5047035687,25833.7540630956,56960.9086186149,14867555.0448241,157067960.356206,NA
1848,"orca",2111,5338.22045621084,7299.45741879496,8488.44996105254,8983.26512874048,9937.65822708066,17016.8670838768,258821.48202761,NA
1848,"sperm whales",2111,11478.8223840454,14943.4510524893,20048.5323164704,23598.6769498828,97421.90620257,2363180.70396048,11792132.8109312,NA
1848,"baleen whales",2111,114507.948052259,179627.155191928,800391.278022082,805849.89818735,2977143.01268546,17061001.2683644,99865205.0868329,NA
1849,"mesozooplankton",2111,2.4410405023778e-104,8172021.73061778,12436584.3977847,16990767.0644455,20080610.7138857,24315781.2093015,28653748.3259844,NA
1849,"other krill",2111,338.075527427484,1315362.49308667,5171677.18547091,11464032.3272199,31059739.7505781,78816951.6826595,127304850.140895,NA
1849,"other macrozooplankton",2111,1457681.79330487,7927643.80356678,15150876.882068,18900556.81426,22856962.4498213,28263047.5354363,38003758.5696679,NA
1849,"antarctic krill",2111,63468.0521689843,1537236.28732669,7180293.92329966,13718211.2428357,24550963.0274162,36645917.3247607,643813992.618678,NA
1849,"salps",2111,105944.111136982,456425.452890987,835781.36938963,1090921.93239183,1590253.53072524,2096878.53044207,2890777.45090625,NA
1849,"mesopelagic fishes",2111,7506.37583478146,509480.004780817,1344512.10507516,1837815.16465215,2690312.28056105,3643828.20768038,8481756.20088584,NA
1849,"bathypelagic fishes",2111,320660.572255335,1045301.2078062,1744247.45170215,2453156.54559739,3366924.03807009,4632864.99875679,12495708.2531931,NA
1849,"shelf and coastal fishes",2111,1536238.5086981,2891251.02116463,4271314.42209691,4986207.96020275,5622176.60014698,6319014.29208837,24382990.0398493,NA
1849,"flying birds",2111,3947.21910088242,5426.82768582924,5946.30972909975,6013.8367590817,6097.62223931024,6253.20388035246,6553.94015572545,NA
1849,"small divers",2111,11149.5316766718,22247.4301941458,35115.7047049445,37485.0750680041,40124.9377244333,42368.2924044875,47367.9141405012,NA
1849,"squids",2111,52362.057990835,98663.6639527014,125710.827503682,144256.299994232,169649.403982364,304417.51261317,435824.738649242,NA
1849,"toothfishes",2111,1344.60924454856,200873.567305346,723115.635940992,1084922.83605203,1398557.46907626,1852680.38896852,4508427.52635569,NA
1849,"leopard seals",2111,45.1354990049553,1937.06011285019,2715.50647786433,3377.46427695882,3841.22202314744,4712.55155234716,17869.4068117136,NA
1849,"medium divers",2111,23552.289674754,167391.941517531,274197.440632375,408964.834289022,586551.072818244,804408.802350882,1264346.32080707,NA
1849,"large divers",2111,335.591763622606,6281.35097461512,10993.3706422694,18156.7110779181,35523.4746461212,159768.047374822,2240758.12978155,NA
1849,"minke whales",2111,66.5085682202166,8035.52065374072,14243.8626720815,25828.8129520404,56718.9361436851,14814911.5059366,156546598.823875,NA
1849,"orca",2111,5347.00067813294,7304.1902425407,8490.13480337807,8983.94317857635,9935.75528078169,16995.7404547532,258141.277298964,NA
1849,"sperm whales",2111,11486.2120182681,14948.1732245204,20044.4417346025,23588.3530741896,97276.418308949,2358942.52750985,11770856.8308062,NA
1849,"baleen whales",2111,114594.944302226,179654.977593608,799619.584791584,805086.961945593,2973598.20036817,17039431.0203606,99737736.0870759,NA
1850,"mesozooplankton",2111,2.20182816141587e-106,8724605.21236211,12652709.2199131,17117983.0085999,20133594.3405722,24345001.1286978,28609311.4537399,NA
1850,"other krill",2111,307.697523044984,1315536.41834702,5114358.62713141,11345735.804474,30430282.4759049,76388235.6636974,125013426.537883,NA
1850,"other macrozooplankton",2111,1477217.73954407,7893505.57460878,15014528.6175794,18417556.4873492,22453600.0507963,27617463.1825206,37354014.8547724,NA
1850,"antarctic krill",2111,62777.8444095057,1536665.06007089,7218592.88777442,13770712.3404406,24490887.3125633,36492903.3518113,654774023.827267,NA
1850,"salps",2111,106415.480428428,462516.962277871,840760.434454222,1092853.53210297,1591464.17520868,2094740.69960987,2886589.94374787,NA
1850,"mesopelagic fishes",2111,7476.20438914455,513000.167170643,1348347.89395203,1848910.65135012,2691508.7712605,3647622.77923965,8344732.51107924,NA
1850,"bathypelagic fishes",2111,320790.320912218,1047196.84932359,1750920.85900794,2458500.15991805,3363889.41132909,4629834.28689859,12383979.926569,NA
1850,"shelf and coastal fishes",2111,1530799.12139781,2890274.14604881,4264775.31531464,4983078.02352276,5617207.39252357,6313420.99306165,24395593.2509183,NA
1850,"flying birds",2111,3947.72559965172,5432.77983401299,5948.33450836792,6013.90545105116,6097.68415054548,6253.36817780125,6553.10621475362,NA
1850,"small divers",2111,11166.1786223809,22286.09879708,35176.7488024233,37533.036888725,40125.5063663973,42376.4436105301,47355.5811549642,NA
1850,"squids",2111,51686.389176598,98386.541161813,125426.49570365,143851.510916948,169006.787924847,303981.701411648,435504.325975341,NA
1850,"toothfishes",2111,1336.09285350646,201663.947216867,723575.509649875,1085288.63301635,1398731.95136062,1852625.2844557,4540465.61430327,NA
1850,"leopard seals",2111,40.1468816002639,1936.13061944631,2719.06116175802,3377.50666982545,3839.92994008944,4714.16518032646,17743.0679372765,NA
1850,"medium divers",2111,22036.3373461871,167552.439490815,274327.265111076,408890.053957232,585840.461703904,804201.729698182,1261091.54978488,NA
1850,"large divers",2111,302.782280034209,6278.80853229694,10987.9974544949,18153.7926512509,35505.8868642249,158959.658968993,2227725.09107995,NA
1850,"minke whales",2111,52.5807611926887,8030.51093482075,14236.7889456915,25757.1324405397,56476.5423356912,14762440.8648119,156026953.144603,NA
1850,"orca",2111,5355.97451072464,7309.12644041709,8491.99373048018,8984.68623379558,9933.99955198634,16974.8847650793,257462.950950392,NA
1850,"sperm whales",2111,11493.6242275005,14952.9810883116,20040.4316668051,23576.2163273375,97131.2436188954,2354712.06025468,11749619.316575,NA
1850,"baleen whales",2111,114680.893079816,179681.942311587,798848.4945948,804324.953280921,2970057.48820023,17017888.0047528,99610428.0179182,NA
1851,"mesozooplankton",2111,2.06358279187106e-108,9093673.4271019,12912752.7474002,17406164.9651061,20520232.7881606,24848687.1613058,29194914.7682926,NA
1851,"other krill",2111,285.832135251327,1350543.83910815,5244410.06673498,11516694.0563908,30507687.5188737,76265693.0294761,123982399.19824,NA
1851,"other macrozooplankton",2111,1513611.62049647,7933585.5924721,15142683.6957521,18766726.4878459,22821198.0270298,28376968.8429142,38129287.517419,NA
1851,"antarctic krill",2111,62407.2984130481,1545312.37568082,7258549.71845214,13813807.278595,24495350.9266893,36425356.1581584,675109390.505297,NA
1851,"salps",2111,107353.956059565,466982.854679202,845949.124233273,1096552.86487047,1595328.02804558,2093884.82174515,2887639.39473703,NA
1851,"mesopelagic fishes",2111,7481.59341609766,515902.43847376,1356683.81479837,1856588.51151441,2697752.80450024,3653841.08052343,8233827.43572535,NA
1851,"bathypelagic fishes",2111,324276.47830095,1054487.07725789,1761084.13196971,2466635.40828422,3374968.45870447,4631697.50380295,12287266.9376626,NA
1851,"shelf and coastal fishes",2111,1532840.03575618,2893069.00094651,4261767.07281796,4982694.7315761,5614766.91951334,6311610.00846092,24382165.2962619,NA
1851,"flying birds",2111,3947.51203786301,5434.74933825702,5948.25768545592,6013.78445731359,6097.49216994907,6252.22008515624,6552.27069234553,NA
1851,"small divers",2111,11180.803098306,22310.4427346764,35212.2624610226,37558.5504985376,40121.294005556,42364.9166790569,47344.8801748053,NA
1851,"squids",2111,51376.6209371414,98319.5754223705,125340.796193314,143685.278995862,168667.621377104,304025.697493928,435219.024809671,NA
1851,"toothfishes",2111,1325.03640325393,202397.357060795,723849.25919868,1086329.50209548,1398898.21245668,1852583.74626181,4570666.27172615,NA
1851,"leopard seals",2111,35.4776983432451,1938.75524081098,2721.74010060294,3377.58964414386,3840.79015804202,4715.84062120945,17618.1734130607,NA
1851,"medium divers",2111,20541.0758430882,167585.304662455,274514.012704586,408713.898287673,585323.086213276,803998.030123557,1257865.50025788,NA
1851,"large divers",2111,271.250185167341,6275.7045590916,10979.2485200037,18149.7323612353,35490.6874422268,158156.504440897,2214756.68364375,NA
1851,"minke whales",2111,40.8448448637706,8034.83576241008,14212.9674457282,25745.6008351131,56238.1042530045,14710142.7739193,155509013.757561,NA
1851,"orca",2111,5364.7679393633,7313.87397064783,8493.64937947044,8985.35333507488,9932.02980272334,16953.6064200423,256786.45354628,NA
1851,"sperm whales",2111,11500.5301068495,14957.3687038862,20036.1552350768,23563.8791295833,96986.2112063445,2350488.63522083,11728419.854019,NA
1851,"baleen whales",2111,114763.821943849,179707.236353174,798077.636272566,803564.04386664,2966520.73282189,16996372.087011,99483279.3058368,NA
1852,"mesozooplankton",2111,1.92957494904809e-110,9895251.14608977,13494007.1296578,17992874.6121706,21029609.6839586,25257474.2445943,29699621.159612,NA
1852,"other krill",2111,276.123431367079,1424824.26924711,5509672.96892627,11825889.8314458,30819391.9321073,76116544.3803828,123217559.75617,NA
1852,"other macrozooplankton",2111,1590663.98679184,8256273.88802273,15710223.0575498,19555170.4567568,23665797.8595518,29228091.9928151,38979562.0023898,NA
1852,"antarctic krill",2111,63269.0146823986,1581543.29505525,7433945.68902459,14009541.413294,24674598.2177432,36540919.0041812,709831018.582048,NA
1852,"salps",2111,110117.080443165,476070.702751271,857865.854406863,1107424.95365858,1605802.99043789,2102367.81303824,2891619.98716212,NA
1852,"mesopelagic fishes",2111,7619.99969050581,522683.992521245,1374080.93916279,1874433.6026584,2715046.0110299,3666353.29701147,8162214.63679434,NA
1852,"bathypelagic fishes",2111,330488.279632465,1067137.45293693,1777431.71614795,2482111.72986178,3395829.26311562,4640766.57493744,12222059.3258262,NA
1852,"shelf and coastal fishes",2111,1537959.75476997,2901144.55734725,4261453.56314546,4983437.0204392,5613353.64789406,6311801.135225,24353856.2238231,NA
1852,"flying birds",2111,3947.70502971603,5437.92524603616,5948.67930600443,6014.02223141886,6097.3019472711,6251.46045171266,6551.52017617613,NA
1852,"small divers",2111,11202.4563735959,22344.4071971658,35240.6487731712,37571.3651402935,40120.0714319148,42362.9927403225,47335.2780330863,NA
1852,"squids",2111,51235.7102378299,98402.0709154498,125360.638646017,143573.405469632,168449.362300766,304493.670401044,434975.995046999,NA
1852,"toothfishes",2111,1314.29725991057,202490.929445748,724194.093603418,1086892.44257667,1399464.35258519,1853479.24048576,4599123.1267554,NA
1852,"leopard seals",2111,31.0948173083026,1934.41092975063,2724.37854336039,3377.22793591288,3840.00844923911,4717.53047617787,17494.5994532091,NA
1852,"medium divers",2111,19058.3132148074,167527.955603441,274694.825243127,408653.343036652,584774.804635167,803546.776778482,1254655.22278623,NA
1852,"large divers",2111,241.113049199055,6272.77506959025,10965.1954439727,18129.3958248838,35409.0117469838,157357.131533325,2201851.83700031,NA
1852,"minke whales",2111,31.0219299382224,8037.94616680492,14207.5773804886,25733.3898502116,56000.6788076258,14658017.1092412,154992782.79465,NA
1852,"orca",2111,5373.67968695407,7318.74213213014,8495.56378042441,8986.03808087755,9930.12702651042,16932.4695984059,256111.80504372,NA
1852,"sperm whales",2111,11507.5929488247,14961.8371761637,20031.9694042292,23551.6299911563,96841.4668488122,2346272.96104406,11707258.746571,NA
1852,"baleen whales",2111,114847.620867355,179732.975100855,797307.814192399,802804.11638851,2962988.54114494,16974883.720123,99356294.3789233,NA
1853,"mesozooplankton",2111,1.67450044687435e-112,9466084.10264556,13251458.6158247,17677124.9767741,20627489.9194094,24733074.5374396,29082772.5266772,NA
1853,"other krill",2111,255.028046736732,1466426.35636948,5475057.96447715,11640095.3734637,30307266.9360415,73848984.7701434,121034267.723904,NA
1853,"other macrozooplankton",2111,1672571.30144108,8523558.10753097,15878020.3641255,19411214.9817744,23568564.3693768,28818571.1683565,38483456.6164351,NA
1853,"antarctic krill",2111,64136.8425914961,1623711.61380109,7569918.42739033,14185891.8635786,24737089.0478839,36539600.3222611,744680787.272331,NA
1853,"salps",2111,113169.657069854,483077.763555547,866465.058487342,1112160.15699844,1612821.72451199,2104326.22078843,2893601.56865755,NA
1853,"mesopelagic fishes",2111,7883.68320207075,532365.092780141,1394847.74671019,1892307.02188042,2734027.54583894,3683181.69893919,8139230.91600645,NA
1853,"bathypelagic fishes",2111,338856.129572707,1085489.02281766,1796954.12227245,2502062.64956168,3414977.11187662,4653539.58565424,12216169.2669855,NA
1853,"shelf and coastal fishes",2111,1542359.45442521,2908845.38384838,4264774.68444208,4985571.61269793,5614104.21982173,6314804.52744919,24325511.4641772,NA
1853,"flying birds",2111,3948.12825698609,5442.20472179121,5949.24550768164,6014.61300535767,6097.41488173856,6250.43575738384,6550.81215173167,NA
1853,"small divers",2111,11229.2513859758,22390.9859978009,35279.389924994,37595.1075704811,40123.8095318608,42363.2830227374,47326.1609505538,NA
1853,"squids",2111,51151.0308770083,98554.1253787575,125497.251998488,143548.91293369,168356.799219874,304465.828752811,434711.421858132,NA
1853,"toothfishes",2111,1304.89352274091,202648.786944819,724686.700163551,1087529.89035283,1400185.49524216,1853463.14092112,4626137.0052273,NA
1853,"leopard seals",2111,26.996002475695,1933.55502341675,2724.52496129656,3376.59953057581,3837.8599132914,4724.47281153852,17372.283461367,NA
1853,"medium divers",2111,17587.0251522359,167316.935363586,274855.905055742,408584.243463355,584199.774774808,802638.179175013,1251457.76800372,NA
1853,"large divers",2111,212.422013878801,6270.15280907715,10950.8971882437,18126.5891261143,35306.2978613024,156561.2012733,2189010.07828931,NA
1853,"minke whales",2111,22.9557702985748,8035.71118892884,14205.6147117989,25708.7397054097,55763.3925577308,14606063.1103265,154478254.420651,NA
1853,"orca",2111,5382.77954401118,7323.83302384569,8497.52469803399,8986.74979008978,9928.34413616808,16911.5952109915,255439.00133277,NA
1853,"sperm whales",2111,11514.9622647652,14966.4884297894,20028.6756965093,23539.5362862435,96697.0355395279,2342065.17107868,11686135.9976032,NA
1853,"baleen whales",2111,114932.380896203,179759.238089408,796539.069666582,802045.142105391,2959460.92527187,16953422.8725474,99229472.9942878,NA
1854,"mesozooplankton",2111,1.41816448639987e-114,8769651.29803756,12619765.6547036,17265605.3164666,20350046.4907766,24646535.6010109,28934004.0450169,NA
1854,"other krill",2111,210.072737566414,1432709.89889359,5203468.60862011,11211295.4975849,29896644.3488755,73164027.0614047,120316767.376161,NA
1854,"other macrozooplankton",2111,1696931.32317722,8241911.08829065,15346125.3555379,18751009.3317545,22895136.3777482,28203261.4261822,38245688.3465359,NA
1854,"antarctic krill",2111,63529.4157320203,1640757.84773438,7509368.85638125,14034044.7681662,24561381.8104114,36363658.0990781,752105672.721465,NA
1854,"salps",2111,113805.467503031,478631.247729659,859158.273403634,1105467.86407487,1612230.50954487,2097401.91871417,2897335.32677735,NA
1854,"mesopelagic fishes",2111,8021.24907651003,536118.621892204,1401618.95728763,1902905.52005435,2752647.81779089,3699770.09941713,8162811.01789047,NA
1854,"bathypelagic fishes",2111,347222.369501183,1097484.09528911,1808099.73643611,2516086.48146777,3436747.06924008,4669236.78525281,12284703.3929895,NA
1854,"shelf and coastal fishes",2111,1555313.79613075,2922717.63029808,4275477.55036297,4995037.0172746,5621306.26485834,6321472.18929354,24313440.6330703,NA
1854,"flying birds",2111,3947.06713940769,5438.41130810001,5948.08669916965,6013.82620547531,6096.82265519751,6249.72454266692,6550.02422676775,NA
1854,"small divers",2111,11236.9196212856,22393.9314780719,35258.9590502884,37568.4118360074,40121.1049547783,42359.514214539,47318.5853538352,NA
1854,"squids",2111,51713.0232563903,99095.1069496038,125920.447885123,143942.583652988,168872.399199857,304896.808881274,434671.93117815,NA
1854,"toothfishes",2111,1290.1073969213,202761.140776224,724982.755151847,1088234.04254121,1400492.62680349,1853553.19036894,4652251.97088664,NA
1854,"leopard seals",2111,23.268138352837,1932.96827656354,2724.90063251653,3376.38234714345,3837.68061840656,4725.82090270739,17251.393186622,NA
1854,"medium divers",2111,16161.5472061331,167335.293141176,275056.0905075,408558.033479258,583662.237330706,802430.023166301,1248298.62009102,NA
1854,"large divers",2111,185.443977049579,6266.49706135897,10946.6993639882,18120.3215187847,35195.7346993805,155771.648153687,2176232.9825173,NA
1854,"minke whales",2111,16.6584874071955,8032.58324914255,14213.8897996091,25714.2327231545,55532.0471273299,14554279.2103431,153965407.292122,NA
1854,"orca",2111,5391.38617593764,7328.80769158229,8499.23214325272,8987.24519268308,9926.06885824823,16889.8506040604,254767.960214035,NA
1854,"sperm whales",2111,11521.409779277,14970.3355968393,20024.7002916003,23526.9980147469,96552.5965446725,2337863.89081455,11665050.8531861,NA
1854,"baleen whales",2111,115009.491537588,179781.464374099,795770.3448479,801287.342939765,2955936.67299747,16931988.492964,99102805.2360686,NA
1855,"mesozooplankton",2111,1.23268078535289e-116,8994139.31075777,12775115.4174282,17448108.3698244,20609491.071486,25005578.5735301,29412475.536613,NA
1855,"other krill",2111,165.607467795503,1390826.56445675,5138942.36016545,11249611.1930276,30381235.8607123,75219198.8348394,122187270.211607,NA
1855,"other macrozooplankton",2111,1678469.19092517,7976367.38362019,15179375.1238459,18790234.1642515,22914731.3784283,28482470.5755215,38684759.876434,NA
1855,"antarctic krill",2111,62533.0135600842,1630038.02718418,7419538.36614422,13858420.9415076,24492171.0451314,36343761.6134977,737713448.198857,NA
1855,"salps",2111,113402.33099735,472231.543766924,849729.54613899,1094935.35749199,1608703.22545997,2098135.90458448,2901142.06647584,NA
1855,"mesopelagic fishes",2111,7957.08868529338,534454.983353879,1397006.00330898,1893534.83728218,2758587.53021674,3705908.17342263,8204852.57073789,NA
1855,"bathypelagic fishes",2111,351795.941538662,1101191.94423344,1807877.96254952,2521830.42666914,3439421.71683146,4677878.44881483,12398595.6746264,NA
1855,"shelf and coastal fishes",2111,1570396.56245921,2936524.5368968,4287127.22942845,5004064.1075451,5633665.32075481,6329648.19170632,24314837.6493507,NA
1855,"flying birds",2111,3945.66809767197,5431.63662910855,5945.91206060932,6013.027169665,6096.14473728473,6247.62149769778,6549.23598293152,NA
1855,"small divers",2111,11227.3720216566,22364.0895126595,35195.8332819387,37523.9816490165,40116.9777615836,42356.5636232849,47310.6506450844,NA
1855,"squids",2111,52684.6473621726,99645.0627982482,126513.802178317,144467.189770364,169541.186967391,305445.477794858,434896.420561979,NA
1855,"toothfishes",2111,1269.77188590579,203143.502380474,725192.243592323,1088936.847654,1401348.40732754,1853732.17839622,4677661.43787836,NA
1855,"leopard seals",2111,19.8796058398206,1935.43379744588,2727.4529641706,3377.27181197063,3837.79219259615,4727.21015504318,17131.7835287632,NA
1855,"medium divers",2111,14773.0496505753,167454.871599749,275220.169533704,408460.785197597,582989.714019394,802265.028484118,1245166.42348491,NA
1855,"large divers",2111,160.236058539567,6262.12281867252,10926.7077953505,18119.4420913214,35081.1028711763,154987.323401399,2163519.4830893,NA
1855,"minke whales",2111,11.8032587942781,8033.50305604404,14181.9317058804,25717.2327122404,55304.3608249365,14502665.1810047,153454241.23303,NA
1855,"orca",2111,5399.65166721644,7333.51475268543,8500.74713564166,8987.58839776037,9923.4965501122,16867.6581890045,254098.693701239,NA
1855,"sperm whales",2111,11527.3483581081,14973.7288861943,20020.2821339874,23514.188625556,96408.2429730867,2333669.61955014,11644003.5209043,NA
1855,"baleen whales",2111,115081.654934219,179801.08392025,795005.27701085,800530.608065077,2952416.25725241,16910580.9020165,98976294.2060865,NA
1856,"mesozooplankton",2111,1.05152443799043e-118,8332254.75657506,12319505.8516676,16986758.7264938,20065695.1358324,24359523.1763697,28685872.3425563,NA
1856,"other krill",2111,129.291441556196,1333011.44752648,5049890.18963315,11192396.4485345,30290095.9016023,75825645.8109543,122986773.046696,NA
1856,"other macrozooplankton",2111,1659000.27670859,7897643.06811802,15162611.0937405,18711640.5621156,22788505.3980441,28007307.3473372,37992331.7554952,NA
1856,"antarctic krill",2111,61412.5069658862,1611986.97468709,7367649.40240146,13818779.5652951,24492081.6398351,36376115.2873379,714658424.859037,NA
1856,"salps",2111,112792.658863875,468443.254152233,846670.818583255,1091885.34113051,1609008.74650669,2099473.23500357,2899903.49449429,NA
1856,"mesopelagic fishes",2111,7898.80796229822,536254.739875608,1401187.22367744,1892933.28885056,2760576.98467149,3704650.09759686,8238477.48539037,NA
1856,"bathypelagic fishes",2111,353017.464856163,1102277.62321399,1808015.09435415,2520721.48633477,3454486.94325906,4675692.79699061,12511709.6999403,NA
1856,"shelf and coastal fishes",2111,1581408.50571421,2948673.73062279,4298235.92185699,5012415.36073583,5640064.91621395,6335246.9777204,24316444.3413415,NA
1856,"flying birds",2111,3946.92567704389,5435.34753225634,5947.78778288071,6014.33661706294,6097.53113000783,6247.80887490108,6548.68951165042,NA
1856,"small divers",2111,11247.0435708139,22383.1851601609,35190.0871785775,37522.0702591226,40122.0035662855,42361.0673426088,47302.509733175,NA
1856,"squids",2111,53233.9628650213,100145.11769215,126897.033735436,144799.427774545,169833.104605245,305298.474194395,435192.508810655,NA
1856,"toothfishes",2111,1254.44128883055,203830.560906441,725938.805349384,1091389.24637338,1402312.79166589,1854092.03094805,4702315.71841379,NA
1856,"leopard seals",2111,16.7393634201495,1934.80500742302,2733.21879957087,3378.18037508393,3838.30098047248,4728.66843683309,17013.2926342298,NA
1856,"medium divers",2111,13390.409820398,167572.689502509,275311.626393659,408433.578159322,581900.329863644,802095.685453846,1242026.97804555,NA
1856,"large divers",2111,136.750449509771,6259.3618736013,10924.8041494397,18118.2517816174,34912.0384808719,154204.349174874,2150867.46613556,NA
1856,"minke whales",2111,8.02272481908412,8023.68499132513,14184.7456754882,25708.2432301707,55073.2532160843,14451222.661144,152944776.14216,NA
1856,"orca",2111,5408.41560747877,7338.48251126185,8502.43944354473,8988.09859911555,9921.42322786021,16846.5085847692,253431.300884868,NA
1856,"sperm whales",2111,11534.5637265482,14978.0746555569,20016.7101512392,23501.9676946087,96264.4579179307,2329484.35549381,11622994.946078,NA
1856,"baleen whales",2111,115163.407765523,179825.976233274,794242.34352866,799774.656639948,2948901.98428883,16889202.0711435,98849956.4548136,NA
1857,"mesozooplankton",2111,9.24058835927507e-121,8232933.68874892,12233643.4296632,16996403.5682128,20156125.7979398,24591299.6060711,28896639.8005235,NA
1857,"other krill",2111,99.3007293355787,1275134.3866507,4908106.78611687,11007284.6419627,30335399.3021583,76714669.3582945,124937931.798357,NA
1857,"other macrozooplankton",2111,1576857.30577973,7676265.2811519,14696090.2076974,18205766.9096081,22163360.8720636,27439851.5306456,37805888.3423267,NA
1857,"antarctic krill",2111,59303.1209215275,1561766.10996463,7192212.03782861,13589137.0024383,24412291.3239093,36356916.2635546,679848082.471094,NA
1857,"salps",2111,110064.950588247,457989.836841634,832421.230606679,1078452.80357,1596402.08310675,2094494.75331842,2896601.03375485,NA
1857,"mesopelagic fishes",2111,7605.5834010638,527038.100309161,1376781.61993628,1868497.62574294,2743311.11360545,3694527.65049936,8248088.17727028,NA
1857,"bathypelagic fishes",2111,349825.185100975,1087924.37738761,1787480.77288309,2501425.70047841,3433400.8510305,4676547.95363946,12596662.53838,NA
1857,"shelf and coastal fishes",2111,1586901.48871136,2953139.32001101,4305384.95220929,5019941.83782913,5647677.91328097,6343287.4268374,24320107.9521185,NA
1857,"flying birds",2111,3944.39159185963,5428.45245511783,5943.66152654202,6012.60436529261,6095.34600047605,6246.18862521695,6547.69612344535,NA
1857,"small divers",2111,11210.0752479195,22319.2232765329,35103.0346254412,37439.5234049298,40117.652634653,42354.9527995582,47292.3732331971,NA
1857,"squids",2111,54139.7016418445,100719.802575286,127243.39665831,145235.674012862,170522.177315949,305793.550382735,435505.553329309,NA
1857,"toothfishes",2111,1229.25678323279,203753.705034918,727542.706326761,1092196.2925664,1402528.3207481,1854336.59503035,4726369.26641793,NA
1857,"leopard seals",2111,13.9825797634258,1933.44814841111,2735.79126456557,3379.0743295241,3839.39072791553,4729.97689464361,16895.9397096854,NA
1857,"medium divers",2111,12067.7376615297,167915.723847907,275367.550800509,408238.991342638,580530.493483094,801930.836801501,1238929.86052319,NA
1857,"large divers",2111,115.252288384721,6254.054348577,10938.1914239982,18117.1780512391,34829.0322381143,153428.430517564,2138278.43093858,NA
1857,"minke whales",2111,5.34577047130093,8014.54154903365,14196.3547206957,25713.5079256439,54848.6801786418,14399946.9883806,152436963.176736,NA
1857,"orca",2111,5416.35145851707,7342.29644748136,8503.74890387246,8988.30632649345,9918.62855973663,16824.1215201142,252765.629138838,NA
1857,"sperm whales",2111,11539.9883104024,14981.0940763774,20011.8870731058,23488.9453986438,96120.4613283279,2325304.77608472,11602023.3777616,NA
1857,"baleen whales",2111,115229.764038901,179842.372400008,793478.732788511,799019.875189923,2945389.73407166,16867848.4181035,98723762.0206593,NA
1858,"mesozooplankton",2111,8.25580515941826e-123,8089669.95078072,12141873.4527764,16808698.8528809,19815774.0079293,24097369.3191437,28299398.0628645,NA
1858,"other krill",2111,81.3181292461795,1274070.44057995,5005250.42151691,11180289.770614,30403638.3076731,77969264.3821999,126524764.06634,NA
1858,"other macrozooplankton",2111,1473684.61173425,7419368.64904731,14295717.0884385,17819112.0744265,21668772.4742671,26888729.3811632,36846602.8355944,NA
1858,"antarctic krill",2111,57319.5141565526,1525550.20929985,7040774.91010196,13422874.0957479,24277716.987548,36306861.1596628,655990192.23428,NA
1858,"salps",2111,107624.022168763,451325.191466823,820342.554209119,1067674.9950665,1578610.04314554,2081043.74270111,2882834.62401131,NA
1858,"mesopelagic fishes",2111,7143.70015909136,508197.582335529,1333520.89615729,1825088.9773425,2703761.11117109,3654210.66722094,8213381.86516979,NA
1858,"bathypelagic fishes",2111,339316.90515441,1043628.84068903,1749197.8298211,2461426.00305526,3380191.05497949,4641217.65463744,12608419.943756,NA
1858,"shelf and coastal fishes",2111,1567089.76934879,2933697.90595358,4296807.52402143,5012894.91506647,5642137.13844182,6337266.84138727,24302723.9356328,NA
1858,"flying birds",2111,3943.10768631045,5427.00297451002,5941.85814861909,6011.21476250095,6094.57408631268,6244.84138252686,6546.74606034682,NA
1858,"small divers",2111,11159.369682908,22264.0052836446,35038.6128647416,37378.4907928591,40102.6030030215,42333.60937219,47277.4496452047,NA
1858,"squids",2111,54340.7562083286,100583.167287921,127046.373530818,145169.582167542,170476.632360774,305563.69651916,435646.393775935,NA
1858,"toothfishes",2111,1203.77202236766,204174.432143532,729974.304933694,1092619.74618403,1402565.91455184,1854393.55010027,4749334.93778797,NA
1858,"leopard seals",2111,11.4702312177418,1932.48120865231,2738.1518389473,3379.72263215614,3841.20680984178,4731.02706139219,16779.3286794082,NA
1858,"medium divers",2111,10740.7162928412,167295.338832969,275350.114494912,408099.686627475,579388.56841835,801741.68995517,1235828.55730751,NA
1858,"large divers",2111,95.3460463058463,6248.85649484212,10948.3124607328,18109.3334688961,34770.2449119061,152750.276952912,2125748.56039245,NA
1858,"minke whales",2111,3.39059996083144,8004.29571210277,14165.5425116544,25709.6618598,54527.3501833411,14348840.0778844,151930827.308177,NA
1858,"orca",2111,5424.61343050497,7346.02251367429,8505.20662297195,8988.66689823181,9916.23213269196,16802.5719169748,252101.821847086,NA
1858,"sperm whales",2111,11545.9299119325,14984.674115507,20007.326195284,23476.2683821892,95976.8627471613,2321133.44934398,11581090.1311259,NA
1858,"baleen whales",2111,115297.819749005,179859.542077776,792716.509551679,798265.878679074,2941882.45486565,16846522.336105,98597730.8872929,NA
1859,"mesozooplankton",2111,7.82546947464145e-125,7314189.33553321,11640326.9942357,16444864.7154307,19600784.5723799,23951019.5862488,28177668.07365,NA
1859,"other krill",2111,69.2280515162618,1223565.13358589,4972200.22463439,11120268.9711897,30537091.5172032,78771338.4661619,128196936.857883,NA
1859,"other macrozooplankton",2111,1367065.62400727,7174427.0601263,13999733.1368327,17516717.8253377,21222709.9716981,26469652.8543595,36593873.9034273,NA
1859,"antarctic krill",2111,54928.6453527001,1478107.00502342,6890954.62042094,13252923.4530925,24216209.5028496,36323706.7039867,714321626.656523,NA
1859,"salps",2111,104273.270938609,442309.410283517,807527.825562267,1056019.10801008,1565085.09129017,2073695.59399841,2873173.83660044,NA
1859,"mesopelagic fishes",2111,6628.24302896353,492425.506526393,1290429.25609651,1783275.62128896,2660391.28235532,3626985.36847476,8152270.97273743,NA
1859,"bathypelagic fishes",2111,326440.730903756,1008351.72081475,1703873.78156657,2413853.76123286,3335257.10592676,4608018.70357644,12557482.359385,NA
1859,"shelf and coastal fishes",2111,1547629.92800972,2912520.04630649,4282886.88522933,4998617.85453431,5632730.10484428,6326351.50233714,24266086.2191951,NA
1859,"flying birds",2111,3941.31904179479,5425.66280230138,5939.3892796381,6009.38827535584,6092.55945872705,6242.82131476687,6545.71539141238,NA
1859,"small divers",2111,11096.3450891086,22186.8082547817,34944.5981332859,37313.7416049333,40081.4026912465,42319.1898111213,47262.3720531029,NA
1859,"squids",2111,54458.1487778918,99773.3814047417,126457.987534467,144731.67698001,170348.738992507,304928.340166189,435747.260925697,NA
1859,"toothfishes",2111,1177.78316696746,204378.302547219,730583.081687425,1093066.55946438,1402331.23627765,1854467.19201284,4771131.51932641,NA
1859,"leopard seals",2111,9.28912903811842,1932.58852070207,2738.89812019863,3380.71084937776,3842.8358719431,4731.67679498661,16663.6909693992,NA
1859,"medium divers",2111,9479.54647216306,167470.69542957,275206.625265448,408082.434557109,578388.6771157,801445.084983666,1232749.18509156,NA
1859,"large divers",2111,77.7208596486903,6242.59910545076,10956.6616821252,18104.7836023827,34709.9652584956,152089.761596159,2113280.35984214,NA
1859,"minke whales",2111,2.07643447863332,7993.41915695521,14154.8179176811,25639.0805793432,54356.7052710342,14297901.4023604,151426353.820176,NA
1859,"orca",2111,5432.51771881536,7349.49828930771,8506.49897621263,8988.93746537994,9913.59084596487,16780.6440912369,251439.797840872,NA
1859,"sperm whales",2111,11551.1404308842,14987.8372373995,20002.1997412946,23463.2939243988,95833.3170546424,2316968.97009925,11560194.358824,NA
1859,"baleen whales",2111,115362.677466657,179875.009382289,791955.074793211,797512.903154404,2938379.34064786,16825223.2522847,98471857.7453815,NA
1860,"mesozooplankton",2111,8.08310417378082e-127,9560022.31822138,13214163.1742061,17896549.3135398,21072387.4173479,25590184.6722632,30215964.8040363,NA
1860,"other krill",2111,68.4530606564148,1357761.46882459,5536330.84397883,12097440.9577096,31909006.9108973,81695803.2042286,130434884.952087,NA
1860,"other macrozooplankton",2111,1375599.53609498,7585585.49535975,15015345.801414,19076398.192977,23013204.612303,29117544.046444,38907993.8987163,NA
1860,"antarctic krill",2111,55132.4720021552,1511611.07433232,7082276.95626891,13586748.3859984,24552633.1579806,36785573.3758965,822577382.509526,NA
1860,"salps",2111,104465.596879282,451133.807703447,824943.916471724,1079307.22671969,1578981.94294586,2087494.78972871,2878562.65059398,NA
1860,"mesopelagic fishes",2111,6329.14567913158,487908.667111346,1290918.21041475,1781947.29422278,2648557.1246179,3610767.74732774,8312654.93573802,NA
1860,"bathypelagic fishes",2111,317599.539015899,1009308.11848731,1695575.19560708,2399295.40325651,3314814.74665591,4605241.5131745,12467244.4915901,NA
1860,"shelf and coastal fishes",2111,1542959.33653116,2906284.82196021,4269439.64088484,4985105.48963361,5626582.5216983,6317697.55547471,24208964.6244544,NA
1860,"flying birds",2111,3942.18850650786,5425.96082288811,5940.01919365643,6009.92172079636,6092.7569878151,6242.00719169949,6544.99262893908,NA
1860,"small divers",2111,11077.5855454516,22161.1349799712,34937.4022979757,37321.3914296622,40078.9485334746,42321.6114690361,47250.7815388558,NA
1860,"squids",2111,54363.0158401805,99400.480794182,125922.464171233,144507.935457753,169932.907314133,304566.190650051,435957.516950943,NA
1860,"toothfishes",2111,1159.67329684617,204643.011923,731226.583373987,1093022.85041228,1402100.11989053,1854361.87862268,4791536.0288482,NA
1860,"leopard seals",2111,7.38737576681001,1933.51048998027,2739.47807552018,3380.97977927072,3843.6144860655,4731.54800561373,16549.1499852464,NA
1860,"medium divers",2111,8282.25382515651,167684.91684068,275146.637912493,407805.240505618,577364.444990727,801248.728278019,1229672.10777986,NA
1860,"large divers",2111,62.3342612370396,6240.79858193538,10962.1903000876,18101.0623505055,34651.668036813,151454.425347455,2100874.1441324,NA
1860,"minke whales",2111,1.20706740018237,7992.46779705985,14131.2484694931,25598.6682671088,54171.1857298038,14247133.4660669,150923561.854715,NA
1860,"orca",2111,5440.58278307825,7353.01820171737,8507.91064415378,8989.25857602928,9911.19401065791,16759.2267839279,250779.618600596,NA
1860,"sperm whales",2111,11557.0017161037,14991.8808679703,19997.6665068756,23450.6608548855,95690.2300820472,2312812.79335577,11539336.7582444,NA
1860,"baleen whales",2111,115437.581221187,179896.065029564,791195.929072926,796760.811876668,2934882.60648204,16803953.1641795,98346158.138599,NA
1861,"mesozooplankton",2111,7.60933306450008e-129,7276463.07932545,11837935.5273423,16667997.6366784,19659910.9751367,23914037.1680712,28114714.0575704,NA
1861,"other krill",2111,65.5979613132722,1280468.18940133,5280373.26811146,11551110.0684827,31161324.4682283,79738034.342682,128927456.400778,NA
1861,"other macrozooplankton",2111,1352545.01826733,7742059.8339004,15045623.6848445,18631060.3314058,22608902.5090581,27689478.9100178,37808922.4408118,NA
1861,"antarctic krill",2111,54132.9543192642,1511360.63711911,7121150.24680348,13700112.4635132,24712711.1293397,36950743.4885375,874803509.323853,NA
1861,"salps",2111,103572.647522916,450408.467224164,826636.004394907,1081337.59396802,1581189.70800492,2095201.8481652,2883046.54985988,NA
1861,"mesopelagic fishes",2111,6129.87756128831,483171.05059192,1295977.49797518,1792043.24225685,2654894.53976884,3615777.30353007,8983030.17865577,NA
1861,"bathypelagic fishes",2111,312077.096588914,1010930.59107635,1697512.53137782,2399997.72692642,3315271.80452834,4607586.16292527,12380797.3334059,NA
1861,"shelf and coastal fishes",2111,1535269.60860323,2897595.77188095,4254725.99365721,4973767.27471197,5616254.92489113,6311332.91606091,24145730.3820456,NA
1861,"flying birds",2111,3940.99486438257,5424.74250193763,5938.71771945564,6008.41490043912,6091.39741720682,6240.75231693061,6544.01929892116,NA
1861,"small divers",2111,11034.898053163,22115.2499532198,34915.0324368331,37296.8608305371,40069.6758958967,42320.8427043324,47238.3523003669,NA
1861,"squids",2111,54265.8225144129,98863.5877102218,125345.172162502,144082.312350523,169542.644063773,304205.356055137,436045.761237474,NA
1861,"toothfishes",2111,1140.56453088677,204566.720200857,730806.109809137,1093171.96151079,1403331.78107899,1853877.33464664,4810568.99307216,NA
1861,"leopard seals",2111,5.78362619830142,1933.53102205423,2737.91755711986,3381.04088613109,3843.84835664714,4731.16857002471,16435.6021074916,NA
1861,"medium divers",2111,7169.41355285151,167916.281107128,275273.04208048,407609.19755171,576626.989248846,800871.811995384,1226614.67171082,NA
1861,"large divers",2111,49.1590525149865,6246.84460041168,10921.286247433,18087.854007774,34592.7410584854,150822.247060666,2088529.13754103,NA
1861,"minke whales",2111,0.672985144196015,8002.48415975284,14108.9873525993,25598.8047439934,53949.4350570819,14196532.0934133,150422418.468725,NA
1861,"orca",2111,5448.38694573628,7356.34730506719,8509.25920534005,8988.87027507185,9908.63923702841,16737.5476443699,250121.229564793,NA
1861,"sperm whales",2111,11562.2445388697,14995.5090275698,19992.8917806946,23437.8339064872,95547.297312683,2308663.48723519,11518516.5910626,NA
1861,"baleen whales",2111,115507.150671375,179914.050413285,790437.176355497,796009.70968346,2931389.42495859,16782709.5198641,98220612.7971912,NA
1862,"mesozooplankton",2111,7.10534616971097e-131,10196143.6459612,13635298.3204715,18246434.4926431,21267397.0643144,25643804.0715136,30189269.1439611,NA
1862,"other krill",2111,64.2373998430649,1449559.03749274,5600484.95989281,12000735.2544669,31260318.8567881,78386370.1761017,127632286.96568,NA
1862,"other macrozooplankton",2111,1422116.25354962,8140335.69625534,15507631.9125044,19174489.0292559,23293597.6517508,29184657.9163073,38632443.8951593,NA
1862,"antarctic krill",2111,55379.5011306312,1561189.657775,7346182.73900255,13994715.1035852,24823043.6504581,37151283.8746968,898061029.690138,NA
1862,"salps",2111,106308.659020185,466946.3281904,848468.941934194,1104516.16642612,1598463.3079058,2109231.21992938,2892111.56341501,NA
1862,"mesopelagic fishes",2111,6125.35674081197,490354.701722538,1315224.66577185,1819624.71124374,2672861.19035141,3635663.98519197,9592895.83236617,NA
1862,"bathypelagic fishes",2111,312078.193781037,1029010.6914975,1720673.86249991,2423525.27274478,3329299.22890737,4609722.47591618,12924745.0709987,NA
1862,"shelf and coastal fishes",2111,1533210.17156199,2895364.35565028,4244974.1860215,4965274.10355371,5606760.08378713,6307748.43825042,24083891.0330154,NA
1862,"flying birds",2111,3943.0496831824,5425.64800360303,5940.83990375773,6010.54165329024,6093.20663431424,6240.30472280558,6543.40422648534,NA
1862,"small divers",2111,11050.3058792411,22150.6455831876,35000.4994485198,37377.8050772147,40084.0927914367,42325.8549787501,47227.3872040332,NA
1862,"squids",2111,53743.1942216451,98531.3415879356,124808.241238289,143660.045882506,168780.879697275,303612.39308195,436072.236514868,NA
1862,"toothfishes",2111,1128.9456161553,204490.283012931,730647.583386611,1092991.33606911,1405915.43792701,1853350.70853766,4828364.22084587,NA
1862,"leopard seals",2111,4.40763758272384,1933.24173850053,2737.81873149695,3380.42156213299,3843.24078486994,4731.11383992417,16323.2592357051,NA
1862,"medium divers",2111,6116.1500693477,167047.561111675,275496.140894039,407507.241232056,576081.853884876,800621.883446205,1223545.57660248,NA
1862,"large divers",2111,37.898631927404,6250.22466544215,10904.0341164729,18086.0300553351,34537.3083609635,150193.195393903,2076245.50894148,NA
1862,"minke whales",2111,0.347490910958367,8006.56916308618,14115.5501828969,25591.7596469949,53725.0915821426,14146100.4843069,149922951.854424,NA
1862,"orca",2111,5456.78147595165,7360.33286078384,8510.82874713817,8989.32132827485,9906.69253296683,16717.0212288641,249464.721716642,NA
1862,"sperm whales",2111,11569.059336066,15000.467625562,19989.3159523067,23425.7933108935,95405.0754410077,2304523.34296225,11497734.9277457,NA
1862,"baleen whales",2111,115591.190797579,179939.999635145,789681.006319759,795259.36706648,2927903.05390938,16761495.1284012,98095245.1497451,NA
1863,"mesozooplankton",2111,6.34417494707677e-133,9798023.25144713,13628882.3735349,18076931.6810166,21050720.8437942,25222203.5370616,29650569.4811346,NA
1863,"other krill",2111,61.5408035083355,1549944.16542423,5777669.79530089,12118637.3057624,31023993.38325,76425877.7674422,124128773.654417,NA
1863,"other macrozooplankton",2111,1533396.75227259,8594482.47340563,16141322.7476266,20092801.0233869,24179342.9819424,29861649.046186,39510012.8806446,NA
1863,"antarctic krill",2111,56948.4091679538,1622248.55852831,7604299.10951539,14317134.4708031,25082506.2358522,37265280.2370382,884730269.746994,NA
1863,"salps",2111,110023.869821779,480927.799650819,864949.428090963,1119099.73831845,1617353.11502194,2116981.72746656,2903563.19153779,NA
1863,"mesopelagic fishes",2111,6312.28910434613,505850.81483099,1351112.43138172,1861036.95094878,2714903.18496189,3667384.13065877,10105591.0490645,NA
1863,"bathypelagic fishes",2111,318457.852289036,1053970.63915236,1753972.36351912,2463622.05049332,3378962.20785304,4653564.67380176,14003201.6310646,NA
1863,"shelf and coastal fishes",2111,1538377.74224492,2902012.7455909,4242683.24346503,4964371.62687237,5603957.1335306,6308349.34566002,24047769.6655239,NA
1863,"flying birds",2111,3943.59620566107,5425.84744030428,5941.6833244408,6010.99101931985,6093.58016766608,6240.04235863166,6542.643084747,NA
1863,"small divers",2111,11066.2216288181,22185.9163267963,35080.331712224,37450.6743957152,40093.5019833109,42331.2567459311,47217.9909188001,NA
1863,"squids",2111,53456.0457272499,98523.7196714301,124608.746774129,143344.0504473,168331.193660331,303333.461726639,436019.05107971,NA
1863,"toothfishes",2111,1118.00156360633,205116.890237852,731205.334934205,1092949.6336845,1406060.9787837,1852855.8723064,4845602.50125835,NA
1863,"leopard seals",2111,3.30384458112817,1933.04348336115,2739.37553111108,3380.03790681362,3842.64090267873,4733.43427801769,16212.2675149422,NA
1863,"medium divers",2111,5179.8591352914,167239.906162059,275733.969039447,407423.609142413,575556.80952785,800203.714051934,1220498.06113098,NA
1863,"large divers",2111,28.7633209030693,6254.41258559723,10895.1666465088,18085.2504492464,34482.3923684732,149567.477062061,2064023.90696055,NA
1863,"minke whales",2111,0.171588462219858,8012.28561381698,14110.2954829143,25520.6309561019,53503.7398946519,14095835.0157254,149425127.40753,NA
1863,"orca",2111,5465.02857671961,7364.17144826306,8512.39516851393,8989.90810869361,9904.62453556577,16696.2437346443,248810.000254266,NA
1863,"sperm whales",2111,11575.6621786703,15005.1962884348,19985.3391853923,23413.6878012869,95263.0982151814,2300390.34742896,11476990.6479516,NA
1863,"baleen whales",2111,115673.538807596,179965.014430777,788925.476191557,794510.048536789,2924420.66366166,16740307.538414,97970035.3083771,NA
1864,"mesozooplankton",2111,5.31817731732078e-135,9071728.75625224,12997985.3265537,17538571.7429359,20618328.1646593,24906182.8938901,29215270.3320018,NA
1864,"other krill",2111,51.9890343969485,1512141.04290264,5456419.74533392,11521710.8325346,30101579.505363,73918926.1379974,121700835.064376,NA
1864,"other macrozooplankton",2111,1605408.89431435,8539098.89448014,15868354.6130452,19271279.5759266,23560617.524436,28722916.0433809,38905545.4465254,NA
1864,"antarctic krill",2111,57316.3101039307,1629198.60390897,7668762.45986773,14364727.1954403,24961889.3137936,37068087.3715852,841092635.253442,NA
1864,"salps",2111,112030.944754251,481811.845539386,868465.905761324,1119867.46864908,1624604.14004259,2120808.56102901,2914544.10892708,NA
1864,"mesopelagic fishes",2111,6525.12711311492,516686.157414539,1374920.29790349,1896151.60414148,2755934.39873657,3710232.21268546,10483943.732276,NA
1864,"bathypelagic fishes",2111,328583.74756638,1082843.8231534,1792890.02233718,2508580.17319971,3438928.23913437,4701137.05188013,14921960.3757938,NA
1864,"shelf and coastal fishes",2111,1553047.76867707,2918233.67813932,4249719.81632604,4972686.40525718,5611291.50856147,6316444.60297609,24046663.2978644,NA
1864,"flying birds",2111,3942.76445157989,5425.58482476951,5940.9115356619,6010.60151885324,6093.15114812707,6240.00553831809,6541.81943866241,NA
1864,"small divers",2111,11069.5799958353,22190.2097089944,35111.5220847255,37468.9355679908,40093.9106326975,42330.4551940693,47210.1584246409,NA
1864,"squids",2111,53825.6102159615,99150.0951011209,124806.6920754,143522.142103087,168570.883695058,303540.294997138,436123.752550281,NA
1864,"toothfishes",2111,1104.15500665494,206269.673693748,731296.415047996,1092955.97418953,1405942.71631964,1852483.30109559,4862826.86645545,NA
1864,"leopard seals",2111,2.45316510867763,1933.04322427545,2739.54706209358,3382.45457350687,3842.07216247377,4735.92347582687,16102.7430530759,NA
1864,"medium divers",2111,4378.89128010336,167502.447915635,275745.466570224,407242.678952533,575082.617740175,799529.817746938,1217483.25260376,NA
1864,"large divers",2111,21.6280174506435,6260.62109452203,10886.0000891363,18086.4234049021,34402.7057697845,148697.755883844,2051865.10660941,NA
1864,"minke whales",2111,0.0826122654669288,8020.13901760275,14102.1524551645,25496.5315766381,53287.6365649745,14045734.5778572,148928932.804904,NA
1864,"orca",2111,5472.84404086575,7367.57223661403,8513.86154531197,8990.326886713,9902.18110807887,16674.7590857461,248157.020336866,NA
1864,"sperm whales",2111,11581.6261790365,15009.2342570207,19980.9098441909,23401.2973680131,95121.2184628705,2296263.98148729,11456283.4341325,NA
1864,"baleen whales",2111,115750.216919498,179987.033367018,788170.205872727,793761.844857473,2920941.71834444,16719146.2075383,97844978.9217354,NA
1865,"mesozooplankton",2111,4.27489579620072e-137,7545834.64534293,11744666.3512535,16567498.7413616,19564399.4433246,23805940.8618412,27931295.2254075,NA
1865,"other krill",2111,38.3078414701692,1388331.65210254,4996309.19611714,10778513.1582174,29475510.1737239,73624888.0209702,121456475.415597,NA
1865,"other macrozooplankton",2111,1540661.39985629,7831086.17387312,14658334.5171686,17780816.5483453,21834012.7863537,26804803.4124551,36996606.5136169,NA
1865,"antarctic krill",2111,55442.1768230732,1576029.79831986,7396851.5168679,13930826.5590326,24530610.0540642,36568942.8385622,773234235.850602,NA
1865,"salps",2111,110728.100622533,470274.830133738,847586.71146106,1095403.83054388,1605863.83281052,2108490.48600999,2911270.95969506,NA
1865,"mesopelagic fishes",2111,6431.40840411886,509932.007456399,1368831.42575559,1882610.55257886,2757762.43210826,3718456.05938611,10692475.9893377,NA
1865,"bathypelagic fishes",2111,331414.391271414,1073322.18924228,1790006.77013355,2516191.41279892,3451197.8121421,4712470.53017505,15601386.420494,NA
1865,"shelf and coastal fishes",2111,1554164.5866097,2921013.99612745,4257306.44103638,4979275.79952799,5618137.59129804,6328739.21138002,24071179.9444341,NA
1865,"flying birds",2111,3940.89087545271,5424.64075036962,5939.12351160822,6008.93688519147,6091.37258212305,6239.37504734788,6540.84944554777,NA
1865,"small divers",2111,11037.3322013532,22155.7731504099,35092.2442708544,37414.4854308842,40080.0427253738,42324.388625006,47198.3747364487,NA
1865,"squids",2111,54306.3187001388,99684.1797501528,125101.778348887,143872.797817477,168957.37759973,303817.949472399,436216.864973953,NA
1865,"toothfishes",2111,1082.59108610289,206674.787392598,731336.013800991,1093175.2341003,1405877.71929276,1852788.80983567,4880137.61645606,NA
1865,"leopard seals",2111,1.79387158888108,1934.1568083867,2738.99483913986,3385.77384110773,3842.54012817028,4737.22799179222,15994.3336639594,NA
1865,"medium divers",2111,3672.2567744294,167769.579904681,275925.880572289,407343.838039423,574619.354666663,798883.699897636,1214486.92314533,NA
1865,"large divers",2111,15.9987556070538,6267.15659918539,10877.5475724281,18080.2295472966,34194.1127353782,147793.832635108,2039766.06138635,NA
1865,"minke whales",2111,0.0381453098898556,8016.82884122671,14104.7776657296,25486.6310377026,53071.935281116,13995797.5851714,148434361.377021,NA
1865,"orca",2111,5480.54086821501,7370.8702406731,8515.38307866989,8990.71141130077,9899.67778174571,16653.189136324,247505.807505923,NA
1865,"sperm whales",2111,11587.3386812797,15013.0529343007,19976.3779991393,23390.9076048707,94979.5058311317,2292144.7372067,11435613.4961274,NA
1865,"baleen whales",2111,115820.77569037,180005.702119606,787415.19294727,793014.610666519,2917466.1654059,16698010.8977117,97720075.0774168,NA
1866,"mesozooplankton",2111,3.73135073511335e-139,8636088.54165587,12411378.2843926,17073174.137745,20257953.6878903,24733517.8049564,29146986.983718,NA
1866,"other krill",2111,27.7548115688392,1342373.72613566,5077287.78321807,11166742.9874793,30139547.4332031,76333355.0510662,123770236.435739,NA
1866,"other macrozooplankton",2111,1505042.24088138,7543273.32968272,14553095.4699006,18146537.7321211,22131082.8100595,27780326.2725424,37701632.6634538,NA
1866,"antarctic krill",2111,54224.0327783458,1548964.21841608,7282069.16322815,13776937.2986854,24413058.0926441,36436704.2266097,720892123.237909,NA
1866,"salps",2111,109828.362175886,465362.688657638,841651.263341701,1090756.43020502,1599957.41618312,2104973.29567227,2908824.84176702,NA
1866,"mesopelagic fishes",2111,6261.30764892513,509616.293059923,1363094.61734613,1871918.1437079,2751279.73396024,3701619.35259978,10726321.567698,NA
1866,"bathypelagic fishes",2111,329895.945850046,1069608.66987248,1788110.55920457,2511991.17356342,3452402.83878315,4710336.11741625,15998466.2621473,NA
1866,"shelf and coastal fishes",2111,1562164.78426649,2927289.41264618,4263854.2867835,4985771.61420433,5625192.58310954,6334306.08885029,24106229.5146439,NA
1866,"flying birds",2111,3942.12596224601,5425.83041814978,5940.98379436962,6010.58027219063,6092.9141791206,6239.4469784802,6540.21376100647,NA
1866,"small divers",2111,11045.4774066927,22166.5222767162,35102.9577675789,37418.5498313307,40081.336785796,42323.1566365543,47188.2579218323,NA
1866,"squids",2111,54608.2640109403,100074.317071119,125544.928099977,144036.014238189,169211.444278934,303974.541685427,436444.138989785,NA
1866,"toothfishes",2111,1063.94830018078,207133.173320188,731792.53251238,1093205.34524014,1405956.45139209,1852713.92312606,4897549.71821353,NA
1866,"leopard seals",2111,1.28086589651872,1936.13621183919,2741.23463308017,3386.40819835629,3843.12601850037,4734.80945052206,15887.1409631475,NA
1866,"medium divers",2111,3042.10426176127,167139.37289566,276150.365669634,407292.104521916,574116.525738698,798726.284555484,1211490.44519349,NA
1866,"large divers",2111,11.5843322581439,6276.11825070879,10876.5741128883,18080.8921748249,34073.3098856511,146890.980490472,2027726.86787618,NA
1866,"minke whales",2111,0.0164187265279608,8013.91191829784,14115.5838407044,25489.9051435983,52855.3317249965,13946027.2173397,147941437.416352,NA
1866,"orca",2111,5488.59535600679,7374.54128604795,8516.98513159703,8991.25240325825,9897.54787555016,16632.3486803001,246856.409375793,NA
1866,"sperm whales",2111,11594.148109597,15017.7040342023,19972.3217140257,23380.7517190007,94838.2916828794,2288034.13372057,11414981.4468746,NA
1866,"baleen whales",2111,115902.320026723,180033.284102603,786662.385777586,792268.232276147,2913996.89251239,16676904.2218506,97595344.3202114,NA
1867,"mesozooplankton",2111,3.3593677877663e-141,6594917.31471519,11066223.1425328,16096845.3661879,19317074.677911,23751324.6905088,28006063.3070137,NA
1867,"other krill",2111,19.793643404813,1218241.30778381,4786328.62933238,10822405.2851573,30291760.1329939,76769289.738684,126449295.479398,NA
1867,"other macrozooplankton",2111,1405769.14214333,7257582.64856738,14229759.1676267,17849660.9045855,21637322.2984537,26857290.7344783,37404407.0962308,NA
1867,"antarctic krill",2111,51397.0009534544,1481600.99630501,7043300.27674937,13476033.5324054,24421219.8864401,36489123.856573,661202408.789282,NA
1867,"salps",2111,105869.340404033,447705.56086868,820985.118288259,1071512.58850383,1587715.67232461,2101443.037731,2905892.3631731,NA
1867,"mesopelagic fishes",2111,5962.45944898653,498156.240139286,1344407.99497053,1855355.69255736,2735815.56713864,3687548.41585229,10606270.4567383,NA
1867,"bathypelagic fishes",2111,324545.62084098,1062478.50981617,1778597.71231828,2493674.32394669,3443477.58899374,4702960.94922476,16114056.9789916,NA
1867,"shelf and coastal fishes",2111,1573160.87737699,2933905.88716233,4270507.11379959,4992187.75217901,5632677.57089728,6339425.37398692,24143436.011102,NA
1867,"flying birds",2111,3940.1070761991,5424.98332252104,5938.94606422569,6008.31282018356,6090.27286968534,6237.95963589245,6539.2078700447,NA
1867,"small divers",2111,11010.3433186424,22108.6532901255,35021.3467936443,37341.4558077013,40063.8051396694,42316.5403619796,47178.0263037319,NA
1867,"squids",2111,55373.2793672147,100556.169351009,126111.667337853,144583.493131782,169992.58472779,304371.388684762,436752.876632994,NA
1867,"toothfishes",2111,1039.48100833731,207376.989296356,732593.147486486,1092895.32310515,1405899.38323886,1852557.28303044,4914982.37969023,NA
1867,"leopard seals",2111,0.917873902514256,1937.57213811726,2742.09943856239,3387.61707357259,3843.92459808754,4731.91664713137,15781.0608054952,NA
1867,"medium divers",2111,2533.31791422776,167520.040380709,276505.845519891,407375.635834508,573688.497026564,798559.917265472,1208534.34143616,NA
1867,"large divers",2111,8.39303288689199,6285.97138501584,10875.557215867,18082.9368349209,34020.3470605968,146002.597196222,2015748.26756305,NA
1867,"minke whales",2111,0.00714029344784306,8011.22441607201,14118.0680853495,25487.8756649213,52687.4335104806,13896418.8252898,147450116.178956,NA
1867,"orca",2111,5495.93051813371,7377.4935532675,8518.1427732828,8991.31432421642,9894.44966583349,16610.4077885241,246208.691088299,NA
1867,"sperm whales",2111,11599.3954084259,15021.0165278825,19967.526567362,23370.5923807429,94696.9172093583,2283929.34833672,11394385.8079133,NA
1867,"baleen whales",2111,115971.5911343,180060.138457836,785909.118541779,791523.007499177,2910529.96900408,16655822.7662803,97470758.5668606,NA
1868,"mesozooplankton",2111,3.11294855409939e-143,9045533.04799351,12761872.5313713,17419934.4823606,20556507.4476351,24977207.649424,29485778.4430646,NA
1868,"other krill",2111,16.0568696430889,1264408.22006448,5110402.13401929,11333698.9526263,30951702.7201419,79971858.7162405,129012702.577833,NA
1868,"other macrozooplankton",2111,1382918.63668252,7469346.46075551,14677021.9676884,18347240.3421897,22373424.3778424,28052178.0349666,37768578.1063863,NA
1868,"antarctic krill",2111,50646.6749438644,1481868.63862189,7071246.11767421,13542297.0034229,24465752.1908351,36719795.57523,651970164.858622,NA
1868,"salps",2111,105099.181189433,451666.722603745,828926.329439818,1082804.53818157,1591115.40720069,2103261.2742739,2900603.9906398,NA
1868,"mesopelagic fishes",2111,5729.3237324118,495718.804706672,1339742.07771339,1843607.92241647,2721341.68556476,3670035.23418336,10363164.8212707,NA
1868,"bathypelagic fishes",2111,317621.841244359,1056002.24853297,1766705.93582975,2480190.14597991,3424147.3410964,4677364.15913851,15954189.5194289,NA
1868,"shelf and coastal fishes",2111,1574445.05540896,2935291.3547498,4270507.19142695,4993234.3327715,5632626.00435441,6339313.98571436,24149098.5475938,NA
1868,"flying birds",2111,3942.02065918654,5426.3487915492,5941.53427783576,6010.32038257545,6093.00128751932,6238.9296298057,6538.55699931992,NA
1868,"small divers",2111,11019.5074013345,22129.0835193199,35038.3051251236,37359.9597536239,40077.6709200953,42323.955164092,47166.6675091786,NA
1868,"squids",2111,55293.8397668281,100713.569433725,126244.534996878,144581.308222407,169962.143088302,304259.495300662,436954.340471117,NA
1868,"toothfishes",2111,1021.37543720086,207888.32633719,733492.430951205,1093178.67466003,1406027.30791325,1853026.1063799,4931659.73168551,NA
1868,"leopard seals",2111,0.632887027149208,1937.93606533824,2745.40464949463,3388.07273746005,3843.47970456596,4729.11041721749,15675.8141291671,NA
1868,"medium divers",2111,2058.21725177824,167741.967096001,276303.934402697,407376.14090807,573160.295684637,798398.456911753,1205556.04777914,NA
1868,"large divers",2111,5.86231656786903,6290.91207166893,10869.3860134972,18082.2257150486,33916.9485026223,145120.330336432,2003826.04925824,NA
1868,"minke whales",2111,0.00277467081576019,8009.44436347976,14119.4797008976,25490.2465456516,52511.4451826917,13846976.2640564,146960440.988798,NA
1868,"orca",2111,5504.14282511472,7381.28892352068,8519.90341537788,8991.96291917337,9892.49197369193,16590.1277577729,245562.84317073,NA
1868,"sperm whales",2111,11606.4701674908,15026.0009135511,19963.6531185366,23360.4634067469,94556.2955890926,2279834.10017091,11373828.4656493,NA
1868,"baleen whales",2111,116055.787002298,180095.744440447,785158.492745176,790778.436011325,2907069.85484383,16634770.3165755,97346349.438587,NA
1869,"mesozooplankton",2111,2.89763555023336e-145,8116005.77739427,12295316.9277564,16964421.5009982,20010186.119255,24322202.2272244,28688800.3785315,NA
1869,"other krill",2111,14.3887025648459,1301681.84049864,5170383.12136263,11432884.1036936,30907229.0749262,78818099.8602323,127288662.009123,NA
1869,"other macrozooplankton",2111,1406217.53327128,7852340.25228575,15119133.6752881,18872973.7616256,22820838.62634,28221512.6585586,37936077.1560917,NA
1869,"antarctic krill",2111,50100.0129438049,1489410.609364,7173154.5072646,13732463.189303,24615381.4050767,36899149.9920124,684457334.97167,NA
1869,"salps",2111,104913.769761581,457378.019192838,838977.557796481,1095454.30157491,1603794.47116822,2110513.38030614,2898045.9019917,NA
1869,"mesopelagic fishes",2111,5652.3200228302,500322.930281241,1349935.04749118,1859576.26892906,2722684.14105075,3669338.91390733,10091772.7319748,NA
1869,"bathypelagic fishes",2111,314928.733976584,1064138.16280496,1768964.42391513,2478457.37104028,3424297.93832944,4664231.28254303,15628480.8378448,NA
1869,"shelf and coastal fishes",2111,1579061.14480282,2939335.44780006,4271855.06682531,4995348.84620679,5633352.71642537,6339778.129991,24126881.0520393,NA
1869,"flying birds",2111,3943.68117219408,5427.5386259379,5943.51951846306,6011.55736262924,6093.73436421459,6240.80492746877,6537.83471097235,NA
1869,"small divers",2111,11046.7681274947,22178.1322108512,35100.0467966113,37420.6245776338,40094.8538391857,42327.8729697336,47156.5137850945,NA
1869,"squids",2111,54925.305496301,100722.502341667,126265.087532387,144480.906398838,169676.019728119,304078.294289334,436958.285190749,NA
1869,"toothfishes",2111,1007.30687705704,208512.878160227,734000.840838089,1094233.56521436,1406212.44969942,1853058.07578676,4947403.99299873,NA
1869,"leopard seals",2111,0.429166474357775,1938.22224727307,2748.46272050008,3388.37943404816,3843.28934632369,4728.52142920448,15571.6128606828,NA
1869,"medium divers",2111,1659.5607058292,167949.228478218,276210.443162928,407070.4802048,572616.645212452,798236.645547409,1202585.73384326,NA
1869,"large divers",2111,4.02894373913575,6301.84456220912,10855.0010087106,18080.8716754448,33751.6962577005,144374.854133339,1991962.26008324,NA
1869,"minke whales",2111,0.00102762505851741,8007.88724755185,14121.3760521659,25652.633133845,52241.2864797456,13797697.2287893,146472385.194501,NA
1869,"orca",2111,5512.54474879761,7384.25766373207,8521.77779186383,8992.67801494546,9890.76831018822,16570.1732871105,244918.776865414,NA
1869,"sperm whales",2111,11613.8089128273,15031.2551561089,19959.9177438449,23350.3465324609,94416.0296893548,2275746.61250912,11353308.3998553,NA
1869,"baleen whales",2111,116143.700469065,180133.286121998,784409.07932169,790034.766763118,2903614.50119335,16613745.1829467,97222103.2130837,NA
1870,"mesozooplankton",2111,2.63650665973781e-147,8681433.88481211,12599699.5160447,17097050.0162917,20051621.293466,24350159.5596862,28647920.7875867,NA
1870,"other krill",2111,13.1459027636013,1309850.8082363,5124666.94032179,11355320.1449676,30308538.5695045,76440121.4021388,125010190.78229,NA
1870,"other macrozooplankton",2111,1428742.18567062,7887972.23893273,14986323.26749,18397714.4695127,22426277.7761302,27590198.4871583,37287732.5975291,NA
1870,"antarctic krill",2111,49550.2729949662,1494330.88933374,7203188.46936072,13769546.898943,24494667.2674496,36753345.1354576,737310970.447481,NA
1870,"salps",2111,105467.874123769,463511.867061696,844290.985069089,1099509.66996176,1602290.38932586,2109038.30872489,2891724.13861538,NA
1870,"mesopelagic fishes",2111,5615.01922620235,503779.057797469,1355908.70006662,1861733.71576711,2724048.27763806,3661873.14891204,9867251.18970988,NA
1870,"bathypelagic fishes",2111,315119.485855193,1060739.1118283,1772780.56457944,2482279.22673369,3416148.63488022,4654481.20988921,15250888.8356138,NA
1870,"shelf and coastal fishes",2111,1576063.42822889,2938854.55441129,4270482.50968076,4994624.29437873,5629513.64196434,6341113.98192335,24080734.5888918,NA
1870,"flying birds",2111,3944.30040857495,5428.80239263789,5945.28627104708,6012.74093917121,6094.30482510043,6240.68246999066,6536.9688826681,NA
1870,"small divers",2111,11065.1522002403,22227.3995575351,35159.5554203202,37477.24978498,40099.6076987371,42323.5080604312,47144.2435378259,NA
1870,"squids",2111,54300.2369875673,100476.861165015,126166.582321688,144352.216729163,169219.042748249,303799.601461703,436639.64177628,NA
1870,"toothfishes",2111,992.706574321966,209163.291739983,734439.987245622,1094851.87469565,1406363.17523288,1852940.70666923,4961902.1530219,NA
1870,"leopard seals",2111,0.286668977808372,1938.42774131459,2749.24508344259,3388.26814342798,3842.34009187453,4729.30101437501,15468.3565150053,NA
1870,"medium divers",2111,1328.24167566419,168122.187301325,276299.4041609,406946.866088747,572060.768082551,798070.629018995,1199625.17113391,NA
1870,"large divers",2111,2.72485113175939,6311.27513051993,10853.0424765196,18073.6173813033,33587.0864600742,143425.7779262,1980155.79026045,NA
1870,"minke whales",2111,0.000364930273508333,8005.97228214415,14136.4024962499,25707.1474419704,52090.7642102835,13748579.9456779,145985935.24894,NA
1870,"orca",2111,5521.15254813207,7387.44920003673,8523.75586588857,8993.2722051215,9889.25476493268,16550.4975008396,244276.488347279,NA
1870,"sperm whales",2111,11621.170056066,15036.6313308468,19956.2405440045,23340.2305387092,94276.0584508351,2271666.56365438,11332825.4294295,NA
1870,"baleen whales",2111,116230.381117817,180169.657393519,783660.329430018,789292.001675306,2900163.10760602,16592746.5655817,97098013.6432054,NA
1871,"mesozooplankton",2111,2.49193625967913e-149,9002937.19263664,12798404.1630928,17399716.5897657,20474579.5461475,24854664.8951624,29235411.1771822,NA
1871,"other krill",2111,12.2871949802855,1347130.40714058,5249174.41729959,11520282.7570281,30460262.3620213,76276840.9454111,123977942.799485,NA
1871,"other macrozooplankton",2111,1467656.11789366,7908804.97389371,15122936.512327,18741317.7416652,22792125.8415166,28308838.105275,38064697.5238748,NA
1871,"antarctic krill",2111,49251.8324999262,1502381.50753837,7252037.85214972,13847103.3053514,24537684.507122,36648768.8284015,787883591.754372,NA
1871,"salps",2111,106472.20182858,468277.602011275,849456.828139123,1103940.15332241,1604539.48558266,2107607.42888684,2891016.5216755,NA
1871,"mesopelagic fishes",2111,5606.90769805489,506649.038182993,1364764.91868015,1865333.66317689,2728200.28708011,3668866.06166484,9736486.90986226,NA
1871,"bathypelagic fishes",2111,318640.639288545,1066576.69483223,1778610.84024606,2487120.66261102,3418181.16751997,4661884.92027938,14931199.087308,NA
1871,"shelf and coastal fishes",2111,1580388.93361461,2942734.46143777,4271359.39390661,4994145.31409011,5629742.08008425,6340978.2826509,24027134.4237789,NA
1871,"flying birds",2111,3944.18121499705,5429.86452315213,5945.37877537229,6012.62949964261,6093.84414828289,6240.01297496943,6536.10526472657,NA
1871,"small divers",2111,11082.1555926735,22261.279895426,35198.2176398862,37505.1037963509,40099.4832530904,42319.120708396,47133.5821892344,NA
1871,"squids",2111,54023.7075385127,100560.418006688,126121.067723754,144254.073216556,169063.288499281,303884.03025233,436352.947829686,NA
1871,"toothfishes",2111,976.425168312722,209752.232000066,735255.550144733,1095440.25742929,1406831.33292849,1853053.19772199,4975260.35781683,NA
1871,"leopard seals",2111,0.191848637733756,1938.84675398468,2749.21099855065,3388.16193088246,3841.81976101146,4730.46813938744,15366.2563403078,NA
1871,"medium divers",2111,1069.24077282246,168366.35688726,276546.423834799,406845.911188038,571538.743552594,797912.144277474,1196691.89966038,NA
1871,"large divers",2111,1.84530005384346,6313.55847320394,10854.3916355392,18072.0148304497,33408.457760043,142514.67963016,1968408.53678313,NA
1871,"minke whales",2111,0.000130023845889168,8007.17933754071,14145.7583860434,25706.7005758675,51945.1508701463,13699624.1737425,145501081.942281,NA
1871,"orca",2111,5529.58268148342,7390.3447121484,8525.58047479245,8993.82052601818,9887.44344813177,16530.4113503593,243635.928016281,NA
1871,"sperm whales",2111,11628.0214563544,15041.5173346513,19952.3137952889,23330.1318118092,94136.2130117197,2267593.28012045,11312379.1452563,NA
1871,"baleen whales",2111,116313.842309503,180204.011970501,782912.111804649,788550.312175317,2896715.53904032,16571774.3341187,96974079.1801337,NA
1872,"mesozooplankton",2111,2.344404895315e-151,9815990.31635344,13419190.4152503,17980725.8480594,20989915.238889,25263202.7020098,29741897.6778155,NA
1872,"other krill",2111,11.921507697142,1428505.99527519,5514871.60697318,11794264.2527072,30785095.6287639,76140126.2714827,123207926.407423,NA
1872,"other macrozooplankton",2111,1546179.09718655,8243756.59985177,15681656.7741255,19537843.0679263,23624208.0398876,29207647.3514231,38913914.7041021,NA
1872,"antarctic krill",2111,49924.463994936,1529785.06750499,7417816.77585276,14108226.6442438,24705203.7558842,36783117.6730217,832526740.289845,NA
1872,"salps",2111,109279.358054666,477669.453683301,861444.209797743,1114420.50336726,1616308.5474723,2110577.44839975,2893598.20703192,NA
1872,"mesopelagic fishes",2111,5701.99579023555,513324.451265362,1380302.69104927,1884235.00619831,2740747.32486706,3680929.3495429,9695338.53088191,NA
1872,"bathypelagic fishes",2111,324857.5897368,1079127.58044716,1792471.96024036,2499450.81684548,3431816.56300002,4666073.12815973,14713365.1876713,NA
1872,"shelf and coastal fishes",2111,1587742.45291041,2948211.69274944,4278649.01069965,4995436.30969986,5632593.75969102,6344462.2892242,23975332.8852627,NA
1872,"flying birds",2111,3944.45006203149,5431.98622166541,5945.97550043512,6012.71205617202,6093.60154647557,6239.90313673499,6535.32738163551,NA
1872,"small divers",2111,11106.7373833158,22303.6821448756,35228.8498525763,37522.9122369673,40108.2082289795,42316.4432088387,47123.9863500045,NA
1872,"squids",2111,53907.9643769757,100768.8749995,126163.201194306,144203.269160737,168996.574522182,304069.070840111,437335.184247973,NA
1872,"toothfishes",2111,960.411352691497,210415.430638351,736611.815948137,1095696.9703982,1407498.41631098,1853022.36299533,4987517.26089501,NA
1872,"leopard seals",2111,0.127444678769432,1939.25540671731,2750.40763096929,3387.68513345903,3841.12067124323,4734.0710042445,15265.2055655201,NA
1872,"medium divers",2111,858.815143397606,168602.785022628,276653.484783651,406743.217319148,571015.194085044,797557.668039399,1193772.66973232,NA
1872,"large divers",2111,1.23942321050966,6293.43344090338,10858.7405746969,18070.2261033281,33264.11944421,141632.013417087,1956719.27865516,NA
1872,"minke whales",2111,4.51580418268553e-05,8004.68457632652,14151.9915398735,25609.6995878276,51799.5575495808,13650829.7892727,145017827.818095,NA
1872,"orca",2111,5538.13947149859,7393.36137189606,8527.4460899921,8994.40512276398,9885.7322524237,16510.4695045587,242997.117690054,NA
1872,"sperm whales",2111,11635.0313665701,15046.4687230259,19948.4376481744,23320.0515745661,93996.6391741422,2263527.46875756,11291969.8489608,NA
1872,"baleen whales",2111,116398.037943397,180238.687833077,782164.847654802,787809.580711391,2893272.40804762,16550828.9453112,96850304.2974964,NA
1873,"mesozooplankton",2111,2.04044170141662e-153,9419903.57594403,13225142.531927,17673463.0863749,20582698.9399132,24728146.3751046,29126167.7030831,NA
1873,"other krill",2111,11.0164680579522,1457950.06228162,5483773.91364083,11606652.0195281,30246144.9966083,73931175.9140475,121024402.459038,NA
1873,"other macrozooplankton",2111,1629653.80581947,8459686.42167445,15872456.6492338,19360269.9398951,23538224.0792642,28772772.388989,38417222.6374836,NA
1873,"antarctic krill",2111,50601.4460168199,1548691.90814787,7546275.5786317,14266256.1157734,24761553.9800627,36649444.1016664,856188478.333769,NA
1873,"salps",2111,112367.696477716,484285.047096388,868548.831800145,1118556.67019958,1624797.91604718,2113576.50275815,2894493.40269285,NA
1873,"mesopelagic fishes",2111,5893.89848532598,522835.471696156,1402208.49443536,1903804.61238446,2757487.46730185,3695793.23682996,9718921.48273218,NA
1873,"bathypelagic fishes",2111,333200.703721764,1096984.88848222,1813420.72972851,2516100.6501661,3449185.97194455,4668829.75874713,14601860.1863074,NA
1873,"shelf and coastal fishes",2111,1594334.21769147,2953468.00710038,4284825.67738228,5000702.67132588,5634819.28547797,6347055.45093289,23983097.3077591,NA
1873,"flying birds",2111,3944.93245152503,5436.36137414311,5946.63152651014,6013.38612122442,6094.11908853972,6239.60175800523,6534.59218732359,NA
1873,"small divers",2111,11136.9588191573,22357.5128137476,35258.2299627921,37542.2588476319,40113.7635799667,42317.4837592321,47114.8581875903,NA
1873,"squids",2111,53845.6707016304,101013.183451066,126293.004846807,144184.920143072,168968.918954253,304258.166264834,439719.311395083,NA
1873,"toothfishes",2111,945.427160563508,211183.108426079,737782.354318758,1096754.07428074,1408270.42606909,1853055.61558232,4998956.19528042,NA
1873,"leopard seals",2111,0.0839106450458023,1939.60517322777,2750.7247924166,3387.20374180199,3840.40149752126,4738.02600591269,15165.1561377689,NA
1873,"medium divers",2111,686.934915812965,168814.257974607,276716.519875784,406714.211053672,570482.28363469,797200.542871088,1190864.4405396,NA
1873,"large divers",2111,0.824037296800382,6294.24315763246,10863.1845266358,18065.8517147506,33141.5740027897,140729.08336041,1945087.55645399,NA
1873,"minke whales",2111,1.52099040440001e-05,8001.18728718231,14164.1308081036,25595.3148275109,51637.4252255897,13602196.0690524,144536167.457598,NA
1873,"orca",2111,5546.89357274215,7396.59685063875,8529.38894747227,8995.02739861549,9884.20108358968,16490.7892617646,242360.054149871,NA
1873,"sperm whales",2111,11642.3509475569,15051.6037737291,19944.6774019696,23309.9909368991,93857.3627384159,2259469.26269979,11271597.5463417,NA
1873,"baleen whales",2111,116483.078448559,180273.777943196,781418.559186106,787069.778455478,2889833.73094597,16529910.3717959,96726688.7697788,NA
1874,"mesozooplankton",2111,1.72972693962909e-155,8700935.34200576,12561808.8100103,17181675.1904343,20301867.7737846,24613569.2602352,28978104.4138561,NA
1874,"other krill",2111,9.04862194714685,1414448.96550763,5205280.81904279,11164235.4420887,29815792.3920562,73234995.9353471,120309254.784078,NA
1874,"other macrozooplankton",2111,1657087.10656861,8228429.44980291,15322742.2395351,18726149.40439,22866507.8133807,28181081.945348,38180066.783888,NA
1874,"antarctic krill",2111,50115.0690803454,1542981.87026394,7481601.45675948,14094562.6467088,24561020.3222852,36407944.5014062,838916706.614089,NA
1874,"salps",2111,113046.790521694,479004.549628189,861025.972717647,1109467.68945241,1620121.13570197,2113169.35782269,2897409.00458987,NA
1874,"mesopelagic fishes",2111,5993.87420124718,526610.96633999,1410249.0745397,1910335.22117811,2771610.03075881,3709192.1114857,9772293.34785276,NA
1874,"bathypelagic fishes",2111,341536.790902349,1109993.06115646,1831219.18077453,2532701.20048782,3470980.38410979,4688268.40956615,14575605.2298215,NA
1874,"shelf and coastal fishes",2111,1609324.93113449,2964843.97928999,4295650.27567071,5009035.78420631,5641521.07703529,6354081.40861412,24397756.8737881,NA
1874,"flying birds",2111,3943.9162020067,5433.05313567648,5945.80697545934,6012.19774985067,6093.18454816723,6239.0602177632,6533.78723640156,NA
1874,"small divers",2111,11148.432873216,22366.2448987335,35237.3136157606,37523.266896153,40106.4081823577,42315.3145871093,47107.3585035425,NA
1874,"squids",2111,54424.4217160654,101458.325063443,126664.008409248,144590.559094724,169416.429458977,304866.931554902,441299.306866702,NA
1874,"toothfishes",2111,927.181688796264,211867.347337194,738833.517160879,1098010.78917935,1408958.47198984,1853441.59967934,5010114.21094945,NA
1874,"leopard seals",2111,0.0562204224786227,1940.33951519479,2751.45042707307,3387.52519900565,3840.11410654481,4739.15465337822,15066.2712619328,NA
1874,"medium divers",2111,557.482531184398,169161.856644079,276574.37161898,406599.965961806,570012.083127134,796845.392771989,1187993.17063972,NA
1874,"large divers",2111,0.556337889055765,6301.51619771336,10861.6457408111,18064.3685328124,33028.4347021549,139851.96942049,1933515.43756114,NA
1874,"minke whales",2111,5.35241264349668e-06,7997.18367457102,14151.2155960497,25579.3212289494,51476.0559422024,13553721.5927322,144056079.907695,NA
1874,"orca",2111,5555.15100978496,7399.16463097334,8530.97342613736,8995.42891267444,9881.99222180205,16470.2468360227,241724.654051197,NA
1874,"sperm whales",2111,11648.7434385231,15055.7852592155,19940.4353678209,23299.9535782078,93718.0658226246,2255417.28636304,11251261.4928178,NA
1874,"baleen whales",2111,116560.28623456,180304.392571577,780672.417446607,786331.127441828,2886398.29915266,16509017.5666859,96603222.6684091,NA
1875,"mesozooplankton",2111,1.50351979801115e-157,8929257.70317862,12741855.2648347,17388921.2786654,20591425.5981181,25003821.5183495,29456379.9899621,NA
1875,"other krill",2111,7.09201432308323,1372364.13157248,5142513.6600245,11193776.3930771,30284618.0524944,75219893.6468517,122180448.993404,NA
1875,"other macrozooplankton",2111,1642497.93428554,7928066.41562901,15165636.230734,18770049.2684697,22874612.3709215,28461448.4025754,38618413.6549951,NA
1875,"antarctic krill",2111,49322.9223352844,1531513.42330784,7388353.29259406,13981108.7876805,24536477.5263374,36337512.4128001,797523402.682592,NA
1875,"salps",2111,112686.822231436,472609.171230153,852559.099536584,1100173.16118182,1617397.75482343,2110057.51622923,2900609.05695474,NA
1875,"mesopelagic fishes",2111,5944.76546663776,524873.300472647,1405637.45651801,1904712.89439938,2778444.06725165,3715725.52377253,9802889.16196432,NA
1875,"bathypelagic fishes",2111,346136.639486211,1116817.18954145,1823703.97991925,2537890.84600523,3483679.7060303,4715902.99666059,14568454.9192279,NA
1875,"shelf and coastal fishes",2111,1626293.14618524,2979203.45315046,4307470.38187089,5019486.15415385,5649536.24050242,6361293.30617435,24770558.0563111,NA
1875,"flying birds",2111,3942.55055662461,5429.76886455365,5943.86609370557,6010.83057538615,6092.30958924991,6238.18720215089,6532.98885897695,NA
1875,"small divers",2111,11142.9448117492,22340.9871412798,35176.1866465772,37473.6148974631,40088.7513761758,42307.3228464536,47099.558226948,NA
1875,"squids",2111,55410.8211212613,102176.751805569,127248.14517231,145117.64840468,170134.101606755,305483.338333723,441921.85642293,NA
1875,"toothfishes",2111,905.422606719133,212501.579104979,739810.525114408,1099956.5891594,1410511.42619807,1854841.08415048,5021144.1652954,NA
1875,"leopard seals",2111,0.0380091253392299,1940.46736554886,2753.48143510627,3388.80626309603,3840.96245332742,4739.22882639688,14968.4245803527,NA
1875,"medium divers",2111,455.254793416707,169315.037165287,276219.619772238,406429.863268014,569576.32684677,796550.119460456,1185147.3465289,NA
1875,"large divers",2111,0.37798576278392,6310.24165028244,10867.7593693397,18064.6976017521,32985.6689729408,139112.557285345,1922001.73631511,NA
1875,"minke whales",2111,1.91784244439616e-06,8000.13610944033,14145.6622327912,25589.7757349713,51321.6687596657,13505406.1403804,143577565.367869,NA
1875,"orca",2111,5563.0700537421,7401.33307053678,8532.33067194623,8995.64496612188,9879.37715093663,16449.2573714172,241090.931049515,NA
1875,"sperm whales",2111,11654.6239052383,15059.4062411435,19935.9071786738,23289.9336810541,93578.8420295038,2251372.04082297,11230961.8948874,NA
1875,"baleen whales",2111,116632.412351516,180332.203379914,779926.767399564,785593.516715325,2882966.58675265,16488150.8525504,96479909.1249964,NA
1876,"mesozooplankton",2111,1.28212375430591e-159,8286528.02166139,12284401.3142842,16947710.83713,20035785.3152561,24309955.2467906,28729134.180619,NA
1876,"other krill",2111,5.49325998549417,1324366.52431616,5053860.48351507,11121750.2245724,30219468.6955955,75824226.3302633,122978992.421803,NA
1876,"other macrozooplankton",2111,1626652.61541535,7815017.55009272,15134981.6844031,18697051.8190005,22748196.4751321,27997937.8632404,37924654.5906858,NA
1876,"antarctic krill",2111,48434.1637860147,1519924.50589514,7341148.21530629,13902677.2738584,24534412.9318716,36352823.8465573,782352839.205181,NA
1876,"salps",2111,112117.040686588,468744.748823968,848870.41346404,1097097.77567458,1616006.78426254,2110895.0448416,2898930.92729934,NA
1876,"mesopelagic fishes",2111,5901.08208670014,526646.036690995,1406553.20102041,1905836.4378201,2777920.2743128,3712832.88927649,9771025.52372737,NA
1876,"bathypelagic fishes",2111,347440.445707005,1120155.48244082,1824630.02629919,2539069.39246178,3483398.89963454,4720483.64957794,14508207.7574849,NA
1876,"shelf and coastal fishes",2111,1639041.43553538,2989920.37677824,4316895.52529757,5029021.7746316,5656123.79944139,6366003.35919717,25085463.615594,NA
1876,"flying birds",2111,3943.83335362842,5433.07759805402,5945.94392683216,6012.3366103787,6092.72827548991,6238.37216313959,6532.42763024711,NA
1876,"small divers",2111,11166.9060170306,22363.9319914488,35171.7476958437,37468.4061036644,40092.217448566,42312.8498024352,47091.5034848632,NA
1876,"squids",2111,55982.5630740739,102609.574794492,127686.448902305,145362.339126271,170492.339081208,305792.76280965,441148.03186579,NA
1876,"toothfishes",2111,887.20407841988,213660.834910839,741085.350123482,1102120.35029018,1413473.10453034,1855335.27838549,5031934.12714514,NA
1876,"leopard seals",2111,0.0250929377230517,1940.1706495466,2755.55738275573,3389.10993146386,3840.54930917512,4739.35306503544,14871.4650125912,NA
1876,"medium divers",2111,365.209147519179,169480.784884192,276229.041053484,406212.91141869,568516.243145524,796282.525563236,1182292.09944254,NA
1876,"large divers",2111,0.250385319566624,6224.9011313287,10885.1745209562,18064.3214663199,32945.3941205334,138372.900639635,1910543.74467745,NA
1876,"minke whales",2111,6.36240236240626e-07,7998.63535294028,14179.428425283,25584.0369777963,51157.1267493686,13457251.2453715,143100644.058221,NA
1876,"orca",2111,5571.50801015959,7404.23809338174,8534.02046683497,8995.9854212789,9876.82451124219,16429.2960325623,240458.987344245,NA
1876,"sperm whales",2111,11661.7899502628,15064.0840845249,19931.9659301096,23279.9477552549,93440.1721932377,2247335.52815127,11210699.6905551,NA
1876,"baleen whales",2111,116714.141082556,180365.831901164,779183.226143892,784856.664930291,2879540.89866115,16467312.1995122,96356764.7448608,NA
1877,"mesozooplankton",2111,1.1261768736049e-161,8183550.19327363,12224704.8041699,16970195.0364833,20080728.2473603,24556972.1348612,28940032.4475225,NA
1877,"other krill",2111,4.18091023942007,1253330.66065306,4906744.39067964,10995475.8886134,30296541.3791953,76710902.4836469,124928757.2582,NA
1877,"other macrozooplankton",2111,1548794.36119365,7552890.65121253,14668614.4236849,18189286.7604074,22124513.7172644,27429353.30896,37740276.1480828,NA
1877,"antarctic krill",2111,46766.5202690371,1480083.47339424,7166658.89346755,13654124.8332998,24441940.6980364,36340025.4002117,843491108.153179,NA
1877,"salps",2111,109435.501956702,457831.298908573,833934.619186117,1082239.7899685,1601952.77692195,2106606.54942572,2895327.70402954,NA
1877,"mesopelagic fishes",2111,5682.11361651314,517594.725052988,1383837.49278231,1881581.32772674,2761666.15017267,3706877.02449855,9672479.94766106,NA
1877,"bathypelagic fishes",2111,344392.023127436,1104223.68118212,1809172.56205466,2520448.32482346,3466820.54877765,4724135.81413954,14372597.4502906,NA
1877,"shelf and coastal fishes",2111,1645938.31414999,2995210.97473547,4322544.70296396,5034354.10613834,5662371.04238646,6369262.52934133,25343847.9597369,NA
1877,"flying birds",2111,3941.31821886402,5430.19135837458,5942.75988922669,6010.03883579055,6090.58839156274,6236.57058769015,6531.4271943228,NA
1877,"small divers",2111,11134.2180283475,22302.7840144198,35080.8664006502,37390.4981232394,40069.3829158083,42300.1356911837,47081.5222704685,NA
1877,"squids",2111,56900.8821654937,103019.418410796,128033.807869814,145698.95059345,171124.724909844,306257.417441531,439475.598342343,NA
1877,"toothfishes",2111,862.847905471626,215059.892929616,742286.431170286,1103296.2814891,1414482.854793,1855805.36570102,5042585.91378159,NA
1877,"leopard seals",2111,0.0170168446497349,1939.15669952425,2758.40771951928,3390.02260787573,3839.74601736075,4739.35112576278,14775.4362045427,NA
1877,"medium divers",2111,298.028321702766,169851.519929366,276218.815195942,406267.342502854,566899.27706536,795996.949832876,1179478.07439799,NA
1877,"large divers",2111,0.169610047932978,6228.33512264003,10896.577795956,18065.0885558596,32853.9727185037,137642.258649259,1899143.9725165,NA
1877,"minke whales",2111,2.27701679202527e-07,7995.32157935604,14192.0463106472,25589.2109731365,51008.2699509332,13409252.5145223,142625267.65717,NA
1877,"orca",2111,5579.11053950764,7406.76930721223,8535.18256592833,8995.99239771726,9873.05302600037,16408.1034230925,239828.666018904,NA
1877,"sperm whales",2111,11667.1527640356,15066.4813653768,19927.1964907885,23269.950883174,93301.2821266155,2243304.4252805,11190473.151768,NA
1877,"baleen whales",2111,116780.274967252,180394.480602289,778438.97927568,784120.959434974,2876117.12052166,16446498.0352293,96233759.4985387,NA
1878,"mesozooplankton",2111,1.00503641694025e-163,8012275.44257286,12136777.4645817,16805948.6526989,19782051.0960836,24063117.9293704,28340960.3871636,NA
1878,"other krill",2111,3.38894308553521,1241639.34880688,5000393.10292056,11072201.3571471,30322147.093494,77963809.2303891,126514415.855425,NA
1878,"other macrozooplankton",2111,1449714.40485725,7320799.15073159,14274742.6756532,17774481.7343946,21625584.7709627,26854481.9763685,36781547.5654534,NA
1878,"antarctic krill",2111,45199.1870133308,1440350.20784926,7035169.77558867,13435215.3986434,24311454.7891312,36296407.60697,889645939.458886,NA
1878,"salps",2111,107036.353674629,451170.734765021,823092.442592322,1070487.75114866,1587222.20842022,2096219.03568506,2881362.97960957,NA
1878,"mesopelagic fishes",2111,5337.19575020827,504227.637193137,1345863.08593209,1838784.96530367,2722132.53974336,3681764.04631474,9504575.42242049,NA
1878,"bathypelagic fishes",2111,334137.262844265,1059879.32139109,1762768.7623983,2472883.06530041,3407161.68575426,4690419.93411504,14127689.3756638,NA
1878,"shelf and coastal fishes",2111,1627037.28910147,2982683.96333031,4316727.89083718,5031384.58725247,5657200.58903083,6362187.20757198,25526370.1484913,NA
1878,"flying birds",2111,3940.04861542706,5429.46330880262,5941.182120571,6009.25023263411,6089.3215961346,6235.10051147596,6530.46028602985,NA
1878,"small divers",2111,11087.7715501553,22249.8099684812,35015.5543142489,37317.8576976262,40053.519612904,42283.0435346703,47066.6400369483,NA
1878,"squids",2111,57112.0161784931,102824.073917358,127890.514805897,145546.241400105,171121.514956822,306123.870504795,436754.517002516,NA
1878,"toothfishes",2111,838.397625455475,215620.244410227,743144.341873596,1104226.12702145,1415237.53090385,1855992.62939947,5052539.51260469,NA
1878,"leopard seals",2111,0.0113063981695205,1937.81716864867,2759.76064299911,3390.16869815799,3838.82130941818,4745.50987123201,14679.9793237852,NA
1878,"medium divers",2111,238.725735737884,170053.088770512,276047.74973582,406348.012906571,565187.550662491,795862.522855246,1176657.8024317,NA
1878,"large divers",2111,0.112139395121298,6231.28485523274,10907.5050987744,18063.557360518,32748.634402617,136912.017604769,1887797.74716952,NA
1878,"minke whales",2111,7.65467719950018e-08,7984.10580170977,14216.4410550981,25585.2625191556,50851.0505401263,13361411.699187,142151461.447002,NA
1878,"orca",2111,5587.05748023489,7410.00791991824,8536.60291592879,8996.11185859304,9869.97286317874,16387.7338893849,239200.114983437,NA
1878,"sperm whales",2111,11673.0355660368,15068.8832673422,19922.7650291934,23259.9562041588,93162.7793086669,2239281.30409397,11170283.5817287,NA
1878,"baleen whales",2111,116848.074449303,180428.266701435,777696.09443932,783386.014726382,2872698.19815178,16425710.7500916,96110913.4252468,NA
1879,"mesozooplankton",2111,9.50927806498564e-166,7253506.87597064,11610761.0296401,16436763.8133891,19508622.5765545,23920524.0471701,28218340.943177,NA
1879,"other krill",2111,2.85614306928096,1199930.91957928,4972605.14532429,11119775.04409,30446366.4631713,78785769.0658123,128185798.241935,NA
1879,"other macrozooplankton",2111,1346667.82415634,7065003.21250884,13970832.6913424,17446304.4092113,21158829.1773986,26443374.6845641,36529855.6875592,NA
1879,"antarctic krill",2111,43312.055081834,1393468.3052976,6881810.12986774,13261082.5436411,24253326.2041591,36318862.891923,880616809.621605,NA
1879,"salps",2111,103728.279783411,442487.031426158,811124.587713873,1059229.42373178,1571980.02355407,2090486.00198497,2871601.15491949,NA
1879,"mesopelagic fishes",2111,4952.06209538834,484444.727614003,1303323.59833026,1796782.01322462,2679571.36516912,3645309.93237716,9315432.51250421,NA
1879,"bathypelagic fishes",2111,321540.4706263,1026524.68270055,1722626.42357482,2430144.46077497,3362345.18064568,4654668.75264076,13821691.1632662,NA
1879,"shelf and coastal fishes",2111,1607722.73955438,2965635.43880477,4303383.83566471,5021737.46431133,5647008.37533351,6350869.94795051,25642693.8255261,NA
1879,"flying birds",2111,3938.27206891233,5426.08140523547,5938.86400978242,6007.39366007635,6087.72074038979,6232.55420628924,6529.41328659,NA
1879,"small divers",2111,11028.8947324963,22174.3431964212,34934.1973675515,37252.4362971268,40022.2686710369,42264.9432029409,47051.5806490399,NA
1879,"squids",2111,57228.2824241205,102160.108589111,127394.838218409,145273.736488761,170994.75257179,306228.637847917,436853.796022768,NA
1879,"toothfishes",2111,814.321856989836,216062.378208323,744177.241202208,1104708.65908555,1415785.60338561,1856079.73557489,5061678.39210695,NA
1879,"leopard seals",2111,0.00757749044630161,1936.86602771781,2759.62101057962,3392.11063036468,3839.16964119735,4751.63332992973,14609.4517736821,NA
1879,"medium divers",2111,192.176245071959,170153.438830096,275866.242581118,406307.855477455,563994.593610724,795819.08188981,1173857.9910981,NA
1879,"large divers",2111,0.0746302508768744,6233.85555588531,10915.2036602173,18053.2622655113,32665.2591143348,136187.182345359,1876508.10036951,NA
1879,"minke whales",2111,2.63400525939008e-08,7979.396662433,14205.1527636097,25585.9127064064,50699.6769152465,13313728.4226212,141679211.023315,NA
1879,"orca",2111,5594.64868755503,7412.88178404188,8537.83172276493,8995.83522847039,9866.4808615791,16366.9833416744,238573.250391154,NA
1879,"sperm whales",2111,11678.1813600488,15070.8261728114,19918.0964321896,23250.3942589991,93024.3206528687,2235264.76001939,11150130.1432379,NA
1879,"baleen whales",2111,116912.607519383,180459.089226214,776953.971808431,782652.066827512,2869283.32609688,16404949.7716577,95988221.2136568,NA
1880,"mesozooplankton",2111,9.782178495253e-168,9551924.12233165,13174600.0778079,17903459.2400812,21049344.2343326,25588487.6842675,30258457.4501907,NA
1880,"other krill",2111,2.79385273422971,1335398.395269,5538788.40297594,12034893.6901179,31764308.8886242,81677325.37707,130422637.169313,NA
1880,"other macrozooplankton",2111,1356743.36323141,7531829.37713952,14980654.9204826,19054309.5311652,22949044.687107,29080293.4538459,38841987.1661113,NA
1880,"antarctic krill",2111,43472.339260932,1409009.63436914,7084827.05572377,13611374.1574936,24550950.7992273,36906525.5351704,861606645.327546,NA
1880,"salps",2111,103946.510421091,451522.836374613,826077.886702729,1081052.20964127,1583908.29197291,2101068.70497198,2876968.74104882,NA
1880,"mesopelagic fishes",2111,4728.34569168177,484574.055472695,1301670.42011464,1795032.36898121,2671012.96360625,3635186.19547404,9153720.27259099,NA
1880,"bathypelagic fishes",2111,312912.819302941,1023488.06819185,1713225.74283125,2414580.48544361,3342752.12127478,4627687.95799688,13511294.0523084,NA
1880,"shelf and coastal fishes",2111,1602933.13801476,2957094.38348245,4292626.62796864,5008308.83476861,5637478.48702762,6340465.09036378,25702519.2719518,NA
1880,"flying birds",2111,3939.15308647531,5427.73911304251,5939.21956941783,6007.88392453187,6088.25137079,6232.33100064203,6528.67146144848,NA
1880,"small divers",2111,11014.3024362524,22150.0963399807,34916.2847395879,37260.5668010342,40024.9919152742,42269.4334158492,47039.9465436631,NA
1880,"squids",2111,57127.5665359821,101781.020364384,126734.221086387,144858.964331402,170552.13396913,305960.104141085,437063.149649072,NA
1880,"toothfishes",2111,796.254292603076,216576.420554843,745768.669065216,1105969.6167777,1415513.3887639,1856797.60920577,5069752.60316067,NA
1880,"leopard seals",2111,0.00502382414352303,1935.81947133359,2761.57503990483,3393.65330094584,3838.51249312136,4750.60725798458,14822.4831116527,NA
1880,"medium divers",2111,153.678734092998,170273.864100338,275762.799906745,406236.671929976,563560.692458757,795765.340588635,1171058.59703575,NA
1880,"large divers",2111,0.049159898534499,6236.94476612743,10918.2761877716,18048.6889082269,32596.5215986639,135464.084562717,1865274.96022629,NA
1880,"minke whales",2111,8.74943105363028e-09,7973.64159817362,14205.485889378,25554.8050173455,50544.1593850155,13266205.1269011,141208535.76671,NA
1880,"orca",2111,5602.41249035035,7415.97827694163,8539.42996917392,8995.85872951121,9863.38950840046,16346.7318951311,237948.135692735,NA
1880,"sperm whales",2111,11683.9807088274,15073.2213096344,19913.826923061,23240.9184337873,92886.30840527,2231256.24975909,11130013.5256842,NA
1880,"baleen whales",2111,116987.232728194,180488.550583001,776214.113574991,781918.978410989,2865874.71685606,16384217.0947998,95865698.4564031,NA
1881,"mesozooplankton",2111,9.17820799367808e-170,7233011.51335379,11770411.0589519,16660090.656105,19654637.6778807,23862049.737104,28153262.8290139,NA
1881,"other krill",2111,2.65465468271669,1266444.20340398,5282492.97173127,11443248.1216842,31072189.7785024,79730576.5289927,128914375.097056,NA
1881,"other macrozooplankton",2111,1335409.55308776,7714958.32497681,15022891.9333429,18608452.5587048,22568233.144702,27664659.6380236,37742015.9400097,NA
1881,"antarctic krill",2111,42684.3697432821,1401948.58216266,7115137.60888498,13727073.6720383,24735480.8313527,37119101.8274486,827690258.818508,NA
1881,"salps",2111,103082.57835675,451097.065283468,829231.238636083,1083371.13094734,1587935.01407544,2108209.13460972,2881487.06633322,NA
1881,"mesopelagic fishes",2111,4578.97930458105,478007.15629298,1299766.71051264,1802891.58792103,2676459.55765492,3642004.06309871,9064119.08687637,NA
1881,"bathypelagic fishes",2111,307548.320955958,1025959.48354069,1718496.51702762,2411577.80296369,3339330.40979173,4632578.62663372,13268897.1148183,NA
1881,"shelf and coastal fishes",2111,1595254.32991916,2948882.04084719,4279245.21951077,4993498.56249232,5626849.96898449,6330739.01064378,25731042.6474827,NA
1881,"flying birds",2111,3937.96983394953,5424.30433811865,5938.13127285387,6006.57670050877,6087.0059527058,6231.77815301021,6527.67889476559,NA
1881,"small divers",2111,10975.5327617185,22105.2989195531,34893.3483755535,37262.4016778474,40024.1997428024,42262.5567078428,47027.4653788836,NA
1881,"squids",2111,57016.4550545068,101331.063101377,126067.768311564,144453.985000999,170016.775403889,307460.319412139,437150.841598101,NA
1881,"toothfishes",2111,778.189692584191,216999.745984994,747122.098705435,1105683.08843699,1414836.55749024,1857240.04042894,5076778.49153802,NA
1881,"leopard seals",2111,0.0033488986773416,1934.7156832303,2763.55262290802,3393.39979538712,3837.76741573673,4758.53602219022,15031.3954709551,NA
1881,"medium divers",2111,123.297096477769,170412.823812096,275660.446509802,405668.465005993,563013.440225963,795653.278977544,1168277.34742113,NA
1881,"large divers",2111,0.0325053406447076,6242.00256607586,10919.352542964,18047.2650886071,32472.3048937448,134745.913260852,1854097.93640402,NA
1881,"minke whales",2111,2.95685070436403e-09,7964.30740454782,14226.6798630136,25567.0290732308,50393.0439058187,13218837.7663826,140739403.304349,NA
1881,"orca",2111,5609.91651734817,7418.80394036205,8540.6535201617,8995.61679890889,9860.00032948033,16326.2153736875,237324.714649083,NA
1881,"sperm whales",2111,11689.1558286821,15075.2741273927,19909.3620146414,23231.4739234083,92748.4404697591,2227254.34145738,11109933.0031503,NA
1881,"baleen whales",2111,117056.449930239,180515.259689554,775474.62244069,781186.855049582,2862469.54770127,16363510.1775037,95743325.8645506,NA
1882,"mesozooplankton",2111,8.54361518803167e-172,10162631.8524693,13594951.0309664,18244989.982415,21240401.241119,25624978.0339612,30234290.5386926,NA
1882,"other krill",2111,2.57833791799836,1415456.3590921,5601919.35816828,11943440.4440012,31250120.1396538,78379401.7684942,127618174.054213,NA
1882,"other macrozooplankton",2111,1405538.97441731,8136611.61259729,15480866.5594051,19136657.8179362,23276555.8237838,29183411.6685095,38563574.786591,NA
1882,"antarctic krill",2111,43668.403794582,1442679.57563406,7340418.82535185,14034071.1851442,24807409.3404451,37170438.6033743,833166235.059142,NA
1882,"salps",2111,105833.360875081,467065.376552001,850450.668725029,1107916.04002092,1602145.37116916,2116284.10675238,2890628.48471112,NA
1882,"mesopelagic fishes",2111,4574.91365822914,488509.129856887,1321629.93761125,1833609.44098787,2697886.4035031,3663031.23224231,9061152.82400887,NA
1882,"bathypelagic fishes",2111,307627.142029154,1037026.99140109,1739740.3446092,2430987.35625305,3358974.4774355,4650300.91962674,13216989.5374702,NA
1882,"shelf and coastal fishes",2111,1593320.14786116,2947618.43064375,4266643.0962906,4983547.19402392,5617547.45049167,6324617.03543013,25743483.7511904,NA
1882,"flying birds",2111,3940.03553646158,5428.21053232827,5940.34553813818,6008.05506330931,6087.88101622131,6232.5915791507,6527.0398314313,NA
1882,"small divers",2111,10994.8421439916,22141.6030696414,34972.2804789729,37339.4890101938,40039.1612238005,42259.5355414071,47016.402189611,NA
1882,"squids",2111,56485.4170321849,100934.116202711,125409.574619779,143991.251906481,169317.032700745,307159.006333826,437177.624122696,NA
1882,"toothfishes",2111,765.602676682646,217492.330980814,748460.052137859,1105817.25698937,1415154.43766217,1857288.65328752,5082907.97605244,NA
1882,"leopard seals",2111,0.00217422874683893,1933.68973208483,2761.09774312722,3393.76491695719,3838.99636844326,4761.42912932411,15255.0997280896,NA
1882,"medium divers",2111,97.2678997966558,170593.285700043,275732.920859414,405587.335114073,562089.086917798,795529.990744216,1165482.29462995,NA
1882,"large divers",2111,0.0209620799224836,6247.23568501469,10921.206298311,18045.3825627019,32370.1004474582,134026.923020633,1842976.61503906,NA
1882,"minke whales",2111,9.23446089637887e-10,7963.92299804988,14239.4658106984,25552.9094073131,50030.7217286094,13171629.4291136,140271841.988334,NA
1882,"orca",2111,5618.02800707537,7422.31656254994,8542.06607128615,8996.18328408794,9857.6152589544,16306.8343345304,236703.081338969,NA
1882,"sperm whales",2111,11695.9112562133,15079.2562028369,19905.5976240256,23221.9798687709,92611.2699611605,2223261.32822498,11089889.6355801,NA
1882,"baleen whales",2111,117140.225953578,180549.508333387,774736.557555321,780455.466510573,2859071.07292614,16342831.8234087,95621126.9159082,NA
1883,"mesozooplankton",2111,7.61242847479587e-174,9740484.06578576,13604377.6635053,18085177.1567663,21022893.7624743,25216288.7774957,29691448.2258951,NA
1883,"other krill",2111,2.45226911005575,1514014.34062839,5776036.88842905,12035918.3791998,30985299.7310229,76427980.6727768,124113877.083973,NA
1883,"other macrozooplankton",2111,1517001.5026419,8514273.76117293,16116659.8385902,20006496.7774377,24144019.2612512,29863699.7346853,39437143.0921946,NA
1883,"antarctic krill",2111,44907.2170778291,1495503.63163963,7581924.82738817,14379611.9126559,25074792.3989622,37315539.9352595,882386015.489124,NA
1883,"salps",2111,109561.027413976,481035.682841375,869101.853178368,1124803.86862824,1621248.80484839,2127494.32675124,2902187.3304647,NA
1883,"mesopelagic fishes",2111,4713.6853806899,500263.929372438,1355900.82002049,1874488.08151702,2734121.15673705,3682874.42628486,9151599.1536455,NA
1883,"bathypelagic fishes",2111,313993.412345935,1060932.60857107,1774228.37691862,2470887.5715003,3397697.23227361,4673993.46494468,13550969.6745406,NA
1883,"shelf and coastal fishes",2111,1598792.67278367,2952169.04164449,4263806.30583583,4980951.1422742,5615037.12793012,6325875.12291237,25769438.7180699,NA
1883,"flying birds",2111,3940.593452517,5428.41924289948,5941.45417585935,6008.26673542515,6088.51452791836,6232.80855363801,6526.25901677079,NA
1883,"small divers",2111,11014.3983990629,22177.5754877383,35055.0324148089,37405.1714281069,40052.6079890143,42264.3037678355,47006.9730570747,NA
1883,"squids",2111,56190.4437941463,100851.657957401,125205.212533876,143746.866282594,168976.260657603,306986.121998233,437124.791659023,NA
1883,"toothfishes",2111,754.200826998807,218087.709124529,749623.24131349,1105504.05701809,1414497.01177737,1857543.95322859,5088859.00935458,NA
1883,"leopard seals",2111,0.00142138547512001,1932.70209179789,2760.93133434044,3394.64894962898,3841.02464769496,4767.40733732809,15485.8419690252,NA
1883,"medium divers",2111,77.2841685095288,170814.895748474,275832.850959581,405523.837484292,561173.987183431,795491.074645983,1162707.34176334,NA
1883,"large divers",2111,0.01361555450714,6253.31484790052,10934.4865249402,18044.9775185903,32270.9534447655,133150.426485648,1831912.28095743,NA
1883,"minke whales",2111,2.94970129457191e-10,7963.07536862032,14216.386508126,25546.8024797635,49448.3585621455,13124576.670772,139805817.696568,NA
1883,"orca",2111,5625.98998914868,7426.43764820337,8543.42229446868,8996.56998727605,9854.97132273511,16287.2010740712,236083.137698281,NA
1883,"sperm whales",2111,11702.451185525,15083.7377449031,19901.7515971589,23212.5241544838,92474.3340675831,2219275.19662746,11069882.3200728,NA
1883,"baleen whales",2111,117222.272377156,180582.721896814,773997.025621596,779725.077915311,2855676.46672839,16322179.5879443,95499081.7023564,NA
1884,"mesozooplankton",2111,6.37837667034975e-176,8992223.78959684,12955715.6582743,17528462.6161038,20597917.6965812,24852190.6413393,29257463.5540615,NA
1884,"other krill",2111,2.05926896811229,1485906.70768522,5459459.95348573,11496011.3836081,30071593.5213735,73911951.4851958,121685724.09176,NA
1884,"other macrozooplankton",2111,1589701.82191859,8475724.82462857,15838630.1548449,19254913.2895393,23534311.7840477,28722217.9781936,38828704.575952,NA
1884,"antarctic krill",2111,45199.5479127727,1523234.68887017,7649442.64244604,14385469.3579665,24984423.1654657,37130101.2144391,889835624.034716,NA
1884,"salps",2111,111586.842774475,483065.676084574,870257.84920316,1123653.19222744,1627290.64340617,2131631.41895179,2913295.21400455,NA
1884,"mesopelagic fishes",2111,4871.72065509317,508608.296634516,1384340.63908835,1906425.56697723,2773546.64072979,3721258.68643997,9302732.57337367,NA
1884,"bathypelagic fishes",2111,324053.273807534,1091000.4269567,1814796.44683695,2518832.50059321,3460348.96460065,4713151.63857223,13767113.8499737,NA
1884,"shelf and coastal fishes",2111,1613948.42566223,2969794.82770271,4269784.29879218,4988100.69373711,5623141.31143109,6334585.01019268,25819761.7859247,NA
1884,"flying birds",2111,3939.77372085063,5428.16343651907,5940.60944683335,6007.96428517422,6087.91002395304,6232.1815377299,6525.42575297162,NA
1884,"small divers",2111,11021.0850747028,22182.4082586082,35097.6769477317,37424.8106481213,40055.6481928487,42257.0811123878,46999.2243167802,NA
1884,"squids",2111,56553.5131578282,101258.297797312,125537.217065829,143959.026420149,169264.339254885,307200.262749129,437229.523863993,NA
1884,"toothfishes",2111,741.586190491749,218843.657211343,750662.649661631,1106364.77810419,1414194.47219987,1857175.93609592,5095199.56375536,NA
1884,"leopard seals",2111,0.000946423491214239,1931.77553075123,2763.99449261163,3396.26603640656,3841.69523875061,4766.87617086023,15724.4802588356,NA
1884,"medium divers",2111,62.324806319046,171133.271518383,275990.039357999,405483.691974759,560395.765413688,795453.179539947,1159963.86767851,NA
1884,"large divers",2111,0.00900869759741039,6263.17331142071,10948.7525406661,18045.9833722261,32211.2768931416,132250.454509793,1820905.93231254,NA
1884,"minke whales",2111,9.93664884093938e-11,7959.6528534324,14209.5917730561,25539.8746964101,48924.8347686561,13077678.465462,139341318.474107,NA
1884,"orca",2111,5633.51279723997,7430.35763598291,8544.56543609533,8997.05044535599,9851.64242774791,16266.8642817014,235464.838405505,NA
1884,"sperm whales",2111,11708.3457237695,15087.7084382044,19897.5997857519,23203.1354900305,92337.4870198508,2215295.42718586,11049910.7430753,NA
1884,"baleen whales",2111,117298.584048825,180612.942273476,773258.477711296,778995.780166985,2852285.1939849,16301552.9296723,95377185.8788342,NA
1885,"mesozooplankton",2111,5.13083958935535e-178,7543682.0506727,11684628.0217351,16567432.8241334,19542348.7567941,23794932.0798581,27970943.144777,NA
1885,"other krill",2111,1.50928430466471,1358014.27459604,4993908.5925083,10707762.8268948,29443085.75769,73690759.214806,121441132.66654,NA
1885,"other macrozooplankton",2111,1526903.71208289,7824441.70084044,14618394.2340509,17762984.1205016,21784887.9145047,26801182.8726008,36918268.8739356,NA
1885,"antarctic krill",2111,43724.2278492432,1486528.05300309,7405583.05098562,13952818.7035583,24565612.8318417,36568669.1553555,860857163.481854,NA
1885,"salps",2111,110312.668500108,470469.075706035,849879.728907207,1098618.22404843,1610941.09646766,2118020.4328464,2910155.72935046,NA
1885,"mesopelagic fishes",2111,4801.00934239836,503604.876665126,1376415.51990467,1893528.19329909,2780941.41979939,3725480.80410613,9449291.90697351,NA
1885,"bathypelagic fishes",2111,326917.562170448,1091978.86147228,1813722.40232277,2529275.10963196,3473704.33093707,4735189.16054029,13875123.8341028,NA
1885,"shelf and coastal fishes",2111,1615624.31847273,2971742.53861789,4274421.77865051,4993723.27968713,5630069.72883649,6341001.18137898,25884887.1542511,NA
1885,"flying birds",2111,3937.91226638395,5427.23076171179,5938.58359968397,6006.67979804264,6086.58443030942,6231.57269441092,6524.44757909743,NA
1885,"small divers",2111,10991.7988167381,22148.3971198638,35070.4296909111,37380.5455382634,40040.8521130833,42245.3668002787,46987.5630004541,NA
1885,"squids",2111,57031.5905091526,101563.60086466,125893.897959096,144144.449814509,169608.510798562,307399.445481225,437322.84720451,NA
1885,"toothfishes",2111,724.191085386967,219215.758675889,751131.128545375,1106341.80692491,1414086.15444526,1856582.03673642,5102025.78553022,NA
1885,"leopard seals",2111,0.000631519068365058,1930.76481417895,2766.61566851569,3397.31834516041,3840.73420233737,4765.64860478975,15954.0283832961,NA
1885,"medium divers",2111,50.228820883674,171014.408191507,275797.49305174,405483.397214076,559346.670496036,795313.421065042,1157237.37778813,NA
1885,"large divers",2111,0.0059584683812948,6274.7175545511,10956.2843559516,18046.8263798198,32151.8250432968,131357.989276682,1809954.32043554,NA
1885,"minke whales",2111,3.36458985289735e-11,7951.57370559763,14221.7208736708,25530.0868443826,48398.544729631,13030933.2131626,138878338.055796,NA
1885,"orca",2111,5640.91850105055,7434.19001582128,8546.7687579765,8997.53583287341,9848.18394052191,16246.4389417418,234848.211338389,NA
1885,"sperm whales",2111,11713.9850451122,15091.5063354505,19893.3553758074,23193.7712596521,92200.7993209008,2211322.51297695,11029975.1150667,NA
1885,"baleen whales",2111,117368.712846492,180639.769703237,772520.799556736,778267.428098496,2848897.20287759,16280951.6121762,95255438.5338719,NA
1886,"mesozooplankton",2111,4.48193443591157e-180,8577683.91466796,12355135.7926462,17051647.6724588,20230361.039443,24706214.2745945,29188254.6315326,NA
1886,"other krill",2111,1.08682928241059,1316124.12014421,5075946.94015243,11164281.4078688,30135696.4163866,76325521.5881557,123754427.949094,NA
1886,"other macrozooplankton",2111,1492856.20704549,7520139.38591434,14506697.0380271,18120079.0112511,22089337.3144186,27748977.0883912,37619545.9421487,NA
1886,"antarctic krill",2111,42766.4453678343,1463576.82142991,7292593.96831161,13747165.6427112,24434834.8136427,36451818.2299782,839956619.948145,NA
1886,"salps",2111,109439.45380695,465568.593455644,843587.322576801,1093751.29394905,1608581.04568888,2112888.96988964,2907844.33362193,NA
1886,"mesopelagic fishes",2111,4673.43594092641,500821.603666639,1371284.29394031,1882497.6147035,2771291.09918098,3711744.77176276,9538195.07809241,NA
1886,"bathypelagic fishes",2111,325494.112805748,1086862.7832084,1810459.18968968,2523386.55598641,3479522.59821067,4741854.83182858,13903984.1871112,NA
1886,"shelf and coastal fishes",2111,1623936.70099914,2980827.78083407,4280265.95485929,5000554.90157274,5636013.98196789,6345853.62880386,25947898.0194393,NA
1886,"flying birds",2111,3939.16100776894,5428.42701687681,5940.43741391074,6007.91383961384,6087.25745179855,6232.02970293218,6523.80181241589,NA
1886,"small divers",2111,11002.775759467,22159.5123103706,35079.0925540953,37384.3954386116,40041.0609349629,42246.4552660324,46977.554626083,NA
1886,"squids",2111,57341.0330415672,101872.841076197,126229.509557276,144586.903572838,169832.40287291,306672.859697466,437550.791000832,NA
1886,"toothfishes",2111,709.114976460366,219184.986642455,752000.18619814,1106557.59561979,1415802.30400614,1857105.32574864,5109341.66498325,NA
1886,"leopard seals",2111,0.000415052028919895,1929.84412183952,2769.22730478548,3398.17646713041,3840.49886018865,4764.28317680521,16199.5866388704,NA
1886,"medium divers",2111,40.0436628530503,170724.682717092,275558.91737343,405461.690206418,558444.950787447,794779.976204525,1154508.86210975,NA
1886,"large divers",2111,0.00388129597147239,6286.72928393277,10962.3913293524,18048.2704009421,32091.6349062348,130384.612524211,1799057.19010219,NA
1886,"minke whales",2111,1.08421953327689e-11,7950.29341929135,14241.095105736,25527.7649924825,48071.3147339752,12984344.0294217,138416900.845323,NA
1886,"orca",2111,5648.69355684455,7438.41496337737,8547.87150592152,8997.81920347278,9845.34408615615,16226.7315535193,234233.306552007,NA
1886,"sperm whales",2111,11720.7259249722,15095.9807202133,19889.5451998134,23184.3847863677,92064.5994396037,2207357.97443773,11010076.041812,NA
1886,"baleen whales",2111,117449.895573626,180672.313860759,771784.11952485,777539.907243296,2845515.37656356,16260378.2404877,95133860.2386339,NA
1887,"mesozooplankton",2111,4.03856726212619e-182,6546562.3056545,11053500.4145343,16093183.912455,19287589.2396154,23729701.4874292,28042763.3373201,NA
1887,"other krill",2111,0.770019235077713,1199824.20374167,4784154.65915681,10815947.5223865,30285405.8721959,76804838.7721905,126433284.131985,NA
1887,"other macrozooplankton",2111,1395392.56219057,7163965.0767366,14211359.3864233,17795903.4254631,21584353.7757783,26845319.1072715,37322361.6368733,NA
1887,"antarctic krill",2111,40539.6229803869,1403694.23647072,7054780.03628024,13482148.2547816,24448815.8311142,36461972.4388614,788069298.465192,NA
1887,"salps",2111,105514.126054145,449478.360440593,824708.301856873,1075262.87409518,1593860.99301995,2111770.29949852,2905043.6860872,NA
1887,"mesopelagic fishes",2111,4449.85800605995,489764.767275617,1351913.54068536,1861394.04514278,2750348.36778445,3705092.97067608,9537073.44270507,NA
1887,"bathypelagic fishes",2111,320285.80171304,1080849.23041641,1801775.9824405,2507574.55597437,3469826.22036849,4746699.03351216,13843095.8974668,NA
1887,"shelf and coastal fishes",2111,1635109.56518995,2991071.69381249,4286164.57868573,5008774.30390648,5641673.67418789,6351779.56045191,25997893.8466249,NA
1887,"flying birds",2111,3937.15666541016,5425.15772438447,5938.56581019231,6006.4537075716,6086.27158151155,6230.46567863148,6522.79232285542,NA
1887,"small divers",2111,10970.1326652931,22101.9425104865,34998.3431002056,37309.1436194961,40021.0381995163,42227.4429574756,46967.4925893215,NA
1887,"squids",2111,58107.6896546195,102376.425341439,126718.991112414,144963.190013778,170542.708694118,306034.084024097,437859.763805693,NA
1887,"toothfishes",2111,690.681680815976,218800.816027355,752480.007917116,1107347.81525124,1416188.30109108,1857497.57116108,5117044.23764184,NA
1887,"leopard seals",2111,0.000280366031269541,1928.90756866198,2772.32443767447,3397.38032142426,3840.60258319053,4767.12266546588,16443.710306489,NA
1887,"medium divers",2111,32.508405082656,171041.999641662,275368.959171787,405366.60313457,557479.173528546,793875.696530596,1151819.77826883,NA
1887,"large divers",2111,0.00259308827244168,6298.53408328529,10964.9757006276,18050.0090088621,32033.2372909489,129349.591787547,1788216.11861173,NA
1887,"minke whales",2111,3.78521450058131e-12,7947.99894236252,14276.491106973,25521.6204824421,47883.475328679,12937906.4983877,137956962.663562,NA
1887,"orca",2111,5655.73800955762,7441.9260785683,8547.88300762973,8997.94577431224,9841.44464614973,16205.931068965,233619.984682377,NA
1887,"sperm whales",2111,11725.8930767505,15099.3799561048,19885.0583507808,23175.0806380708,91928.2326128398,2203398.98877685,10990212.0635597,NA
1887,"baleen whales",2111,117518.700647192,180698.417356728,771048.374960182,776813.516267662,2842135.78948093,16239829.4105196,95012422.8826865,NA
1888,"mesozooplankton",2111,3.74059672450506e-184,9036585.56203381,12749414.3045828,17421402.5732625,20516863.7952572,24949811.6272022,29527149.2425726,NA
1888,"other krill",2111,0.619422171568664,1222728.02069059,5112651.8637608,11325871.2005038,30874102.705199,79961672.3497487,128996011.904073,NA
1888,"other macrozooplankton",2111,1373617.71615438,7365666.27400272,14657303.6705956,18327201.0519057,22346451.7347238,28048375.1379499,37685135.3228456,NA
1888,"antarctic krill",2111,39950.7571109706,1392942.98968102,7089781.82860974,13535098.1162196,24464758.9580181,36696879.8243989,760379109.789387,NA
1888,"salps",2111,104767.939890744,452956.799491579,831048.310008082,1088424.6356604,1599819.86770344,2114857.34800917,2899873.77200463,NA
1888,"mesopelagic fishes",2111,4275.43939983735,487286.164060168,1345261.78134395,1855453.13501113,2735733.19076378,3682054.23124817,9421456.35658366,NA
1888,"bathypelagic fishes",2111,313527.766024708,1072888.79281436,1784904.36618604,2487325.80280184,3446837.4696106,4724584.81751581,13659211.3214846,NA
1888,"shelf and coastal fishes",2111,1636592.69309642,2996519.37688173,4285720.83373131,5007512.2280728,5641608.97233827,6358912.52464971,25998521.7742444,NA
1888,"flying birds",2111,3939.08538251912,5428.95916754395,5940.86964819393,6007.86914100895,6087.4341187147,6232.25487415992,6522.1244548858,NA
1888,"small divers",2111,10981.6469666029,22122.6474830436,35014.3148615046,37339.8986764763,40032.9369713806,42227.4642366286,46956.1545678809,NA
1888,"squids",2111,58038.3240281228,102543.898498064,126817.150006666,145036.661648345,170385.454612386,305972.928175891,438062.598164689,NA
1888,"toothfishes",2111,676.705186712753,218981.001919329,753369.447309153,1108208.42419071,1416418.93215865,1857751.54762545,5124321.52510214,NA
1888,"leopard seals",2111,0.000182181813576177,1927.94915326996,2772.9136039042,3397.00167853769,3839.78728890064,4766.03400091292,16692.2606769982,NA
1888,"medium divers",2111,25.6148972122156,171231.161449734,275421.526363037,405338.668721342,556454.517537042,793617.951171795,1149106.17893214,NA
1888,"large divers",2111,0.00166390698005809,6309.3958054039,10976.1390719503,18041.0402416439,31917.9544974135,128305.322297171,1777425.71083667,NA
1888,"minke whales",2111,1.17648259543641e-12,7946.72777468872,14274.1176317789,25474.3620490314,47595.9436858315,12891624.2215423,137498567.004342,NA
1888,"orca",2111,5663.68348691087,7446.36640471762,8548.95734779645,8998.486980892,9839.01005225331,16186.7698479888,233008.444099426,NA
1888,"sperm whales",2111,11732.8970499938,15103.6536188943,19881.4165239635,23165.6960770232,91792.6058808446,2199449.27677011,10970385.0459898,NA
1888,"baleen whales",2111,117602.529633215,180732.02524524,770313.514459463,776087.754029586,2838762.89621619,16219308.9017073,94891158.1303143,NA
1889,"mesozooplankton",2111,3.47423552684072e-186,8102450.60804454,12300124.6996622,16970526.7220523,19999105.1646173,24271120.5814717,28727911.3203154,NA
1889,"other krill",2111,0.550227843664128,1257677.01906131,5167766.16120242,11372541.8793551,30831762.8926102,78810138.2908051,127271538.97877,NA
1889,"other macrozooplankton",2111,1397588.19094562,7791064.9915869,15107628.6571765,18854900.6393593,22773113.9951681,28219936.077219,37851295.728615,NA
1889,"antarctic krill",2111,39522.5770446306,1394322.05000982,7172511.85422228,13730460.9247477,24619578.6244943,36899944.2193405,757900800.532728,NA
1889,"salps",2111,104604.313838378,458024.084608847,840852.304165008,1099185.05141766,1609282.32811861,2119543.75237923,2897421.08320714,NA
1889,"mesopelagic fishes",2111,4217.51355772203,491894.685405337,1361175.30810133,1870772.24672644,2739558.49935558,3674291.23356083,9251837.57817945,NA
1889,"bathypelagic fishes",2111,310945.274239165,1076768.32803042,1788566.1946372,2490558.98132562,3446709.32917775,4704621.57912339,13450084.1485031,NA
1889,"shelf and coastal fishes",2111,1641335.154023,3007742.97186871,4286228.76115691,5006583.39209668,5642791.46735388,6358150.18437276,25954500.1816738,NA
1889,"flying birds",2111,3940.76185286874,5430.15247143169,5942.94140859645,6009.32433348325,6088.0688598931,6232.89414537742,6521.38157547903,NA
1889,"small divers",2111,11011.0458409926,22171.9431994253,35071.5312382265,37401.9607183735,40052.9971030328,42243.5646553998,46945.9789354285,NA
1889,"squids",2111,57678.2639200346,102757.05358626,126830.093421451,145059.24756105,170086.502542986,305754.29915562,438068.279851615,NA
1889,"toothfishes",2111,665.821436060015,219710.302129663,754359.883355317,1108957.03961347,1416636.13991062,1858536.68452275,5130983.95433744,NA
1889,"leopard seals",2111,0.0001176660419997,1927.01532076239,2771.90042506514,3396.62732987582,3841.24154566043,4764.87124452691,16949.5558301079,NA
1889,"medium divers",2111,20.1198237478978,171401.677932299,275346.36864527,405319.313371401,555420.962728489,793248.220435347,1146398.90801226,NA
1889,"large divers",2111,0.00106110886015535,6319.97496875714,10992.8902740452,18039.7336873131,31853.8116513994,127266.650067198,1766688.62116363,NA
1889,"minke whales",2111,3.60339692341608e-13,7945.94793641112,14276.0092085361,25467.5495998714,47426.8409410763,12845495.0672261,137041687.638163,NA
1889,"orca",2111,5671.82281395622,7450.98489042765,8550.67229098525,8998.97720601271,9836.84333482879,16167.9275219211,232398.591602411,NA
1889,"sperm whales",2111,11740.1648831557,15106.9160473734,19877.904876445,23156.3110933275,91657.3242344795,2195507.06208189,10950593.9835768,NA
1889,"baleen whales",2111,117690.092756861,180767.20175832,769579.568100482,775362.86984849,2835394.65050566,16198815.0294113,94770052.2507641,NA
1890,"mesozooplankton",2111,3.15189143875537e-188,8595762.5980781,12599794.7583885,17098957.6940206,20042095.4652183,24323465.3569251,28688952.0095788,NA
1890,"other krill",2111,0.498455879057429,1264516.97896153,5125354.47605267,11207374.7186242,30296168.5245057,76432224.7928292,124992943.406515,NA
1890,"other macrozooplankton",2111,1420745.5083356,7825358.95918508,14955361.9557573,18364226.5510838,22388949.8528274,27575730.2502935,37201746.0559275,NA
1890,"antarctic krill",2111,39091.9743726929,1393513.11278184,7198613.95344678,13818530.7590424,24526318.015566,36773457.0023788,777230581.305568,NA
1890,"salps",2111,105177.823015549,463686.993041134,847505.893572386,1101623.66043898,1609684.31473931,2115977.22374843,2891189.72548359,NA
1890,"mesopelagic fishes",2111,4189.18505517216,495364.591364513,1367087.87630897,1878323.52314926,2735532.31679653,3670169.32985627,9096130.09111757,NA
1890,"bathypelagic fishes",2111,311208.891417439,1074851.50543378,1789573.51856911,2494138.30077429,3441404.40063353,4687146.0897774,13198930.8200543,NA
1890,"shelf and coastal fishes",2111,1638473.30879017,3006330.43670075,4284399.03397595,5002840.80090378,5644150.43663883,6355624.96386357,25876305.1446632,NA
1890,"flying birds",2111,3941.3970119206,5430.60947334278,5945.05690299727,6009.74232882768,6088.41603678616,6232.78618870542,6520.49046293972,NA
1890,"small divers",2111,11031.3084082003,22221.4339635135,35137.113748348,37459.592686711,40056.483853743,42250.4434936759,46933.634552331,NA
1890,"squids",2111,57056.3727711899,102643.697227715,126737.832352088,144797.312878597,169688.313266977,305316.82961161,437751.822598237,NA
1890,"toothfishes",2111,654.916242559081,220239.462913954,755249.797894642,1109550.070164,1417480.58166939,1859299.12199643,5136707.97370978,NA
1890,"leopard seals",2111,7.55690905046246e-05,1926.02443083941,2770.99902189068,3395.88388691029,3841.1992752379,4763.59369556574,17203.8827940721,NA
1890,"medium divers",2111,15.7515423960234,171551.364310667,275359.292182644,405110.727884457,554494.081961094,793089.531301136,1143699.7585022,NA
1890,"large divers",2111,0.000672248314596602,6329.57808960424,11008.1411211674,18038.1351716605,31792.402732933,126328.14514427,1756003.80396331,NA
1890,"minke whales",2111,1.0919784998669e-13,7946.21204408105,14263.4029229319,25452.3127501331,47186.7826762303,12799517.3080541,136586311.434986,NA
1890,"orca",2111,5680.17028377534,7455.77824875706,8552.59276804059,8999.62133437534,9834.91052189676,16149.3582090752,231790.42313497,NA
1890,"sperm whales",2111,11747.4537433738,15110.2449332284,19874.4475984294,23146.9284683872,91522.3276960358,2191572.02346315,10930838.700451,NA
1890,"baleen whales",2111,117776.404622706,180801.366590918,768846.473882633,774638.865926402,2832030.25344406,16178346.9974076,94649098.9994161,NA
1891,"mesozooplankton",2111,2.96888793345809e-190,8996442.07292356,12770449.7397774,17396001.940318,20455685.7603593,24821546.8106183,29275847.0738093,NA
1891,"other krill",2111,0.461991636145208,1294309.50401313,5252202.23526353,11423079.3950122,30421741.0668321,76269344.1698609,123960639.655521,NA
1891,"other macrozooplankton",2111,1460181.05946651,7899516.89270729,15111994.7839311,18725314.5692954,22769613.8900331,28273813.3723264,37976018.3362197,NA
1891,"antarctic krill",2111,38859.4128449227,1400388.45458859,7237575.81550161,13893915.9584382,24522262.5985215,36668407.3932607,808795331.111122,NA
1891,"salps",2111,106199.778092645,468364.513656618,852051.783817082,1105821.41595394,1612137.76680049,2114535.77928586,2890558.4839821,NA
1891,"mesopelagic fishes",2111,4182.58615593445,498253.107523364,1374497.03444238,1884416.8252164,2740051.25943925,3680189.31215396,9017987.11560725,NA
1891,"bathypelagic fishes",2111,314758.184786471,1079175.4802937,1792537.2233579,2496522.45688365,3434928.70528169,4681222.24029579,13005235.1250885,NA
1891,"shelf and coastal fishes",2111,1642804.31698582,3008521.84147118,4285052.52994152,5002678.3995953,5645578.4161773,6355297.07508119,25789815.2559648,NA
1891,"flying birds",2111,3941.29361722344,5430.857125686,5945.44543627773,6009.52906403841,6088.17981203881,6232.68835479571,6519.60540238626,NA
1891,"small divers",2111,11049.9822516456,22255.5175581023,35171.8558242042,37480.5854652818,40061.0079882654,42244.3270261683,46922.9232131858,NA
1891,"squids",2111,56775.5190493712,102720.694360083,126769.553854196,144738.621870228,169553.826853311,305065.962167078,437467.137850792,NA
1891,"toothfishes",2111,643.215892651038,220398.280132927,755982.868739938,1109953.61975593,1419100.39221031,1859113.92192859,5141605.37116809,NA
1891,"leopard seals",2111,4.91536958611283e-05,1925.08228800401,2771.65659127998,3396.05291024518,3841.27975416269,4768.92208920648,17467.9182479265,NA
1891,"medium divers",2111,12.4787575040858,171740.552256935,275172.255660197,405056.233822059,553673.216274429,792977.922800228,1141026.59757818,NA
1891,"large divers",2111,0.00043177957114663,6339.47222626352,11014.7533360742,18033.474254173,31684.0070707639,125595.314079273,1745373.43912347,NA
1891,"minke whales",2111,3.44289725236149e-14,7946.7424749656,14247.861614583,25422.7071751019,46796.6715354496,12753690.7972577,136132429.471349,NA
1891,"orca",2111,5688.33312386622,7460.34928287391,8554.20263580793,9000.09163512576,9832.58079025363,16130.3809471839,231183.88749669,NA
1891,"sperm whales",2111,11754.228088776,15113.0699305574,19870.761267465,23137.5977382629,91387.4487915508,2187643.48706024,10911118.792516,NA
1891,"baleen whales",2111,117859.464641326,180833.794411825,768114.355242373,773915.913686081,2828669.56979126,16157904.6745083,94528296.8342593,NA
1892,"mesozooplankton",2111,2.78357352637531e-192,9795173.05336386,13416042.0238412,17972570.5008676,20951882.5700381,25241502.1365268,29782183.2040198,NA
1892,"other krill",2111,0.444532211347389,1390557.95125391,5513940.98712053,11733020.3755803,30772746.0195509,76132282.0454056,123190547.359122,NA
1892,"other macrozooplankton",2111,1539037.23360393,8211954.56838563,15674732.0368097,19501983.4265188,23559167.7535415,29208771.5058097,38819958.631813,NA
1892,"antarctic krill",2111,39392.9212351608,1434691.53908105,7404967.50745539,14114477.4548863,24712915.1582506,36773773.7379932,854374643.210641,NA
1892,"salps",2111,109020.462833315,478881.59166894,863698.537170571,1117503.03009518,1622494.30873806,2119041.27071318,2893201.07055219,NA
1892,"mesopelagic fishes",2111,4252.95366170022,504886.515571308,1389429.34001866,1898625.70431397,2753898.36973618,3685807.18027859,9034318.35454534,NA
1892,"bathypelagic fishes",2111,320971.10980268,1091691.35755434,1806012.51832887,2508829.09943652,3446349.4475338,4682630.11819888,12966386.7389645,NA
1892,"shelf and coastal fishes",2111,1650228.3658215,3016551.67231279,4287440.27110723,5004549.60975616,5646502.81889538,6357035.23717814,25712066.0854131,NA
1892,"flying birds",2111,3941.57756613184,5432.53988606953,5945.767393421,6009.52392205423,6088.30181268592,6232.79081379467,6518.80648549769,NA
1892,"small divers",2111,11076.0432310065,22298.109186734,35205.5186078698,37497.1778396344,40066.0302956357,42241.6239116995,46913.275222551,NA
1892,"squids",2111,56654.7950538785,102685.761132527,126846.821058516,144755.891201239,169483.833253456,305236.661720049,437222.967103292,NA
1892,"toothfishes",2111,631.9080734215,220599.591861376,756804.542884032,1110290.94828769,1421028.74001391,1859000.03234874,5145719.78980445,NA
1892,"leopard seals",2111,3.19243922848219e-05,1924.15429017413,2774.30773632953,3396.05667116732,3842.06382658918,4774.97194703835,17738.5857298102,NA
1892,"medium divers",2111,9.88934548290279,171926.074837684,274845.18776875,404999.244134695,552774.224147627,792871.765735296,1138365.91922854,NA
1892,"large divers",2111,0.000276999583206485,6349.26256880983,11003.8072294473,18031.5143659142,31564.7204094847,125116.080322419,1734796.10873495,NA
1892,"minke whales",2111,1.08067093085481e-14,7952.2693123791,14238.3745396149,25333.9343925256,46648.0586651654,12708015.3935184,135680044.615634,NA
1892,"orca",2111,5696.62275866904,7465.00742709225,8555.90923189095,9000.66154033632,9830.35672067613,16111.5436922935,230579.008773364,NA
1892,"sperm whales",2111,11761.1601102261,15115.8688527854,19867.114573952,23128.2810469938,91252.8323599864,2183722.15964373,10891434.5587812,NA
1892,"baleen whales",2111,117943.255608249,180866.369498976,767383.166251741,773193.895515606,2825313.21159817,16137488.5170842,94407650.2415461,NA
1893,"mesozooplankton",2111,2.41719078599062e-194,9416346.47447871,13209186.6476064,17660463.3990025,20566532.3351259,24706422.7017186,29166279.4721641,NA
1893,"other krill",2111,0.407766348048097,1442282.92392111,5489558.10628636,11595068.4292995,30227605.1208249,73929886.2251494,121007077.069932,NA
1893,"other macrozooplankton",2111,1622855.06256787,8394282.35199727,15836345.1975701,19325074.1922288,23482281.305497,28770715.6777232,38318346.522526,NA
1893,"antarctic krill",2111,39930.0200281105,1470270.58165105,7528378.66170127,14272773.5471085,24753740.5655856,36676488.0659007,895244332.008888,NA
1893,"salps",2111,112121.706049231,491815.611239949,872091.020152627,1120542.78261857,1627750.8027838,2121583.37018294,2894142.50778531,NA
1893,"mesopelagic fishes",2111,4395.51396599829,514310.210550615,1409045.0892188,1914409.31567984,2771686.92421969,3701814.7213065,9135038.37070942,NA
1893,"bathypelagic fishes",2111,329287.839111799,1104000.76371551,1824271.97388925,2530226.93047908,3464572.19010177,4699693.74762356,13380999.6747441,NA
1893,"shelf and coastal fishes",2111,1657019.37647985,3023804.33591944,4292425.92777493,5009302.17182443,5647451.99606157,6360187.19225718,25658474.0257669,NA
1893,"flying birds",2111,3942.07418010802,5434.85627044681,5946.16649193929,6010.01541219886,6089.05933477447,6232.96750991103,6518.05003831726,NA
1893,"small divers",2111,11107.5577318819,22352.1178773461,35240.4915324431,37517.3284251338,40068.5710044312,42241.0449030759,46904.098580346,NA
1893,"squids",2111,56590.8817536662,102836.080723573,126984.836087477,144779.960540054,169419.348197005,306688.018418323,436956.593491242,NA
1893,"toothfishes",2111,621.458386281069,220881.027312807,757577.451516194,1110787.54581849,1422386.14313979,1858966.86438087,5149344.01201545,NA
1893,"leopard seals",2111,2.0638158647497e-05,1923.28774953082,2772.53986976672,3395.80235511228,3842.29293744096,4778.77118350108,18013.6875910007,NA
1893,"medium divers",2111,7.81879641697875,172097.890118768,274710.872074456,404930.995778018,551869.110107991,792834.405277676,1135714.63244776,NA
1893,"large divers",2111,0.00017690466826085,6358.89447068952,10984.8556895143,18029.4674373591,31404.5785841164,124137.104406393,1724271.33441089,NA
1893,"minke whales",2111,3.34347820373603e-15,7951.44623135217,14237.3471133504,25322.8428429361,46363.1383565863,12662490.3982311,135229151.813817,NA
1893,"orca",2111,5705.11109681358,7469.81423271203,8557.79719531669,9001.28317307796,9828.34825818229,16092.9622899752,229975.784591905,NA
1893,"sperm whales",2111,11768.4019184688,15119.7363142881,19863.5624993009,23118.9711604128,91118.5040407401,2179808.17461881,10871786.0069124,NA
1893,"baleen whales",2111,118027.88906925,180899.115106166,766652.887338415,772472.782632682,2821961.19552665,16117098.4989128,94287158.9999376,NA
1894,"mesozooplankton",2111,2.04733448305726e-196,8683370.13161865,12539844.6016025,17171773.6100466,20281145.4258866,24605422.9053981,29018067.7193396,NA
1894,"other krill",2111,0.332770098603739,1388698.10218247,5206351.21911724,11128558.5914004,29830821.4967592,73298400.7733463,120292233.749524,NA
1894,"other macrozooplankton",2111,1650862.55738514,8218400.19771238,15309233.2473177,18706901.2903207,22844945.755528,28168289.7882807,38076535.5840605,NA
1894,"antarctic krill",2111,39549.0382594718,1471743.12035377,7446211.70725946,14172053.1257184,24533466.9183895,36419023.5513127,899341026.626921,NA
1894,"salps",2111,112817.231496517,487123.436426862,865571.888011858,1113029.79316369,1626564.12954474,2118880.71823193,2897093.73540806,NA
1894,"mesopelagic fishes",2111,4469.49821495848,518085.172489608,1415777.53362347,1922169.28093092,2793082.64972869,3714285.53902656,9290065.8566859,NA
1894,"bathypelagic fishes",2111,337597.174307901,1119614.35838102,1839316.71612542,2542303.8673125,3487229.51084594,4720961.98579483,13678214.8683354,NA
1894,"shelf and coastal fishes",2111,1672205.97565259,3036130.19911044,4302658.02721047,5019398.62868069,5653897.49125958,6367550.16753497,25641515.4169544,NA
1894,"flying birds",2111,3941.07149630952,5433.42052635986,5945.34788064411,6009.43776670882,6087.6979843734,6232.59770389658,6521.07636000581,NA
1894,"small divers",2111,11120.1653315615,22361.0136392871,35220.369374806,37494.6314619339,40055.8615392573,42234.945753775,46896.6539881471,NA
1894,"squids",2111,57166.8033369022,103487.546432166,127365.362061277,145126.079084817,169866.902616369,306980.64723883,436914.095242826,NA
1894,"toothfishes",2111,609.007647732003,220929.216262946,758091.64827007,1112468.80450555,1422790.96330822,1859157.57911282,5153025.97313898,NA
1894,"leopard seals",2111,1.36553750506611e-05,1923.9806398558,2773.35915125741,3396.12216649747,3841.46666105697,4786.49105336359,18297.3093836387,NA
1894,"medium divers",2111,6.29487007625282,172347.943318902,274809.516420453,404934.255479716,550992.248947008,792764.802687456,1133099.26737455,NA
1894,"large divers",2111,0.000115743754349789,6369.31593712845,10969.1565019974,18030.6581560573,31341.878122173,122890.552715436,1713801.66083499,NA
1894,"minke whales",2111,1.10440832860406e-15,7948.03102651839,14243.6673330975,25368.9458612362,46043.1630774826,12617114.5340558,134779730.478626,NA
1894,"orca",2111,5713.09066267617,7474.07525884712,8558.99439897509,9001.71837964395,9825.51362269053,16073.5250427244,229374.128721856,NA
1894,"sperm whales",2111,11774.7096430036,15123.2339145889,19859.5564412512,23109.741077962,90984.1480252975,2175900.15655692,10852172.4016294,NA
1894,"baleen whales",2111,118104.625846778,180927.954219078,765923.608407327,771752.797289411,2818612.31448806,16096733.5754166,94166813.1761152,NA
1895,"mesozooplankton",2111,1.77918604130639e-198,8921043.54362172,12715284.8842827,17374870.7461361,20567454.5889508,25004996.9436006,29495370.449577,NA
1895,"other krill",2111,0.259108698482519,1350870.22729338,5142224.0630866,11176563.9493876,30297270.4991678,75213395.1578075,122163634.781867,NA
1895,"other macrozooplankton",2111,1636962.44618752,7905285.75910754,15147613.9881873,18744789.6898821,22850568.8984042,28450595.7724225,38509622.6486107,NA
1895,"antarctic krill",2111,37905.837877333,1461002.44022638,7371582.01985789,14111628.559151,24504332.0221946,36334948.3968437,873775636.624133,NA
1895,"salps",2111,112474.288870697,479710.650292509,855045.997349216,1103765.00954292,1621598.99966569,2118962.17592817,2900318.98208594,NA
1895,"mesopelagic fishes",2111,4432.36802516491,516432.534289323,1410619.20530332,1914111.67108124,2791343.06290387,3726675.05688764,9440538.84398949,NA
1895,"bathypelagic fishes",2111,342213.553813754,1123463.30159485,1848383.93688171,2546773.95821716,3493429.50999908,4738237.31171254,13853340.7377005,NA
1895,"shelf and coastal fishes",2111,1689385.57938818,3050454.51211123,4314302.57725312,5033015.5252745,5664380.83473805,6374997.97996634,25652213.2324104,NA
1895,"flying birds",2111,3939.71866535265,5432.2826740235,5943.34645074782,6008.54596890536,6087.50163857349,6231.60280393213,6524.64656419605,NA
1895,"small divers",2111,11115.6789940301,22335.9088522,35164.8248702617,37437.8443960812,40046.275535698,42213.9168622568,46888.9802745555,NA
1895,"squids",2111,58151.6620281146,104374.603638485,127916.262035992,145556.413192355,170524.001906681,307549.591711622,437135.294582737,NA
1895,"toothfishes",2111,594.322316380438,220823.630696943,758507.275652067,1113742.86053244,1423032.17438875,1859594.40753184,5156915.70976968,NA
1895,"leopard seals",2111,9.14454574617869e-06,1923.64983245877,2774.85731623144,3396.5039235521,3842.8740102565,4788.59146936184,18584.8097853659,NA
1895,"medium divers",2111,5.10798840614887,172640.452033007,274965.907741047,404976.414626482,550129.281305552,792647.301126638,1130508.13486591,NA
1895,"large divers",2111,7.66338969577828e-05,6379.12162749475,10965.5332706817,18028.6289248352,31284.3536010498,121710.135800096,1703385.76064675,NA
1895,"minke whales",2111,3.76174103022803e-16,7949.36881624334,14246.0594867382,25359.3284875705,45635.1522397994,12571887.5771089,134331781.120821,NA
1895,"orca",2111,5720.7265366134,7477.98089288122,8559.77706695892,9001.86456918671,9822.2124961394,16053.640947342,228774.057085556,NA
1895,"sperm whales",2111,11780.5008560775,15127.045634058,19855.2794272245,23100.5581678237,90849.8573944712,2171998.60690485,10832593.9475975,NA
1895,"baleen whales",2111,118176.23674995,180954.279747193,765195.284294703,771033.828492139,2815267.04222527,16076394.069128,94046615.909009,NA
1896,"mesozooplankton",2111,1.51732488798754e-200,8277622.82103858,12243023.3552567,16939455.3923652,20002294.7029361,24300789.2870566,28767064.038686,NA
1896,"other krill",2111,0.199354946709395,1314167.69471903,5056754.86729731,11107293.6166042,30224289.9966901,75817105.6636799,122962320.914757,NA
1896,"other macrozooplankton",2111,1621756.08331081,7823378.31152934,15124182.5051911,18667846.921087,22717520.3441024,27996322.7574697,37811204.8252549,NA
1896,"antarctic krill",2111,35854.1026394588,1450141.49689373,7320699.52953954,14039987.8924282,24484631.4396819,36379453.421985,836502674.279846,NA
1896,"salps",2111,111920.81239262,476296.700989933,851397.49370456,1099491.67272619,1619312.63100121,2119193.96646361,2898654.23107106,NA
1896,"mesopelagic fishes",2111,4399.36543671427,518242.463045607,1414922.68205822,1915207.40852113,2795295.30508998,3726126.25689572,9533325.87607921,NA
1896,"bathypelagic fishes",2111,343576.284950145,1127045.45002318,1847770.9976015,2546726.10925478,3492606.86369968,4744512.46345524,13908323.3020433,NA
1896,"shelf and coastal fishes",2111,1702389.40230263,3060929.17903702,4324665.38043428,5040508.2852431,5668112.61247166,6383482.35454821,25669212.7788185,NA
1896,"flying birds",2111,3941.01387778948,5433.82755489167,5945.38395517246,6009.65929198925,6087.72000812344,6233.02739950393,6528.15965500103,NA
1896,"small divers",2111,11140.5271207239,22359.0034510591,35161.8949695281,37437.1619968069,40050.5570588277,42215.8837979006,46881.0130451174,NA
1896,"squids",2111,58733.1837003189,104890.318921141,128309.187514606,145931.710142159,170785.533056245,307923.658711712,437429.54782828,NA
1896,"toothfishes",2111,582.046830035835,221023.872947357,759654.697209697,1114991.76824776,1424250.29020462,1860151.34167471,5160888.19641292,NA
1896,"leopard seals",2111,5.97987724791232e-06,1922.75624889014,2776.81027097384,3399.00304254076,3842.81536524769,4788.73864387449,18880.3437837561,NA
1896,"medium divers",2111,4.06920210723643,172857.207816993,275068.971301949,404948.007894069,549236.336324901,792484.007913711,1127905.58934021,NA
1896,"large divers",2111,4.95339123899652e-05,6382.89302296514,10954.5207583877,18024.9005628628,31213.4440400958,120604.283644114,1693020.30758429,NA
1896,"minke whales",2111,1.18938921601944e-16,7949.91413309684,14234.704219352,25376.6433480352,45480.2703300169,12526810.9372804,133885324.205053,NA
1896,"orca",2111,5728.89466638412,7482.40911847473,8561.26744449088,9002.30562309513,9819.8018733475,16034.7688389557,228175.677428851,NA
1896,"sperm whales",2111,11787.583290935,15131.4459925073,19851.5371320588,23091.3332244743,90716.1096712913,2168105.52851563,10813051.5745874,NA
1896,"baleen whales",2111,118257.508764644,180985.507226862,764467.873330293,770315.594466943,2811927.68097738,16056081.9472211,93926583.8195004,NA
1897,"mesozooplankton",2111,1.33292039508488e-202,8116747.33827416,12188210.3690769,16957199.0310154,20070729.6818085,24541506.9693876,28978027.9425394,NA
1897,"other krill",2111,0.150686222117563,1253083.99000238,4906337.93515617,10993920.6017101,30276523.0452422,76701454.8762543,124912185.911517,NA
1897,"other macrozooplankton",2111,1544622.67036529,7554839.5523405,14649341.9685482,18179007.7927841,22112027.1910848,27426450.3390748,37627352.3297986,NA
1897,"antarctic krill",2111,33343.3879790943,1411231.03053126,7159374.48451862,13820843.7635121,24419692.2605748,36363690.1665428,788235073.022983,NA
1897,"salps",2111,109257.137057216,463589.898568267,837263.041904492,1085217.86429555,1609558.12310084,2112884.65373472,2895059.14122016,NA
1897,"mesopelagic fishes",2111,4235.68912782757,510686.40181509,1392498.41868999,1889691.61395606,2775417.22535659,3729350.74098789,9552428.91190384,NA
1897,"bathypelagic fishes",2111,340630.597691055,1119602.74278969,1831084.13207045,2529938.98514423,3482613.25381878,4740879.54695957,13855546.7347014,NA
1897,"shelf and coastal fishes",2111,1709384.19157381,3066689.80903037,4331782.98634998,5047572.62065686,5674493.69730123,6386914.94973708,25687573.5073322,NA
1897,"flying birds",2111,3938.51093861903,5432.8467910568,5941.99222810627,6007.19261951104,6086.15499716292,6230.84016719872,6530.19823935779,NA
1897,"small divers",2111,11108.6281757667,22297.9934304392,35074.2204007398,37358.4666152223,40019.9758914162,42193.2680492763,46871.1988836591,NA
1897,"squids",2111,59653.7147722202,105529.18417296,128684.844206579,146321.261565663,171459.265888711,308101.302526703,437740.38049333,NA
1897,"toothfishes",2111,565.769052379345,221519.174898293,760489.429963477,1116058.91058321,1425379.56994959,1860729.76490651,5165033.75174972,NA
1897,"leopard seals",2111,4.02892707918762e-06,1921.89195203808,2778.89644207226,3400.76162501008,3842.9255452311,4791.1806180416,19167.4487701154,NA
1897,"medium divers",2111,3.30523149267871,173168.905543686,275152.041456091,405010.949948834,547858.336243712,792302.91024351,1125343.4882261,NA
1897,"large divers",2111,3.29480156693259e-05,6387.86867577795,10940.1462038827,18014.4367719396,31139.0311246183,119518.996705737,1682708.82392928,NA
1897,"minke whales",2111,4.11103433611862e-17,7949.38607493017,14239.5792703541,25426.4168984286,45401.9116158763,12481880.4984586,133440311.948288,NA
1897,"orca",2111,5736.2119530786,7485.99261752269,8562.02742156156,9002.24031757491,9816.20022626632,16014.673763661,227578.824500408,NA
1897,"sperm whales",2111,11792.8516052659,15134.9027180387,19847.037337903,23082.1981498024,90582.1361913148,2164217.60006212,10793543.5773344,NA
1897,"baleen whales",2111,118323.070576739,181008.815519323,763741.367378219,769598.483432256,2808590.12212736,16035793.646432,93806686.8550863,NA
1898,"mesozooplankton",2111,1.18897257529159e-204,7997462.45763328,12118730.0244168,16795799.4309817,19741531.4647328,24054612.2950209,28377067.7700271,NA
1898,"other krill",2111,0.121207514463295,1242228.41872688,4995692.61170001,11071205.4186168,30269575.3404522,77953994.4068083,126497597.54199,NA
1898,"other macrozooplankton",2111,1446224.37476243,7322600.83275118,14269300.7325666,17714175.4333454,21617124.8470263,26851551.2833486,36668529.738837,NA
1898,"antarctic krill",2111,31074.3075161039,1369889.49569579,7039975.92563109,13651423.1174225,24300692.7421923,36312431.6895039,758239337.108546,NA
1898,"salps",2111,106874.243133876,456390.258250957,825538.490484871,1073982.8059719,1592603.42585864,2102142.80685689,2881093.63057766,NA
1898,"mesopelagic fishes",2111,3978.23443953503,496776.731440438,1354303.60811838,1849815.27928652,2735176.17778059,3692123.83224543,9481598.74111171,NA
1898,"bathypelagic fishes",2111,330556.062467678,1074378.74683272,1785083.21209753,2488771.77973424,3441026.77659974,4707440.61135371,13688746.100879,NA
1898,"shelf and coastal fishes",2111,1690297.84239742,3049718.11432308,4324585.18590325,5043108.52640575,5668389.85722594,6379717.92638351,25678652.8666007,NA
1898,"flying birds",2111,3937.2528352398,5430.499690657,5940.44745153166,6005.97369681221,6085.20837939259,6230.50361993581,6531.97802344699,NA
1898,"small divers",2111,11062.8750119507,22245.1536598533,35001.8179409079,37296.9559461294,40005.6872503517,42190.7313567616,46856.3781769751,NA
1898,"squids",2111,59867.6426256777,104978.432212061,128600.258869786,146204.384667392,171461.71741331,306925.176979223,437881.044018605,NA
1898,"toothfishes",2111,549.471603579199,221629.10471078,761365.925320936,1116982.81407269,1426413.49317894,1861066.40808557,5168769.52322933,NA
1898,"leopard seals",2111,2.65948779616965e-06,1920.75064201954,2780.10968524144,3401.56868124884,3842.03054711409,4793.20741449097,19440.5399048873,NA
1898,"medium divers",2111,2.63476254562278,173402.29791297,275154.177417621,404707.571049909,547004.714592257,792108.081705554,1122773.24525318,NA
1898,"large divers",2111,2.14254970489869e-05,6392.62660609606,10926.4998510716,18011.1020863374,31046.3081986639,118466.451372834,1672445.76073268,NA
1898,"minke whales",2111,1.33820103511502e-17,7945.86208365543,14249.4625665773,25446.133939981,45314.023655664,12437097.8277696,132996769.869873,NA
1898,"orca",2111,5743.88488761408,7489.96205952658,8563.31425487768,9002.28087510144,9813.2887332649,15995.3874389654,226983.654553699,NA
1898,"sperm whales",2111,11798.6419344019,15138.5969804812,19842.8639741379,23073.0293124203,90448.541430807,2160337.39403366,10774071.2462203,NA
1898,"baleen whales",2111,118390.30330137,181033.083487701,763015.694291601,768882.109465761,2805257.30811994,16015531.5531656,93686945.0701234,NA
1899,"mesozooplankton",2111,1.12354043246863e-206,7208002.34763726,11570962.731818,16408829.8545774,19465866.7175333,23884291.9999426,28253722.274028,NA
1899,"other krill",2111,0.101339943697569,1198310.54585579,4967284.54546952,11073211.5825874,30384194.6118105,78792648.1405341,128169021.894726,NA
1899,"other macrozooplankton",2111,1343761.8457322,7049294.64266591,13967802.5489083,17410107.4327208,21153940.5290696,26440264.4637566,36417033.5957812,NA
1899,"antarctic krill",2111,28957.4098132027,1322896.68479425,6894427.91252816,13369471.3097976,24241997.0127101,36344938.1681359,744301077.298131,NA
1899,"salps",2111,103581.9554107,446678.649265947,813233.550515423,1063323.50631429,1579188.73735592,2093289.14764701,2871327.43175053,NA
1899,"mesopelagic fishes",2111,3690.82355575668,480671.049378434,1313994.0967729,1806827.36534754,2693592.24935902,3656504.69877075,9364088.37400415,NA
1899,"bathypelagic fishes",2111,318157.094326391,1036831.26002694,1741507.65409587,2442782.6885645,3389854.69302868,4669837.30071125,13492635.0272899,NA
1899,"shelf and coastal fishes",2111,1670197.40502718,3028900.65808868,4311837.21793998,5028064.80560874,5657474.32247888,6368185.01082471,25643497.2769454,NA
1899,"flying birds",2111,3935.48794802523,5423.75605832228,5937.91853977169,6004.09908421253,6083.68909964204,6229.64326408173,6532.82833641555,NA
1899,"small divers",2111,11004.6363789995,22169.8144462997,34906.6412898774,37236.5707271127,39981.3054080438,42188.7214671302,46841.3634895246,NA
1899,"squids",2111,59977.4796135097,104578.115759351,128102.185988428,145912.926723253,171262.759147704,306563.152323738,437982.289536785,NA
1899,"toothfishes",2111,533.472435325887,221230.40631185,761420.393523645,1117343.18133466,1426262.41439161,1863487.73204778,5171967.68160306,NA
1899,"leopard seals",2111,1.77292579985853e-06,1920.06006791123,2782.58096009307,3402.54452082933,3841.04699788006,4798.08060217803,19716.8972475568,NA
1899,"medium divers",2111,2.11304963739803,173658.953476699,275172.736513503,404744.8575718,546583.642634006,791894.604898853,1120222.22924384,NA
1899,"large divers",2111,1.40734484383023e-05,6397.4865112225,10912.0339260762,18007.3797201958,30927.4246063564,117425.393008626,1662234.67730076,NA
1899,"minke whales",2111,4.48858309685963e-18,7942.83833791893,14274.3375023714,25440.9613844052,45210.8306210553,12392462.7017361,132554683.853544,NA
1899,"orca",2111,5751.19700036578,7493.60551647217,8564.36847700984,9002.00888070361,9809.96479943532,15975.719197907,226390.078592916,NA
1899,"sperm whales",2111,11803.6905055288,15141.9131053067,19838.6863697019,23063.8967148955,90314.9840541483,2156463.50691755,10754633.7540332,NA
1899,"baleen whales",2111,118454.24170706,181056.017313127,762291.359723835,768166.708606844,2801928.43376485,15995295.094867,93567353.1531113,NA
1900,"mesozooplankton",2111,1.15174891548162e-208,9528760.22366861,13179649.786735,17909337.7520057,21038319.559501,25589617.9568059,30295261.075554,NA
1900,"other krill",2111,0.0982127076946153,1337096.85085689,5539289.4233892,11999333.4397861,31762776.8396685,81656610.5727095,130405640.700118,NA
1900,"other macrozooplankton",2111,1354114.74731768,7483948.31240921,14978485.7536783,19024904.5386717,22940813.8934555,29079295.2399813,38723903.196371,NA
1900,"antarctic krill",2111,27981.9430565528,1343267.46452017,7074217.93326584,13743938.3944993,24543560.9981194,36884611.6471864,833644140.072851,NA
1900,"salps",2111,103810.663422642,455729.435708224,828301.288679174,1084000.89572682,1594139.60375318,2103353.19663819,2876686.56368702,NA
1900,"mesopelagic fishes",2111,3523.68536652521,477872.417043724,1309047.85708739,1808480.32604925,2681961.28390026,3649143.90661964,9249447.91686663,NA
1900,"bathypelagic fishes",2111,309680.419960808,1036893.31270279,1730952.87968301,2424938.35544984,3364819.47157286,4643992.37042779,13326804.9409505,NA
1900,"shelf and coastal fishes",2111,1664487.40300213,3019546.75435945,4299753.15430385,5017458.43217494,5645584.47017353,6356391.46565399,25583547.7216989,NA
1900,"flying birds",2111,3936.38089511484,5425.5823333384,5938.99135402918,6004.70823281786,6084.15369352684,6229.47456761123,6533.7277506327,NA
1900,"small divers",2111,10990.6241614315,22145.6927302372,34896.4036199135,37242.2018700335,39987.5137041158,42198.8006971789,46829.7137467173,NA
1900,"squids",2111,59867.7776408206,103824.217514635,127367.669210001,145447.429808261,170831.046880114,306067.024337362,438193.902423488,NA
1900,"toothfishes",2111,521.495850747953,220967.571299114,761174.040675636,1117408.17952805,1426074.98993108,1863237.11075714,5174365.49412533,NA
1900,"leopard seals",2111,1.16947504302131e-06,1919.94359315752,2784.21037273288,3403.22272105537,3842.07851411199,4798.29460116388,20015.845459547,NA
1900,"medium divers",2111,1.68392935761574,173887.451053316,275169.183931832,404746.419533679,546449.319004919,791685.447594123,1117669.91023799,NA
1900,"large divers",2111,9.16725321763146e-06,6402.85129270818,10899.3215557481,18004.4018799873,30865.8550140726,116469.09965766,1652075.10697259,NA
1900,"minke whales",2111,1.45776187811217e-18,7943.01757758751,14301.2385316524,25444.5504548689,45055.2110074844,12347977.4899201,132114073.467037,NA
1900,"orca",2111,5758.68693771512,7497.4690792232,8565.62514891483,9001.9430121244,9807.52918287445,15956.5397767755,225798.163755278,NA
1900,"sperm whales",2111,11809.3950077233,15145.6117736991,19834.791535144,23054.7516034452,90181.862243014,2152597.39514104,10735231.7819256,NA
1900,"baleen whales",2111,118528.33419774,181084.629381667,761569.887886,767452.142978668,2798605.70831221,15975086.2630202,93447926.7226289,NA
1901,"mesozooplankton",2111,1.07712293742898e-210,7205407.07749007,11762787.3851742,16648838.1077096,19646547.0565764,23856702.2463558,28186728.0907202,NA
1901,"other krill",2111,0.0925814614983074,1264654.82090474,5285032.79694656,11444999.8650031,31034189.9820776,79721301.43587,128897492.386825,NA
1901,"other macrozooplankton",2111,1333078.97885374,7690139.52903723,15013336.3475415,18597739.6262334,22527180.9509094,27652439.2701686,37623176.5227422,NA
1901,"antarctic krill",2111,26711.9840727924,1338339.42720205,7108514.22303193,13858223.3086961,24726359.5071329,37072225.8593783,939832043.776935,NA
1901,"salps",2111,102957.382127423,455235.608327036,831457.176043639,1086507.59821632,1598569.4133048,2112387.61858703,2881194.45058666,NA
1901,"mesopelagic fishes",2111,3411.9299911221,474040.614209348,1307910.62843275,1814472.97013218,2686259.28673703,3656997.26053557,9190477.25815282,NA
1901,"bathypelagic fishes",2111,304426.726814336,1029919.45650389,1734782.15856882,2418802.06548756,3361784.58192869,4644829.24672766,13191698.8586379,NA
1901,"shelf and coastal fishes",2111,1656151.73687827,3008637.99442855,4284508.70769505,5007502.67180081,5636495.07022548,6345697.17813611,25518357.1559913,NA
1901,"flying birds",2111,3935.20907832619,5422.20424325013,5937.69359280189,6003.1497682844,6083.08704775458,6228.63482265685,6534.3925747804,NA
1901,"small divers",2111,10952.3771324169,22101.0141200392,34866.063491042,37234.25614408,39982.5915507081,42197.3592889165,46817.2093228773,NA
1901,"squids",2111,59740.4095169343,103153.86702608,126797.311897117,144902.518829407,170322.153936958,305642.877049653,438283.776411341,NA
1901,"toothfishes",2111,509.568020117091,220662.325460913,760887.703841838,1117107.84669104,1425511.04597079,1862826.35384379,5178340.32918668,NA
1901,"leopard seals",2111,7.76138973477317e-07,1919.47286635559,2785.74882121344,3403.97951869723,3841.87865531765,4798.37692934219,20309.251950438,NA
1901,"medium divers",2111,1.34731601536825,174140.254515232,275176.960650526,404657.686991995,546332.900575362,791424.181180937,1115134.43960095,NA
1901,"large divers",2111,6.00928368144132e-06,6408.59349779432,10892.4623390192,17999.5213623003,30804.0246880431,115539.501134101,1641967.04113189,NA
1901,"minke whales",2111,4.83741574858991e-19,7942.66567535826,14332.6735353849,25449.6449638962,44900.3372311833,12303638.2769562,131674906.899125,NA
1901,"orca",2111,5765.91211702366,7501.11258211312,8566.73669370513,9001.64224717063,9805.05118287171,15937.0941620152,225207.850391047,NA
1901,"sperm whales",2111,11814.4713190742,15148.9225768554,19830.7774263129,23045.6372324935,90048.8760994423,2148737.62784538,10715864.6157958,NA
1901,"baleen whales",2111,118596.976976507,181110.48750581,760848.799296275,766738.518900138,2795286.31395559,15954902.5251016,93328646.4912842,NA
1902,"mesozooplankton",2111,9.99275483359468e-213,10161229.883808,13583122.9179902,18247344.7177155,21242917.1407028,25631227.3813907,30273632.7134204,NA
1902,"other krill",2111,0.0891863937946409,1417348.72940561,5595373.02691712,11887746.4010194,31169639.1524383,78370998.2470137,127601222.102976,NA
1902,"other macrozooplankton",2111,1403344.2974732,8092355.27982737,15467612.4278639,19122739.0888603,23264195.3814883,29177768.9819093,38439128.7131766,NA
1902,"antarctic krill",2111,26376.4374665374,1376538.19624716,7336828.98144768,14131865.8601884,24808560.5396503,37168710.6550893,1017788578.27695,NA
1902,"salps",2111,105714.587377711,473040.981434096,854826.778461292,1109009.47404173,1611379.79184135,2120822.62907925,2890322.26732258,NA
1902,"mesopelagic fishes",2111,3408.42938903526,482000.417574657,1331094.98785334,1843223.90779887,2707150.72753906,3667883.0563171,9209395.58770555,NA
1902,"bathypelagic fishes",2111,304559.625862372,1044208.16173718,1752108.49534994,2437811.58527727,3382432.71585239,4655775.62610815,13137319.164813,NA
1902,"shelf and coastal fishes",2111,1653806.11309523,3006351.97288872,4274368.06487765,4998259.41295624,5628304.6636615,6337731.05125731,25458790.1406839,NA
1902,"flying birds",2111,3937.28622053318,5428.97946886975,5939.48924993412,6004.70138737898,6083.29206874375,6229.68625572015,6535.87175629641,NA
1902,"small divers",2111,10972.1346760024,22137.4367140716,34956.8654222862,37315.5754959862,39986.2654285608,42208.0750996389,46806.073899035,NA
1902,"squids",2111,59200.2637865069,102491.469620294,126202.356351252,144403.010108183,169724.266874559,305104.751039352,438313.417438486,NA
1902,"toothfishes",2111,501.297525020696,221139.381697034,761680.167897867,1116650.79924108,1426542.2829381,1862466.49614526,5184545.58686258,NA
1902,"leopard seals",2111,5.01543976823973e-07,1918.45924266218,2784.90329365338,3404.43817860902,3840.51848869057,4801.51049748982,20623.9850307699,NA
1902,"medium divers",2111,1.05990037514654,174210.470028167,275135.230077624,404563.726711538,545717.598168344,791237.430132735,1112583.10837002,NA
1902,"large divers",2111,3.84587633277665e-06,6415.94323536214,10887.5850031211,17997.1781101025,30742.410960294,114607.053260753,1631909.47354353,NA
1902,"minke whales",2111,1.48477294475953e-19,7943.49948117515,14348.216935165,25407.9946396789,44745.666530971,12259448.0267262,131237212.615048,NA
1902,"orca",2111,5773.75577357857,7505.40533511468,8568.38193564675,9002.15913221868,9803.24570236972,15918.7677200038,224619.238604485,NA
1902,"sperm whales",2111,11821.1351832925,15152.7956393942,19827.195737578,23036.472716149,89916.5747942305,2144886.49770851,10696533.3048777,NA
1902,"baleen whales",2111,118680.270368569,181143.888524346,760130.215789045,766025.605443084,2791973.50078906,15934746.678867,93209535.9593928,NA
1903,"mesozooplankton",2111,8.88139909920774e-215,9739821.98812372,13548106.7564614,18062230.2315559,21017045.2996264,25217214.404003,29726934.4761768,NA
1903,"other krill",2111,0.0841894927438149,1515259.70663548,5776714.24197488,12037607.2350248,30958497.6375148,76419531.2644534,124096958.183466,NA
1903,"other macrozooplankton",2111,1514895.67276245,8475322.90175939,16104918.7582717,19981044.6856007,24117485.8673443,29864515.6215013,39305026.3996375,NA
1903,"antarctic krill",2111,26288.578842504,1440730.99382534,7567088.68525402,14448119.4241515,25051462.3121193,37310120.8233871,1036005467.83793,NA
1903,"salps",2111,109447.595045088,490512.265454139,873602.535946803,1126414.32737383,1629231.36894971,2131878.59146645,2901868.51696031,NA
1903,"mesopelagic fishes",2111,3511.29994330453,493650.315877025,1368953.38572275,1883040.6761475,2744100.97328432,3694084.33394141,9319635.97194467,NA
1903,"bathypelagic fishes",2111,310915.469081794,1073761.32385241,1788191.91226598,2478991.50811193,3425164.18773794,4680698.90438251,13214982.7300174,NA
1903,"shelf and coastal fishes",2111,1659155.04499456,3006878.40889292,4271050.1167098,4994165.90262991,5628425.77424861,6337501.91228611,25431896.346315,NA
1903,"flying birds",2111,3937.85561134144,5431.11223533592,5940.36607154362,6005.08111618803,6084.05817285158,6229.70083628294,6537.43377648466,NA
1903,"small divers",2111,10992.0854101806,22173.5219705345,35040.4355953051,37380.0442823369,40003.7167210806,42209.9670445203,46796.6362826368,NA
1903,"squids",2111,58897.1193088269,102287.579103982,125911.257714824,144212.692982271,169301.10805345,304866.225035227,438263.149785232,NA
1903,"toothfishes",2111,493.841210387662,221757.57293739,761885.854352425,1116372.07099856,1426387.94214068,1862057.54100882,5190734.79933457,NA
1903,"leopard seals",2111,3.2652646439823e-07,1917.49179962649,2786.54563647666,3406.20304687813,3841.38240545474,4807.94383866704,20948.2974122222,NA
1903,"medium divers",2111,0.840276332439895,174288.82765403,275108.061912408,404512.921442339,544985.306268528,791167.860005272,1110050.57709676,NA
1903,"large divers",2111,2.48401650907775e-06,6431.09526455206,10897.787602572,17987.8847094471,30680.9620542371,113685.849311509,1621904.32516546,NA
1903,"minke whales",2111,4.67604703030569e-20,7942.66177267765,14359.8043974742,25400.9942142097,44593.0207057565,12215403.4786724,130800956.96491,NA
1903,"orca",2111,5781.44260458833,7509.5552056442,8569.9267451196,9002.49055002487,9801.32882448969,15900.1902000122,224032.223757129,NA
1903,"sperm whales",2111,11827.5816313042,15156.5151486611,19823.0429557311,23027.3459557645,89784.498906215,2141041.99255283,10677236.7630926,NA
1903,"baleen whales",2111,118761.816757374,181176.254230529,759412.353945836,765313.668344949,2788664.44716558,15914616.2864071,93090575.2165186,NA
1904,"mesozooplankton",2111,7.43529561775468e-217,8994317.45167587,12914110.4269225,17534230.7889829,20579953.4135772,24817348.8506952,29294489.0555479,NA
1904,"other krill",2111,0.0702550812423089,1485648.43593093,5462461.62123109,11488922.7332978,30043352.9611456,73964755.0342022,121669282.479642,NA
1904,"other macrozooplankton",2111,1587754.64568446,8454501.51904103,15814028.51894,19247593.2206501,23502430.0013804,28720742.6236703,38688694.7975426,NA
1904,"antarctic krill",2111,25778.6668914323,1471038.5293117,7636898.19341432,14428831.6426834,24962678.6159664,37100710.9101224,993728499.703153,NA
1904,"salps",2111,111479.810973946,493919.93494255,874805.794519398,1126109.68835861,1632322.28585483,2136182.26659935,2912966.24413429,NA
1904,"mesopelagic fishes",2111,3628.49238770376,501879.075475364,1393789.03567881,1917695.58371954,2786880.18895953,3726118.31696758,9491720.35929617,NA
1904,"bathypelagic fishes",2111,320927.484089288,1103753.2610191,1828500.56358374,2524534.95863506,3481001.88188598,4725241.90741909,13414969.3668087,NA
1904,"shelf and coastal fishes",2111,1674458.66682785,3014864.13641992,4276072.95947228,5000142.38941724,5634746.97457263,6347256.01557913,25446741.0893748,NA
1904,"flying birds",2111,3937.04727403056,5430.85539458795,5939.69729175478,6004.88516342893,6083.1383467748,6229.53697300016,6538.94624863957,NA
1904,"small divers",2111,10999.1344262731,22178.460082074,35076.0961865131,37399.9986908447,40004.7231144215,42208.0450882873,46788.9941069363,NA
1904,"squids",2111,59252.7029675935,102748.313346345,126192.622497766,144428.453984274,169585.348422454,305134.979510063,438369.768216032,NA
1904,"toothfishes",2111,485.608779182488,221852.155510124,762320.758666832,1117064.12964186,1426304.07964203,1861846.68049431,5197386.94147637,NA
1904,"leopard seals",2111,2.16648507773411e-07,1915.8772422304,2789.48844902545,3407.94705453352,3841.97096856463,4826.09591615596,21282.9078319399,NA
1904,"medium divers",2111,0.676499438383131,174233.533969992,275118.843346758,404476.335507524,544065.386457086,791131.034918286,1107548.50526239,NA
1904,"large divers",2111,1.63715954507246e-06,6450.05261091166,10907.8993280157,17975.5191041956,30619.9335551731,112734.454216673,1611952.81604768,NA
1904,"minke whales",2111,1.55753576554578e-20,7941.01263603631,14380.5732350862,25397.192142485,44434.4300716224,12171503.6905174,130366128.336024,NA
1904,"orca",2111,5788.67840760116,7513.2747142225,8570.92181842392,9002.14409319494,9799.01993686425,15880.9153487745,223446.758907449,NA
1904,"sperm whales",2111,11833.3783857133,15159.7479966346,19818.1208694021,23018.2856702335,89652.5039512944,2137203.59285186,10657974.6806565,NA
1904,"baleen whales",2111,118837.583861943,181205.625730111,758694.824500242,764602.798656834,2785358.61871086,15894510.8070264,92971759.9235273,NA
1905,"mesozooplankton",2111,5.98337736096399e-219,7539752.31229117,11679993.2472713,16556586.6899141,19525327.5572893,23760640.2903173,28005764.5831192,NA
1905,"other krill",2111,0.0512089204756997,1356411.12724661,4997090.10658178,10693599.3114547,29386036.6492126,73744569.9851018,121425010.948382,NA
1905,"other macrozooplankton",2111,1525273.84870189,7803382.37835443,14598345.3346897,17744496.8799715,21773411.5543851,26796679.4416713,36774626.0383802,NA
1905,"antarctic krill",2111,24325.7890261782,1426630.37473605,7401487.2545726,14062864.0580048,24527325.9620296,36541976.479243,910769971.993127,NA
1905,"salps",2111,110214.047087789,479473.873233381,852440.024510401,1101267.16497956,1619196.19437674,2123510.54658181,2909816.57611635,NA
1905,"mesopelagic fishes",2111,3575.41315635997,496772.615242702,1384542.63907147,1904116.69629447,2791935.30280436,3730448.79238613,9660190.53374618,NA
1905,"bathypelagic fishes",2111,323813.933383047,1097073.5138561,1833104.08998549,2536497.53997777,3493029.47296596,4746490.24550194,14155788.8381581,NA
1905,"shelf and coastal fishes",2111,1676462.97214066,3017861.14948057,4280109.2384893,5006197.86227051,5639518.49321969,6354867.19270482,25492051.8273832,NA
1905,"flying birds",2111,3935.19667761264,5425.43876206584,5937.7300947011,6003.63060021842,6082.46612725764,6228.37720615898,6540.39686291802,NA
1905,"small divers",2111,10970.182554845,22144.5486777264,35054.9888492473,37357.4442645029,39985.4904711646,42196.9041019475,46777.4787207566,NA
1905,"squids",2111,59726.9998947893,103288.711078557,126554.253661751,144753.866253482,169922.204935709,305412.360933365,438464.909545509,NA
1905,"toothfishes",2111,474.243841045288,222211.640958019,762740.513234084,1117598.92011806,1426250.04945583,1861713.00641801,5204625.94347765,NA
1905,"leopard seals",2111,1.44085227278788e-07,1914.1329012584,2790.20261472062,3409.61268537096,3843.07558019739,4829.29125220994,21605.3793973189,NA
1905,"medium divers",2111,0.544392233882875,174152.493192009,275175.175014471,404423.25019237,543142.501639164,791015.824968631,1105062.08057173,NA
1905,"large divers",2111,1.07969939030286e-06,6468.96597403981,10914.7845350256,17968.6266527589,30558.561589428,111768.829201494,1602051.48801159,NA
1905,"minke whales",2111,5.22191331075677e-21,7938.53352908641,14412.3866333399,25355.1627056009,44303.0932721313,12127747.0403999,129932720.840504,NA
1905,"orca",2111,5795.79461246527,7516.90591162942,8571.99875850495,9001.3509045943,9796.65891716035,15861.5507368347,222862.875880804,NA
1905,"sperm whales",2111,11838.9179352473,15162.7725262704,19813.4235349844,23009.249245515,89520.6611412202,2133371.79227853,10638747.2683792,NA
1905,"baleen whales",2111,118907.122356063,181231.601737501,757977.529052719,763892.851408966,2782055.96433133,15874430.0057408,92853089.1676967,NA
1906,"mesozooplankton",2111,5.229337756068e-221,8571835.84820353,12329287.7788991,17039313.6724475,20207235.642627,24651360.3275059,29224626.7011224,NA
1906,"other krill",2111,0.036649191702759,1316342.26205157,5075050.80604236,11118569.2844067,30117422.6832729,76316942.9677981,123738298.58116,NA
1906,"other macrozooplankton",2111,1491485.63114154,7520849.60563173,14495505.5428273,18117953.6454343,22087696.1494208,27717394.1872858,37467149.6128422,NA
1906,"antarctic krill",2111,22994.6389580465,1407750.59925385,7285897.53923916,13934093.5817031,24395980.8212126,36413238.368383,847021452.533269,NA
1906,"salps",2111,109348.256533832,473946.903534884,846946.874860159,1097202.09732457,1615187.16924556,2123030.41952916,2907495.18094018,NA
1906,"mesopelagic fishes",2111,3480.05818465281,494247.098228695,1377490.36405327,1892462.91973211,2783663.1095418,3715536.67037431,9778253.05206582,NA
1906,"bathypelagic fishes",2111,322455.592954854,1099947.60247945,1833026.93684571,2532394.13092691,3500515.50634416,4751379.03743537,14677294.8757959,NA
1906,"shelf and coastal fishes",2111,1684933.332497,3024598.24542418,4287421.02703399,5010838.39539186,5645301.8821258,6361927.63640425,25548846.7420169,NA
1906,"flying birds",2111,3936.45686996697,5428.74088069382,5939.38234521457,6004.90351624885,6082.67562908592,6229.31884401665,6541.8370843445,NA
1906,"small divers",2111,10981.4517168145,22155.7627409436,35059.8787997112,37358.8815689748,39987.5816137561,42199.5189955527,46767.6022901795,NA
1906,"squids",2111,60043.1739073125,103810.777692175,126918.774499902,145094.515863574,170159.576622035,305332.367432164,438694.94304245,NA
1906,"toothfishes",2111,464.409866579289,222988.386577137,763466.030837576,1118007.12282421,1426557.34647685,1863258.80498885,5212462.88817697,NA
1906,"leopard seals",2111,9.43787930042109e-08,1912.39481093663,2789.32061038516,3410.85972563995,3844.15203378451,4828.51486147878,21950.5138160424,NA
1906,"medium divers",2111,0.433334076333819,174066.302599606,275298.413939628,404409.174843101,542644.072492912,790913.920189143,1102571.84367279,NA
1906,"large divers",2111,7.01616636764552e-07,6486.25891459643,10903.9066436575,17969.7703459233,30497.1298011311,110803.983133537,1592199.73100282,NA
1906,"minke whales",2111,1.66678289812782e-21,7936.86887457769,14422.8362900485,25352.2043810162,44239.3283393745,12084136.5725759,129500758.958302,NA
1906,"orca",2111,5803.2877518372,7520.93530415336,8573.33451176454,9001.65559696074,9794.72316077211,15842.8940538685,222280.629341447,NA
1906,"sperm whales",2111,11845.5636129369,15166.4712474939,19809.7741508677,23000.1899923203,89389.2959964659,2129548.11133942,10619555.1250506,NA
1906,"baleen whales",2111,118987.782217199,181263.297294366,757262.317873272,763183.711383973,2778759.36242404,15854376.479522,92734583.5302523,NA
1907,"mesozooplankton",2111,4.715120435792e-223,6528406.63344667,11039529.8847768,16062388.1195745,19256241.7029022,23718536.2969129,28075184.8066333,NA
1907,"other krill",2111,0.0257995201620715,1199958.38601665,4776132.89439115,10783973.7005688,30197712.8750665,76918833.2077789,126417260.228298,NA
1907,"other macrozooplankton",2111,1394294.99701169,7094955.49208464,14203629.9674571,17744975.7770275,21563431.1489852,26831471.8308983,37170506.9192273,NA
1907,"antarctic krill",2111,21087.7476696672,1350127.63240661,7044709.14094036,13682416.1658795,24438183.2969691,36455084.2090638,850124160.6436,NA
1907,"salps",2111,105431.610954514,462636.570887074,826588.622457383,1079706.8259821,1604180.48217836,2119210.33796141,2904688.24672065,NA
1907,"mesopelagic fishes",2111,3313.233819432,483202.217264822,1361484.26279201,1874842.30655733,2763540.02268982,3718433.3849711,9784776.24938185,NA
1907,"bathypelagic fishes",2111,317344.350577664,1089303.77963357,1816322.0720742,2515885.07088778,3490640.79262781,4753817.62770709,14904633.2218037,NA
1907,"shelf and coastal fishes",2111,1696177.06792968,3030266.12692666,4294204.0573476,5017202.95979944,5652704.04297199,6368204.87193135,25604565.7721876,NA
1907,"flying birds",2111,3934.46421758329,5423.02013312174,5937.34554783867,6003.23002113193,6082.03855857436,6228.2482232937,6542.03590228735,NA
1907,"small divers",2111,10949.1150831349,22098.28464566,34980.1543217163,37294.6401334302,39984.6662929335,42190.2584581188,46757.734474184,NA
1907,"squids",2111,60809.9023847659,104468.102043174,127568.405985737,145541.812491498,170857.766241255,305788.691511617,439005.231901412,NA
1907,"toothfishes",2111,452.362619516213,222735.763709523,764163.949452814,1118121.51902539,1426506.76096424,1863193.91465993,5220314.80161317,NA
1907,"leopard seals",2111,6.35721862346591e-08,1910.7601892215,2792.04290052746,3411.60114327439,3845.51055009725,4827.84021500647,22292.8932279953,NA
1907,"medium divers",2111,0.351374694771461,174158.950443,275413.607265431,404363.183976922,542237.305099268,790829.557640417,1100120.32670456,NA
1907,"large divers",2111,4.6801475610284e-07,6506.40807106231,10899.0539882557,17971.1508476214,30435.4334571583,109873.974381785,1582399.9592806,NA
1907,"minke whales",2111,5.77491752011409e-22,7934.39770226335,14458.8458409301,25418.9741748378,44179.5445017639,12040668.1130028,129070199.061081,NA
1907,"orca",2111,5810.0367616941,7524.24308193856,8574.09844253409,9001.31401939452,9792.10081115299,15823.1541507596,221699.87010723,NA
1907,"sperm whales",2111,11850.6270786911,15169.1643369416,19805.9721038968,22991.212509301,89257.7578137306,2125729.72915111,10600396.8090102,NA
1907,"baleen whales",2111,119055.978815841,181288.550266174,756546.660012233,762475.678088514,2775464.89282518,15834346.8338455,92616214.8901892,NA
1908,"mesozooplankton",2111,4.36488661292166e-225,9021525.97473647,12737492.9802067,17424363.2983874,20485256.0618549,24921652.7939931,29564023.8012658,NA
1908,"other krill",2111,0.0205864632459396,1222894.07699037,5114994.90776769,11298188.7518374,30761745.9926948,79950885.4291756,128979599.753655,NA
1908,"other macrozooplankton",2111,1372702.79850711,7267477.54829377,14646517.9036856,18320835.7795246,22337414.8094353,28019250.711931,37529905.6718154,NA
1908,"antarctic krill",2111,19832.172803026,1335301.4501947,7083199.28784603,13734795.195015,24459826.342249,36712285.3430479,889248631.052704,NA
1908,"salps",2111,104691.529368455,467112.862159808,834698.108475365,1091865.53001671,1607281.17696769,2121977.77451061,2899509.08722224,NA
1908,"mesopelagic fishes",2111,3183.05930070252,481139.885773712,1360527.18594771,1866993.99279781,2746809.31082314,3690259.14092474,9678547.60558167,NA
1908,"bathypelagic fishes",2111,310699.634012527,1080068.58139398,1803574.72689113,2496754.06627127,3471784.13102992,4736474.54545902,14830822.3135293,NA
1908,"shelf and coastal fishes",2111,1697803.90042604,3031676.90363367,4295166.37631051,5017272.39708912,5652982.975282,6368878.78691418,25619624.0176264,NA
1908,"flying birds",2111,3936.40461890503,5428.28558531094,5939.83359005736,6004.98523152096,6082.07446113084,6229.50300745009,6542.40201209489,NA
1908,"small divers",2111,10960.8813095817,22119.083436279,35000.6598955636,37315.6175400309,39989.9536520488,42193.9714193081,46746.4426205704,NA
1908,"squids",2111,60750.3465164688,104599.852840953,127659.670599003,145613.785478406,170729.167387144,305592.733758006,439210.435121398,NA
1908,"toothfishes",2111,443.253120580245,223093.420357859,764979.010458597,1118553.78267867,1426776.42548888,1863110.05714564,5245176.985196,NA
1908,"leopard seals",2111,4.11795356583722e-08,1910.13498126337,2795.26580672242,3412.37287543133,3843.89888578924,4826.93786061929,22643.1859749692,NA
1908,"medium divers",2111,0.276463431641604,174119.527847921,275081.872665111,404336.289487026,541222.661197274,790744.165472707,1097641.98204471,NA
1908,"large divers",2111,2.9981967457445e-07,6521.95143686969,10901.3630416996,17971.0022005451,30282.4494018294,108973.287218197,1572645.58531333,NA
1908,"minke whales",2111,1.78033801827167e-22,7932.716411965,14476.8257704961,25379.9902423626,44113.5565576788,11997344.9894041,128641084.774805,NA
1908,"orca",2111,5817.70669891259,7528.49346558906,8575.4925670294,9001.73869257048,9790.43657410524,15805.0330081743,221120.812703302,NA
1908,"sperm whales",2111,11857.5357844485,15172.3099290484,19802.3524886163,22982.1540197971,89126.9474097288,2121920.36564725,10581274.1657304,NA
1908,"baleen whales",2111,119139.292957973,181321.310186289,755833.440360069,761768.249584386,2772177.00448396,15814344.8417147,92498014.9353843,NA
1909,"mesozooplankton",2111,4.04550298239891e-227,8062668.5507582,12255890.1314157,16976259.7225194,19991188.3186095,24240954.1418797,28762826.9000649,NA
1909,"other krill",2111,0.0181343028966341,1257863.14077409,5168072.781464,11307083.2989898,30811100.3963288,78801707.9569418,127254934.19906,NA
1909,"other macrozooplankton",2111,1396807.93706251,7733807.22635447,15101405.0525645,18848299.3776379,22768467.2955623,28217668.0800144,37693173.4523521,NA
1909,"antarctic krill",2111,18862.7068339466,1336691.46514227,7166203.04621054,13897579.6148303,24634186.6482883,36903043.7335679,879959772.75947,NA
1909,"salps",2111,104533.253405163,472407.900506162,845896.298749643,1102126.1954973,1615269.00842991,2126522.76365222,2897048.84619527,NA
1909,"mesopelagic fishes",2111,3139.55815041904,487021.85301838,1374760.40559543,1878924.36988241,2749028.06735473,3688527.93432412,9818714.02857623,NA
1909,"bathypelagic fishes",2111,308190.60940999,1082441.68904582,1808762.98747915,2500165.59328212,3472645.96392955,4720186.21671993,14565756.7113374,NA
1909,"shelf and coastal fishes",2111,1702652.19552929,3034477.84239995,4296915.2558239,5019676.80829977,5653107.72780968,6370029.1541323,25595546.2817282,NA
1909,"flying birds",2111,3938.09311036718,5432.85335772208,5941.97704871698,6006.13661273599,6083.36627235447,6230.23532291021,6542.19623511047,NA
1909,"small divers",2111,10990.5044488655,22168.4713500294,35057.4697326882,37374.1119803749,40005.3841686713,42203.1907866718,46736.2701623057,NA
1909,"squids",2111,60399.1039917622,104549.196817008,127558.386015368,145586.120661722,170442.215187744,305383.648353511,439218.65577325,NA
1909,"toothfishes",2111,436.180731330035,223573.328406805,765976.042125174,1119650.83952537,1426808.7822111,1863021.41619661,5272115.68267754,NA
1909,"leopard seals",2111,2.65164005925922e-08,1909.52466873589,2798.13144435825,3413.11738641734,3842.66758163924,4827.23290242901,23005.9868357966,NA
1909,"medium divers",2111,0.216855734631808,174005.249902027,274859.841060212,404289.004309382,540209.744546892,790656.855277272,1095168.43182707,NA
1909,"large divers",2111,1.90924742519627e-07,6536.68231051696,10905.3825778893,17978.0069494465,29974.7718003331,108077.353532831,1562939.87108919,NA
1909,"minke whales",2111,5.41222186657079e-23,7934.21658229723,14491.3437793422,25400.9119960359,44039.2515365665,11954165.2494515,128213390.276027,NA
1909,"orca",2111,5825.57210940487,7532.92308207895,8577.01257281104,9002.30805016739,9788.96371929368,15787.2259104128,220543.354886176,NA
1909,"sperm whales",2111,11864.7090975197,15175.2758195643,19798.7554762697,22973.0945242597,88996.4719125347,2118118.24612332,10562186.2038128,NA
1909,"baleen whales",2111,119226.361065707,181355.639974559,755121.393499403,761061.675555597,2768893.65381441,15794368.8236523,92379969.9342806,NA
1910,"mesozooplankton",2111,3.65987638071029e-229,8592062.97438633,12546717.0155039,17091322.3648672,20037951.626705,24298368.4046685,28725934.7746178,NA
1910,"other krill",2111,0.0162957580427497,1264834.24059351,5115343.98162194,11207631.747282,30272936.8461081,76423980.5342118,124976413.098156,NA
1910,"other macrozooplankton",2111,1420094.91512043,7762611.3781418,14936938.3025953,18349857.1261875,22362461.2506726,27563096.8238001,37040924.5976757,NA
1910,"antarctic krill",2111,18022.8133167511,1340102.72354985,7209437.91324272,13942545.9552201,24529630.1017289,36769490.6298249,838771728.566194,NA
1910,"salps",2111,105111.366789602,477200.490694397,852078.207344527,1104281.11998177,1614735.53926718,2123440.00417775,2890810.89029555,NA
1910,"mesopelagic fishes",2111,3118.0539770473,489709.467631001,1380273.90014356,1886482.41541736,2743177.19875327,3683403.73339015,10355020.816037,NA
1910,"bathypelagic fishes",2111,308500.625401169,1084426.96723111,1813012.13901788,2499529.97990729,3456553.63647578,4703828.19375897,14228473.1547383,NA
1910,"shelf and coastal fishes",2111,1699939.07194801,3033032.09328716,4295115.73614572,5019280.93383993,5649553.0915632,6367808.96636052,25539854.4420357,NA
1910,"flying birds",2111,3938.73992860337,5433.3118307206,5943.00183472059,6006.13250471489,6083.27309185467,6230.78660113187,6541.81999918183,NA
1910,"small divers",2111,11010.9713001387,22218.0515131207,35119.0211477486,37423.6128183529,40013.6470166116,42203.7147559392,46723.8774526617,NA
1910,"squids",2111,59781.2634165882,104280.354670305,127486.856112982,145428.873220736,170031.509857993,305138.509959466,438905.013391872,NA
1910,"toothfishes",2111,429.101356511832,224293.569182905,766907.592637917,1120418.06544875,1426705.15778216,1862855.86683795,5297186.04856085,NA
1910,"leopard seals",2111,1.69805311524137e-08,1908.84277421152,2800.59900177653,3413.81074385069,3842.74751051903,4831.9235921142,23365.355705455,NA
1910,"medium divers",2111,0.169552735434929,173882.684685189,274623.987868649,404202.466232982,539550.734407309,790564.996573772,1092701.49504841,NA
1910,"large divers",2111,1.20790265159764e-07,6550.35476225578,10916.0722818356,17974.3701240587,29739.0656486325,107186.55014896,1553281.83132637,NA
1910,"minke whales",2111,1.62886406693351e-23,7935.03001392672,14501.8421105216,25417.0194357816,43952.0324345001,11911127.2096276,127787102.830162,NA
1910,"orca",2111,5833.64571994359,7537.5272098627,8578.76617261345,9002.91008103891,9787.671343989,15769.687963951,219967.492004757,NA
1910,"sperm whales",2111,11871.9031782369,15178.2896163572,19795.1566017752,22964.0368028326,88866.2723805501,2114323.05001567,10543132.7522829,NA
1910,"baleen whales",2111,119312.166174609,181388.957652315,754407.278494278,760355.958479597,2765614.04345704,15774417.9869706,92262073.6466506,NA
1911,"mesozooplankton",2111,3.43610585202997e-231,8999128.23401494,12761477.9099786,17401681.9810853,20448526.0737821,24790024.8801203,29312300.0596476,NA
1911,"other krill",2111,0.0149828488517307,1295442.66485408,5255220.5324947,11422691.6088223,30375375.7683902,76261577.736135,123944244.117177,NA
1911,"other macrozooplankton",2111,1459646.77740384,7894839.28324606,15100718.1618026,18700254.6910781,22758850.7959985,28262006.0578744,37808084.521313,NA
1911,"antarctic krill",2111,17339.8317701279,1352440.12207092,7269163.78730766,13992756.8126646,24519620.2383356,36637884.88772,890841137.564983,NA
1911,"salps",2111,106137.330927601,482987.611387081,856453.216297813,1106689.30446704,1617225.95724571,2122803.77770772,2982201.9520476,NA
1911,"mesopelagic fishes",2111,3112.67880547881,492732.775858615,1387209.80603142,1893052.46643808,2751416.00264103,3682772.96444416,10721037.7504217,NA
1911,"bathypelagic fishes",2111,312064.524898154,1089040.8952724,1812018.46222189,2504991.25596433,3454417.38778395,4698894.41444962,13950359.290402,NA
1911,"shelf and coastal fishes",2111,1704306.55923126,3034490.08134155,4296250.102062,5019568.17889906,5650735.28938899,6367667.83868957,25476319.1882886,NA
1911,"flying birds",2111,3938.64780745297,5433.5358143191,5943.0480632326,6005.96925822048,6082.92293327157,6230.62167110936,6541.42636983936,NA
1911,"small divers",2111,11029.8437451038,22252.2204359616,35158.6163074419,37449.0788843195,40011.2665875758,42201.0400941613,46713.1412619929,NA
1911,"squids",2111,59496.4306818196,104295.80846436,127547.779124657,145265.281232167,169867.974425248,305186.477044517,438622.747194372,NA
1911,"toothfishes",2111,421.501770599741,225145.378145246,767812.967498849,1121395.66268379,1426596.94520744,1862744.8905809,5320506.51074286,NA
1911,"leopard seals",2111,1.10161252059976e-08,1908.22989469469,2802.86971817512,3414.68473335601,3842.94826256704,4835.97453755527,23737.7839479635,NA
1911,"medium divers",2111,0.134172792962938,173767.089293546,274520.685949181,404078.188205163,539346.724110344,790471.921635437,1090259.41927611,NA
1911,"large divers",2111,7.74830175104614e-08,6560.73828874064,10923.4890361612,17968.7877034195,29664.8548377478,106309.787084943,1543673.92940441,NA
1911,"minke whales",2111,5.10482531748489e-24,7934.16679355438,14507.3978832261,25433.5369126407,43861.5039680111,11868230.8193622,127362213.777835,NA
1911,"orca",2111,5841.52654890555,7541.90334845883,8580.24873520814,9003.50615300754,9786.15700870358,15751.7463728011,219393.16887612,NA
1911,"sperm whales",2111,11878.5795469971,15181.0351305948,19791.5166927755,22955.0303978521,88736.1827113332,2110534.10346486,10524113.4118926,NA
1911,"baleen whales",2111,119394.69415259,181420.538417743,753692.268014549,759651.269777281,2762338.03797761,15754492.1996824,92144324.53607,NA
1912,"mesozooplankton",2111,3.21102216791963e-233,9784300.42252691,13412732.9955538,17970649.8484703,20921414.1712674,25223797.7772508,29818535.9072313,NA
1912,"other krill",2111,0.0143023157149891,1393830.59884338,5514527.45497287,11723439.2026697,30716839.7396646,76124287.3817349,123174248.3799,NA
1912,"other macrozooplankton",2111,1538604.64715808,8164653.55985304,15670277.4061977,19482950.405428,23549981.2268292,29209110.6978112,38640941.9735545,NA
1912,"antarctic krill",2111,16913.1532275564,1390300.56352012,7429101.77763536,14188651.1837116,24662907.8691357,36785871.0580271,950072976.183719,NA
1912,"salps",2111,108960.966319533,491356.888769415,867786.015266506,1120025.70528397,1627404.03528757,2128518.24992671,3034942.184821,NA
1912,"mesopelagic fishes",2111,3164.56067134483,500053.33740485,1402015.75696965,1908259.60891962,2766266.20249657,3689904.05942222,10915051.8811004,NA
1912,"bathypelagic fishes",2111,318269.586869881,1101804.7575323,1817459.99930632,2519364.37430219,3463465.9488277,4701103.10329885,13784107.907579,NA
1912,"shelf and coastal fishes",2111,1711839.60545444,3038298.52377378,4299286.42143166,5021576.05436638,5652078.2802779,6368405.67441713,25420730.3632103,NA
1912,"flying birds",2111,3938.94219822191,5434.12066093618,5943.62279226065,6006.16917097844,6082.95449283754,6231.40532907847,6541.55190548734,NA
1912,"small divers",2111,11056.0837021676,22294.8952612553,35192.5010112146,37465.0710982093,40013.4603882526,42195.7638968838,46703.4654785634,NA
1912,"squids",2111,59370.6688879667,104553.44143898,127549.610701117,145206.012312269,169777.632281966,305410.146352987,438380.940923663,NA
1912,"toothfishes",2111,414.161670518582,225990.614777159,769263.220607174,1121776.76432987,1427855.5172279,1862690.86594389,5342520.9519754,NA
1912,"leopard seals",2111,7.13702413537554e-09,1908.84766520465,2803.65735310631,3414.36422905911,3842.24189082215,4835.94651976764,24119.6959641925,NA
1912,"medium divers",2111,0.106217413160629,173699.961941463,274528.944574634,403465.808519744,539140.074914788,790385.109661311,1087828.40089011,NA
1912,"large divers",2111,4.96392992318302e-08,6555.33114134178,10923.3035068237,17967.9320665766,29604.4889809464,105736.319370387,1534114.54703617,NA
1912,"minke whales",2111,1.59331379956061e-24,7933.57971811243,14492.3143622363,25451.2303414789,43771.6008365563,11825475.9139848,126938726.286006,NA
1912,"orca",2111,5849.53298272167,7546.36546121308,8581.83537188401,9004.1960050415,9784.7283957556,15733.9421627422,218820.413836636,NA
1912,"sperm whales",2111,11885.4135960143,15183.815972528,19787.8907867547,22946.0374492166,88606.3467843706,2106752.11276479,10505128.4790976,NA
1912,"baleen whales",2111,119477.953420485,181452.266601516,752978.170664919,758947.49177929,2759066.24890327,15734591.9176943,92026727.0984419,NA
1913,"mesozooplankton",2111,2.78213728243378e-235,9378895.65095772,13154944.5504353,17662389.9816148,20534101.1641359,24687641.7489846,29202590.4840423,NA
1913,"other krill",2111,0.013026733094698,1441831.41096057,5495045.65981281,11591775.098631,30201357.5429594,73922081.2747333,120990967.344728,NA
1913,"other macrozooplankton",2111,1622527.39045779,8369012.14271834,15819440.1986385,19319341.2046419,23473321.4112918,28768332.7103293,38128550.5191515,NA
1913,"antarctic krill",2111,16515.5379775496,1424910.76346846,7565487.88079145,14321763.678648,24729157.9339555,36677785.9295636,976985620.38377,NA
1913,"salps",2111,112064.95319091,499346.196025329,876251.8796299,1123687.62385595,1634587.29844749,2130890.45267775,3048362.30285925,NA
1913,"mesopelagic fishes",2111,3270.14674198469,509382.504044788,1420657.92615249,1930283.05065713,2784828.43379293,3706447.26703828,10982413.4862279,NA
1913,"bathypelagic fishes",2111,326562.954802454,1116116.28495281,1837989.65727489,2538992.10004329,3476535.53673695,4710756.87520578,14116939.5991002,NA
1913,"shelf and coastal fishes",2111,1718879.48347242,3043244.38009213,4304545.03644798,5024441.64661918,5655871.75765157,6370057.18980356,25388154.1627595,NA
1913,"flying birds",2111,3939.44833312618,5436.15940373796,5944.49756847477,6006.48905239441,6083.37784160783,6232.01812073969,6542.17079119476,NA
1913,"small divers",2111,11087.7532659895,22348.9853698617,35228.8446625754,37487.0171706567,40019.0247766848,42191.317450078,46694.2640776104,NA
1913,"squids",2111,59304.8233617293,104810.5441279,127672.92629346,145242.780287737,169671.316322522,305602.272312605,438116.97013133,NA
1913,"toothfishes",2111,407.386156491868,226801.769724399,770570.572733448,1122427.4358406,1428728.09121893,1862697.90712294,5363729.9784335,NA
1913,"leopard seals",2111,4.60289276735406e-09,1908.49128026671,2805.50621732634,3413.21337432855,3841.35398989913,4835.90921858068,24508.2524291774,NA
1913,"medium divers",2111,0.0838909225094356,173779.77265473,274528.235238709,403431.717363702,538674.073011944,790299.039033677,1085405.28943799,NA
1913,"large divers",2111,3.16534977322018e-08,6548.90407982616,10927.4838970606,17961.7510669835,29533.0354960749,105439.28462257,1524603.18369917,NA
1913,"minke whales",2111,4.90301531058306e-25,7933.2716922259,14472.5523713719,25430.6278939747,43681.3553201959,11782861.8163027,126516635.64279,NA
1913,"orca",2111,5857.73836064786,7550.97605097473,8583.58082786363,9005.01279073995,9783.44143552353,15716.3896379673,218249.225804402,NA
1913,"sperm whales",2111,11892.5582166071,15186.6929680793,19784.291320704,22937.0507214232,88476.7900813614,2102977.21153704,10486177.9633056,NA
1913,"baleen whales",2111,119562.056325733,181484.164949593,752264.959336253,758244.595748458,2755798.69322645,15714717.1158626,91909281.1160677,NA
1914,"mesozooplankton",2111,2.35421134917672e-237,8639424.35850332,12529075.4029554,17155306.7837579,20256148.648541,24580837.5325618,29054396.6152412,NA
1914,"other krill",2111,0.0105649851356779,1381178.63685599,5207516.9036128,11074169.9954628,29750010.9228672,73359607.2223803,120276528.16662,NA
1914,"other macrozooplankton",2111,1650650.07109821,8175493.20075996,15297791.4161858,18674606.1707848,22824962.2117531,28153899.4374171,37874771.4443347,NA
1914,"antarctic krill",2111,15821.3701044825,1421054.4536342,7508945.79537361,14245922.0121852,24515908.0907341,36466887.8930959,951394607.785872,NA
1914,"salps",2111,112763.968341434,496448.211074287,868078.698718693,1114074.99532289,1633548.70435969,2129102.6073803,3016426.25001784,NA
1914,"mesopelagic fishes",2111,3324.71184103937,512562.525362336,1426301.01205872,1936267.98622916,2801961.95840455,3722190.31732119,10988047.1071742,NA
1914,"bathypelagic fishes",2111,334848.486948407,1129562.37936583,1857243.33614544,2552940.66945642,3499902.32908466,4736400.2253483,14291141.3287074,NA
1914,"shelf and coastal fishes",2111,1734317.12135103,3051902.55924424,4314810.79152081,5033703.61968106,5664457.94194146,6377594.15562788,25391544.0978826,NA
1914,"flying birds",2111,3938.45449616723,5435.0019279204,5943.46369676084,6005.88545446366,6082.43288210649,6230.87502982817,6542.67541274087,NA
1914,"small divers",2111,11100.5269951055,22357.9573766092,35211.1065445483,37465.5803232808,40014.6286876926,42184.8663154548,46686.896883193,NA
1914,"squids",2111,59876.4291687498,105365.687459925,128129.982075546,145578.088861763,170147.79205639,306205.404250486,438076.054707362,NA
1914,"toothfishes",2111,399.293121351521,228054.552885037,771685.593497455,1123551.31990481,1429088.03241106,1862940.19645334,5384502.15123059,NA
1914,"leopard seals",2111,3.03917466699582e-09,1907.15402029274,2808.36820921877,3413.68663195912,3841.07020944555,4837.71003604509,24907.7805102547,NA
1914,"medium divers",2111,0.0674797939717817,173910.618130369,274582.84269503,403459.667274416,537967.941075449,790220.317865082,1083017.27480403,NA
1914,"large divers",2111,2.06787121854925e-08,6543.35942860628,10926.2689594,17953.2328541378,29436.4676508253,105015.515828187,1515142.8607576,NA
1914,"minke whales",2111,1.61190882439602e-25,7929.08920131222,14486.8935198344,25429.5589599021,43623.532600283,11740387.3966896,126095921.607152,NA
1914,"orca",2111,5865.42313065563,7555.03345671861,8584.58627474575,9005.20865614472,9781.60253239995,15697.989156003,217679.511061029,NA
1914,"sperm whales",2111,11898.7634900855,15189.0711667016,19780.6148060555,22928.1432304421,88347.1988451539,2099208.0251196,10467261.1381727,NA
1914,"baleen whales",2111,119638.207438836,181512.155536645,751552.857665448,757542.804150264,2752534.16537785,15694866.7519546,91791976.6528247,NA
1915,"mesozooplankton",2111,2.0451605885309e-239,8889753.18664463,12717507.2130553,17380466.4237115,20540789.6996197,24989114.0114548,29530763.9933412,NA
1915,"other krill",2111,0.00817465138598621,1351814.37690716,5142359.80185842,11180264.6409642,30237488.1929706,75206902.0734114,122148229.820601,NA
1915,"other macrozooplankton",2111,1636863.06038364,7885465.04194816,15138831.3385533,18739322.6989366,22821528.4082105,28440040.7284974,38295402.3848114,NA
1915,"antarctic krill",2111,14961.1919984773,1409085.19650232,7418522.87458845,14124191.4361763,24499632.7283577,36408379.3541911,896110722.614397,NA
1915,"salps",2111,112424.632551134,491961.270756135,858020.523873961,1105229.22025449,1627833.73207523,2124916.47639148,2987603.525297,NA
1915,"mesopelagic fishes",2111,3296.67321636369,512363.624035152,1421550.73512891,1923178.75697867,2806174.671197,3733101.70590621,10961382.200854,NA
1915,"bathypelagic fishes",2111,339471.827618727,1136591.83880689,1862137.52670552,2555051.83241077,3511683.50901446,4759090.50807162,14315908.7697591,NA
1915,"shelf and coastal fishes",2111,1751765.91096451,3061284.07263223,4326763.90042517,5047343.14316611,5674416.95153802,6386618.01688949,25422328.9998718,NA
1915,"flying birds",2111,3937.10981220058,5434.98772970198,5941.83502873726,6005.48889034421,6081.12783776381,6229.06517548164,6543.09647534139,NA
1915,"small divers",2111,11096.2149447587,22332.9255304485,35147.9943072419,37404.1573213136,40006.7323001461,42174.5401543778,46679.3712695336,NA
1915,"squids",2111,60857.3856896826,106043.769275539,128713.205548162,146049.336190056,170900.814432328,306942.007243226,438298.343043458,NA
1915,"toothfishes",2111,389.729716333753,229654.878306963,772861.809370367,1124911.66916621,1429584.07818172,1867680.58608331,5405061.66935612,NA
1915,"leopard seals",2111,2.03135710376467e-09,1906.01880206874,2809.90510899543,3413.664780294,3842.86353843905,4839.919542235,25312.4139065577,NA
1915,"medium divers",2111,0.0547112253023543,174222.559660141,274542.982216714,403247.26995957,537290.033815723,790144.672409177,1080652.46090669,NA
1915,"large divers",2111,1.3669981120386e-08,6538.26848170327,10933.2926530502,17952.552062689,29354.2157182073,104463.811856308,1505732.10597873,NA
1915,"minke whales",2111,5.4663726290098e-26,7922.71872613262,14506.7323827968,25432.7266076827,43568.4859245843,11698052.4225652,125676584.97685,NA
1915,"orca",2111,5872.75910781182,7558.7330015825,8585.4013730105,9005.18512597064,9779.40909548359,15679.1433950334,217111.289604171,NA
1915,"sperm whales",2111,11904.4490016825,15191.1707748439,19776.8918932696,22919.2823496426,88217.6656302503,2095445.05498481,10448378.2065861,NA
1915,"baleen whales",2111,119709.195130031,181537.63146851,750841.757437687,756842.005954013,2749273.13875135,15675041.148426,91674816.8526786,NA
1916,"mesozooplankton",2111,6.68723950882407e-242,8263588.32936188,12248937.5860831,16940921.3228918,19944393.3912618,24282466.2472535,28801505.1104359,NA
1916,"other krill",2111,0.00618817830596863,1314475.26409491,5057413.71547669,11062658.8955636,30188866.1012826,75810093.0587539,122947124.484398,NA
1916,"other macrozooplankton",2111,1621758.65833977,7776773.0397074,15113123.6985213,18666792.3716156,22695564.8255725,27990949.5508549,37586855.2593114,NA
1916,"antarctic krill",2111,14064.2080061774,1399024.86582825,7360455.23723177,14058776.4530281,24492432.3870332,36431653.7734327,839883672.274146,NA
1916,"salps",2111,111874.659107856,487700.792101627,855547.949359337,1102315.59203052,1626203.69047891,2127354.51527683,2977747.45016801,NA
1916,"mesopelagic fishes",2111,3271.76859921057,515715.961298833,1423836.63914435,1926575.52479688,2805422.26095484,3732300.90394204,10907605.9243331,NA
1916,"bathypelagic fishes",2111,340872.168116935,1140233.34158434,1861609.90409328,2554275.04207077,3512033.62936063,4767452.21993667,14247641.0022555,NA
1916,"shelf and coastal fishes",2111,1765085.36736139,3069758.00604218,4337015.45588641,5055375.83088197,5679437.49488339,6391492.91375032,25459127.204597,NA
1916,"flying birds",2111,3938.41290410974,5436.53167719625,5943.7534516418,6006.57709667987,6081.58221693668,6231.01274257129,6543.78120275662,NA
1916,"small divers",2111,11121.2027149789,22356.0956175872,35142.9486838553,37402.6403854161,40011.8090365935,42176.1969414466,46671.513565554,NA
1916,"squids",2111,61446.8265084291,106568.17651775,129088.679029933,146316.799514906,171178.098902273,306508.06280811,438594.194965067,NA
1916,"toothfishes",2111,381.748810102203,231163.916718473,774353.55026598,1126288.86358831,1430275.58451189,1868225.23869416,5425467.36086288,NA
1916,"leopard seals",2111,1.32576220541809e-09,1905.50659176531,2809.77105757132,3414.78921901408,3844.29764637988,4841.26656826261,25729.4881136764,NA
1916,"medium divers",2111,0.0435444951615523,174543.75893162,274306.948615505,403220.294046137,537022.059615122,790067.006590227,1078274.30250987,NA
1916,"large divers",2111,8.81978057656885e-09,6542.25087594674,10937.1687450427,17956.5900543442,29276.6980205554,103577.074115221,1496366.97150759,NA
1916,"minke whales",2111,1.72040123372324e-26,7921.38959087167,14508.4701905602,25427.7335726854,43508.9437177044,11655858.168444,125258646.436158,NA
1916,"orca",2111,5880.63962404018,7562.96386975586,8586.87196242845,9005.50145368861,9777.73808279553,15661.2947570838,216544.68196448,NA
1916,"sperm whales",2111,11908.0308486157,15193.8549462665,19773.2956630226,22910.378856193,88088.6647013639,2091690.30388313,10429530.0903939,NA
1916,"baleen whales",2111,119789.899869324,181568.010433791,750131.367411093,756141.918970273,2746017.9128771,15655242.2694066,91557818.3474002,NA
1917,"mesozooplankton",2111,1.34731257188469e-244,8103434.3455432,12176182.8979073,16962760.1032328,20067826.6871196,24503887.305849,29012769.0336349,NA
1917,"other krill",2111,0.00439380452978985,1252880.72805451,4909217.27680989,10933245.4759903,30206081.0220722,76691954.7265778,124897137.277889,NA
1917,"other macrozooplankton",2111,1544714.72039307,7478925.65161387,14644243.6935192,18166844.6757893,22090585.9678301,27423883.1929267,37401675.9787558,NA
1917,"antarctic krill",2111,12997.5694876329,1358845.60292739,7190059.95079838,13855126.7535221,24420101.4540497,36393173.4283181,792829014.325865,NA
1917,"salps",2111,109214.851204636,477356.242730386,840256.347441538,1089956.61562878,1615263.63162603,2120153.0914108,2940954.65866662,NA
1917,"mesopelagic fishes",2111,3149.70042695824,504037.829270156,1400292.60580943,1900830.86997811,2787467.02100012,3731867.1493815,10827389.2815675,NA
1917,"bathypelagic fishes",2111,337994.926776464,1123409.16292358,1845835.62157614,2538905.94375455,3504216.94266392,4770724.22215453,14088904.345664,NA
1917,"shelf and coastal fishes",2111,1772247.9290026,3076305.35813014,4343114.98245122,5060604.51173389,5685121.94003193,6395965.17627404,25497430.4767122,NA
1917,"flying birds",2111,3935.9176948108,5434.36645272622,5940.82125544272,6005.02187941451,6080.17572507136,6228.59739265231,6543.33588185756,NA
1917,"small divers",2111,11089.4834633555,22295.1554334003,35052.0883488456,37330.6789882442,39988.8868924204,42165.5753002847,46661.8902614566,NA
1917,"squids",2111,62367.1219482715,107138.415434401,129396.992564287,146683.377783999,171864.886052494,306933.433570832,438905.854734543,NA
1917,"toothfishes",2111,371.132884775242,232119.414331603,775373.964079175,1126887.94553159,1430231.29657729,1868977.45900743,5445204.48785245,NA
1917,"leopard seals",2111,8.91728189807368e-10,1904.99669660278,2810.40133852443,3415.11395286629,3846.32525736634,4841.9378324737,26134.00279269,NA
1917,"medium divers",2111,0.035341315181031,174753.733725559,274460.180430616,403288.686759571,536728.381431579,789670.373310599,1075936.05586161,NA
1917,"large divers",2111,5.85659938208746e-09,6549.83658271004,10931.2452448814,17947.5002057703,29202.224267608,102711.886624938,1487051.98864565,NA
1917,"minke whales",2111,5.92267586531448e-27,7917.96837395015,14518.3563877361,25429.9032577649,43453.2566847101,11613800.8074911,124842058.723933,NA
1917,"orca",2111,5887.65531050923,7566.34236180825,8587.4089868687,9005.25155423508,9775.22812373339,15642.2325824487,215979.502379766,NA
1917,"sperm whales",2111,11887.7761912632,15195.7474041123,19769.3320718947,22901.5646869282,87959.4328158416,2087940.45348523,10410715.1061188,NA
1917,"baleen whales",2111,119854.791496342,181590.467427068,749422.102602504,755442.932263339,2742764.38488761,15635466.560783,91440951.0684382,NA
1918,"mesozooplankton",2111,2.84351754280901e-247,7985456.81086829,12092477.9210779,16779456.9488989,19708420.6988122,24008804.3371703,28410018.7497704,NA
1918,"other krill",2111,0.00325644179129639,1243327.56878516,4991059.87528709,11055349.575317,30228632.1254578,77944163.2445983,126482362.079912,NA
1918,"other macrozooplankton",2111,1446391.3942691,7226767.2112041,14262045.5056176,17709134.5757791,21607586.994597,26848976.1189588,36442234.4730821,NA
1918,"antarctic krill",2111,12036.1270954576,1319507.17973172,7047972.6857029,13648218.665442,24290938.1223615,36331936.8564755,772336281.877365,NA
1918,"salps",2111,106835.528871702,470642.858012474,828321.902398249,1078083.24535396,1599323.58004405,2108897.7685352,2916444.00612805,NA
1918,"mesopelagic fishes",2111,2957.98973608415,490937.799158151,1363536.05270628,1857636.55930538,2744956.3740091,3699510.15359215,10696731.9981328,NA
1918,"bathypelagic fishes",2111,328044.656156538,1090960.11204258,1803681.63173069,2493771.22481379,3461628.49767019,4734611.12771398,13844454.650528,NA
1918,"shelf and coastal fishes",2111,1753074.29626134,3063775.13798519,4335836.0063368,5055668.7744966,5679754.64743139,6390371.40549608,25507934.1890143,NA
1918,"flying birds",2111,3934.66680518279,5428.56859706834,5939.44308258245,6003.10733657992,6079.38123517962,6227.54126829632,6542.90140734462,NA
1918,"small divers",2111,11043.896273034,22242.3865179447,34969.6206452526,37264.0191293911,39965.1035042431,42136.4126737139,46647.1590484739,NA
1918,"squids",2111,62582.4064396921,106991.558898852,129240.407248541,146615.709219884,171818.097444701,306779.031002213,439048.104184893,NA
1918,"toothfishes",2111,360.502509309976,233251.156858874,776204.773742981,1127697.22816995,1430004.69585972,1869421.04649915,5464033.06038396,NA
1918,"leopard seals",2111,5.87625145933457e-10,1903.65494826872,2811.27730841085,3416.12484536665,3846.41353142564,4842.96837042856,26520.6374445431,NA
1918,"medium divers",2111,0.0281480592480327,175058.403538681,274542.539498152,403248.540364078,535823.743355293,789555.434760442,1073587.84469773,NA
1918,"large divers",2111,3.80136846396553e-09,6555.38371609203,10924.9316063269,17944.9208407185,29125.8420561471,102025.940840278,1477780.72963207,NA
1918,"minke whales",2111,1.91991297362459e-27,7916.48089738434,14524.9661528573,25354.2772562311,43388.9367205859,11571881.7064417,124426847.571669,NA
1918,"orca",2111,5895.0374359288,7570.11501717747,8588.63351838346,9005.19111293595,9773.11612869296,15623.9659632397,215415.927091905,NA
1918,"sperm whales",2111,11867.4356826508,15198.0106241427,19764.9967626781,22892.7161894371,87830.5714721189,2084198.07579348,10391934.5318602,NA
1918,"baleen whales",2111,119921.361236541,181613.882911246,748713.566626731,754744.659502,2739515.49380687,15615716.4048616,91324235.0796656,NA
1919,"mesozooplankton",2111,6.6931905017925e-250,7209597.42485701,11543294.911606,16415645.2179541,19465363.3571778,23871964.5003507,28286183.7540651,NA
1919,"other krill",2111,0.00246260820206866,1196950.00529221,4967460.0391926,11080352.3780358,30341558.9453438,78798788.0187693,128153840.665125,NA
1919,"other macrozooplankton",2111,1343984.35544735,6976366.83126315,13952534.5592378,17394259.9758304,21137660.6110963,26436611.5279862,36189373.3235459,NA
1919,"antarctic krill",2111,11148.5114515245,1277053.27370535,6910174.1977302,13457331.9934944,24259022.5111509,36378766.9905222,769494099.508429,NA
1919,"salps",2111,103546.749390793,460688.674725235,815558.054099797,1065691.24693529,1583650.07749096,2100151.09521695,2870949.23686471,NA
1919,"mesopelagic fishes",2111,2744.0265562626,475230.529437021,1324848.64881612,1816906.67339269,2705406.61317195,3673492.12334462,10527658.5747143,NA
1919,"bathypelagic fishes",2111,315782.405385494,1050795.6943192,1760536.99693885,2451308.10070103,3405474.0695111,4693058.92456109,13716342.0193805,NA
1919,"shelf and coastal fishes",2111,1732286.30346968,3048160.47814742,4321381.78045716,5041715.65224055,5669200.99615319,6380197.23754819,25491293.8543481,NA
1919,"flying birds",2111,3932.90944092689,5421.84247336371,5937.25285670266,6001.65227967571,6077.33269529521,6226.41795158247,6541.8302955821,NA
1919,"small divers",2111,10985.8351505464,22167.1162297792,34880.2954002245,37196.3060969608,39948.335388169,42134.0696567905,46632.2198027196,NA
1919,"squids",2111,62684.6385771251,106013.394894228,128751.322436226,146296.504347299,171572.338983359,305432.16663418,439150.810806308,NA
1919,"toothfishes",2111,350.061768447405,233490.863516191,776632.868450676,1128094.87352826,1429445.39879909,1869631.67489542,5481508.2807658,NA
1919,"leopard seals",2111,3.91120002385108e-10,1901.90068535158,2813.04542022994,3418.2266792201,3845.51848172142,4845.1910730542,26911.603391773,NA
1919,"medium divers",2111,0.0225562031376046,175379.695570921,274507.688441176,402910.956792701,534866.265949235,789459.86034187,1071257.80123309,NA
1919,"large divers",2111,2.49245312071991e-09,6561.46491879944,10933.3145180789,17941.6060956513,29050.7265381428,101410.600433876,1468557.28098207,NA
1919,"minke whales",2111,6.41474868316539e-28,7911.41567318962,14554.5451686757,25357.2185670284,43327.6721686114,11530100.8015893,124012999.132237,NA
1919,"orca",2111,5902.05459421578,7573.56046780273,8589.47187776333,9004.91856014438,9770.69560794164,15605.3174773072,214853.854056379,NA
1919,"sperm whales",2111,11847.0862246887,15200.156715818,19760.414868947,22883.9033815145,87701.7410762034,2080461.76880162,10373187.5500394,NA
1919,"baleen whales",2111,119984.613163139,181635.964223569,748005.989522236,754047.336745023,2736270.43474037,15595991.2290511,91207665.0700008,NA
1920,"mesozooplankton",2111,2.00077373610057e-252,9523627.89958657,13170506.8904809,17913654.316644,21025438.5256967,25576835.5921591,30328948.6266216,NA
1920,"other krill",2111,0.00215637664041399,1336871.75218943,5539773.22897077,12036498.4381395,31754695.6325339,81636261.9314604,130390267.102028,NA
1920,"other macrozooplankton",2111,1354394.36679971,7488387.89166424,14969279.3687256,19009679.1586689,22930883.7881018,29062085.0113488,38483127.3117653,NA
1920,"antarctic krill",2111,10713.1073296637,1294251.84788297,7078098.80601558,13827441.1949961,24544883.2340941,36895218.935615,821030296.007939,NA
1920,"salps",2111,103777.742477429,470295.316139502,832481.528647211,1089901.9970813,1598106.91280205,2109726.64133559,2878044.03566391,NA
1920,"mesopelagic fishes",2111,2619.46058905271,471772.12117151,1323053.16880322,1816288.16832568,2690419.00644593,3660167.10900488,10342735.215876,NA
1920,"bathypelagic fishes",2111,307408.75514635,1041931.94910637,1743543.78871861,2432511.27761318,3389359.56865231,4666139.01879425,13539423.7871101,NA
1920,"shelf and coastal fishes",2111,1725715.72947946,3042661.27727231,4307455.36794139,5031094.08621609,5656539.53255638,6369686.74589102,25448143.107516,NA
1920,"flying birds",2111,3933.81036600495,5423.68425152764,5937.81340390505,6001.77549097984,6077.77542412173,6226.40154692278,6541.08659387809,NA
1920,"small divers",2111,10971.9757744438,22143.06552377,34870.4428183489,37214.1986521829,39952.887267419,42133.5080331599,46620.5859487258,NA
1920,"squids",2111,62565.3490700328,105227.681114013,128078.738393215,145925.682636239,171074.956406751,305217.525149962,439364.124408358,NA
1920,"toothfishes",2111,342.259135679199,233856.091581439,776622.247910804,1128195.46524418,1429019.3457143,1869595.34267103,5497625.78231771,NA
1920,"leopard seals",2111,2.5759295671706e-10,1900.71088330284,2814.88895951579,3417.35646785649,3844.924005807,4847.38476164528,27334.3560224829,NA
1920,"medium divers",2111,0.0179605504243498,175297.557846276,274350.829713734,402679.752807301,533956.845550185,789366.004562678,1068924.8344055,NA
1920,"large divers",2111,1.62055111244066e-09,6569.12653869203,10931.1280259174,17936.8033564052,28975.7207224578,100835.639139434,1459380.78233424,NA
1920,"minke whales",2111,2.07516884493656e-28,7907.83955477195,14581.8728339303,25355.2924556959,43269.817594387,11488460.3825312,123600533.136021,NA
1920,"orca",2111,5909.25505934028,7577.2309618821,8590.49639393382,9004.81654194316,9768.51835985897,15587.1485141856,214293.359589566,NA
1920,"sperm whales",2111,11826.7527925354,15203.2021999873,19756.0574362861,22875.0774933972,87573.3358506341,2076732.98815666,10354474.8340208,NA
1920,"baleen whales",2111,120058.078175266,181663.726477551,747299.214004456,753350.825583368,2733031.41367716,15576293.0213567,91091256.6803737,NA
1921,"mesozooplankton",2111,4.55674574653499e-255,7171584.82777449,11735618.2711068,16638969.2783973,19605307.6081594,23846033.7169696,28217487.023289,NA
1921,"other krill",2111,0.00175230918315011,1264537.25409849,5283741.69768064,11445848.4266636,30997006.3254203,79712501.0718038,128882209.648965,NA
1921,"other macrozooplankton",2111,1333408.39816612,7698940.31870978,15008185.2343991,18596084.6980859,22512903.0644419,27638660.8075075,37381379.7543588,NA
1921,"antarctic krill",2111,10167.8028113367,1287439.32024162,7113474.20799305,13911928.9576107,24700814.8015918,37109900.5070114,876590864.965554,NA
1921,"salps",2111,102926.85267421,469436.28575169,835144.302638449,1090818.42639092,1599145.25397489,2114011.56089172,2880818.19736711,NA
1921,"mesopelagic fishes",2111,2536.05030255367,468032.398683222,1322154.65337376,1821676.18469356,2695064.41322096,3669576.13514814,10180705.5059358,NA
1921,"bathypelagic fishes",2111,302229.182618228,1037444.78743336,1745287.45706694,2432283.6215163,3382486.04449015,4661424.43113351,13390982.2400156,NA
1921,"shelf and coastal fishes",2111,1716769.28437721,3036250.41026025,4291905.80864455,5014655.86283428,5645186.91621068,6360299.48034613,25397764.3287388,NA
1921,"flying birds",2111,3932.64619923286,5420.01735291548,5936.24991911006,6000.574746837,6076.10914238011,6225.56824824957,6540.36143906895,NA
1921,"small divers",2111,10933.8884846766,22098.4553741835,34854.1086034375,37211.6632095847,39950.24002085,42128.013587869,46608.0900746115,NA
1921,"squids",2111,62421.1622476061,104583.592897967,127347.761848802,145477.098215334,170661.808420256,304949.745963569,439455.580455337,NA
1921,"toothfishes",2111,334.485405726453,234949.001117727,776517.577964984,1127956.427344,1428491.10281566,1869267.23653678,5512365.11418756,NA
1921,"leopard seals",2111,1.70706559634988e-10,1899.32503928866,2817.21100961924,3418.19122782791,3845.50393843388,4849.47039177835,27749.5570721125,NA
1921,"medium divers",2111,0.0143589724974183,175161.586343754,274203.652172431,402411.072169318,532692.071147297,789270.873098106,1066607.58564876,NA
1921,"large divers",2111,1.06043217656166e-09,6581.64681163769,10924.955790969,17911.5359072208,28901.8259548562,100303.109379414,1450251.60165702,NA
1921,"minke whales",2111,6.86065072848372e-29,7905.61363923912,14582.0173538626,25349.922879625,43175.99541963,11446956.6663328,123189418.312407,NA
1921,"orca",2111,5916.18687417057,7580.68020502376,8591.35626362812,9004.56111045996,9766.14903266747,15568.713011732,213734.374549361,NA
1921,"sperm whales",2111,11806.4143327034,15206.0282752156,19751.5299626943,22866.2817911511,87445.0580253819,2073010.30441596,10335795.6808894,NA
1921,"baleen whales",2111,120126.057158425,181688.733824697,746593.374892981,752655.233058219,2729795.61767166,15556619.2586791,90974990.6281992,NA
1922,"mesozooplankton",2111,1.30534037460429e-257,10159451.8522413,13587771.5786383,18240035.2118674,21236952.1810874,25612459.819708,30310031.8167477,NA
1922,"other krill",2111,0.00152571976729569,1419624.87782176,5597587.17791812,11905607.3028994,31073645.8841148,78363043.1020624,127585866.7633,NA
1922,"other macrozooplankton",2111,1403739.50662739,8088231.24138378,15450999.7929274,19108276.3282879,23249646.5175216,29149757.8436297,38181565.3623638,NA
1922,"antarctic krill",2111,9982.71850806985,1325460.06888803,7361761.55143632,14126714.8964566,24781494.9124257,37235295.7871739,947286957.890808,NA
1922,"salps",2111,105685.472108947,487313.220119835,858145.373182263,1114348.3613199,1617929.91404667,2125242.71736251,2918209.82968383,NA
1922,"mesopelagic fishes",2111,2533.10039336847,475939.973175153,1348877.76235625,1851192.92490069,2715316.73453002,3673527.46269534,10070208.9782899,NA
1922,"bathypelagic fishes",2111,302395.982070085,1049524.37804317,1764357.04715849,2448700.87599409,3404065.11119563,4663013.31106273,13321102.3630078,NA
1922,"shelf and coastal fishes",2111,1714054.3337818,3034899.91272632,4279254.09390823,5004081.15380688,5635856.50250225,6351180.81810466,25350636.460937,NA
1922,"flying birds",2111,3934.73120264455,5427.11019802853,5938.68779377323,6002.25661283827,6077.64363815184,6226.30032740127,6540.62024039,NA
1922,"small divers",2111,10944.4653472154,22134.9498946702,34943.0981957223,37287.8541650717,39955.740755402,42134.8623699269,46596.9131376723,NA
1922,"squids",2111,61872.1418319208,104011.546290951,126740.007311038,144893.926807278,169948.958553949,304522.713737167,439487.471233192,NA
1922,"toothfishes",2111,329.11427042557,235824.538773985,776630.95388867,1127739.90931114,1428336.48273678,1868780.47610301,5526257.83244372,NA
1922,"leopard seals",2111,1.10143847927253e-10,1898.2911697837,2817.45227767772,3418.22851646892,3844.69268347288,4851.3601705448,28195.6981937893,NA
1922,"medium divers",2111,0.0112861799745616,175063.92566432,274109.808897679,402284.026821793,531392.793808005,789065.893665571,1064272.46580804,NA
1922,"large divers",2111,6.77418559174436e-10,6588.28206910002,10943.4503320484,17888.5916223523,28826.8920328437,99931.3090069708,1441168.14059531,NA
1922,"minke whales",2111,2.09748672150309e-29,7904.48298883174,14586.2411603621,25355.0835730255,43032.2989469044,11405592.4820167,122779683.21906,NA
1922,"orca",2111,5923.74807085741,7584.7867072684,8592.83050108822,9005.12697082647,9764.45859238407,15551.3813709363,213177.015377841,NA
1922,"sperm whales",2111,11786.1040746365,15209.5547915683,19747.5596391956,22857.4353636937,87317.452901825,2069296.00914565,10317151.1296482,NA
1922,"baleen whales",2111,120208.773390911,181721.286819228,745888.214080796,751960.327565447,2726566.29258244,15536972.7328586,90858890.4323855,NA
1923,"mesozooplankton",2111,3.05217262545715e-260,9705148.624542,13540755.3480463,18051493.5713208,20997050.3983354,25205647.5591982,29759490.4621352,NA
1923,"other krill",2111,0.00134212179265834,1516636.30484914,5777387.66492648,12038477.2782489,30966837.8540596,76411566.892902,124081619.916146,NA
1923,"other macrozooplankton",2111,1515368.75206598,8476361.24833601,16096157.0904706,19977004.7276948,24099911.3491145,29865063.3018163,39029387.5837143,NA
1923,"antarctic krill",2111,9892.60382927122,1396569.17535103,7621071.44716452,14426662.2779524,25034903.654847,37355848.8300521,995722409.561484,NA
1923,"salps",2111,109419.649571165,502353.037792805,877523.014946275,1130367.01886109,1635716.25275902,2137095.35014987,2979839.93882258,NA
1923,"mesopelagic fishes",2111,2609.16923960748,487485.786010293,1383298.41169097,1895585.23704183,2753973.36970231,3703766.01805297,10037917.8879747,NA
1923,"bathypelagic fishes",2111,308739.74077574,1078900.22136233,1801787.71183667,2491258.94675756,3441764.2926443,4692290.01666404,13382814.2837045,NA
1923,"shelf and coastal fishes",2111,1719312.76646239,3037462.69438052,4274741.24191504,5002673.1938604,5634698.78871272,6350311.56596067,25390105.4586919,NA
1923,"flying birds",2111,3935.30865628252,5430.74731126339,5939.67591101069,6002.81515291043,6077.58829553108,6227.15584302436,6541.09260045829,NA
1923,"small divers",2111,10953.3726205051,22171.1045484841,35026.2099925447,37354.4681636942,39964.7143772693,42167.3860899292,46587.4970581165,NA
1923,"squids",2111,61560.8822904819,103754.767381645,126611.644380013,144643.156879402,169595.594160893,304285.249473447,439439.137844435,NA
1923,"toothfishes",2111,324.275840842693,236825.277128252,776986.200249078,1127486.24844184,1428393.62000734,1868336.74142832,5539851.22176048,NA
1923,"leopard seals",2111,7.16064004160731e-11,1897.28884039256,2819.01773745994,3418.1699550097,3845.44710203922,4851.76408866946,28655.021926515,NA
1923,"medium divers",2111,0.0089403358869565,175131.987416263,274136.806054782,402254.132508375,530090.82743809,788657.440275392,1061955.0103808,NA
1923,"large divers",2111,4.36793158323347e-10,6583.50630731962,10961.8238346751,17860.6154782424,28753.6853929444,99610.5124577238,1432132.95091001,NA
1923,"minke whales",2111,6.58103207291016e-30,7903.30154832773,14579.5816957436,25311.0236997144,42892.2358826575,11364364.7594613,122371294.658745,NA
1923,"orca",2111,5931.14632868346,7588.74706891464,8594.20356370651,9005.64859793137,9762.65305550133,15533.8003646074,212621.15854123,NA
1923,"sperm whales",2111,11765.8597485268,15212.9465487315,19743.7672560217,22848.6261278459,87190.0643649772,2065588.09197428,10298540.1102012,NA
1923,"baleen whales",2111,120289.728505877,181752.80460722,745184.013937026,751266.375441398,2723340.62089065,15517351.0126843,90742936.182783,NA
1924,"mesozooplankton",2111,5.93154820572636e-263,8970001.31158703,12875005.2695309,17539791.1866851,20558627.9357037,24816268.4751883,29328759.988521,NA
1924,"other krill",2111,0.00105027675027252,1485418.90996291,5465311.05503531,11482699.6749031,29996328.295168,74029289.8743132,121654366.824914,NA
1924,"other macrozooplankton",2111,1588296.23652595,8457159.86685232,15803875.682682,19227131.7890762,23488050.9061534,28717660.8411652,38393700.8212528,NA
1924,"antarctic krill",2111,9643.93045602207,1430112.77860356,7667647.15769139,14443994.359298,24942151.1881295,37134696.7627178,995421084.386397,NA
1924,"salps",2111,111453.315405477,505309.723398711,879525.36007415,1130911.83548147,1641547.35963342,2141428.28826677,3009744.28919777,NA
1924,"mesopelagic fishes",2111,2695.86396263334,495644.809119726,1407498.88477093,1923582.88390579,2798599.69509667,3734406.52366195,10071661.3957315,NA
1924,"bathypelagic fishes",2111,318713.05361701,1108789.93526681,1835036.65823521,2535047.82067691,3498663.33919451,4732184.02460546,13568337.2608652,NA
1924,"shelf and coastal fishes",2111,1734788.178572,3048645.59983381,4281888.92925371,5009121.7453555,5641710.11054766,6359355.32992188,25478423.9512929,NA
1924,"flying birds",2111,3934.50846267457,5429.47437970756,5938.80294811923,6002.23647896273,6076.85284908653,6226.0962645459,6541.62020476818,NA
1924,"small divers",2111,10949.3818597164,22176.1070646347,35068.6834993553,37372.6771805062,39962.6826327724,42165.0121062302,46579.9906068989,NA
1924,"squids",2111,61908.1769970352,104164.088119603,126867.1133303,144824.154995916,169915.276891601,304481.001306317,439546.989230059,NA
1924,"toothfishes",2111,318.924908328902,238169.788050958,777597.062018647,1127581.99129874,1428946.70091329,1868172.15394468,5553652.55059185,NA
1924,"leopard seals",2111,4.74492298122132e-11,1896.36113058927,2822.19065526634,3418.94022699864,3845.50227279467,4852.41953178849,29127.9157284742,NA
1924,"medium divers",2111,0.00719252676855996,175183.759846924,273954.188541247,402275.550660707,528785.233169056,788418.607463662,1059667.20033187,NA
1924,"large divers",2111,2.87444570072063e-10,6591.89653385001,10978.9606332347,17854.1307857992,28683.3293712146,98861.3521735396,1423147.47234065,NA
1924,"minke whales",2111,2.18451830406411e-30,7901.8944145217,14556.5476168195,25303.3305967355,42758.6108777089,11323272.6411275,121964241.339739,NA
1924,"orca",2111,5938.08332706981,7592.27116513315,8595.44656709296,9005.82959385839,9760.44920731376,15515.5285923275,212066.75013314,NA
1924,"sperm whales",2111,11745.674702268,15215.965567767,19740.0062370461,22839.8828112417,87062.7491796969,2061886.03340266,10279962.3164203,NA
1924,"baleen whales",2111,120364.864921316,181781.32770995,744480.865734148,750573.467880423,2720118.06897255,15497753.5582282,90627123.5457437,NA
1925,"mesozooplankton",2111,1.02871600402989e-265,7542286.12026134,11660755.9711283,16533274.8908919,19502747.5463352,23739194.5500716,28037901.5487042,NA
1925,"other krill",2111,0.000725131189828646,1356378.91630862,4999749.99733263,10690541.6797,29388144.2605607,73730584.5997833,121410376.375926,NA
1925,"other macrozooplankton",2111,1525842.50577306,7804622.01780135,14576991.0580744,17728942.3658793,21766114.1309182,26792314.7482348,36468674.5010121,NA
1925,"antarctic krill",2111,9042.93722551274,1376012.84342745,7440339.16169037,14133039.2937601,24578014.6286281,36576544.7646782,938715454.127263,NA
1925,"salps",2111,110189.545260067,493370.387276209,857251.419410229,1104221.36507648,1625474.47623392,2128765.59826778,3000882.07885794,NA
1925,"mesopelagic fishes",2111,2656.1319651829,490620.077770084,1395652.339644,1912348.90716215,2801943.47055058,3743651.68863354,10118666.1580004,NA
1925,"bathypelagic fishes",2111,321612.079833736,1107745.43181853,1843863.24344027,2544176.27620867,3523977.93208873,4756065.87917261,13805664.2289166,NA
1925,"shelf and coastal fishes",2111,1737164.25089674,3051273.24563293,4287981.07225242,5013189.3863835,5648098.7082924,6367447.67471351,25611870.2494473,NA
1925,"flying birds",2111,3932.66564775408,5423.61347560228,5936.79343028837,6000.91646476325,6075.36464330762,6225.15635455192,6543.57265988882,NA
1925,"small divers",2111,10911.9689909804,22142.2564973537,35041.7400337287,37330.2083065889,39947.6863061034,42140.6277307903,46568.651951826,NA
1925,"squids",2111,62377.6281863813,104741.009102008,127328.986755191,145098.927452597,170382.951488664,304697.92509829,439643.293052217,NA
1925,"toothfishes",2111,311.51523967818,239559.20540426,778338.992028496,1127945.54094298,1429676.93905486,1868123.91759457,5567823.54622278,NA
1925,"leopard seals",2111,3.15179791831058e-11,1895.883559102,2822.58640411737,3419.66554221235,3845.48286121743,4853.09953553134,29584.3981277173,NA
1925,"medium divers",2111,0.005783817259091,175144.023326229,273980.449258655,402288.983837666,528061.262606676,788151.948220434,1057393.85233504,NA
1925,"large divers",2111,1.89301338092776e-10,6600.49984866756,10994.1416534831,17839.4670622783,28613.5316615468,98061.2399492366,1414208.03343878,NA
1925,"minke whales",2111,7.29939327614471e-31,7899.11123037726,14558.9956480084,25303.2750657564,42549.857873911,11282314.4766856,121558517.73019,NA
1925,"orca",2111,5944.89926248519,7595.70667523903,8596.82602723002,9005.54593320844,9758.19192113584,15497.1663009999,211513.831252125,NA
1925,"sperm whales",2111,11725.46672405,15218.8664432111,19736.1939483704,22831.1628015763,86935.5792310383,2058190.32747905,10261417.9594025,NA
1925,"baleen whales",2111,120433.732013951,181806.453510021,743778.635317901,749881.460102842,2716898.58643862,15478180.1358849,90511451.6070077,NA
1926,"mesozooplankton",2111,2.14102160351885e-268,8533505.30605975,12330038.0095972,17035292.5474875,20198432.3658773,24599686.2626912,29258195.0580693,NA
1926,"other krill",2111,0.000511685872034189,1316703.19108551,5077782.43489671,11118203.9662673,30078755.2295988,76308507.6281996,123723635.798765,NA
1926,"other macrozooplankton",2111,1492078.99672304,7521984.57233629,14488482.6790491,18093410.5486178,22062623.3386891,27691249.5604763,37138600.2713788,NA
1926,"antarctic krill",2111,8495.38581978917,1364630.31440694,7324738.7352515,13960123.6974344,24445696.9522438,36453864.8077214,870746776.090569,NA
1926,"salps",2111,109325.543512652,490553.043249416,851526.92144219,1100784.21565508,1621299.62026447,2126724.28523007,3004254.18116639,NA
1926,"mesopelagic fishes",2111,2585.04423135525,488156.617927487,1391139.02480184,1902978.08714816,2792278.71424191,3730962.20715119,10128890.8681127,NA
1926,"bathypelagic fishes",2111,320297.98590691,1113019.35286784,1839635.65244207,2541051.61704106,3520983.56966774,4764793.87822375,14012735.1081291,NA
1926,"shelf and coastal fishes",2111,1745833.6218877,3058084.77821175,4295089.93597954,5020718.85575698,5653096.98451722,6373994.58077953,25823500.220842,NA
1926,"flying birds",2111,3933.93434863308,5426.9285575627,5938.80043142012,6002.11384457975,6075.98402699556,6225.96426804894,6545.47347039079,NA
1926,"small divers",2111,10907.509100397,22153.5327759981,35050.7468863251,37332.2814088545,39949.1565874135,42132.2467217735,46558.9396952032,NA
1926,"squids",2111,62699.8135210389,105260.213535373,127702.390817578,145421.271710191,170633.796167621,304900.103422981,439874.753386537,NA
1926,"toothfishes",2111,305.109597937958,240787.797854547,779277.162258343,1128847.66761736,1430714.50849466,1868242.06002606,5582393.43146797,NA
1926,"leopard seals",2111,2.061910556926e-11,1895.54566401626,2818.9647874007,3419.98878798429,3845.13533466604,4854.31036505003,30073.2383212219,NA
1926,"medium divers",2111,0.00460040797800682,175286.278808614,273839.287323777,402191.390083463,527624.008711711,787748.708437316,1055114.98430842,NA
1926,"large divers",2111,1.2284156846466e-10,6607.16107628825,11005.7502729134,17818.4683196436,28530.0305492785,97263.3538346858,1405313.67112443,NA
1926,"minke whales",2111,2.32178007298416e-31,7898.86803397945,14568.2494548796,25295.9141901274,42356.5139171971,11241493.2324291,121154148.366073,NA
1926,"orca",2111,5952.10003653103,7599.54606959873,8598.34390276793,9005.99444670023,9756.36425988766,15479.5025233978,210962.469727119,NA
1926,"sperm whales",2111,11705.2710843259,15222.2105538516,19732.3981687792,22822.4193978663,86808.8771924363,2054502.49438158,10242907.6314044,NA
1926,"baleen whales",2111,120513.784394089,181837.301210481,743077.178343826,749190.236166033,2713685.04695678,15458633.3345823,90395940.9554666,NA
1927,"mesozooplankton",2111,3.98722676223056e-271,6488588.47896604,11008858.6980121,16066244.228222,19242699.659585,23706261.7495037,28105069.1917966,NA
1927,"other krill",2111,0.000345971110327425,1200215.07548415,4776526.09909587,10763457.984942,30164774.1042453,77029520.7100124,126402654.012122,NA
1927,"other macrozooplankton",2111,1394885.54046936,7096001.52048538,14196931.8860176,17724640.7992727,21533453.7111418,26826542.6311686,36842163.3586177,NA
1927,"antarctic krill",2111,7742.59053268139,1314343.24253084,7085174.72338828,13776337.2889407,24434950.4285701,36504150.6546963,920904732.18792,NA
1927,"salps",2111,105411.008749586,474857.021296341,831689.350828382,1082510.06000156,1608591.62974035,2125142.65827169,2937338.1464832,NA
1927,"mesopelagic fishes",2111,2460.87998264989,477617.775528043,1377881.22060139,1882050.62132128,2771043.99797767,3725309.64750371,10066241.2028281,NA
1927,"bathypelagic fishes",2111,315253.845149846,1098135.35715902,1828406.44699643,2527317.23783183,3512790.16008056,4774469.48823994,14129942.5690182,NA
1927,"shelf and coastal fishes",2111,1757172.61637725,3067962.25518421,4301044.10633585,5028170.49887439,5659516.42374768,6381347.84096845,25990140.2430122,NA
1927,"flying birds",2111,3931.9505374939,5421.22362822958,5936.36439613517,6000.46488469119,6074.65647652353,6225.08128074362,6546.02358584019,NA
1927,"small divers",2111,10854.3612849211,22096.1109101548,34968.760981287,37258.0712769515,39943.7303508003,42112.0667955327,46549.2999080226,NA
1927,"squids",2111,63465.2840075877,105921.308492528,128088.480363059,145896.871543069,171235.087130868,305310.803452414,440185.671908417,NA
1927,"toothfishes",2111,297.243591172464,242535.819543945,779290.434853946,1129371.60297125,1431786.57196342,1868505.91215131,5596837.51563827,NA
1927,"leopard seals",2111,1.38733491347947e-11,1895.16123836125,2822.05658396056,3421.96836883078,3845.75249783027,4859.17690306972,30557.195849816,NA
1927,"medium divers",2111,0.00372779525558013,175590.884219771,273773.07178991,402292.003974064,527388.925410409,787577.235975188,1052874.36504936,NA
1927,"large divers",2111,8.18438615868867e-11,6618.54692691637,11010.7915851136,17777.2878352394,28435.597960736,96945.3959894586,1396467.62948721,NA
1927,"minke whales",2111,8.01902126396379e-32,7899.13561914769,14562.7906796512,25306.1126704571,42317.4696197452,11200804.98621,120751090.148722,NA
1927,"orca",2111,5958.54497323741,7602.65679330303,8599.59625439519,9006.15836810625,9753.84247110666,15460.7654467386,210412.480862069,NA
1927,"sperm whales",2111,11685.0986507826,15224.8422773278,19727.6084467493,22813.7572278003,86681.9963254922,2050819.71565459,10224429.9080347,NA
1927,"baleen whales",2111,120581.295377121,181861.705202905,742376.824211175,748500.096393348,2710473.53577913,15439109.7693558,90280563.4618566,NA
1928,"mesozooplankton",2111,9.18226311655454e-274,9018374.42071169,12728327.9958532,17429966.2257073,20462399.3535051,24910971.393999,29598197.2530609,NA
1928,"other krill",2111,0.00025840339727816,1225966.15707388,5111417.28239398,11275245.9869077,30772220.3108377,79940321.0374089,128964594.105528,NA
1928,"other macrozooplankton",2111,1373315.14646885,7268018.02764116,14636354.5025065,18311024.0056875,22313973.2756404,28010572.2871243,37191447.3863871,NA
1928,"antarctic krill",2111,7236.51003547785,1312978.36917409,7108043.45489552,13831371.7292893,24462095.9118406,36712867.0129416,930002699.440859,NA
1928,"salps",2111,104672.45545143,478513.361574783,838810.853353263,1095966.44347843,1613791.48683805,2127995.47468816,2916565.96074419,NA
1928,"mesopelagic fishes",2111,2363.97286890315,477366.182015941,1370787.87945406,1875809.49703643,2756958.52361073,3700685.56808726,9905780.73378911,NA
1928,"bathypelagic fishes",2111,308688.269153639,1087603.65504407,1813915.15448578,2509573.27274788,3492429.76926084,4751453.23135877,14075081.8130262,NA
1928,"shelf and coastal fishes",2111,1758964.65895928,3071354.25205028,4301321.96115734,5028333.73596747,5659114.98054366,6380694.55978072,26083932.4202062,NA
1928,"flying birds",2111,3933.89991109575,5426.5007732583,5939.15747422041,6002.21681406477,6075.70695690085,6226.04871505227,6546.6686355347,NA
1928,"small divers",2111,10845.0641761803,22116.9700920111,34983.2000622511,37278.3834184866,39950.2905341518,42119.216092627,46538.0906158958,NA
1928,"squids",2111,63415.4957966223,105970.519416372,128122.662392125,145983.450139062,171107.017792666,305252.312436138,440392.577809641,NA
1928,"toothfishes",2111,291.307552545675,243582.678329904,779978.70166884,1130995.08518667,1432296.42607265,1868624.72642967,5610700.61383106,NA
1928,"leopard seals",2111,8.97567696866579e-12,1894.78171229523,2823.35535607015,3421.81813856111,3845.00134296298,4859.35879293684,31054.5700781456,NA
1928,"medium divers",2111,0.00293076914857482,175821.923594132,273777.697200186,402158.887796764,527142.042804183,786748.415000019,1050604.59811946,NA
1928,"large divers",2111,5.2363726846597e-11,6624.36072357784,11023.5857297367,17767.1006126417,28333.3713740618,96651.6079573135,1387662.13360746,NA
1928,"minke whales",2111,2.46353355819437e-32,7897.87922067826,14546.5514940309,25298.0075070592,42320.5192311052,11160252.7710159,120349386.813362,NA
1928,"orca",2111,5965.93024003113,7606.79497643959,8601.17157086696,9006.7544196227,9752.28974582787,15443.6274155844,209864.133752218,NA
1928,"sperm whales",2111,11664.872711375,15228.3636108752,19723.8406318142,22805.0134779039,86555.831366925,2047145.70961561,10205986.615537,NA
1928,"baleen whales",2111,120664.012003315,181893.618073839,741677.048967625,747810.538071717,2707268.49617291,15419613.2066108,90165350.8346799,NA
1929,"mesozooplankton",2111,2.21918456814245e-276,8062305.55763845,12223358.1468163,16967642.6477074,19940587.5118263,24242170.9110266,28795137.0428412,NA
1929,"other krill",2111,0.000203477866423561,1258949.63396064,5169251.00855775,11309249.2219646,30782915.264063,78793844.5756002,127239703.547691,NA
1929,"other macrozooplankton",2111,1397457.96358597,7737994.43574566,15094835.5528846,18842003.0397102,22765323.2667278,28215167.7072981,37346008.79618,NA
1929,"antarctic krill",2111,6840.91630587656,1335047.20835662,7200959.24737992,13976804.7443913,24612418.8104112,36895951.417965,895113710.547802,NA
1929,"salps",2111,104515.542776597,489220.421597812,848766.568887692,1105828.01009775,1622784.6544006,2132466.86578653,2930274.91737215,NA
1929,"mesopelagic fishes",2111,2331.39244220475,483810.289784553,1383423.28383196,1891247.38191303,2763914.40189326,3695839.72643177,10301606.7987543,NA
1929,"bathypelagic fishes",2111,306229.050857505,1086510.33349491,1821344.89529122,2510164.96534221,3483540.2029382,4735558.9679622,13889315.7808598,NA
1929,"shelf and coastal fishes",2111,1763931.00924126,3077230.36598113,4303286.23521013,5032450.19702153,5660050.38040688,6381827.37777233,26113700.4897255,NA
1929,"flying birds",2111,3935.59780874644,5433.18115860146,5941.21943683018,6003.79746269801,6077.36329931278,6228.40283231105,6546.73947371479,NA
1929,"small divers",2111,10854.2860085025,22166.4182173754,35037.4341610334,37351.1475004454,39962.0747012197,42132.4933906013,46527.9584244126,NA
1929,"squids",2111,63073.6918641733,105953.837773589,128168.845083631,145950.216275252,170818.094907283,305036.277504652,440402.675892748,NA
1929,"toothfishes",2111,286.707530230203,244389.823697911,780873.088561124,1131501.32899655,1432656.90538261,1868732.80359964,5623379.86030192,NA
1929,"leopard seals",2111,5.77268004654551e-12,1894.43045298165,2824.36235378887,3421.92077287441,3844.087146508,4861.90833644802,31569.9666376911,NA
1929,"medium divers",2111,0.00229708455035942,176032.267632866,273756.952396024,401732.125800584,526889.245888,786470.824011175,1048338.20279732,NA
1929,"large divers",2111,3.33040114933255e-11,6629.22021308023,11036.603939351,17754.3106170951,28250.2583376758,96046.6886449546,1378901.04768538,NA
1929,"minke whales",2111,7.46310234375945e-33,7897.39954652747,14545.0276187294,25286.8184038228,42190.5798057983,11119834.8211213,119949012.924548,NA
1929,"orca",2111,5973.51318982735,7611.34574746671,8602.81137811088,9007.41661673748,9750.92908725446,15426.7989217223,209317.293114802,NA
1929,"sperm whales",2111,11644.6935980222,15232.0088727085,19720.2262323189,22796.2681583744,86429.9915256009,2043478.70351379,10187576.7759431,NA
1929,"baleen whales",2111,120750.502043173,181927.101893675,740978.110069204,747121.811240011,2704067.88722139,15400141.9720619,90050289.342917,NA
1930,"mesozooplankton",2111,5.25857235548051e-279,8589844.97399292,12521292.2606559,17093711.2314098,20035023.6019517,24286219.6374823,28760363.6731089,NA
1930,"other krill",2111,0.000160567981018579,1265928.89102759,5110265.16530016,11207857.3114992,30211642.2182808,76416301.8523419,124961217.154268,NA
1930,"other macrozooplankton",2111,1420783.19296266,7762844.61982995,14922932.6966477,18344571.083719,22347550.0028802,27550808.3724266,36684866.4540215,NA
1930,"antarctic krill",2111,6495.87973439639,1346181.88678921,7230855.99695207,14025559.6530989,24518649.4620573,36775285.3036614,841201701.809414,NA
1930,"salps",2111,105094.840742098,493210.034140708,853768.685606014,1108080.83633929,1624052.03149806,2128553.81334252,3075578.10581686,NA
1930,"mesopelagic fishes",2111,2315.12308242176,486090.325130396,1389395.00775635,1900066.66490732,2759745.66731979,3693806.22056586,10779462.8635144,NA
1930,"bathypelagic fishes",2111,306569.071764544,1088567.56780961,1816616.41060421,2512217.8198139,3479637.59263445,4719990.87467212,13643905.5227584,NA
1930,"shelf and coastal fishes",2111,1761377.05351815,3077397.05197736,4301663.59399161,5031619.98632752,5656938.02421648,6379161.48135429,26094083.7293485,NA
1930,"flying birds",2111,3936.25379464151,5436.0151843685,5942.3774293038,6004.10170621943,6078.32583869111,6228.98168213234,6546.67882171663,NA
1930,"small divers",2111,10859.9564736568,22216.0570060578,35096.8088387067,37397.1019432458,39983.8504689726,42157.5924868579,46515.5558940645,NA
1930,"squids",2111,62461.1111446388,105893.187487544,128135.335042344,145744.242032914,170401.332895576,304601.235254851,440091.204870193,NA
1930,"toothfishes",2111,282.101195678077,244910.232899973,781708.486051373,1132023.07535067,1432633.87874399,1868763.31889043,5634515.69845801,NA
1930,"leopard seals",2111,3.69230652983644e-12,1893.99714355225,2824.12068326798,3421.07155224757,3843.14238370872,4863.95748247333,32081.4429787127,NA
1930,"medium divers",2111,0.00179463090827339,176131.198835162,273859.469294288,401631.095656149,526615.913620103,786446.864956836,1046077.0282966,NA
1930,"large divers",2111,2.1044917997697e-11,6633.15384675057,11045.5449939709,17752.0218276342,28171.4712426915,95437.8017203278,1370183.44322978,NA
1930,"minke whales",2111,2.23836439424761e-33,7899.47542906739,14541.3695017733,25273.0800152081,42059.1930079663,11079549.4948291,119549956.122896,NA
1930,"orca",2111,5981.30496355767,7615.9985940255,8604.51964377943,9008.1371590109,9749.74858306942,15410.2360048289,208771.948773594,NA
1930,"sperm whales",2111,11624.5428689499,15235.6961243772,19716.6644653624,22787.5240482305,86304.4188448505,2039818.37749605,10169200.2228946,NA
1930,"baleen whales",2111,120835.719099174,181959.573298553,740280.018605835,746433.918641961,2700870.91307568,15380695.276526,89935372.7506652,NA
1931,"mesozooplankton",2111,1.36669933712305e-281,8941739.57929469,12756233.5930309,17407130.5141241,20412282.2805567,24771033.8090228,29346139.9878065,NA
1931,"other krill",2111,0.000131384066728297,1296573.26202143,5257024.33987222,11422353.1228868,30379296.0448744,76254346.7040758,123929156.693709,NA
1931,"other macrozooplankton",2111,1460377.27728865,7890723.92074087,15080902.8734399,18690238.9654888,22739919.1558828,28260785.1131395,37431401.6960883,NA
1931,"antarctic krill",2111,6211.84444842474,1367245.17912193,7276533.82257543,14085017.8186285,24525616.6735261,36691995.0623188,865466441.299802,NA
1931,"salps",2111,106121.812367442,497892.608104992,858909.156361939,1111842.03389461,1626465.13949361,2127382.71434571,3144406.37967645,NA
1931,"mesopelagic fishes",2111,2310.79723597807,489863.334042682,1396160.76229616,1906094.71609491,2764940.48172839,3696546.46084716,11069591.7760856,NA
1931,"bathypelagic fishes",2111,310139.781125914,1094179.56998168,1819467.99055241,2518778.36967417,3475888.34422002,4714437.34150774,14125523.1140101,NA
1931,"shelf and coastal fishes",2111,1765781.88665662,3081656.57908752,4302272.58266954,5031626.38804779,5656323.43953929,6378961.58670916,26051963.3973327,NA
1931,"flying birds",2111,3936.17055842032,5436.23658604814,5942.36414772768,6004.11307309704,6078.19192716655,6228.60006222699,6546.64111076141,NA
1931,"small divers",2111,10862.6375340081,22250.2813953392,35134.9159014885,37421.5652777459,39980.8369056333,42156.2507523893,46504.8327171895,NA
1931,"squids",2111,62173.1316587524,105995.729032052,128175.392045701,145688.318602172,170227.209148717,305342.422695357,439810.714161765,NA
1931,"toothfishes",2111,277.149756551974,245591.237572829,782211.471724195,1132842.19896359,1433062.20268386,1869394.8940576,5644271.92200577,NA
1931,"leopard seals",2111,2.39271077898786e-12,1893.60859029452,2824.92963987839,3421.10741044657,3842.52885046689,4866.08552761606,32610.6767380892,NA
1931,"medium divers",2111,0.00141913001782313,176227.321933919,273912.765303154,401569.462201753,525831.773417744,786440.965227673,1043839.76248066,NA
1931,"large divers",2111,1.34847233994221e-11,6639.31643553389,11052.2037559136,17751.8298062654,28095.1540715995,95148.5876709599,1361512.06518258,NA
1931,"minke whales",2111,6.99215253350905e-34,7903.47321586977,14538.7596164717,25286.0917364957,41930.7367608412,11039396.8404881,119152207.99388,NA
1931,"orca",2111,5988.89682331886,7620.51649379679,8606.15749670782,9008.73630832146,9748.3412830975,15393.2737670265,208228.021013752,NA
1931,"sperm whales",2111,11604.4598746988,15239.1161866597,19712.822404814,22778.8306957022,86178.9485565755,2036164.05777192,10150856.5618238,NA
1931,"baleen whales",2111,120917.636244673,181990.307992504,739582.935778984,745747.031697348,2697677.4381194,15361272.9872759,89820599.5265698,NA
1932,"mesozooplankton",2111,3.35938303036391e-284,9755548.26615322,13407709.3341975,17951156.4986658,20907859.8475209,25212152.9338196,29852231.8156287,NA
1932,"other krill",2111,0.000112915647086804,1397243.08116375,5520166.63312547,11724897.1390036,30700483.2488504,76116849.312209,123159235.197235,NA
1932,"other macrozooplankton",2111,1539393.83234814,8160278.2760151,15664814.2871519,19476951.334084,23539802.4423064,29209116.616368,38235562.7232833,NA
1932,"antarctic krill",2111,6022.78349725474,1408945.60210175,7463858.76513521,14265899.731327,24659080.873225,36783806.7187884,929876927.480175,NA
1932,"salps",2111,108946.18472966,509640.692771381,871099.953939734,1122978.82671363,1635399.80804825,2130864.19742655,3179920.14232922,NA
1932,"mesopelagic fishes",2111,2348.96037888204,497177.73827279,1413793.12754758,1923113.71525027,2778696.80710228,3703350.47862967,11191495.7010246,NA
1932,"bathypelagic fishes",2111,316335.619511146,1107287.06565336,1830798.89890841,2531934.70965985,3480084.7267136,4714550.34188338,14639158.9018114,NA
1932,"shelf and coastal fishes",2111,1773412.45226992,3087085.50202422,4304781.62549268,5037043.15723204,5657715.05493923,6380029.6164926,26005739.4020472,NA
1932,"flying birds",2111,3936.47311680994,5436.81856936973,5942.6484955024,6004.23525165184,6078.31625575035,6228.61812585426,6547.11482390504,NA
1932,"small divers",2111,10873.8733520429,22293.0105235685,35169.7311970073,37437.0969209043,39979.563676003,42163.2953435853,46495.1661953781,NA
1932,"squids",2111,62042.8472203,106183.998032116,128186.188909707,145678.6157841,170096.442297811,305334.86640138,439570.644248827,NA
1932,"toothfishes",2111,272.366909102837,246247.527027717,782703.549753412,1133799.98403279,1434511.03990186,1870141.01419807,5653088.79350365,NA
1932,"leopard seals",2111,1.54846703688273e-12,1893.23286689439,2825.32578735242,3422.47269197015,3842.16105588623,4867.25380477948,33153.568442889,NA
1932,"medium divers",2111,0.0011226518862433,176433.672062886,274029.015968859,401439.241108712,525046.846314375,786416.379093083,1041612.2554583,NA
1932,"large divers",2111,8.62961793627811e-12,6643.70967811868,11050.5633682318,17700.7606763571,28036.7941624234,94870.2581330631,1352885.093951,NA
1932,"minke whales",2111,2.17535389289734e-34,7904.80548470144,14509.9620796454,25283.1263961965,41802.7219986134,10999376.6644369,118755771.980673,NA
1932,"orca",2111,5996.61362898808,7625.0687905366,8607.81802532446,9009.34709832272,9747.01888163513,15376.4464935848,207685.545960431,NA
1932,"sperm whales",2111,11584.399678555,15242.0713735956,19709.4424113593,22770.1502368556,86053.7236071494,2032516.45002679,10132546.0867878,NA
1932,"baleen whales",2111,121000.285663361,182021.190245287,738887.768105699,745061.032680774,2694488.07334379,15341875.5596965,89705974.1755574,NA
1933,"mesozooplankton",2111,7.18093677647692e-287,9359646.97869547,13144287.9129738,17629653.2344785,20518299.1404408,24667363.0513397,29236271.6404089,NA
1933,"other krill",2111,9.30118564800619e-05,1440489.38850956,5497710.2713642,11569034.7482219,30199897.7352008,73914823.6867506,120976110.756979,NA
1933,"other macrozooplankton",2111,1623376.69171003,8364817.02586951,15815211.0848272,19303381.9070998,23462605.3486098,28767663.7849691,37729199.0123809,NA
1933,"antarctic krill",2111,5845.54419012619,1452639.39402994,7617386.09664151,14319549.5130511,24706212.132373,36669178.913732,970619971.938495,NA
1933,"salps",2111,112050.868320481,515496.971903855,880602.455418175,1127401.13489172,1641407.23963482,2134127.58722463,3187517.37647095,NA
1933,"mesopelagic fishes",2111,2426.97648430109,506486.687058364,1433769.34038402,1942009.25037915,2796489.97237564,3712213.6095168,11210429.4833277,NA
1933,"bathypelagic fishes",2111,324608.831030834,1121106.51876473,1849835.50857579,2548623.01263948,3496964.33875389,4725866.12712054,14921047.0490093,NA
1933,"shelf and coastal fishes",2111,1780685.79551696,3091639.28051449,4310340.58265517,5041254.38650363,5660157.2464524,6382539.22579897,25972349.4852847,NA
1933,"flying birds",2111,3936.9866099522,5437.59664930128,5943.71061239049,6004.78390096552,6078.30218194466,6228.83570385975,6548.03658860548,NA
1933,"small divers",2111,10894.0612000262,22347.1540761536,35202.6438186478,37457.3802434909,39986.4064258202,42165.9451782365,46485.9761974061,NA
1933,"squids",2111,61975.3455267147,106359.116892654,128234.735963707,145712.597881716,170073.495944654,305335.910878381,439308.469036553,NA
1933,"toothfishes",2111,267.953584696559,246837.631520428,783423.798975782,1134983.83668611,1434882.65861025,1870973.51717592,5661490.67758921,NA
1933,"leopard seals",2111,9.97568152954224e-13,1891.88039697748,2825.98885130972,3423.55842578086,3841.12508879963,4867.60729903351,33706.4133190381,NA
1933,"medium divers",2111,0.000886045752188337,176560.778045625,274283.483354877,401273.594487105,524846.752741626,786010.235887596,1039391.28551331,NA
1933,"large divers",2111,5.49691268658942e-12,6644.33724114193,11053.8659852239,17699.3563581829,27984.833615941,94528.4787346073,1344302.00451656,NA
1933,"minke whales",2111,6.67252721731937e-35,7890.61379394341,14504.5492939859,25296.253427762,41674.2572791853,10959488.3079825,118360643.693137,NA
1933,"orca",2111,6004.52999101652,7629.67824258675,8609.50991257997,9009.98920557515,9745.83834929826,15359.8669748084,207144.513739401,NA
1933,"sperm whales",2111,11564.3569328334,15245.6171144623,19706.2344568657,22761.4754349945,85928.7693256114,2028875.68805829,10114268.8088598,NA
1933,"baleen whales",2111,121083.780400886,182052.242364359,738192.242097113,744375.892898488,2691302.83606374,15322502.969674,89591496.4835274,NA
1934,"mesozooplankton",2111,1.44103967861793e-289,8620132.08643404,12508191.6439229,17160698.7153906,20223828.3569943,24546861.1232318,29088148.9154638,NA
1934,"other krill",2111,7.01571524092534e-05,1381803.87644181,5208662.48005292,11067449.8712589,29732560.427812,73366045.4679598,120262041.484632,NA
1934,"other macrozooplankton",2111,1651529.59779553,8176904.71619523,15271736.7674257,18665293.5304045,22810969.9893052,28142391.3515283,37490022.4968114,NA
1934,"antarctic krill",2111,5565.60321859489,1459964.08940077,7561324.97036368,14259710.26306,24550012.3072943,36434008.5102712,958979235.360862,NA
1934,"salps",2111,112750.741086301,505959.262126294,873205.191415407,1118489.12380111,1637419.90594245,2133706.98628202,3159612.07399557,NA
1934,"mesopelagic fishes",2111,2467.12732217064,509466.831348078,1437421.36840363,1948256.02032867,2814249.30135315,3729517.73520762,11198914.6336459,NA
1934,"bathypelagic fishes",2111,332873.781313487,1135395.38171227,1864899.3057839,2560024.25709152,3526029.85747619,4750931.80030194,15045489.9198989,NA
1934,"shelf and coastal fishes",2111,1796353.42246137,3102428.44382266,4320760.41074867,5049838.92971273,5668706.87175068,6390054.8118232,25964281.8192777,NA
1934,"flying birds",2111,3935.99953041964,5437.69572037912,5942.66913440363,6004.14672653465,6077.51059461813,6228.46258312994,6548.79578208711,NA
1934,"small divers",2111,10892.5936904111,22356.1748465432,35181.1688912771,37436.8176994746,39976.7303354614,42162.0415962001,46478.7201037286,NA
1934,"squids",2111,62541.8294721639,106875.429090255,128636.046359177,146025.388465343,170538.211554173,305744.763362731,439268.531292159,NA
1934,"toothfishes",2111,262.669777657353,247964.894129494,784577.9054265,1136714.50693745,1435283.03477009,1871891.83932611,5669922.43306874,NA
1934,"leopard seals",2111,6.58012673603242e-13,1891.54380733608,2829.05967095693,3424.45895128937,3841.00902094081,4868.16639171717,34273.4974857512,NA
1934,"medium divers",2111,0.000712254623911735,176783.659228498,274434.794042593,400864.800830625,524739.450414538,785993.602430306,1037204.80243187,NA
1934,"large divers",2111,3.58746788302426e-12,6641.10707421093,11059.6498346022,17667.1154404158,27934.1360532439,93984.7180658713,1335766.28982133,NA
1934,"minke whales",2111,2.18709977722815e-35,7890.04690614086,14522.0538694849,25313.8404815997,41549.3464670418,10919730.7947986,117966803.217966,NA
1934,"orca",2111,6011.91503744951,7633.92406478909,8610.98368414915,9010.35758854952,9744.09960913218,15342.4472489501,206604.754043896,NA
1934,"sperm whales",2111,11544.3730851551,15249.0446960956,19702.5082616151,22752.8793216832,85803.7739538182,2025240.39810198,10096024.0102483,NA
1934,"baleen whales",2111,121159.272544004,182079.385892117,737499.115791031,743691.835023857,2688120.52225958,15303154.1773645,89477156.5116157,NA
1935,"mesozooplankton",2111,2.86609467264076e-292,8868843.5908995,12683960.2469128,17377071.7446013,20520808.3936307,24971221.4715574,29563544.9494713,NA
1935,"other krill",2111,5.19482012608654e-05,1354947.77357858,5142695.6914281,11176049.678365,30181988.2304329,75200860.5000621,122134028.640298,NA
1935,"other macrozooplankton",2111,1637749.69265053,7893649.70306104,15123088.4056645,18731093.8915655,22799055.2130339,28429757.3919181,37927372.7981645,NA
1935,"antarctic krill",2111,5230.59130916542,1451661.85584931,7460582.46948413,14189734.7520125,24537550.1853219,36375329.9268996,912118148.312429,NA
1935,"salps",2111,112412.281490459,504845.635773825,863601.199079237,1109681.21262952,1633856.47693745,2132810.56357182,3140290.40949417,NA
1935,"mesopelagic fishes",2111,2446.01849902177,509127.461844701,1430481.3690518,1939719.4362808,2818438.92565229,3747861.38159193,11180393.3350344,NA
1935,"bathypelagic fishes",2111,337499.13587353,1140336.17916307,1871654.36046996,2562182.03658156,3528020.44033302,4771743.41866611,15057363.9419637,NA
1935,"shelf and coastal fishes",2111,1814046.44862867,3114057.97891656,4332974.73416759,5060975.31751393,5677265.53448745,6398475.35304466,25974016.3033977,NA
1935,"flying birds",2111,3934.66097189409,5437.09060133217,5941.08954958178,6003.59759548218,6075.65440627429,6227.6206572716,6549.40315555713,NA
1935,"small divers",2111,10870.7010755364,22331.188979585,35125.0837159394,37383.2651079234,39960.1933229192,42131.3253188072,46471.3744564802,NA
1935,"squids",2111,63517.259534738,107573.132770341,129290.417455377,146523.691583464,171356.910237789,306343.665188434,439491.3114344,NA
1935,"toothfishes",2111,256.415385698643,249512.297427699,785971.118988238,1137844.01693897,1435659.80195641,1873372.70731109,5678593.76143751,NA
1935,"leopard seals",2111,4.39394150845679e-13,1891.20942003491,2833.72332290545,3425.70085329363,3843.10336170917,4868.8347382514,34847.3508087612,NA
1935,"medium divers",2111,0.000577126473988708,175884.498328511,274618.885746018,400322.450206116,524420.498059853,785996.820410809,1035040.66627883,NA
1935,"large divers",2111,2.36927460943683e-12,6646.1989964073,11066.0371928699,17655.5031925792,27884.1176224264,93452.7642741387,1327276.33145282,NA
1935,"minke whales",2111,7.39569721968308e-36,7888.18269214778,14545.601963103,25318.3737834498,41338.1613453564,10880103.8789341,117574251.618723,NA
1935,"orca",2111,6018.94696604864,7637.90840912609,8612.29314635814,9010.55134483747,9742.00391794085,15324.5838630254,206066.252099356,NA
1935,"sperm whales",2111,11524.3981802459,15251.9130416144,19698.4830523583,22744.3292752882,85678.8295292421,2021611.08153039,10077811.8921816,NA
1935,"baleen whales",2111,121229.566774686,182104.014064401,736808.424063077,743008.747990203,2684941.60498956,15283829.505118,89362957.4082727,NA
1936,"mesozooplankton",2111,5.44774548560403e-295,8212048.8282992,12227830.926609,16930972.8779483,19925266.8724205,24249410.2112418,28833371.3455063,NA
1936,"other krill",2111,3.77570609220076e-05,1314811.87760924,5057177.84352019,11069104.0332711,30162188.0635913,75803571.7000802,122933105.434664,NA
1936,"other macrozooplankton",2111,1622648.18988716,7785915.04006142,15088840.8710373,18655502.5271265,22674118.8193465,27969890.2416028,37242047.1439055,NA
1936,"antarctic krill",2111,4886.46643585924,1443782.63565436,7407995.22141631,14118037.0763294,24505607.4252132,36413563.7609314,865492189.760503,NA
1936,"salps",2111,111863.205037087,506237.168718824,859961.192390081,1108033.33631903,1632071.19596766,2132937.15317458,3140241.03872988,NA
1936,"mesopelagic fishes",2111,2427.27890927438,512653.497418371,1436258.66691362,1939540.06438403,2819726.7365081,3743897.25281334,11146537.2876957,NA
1936,"bathypelagic fishes",2111,338924.466539987,1142521.39352781,1873661.52583427,2563959.89764847,3531293.7438701,4780942.15532704,15002597.7219887,NA
1936,"shelf and coastal fishes",2111,1827656.50556835,3122725.85073234,4342819.91865907,5069791.36805304,5683425.34049426,6405945.80255248,25983860.8087372,NA
1936,"flying birds",2111,3935.96999032084,5439.22003625316,5942.76069315229,6004.72810319018,6077.12011814334,6227.74897453711,6550.19958214632,NA
1936,"small divers",2111,10877.364047706,22354.4084973569,35125.0804758989,37385.6708933987,39967.3253093681,42130.6705064034,46463.6581145057,NA
1936,"squids",2111,64113.3818950221,108119.359210443,129596.281405581,146759.372068938,171682.500297853,306636.810816909,439788.187713002,NA
1936,"toothfishes",2111,251.201033106618,250792.548981393,787017.230229901,1139984.53351607,1436626.22237445,1874286.45531515,5687485.33256378,NA
1936,"leopard seals",2111,2.86482731515445e-13,1890.9054577575,2835.84719452848,3426.36092112178,3843.49137391394,4869.4263180989,35440.3534517344,NA
1936,"medium divers",2111,0.000459024892616564,175883.663671732,274924.938510869,399976.971133791,524066.069169432,785836.096365097,1032861.29040079,NA
1936,"large divers",2111,1.5270460649143e-12,6645.41333439422,11060.4555965322,17647.4793701778,27833.3891446691,93103.5083006664,1318827.56353443,NA
1936,"minke whales",2111,2.32049054991983e-36,7882.89017641958,14528.5291873756,25248.6019839963,41186.9310049098,10840608.6870477,117183009.778232,NA
1936,"orca",2111,6026.53539978456,7642.16093704368,8613.75119954212,9010.8626818546,9740.4379896753,15307.7032521143,205529.156625644,NA
1936,"sperm whales",2111,11504.387976005,15255.2443590339,19695.1108127603,22735.7360567159,85554.4071441375,2017989.74072468,10059633.3689817,NA
1936,"baleen whales",2111,121309.630616159,182133.546031707,736117.102107513,742326.349205043,2681768.38105868,15264532.2645476,89248915.8156848,NA
1937,"mesozooplankton",2111,1.0899680968717e-297,8089209.2056741,12160551.7103812,16951030.4655511,20053105.4174237,24493969.3109699,29045061.3455444,NA
1937,"other krill",2111,2.67749690255391e-05,1252701.31444239,4911977.43239061,10909674.2252467,30153486.2042071,76682702.2100517,124883244.971943,NA
1937,"other macrozooplankton",2111,1545577.71234716,7479614.37604039,14600299.0172191,18153313.9977539,22075184.9567385,27421487.0420217,37066916.5084724,NA
1937,"antarctic krill",2111,4487.4904638918,1405669.66448636,7226886.56033576,13919453.117981,24463057.9343598,36408809.5907468,832270346.128884,NA
1937,"salps",2111,109204.350244105,492702.960587024,845205.814179537,1091821.41435888,1619092.96726504,2127600.55744358,3108035.61552187,NA
1937,"mesopelagic fishes",2111,2336.46968922438,499995.816949396,1412027.0360252,1912428.10983859,2800866.79208778,3738120.74511421,11083817.0775607,NA
1937,"bathypelagic fishes",2111,336094.517095391,1126176.09973871,1853374.0251335,2549507.56236997,3517719.47993452,4788037.50880773,14864753.1712146,NA
1937,"shelf and coastal fishes",2111,1834970.07818209,3127900.23142133,4349541.41843278,5075953.87605445,5689812.32882708,6409360.37326327,25987271.2760024,NA
1937,"flying birds",2111,3933.48059402477,5432.69168534404,5939.94698486064,6002.78534119583,6075.10935769629,6226.08984266466,6549.84709052584,NA
1937,"small divers",2111,10824.6799993209,22293.5122985415,35024.2241072946,37306.8827247372,39963.9227080109,42115.9129822175,46454.2578313238,NA
1937,"squids",2111,65031.6415235131,108734.809159835,129893.788317321,147062.918523884,172376.538729102,307087.623588207,440100.099199507,NA
1937,"toothfishes",2111,244.247869032031,252336.555367486,787207.95595766,1141071.48798719,1437190.73731681,1874900.42938057,5696160.78188807,NA
1937,"leopard seals",2111,1.92519361959457e-13,1890.88583085079,2840.17391348925,3427.77050405391,3843.70483808939,4870.09672459914,36014.5602421211,NA
1937,"medium divers",2111,0.000372327916243371,175941.034987728,275266.350313175,399816.547476096,523953.044360453,785403.530569263,1030721.5429398,NA
1937,"large divers",2111,1.01303587336844e-12,6645.96882116449,11055.5262117537,17602.0743846692,27764.295590011,92854.7838785411,1310425.51332194,NA
1937,"minke whales",2111,7.96642120517663e-37,7868.98259900071,14518.0929245157,25213.3851749949,41013.7171323881,10801241.695288,116793030.939381,NA
1937,"orca",2111,6033.24631492902,7645.87517394418,8614.88918197725,9010.31657135891,9738.02583339212,15289.6183452186,204992.935199168,NA
1937,"sperm whales",2111,11484.4153995925,15257.7823059172,19690.8223851426,22727.23163586,85429.7488272444,2014373.06063897,10041486.7779079,NA
1937,"baleen whales",2111,121373.785879497,182155.154133766,735426.640629944,741645.028553829,2678596.75337422,15245258.4159436,89135001.6503015,NA
1938,"mesozooplankton",2111,2.27820383086982e-300,7976557.86675974,12077510.4115393,16765502.4850731,19668614.4645176,24013952.1262487,28440576.4272232,NA
1938,"other krill",2111,1.9817430275069e-05,1244379.09809934,4992722.81430181,10967431.4034232,30195686.1687143,77934589.9640407,126468286.08082,NA
1938,"other macrozooplankton",2111,1447218.94353411,7235308.52177645,14251824.8298906,17697346.4395524,21598404.2243456,26847349.0895336,36109667.1807076,NA
1938,"antarctic krill",2111,4129.00883765042,1370561.91949299,7094145.1472192,13722415.6094777,24317148.8742347,36325248.9414526,801708278.911681,NA
1938,"salps",2111,106825.945476725,480713.196372641,832731.062543168,1079950.26082736,1605790.98511789,2115910.68313652,3083525.22318657,NA
1938,"mesopelagic fishes",2111,2194.0680101948,486456.036842515,1373917.95408968,1869055.93072598,2760399.63283491,3706546.60825942,10959412.8044438,NA
1938,"bathypelagic fishes",2111,326233.023298224,1098879.00506587,1816562.02181764,2503359.93666732,3472507.67409033,4757785.15977834,14616418.5443439,NA
1938,"shelf and coastal fishes",2111,1815723.49399714,3119515.31896612,4341724.75448379,5068084.53212198,5683413.86006421,6400135.63578822,25960987.8903029,NA
1938,"flying birds",2111,3932.2350826316,5426.90545185764,5938.0068248013,6000.63136099338,6074.19425480434,6224.57552521058,6549.49166152814,NA
1938,"small divers",2111,10761.4859597562,22240.7891969233,34945.9393334349,37242.7251496175,39946.71820208,42100.2832391458,46439.6519122038,NA
1938,"squids",2111,65247.3663284942,108560.695411061,129611.535041975,146989.966167489,172303.919217598,306932.34446613,440243.382250239,NA
1938,"toothfishes",2111,237.283034674278,252963.630027222,787543.290603337,1141717.32608548,1437571.95953101,1875580.89490853,5704264.27825374,NA
1938,"leopard seals",2111,1.26745502722403e-13,1890.71863315291,2844.06643214897,3430.38571023491,3844.92874663946,4870.47352169674,36565.7528877567,NA
1938,"medium divers",2111,0.000296354815322198,176063.385774197,275560.475089315,399587.237309231,523789.878070148,785282.077412122,1028570.05886007,NA
1938,"large divers",2111,6.56862411557152e-13,6645.8365035444,11058.0238044921,17583.3850840476,27690.7461684296,92608.0871306233,1302062.88145409,NA
1938,"minke whales",2111,2.57491660827519e-37,7861.56126758829,14505.8025205295,25209.4919457462,40834.7881709715,10762004.0528846,116404341.024736,NA
1938,"orca",2111,6040.33427903943,7649.80782955965,8616.15515439899,9010.64348908691,9736.01778505207,15272.3162703045,204457.896820065,NA
1938,"sperm whales",2111,11464.3697750844,15260.6833100774,19686.8915035431,22718.6923405917,85305.4531626471,2010763.61247595,10023373.3854044,NA
1938,"baleen whales",2111,121439.626458293,182177.71970723,734736.967264335,740964.399306876,2675429.65751095,15226009.8579817,89021234.9844688,NA
1939,"mesozooplankton",2111,5.29828412978809e-303,7205547.28248971,11529749.4223351,16390758.4585769,19452372.3516541,23876130.1385344,28316411.6923978,NA
1939,"other krill",2111,1.49659893499562e-05,1197787.04033127,4969505.33893288,11033425.5795184,30338722.5658911,78804447.7600775,128139796.98232,NA
1939,"other macrozooplankton",2111,1344771.63770139,6973364.00753976,13934841.1158852,17376477.4108144,21123698.8860881,26423766.9578382,35861841.4323999,NA
1939,"antarctic krill",2111,3801.28791775446,1327912.4668022,6923385.29668483,13516044.0846999,24264134.234971,36378864.8894639,776113416.674907,NA
1939,"salps",2111,103538.05363081,467527.269170735,819567.830324146,1072346.93568093,1591693.69533966,2104068.5793688,3031532.9400651,NA
1939,"mesopelagic fishes",2111,2035.17548175906,470455.412830001,1334752.87493999,1829788.25932233,2713248.41192142,3680402.85307909,10782776.662666,NA
1939,"bathypelagic fishes",2111,314068.518175391,1062488.50920345,1769310.69745411,2461318.76954926,3427611.77185662,4710396.47034894,14265459.3094168,NA
1939,"shelf and coastal fishes",2111,1794269.92760002,3105190.89646746,4326217.41342961,5053274.63823014,5674635.41485661,6386463.23608736,25906631.5188689,NA
1939,"flying birds",2111,3930.48343615814,5420.19127364051,5935.14227158791,5998.75931331345,6072.0945300592,6221.87436270373,6548.53708113463,NA
1939,"small divers",2111,10681.5253124199,22165.5633327991,34857.3344351926,37193.374504503,39915.5330706772,42083.752541421,46424.8257204357,NA
1939,"squids",2111,65341.2993278091,107816.593396495,129071.397037749,146683.960595309,172003.332089262,306659.722197714,440346.996713839,NA
1939,"toothfishes",2111,230.43879996896,253565.226273219,788137.553855066,1142034.76516247,1437492.82702198,1875402.80306266,5711387.21294989,NA
1939,"leopard seals",2111,8.42848763109679e-14,1890.16333360123,2846.93640128669,3429.44354022546,3843.94605654855,4871.43615390882,37122.7244062918,NA
1939,"medium divers",2111,0.000237335479250676,176195.743115578,275859.122368781,399279.19050637,523642.892563469,785249.344802877,1026435.85021071,NA
1939,"large divers",2111,4.30257194182775e-13,6640.91371130655,11066.0005570958,17593.6669987877,27631.5300793444,92361.2890220281,1293744.27579299,NA
1939,"minke whales",2111,8.57922830796766e-38,7858.22255397679,14482.0488835361,25192.2222913864,40715.6081126828,10722895.8632121,116016926.438863,NA
1939,"orca",2111,6047.05384712484,7653.54852194579,8616.92458549215,9010.89772754055,9733.69901336863,15254.6324759334,203923.770928237,NA
1939,"sperm whales",2111,11444.3488567197,15263.2809684907,19682.601290918,22710.1882030688,85181.1822698163,2007159.99581307,10005292.3831477,NA
1939,"baleen whales",2111,121502.127629228,182198.951253756,734048.199566579,740284.69754476,2672266.28890799,15206785.409701,88907610.5076301,NA
1940,"mesozooplankton",2111,1.55373943748404e-305,9469946.51888842,13141561.2222301,17896774.6905639,21000836.2528977,25583726.7916531,30360244.9230349,NA
1940,"other krill",2111,1.30837759274121e-05,1332338.89562287,5540032.29294948,11920612.5853349,31747515.6329801,81616412.4122236,130376034.773169,NA
1940,"other macrozooplankton",2111,1355198.73455124,7492412.2936493,14957131.5721503,19006539.5709177,22905348.840387,29034772.4901719,38177098.3485931,NA
1940,"antarctic krill",2111,3632.36999936201,1361093.51439779,7100201.89058648,13881114.4312254,24570541.3485025,36885913.0856271,811543782.890463,NA
1940,"salps",2111,103769.617226857,484363.04655511,835604.813644503,1093321.35409517,1605351.56303241,2116185.92587374,3034294.64978163,NA
1940,"mesopelagic fishes",2111,1942.56809041997,468082.088757826,1332181.17699955,1825717.67685385,2705298.87237145,3666247.59579207,10580930.2662826,NA
1940,"bathypelagic fishes",2111,305767.488046075,1047937.69232641,1757606.52529962,2439842.65337251,3404992.79138306,4680293.0442668,13868273.7052398,NA
1940,"shelf and coastal fishes",2111,1786831.71950728,3092845.89378805,4311491.7321252,5040326.36722734,5663906.94115147,6375357.90451437,25829359.546571,NA
1940,"flying birds",2111,3931.39056241609,5422.04311232649,5936.49201230122,5999.22824199678,6072.92872955075,6223.304687021,6547.94726100901,NA
1940,"small divers",2111,10640.8202953303,22141.559958834,34844.8005472339,37197.9403039968,39907.3507710442,42077.393523442,46413.2457153846,NA
1940,"squids",2111,65212.2163928235,107106.584741779,128428.611713331,146296.285168873,171372.490165317,306305.562974571,440561.468595547,NA
1940,"toothfishes",2111,225.328754376749,254307.360830946,788567.275608069,1142127.54702777,1437342.57295569,1876260.35242531,5717478.25584111,NA
1940,"leopard seals",2111,5.54590087110713e-14,1889.75609774623,2850.68473237971,3430.15819581203,3843.41025092628,4872.40566258843,37724.8377929204,NA
1940,"medium divers",2111,0.000188861076879945,176312.968819236,276149.98815685,399171.691708194,523196.017264329,785206.309795808,1024297.17885365,NA
1940,"large divers",2111,2.79456592249947e-13,6639.96945117558,11075.2951805359,17583.5416328543,27558.5455326301,92020.0281704824,1285468.4474156,NA
1940,"minke whales",2111,2.76747735198845e-38,7856.62727754194,14490.2294190716,25136.0126429556,40594.9287551257,10683919.3280853,115630807.053431,NA
1940,"orca",2111,6053.96236198776,7657.44204343255,8617.89460058122,9011.25783119615,9731.62657501924,15237.4192954907,203391.052288612,NA
1940,"sperm whales",2111,11424.3452466168,15265.5911009156,19678.6630515838,22701.6704383569,85057.3265319367,2003563.66537866,9987244.43718348,NA
1940,"baleen whales",2111,121574.897118756,182225.865860904,733360.398509872,739605.784343572,2669108.85029022,15187588.6749768,88794143.8821878,NA
1941,"mesozooplankton",2111,3.4791579306986e-308,7168952.56352071,11737410.5541101,16641165.131649,19568541.3397522,23819322.1103857,28246183.4977258,NA
1941,"other krill",2111,1.06181845180139e-05,1265458.4870473,5281437.7743568,11446409.7836259,30962719.430423,79704327.2139696,128868042.278212,NA
1941,"other macrozooplankton",2111,1334217.76482174,7706869.43635507,15003231.1171004,18594600.7517338,22501065.4121669,27622788.156826,37083454.942159,NA
1941,"antarctic krill",2111,3427.44729944381,1364038.81349941,7134541.04503442,13990337.4071993,24712711.0964487,37067918.4615663,866392194.96159,NA
1941,"salps",2111,102919.336190981,485185.175649373,837891.310058988,1094841.36134874,1607944.38747919,2116368.59862475,3013313.08459517,NA
1941,"mesopelagic fishes",2111,1880.46960612581,463658.120016158,1339379.70106218,1832023.44649435,2710037.65755086,3674472.99060193,10401303.8391181,NA
1941,"bathypelagic fishes",2111,300638.922554678,1043700.203698,1756536.91093581,2438480.02958615,3398034.29223035,4671257.53185535,13504907.9685419,NA
1941,"shelf and coastal fishes",2111,1777258.14570329,3082407.20793972,4295803.59278872,5028306.09831204,5653090.94859389,6366772.28856236,25749144.532012,NA
1941,"flying birds",2111,3930.23232039463,5417.26524515777,5934.90345145082,5998.09066160168,6071.86299549276,6221.52865542549,6547.42599092329,NA
1941,"small divers",2111,10580.8464607543,22096.9951885001,34820.2453840244,37191.3811817971,39904.1953400774,42078.9222149193,46400.7959999563,NA
1941,"squids",2111,65051.0128716728,106445.177421739,127843.615179726,145891.536918932,170952.943230536,305942.071928678,440653.982255377,NA
1941,"toothfishes",2111,220.235202251064,255452.12140209,788249.926376296,1141949.60603814,1436494.10665277,1875523.73750458,5722542.90792612,NA
1941,"leopard seals",2111,3.67196874494973e-14,1889.25603477204,2853.82455795237,3431.15209205993,3843.98294013204,4871.49725248385,38316.5133531325,NA
1941,"medium divers",2111,0.000150897645393923,176502.447382077,276389.389493164,399154.009160407,522508.610888087,785165.585065447,1022173.25144009,NA
1941,"large divers",2111,1.82681073033586e-13,6640.03787473581,11081.7087501986,17571.6367364344,27484.5762868634,91617.4096069302,1277236.13278303,NA
1941,"minke whales",2111,9.12426881344573e-39,7854.37653997396,14500.7586198515,25132.8405875796,40478.6759813503,10645070.7998037,115245952.117352,NA
1941,"orca",2111,6060.59902698305,7661.23415319803,8618.70092847883,9011.12678146777,9729.47759231833,15219.9393599242,202859.74097599,NA
1941,"sperm whales",2111,11404.3625125607,15267.6178397856,19674.4623581229,22693.1823235865,84933.5902305819,1999973.19325665,9969228.85518241,NA
1941,"baleen whales",2111,121642.147050797,182250.024901634,732673.431519814,738927.767443247,2665954.53353231,15168415.214842,88680815.8308366,NA
1942,"mesozooplankton",2111,9.77379944861438e-311,10149191.0214631,13584656.1146896,18223481.4994333,21217547.0986348,25623861.8645504,30344161.9000336,NA
1942,"other krill",2111,9.23119202009975e-06,1421945.96077759,5595483.346267,11877730.5372468,31034150.3883547,78355655.7289942,127571633.566142,NA
1942,"other macrozooplankton",2111,1404601.78710957,8084542.52802586,15409490.9483486,19075669.7553082,23224612.3081222,29122380.1301462,37911308.3037571,NA
1942,"antarctic krill",2111,3345.65273465099,1415949.81475586,7393104.22335641,14262340.7356165,24793853.7137422,37260859.8938339,940533814.890944,NA
1942,"salps",2111,105678.323451182,506565.934667846,860356.883767749,1116918.46387712,1625386.43001322,2130583.13807692,3069660.13728583,NA
1942,"mesopelagic fishes",2111,1878.03003806527,472705.634089216,1361449.35834985,1862101.77868728,2727120.87059523,3684422.96023161,10280263.055699,NA
1942,"bathypelagic fishes",2111,300827.251752798,1053497.61125534,1779064.13362783,2459565.46070295,3414971.92009321,4675096.56326226,13410442.4723785,NA
1942,"shelf and coastal fishes",2111,1774159.32841657,3072438.73178247,4284118.12639482,5020245.07173576,5645843.04137856,6361715.45094475,25679941.3898306,NA
1942,"flying birds",2111,3932.3235115554,5425.48748676744,5937.66791184823,6000.48215199379,6073.27658949674,6222.90789369866,6547.87331309517,NA
1942,"small divers",2111,10579.1934359259,22133.539564222,34900.1396384683,37268.0871068684,39921.7277780096,42087.3997847642,46389.613920908,NA
1942,"squids",2111,64493.5601771847,105780.120792518,127244.729941586,145295.830659918,170232.883134945,304250.839963332,440687.628647395,NA
1942,"toothfishes",2111,216.723381973107,255852.573556975,788289.621907052,1142000.90419554,1435927.4152766,1873834.26283427,5727065.88420079,NA
1942,"leopard seals",2111,2.36696701840905e-14,1888.87330653783,2854.41280982029,3431.2410100004,3844.67454533224,4871.31144704822,38953.3570736948,NA
1942,"medium divers",2111,0.000118528300119522,176646.582527933,276435.74174032,399104.28706951,522197.058788472,785103.936112572,1020029.46207806,NA
1942,"large divers",2111,1.16571321308943e-13,6640.7508599249,11085.52965307,17545.4426947155,27413.2276097298,91194.1781858461,1269045.14817706,NA
1942,"minke whales",2111,2.7813699086691e-39,7853.91097365815,14515.9060474936,25109.0548642536,40351.9812890521,10606352.9611854,114862390.262971,NA
1942,"orca",2111,6067.87578553279,7665.45215433581,8620.12183787976,9011.61305744106,9727.91477948502,15203.5485825061,202330.48230248,NA
1942,"sperm whales",2111,11384.3901042198,15270.531878291,19671.1016858323,22684.6429238875,84810.5148884661,1996390.86971658,9951246.66642697,NA
1942,"baleen whales",2111,121724.215260907,182281.731603547,731987.358921468,738250.414583418,2662806.58023184,15149270.0883785,88567649.8905198,NA
1943,"mesozooplankton",2111,2.25302903203168e-313,9714238.59922925,13482360.8764733,18021186.9526439,20946024.2550459,25207208.6092265,29789834.0120388,NA
1943,"other krill",2111,8.10861369226766e-06,1519879.56614625,5778056.14962867,12029422.4809747,30977679.5683916,76404175.7471166,124067410.548505,NA
1943,"other macrozooplankton",2111,1516306.69017065,8477161.67226984,16084356.162756,19972755.7282764,24082598.9766245,29863180.4294713,38779299.1111943,NA
1943,"antarctic krill",2111,3296.31886338937,1489421.79236283,7639489.26934187,14406070.6381486,25033523.0549884,37340168.2957507,994703679.599997,NA
1943,"salps",2111,109412.792536071,524588.941700875,880260.239077443,1135547.22698666,1642464.68476021,2143904.65361895,3134436.28021928,NA
1943,"mesopelagic fishes",2111,1934.14718750035,484792.472537747,1392701.57899285,1905119.32962092,2766293.94755552,3706570.18559029,10247188.9690441,NA
1943,"bathypelagic fishes",2111,307158.649924886,1080234.35923224,1811898.31343896,2504414.28503423,3456706.33599081,4700617.88677859,13469283.496349,NA
1943,"shelf and coastal fishes",2111,1779308.39364801,3075947.52164768,4280418.82497183,5017828.82112534,5643808.2624025,6363154.16566598,25721527.4593911,NA
1943,"flying birds",2111,3932.90739616465,5429.13316040983,5938.64087281995,6000.85157580812,6073.68544149158,6223.43083194391,6548.52702114679,NA
1943,"small divers",2111,10581.6274254855,22169.7421749819,34979.7350602248,37323.6986754748,39926.8798343436,42102.0528484894,46380.2542081121,NA
1943,"squids",2111,64174.4027300398,105541.162649016,126995.247278826,145124.744241268,169890.1548245,305174.75869501,440640.757372758,NA
1943,"toothfishes",2111,213.560838935811,256023.075629596,788414.065692104,1142312.43529437,1435576.37299193,1873291.05361889,5731658.66044222,NA
1943,"leopard seals",2111,1.53737530792512e-14,1888.51845018859,2855.34898624625,3431.68080705096,3844.52434994437,4873.01804876641,39608.5102331149,NA
1943,"medium divers",2111,9.38333492915182e-05,176666.038015835,276320.605842058,399059.088372933,521959.813383011,784831.341900977,1017902.35595965,NA
1943,"large divers",2111,7.50837908894667e-14,6643.78423404841,11086.2580892944,17550.5766713915,27341.8836165516,90894.6821379713,1260898.66508475,NA
1943,"minke whales",2111,8.70211594956853e-40,7853.29287928947,14496.0389095238,25108.5681829429,40190.1042457136,10567762.9401317,114480088.726609,NA
1943,"orca",2111,6074.9842083364,7669.35018827652,8621.43995820625,9011.93522422395,9726.33907682806,15186.9102218412,201802.775997357,NA
1943,"sperm whales",2111,11364.4962764004,15273.2946362824,19667.6711282834,22676.1401707311,84687.6476022678,1992814.68633287,9933296.81598209,NA
1943,"baleen whales",2111,121804.509429582,182312.403253155,731300.18015535,737573.992681979,2659662.17698259,15130148.8654659,88454626.1515543,NA
1944,"mesozooplankton",2111,4.33635621964836e-316,8964852.50718768,12848533.43335,17537528.6878391,20533202.3563416,24805629.6104833,29360930.4284296,NA
1944,"other krill",2111,6.33737857643028e-06,1485215.6861088,5468024.21127726,11467892.1960228,30000788.8074203,74051380.1558472,121640562.607193,NA
1944,"other macrozooplankton",2111,1589286.26068626,8459419.75544092,15787679.0732884,19219271.4036747,23480556.9349219,28708988.3295509,38170717.3167822,NA
1944,"antarctic krill",2111,3194.51648997097,1527767.35550445,7695317.71998915,14423542.1299345,24946249.9860416,37096029.0717099,999161763.56426,NA
1944,"salps",2111,111446.800672652,529553.959390933,881370.343468407,1133032.51903894,1646748.87612875,2148241.15086213,3166880.58244494,NA
1944,"mesopelagic fishes",2111,1998.13057316375,492557.771630314,1421204.6617049,1935292.30290904,2814741.99545726,3741174.72106985,10287687.1210265,NA
1944,"bathypelagic fishes",2111,317100.013944968,1110195.42241709,1850746.62763192,2548806.34312944,3513692.56996485,4748990.00468629,13651833.7883301,NA
1944,"shelf and coastal fishes",2111,1794930.60868049,3090517.67983198,4288818.26905939,5023862.45087311,5649249.5602381,6373513.05988466,25990889.8118001,NA
1944,"flying birds",2111,3932.11375335019,5427.87055067504,5937.73431648476,6000.47071002577,6073.24328977792,6222.66162397912,6549.20629658537,NA
1944,"small divers",2111,10571.5596976695,22174.7881921032,35019.6856435442,37340.0702091893,39929.7032748516,42101.0873709825,46372.9163025828,NA
1944,"squids",2111,64512.8018649095,105904.064470618,127285.367486303,145322.827393231,170295.123028029,304544.185036528,440749.384080286,NA
1944,"toothfishes",2111,210.05888888581,256047.933087769,788699.653625716,1142315.28244707,1435564.17771324,1872950.88921721,5736850.45818741,NA
1944,"leopard seals",2111,1.01783669417052e-14,1888.41348513659,2860.40703382504,3432.20217362944,3846.09192316666,4873.06246532271,40281.6903961081,NA
1944,"medium divers",2111,7.54454808678102e-05,176487.359847807,276374.684091023,398683.785626164,521555.70156235,784832.33763565,1015804.28249194,NA
1944,"large divers",2111,4.93613227065848e-14,6643.72186147824,11087.2398223674,17554.6502449755,27270.2245936315,90594.9942154587,1252798.33859588,NA
1944,"minke whales",2111,2.88091788801533e-40,7859.92936768351,14495.5747903471,25075.7811999367,40067.4561830694,10529299.9653579,114099036.517733,NA
1944,"orca",2111,6081.62211128492,7672.74599117014,8622.39641236534,9011.77224995248,9724.63444467648,15169.587577518,201276.41953399,NA
1944,"sperm whales",2111,11344.6820163839,15275.6170084192,19664.0630552355,22667.7028000072,84564.8463509858,1989244.12366138,9915379.00126852,NA
1944,"baleen whales",2111,121878.948353764,182334.483354593,730612.33151752,736898.593071825,2656520.79092039,15111050.5600881,88341740.2852577,NA
1945,"mesozooplankton",2111,7.48237717344276e-319,7514808.76727051,11621224.2159833,16517855.9860901,19486337.627813,23740148.2369192,28067992.8758825,NA
1945,"other krill",2111,4.37043048088657e-06,1356348.14325178,5000048.88425884,10666273.1231116,29373331.0011221,73717262.9585056,121396850.156471,NA
1945,"other macrozooplankton",2111,1526807.33884059,7805646.46091592,14557356.8235943,17714956.5034065,21744579.7929997,26788071.3554352,36268756.5678958,NA
1945,"antarctic krill",2111,2976.45725785954,1490357.97579785,7438693.91976105,14143381.5989728,24554743.9449688,36580709.2100507,944432953.206503,NA
1945,"salps",2111,110183.519792583,510673.211026492,860597.365445566,1106761.19039767,1632444.86737844,2132189.26568815,3158526.83623869,NA
1945,"mesopelagic fishes",2111,1968.47030295041,486833.194299535,1407948.05076121,1924055.26312273,2815678.74038833,3752586.06189394,10344576.7348666,NA
1945,"bathypelagic fishes",2111,320005.869305201,1117331.65165103,1847940.14905825,2555883.70663006,3535162.00779997,4777502.60738514,13886985.1023038,NA
1945,"shelf and coastal fishes",2111,1797674.75085394,3096051.73660813,4293697.51120955,5031566.22996412,5653213.87742173,6381463.7649985,26236390.4513865,NA
1945,"flying birds",2111,3930.27718955546,5422.02017535435,5935.83773618659,5998.6009489294,6071.68830710635,6221.90606667097,6549.86361091535,NA
1945,"small divers",2111,10528.2245537824,22140.9781221477,34998.251810193,37296.9020312097,39913.528727468,42089.6456172363,46361.7879606941,NA
1945,"squids",2111,64976.5183001921,106293.581747404,127652.093001623,145557.265867324,170689.627191298,304366.691338975,440846.414399008,NA
1945,"toothfishes",2111,205.199543753545,255948.454065401,788995.654831474,1143239.83632884,1435623.12915061,1871876.36495231,5742773.72784603,NA
1945,"leopard seals",2111,6.75514677928793e-15,1888.20598233398,2865.0555698357,3432.44129319996,3848.00031721862,4873.95007964999,40932.3947855662,NA
1945,"medium divers",2111,6.06342006502537e-05,176365.913829685,276437.473672526,398772.624701514,521201.94784842,784840.048257154,1013719.62648407,NA
1945,"large divers",2111,3.2475452346801e-14,6646.43033948581,11087.0084304746,17555.546935291,27226.6413970603,90295.8681313374,1244740.28339149,NA
1945,"minke whales",2111,9.6011341994224e-41,7857.72582812185,14500.7673776898,25060.2139153753,39961.4113360386,10490962.3512667,113719228.440607,NA
1945,"orca",2111,6088.13797708904,7676.04668932813,8623.29623497156,9011.53677237686,9722.92088513243,15152.1737944394,200751.630891742,NA
1945,"sperm whales",2111,11324.862905493,15277.7915094591,19660.4012730813,22659.2882012581,84442.1836655285,1985679.67605612,9897493.4336568,NA
1945,"baleen whales",2111,121947.080293501,182358.991341479,729924.688227402,736224.071156208,2653382.37234753,15091974.9108343,88228991.3758068,NA
1946,"mesozooplankton",2111,1.55136612794151e-321,8533156.76394809,12323267.935854,17040504.8744963,20164821.9362025,24600635.7674539,29289622.7578577,NA
1946,"other krill",2111,3.07979107502666e-06,1317048.84126014,5085528.33192842,11029147.8084874,30080760.7628022,76300299.0938026,123710093.743442,NA
1946,"other macrozooplankton",2111,1493026.25171413,7523030.85020411,14465343.1775673,18093348.1884489,22048922.1509454,27690271.0924479,36978792.9841224,NA
1946,"antarctic krill",2111,2778.92787988083,1480261.22099249,7321663.37801637,14024665.2146008,24480601.8095962,36496160.936808,871149947.783838,NA
1946,"salps",2111,109319.959321311,507424.675104815,853754.15108104,1104256.93514277,1627592.86272603,2131523.93709898,3161778.94954807,NA
1946,"mesopelagic fishes",2111,1915.60738405214,485758.316475203,1401767.76189205,1916241.99009961,2808182.59865246,3739804.91041763,10362634.1639128,NA
1946,"bathypelagic fishes",2111,318722.712897656,1116267.36416751,1847531.39306896,2553813.592209,3534862.20885127,4782624.43587482,14092917.7214413,NA
1946,"shelf and coastal fishes",2111,1806544.49887435,3104856.36283066,4301898.51489581,5039178.3197861,5659099.75378473,6387597.1428751,26446783.1548206,NA
1946,"flying birds",2111,3931.55289247697,5425.34368039017,5937.89223238458,6000.00607678866,6072.98286434056,6222.59368289557,6550.53229336681,NA
1946,"small divers",2111,10517.2550788493,22152.2970721314,35012.2516970749,37289.3675470849,39920.0375342573,42090.8995421777,46352.2744378441,NA
1946,"squids",2111,65304.0746382011,106769.189982556,128038.08226471,145887.441330477,170908.853296099,304569.955682816,441078.881283123,NA
1946,"toothfishes",2111,201.000697786025,256019.938321414,790174.094045709,1143775.0218282,1435643.35732148,1871955.75680194,5749420.80788793,NA
1946,"leopard seals",2111,4.41529344641714e-15,1888.06316632457,2870.09577001064,3433.33033190815,3854.11894216174,4874.24677391867,41629.6723532207,NA
1946,"medium divers",2111,4.81989968468117e-05,176242.216130618,276069.109893279,398144.22911734,521033.331070116,784516.297787949,1011627.79947976,NA
1946,"large divers",2111,2.10522882352391e-14,6650.0086682787,11086.2128663462,17563.1675226758,27188.6523745163,90001.071257605,1236723.18895582,NA
1946,"minke whales",2111,3.04559995700125e-41,7856.63749052827,14518.7173679421,25046.448172931,39926.5929630636,10452752.9791468,113340689.069639,NA
1946,"orca",2111,6095.04653157647,7679.70516835174,8624.56899437527,9011.78661744093,9721.38030804466,15135.4495050691,200228.707538814,NA
1946,"sperm whales",2111,11305.0505070495,15280.5357458253,19657.094470465,22650.849662518,84319.979476972,1982122.86323283,9879640.69930116,NA
1946,"baleen whales",2111,122026.45728897,182390.484651153,729239.026603442,735550.310292843,2650249.79024334,15072926.5325875,88116400.0194886,NA
1947,"mesozooplankton",2111,4.94065645841247e-324,6459247.54262705,10983164.4253815,16020840.6095711,19198184.5827231,23710372.0828584,28133024.7512238,NA
1947,"other krill",2111,2.0796905896544e-06,1200496.62399733,4777209.68665098,10665001.5798088,30191065.0043135,77137051.5897564,126389152.629747,NA
1947,"other macrozooplankton",2111,1395780.57281594,7096970.23481269,14172773.9231673,17722745.463148,21516250.6378815,26823240.9238714,36697981.396091,NA
1947,"antarctic krill",2111,2516.99584833519,1418905.43417811,7089352.79906534,13828760.686213,24478978.0761207,36563132.5192691,783015630.193204,NA
1947,"salps",2111,105405.929449179,494064.421733939,832796.054837839,1084125.5295696,1617075.79437039,2129703.26259033,3091247.43396085,NA
1947,"mesopelagic fishes",2111,1823.41996215026,475986.742205998,1387523.04920523,1893089.35789239,2788825.79524911,3728720.14423002,10301925.8666778,NA
1947,"bathypelagic fishes",2111,313726.267371978,1102808.35168011,1837195.77197307,2538275.40957317,3519377.89762411,4786791.25502937,14210527.8296281,NA
1947,"shelf and coastal fishes",2111,1817969.47404246,3115631.65852676,4308436.69120518,5045207.17901073,5665328.95680256,6394683.33833002,26612548.0105437,NA
1947,"flying birds",2111,3929.5764283521,5419.64995584748,5934.93513468577,5997.83400519194,6071.47497016401,6220.54978157171,6550.04863709861,NA
1947,"small divers",2111,10458.650552166,22094.9122196374,34935.2085701348,37226.8832952269,39914.3964304897,42084.0163103829,46342.8978580918,NA
1947,"squids",2111,66067.1026946041,107268.804369498,128519.180177462,146359.190139245,171578.46181661,304981.718544211,441390.006302524,NA
1947,"toothfishes",2111,195.836622530274,255787.113738518,791319.892825142,1143929.45891643,1436020.23319855,1872011.79435651,5756304.07121768,NA
1947,"leopard seals",2111,2.96836689154307e-15,1887.43499070826,2874.09701345629,3430.6041853835,3856.90963406775,4874.05720529473,42318.6220703418,NA
1947,"medium divers",2111,3.90352456513868e-05,176207.609244762,275852.714976143,397810.075029508,520917.020875402,784485.552443116,1009573.99298577,NA
1947,"large divers",2111,1.40130089855083e-14,6645.17380206122,11089.2267487061,17559.8643344893,27151.6355056813,89702.8129192606,1228751.11345869,NA
1947,"minke whales",2111,1.04926347883797e-41,7854.35815517451,14537.8469882082,25040.5795137014,39905.1708229287,10414668.1900119,112963375.815153,NA
1947,"orca",2111,6101.18857090177,7682.68478990833,8625.20617025466,9011.234507039,9719.56729457715,15117.6616110782,199706.821541259,NA
1947,"sperm whales",2111,11285.2973628255,15282.3947217067,19653.2834566654,22641.4551265838,84197.5909138992,1978570.8692835,9861819.39027683,NA
1947,"baleen whales",2111,122093.220124811,182417.917472152,728552.916519062,734877.61159762,2647119.1352869,15053899.3119116,88003938.0788719,NA
1948,"mesozooplankton",2111,0,9014308.92880411,12722478.1870893,17434971.4217868,20438327.2512879,24917742.4792062,29630289.4468662,NA
1948,"other krill",2111,1.55091739420636e-06,1228972.25494963,5107208.90519409,11147679.743055,30784503.301335,79930038.1040402,128950708.821118,NA
1948,"other macrozooplankton",2111,1374203.18804889,7273603.51185635,14623046.2161929,18305666.8251267,22282027.6837834,28007703.7667489,37075100.0009579,NA
1948,"antarctic krill",2111,2337.93684012886,1411655.92159821,7101179.38268691,13881258.9578621,24535998.1256663,36740007.1446888,741369995.776957,NA
1948,"salps",2111,104667.769648351,497530.912233202,840389.218416278,1098418.69634893,1619902.69878802,2132151.26642314,3068735.66747937,NA
1948,"mesopelagic fishes",2111,1751.45532537515,476025.871130281,1384021.86917461,1884149.86715731,2770211.46010013,3708071.5968961,10136876.1574395,NA
1948,"bathypelagic fishes",2111,307217.559764971,1089879.96284538,1827815.48450289,2520684.02600396,3499994.09998596,4763967.42186092,14157024.7703322,NA
1948,"shelf and coastal fishes",2111,1819919.35980806,3117384.16954115,4310230.64452961,5045315.47591504,5663876.55134575,6401343.97233328,26704709.3055694,NA
1948,"flying birds",2111,3931.53333349063,5424.9344480687,5938.2624688325,6000.303650834,6072.73244288791,6222.23944995644,6549.77589973124,NA
1948,"small divers",2111,10442.5605423126,22115.8135787029,34950.0819909671,37249.9967564872,39919.1143324072,42090.8538949872,46331.8092290758,NA
1948,"squids",2111,66027.0191644018,107394.737301639,128642.104436367,146427.787580955,171322.98926119,304924.287068489,441598.224168687,NA
1948,"toothfishes",2111,191.944173360477,255843.776971935,792309.261970745,1144006.47984065,1437525.43604498,1872042.93126765,5762859.3235006,NA
1948,"leopard seals",2111,1.91871938118389e-15,1887.02047120031,2871.31597452083,3429.36780386174,3858.94233705408,4873.91135944192,43029.6397918793,NA
1948,"medium divers",2111,3.0670243953073e-05,176274.288635024,275827.956605513,397683.820100574,520366.151193852,784428.035205241,1007488.67749402,NA
1948,"large divers",2111,8.95621252970166e-15,6646.12163800698,11090.0594746559,17536.375064283,27112.8109004017,89410.8632005775,1220815.11326513,NA
1948,"minke whales",2111,3.21455026057327e-42,7853.31185704323,14534.0910360143,25018.5870667791,39865.5335848285,10376710.6997061,112587332.501123,NA
1948,"orca",2111,6108.2896301867,7686.54027859935,8626.77575542265,9011.79855734033,9718.12791662964,15101.4537447733,199187.169177,NA
1948,"sperm whales",2111,11265.4767003288,15285.3551750232,19650.0942902361,22633.1285356666,84075.9067893837,1975027.4106968,9844031.31457363,NA
1948,"baleen whales",2111,122175.270960314,182448.985218771,727869.112807316,734205.471604795,2643994.84503978,15034900.253086,87891637.282655,NA
1949,"mesozooplankton",2111,0,8003853.93452255,12219631.5932087,16958446.9607114,19910255.8204916,24208561.0490619,28825464.92128,NA
1949,"other krill",2111,1.2194366445038e-06,1259959.29942477,5169093.21833155,11305779.3386417,30803673.5651421,78786545.2619098,127225590.410439,NA
1949,"other macrozooplankton",2111,1398366.40990202,7738756.43486381,15088222.8399061,18831800.9699919,22751029.4535683,28212502.1019432,37251379.0964736,NA
1949,"antarctic krill",2111,2196.71959455891,1433940.8712849,7199267.11368814,14019311.4861473,24687096.98486,36911794.0673704,750658205.342201,NA
1949,"salps",2111,104511.217726343,507376.357030919,850779.776497561,1110191.48413531,1628821.5468784,2137598.94489973,3031292.28894233,NA
1949,"mesopelagic fishes",2111,1727.11659960674,480809.426989042,1401583.87654093,1899232.68047016,2768974.2722663,3699457.78189428,9925079.16617293,NA
1949,"bathypelagic fishes",2111,304792.805780736,1087200.74475894,1831991.0614134,2524232.06678582,3498071.32824482,4749744.28349014,13972898.1141929,NA
1949,"shelf and coastal fishes",2111,1824992.44444145,3121674.78440076,4314689.72114064,5045471.11432216,5663544.86896818,6401458.55327938,26731482.2953485,NA
1949,"flying birds",2111,3933.23922653677,5431.62178738808,5940.41045232271,6002.07334738537,6073.8109499106,6222.11277261312,6549.02553714648,NA
1949,"small divers",2111,10444.616252407,22165.3044188247,34997.7804389892,37312.0392124828,39934.1324585379,42098.9212886496,46321.7560479428,NA
1949,"squids",2111,65695.1810762063,107446.109343973,128675.584650549,146301.151392693,171067.244721672,304709.297900017,441609.825493576,NA
1949,"toothfishes",2111,188.931064383463,256016.26807297,793313.350071481,1144659.89185995,1438409.47200183,1872059.9993491,5768506.45064141,NA
1949,"leopard seals",2111,1.23289691897181e-15,1886.71520682648,2869.70966765848,3428.17219183858,3859.56312296242,4874.25131218011,43766.7883986051,NA
1949,"medium divers",2111,2.40238381162169e-05,176332.944763858,275631.013519151,397570.543247109,519683.459560433,783738.290774077,1005405.4057848,NA
1949,"large divers",2111,5.69033713960654e-15,6647.3663575979,11095.3009285942,17535.7930022628,27073.8645939627,89120.6901490043,1212919.64314114,NA
1949,"minke whales",2111,9.71132498751979e-43,7852.58839926267,14501.1071051436,24994.2380267887,39823.428577347,10338878.9372555,112212534.062866,NA
1949,"orca",2111,6115.59070402254,7690.55325920682,8628.46186364553,9012.55647309658,9716.7697784144,15085.551118345,198669.084045443,NA
1949,"sperm whales",2111,11245.7073895699,15288.4745890897,19646.4678792507,22624.9623364112,83954.5383361658,1971490.71674321,9826275.50698162,NA
1949,"baleen whales",2111,122261.113401767,182481.624783372,727187.706188051,733534.140698076,2640874.88124224,15015926.2394387,87779483.9007002,NA
1950,"mesozooplankton",2111,0,8563505.76850971,12510874.7931891,17099002.0385275,20028241.2553546,24283494.2375764,28792831.661138,NA
1950,"other krill",2111,9.60888478186468e-07,1266944.61251147,5111981.72579265,11208059.6880385,30224354.6866643,76409175.3241987,124947128.846649,NA
1950,"other macrozooplankton",2111,1421713.68677017,7763074.23671094,14912432.5854603,18342026.9612441,22338400.5188255,27534672.879844,36608941.3445603,NA
1950,"antarctic krill",2111,2073.06057367587,1447100.12736976,7244469.03156448,14053405.6646865,24555824.7559118,36755858.6395036,798661532.305975,NA
1950,"salps",2111,105090.827061198,510118.654041264,856603.419098438,1113691.56039025,1628869.19424869,2135445.98917499,3006572.13463789,NA
1950,"mesopelagic fishes",2111,1714.84546020112,482359.590508249,1403385.70597368,1908574.36637923,2769230.8485115,3699215.28495061,9735353.63577273,NA
1950,"bathypelagic fishes",2111,305152.270040492,1090161.16196451,1831507.86380283,2526301.46332071,3489723.05054252,4730794.01152526,13728630.608179,NA
1950,"shelf and coastal fishes",2111,1822588.25790731,3120251.40093093,4313911.05135032,5042648.92875037,5660629.64966651,6397903.8228952,26708400.4647896,NA
1950,"flying birds",2111,3933.90303070613,5435.54121038386,5941.86167837233,6002.53126095118,6074.28865895966,6222.06940929381,6548.20590627832,NA
1950,"small divers",2111,10442.8256539591,22214.9850071398,35054.1669197481,37364.7988729063,39940.6761096109,42103.1852348886,46309.3837836438,NA
1950,"squids",2111,65088.9340303688,107293.192466667,128524.30618504,146149.341748238,170681.503046867,304275.244605321,441300.174989473,NA
1950,"toothfishes",2111,185.912938139023,256220.56883873,793960.624798314,1145963.55688718,1439077.13989812,1871994.6383353,5772871.95833457,NA
1950,"leopard seals",2111,7.87862396953816e-16,1886.32778769452,2868.7252806748,3427.82896430831,3859.6574514402,4874.46650301222,44499.5274507546,NA
1950,"medium divers",2111,1.87573259277663e-05,176382.935944292,275590.150241924,397428.699058943,519333.522541881,783658.373905727,1003326.06225326,NA
1950,"large divers",2111,3.59200651845344e-15,6653.33091183699,11101.5966677076,17534.1433047654,27033.8953326969,88831.5817101222,1205063.82800142,NA
1950,"minke whales",2111,2.90463317667803e-43,7851.52740158475,14486.1300946923,24961.6109110922,39778.2603796963,10301171.300905,111838968.49704,NA
1950,"orca",2111,6123.1013473631,7694.71347884817,8630.25211620644,9013.48107753926,9715.49427195704,15069.9106749526,198152.512405004,NA
1950,"sperm whales",2111,11225.9744103728,15291.6413670231,19642.8407035575,22616.827130077,83833.4285369389,1967960.46828526,9808551.80550423,NA
1950,"baleen whales",2111,122345.673613786,182513.251673573,726507.125265396,732863.621878254,2637758.4495209,14996975.9161256,87667471.7010752,NA
1951,"mesozooplankton",2111,0,8930629.82335783,12752028.6097583,17393950.304766,20402865.468533,24768058.2420504,29377987.3699683,NA
1951,"other krill",2111,7.85072836414424e-07,1297620.94363682,5258169.13629008,11422042.6868718,30379772.5197471,76247634.2674146,123915177.196192,NA
1951,"other macrozooplankton",2111,1461336.95629239,7886996.68873025,15044208.834562,18683246.482582,22722543.5954534,28259577.0274789,37382787.4486307,NA
1951,"antarctic krill",2111,1970.43923564604,1472424.24651495,7285299.37744509,14121967.9798082,24592119.3801762,36642750.8478131,861409717.570328,NA
1951,"salps",2111,106118.030004231,515193.129184495,861233.845072626,1116014.25886427,1631661.62450248,2134702.93604166,3007364.13754883,NA
1951,"mesopelagic fishes",2111,1711.3980358258,486205.737156459,1410493.67805153,1914110.66635675,2774356.74207553,3701701.20949725,9628343.31506382,NA
1951,"bathypelagic fishes",2111,308724.898528082,1097106.22147071,1835813.64438555,2528658.34367394,3486404.13817917,4726916.87616177,13526284.6635899,NA
1951,"shelf and coastal fishes",2111,1827015.77027865,3124166.46719625,4314747.73742235,5041998.17564569,5663916.75140894,6396972.58501195,26663626.2191914,NA
1951,"flying birds",2111,3933.82737886517,5437.03064604421,5941.91385037916,6002.51225545637,6074.03632725059,6222.33370826845,6547.45136320263,NA
1951,"small divers",2111,10438.2843270343,22249.2485552414,35086.8981781153,37388.1440773454,39937.3493166889,42099.9438649835,46298.7127273666,NA
1951,"squids",2111,64798.5771738147,107314.521319372,128497.194099043,146082.419853972,170535.511039265,304027.727658802,441021.113580405,NA
1951,"toothfishes",2111,182.665830871215,256412.830838997,794633.438296906,1147181.66732876,1439447.75186649,1871935.22086454,5776132.97576031,NA
1951,"leopard seals",2111,5.10108729757005e-16,1885.984834496,2869.19579790342,3427.8450578828,3859.02646660051,4874.77248385955,45256.6265856598,NA
1951,"medium divers",2111,1.48239503293121e-05,176527.618002822,275586.100996165,397279.393955013,519082.265829632,783606.107437575,1001269.84389838,NA
1951,"large divers",2111,2.29933455831531e-15,6662.01270907495,11107.471097079,17533.7347423035,26993.5510909017,88542.272618706,1197250.68933445,NA
1951,"minke whales",2111,9.04951728539803e-44,7850.35026744219,14455.7228771548,24959.8611039015,39715.8804937267,10263587.941113,111466627.616323,NA
1951,"orca",2111,6130.40542958164,7698.63937902599,8631.8955081154,9014.10354454217,9714.1473342469,15053.8751491753,197637.135068184,NA
1951,"sperm whales",2111,11206.3230589025,15294.4821126179,19639.2031540052,22608.3744878692,83712.4139231892,1964435.99162372,9790859.82008937,NA
1951,"baleen whales",2111,122426.912645425,182543.142101008,725827.53118129,732194.086564578,2634645.41408896,14978048.9299829,87555599.1570826,NA
1952,"mesozooplankton",2111,0,9766547.33517462,13407587.2065374,17897372.5044347,20903942.3607546,25226244.5325796,29883921.7372147,NA
1952,"other krill",2111,6.73691090438202e-07,1401063.82824867,5527477.45380526,11726346.4404924,30699172.4661989,76109944.1299429,123145330.898977,NA
1952,"other macrozooplankton",2111,1540404.76833696,8148886.76042536,15645928.4227261,19461619.5934441,23536640.9941137,29208919.2503035,38226369.4449475,NA
1952,"antarctic krill",2111,1899.09014468558,1532910.73341207,7459628.06855262,14252812.85488,24711673.2856155,36742356.6922791,927701355.841123,NA
1952,"salps",2111,108942.55454166,526252.502987653,873716.194638965,1125106.4019923,1641460.59120568,2138228.72133461,3056875.67188334,NA
1952,"mesopelagic fishes",2111,1739.40445015064,494020.425271113,1427258.78300994,1928929.01906174,2788082.57000678,3709259.53545338,9618093.57401319,NA
1952,"bathypelagic fishes",2111,314910.859342416,1109298.17024872,1845940.5282102,2541325.92248732,3492415.53598143,4730508.50706499,13422945.9588899,NA
1952,"shelf and coastal fishes",2111,1834719.7781478,3129815.11240176,4319005.81810217,5043946.83928512,5664684.08558781,6396912.63921285,26616475.5064214,NA
1952,"flying birds",2111,3934.13686871163,5439.31422343955,5942.30157231571,6002.63213640188,6074.03195076909,6222.05381174289,6547.23382872055,NA
1952,"small divers",2111,10442.0427675307,22292.0162689012,35122.3474556646,37397.6799853707,39938.2795364228,42098.0248116793,46289.0936250793,NA
1952,"squids",2111,64664.2610797286,107436.309158823,128578.239847482,146101.392871945,170492.308820488,303850.752375553,440782.449250697,NA
1952,"toothfishes",2111,179.528939849294,257130.078941941,795424.766472043,1147932.3671951,1439914.1334327,1871843.53637157,5778714.16295224,NA
1952,"leopard seals",2111,3.29834405033937e-16,1885.654442971,2871.13765010184,3428.21576981838,3858.18348614548,4875.08207332545,46033.50218161,NA
1952,"medium divers",2111,1.17202034933695e-05,176771.156153374,275669.180194006,397132.940532199,518640.063035828,783555.126084919,999222.199060886,NA
1952,"large divers",2111,1.47002968086344e-15,6673.23002098631,11113.5731757692,17533.0898394928,26953.2044271266,88254.4577872891,1189478.20801874,NA
1952,"minke whales",2111,2.80804250032942e-44,7853.34748178328,14434.6782283469,24965.9269746843,39664.1869776359,10226128.6294278,111095515.11932,NA
1952,"orca",2111,6137.83391212793,7702.16736820287,8633.59998249444,9014.79020203063,9712.83951182604,15037.9723121161,197123.198255694,NA
1952,"sperm whales",2111,11186.700887004,15297.6240996328,19635.5730501536,22600.0012018068,83591.6365379783,1960917.99180973,9773199.84255146,NA
1952,"baleen whales",2111,122508.884890733,182573.180181214,725148.806291818,731525.416977153,2631536.38539316,14959146.2064773,87443870.7824171,NA
1953,"mesozooplankton",2111,0,9341773.28580746,13118546.1781568,17605527.9284732,20501077.9815968,24677594.4918494,29267975.6528152,NA
1953,"other krill",2111,5.54166339452535e-07,1440980.98582045,5499676.80584194,11547643.6615627,30216818.7234111,73908085.2435925,120962351.812668,NA
1953,"other macrozooplankton",2111,1624439.98091178,8278302.19680288,15801973.0370051,19297384.6249898,23456493.222358,28757958.8558687,37726669.811575,NA
1953,"antarctic krill",2111,1832.0811584966,1584804.81264012,7610312.7593723,14299362.0503633,24742139.5443903,36633283.3232848,970670137.492998,NA
1953,"salps",2111,112047.387389773,532759.110650731,882276.805955636,1129498.59132386,1648703.0234078,2138809.47164978,3120044.25740974,NA
1953,"mesopelagic fishes",2111,1796.91454351753,503177.43898028,1447722.59916972,1948874.97552621,2804539.46926013,3716678.64433879,9693712.68515248,NA
1953,"bathypelagic fishes",2111,323166.263759826,1128575.58049972,1860649.55845545,2559411.34570945,3506320.56277846,4737545.90876156,13444006.7360612,NA
1953,"shelf and coastal fishes",2111,1838679.53139238,3135180.63072625,4324926.7726609,5047851.7416864,5666338.73159441,6397272.86856957,26583951.2138282,NA
1953,"flying birds",2111,3934.65654997911,5440.24467906937,5943.07154105508,6003.26356500653,6074.51493448,6222.08677984436,6547.48735663491,NA
1953,"small divers",2111,10454.3512479717,22346.1981311907,35159.9896584034,37418.1349454459,39943.4194608903,42101.5518307589,46279.9521609302,NA
1953,"squids",2111,64595.3599133032,107662.187143393,128705.709509369,146152.049327655,170403.346630751,303682.587894735,440521.757418684,NA
1953,"toothfishes",2111,176.634946569783,257903.847563503,796300.458301884,1148722.69769833,1440481.8186565,1871813.30699811,5781139.05670079,NA
1953,"leopard seals",2111,2.12303157463033e-16,1885.31861216479,2871.66437436667,3427.82692539975,3855.1434608022,4875.38198275641,46825.2734419944,NA
1953,"medium divers",2111,9.24472001608001e-06,177044.187770368,275742.875498053,396975.833582846,517764.938757332,783422.524247643,997179.821576225,NA
1953,"large divers",2111,9.35466230500782e-16,6679.74261179511,11115.4373363917,17525.2107901688,26912.5983798253,87968.5267312921,1181745.83298732,NA
1953,"minke whales",2111,8.590498689844e-45,7854.6282495493,14413.7833463191,24969.1896774714,39635.1717530039,10188792.7228123,110725626.918423,NA
1953,"orca",2111,6145.46256216594,7705.70477104259,8635.4242638532,9015.61092147801,9711.58587594883,15022.3134848834,196610.742822415,NA
1953,"sperm whales",2111,11167.1012590165,15301.2151731395,19631.9559409965,22591.7949888613,83471.121565562,1957406.60280521,9755571.88556315,NA
1953,"baleen whales",2111,122591.704081106,182603.387849423,724470.923567903,730857.584464004,2628431.38106309,14940267.7526021,87332286.3666153,NA
1954,"mesozooplankton",2111,0,8614574.69093203,12503746.4464948,17165874.6987166,20223138.9391194,24529330.3324497,29119956.9662535,NA
1954,"other krill",2111,4.17457584097991e-07,1383293.25372501,5209783.49902482,11056529.632205,29754600.9814127,73347144.704408,120248636.146133,NA
1954,"other macrozooplankton",2111,1652608.12935568,8145187.83435903,15261038.9162694,18656219.5770841,22792722.893972,28131211.0698879,37487632.9976637,NA
1954,"antarctic krill",2111,1733.73710976701,1603770.70159714,7548978.84836142,14239660.242315,24560353.6406582,36425426.5157033,960466037.086101,NA
1954,"salps",2111,112747.425384534,528028.212694236,874206.073669705,1120326.06555162,1643996.03707737,2136574.24470098,3147464.32786405,NA
1954,"mesopelagic fishes",2111,1826.39124859798,507216.874610976,1450728.15878684,1953992.6910759,2821895.95782107,3736251.1564512,9830969.79165633,NA
1954,"bathypelagic fishes",2111,331412.977169716,1142347.92490138,1872443.54150118,2574401.45677929,3531937.66777947,4763670.75673727,13585549.1042557,NA
1954,"shelf and coastal fishes",2111,1847567.37363124,3148340.72866821,4335843.84946162,5057443.77924183,5674007.82677407,6403154.18886621,26577832.2558612,NA
1954,"flying birds",2111,3933.67509393445,5439.9712253062,5942.12692987012,6002.89697118403,6073.68226969675,6221.05932989688,6547.62059311998,NA
1954,"small divers",2111,10445.6814441812,22355.25282598,35143.8375878223,37398.5138301661,39938.957386519,42100.5080247775,46272.8412286191,NA
1954,"squids",2111,65156.0008725173,108305.901373695,129089.965611774,146498.55076197,170859.646127475,303897.756414312,440482.481083686,NA
1954,"toothfishes",2111,173.165174887886,258531.546911842,796882.871293777,1149625.26989398,1441201.09694844,1871763.54484739,5783881.18349029,NA
1954,"leopard seals",2111,1.3992450534046e-16,1885.02712462537,2871.24723237647,3430.13638049572,3855.27178081924,4878.3831916509,47635.6111919934,NA
1954,"medium divers",2111,7.42746474464457e-06,177137.650191601,275930.389313906,396836.362093689,517050.15786242,783300.594793293,995171.536167256,NA
1954,"large divers",2111,6.09961811330142e-16,6686.59973288468,11115.1111467306,17496.834558804,26873.7469976436,87618.7209645988,1174057.51835331,NA
1954,"minke whales",2111,2.80880477953762e-45,7853.05747859319,14409.842679852,24984.8396530051,39616.7727441537,10151579.4045585,110356943.410721,NA
1954,"orca",2111,6152.5498043682,7708.83450053093,8636.69615187026,9015.77978073893,9710.10934226341,15005.8219959346,196099.252754673,NA
1954,"sperm whales",2111,11147.5798607791,15304.0268822584,19628.3147114452,22583.0131855852,83350.5591967765,1953900.45176695,9737975.23951695,NA
1954,"baleen whales",2111,122666.47331654,182629.686473923,723794.106513473,730190.811900612,2625329.19865153,14921411.590225,87220835.9678617,NA
1955,"mesozooplankton",2111,0,8873418.07401765,12689556.6938641,17365734.1779161,20497312.4007254,24953515.5257476,29594363.8032473,NA
1955,"other krill",2111,3.08689186261108e-07,1356464.58901026,5143032.54250752,11131209.7684867,30194897.4720252,75195245.9486978,122120906.246291,NA
1955,"other macrozooplankton",2111,1638816.55899352,7901040.13422147,15109283.2503194,18722722.2466721,22795299.2907049,28416776.2621475,37925000.1127531,NA
1955,"antarctic krill",2111,1619.40869540555,1581460.39624532,7450166.61324495,14205539.5308058,24559552.3677196,36394629.103261,913906224.263597,NA
1955,"salps",2111,112409.127650413,521688.125140818,863970.327548814,1112997.38649667,1639076.0608447,2135456.2552254,3161206.94916467,NA
1955,"mesopelagic fishes",2111,1810.54516731124,505908.850717931,1447330.77831481,1944569.08149265,2829842.64200755,3751006.46931175,9960997.12666295,NA
1955,"bathypelagic fishes",2111,336037.239873078,1145446.56907389,1877237.80098079,2576276.03551305,3538350.26790991,4786243.66437316,13781953.967139,NA
1955,"shelf and coastal fishes",2111,1860851.52927934,3161327.74300402,4346964.30881071,5071305.16139037,5682205.85769845,6411215.79831575,26589671.8036833,NA
1955,"flying birds",2111,3932.34156096996,5435.58135724602,5941.06349846446,6001.69075276883,6072.82313270141,6221.14639559564,6547.65153585132,NA
1955,"small divers",2111,10417.0010305306,22330.2983966069,35087.7630251537,37337.2043079532,39929.9700796669,42088.7159074936,46265.7072591861,NA
1955,"squids",2111,66124.4379152559,108963.326624827,129538.795630748,146962.146867678,171633.732251111,304352.204908498,440705.437776968,NA
1955,"toothfishes",2111,169.053789726395,259340.1413108,796522.862854087,1150312.86626082,1442389.13304549,1871917.03231641,5787135.38087462,NA
1955,"leopard seals",2111,9.33626956008859e-17,1884.73725366642,2873.35732209826,3430.92314310727,3857.42080478922,4878.80073819768,48454.9436638429,NA
1955,"medium divers",2111,6.01523693816176e-06,177228.734534809,276007.86170534,396679.393018689,516869.223767201,783187.89357698,993184.917110251,NA
1955,"large divers",2111,4.024870126861e-16,6688.60220887447,11113.9934298658,17473.3155264722,26781.9432666058,87126.4301776435,1166411.50018856,NA
1955,"minke whales",2111,9.47525261160059e-46,7852.73766402024,14422.295890922,25007.2094077974,39596.7163738846,10114488.4105875,109989465.905912,NA
1955,"orca",2111,6159.27994448788,7711.68600357647,8637.76675902757,9015.5548790016,9708.4716103609,14988.8884672561,195588.949476103,NA
1955,"sperm whales",2111,11128.0824753421,15306.4140220994,19624.3826548983,22573.9191517674,83230.0409646411,1950400.03992328,9720410.10410185,NA
1955,"baleen whales",2111,122736.012552088,182653.469374608,723118.247108072,729524.988185458,2622230.31089519,14902578.4002391,87109522.738818,NA
1956,"mesozooplankton",2111,0,8175433.48358746,12198030.1151588,16936178.0734955,19919875.6117019,24243885.6396745,28863315.7848306,NA
1956,"other krill",2111,2.24058634701079e-07,1318515.44711391,5056954.03370663,11069063.5446894,30147667.7544488,75797511.3174142,122920150.69436,NA
1956,"other macrozooplankton",2111,1623700.34376997,7794095.77513665,15064492.4438939,18642944.6476974,22672619.8898371,27952487.0089952,37239546.7380133,NA
1956,"antarctic krill",2111,1503.54834829358,1561024.32535904,7394376.91949258,14185497.3616105,24547057.7365309,36497797.5767594,858153427.720489,NA
1956,"salps",2111,111860.266132952,520972.051460606,860350.458206423,1109933.70124473,1638523.79804226,2135574.16650648,3168514.26095478,NA
1956,"mesopelagic fishes",2111,1796.48326732265,509961.033800354,1451092.08471106,1945900.97310289,2829158.72553275,3746615.74936224,10036607.4684339,NA
1956,"bathypelagic fishes",2111,337479.325743228,1146836.5691633,1881274.74049778,2577649.64230055,3539004.02367546,4795428.91533215,13946105.6979124,NA
1956,"shelf and coastal fishes",2111,1866821.97476398,3170155.34768412,4357360.37667113,5079437.657205,5689991.05032403,6415925.96911344,26600800.2833266,NA
1956,"flying birds",2111,3933.65544109356,5438.88232681105,5942.73181636841,6003.53550670609,6073.63495301917,6221.18872548537,6547.90956971557,NA
1956,"small divers",2111,10415.8316919857,22353.5533746917,35084.735415531,37342.5356652598,39929.293802516,42089.2141122222,46258.1639684448,NA
1956,"squids",2111,66726.0737409255,109419.459221777,129930.696717269,147198.530648611,171899.606725766,304619.942104759,441003.044972616,NA
1956,"toothfishes",2111,165.627956444284,260274.577798954,796736.438410413,1151128.99496554,1443569.72608469,1872876.12231758,5790838.13491561,NA
1956,"leopard seals",2111,6.08213815238841e-17,1884.47768696112,2873.23718412316,3431.29623686917,3857.93012219799,4879.15867342703,49303.6351786621,NA
1956,"medium divers",2111,4.78162380476086e-06,177206.669459514,276124.864354071,396562.269342642,516677.723749839,783059.388621954,991399.08529921,NA
1956,"large divers",2111,2.59171728556416e-16,6687.6043559566,11114.7407187261,17466.3549304581,26686.2243059962,86640.4640432537,1158802.60609474,NA
1956,"minke whales",2111,2.96541475816973e-46,7853.18350073181,14435.8942337417,25016.8918574869,39567.6893602809,10077520.7064931,109623215.465897,NA
1956,"orca",2111,6166.57802172553,7714.91886548241,8639.15778802185,9015.95665087136,9707.01629129638,14972.9238725638,195080.556770758,NA
1956,"sperm whales",2111,11108.5450326466,15309.5257531379,19620.2647278907,22565.613887914,83110.0348767576,1946907.36919939,9702877.38649872,NA
1956,"baleen whales",2111,122815.370553046,182682.1565549,722443.054431292,728859.83033588,2619137.01186965,14883771.8677786,86998363.3322471,NA
1957,"mesozooplankton",2111,0,8073938.9540565,12142775.7855904,16940763.2769105,20044919.2543333,24488979.2953505,29075503.8706267,NA
1957,"other krill",2111,1.58672688384452e-07,1252352.32038603,4914614.29718216,10857826.2905004,30159579.6826208,76673702.2350017,124870404.9491,NA
1957,"other macrozooplankton",2111,1546582.72237965,7480156.06577493,14595615.7219621,18139158.606651,22060688.3010931,27419184.047844,37064543.3841322,NA
1957,"antarctic krill",2111,1372.18902772989,1511911.17918087,7202548.47174885,13995578.1220483,24478918.064354,36447177.2278906,799636516.810403,NA
1957,"salps",2111,109201.614398672,507588.545971403,845899.777380518,1094591.00571135,1626686.15063664,2131552.31570238,3124829.50980607,NA
1957,"mesopelagic fishes",2111,1729.0930252481,497085.083973899,1426845.13774853,1921093.77720589,2817259.16327692,3741212.21221866,10042987.9916476,NA
1957,"bathypelagic fishes",2111,334682.748731402,1134616.39744212,1864233.25660315,2561906.54430332,3524764.61707036,4805105.11266299,14042758.1778957,NA
1957,"shelf and coastal fishes",2111,1876751.48694192,3175841.46201442,4363790.82950501,5086845.93037461,5697446.09903771,6421769.0382973,26603832.519078,NA
1957,"flying birds",2111,3931.17080439363,5431.20031219508,5939.81060850596,6000.80563345171,6072.33706142053,6220.94426425194,6547.07865949147,NA
1957,"small divers",2111,10356.6105316748,22292.6872361037,34988.0385396023,37257.659381932,39920.419946479,42076.6440598078,46249.0179293573,NA
1957,"squids",2111,67640.6394731128,109821.601120087,130178.719817761,147522.000722222,172497.400703102,305021.803364626,441314.902095483,NA
1957,"toothfishes",2111,161.053075902236,260032.419419691,796878.023661095,1152571.42991956,1444252.87111612,1873194.05801656,5794591.00346889,NA
1957,"leopard seals",2111,4.08415675131913e-17,1884.11836223086,2875.21537968811,3433.11420311984,3858.61813575722,4879.68696122994,50124.0176225165,NA
1957,"medium divers",2111,3.87654810233937e-06,177421.767084541,275957.613843353,396556.773100519,516500.122896629,782640.934135199,990069.055863667,NA
1957,"large divers",2111,1.7178874102758e-16,6682.25483424099,11121.5718100062,17454.6081836892,26595.1920116699,86153.0389308351,1151237.33472952,NA
1957,"minke whales",2111,1.01567254419727e-46,7850.17790035669,14487.7778412432,25036.3919626616,39546.4517303637,10040673.0865585,109258145.820238,NA
1957,"orca",2111,6172.98671218588,7717.51549405729,8639.99475100435,9015.57211394161,9705.21138873124,14955.7639778249,194572.950557349,NA
1957,"sperm whales",2111,11089.0733185572,15310.1764791831,19616.2269952245,22556.2461304623,82989.7880860031,1943419.12786802,9685375.44370035,NA
1957,"baleen whales",2111,122878.731043611,182702.918794327,721768.943217644,728195.729033083,2616045.21025901,14864985.5060385,86887327.6497643,NA
1958,"mesozooplankton",2111,0,7970206.42530118,12063939.2791352,16761551.6523988,19667095.9720675,24010823.8562052,28469348.0837748,NA
1958,"other krill",2111,1.17270577423495e-07,1245346.71979937,4995813.0661085,10957105.7736948,30201511.9948871,77925277.6631262,126455270.363435,NA
1958,"other macrozooplankton",2111,1448168.88226681,7242849.26471677,14238644.9784526,17697016.9135675,21590001.1801169,26846103.1689157,36107148.3000027,NA
1958,"antarctic krill",2111,1254.57846202485,1467224.47791566,7064084.91146349,13806665.882594,24345975.0371597,36398987.0694773,769606445.198135,NA
1958,"salps",2111,106823.444255333,497811.358023739,833901.443001743,1082324.57117031,1610798.23583448,2121680.74395003,3082873.99094317,NA
1958,"mesopelagic fishes",2111,1623.57318580096,482097.632718862,1383994.48837037,1880911.92826211,2770757.64650793,3713821.23651342,9969105.91023255,NA
1958,"bathypelagic fishes",2111,324886.539381959,1104049.88371766,1823026.55410119,2520911.8353037,3484654.95361739,4775158.49130348,14012047.5835351,NA
1958,"shelf and coastal fishes",2111,1871341.58764812,3161927.20362648,4355503.64031759,5079656.68734743,5691036.18707511,6416195.18076487,26575528.3316863,NA
1958,"flying birds",2111,3929.92966960155,5425.42242157357,5937.56550546951,5999.45798123796,6071.41405841113,6219.32166170435,6546.27833708573,NA
1958,"small divers",2111,10286.286564913,22239.9965281422,34918.5691547176,37215.9506847323,39892.932971901,42063.0251143885,46234.5721333721,NA
1958,"squids",2111,67855.9425871971,109580.596850005,129942.582368673,147457.720551993,172444.120897367,304947.14606037,441458.931313572,NA
1958,"toothfishes",2111,156.469675194589,259813.761949993,797861.664938935,1153154.02248967,1444504.59666138,1873368.00128227,5797977.67022446,NA
1958,"leopard seals",2111,2.68667135902762e-17,1883.60966811848,2876.55524320127,3434.21679498002,3860.33985062284,4879.9675320934,50914.4999259559,NA
1958,"medium divers",2111,3.08387472916171e-06,177504.686816098,275626.386640282,396431.908537356,516062.398407514,782503.086077433,988738.859158124,NA
1958,"large divers",2111,1.11291239409945e-16,6678.16943414925,11126.749168332,17443.696604712,26528.2513751809,85669.9474427526,1143707.53356245,NA
1958,"minke whales",2111,3.2748416905963e-47,7844.99356516497,14502.8944860937,25009.1080056295,39488.9692646565,10003946.4643218,108894283.063114,NA
1958,"orca",2111,6179.78267300955,7720.3934344021,8641.07951726701,9015.98910850898,9703.04158687778,14939.3746533783,194067.189960296,NA
1958,"sperm whales",2111,11069.5341752937,15309.8801704521,19612.1458475975,22547.2662434536,82869.896328237,1939937.8862368,9667905.53109939,NA
1958,"baleen whales",2111,122943.783807215,182724.637643329,721097.706601653,727532.297159831,2612957.83817604,14846223.809445,86776435.7718505,NA
1959,"mesozooplankton",2111,0,7203190.53162697,11521923.5893941,16388605.9735751,19451477.0774004,23877469.7545653,28344973.0368394,NA
1959,"other krill",2111,8.84314118586304e-08,1198563.58288836,4973307.81274271,11034163.3533526,30342492.0622697,78809675.8518,128126797.51978,NA
1959,"other macrozooplankton",2111,1345664.28487826,6970452.02195598,13916985.7414523,17367020.2681383,21111146.0400836,26422149.8222408,35859392.8825469,NA
1959,"antarctic krill",2111,1148.04019247598,1415559.38270536,6915167.71964328,13679381.5731401,24284723.325945,36462870.5556654,763778217.916257,NA
1959,"salps",2111,103535.772523047,487969.253878051,820417.950519552,1073350.42910442,1598646.14854864,2108445.85418953,3021003.44744695,NA
1959,"mesopelagic fishes",2111,1505.86096099664,465922.023715157,1344562.3084634,1836541.79437023,2728991.61963241,3689538.38671929,9855521.07492856,NA
1959,"bathypelagic fishes",2111,312793.959281586,1069550.38274379,1781033.89065934,2480287.02934797,3436371.53696375,4734095.57328083,13886391.2103981,NA
1959,"shelf and coastal fishes",2111,1855881.66257683,3142458.41949751,4339765.28706374,5068325.68018274,5679989.83292644,6403393.1460603,26518094.4581441,NA
1959,"flying birds",2111,3928.18274802705,5417.81473944468,5934.92939207573,5997.23723193656,6070.17261183554,6217.13743995904,6544.91281213274,NA
1959,"small divers",2111,10199.7675324335,22164.8019409348,34821.6806921774,37142.7368919013,39867.8278864858,42049.1340967721,46219.8953009262,NA
1959,"squids",2111,67940.9522875148,108857.959622918,129519.683542344,147251.422681604,172221.843782126,305785.418077372,441563.158761999,NA
1959,"toothfishes",2111,151.964226190831,259331.450706238,798551.101549558,1153810.98726019,1444988.87825809,1873304.43803057,5800604.08105726,NA
1959,"leopard seals",2111,1.78524283576795e-17,1883.0986414882,2877.16576437797,3432.22738052311,3858.8282015442,4880.2308067566,51712.6903729747,NA
1959,"medium divers",2111,2.46843444456634e-06,177599.739052232,275798.667173519,396321.774859547,515345.826500598,782369.377273037,987405.432125389,NA
1959,"large divers",2111,7.28358674073973e-17,6677.61929056976,11123.2140081901,17435.7412251089,26487.1719026632,85188.1398425254,1136218.31938115,NA
1959,"minke whales",2111,1.08854836595358e-47,7838.40016720581,14523.6400902128,24980.599117486,39401.6850643604,9967341.11835522,108531613.834735,NA
1959,"orca",2111,6186.207200627,7723.02881482983,8641.87676868974,9015.72449357092,9700.28398932462,14922.6038200295,193562.640178177,NA
1959,"sperm whales",2111,11050.0348422946,15309.9865035664,19608.0910254089,22537.8473893039,82750.0234079973,1936462.24545426,9650466.84925772,NA
1959,"baleen whales",2111,123005.477124714,182745.02280592,720427.810739212,726869.770820543,2609874.09142483,14827485.5926634,86665682.3884992,NA
1960,"mesozooplankton",2111,0,9448037.38174782,13125019.9288258,17893048.9385374,20988427.2019308,25590427.4306598,30389774.5377161,NA
1960,"other krill",2111,7.71755255877434e-08,1327739.27794157,5532461.02945643,11927742.4896765,31752007.5208337,81597053.1504149,130362852.066432,NA
1960,"other macrozooplankton",2111,1356101.62170332,7495982.61456198,14956362.857291,18991697.4280266,22878541.192252,29007975.3701986,38174749.6012479,NA
1960,"antarctic krill",2111,1090.92303766585,1435796.97993848,7069873.8759128,13894630.3793093,24599584.6563637,36922347.3499778,809589580.131179,NA
1960,"salps",2111,103767.464034096,508092.783102024,836657.329492388,1097234.41210917,1609314.80117922,2118534.16509087,3030453.21386819,NA
1960,"mesopelagic fishes",2111,1437.17971159341,465139.412558252,1350034.9697839,1838039.10775428,2715621.33022458,3671720.48129592,9749663.00439346,NA
1960,"bathypelagic fishes",2111,304545.44020515,1053317.99561521,1768169.25766422,2461240.72269842,3417603.24219252,4692079.66109764,13710724.4879038,NA
1960,"shelf and coastal fishes",2111,1847576.00727088,3129657.9771399,4325951.76065084,5057642.25398672,5672631.31883369,6395711.69608786,26437897.587924,NA
1960,"flying birds",2111,3929.09508865379,5420.23012063446,5936.09971393568,5997.96705084023,6070.0398932963,6217.28759305922,6543.92726310764,NA
1960,"small divers",2111,10151.8882051676,22140.8332374542,34801.8140655715,37163.8542088159,39872.0721662293,42049.2838689919,46208.4059403504,NA
1960,"squids",2111,67801.9150787454,108006.663179731,128877.323662271,146754.206110239,171700.98401393,304565.418917486,441778.502833868,NA
1960,"toothfishes",2111,148.602136841709,259074.387716699,798937.121118207,1153526.37214259,1445270.98100206,1873161.59062514,5802389.53086632,NA
1960,"leopard seals",2111,1.17375393141163e-17,1882.73494897392,2877.65395912828,3431.48842772267,3857.43561855455,4880.38652143871,52575.5147971798,NA
1960,"medium divers",2111,1.96322388127499e-06,177648.017835271,276041.237972827,396188.859536636,514920.852638022,782226.7859564,986084.231365952,NA
1960,"large divers",2111,4.72665605436181e-17,6682.39818572764,11128.8827639152,17430.7937980524,26446.6989711268,84711.5957671821,1128768.06453586,NA
1960,"minke whales",2111,3.50294913226747e-48,7835.47924167908,14545.2545079206,24966.7087712359,39305.9854331168,9930859.15445078,108170158.128589,NA
1960,"orca",2111,6192.82626118129,7725.38995082987,8642.73021996873,9015.56448472016,9697.73683984652,14906.2950612795,193059.752436408,NA
1960,"sperm whales",2111,11030.5528588525,15310.7112022153,19604.0750432977,22528.8236125129,82630.5559877544,1932993.65929646,9633060.05734388,NA
1960,"baleen whales",2111,123077.490360199,182771.092686319,719758.886273145,726208.010594174,2606796.16947424,14808774.4618461,86555083.1831142,NA
1961,"mesozooplankton",2111,0,7154827.62038781,11725311.0028795,16605918.2310124,19547341.5568265,23826619.668261,28273384.7378049,NA
1961,"other krill",2111,6.25432468753085e-08,1266297.63352116,5279163.68565719,11432096.3397734,30953433.0678709,79696728.8652941,128854902.254522,NA
1961,"other macrozooplankton",2111,1335117.91642183,7708254.71818666,14984139.3839071,18586202.2234354,22492473.7917921,27595407.3126823,37080842.3144572,NA
1961,"antarctic krill",2111,1023.44566729455,1419966.62788356,7098137.88925536,14036198.2235882,24726582.1103824,37091437.3542204,864906589.642376,NA
1961,"salps",2111,102917.338567585,507763.330958847,839142.540641383,1097001.9303928,1614931.1212683,2123715.92805151,3030834.90974776,NA
1961,"mesopelagic fishes",2111,1391.06119058734,461368.916158423,1350036.59342982,1842759.2548334,2721802.41828988,3677776.59478777,9699421.28418458,NA
1961,"bathypelagic fishes",2111,299452.635161046,1046018.26878527,1774902.0019048,2458338.65194616,3412396.72562841,4687456.87944793,13561704.46289,NA
1961,"shelf and coastal fishes",2111,1837365.06558983,3116977.98144848,4311113.38981445,5045221.32694962,5661310.5785768,6387743.00821686,26356014.5737034,NA
1961,"flying birds",2111,3927.9418153249,5414.81847061472,5934.11737552537,5996.71905582089,6068.83957388442,6216.1898867194,6543.02160742287,NA
1961,"small divers",2111,10085.0383118928,22096.3014785989,34770.4153751413,37158.5768327923,39867.5488685201,42045.1519856469,46196.0387619113,NA
1961,"squids",2111,67623.5765322815,107464.489290547,128253.839036578,146318.37938091,171224.011102187,304299.479078235,441871.795561807,NA
1961,"toothfishes",2111,145.250062436885,258712.721264749,798490.387142963,1153543.0767631,1444539.46103242,1872729.5192717,5803345.20413116,NA
1961,"leopard seals",2111,7.76550132064266e-18,1882.27833059705,2880.07075032564,3431.61424472494,3856.98454179579,4880.4919449612,53423.6678122704,NA
1961,"medium divers",2111,1.56778147082339e-06,177655.836647225,276356.997473222,396000.950703456,514205.8536869,782087.020723351,984763.506629092,NA
1961,"large divers",2111,3.08720477577714e-17,6693.8863952956,11142.6072404591,17421.0349005249,26406.7181237482,84413.1478460442,1121357.86214465,NA
1961,"minke whales",2111,1.15219523565171e-48,7831.53203648704,14561.3108935016,24932.2827281512,39172.5998849484,9894497.06357037,107809885.69254,NA
1961,"orca",2111,6199.17069679132,7726.87180700989,8643.4063340597,9015.18491315534,9694.96514942986,14889.7194282213,192558.111856582,NA
1961,"sperm whales",2111,11011.1032349135,15311.0271326804,19600.0863021481,22519.4432259976,82511.2003281444,1929530.70139711,9615684.47305329,NA
1961,"baleen whales",2111,123143.952931779,182794.40665282,719090.774346997,725547.124895738,2603721.26896506,14790085.98356,86444618.8837245,NA
1962,"mesozooplankton",2111,0,10108523.9133638,13570602.9323279,18197930.7404809,21211203.2379771,25637652.9715564,30376633.6900024,NA
1962,"other krill",2111,5.42846515883498e-08,1424101.613524,5596562.63585359,11870536.6655989,31041239.4440141,78348788.7486912,127558432.747446,NA
1962,"other macrozooplankton",2111,1405552.99912256,8076781.74941826,15395964.8736439,19069926.780544,23210693.8165841,29086205.8931306,37908979.0268978,NA
1962,"antarctic krill",2111,993.291916427671,1462703.44813174,7350274.71510687,14242471.5990581,24781846.1924909,37220172.8615794,939863162.875356,NA
1962,"salps",2111,105676.418259635,530519.914813009,861891.891580594,1121453.83606903,1630249.75150942,2134969.63276668,3114542.59992655,NA
1962,"mesopelagic fishes",2111,1389.07398798483,470790.05699117,1375883.23025836,1870689.31539653,2744129.99604069,3693368.92105818,9727276.35890309,NA
1962,"bathypelagic fishes",2111,299654.401204881,1055769.84654414,1793237.52885006,2473965.10569914,3425961.24639398,4687360.92997504,13488738.5509865,NA
1962,"shelf and coastal fishes",2111,1833873.15631367,3110233.15100928,4299630.83802085,5031756.2501117,5652427.9212936,6381981.31130819,26286927.9271301,NA
1962,"flying birds",2111,3930.03826364045,5424.03231408645,5937.49625753498,5999.1601520942,6070.64265325722,6217.14489020116,6543.08200141072,NA
1962,"small divers",2111,10074.9481371563,22132.8839654533,34851.9918156711,37248.3066246166,39888.2183107922,42050.1338371026,46184.8870094853,NA
1962,"squids",2111,67058.1282073414,106842.546393587,127609.167682658,145734.71693891,170502.82091163,303874.29621506,441906.947222947,NA
1962,"toothfishes",2111,142.941742050461,259232.960563267,798652.885906915,1153229.71470183,1444546.02784534,1872340.6184825,5803924.04567926,NA
1962,"leopard seals",2111,5.00156218911009e-18,1881.93845606005,2882.7197109407,3430.21290983603,3856.76503927887,4880.43745557757,54338.1200706791,NA
1962,"medium divers",2111,1.23079213284208e-06,177651.531748987,276556.216175813,395819.288150082,513324.943221257,781916.927104322,983464.261238781,NA
1962,"large divers",2111,1.96821103934063e-17,6703.99633064938,11153.6639539455,17408.1714553721,26363.5241948319,84165.0761905149,1113984.95742268,NA
1962,"minke whales",2111,3.50351269183427e-49,7830.9081972028,14567.136521336,24926.0943747225,39092.313450141,9858257.37026906,107450825.217608,NA
1962,"orca",2111,6206.16563032906,7729.05169417298,8644.70079186849,9015.55109038286,9693.08796491091,14874.2188442612,192058.421749636,NA
1962,"sperm whales",2111,10991.6550456024,15312.4062393529,19596.484560995,22511.0404325692,82392.4942642319,1926075.66068314,9598341.11643427,NA
1962,"baleen whales",2111,123225.309495684,182825.269684428,718423.564115811,724886.880828903,2600652.62722597,14771425.2190439,86334313.0452475,NA
1963,"mesozooplankton",2111,0,9715104.16354479,13470753.8380497,17983318.5708488,20948324.1248634,25201704.1726186,29818618.9949521,NA
1963,"other krill",2111,4.76087526266231e-08,1523399.18225799,5778711.7318112,12014865.2781677,30994874.1651485,76397308.0531743,124054237.302975,NA
1963,"other macrozooplankton",2111,1517333.72699063,8418977.06453678,16084263.3704386,19963495.8597828,24077745.7587202,29860297.1832538,38776901.2460913,NA
1963,"antarctic krill",2111,973.027199316685,1525928.99196722,7585894.69529566,14470055.8303359,25030635.8559462,37281488.7442468,994832272.394313,NA
1963,"salps",2111,109410.94879133,545093.90671907,881312.377849863,1139785.81444603,1648182.33358898,2144968.55427768,3202058.90345174,NA
1963,"mesopelagic fishes",2111,1430.37692375148,482850.901398574,1413379.15056809,1914437.40737021,2776422.05537585,3712218.14647993,9851688.42785783,NA
1963,"bathypelagic fishes",2111,305973.412136235,1082121.82235767,1835867.50824236,2513899.09576109,3462139.44986475,4706531.3045263,13545649.2570065,NA
1963,"shelf and coastal fishes",2111,1838898.16279324,3112612.15194457,4298292.08496645,5026412.99793077,5649156.42110793,6385528.6118782,26254371.2704826,NA
1963,"flying birds",2111,3930.62766661422,5427.6836248842,5938.61556136798,6000.10283716919,6070.96882354569,6217.33738198395,6543.35313489169,NA
1963,"small divers",2111,10068.9273398583,22169.123075066,34938.9957748771,37295.0283873993,39902.1151713157,42059.4640805736,46175.6172926872,NA
1963,"squids",2111,66731.2982824156,106508.245889077,127352.80069403,145487.211537636,170199.996823455,303638.670629836,441861.298193171,NA
1963,"toothfishes",2111,140.863399823419,259661.605811264,799015.787372933,1153068.70092151,1444475.77340342,1872037.62723685,5804759.75494634,NA
1963,"leopard seals",2111,3.24597660046989e-18,1881.62618483161,2884.24927120645,3429.53715727625,3855.87960010834,4880.47999788968,55278.1719122662,NA
1963,"medium divers",2111,9.73841878217843e-07,177652.682451572,276345.599465236,395637.426326917,512870.031307294,781601.281204309,982175.42015142,NA
1963,"large divers",2111,1.26661388548429e-17,6716.33264069724,11164.5652760035,17405.211043438,26317.3068847345,83918.16154125,1106653.12349809,NA
1963,"minke whales",2111,1.09349947719802e-49,7830.35964999935,14575.7193820082,24918.9816395933,38901.1256941002,9822137.40900122,107092944.35544,NA
1963,"orca",2111,6212.98732694289,7731.9220843118,8645.87975739956,9015.76429176435,9691.48665116552,14858.4724953203,191559.920030889,NA
1963,"sperm whales",2111,10972.2905139787,15313.6453753778,19592.8375612706,22502.531671894,82273.9880120855,1922626.53069706,9581028.94693715,NA
1963,"baleen whales",2111,123304.88008533,182855.09790757,717757.224149625,724227.545875282,2597587.43493302,14752787.7389501,86224145.7582994,NA
1964,"mesozooplankton",2111,0,8950462.64737224,12838399.3832744,17504026.9414914,20537043.1317621,24800378.8729133,29391606.0019966,NA
1964,"other krill",2111,3.7158859901639e-08,1485034.96545929,5467314.75338122,11466095.0818526,30004869.4051961,74035065.6927914,121627775.577968,NA
1964,"other macrozooplankton",2111,1590362.84486983,8423703.71575202,15787533.7745144,19211139.2593962,23475462.8311318,28686698.5028339,38168242.7241731,NA
1964,"antarctic krill",2111,937.458198109453,1543144.43888758,7647227.04029947,14491124.7625202,24965915.3691689,37027038.4183629,999709621.694573,NA
1964,"salps",2111,111445.017954227,547763.190546257,882063.641062418,1134102.88057657,1654771.64263287,2151412.43046861,3247458.29064333,NA
1964,"mesopelagic fishes",2111,1477.49035227724,490603.987905688,1441667.60874801,1947427.43531433,2822107.07941719,3749541.53304097,10027375.7210335,NA
1964,"bathypelagic fishes",2111,315887.488751217,1111195.8758312,1870216.20640742,2558166.08976203,3518034.20574711,4753942.88039353,13726160.6996718,NA
1964,"shelf and coastal fishes",2111,1854644.23235769,3134607.70280487,4305440.63999186,5034982.51512937,5656199.57931733,6396396.32184435,26263860.5316302,NA
1964,"flying birds",2111,3929.83967671742,5426.42844507665,5937.79014760829,5999.20257114447,6070.64579734732,6216.57526146192,6543.66815913468,NA
1964,"small divers",2111,10050.9671994147,22174.2013286489,34976.9260325186,37300.9973727751,39902.1398766045,42064.4035624917,46168.4789705237,NA
1964,"squids",2111,67060.2850728792,106898.798871268,127596.286079545,145733.240248593,170523.027162636,302980.148413666,441970.460798763,NA
1964,"toothfishes",2111,138.560405362295,260747.462622706,799617.125747657,1153549.92039685,1444762.10722939,1872427.19933996,5806386.15869458,NA
1964,"leopard seals",2111,2.14740694236609e-18,1881.36038721244,2887.00239322349,3428.55931725756,3855.12384841555,4880.7435792556,56242.2940571925,NA
1964,"medium divers",2111,7.82614928395982e-07,177667.094225467,276231.919273673,395486.988458757,512269.004682565,781460.321400335,980897.929856409,NA
1964,"large divers",2111,8.31999689907512e-18,6733.32504094712,11159.0833891743,17406.9458266261,26272.2644375493,83671.917627769,1099364.22385274,NA
1964,"minke whales",2111,3.61183594863089e-50,7826.05081464757,14593.3534275443,24890.4317847104,38886.5990999426,9786136.49666045,106736232.398201,NA
1964,"orca",2111,6219.32996344351,7734.63674713402,8646.82363660031,9015.90119413081,9689.47581307023,14842.0482221816,191062.37457512,NA
1964,"sperm whales",2111,10953.0141948821,15314.4655288346,19589.043354753,22493.6478226256,82155.5407310474,1919182.79206094,9563747.66542489,NA
1964,"baleen whales",2111,123378.561460291,182881.931291596,717091.773690455,723569.211501546,2594525.15998631,14734172.5553697,86114112.6986419,NA
1965,"mesozooplankton",2111,0,7500942.24028165,11625332.0393349,16474752.9964414,19486177.6485927,23741066.9955928,28096630.7145191,NA
1965,"other krill",2111,2.5594517617511e-08,1356318.35116069,5000341.96577229,10667864.398527,29337942.3608623,73704558.4166185,121384334.978902,NA
1965,"other macrozooplankton",2111,1527849.31821575,7806493.25758627,14527306.3473941,17708396.417081,21739312.9185119,26759676.6917964,36266302.9528058,NA
1965,"antarctic krill",2111,867.979546533337,1481037.30259142,7426260.01061156,14160190.9300097,24672299.7779953,36565217.5905223,944966007.926577,NA
1965,"salps",2111,110181.853001469,523075.515753022,861735.969177864,1109019.54217959,1638119.51474429,2140357.36101131,3242739.1072569,NA
1965,"mesopelagic fishes",2111,1455.40697195896,481832.645897746,1421809.30140251,1929644.8758793,2821943.9847183,3754132.02765978,10189998.588096,NA
1965,"bathypelagic fishes",2111,318796.458092121,1120132.61897905,1856881.32088553,2570718.6139841,3549939.61025229,4791268.67505705,13959808.6782102,NA
1965,"shelf and coastal fishes",2111,1857751.13562691,3139106.13425032,4311677.40722968,5039693.71137673,5662841.22432593,6400397.5337385,26301850.7585056,NA
1965,"flying birds",2111,3928.00850291596,5420.58586966563,5935.52663922415,5997.26028259668,6069.14788305929,6215.46756354085,6543.98757736505,NA
1965,"small divers",2111,10000.0211222131,22140.4207210318,34951.8257807119,37259.3915961991,39882.9365951889,42058.5447234886,46157.5922864981,NA
1965,"squids",2111,67517.483253977,107373.906806024,127957.065176407,146030.641975391,170958.505028263,303139.154426098,442067.987998828,NA
1965,"toothfishes",2111,135.361068063656,261883.235583238,800633.069949656,1154164.89833309,1445146.29542364,1872885.89709153,5808919.87302912,NA
1965,"leopard seals",2111,1.42411929262059e-18,1881.10396252751,2888.51375934815,3427.56037344267,3855.22789933469,4887.05026883848,57175.1976589953,NA
1965,"medium divers",2111,6.28663004819512e-07,177683.341127815,276309.030791007,395326.819128371,511929.549588085,781320.405460118,979623.824522275,NA
1965,"large divers",2111,5.46932578909905e-18,6741.45465014168,11159.5749212633,17389.9663951948,26227.0827942942,83426.4439715459,1092114.16227853,NA
1965,"minke whales",2111,1.20097353513285e-50,7818.51972344886,14577.7291684348,24855.3320847394,38993.5434047249,9750252.90538352,106380684.467354,NA
1965,"orca",2111,6225.54988932962,7738.11416974828,8648.09119611263,9016.38827534793,9687.40922944736,14825.5322986506,190566.129217713,NA
1965,"sperm whales",2111,10933.740916328,15315.1495606175,19585.1896589196,22484.6758833358,82037.2255717684,1915744.93940391,9546497.4835338,NA
1965,"baleen whales",2111,123445.900933731,182905.365107474,716427.083551904,722911.733286782,2591465.75336712,14715579.4084368,86004212.9489121,NA
1966,"mesozooplankton",2111,0,8535848.20584247,12317006.4578611,17045509.4930168,20146325.9937237,24600497.5573317,29319525.8118192,NA
1966,"other krill",2111,1.80104070076835e-08,1323326.64418043,5085482.12212776,11030598.0024694,30084134.6681415,76292315.0224555,123697570.581328,NA
1966,"other macrozooplankton",2111,1494042.99923855,7523942.09936375,14452911.3836434,18089391.9640446,22004094.136408,27656620.4104259,36976494.3457058,NA
1966,"antarctic krill",2111,805.404952631474,1460005.90206283,7299541.88856324,14071103.8260405,24525648.7547386,36490429.8037827,871373476.435984,NA
1966,"salps",2111,109318.40000665,523847.550094522,855431.374585208,1107200.23037359,1632489.97868794,2135073.43026918,3243537.64200382,NA
1966,"mesopelagic fishes",2111,1416.19324413501,482944.894638118,1419247.32509974,1922320.95969165,2815486.97022782,3742252.3868993,10286382.3034096,NA
1966,"bathypelagic fishes",2111,317535.456590019,1120390.84689881,1856053.91740068,2569720.32666631,3541953.68747312,4790439.16105839,14164927.1255921,NA
1966,"shelf and coastal fishes",2111,1866822.50964579,3148636.98621654,4318556.75838483,5046162.72355688,5668629.61973849,6403879.94405644,26347966.983149,NA
1966,"flying birds",2111,3929.29034484606,5423.91514445574,5937.63346822608,5998.66586690458,6070.483637605,6215.83796244836,6544.3470281465,NA
1966,"small divers",2111,9980.63396609449,22151.7717253781,34967.2858195389,37251.0884265529,39884.9925639351,42052.1137114456,46148.3096915261,NA
1966,"squids",2111,67849.8119908108,107788.035164794,128365.663004901,146268.084665287,171213.569381449,303318.96357318,442301.244794844,NA
1966,"toothfishes",2111,132.597333866181,263240.798653891,801287.094233573,1154803.86372247,1446026.06959324,1873290.95186781,5812335.05288652,NA
1966,"leopard seals",2111,9.30110278268523e-19,1881.06674268045,2889.49029411902,3431.0922399223,3855.54616819018,4890.05593103539,58175.592152848,NA
1966,"medium divers",2111,4.9947401527187e-07,177693.034217166,276504.727526192,395193.14657555,511531.372052385,781221.77479913,978364.547546936,NA
1966,"large divers",2111,3.5424671934044e-18,6756.94449590536,11136.0654745752,17375.40557757,26184.9209749228,83183.2845721799,1084901.29086166,NA
1966,"minke whales",2111,3.8006665570479e-51,7818.66545110471,14580.5072674253,24868.3948864136,39146.8774892684,9714489.42400404,106026325.160115,NA
1966,"orca",2111,6232.17018306948,7742.03587591663,8649.38876499243,9016.91614351845,9685.78008083631,14809.6972248821,190071.607762943,NA
1966,"sperm whales",2111,10914.4711712554,15316.5864574226,19581.5976561757,22476.4018202272,81919.3598241018,1912314.49192412,9529278.98171361,NA
1966,"baleen whales",2111,123524.541311093,182934.52404466,715763.309446932,722254.993914699,2588412.07941875,14697012.9089973,85894467.112834,NA
1967,"mesozooplankton",2111,0,6479299.97976122,10979059.1104118,16011307.5635424,19194811.1696525,23714137.2549687,28159611.2501066,NA
1967,"other krill",2111,1.2145561350265e-08,1200788.57131511,4779061.79668764,10666237.8121943,30216896.4325018,77241307.9264175,126376653.652782,NA
1967,"other macrozooplankton",2111,1396736.00044363,7097816.09302516,14135860.1898433,17717105.777492,21504208.1293028,26734611.3004599,36695539.994002,NA
1967,"antarctic krill",2111,725.02637314108,1405288.09888664,7052248.56705122,13871735.1807828,24494973.6779245,36603504.0107536,782841276.755091,NA
1967,"salps",2111,105404.486987408,509110.184163176,834203.896795293,1085054.14468641,1621393.34581067,2131137.74877113,3167141.85435545,NA
1967,"mesopelagic fishes",2111,1347.9113570189,475384.524877958,1401032.67339111,1899974.59645361,2802594.93606141,3729248.09062371,10284501.0547488,NA
1967,"bathypelagic fishes",2111,312573.861899128,1106899.93801313,1846392.22988168,2555308.93856789,3525174.22628735,4795266.81083018,14282610.4899578,NA
1967,"shelf and coastal fishes",2111,1878325.36422667,3161193.3117997,4324849.88086757,5055232.82106742,5675488.16768909,6410702.27340597,26384927.8974478,NA
1967,"flying birds",2111,3927.32035900145,5417.36853037322,5935.25483709667,5997.10491935817,6069.07895445237,6215.379640595,6543.59969906233,NA
1967,"small divers",2111,9915.09042870625,22094.4132876502,34885.3062249189,37197.9107348183,39876.9242732718,42043.0225687998,46139.2285580369,NA
1967,"squids",2111,68609.3352897896,108386.602538397,128894.11965727,146800.767279456,171787.614152389,303718.733804414,442612.344209019,NA
1967,"toothfishes",2111,129.19532665534,264396.844932169,801514.79703145,1155284.62482948,1446387.534241,1873537.64189195,5816163.19702307,NA
1967,"leopard seals",2111,6.24858861811592e-19,1881.20346176469,2891.76440157489,3430.42124620654,3856.12179053985,4896.84966112398,59162.0498849432,NA
1967,"medium divers",2111,4.04320297246694e-07,177561.622229828,276776.316924661,395307.979223832,511330.565092673,781167.691357745,977099.542432539,NA
1967,"large divers",2111,2.35610046771434e-18,6778.59824562383,11122.5690991546,17365.3915850239,26151.9214904879,82939.2837719266,1077730.45581863,NA
1967,"minke whales",2111,1.30653688884949e-51,7816.43139957342,14581.6850778216,24870.0050022851,39110.7771006966,9678842.66922233,105673112.375838,NA
1967,"orca",2111,6238.01406114418,7745.5424896255,8649.80969232327,9017.16537991636,9683.4434109159,14792.8079765369,189577.812502288,NA
1967,"sperm whales",2111,10895.2767777441,15316.9647100645,19577.1968004399,22467.2075653991,81801.3043878633,1908888.63626091,9512090.76774476,NA
1967,"baleen whales",2111,123590.499721412,182957.238784881,715100.357489177,721599.295269072,2585360.23423657,14678466.9442163,85784847.0445996,NA
1968,"mesozooplankton",2111,0,8995792.08736752,12720347.5976283,17422850.4848644,20405778.1535192,24914228.8894521,29660874.9707237,NA
1968,"other krill",2111,9.04295839753501e-09,1231860.87981355,5107625.50845132,11147318.0590995,30796591.954422,79920032.8638545,128937837.886212,NA
1968,"other macrozooplankton",2111,1375146.45256059,7280984.32759599,14609255.8479949,18301793.0422136,22277124.5945717,27971941.7743153,37072694.7560074,NA
1968,"antarctic krill",2111,669.339585294461,1394696.51041365,7081572.37748556,13907373.1420163,24510295.4163568,36742763.5227568,740790048.996992,NA
1968,"salps",2111,104666.442845973,517406.463817204,842785.163580707,1097609.24643152,1626570.70859017,2135583.19618086,3139824.54977956,NA
1968,"mesopelagic fishes",2111,1294.59781626999,476664.336018805,1398080.58070982,1894219.76987003,2784104.88922703,3710451.47968341,10168216.8891636,NA
1968,"bathypelagic fishes",2111,306107.257252074,1091432.41132174,1838109.26626497,2536244.99414479,3508349.84545231,4774592.56534687,14229796.5589481,NA
1968,"shelf and coastal fishes",2111,1880426.68744192,3160132.03834538,4325517.36395565,5058537.01095718,5674459.96351127,6411053.31414,26379208.5922631,NA
1968,"flying birds",2111,3929.28395440813,5423.51918391976,5938.05018991132,5999.08101610177,6070.77207104475,6215.53410148406,6543.09103580221,NA
1968,"small divers",2111,9890.26279327752,22115.3468441056,34907.2373756204,37228.9519356122,39886.2325099382,42035.8483078083,46128.2961987772,NA
1968,"squids",2111,68578.8731722553,108408.262820447,128932.257435587,146784.925765757,171665.855333841,303698.375325151,442821.675175927,NA
1968,"toothfishes",2111,126.632772492248,265757.438125085,802266.506723252,1155854.19109657,1446854.53233674,1873639.48405838,5819790.36579583,NA
1968,"leopard seals",2111,4.03583633155794e-19,1880.8502359306,2893.03438351654,3431.1176578457,3855.58666487232,4896.37053448633,60184.0715451906,NA
1968,"medium divers",2111,3.17506826767188e-07,177517.274020255,276841.285948349,395338.253283873,511142.782187459,781101.203613464,975846.751571221,NA
1968,"large divers",2111,1.50454968350725e-18,6787.65500325967,11118.5721921317,17373.8001754956,26073.1726848796,82698.1688791876,1070591.57948839,NA
1968,"minke whales",2111,3.99314198823034e-52,7815.67300423543,14589.3812359052,24870.1413874186,39036.8389612156,9643315.01578007,105321090.008407,NA
1968,"orca",2111,6244.83490010646,7749.45563967348,8651.1159799186,9017.59056196949,9682.09532767281,14777.4804285947,189086.256055619,NA
1968,"sperm whales",2111,10876.0080463141,15318.541941002,19573.7997623223,22459.1774929599,81683.9423066761,1905471.08702421,9494934.63228759,NA
1968,"baleen whales",2111,123671.823084739,182987.464490737,714438.215493049,720944.133154468,2582314.6496776,14659948.5241935,85675384.4930229,NA
1969,"mesozooplankton",2111,0,8006720.95465721,12207423.0216571,16942077.7784973,19915215.4244466,24205147.8665676,28854376.5181796,NA
1969,"other krill",2111,7.09906495437244e-09,1260883.53812082,5163211.56176486,11305180.1041371,30803724.7957546,78779756.7826759,127212487.223708,NA
1969,"other macrozooplankton",2111,1399327.12883075,7704048.88257054,15082565.4358153,18827346.6361681,22732491.0693613,28164918.5340754,37248970.9944741,NA
1969,"antarctic krill",2111,625.144528170655,1414637.51118253,7164264.40098942,14044777.053724,24673147.4729182,36881631.8536677,749810506.747092,NA
1969,"salps",2111,104510.007726206,524919.107054244,853338.051692576,1110611.27768025,1633378.73531909,2138062.31589638,3101189.1105598,NA
1969,"mesopelagic fishes",2111,1276.46199701562,483518.44392438,1416956.18053912,1908689.20931551,2781154.55725199,3705484.1965274,10002349.0463254,NA
1969,"bathypelagic fishes",2111,303706.8580253,1089974.22847982,1846217.55580968,2538958.07583427,3509140.31678095,4756956.17571463,14046445.5501574,NA
1969,"shelf and coastal fishes",2111,1883069.37473277,3166137.29182797,4326896.1868449,5059418.00442133,5673819.9112942,6411424.83125717,26335260.6842418,NA
1969,"flying birds",2111,3930.99701040866,5430.21095085632,5940.40724119984,6000.79705040455,6071.17399644178,6217.02575386223,6542.13320498442,NA
1969,"small divers",2111,9883.08374486787,22164.8707832842,34960.2138821219,37290.3014200894,39900.9655516211,42042.0696425285,46118.3583955858,NA
1969,"squids",2111,68257.4500964984,108426.843117363,128901.38883125,146684.183755497,171401.481915553,303541.293881294,442834.592093192,NA
1969,"toothfishes",2111,124.650358484744,267145.472062887,803283.370546562,1156442.59888987,1447362.10515481,1873730.59973904,5822647.21062126,NA
1969,"leopard seals",2111,2.59121598628713e-19,1880.50343578037,2893.60006863061,3431.2036944066,3855.60453903497,4896.15136037573,61244.1401163066,NA
1969,"medium divers",2111,2.48567442848034e-07,177689.452137985,276851.161486437,395394.548426507,510952.766324899,781030.675471443,974599.224832663,NA
1969,"large divers",2111,9.55071926305476e-19,6787.0415374399,11115.0510270113,17382.7337539698,25981.6881283549,82458.2398432505,1063489.68805065,NA
1969,"minke whales",2111,1.20344841024076e-52,7815.28537751844,14602.8929948748,24845.7901335843,38952.7942121218,9607905.09653668,104970233.347525,NA
1969,"orca",2111,6251.85809177224,7752.53904901472,8652.59138873845,9018.24587550851,9680.94061185863,14762.4540147688,188596.139128267,NA
1969,"sperm whales",2111,10856.7921008851,15320.9621071938,19570.3478942005,22451.3072097647,81566.8867819606,1902060.07549537,9477809.62225602,NA
1969,"baleen whales",2111,123756.955043243,183019.262752381,713776.910129292,720289.75828913,2579273.29011688,14641454.5335529,85566065.7290446,NA
1970,"mesozooplankton",2111,0,8507735.64418005,12496990.4010375,17090261.721824,20005610.8583227,24268880.189667,28823877.6354964,NA
1970,"other krill",2111,5.58543338567182e-09,1267874.14886659,5113667.16254183,11197551.5152517,30236961.6465059,76402547.8791126,124934039.629036,NA
1970,"other macrozooplankton",2111,1422693.70198211,7760637.70498779,14887210.3491819,18338642.5095949,22329932.4925761,27488903.8865581,36606480.5844917,NA
1970,"antarctic krill",2111,586.366029025603,1429700.13659228,7208438.97048258,14103881.0532217,24560693.4585742,36739104.7705716,797757739.981143,NA
1970,"salps",2111,105089.715952129,530606.98030264,859566.778934725,1114154.37010388,1632547.57708063,2135986.22677397,3079450.95055307,NA
1970,"mesopelagic fishes",2111,1267.23430508805,484193.281820255,1420784.0060813,1915976.97491323,2778866.62266925,3704333.27844997,9858552.14972853,NA
1970,"bathypelagic fishes",2111,304078.859831036,1092163.24685081,1844048.93607787,2539358.77128704,3498109.2903076,4737260.54577468,13802539.1457865,NA
1970,"shelf and coastal fishes",2111,1873974.34970956,3163112.72911885,4325853.95346317,5057301.45397713,5672339.93559966,6408668.40428812,26265525.7627993,NA
1970,"flying birds",2111,3931.66783916942,5434.13501039382,5941.4146556644,6001.66883856652,6071.48578917161,6217.24745009431,6541.12604385416,NA
1970,"small divers",2111,9871.70810503035,22214.5838940294,35016.8626525305,37348.5824922315,39912.1424860841,42048.2572299554,46106.0541792793,NA
1970,"squids",2111,67658.4987404311,108285.065256623,128750.449320805,146523.147232207,170959.915298877,303171.739246713,442526.590016712,NA
1970,"toothfishes",2111,122.664383649297,268392.890904216,804421.946433011,1156949.8198941,1447864.63668454,1873744.23344235,5824352.05898706,NA
1970,"leopard seals",2111,1.65455064981328e-19,1880.08497855062,2893.31405538608,3430.42789184066,3855.92162956333,4903.38507888357,62299.2968977883,NA
1970,"medium divers",2111,1.93971911411245e-07,177877.176325786,276905.32329136,395278.283722936,510743.83726892,780955.537296867,973353.529435038,NA
1970,"large divers",2111,6.02349480929962e-19,6782.7360674561,11112.166878428,17389.9674898735,25890.2989747458,81882.5341900201,1056423.95649778,NA
1970,"minke whales",2111,3.59083968907775e-53,7814.53423667114,14601.5731737538,24841.396905735,38852.4983427441,9572611.3479726,104620530.727723,NA
1970,"orca",2111,6259.09162052123,7755.80250003563,8654.22727004817,9019.04340200772,9680.03933274543,14747.6865528873,188107.415766582,NA
1970,"sperm whales",2111,10837.6155504979,15323.4939311576,19566.7136638961,22443.4674674759,81450.0816923655,1898655.28324667,9460715.57977936,NA
1970,"baleen whales",2111,123840.79618527,183050.048164542,713116.37056728,719636.173921672,2576235.36261923,14622983.6209639,85456884.5243262,NA
1971,"mesozooplankton",2111,0,8932678.21763526,12745947.279595,17392838.3665569,20386852.9842332,24765832.3885558,29408396.2876087,NA
1971,"other krill",2111,4.55634748472352e-09,1298579.546724,5259286.64449712,11421748.1250312,30393485.5394014,76241390.2903119,123902194.659339,NA
1971,"other macrozooplankton",2111,1462344.00529215,7853653.96477673,15016118.7310642,18672344.5636149,22708691.5167968,28220692.6984811,37380468.286304,NA
1971,"antarctic krill",2111,554.01848675755,1459653.53165535,7266826.17727663,14120049.6463873,24576894.5156973,36617611.8519397,860674701.5379,NA
1971,"salps",2111,106116.962595106,534810.921430251,864303.202033232,1115965.4577072,1634973.95048446,2137422.6308432,3084853.41876079,NA
1971,"mesopelagic fishes",2111,1264.51066266726,488544.141771289,1427870.63370043,1920353.37298218,2783468.24624451,3708628.7807739,9794570.75630474,NA
1971,"bathypelagic fishes",2111,307650.299305193,1098224.44798829,1848349.12553826,2542743.02051328,3494107.59313456,4733541.83182485,13599676.9965246,NA
1971,"shelf and coastal fishes",2111,1871471.34215262,3168436.25454676,4326419.91527463,5060691.40751713,5672787.20574697,6408957.18092729,26194137.0982036,NA
1971,"flying birds",2111,3931.59900588531,5435.63024263312,5941.46570167327,6001.48413802577,6071.39725295945,6216.94945256352,6540.19778700363,NA
1971,"small divers",2111,9857.91923245709,22248.8775244335,35051.0569417126,37376.0728988491,39910.6386000793,42043.2109488576,46095.47190691,NA
1971,"squids",2111,67366.4922907967,108436.330102908,128737.620060468,146516.045605049,170845.206040216,302963.558092594,442248.781619809,NA
1971,"toothfishes",2111,120.526693484443,269570.342396984,805326.861600717,1157443.58345179,1448553.07846209,1873839.83326117,5825083.17391254,NA
1971,"leopard seals",2111,1.07042999334744e-19,1879.71304987068,2891.99356183593,3428.1702318097,3856.70798374261,4907.41851445403,63388.0758652132,NA
1971,"medium divers",2111,1.53218140107731e-07,178007.260895203,277124.172723235,394766.41196759,510497.036243792,780885.129532702,972113.70529169,NA
1971,"large divers",2111,3.85248864485926e-19,6789.49598197101,11118.2986042977,17370.8829488666,25795.3456219424,81303.1570742946,1049397.67416244,NA
1971,"minke whales",2111,1.11616005607395e-53,7813.59532339927,14619.3008451041,24853.3979795619,38809.1037845554,9537434.02634167,104271974.172649,NA
1971,"orca",2111,6266.11229489164,7758.78635039193,8655.64812855664,9019.59034391917,9678.91781222521,14732.528141139,187619.717886906,NA
1971,"sperm whales",2111,10818.5263386562,15325.752363166,19562.9700462502,22435.3101454907,81333.3648346413,1895256.03667472,9443652.11916029,NA
1971,"baleen whales",2111,123921.296272859,183079.097455648,712456.71887009,718983.551471272,2573200.73123745,14604535.4303995,85347839.3564331,NA
1972,"mesozooplankton",2111,0,9750563.74111504,13387544.0165777,17898365.1898913,20900565.2368575,25226122.8826378,29914175.5948182,NA
1972,"other krill",2111,3.90371371815538e-09,1412236.71931713,5517911.82545537,11720656.2319429,30695617.9683147,76103519.9057938,123132422.311397,NA
1972,"other macrozooplankton",2111,1541462.04366962,8144055.40733265,15640788.9022585,19461817.21779,23529004.5683578,29175205.6452181,38223961.8395611,NA
1972,"antarctic krill",2111,530.82203617231,1521192.04941654,7441584.2502664,14344600.8973247,24675975.8331665,36737467.385276,927272993.744766,NA
1972,"salps",2111,108941.497026018,543656.814873709,876154.663237723,1126660.14797051,1645003.81866604,2142934.68629301,3138031.76691143,NA
1972,"mesopelagic fishes",2111,1285.01679830898,496969.875441165,1445108.42783919,1938524.70754971,2796499.57283257,3717393.61991773,9819922.43654731,NA
1972,"bathypelagic fishes",2111,313826.100388232,1110689.67746103,1861055.81817456,2554174.46978611,3501506.53766257,4740139.7914633,13494957.6469251,NA
1972,"shelf and coastal fishes",2111,1871295.54620796,3174741.19681082,4329352.45249971,5063024.53412081,5674062.89782563,6414331.04401176,26136202.5418184,NA
1972,"flying birds",2111,3931.9147036514,5437.91940419235,5941.90495995778,6001.91683617236,6071.55208950216,6217.27284717462,6539.81316135123,NA
1972,"small divers",2111,9852.10598252781,22291.6750201054,35085.6851232039,37389.999881964,39909.7760324479,42041.7029492733,46085.935952692,NA
1972,"squids",2111,67228.6322262628,108626.580062449,128801.990899939,146477.770087585,170745.413416816,302815.017718733,442011.354987427,NA
1972,"toothfishes",2111,118.461463897909,270813.358580295,806299.235892158,1157832.0933964,1449343.16842608,1873936.53111594,5825252.27289123,NA
1972,"leopard seals",2111,6.91604861979404e-20,1879.35297295741,2893.6326490691,3428.46352605248,3855.94961164387,4907.32950701126,64505.5622589173,NA
1972,"medium divers",2111,1.21076869022456e-07,178194.065282026,277237.350237359,394601.390090475,509715.196212441,780815.401832713,970881.380882276,NA
1972,"large divers",2111,2.4608984221805e-19,6786.41479957477,11124.39127407,17345.6118944011,25680.8848981033,80744.49786541,1042408.62729674,NA
1972,"minke whales",2111,3.45544034884084e-54,7805.01990055925,14622.3668554563,24848.410389233,38765.4777882109,9502372.86241538,103924567.616947,NA
1972,"orca",2111,6273.25685112803,7761.85076476279,8657.14146671164,9020.13737841245,9677.86395744228,14717.500267168,187133.354908683,NA
1972,"sperm whales",2111,10799.4686715789,15328.0416355221,19559.2578630492,22427.2315692196,81216.8773771492,1891863.04019962,9426619.53011589,NA
1972,"baleen whales",2111,124002.530457938,183106.526148523,711797.909250571,718331.773105231,2570170.00586849,14586110.8882653,85238934.7476298,NA
1973,"mesozooplankton",2111,0,9335572.66838449,13048836.0820081,17573991.6484036,20495710.7112953,24679442.2001713,29298265.4267063,NA
1973,"other krill",2111,3.20646420581063e-09,1442128.29291317,5485857.66994327,11544607.7883715,30213496.406928,73901815.0141041,120949576.897196,NA
1973,"other macrozooplankton",2111,1625548.49685767,8239127.28173997,15795405.9152939,19296450.1498273,23429046.9017757,28724032.9542557,37724187.3513258,NA
1973,"antarctic krill",2111,509.047577686241,1585172.95770235,7556938.86056843,14435002.5425621,24748025.6779467,36621236.5244989,970543685.025741,NA
1973,"salps",2111,112046.34557789,549860.769911845,884264.381165275,1131017.18274738,1653144.55298015,2143148.269718,3202394.79258767,NA
1973,"mesopelagic fishes",2111,1327.3138676362,505105.312169164,1460702.97403558,1962988.37371316,2816402.65202501,3726146.56947367,9920010.83138395,NA
1973,"bathypelagic fishes",2111,322065.415329755,1130084.30563632,1877466.27915413,2570001.2393881,3517640.59555962,4753780.39846804,13514134.3590326,NA
1973,"shelf and coastal fishes",2111,1870885.87499653,3178899.06844055,4334456.99484625,5067960.39583446,5676540.19932095,6416801.11400186,26104588.8801662,NA
1973,"flying birds",2111,3932.43989368205,5440.74222002363,5942.8204767763,6002.42394145406,6072.16882304748,6217.74053309013,6539.90653605991,NA
1973,"small divers",2111,9854.3287314517,22345.8866664642,35116.8846985051,37403.4238448553,39917.3570404298,42042.0686095921,46076.8777279879,NA
1973,"squids",2111,67158.5921856777,108808.953095658,128954.970359933,146500.617957448,170757.723263698,302672.92910275,441751.990286907,NA
1973,"toothfishes",2111,116.556396384533,272123.962264765,807368.700039759,1158875.50066337,1450145.00539562,1873976.67654173,5825377.73026619,NA
1973,"leopard seals",2111,4.44819029377705e-20,1878.98882512773,2891.89332105219,3428.14404547189,3854.91519407909,4906.1282436598,65645.2587935045,NA
1973,"medium divers",2111,9.54549854504685e-08,178389.316162643,277314.511353701,394324.378781391,508928.129226828,780746.036932957,969657.352676713,NA
1973,"large divers",2111,1.56466693328807e-19,6783.51526252092,11123.3089172088,17332.6690013839,25635.2194865818,80490.7351295028,1035456.23810595,NA
1973,"minke whales",2111,1.05465601180352e-54,7791.98655610788,14632.3811996215,24847.849363417,38541.5523963845,9467427.22602932,103578307.25739,NA
1973,"orca",2111,6280.60211741361,7765.07094832377,8658.76027865664,9020.68813949642,9676.93142265691,14702.7128297593,186648.384190004,NA
1973,"sperm whales",2111,10780.4353400799,15330.6778240897,19555.6108632083,22419.3193642516,81100.6443669175,1888476.42794145,9409617.82685653,NA
1973,"baleen whales",2111,124084.613143088,183128.634725208,711139.920360243,717680.810211793,2567143.20444897,14567710.0028126,85130170.4911467,NA
1974,"mesozooplankton",2111,0,8613710.93269925,12467711.5643193,17170844.7715389,20217474.0204163,24521051.1186591,29150361.0675373,NA
1974,"other krill",2111,2.41221131095116e-09,1391571.84240195,5202363.80639138,11062917.152375,29756274.7752749,73329925.782574,120236198.638031,NA
1974,"other macrozooplankton",2111,1653729.24172333,8092660.70827099,15252118.4519962,18654941.0553962,22768809.4107994,28084740.6825367,37485287.7977697,NA
1974,"antarctic krill",2111,478.83828585458,1610121.00013261,7506963.55060496,14339115.7141427,24644037.8814213,36432538.3893602,960513353.084157,NA
1974,"salps",2111,112746.383665289,545080.096099004,876559.437795914,1123108.30137598,1649751.18269269,2140245.27596039,3228274.87226769,NA
1974,"mesopelagic fishes",2111,1348.90576867237,509171.162762959,1465359.24882044,1970355.91302873,2836249.09549577,3744635.42542932,10063451.3975681,NA
1974,"bathypelagic fishes",2111,330295.610208476,1142766.08659321,1888678.75574741,2585650.82870255,3537709.45775462,4782997.47012471,13653791.9243374,NA
1974,"shelf and coastal fishes",2111,1879733.66470198,3189476.56894894,4345318.14385356,5077354.19212668,5685145.87740257,6424150.5989815,26107743.8253957,NA
1974,"flying birds",2111,3931.46340057609,5438.58863536425,5941.81662888322,6001.98969664362,6071.35104889664,6216.40819023382,6539.8981062293,NA
1974,"small divers",2111,9836.51398325903,22354.9668000962,35097.5181557412,37363.9258239335,39908.5033417043,42038.8457589224,46069.9432155403,NA
1974,"squids",2111,67712.7726357076,109399.734843142,129349.768568696,146877.747520589,171270.461975696,302934.726362828,441713.204733432,NA
1974,"toothfishes",2111,114.270472519898,273458.239440702,808383.783426629,1160054.86251566,1450910.52967662,1874183.02363889,5825943.50548786,NA
1974,"leopard seals",2111,2.92958661216151e-20,1878.67674609905,2893.34242579135,3428.70330824748,3856.13235915706,4904.42551661835,66809.1723415813,NA
1974,"medium divers",2111,7.66549814813732e-08,178488.952909964,277324.889522013,394334.390209537,508197.028360465,780687.089762226,968439.379481957,NA
1974,"large divers",2111,1.01940288028334e-19,6778.59320505698,11102.6063681556,17340.1882967913,25591.5632207642,80284.4179103764,1028544.90518811,NA
1974,"minke whales",2111,3.44082869004918e-55,7782.46424179354,14665.3827178635,24850.1297162153,38438.7126753293,9432596.46718435,103233173.785199,NA
1974,"orca",2111,6287.39636802925,7767.79250701414,8659.85860827881,9021.12521755279,9675.44094563068,14687.1000514638,186164.207834486,NA
1974,"sperm whales",2111,10761.4885203023,15333.5239528566,19551.7334618313,22410.8316160835,80984.3578950216,1885094.82796745,9392646.30760869,NA
1974,"baleen whales",2111,124158.601718443,183146.867003005,710482.830729111,717030.885862592,2564119.12611813,14549330.7936682,85021536.6419884,NA
1975,"mesozooplankton",2111,0,8877863.16582641,12671096.6812856,17366781.3414544,20491852.2070351,24945552.8182407,29623768.1518989,NA
1975,"other krill",2111,1.78121443537505e-09,1357888.04893514,5139445.87724662,11129913.8347411,30201338.3239348,75190017.3062914,122108747.776187,NA
1975,"other macrozooplankton",2111,1639922.51298699,7906040.98296608,15095583.1252162,18718865.7807551,22758629.4453607,28353056.7380625,37922671.3483295,NA
1975,"antarctic krill",2111,444.568655081372,1607971.3508016,7409489.28788179,14199915.6571875,24623508.4071449,36348821.3766196,913970369.805398,NA
1975,"salps",2111,112408.078805337,537744.768384029,866214.378468074,1114607.38212343,1645158.04525608,2138049.64056682,3238788.01560824,NA
1975,"mesopelagic fishes",2111,1337.04371330801,508434.14895763,1462807.01598318,1961860.82075446,2840929.7357677,3756059.08600511,10194615.9838026,NA
1975,"bathypelagic fishes",2111,334916.838870522,1146776.28197141,1889729.91412984,2587065.48004886,3549484.64576292,4811709.18548677,13848762.1849531,NA
1975,"shelf and coastal fishes",2111,1892956.69799716,3202455.14583075,4356240.7794248,5090536.0972338,5698800.4816151,6430484.40051901,26134998.3046243,NA
1975,"flying birds",2111,3930.13424985905,5434.20664211494,5940.22024226002,6000.46374932281,6071.16903484415,6215.273671172,6539.81119981157,NA
1975,"small divers",2111,9799.28911727519,22330.0353783319,35039.5045397325,37304.9287499185,39900.4119105686,42033.8169381957,46063.0495282528,NA
1975,"squids",2111,68672.9225776829,110004.266908551,129811.617100912,147392.047664518,171980.874411026,304037.214336294,441936.160406186,NA
1975,"toothfishes",2111,111.560288464374,276716.470882853,809403.486063325,1160906.14504069,1451523.4154454,1874517.02215236,5827137.49826552,NA
1975,"leopard seals",2111,1.95336238236548e-20,1878.37138210519,2894.98582068918,3428.88746723453,3856.0185023993,4903.1636362097,67984.9674046033,NA
1975,"medium divers",2111,6.20517821236871e-08,178515.344797451,277256.989363286,394260.835515138,506965.66089221,780633.449242931,967225.170028584,NA
1975,"large divers",2111,6.72135493036991e-20,6767.56401960267,11089.1436941596,17320.0754895895,25548.4648443342,80024.4989938985,1021672.72204967,NA
1975,"minke whales",2111,1.15826436225946e-55,7776.79814454674,14696.8354844243,24846.2583749581,38359.1994507065,9397880.29881173,102889168.737909,NA
1975,"orca",2111,6293.82976406366,7770.85112832099,8660.25284285707,9020.78088195834,9673.59638448464,14671.046837784,185681.094366013,NA
1975,"sperm whales",2111,10742.5721795998,15335.9857892175,19547.7039326856,22402.031413969,80868.1090024683,1881718.74134231,9375705.17063458,NA
1975,"baleen whales",2111,124227.330437902,183162.662662944,709826.592732979,716381.888922507,2561098.24330599,14530973.9417642,84913036.3567986,NA
1976,"mesozooplankton",2111,0,8175754.78088411,12168555.5586293,16921917.7699092,19919721.147679,24250954.0902984,28891879.3871057,NA
1976,"other krill",2111,1.2910789684032e-09,1324168.3084249,5051470.95719211,11072249.3810685,30148734.4415203,75791867.0463008,122908146.055376,NA
1976,"other macrozooplankton",2111,1624788.25632174,7801435.09612574,15054223.7688735,18639106.7050244,22636367.3907669,27928398.4857315,37237092.8081773,NA
1976,"antarctic krill",2111,410.261713862266,1598517.55351745,7350450.92093863,14166410.7750295,24602214.6173368,36451439.617103,858109879.319906,NA
1976,"salps",2111,111859.269503179,534594.108003181,862469.335302186,1113106.85674901,1641897.37468258,2138830.06268147,3242449.56954415,NA
1976,"mesopelagic fishes",2111,1326.52046815023,510730.52616536,1466498.62430852,1966997.16044746,2841877.08718802,3752014.93978003,10266202.7375633,NA
1976,"bathypelagic fishes",2111,336370.276755239,1148020.93877067,1895720.4019469,2588827.75874155,3556432.46724945,4815525.76274264,14012121.547966,NA
1976,"shelf and coastal fishes",2111,1899018.62937011,3212763.39472283,4366568.33111824,5100474.33568065,5705532.00890853,6432232.0966868,26166036.3478732,NA
1976,"flying birds",2111,3931.45236447617,5437.51304731003,5942.3458323116,6002.11406111861,6071.65029055617,6216.32844032874,6539.97260324919,NA
1976,"small divers",2111,9788.19023211154,22353.317679704,35037.2234613671,37300.6803645094,39908.2041738457,42044.1059279711,46055.7079718351,NA
1976,"squids",2111,69278.9942164557,110394.554886042,130141.541524604,147657.39712444,172282.414286068,304318.99104699,442234.341777329,NA
1976,"toothfishes",2111,109.302731019697,278088.388999966,810762.268056194,1162244.06544614,1451627.36408685,1874977.07014962,5828877.42741066,NA
1976,"leopard seals",2111,1.27158323845487e-20,1878.08154696312,2895.53240137347,3429.75680588774,3856.31441323371,4902.41951258474,69205.5745556179,NA
1976,"medium divers",2111,4.93017739823856e-08,178563.658213025,277006.12869752,394138.709142157,505913.954204009,780574.514533211,966022.825833072,NA
1976,"large divers",2111,4.32448382258271e-20,6769.03545084423,11081.5931831934,17316.9918173583,25489.628416711,79823.3966722813,1014833.93050546,NA
1976,"minke whales",2111,3.61678282447441e-56,7774.76572274918,14701.2410536147,24838.7233871867,38184.7995934787,9363279.51143146,102546313.338426,NA
1976,"orca",2111,6300.84197673578,7773.7218851334,8661.44435784417,9021.15486233919,9672.26620965772,14655.9492176166,185199.883281075,NA
1976,"sperm whales",2111,10723.6132245536,15339.1936900587,19543.9609463333,22394.0186891486,80752.3626976351,1878350.16950529,9358795.31633641,NA
1976,"baleen whales",2111,124305.923869499,183183.419360994,709171.185519648,715733.536031887,2558082.84736722,14512643.1349352,84804686.2991498,NA
1977,"mesozooplankton",2111,0,8064805.65776984,12129484.4175888,16923048.8610835,20035216.6196774,24493123.8249337,29104589.8812391,NA
1977,"other krill",2111,9.13037225962988e-10,1251248.8301934,4912924.36509917,10858471.6338005,30187249.8389156,76664949.8194078,124858503.719692,NA
1977,"other macrozooplankton",2111,1547619.46410572,7480576.72502816,14587235.6902123,18132762.3902339,22045533.5412432,27405385.1772661,37062214.585025,NA
1977,"antarctic krill",2111,372.128291287791,1553784.76828337,7168629.07458335,14027153.6053896,24538442.3554473,36425995.8324381,799433275.506778,NA
1977,"salps",2111,109200.645315784,522925.799569223,847085.311722122,1097757.00158286,1632397.77280131,2135763.12361221,3195603.3688613,NA
1977,"mesopelagic fishes",2111,1276.62912918441,499174.123288729,1441691.37793002,1936231.12561614,2828555.12598678,3752483.98403749,10264509.8088835,NA
1977,"bathypelagic fishes",2111,333597.863607126,1135317.58167367,1874589.8709169,2577944.04173577,3541524.56403348,4821336.53171679,14108694.5166692,NA
1977,"shelf and coastal fishes",2111,1908858.60876164,3219094.66111348,4372394.8676903,5107130.21616806,5712430.5498472,6436172.86379546,26192413.1196987,NA
1977,"flying birds",2111,3928.97185948655,5429.83930136214,5938.96469105523,5999.39550078563,6070.10793941149,6215.01724361329,6539.07880261624,NA
1977,"small divers",2111,9720.86474481305,22292.473333244,34944.1348394942,37230.3881231815,39896.7409097269,42038.493135225,46046.8438111153,NA
1977,"squids",2111,70188.3660123807,110908.208339509,130497.339647126,148129.446841744,172847.743092079,304721.785474615,442545.964963721,NA
1977,"toothfishes",2111,106.285561142949,278848.11677107,810912.051667352,1162841.99136703,1452599.53353417,1875373.66608897,5830784.63613263,NA
1977,"leopard seals",2111,8.53288633054802e-21,1877.71744311369,2895.56983281299,3430.32707639905,3856.67836420969,4900.89881372507,70383.2234495765,NA
1977,"medium divers",2111,3.99518321030744e-08,178818.512208838,277104.493964463,394081.144873566,505116.23575767,780521.48824108,964812.381251353,NA
1977,"large divers",2111,2.86425752518928e-20,6785.79679864152,11065.8525375036,17317.0707975997,25438.387869349,79619.0831491938,1008035.96251313,NA
1977,"minke whales",2111,1.23618973606033e-56,7762.13826266838,14717.4540141316,24847.9690157587,38169.6852467611,9328791.23414508,102204561.786162,NA
1977,"orca",2111,6306.95361141242,7775.73980898413,8661.46579457885,9020.48206333383,9670.11041677426,14639.6650283349,184719.285977954,NA
1977,"sperm whales",2111,10704.7324018646,15341.2861778965,19539.9160331778,22384.9441402541,80636.3711146388,1874985.80400215,9341915.12049338,NA
1977,"baleen whales",2111,124368.436956128,183196.292549323,708516.402887615,715086.218641802,2555068.85274052,14494331.8858944,84696456.3558959,NA
1978,"mesozooplankton",2111,0,7969003.58677851,12022435.6607131,16732468.6029707,19667897.5140943,24019341.4592154,28496824.9493115,NA
1978,"other krill",2111,6.73795166977327e-10,1246230.80561623,4991372.823292,10958735.4023364,30224012.767977,77916221.1245604,126443200.241398,NA
1978,"other macrozooplankton",2111,1449146.65472223,7249568.94803638,14237124.1198157,17698094.1177395,21579957.274542,26827505.5477116,36104676.867923,NA
1978,"antarctic krill",2111,338.113525267014,1511338.46824546,7027616.00901436,13840850.4642283,24367160.5304431,36379093.6860102,769232132.559221,NA
1978,"salps",2111,106822.548520649,514260.914899851,836280.741916208,1085167.16765535,1619332.33320147,2123318.85368545,3151926.41050338,NA
1978,"mesopelagic fishes",2111,1198.62349069111,482740.09165625,1400709.89892395,1892586.42540501,2787165.20781517,3723394.56260303,10182033.2773433,NA
1978,"bathypelagic fishes",2111,323851.276769528,1107382.42575916,1831998.55264217,2537649.2022292,3497064.21473731,4783426.14348494,14078426.8496365,NA
1978,"shelf and coastal fishes",2111,1903381.83574974,3206769.43314128,4363820.51968757,5097865.5432351,5705311.32374443,6427696.20871946,26190228.6657533,NA
1978,"flying birds",2111,3927.73450775877,5424.0678353689,5936.95738198227,5997.83509791621,6069.186772166,6214.17157040153,6538.23929670322,NA
1978,"small divers",2111,9641.73445063725,22239.8070171294,34874.0811278208,37187.1021777781,39869.7553069019,42024.1853364399,46032.5893931954,NA
1978,"squids",2111,70402.4570599814,110566.190513022,130358.048203748,147982.411653954,172846.389104826,303997.15326456,442690.577123232,NA
1978,"toothfishes",2111,103.262531008034,279443.892465467,811428.459508249,1163576.34714804,1452945.84317427,1875523.81903842,5832417.54667288,NA
1978,"leopard seals",2111,5.60917775236507e-21,1877.2101243682,2895.72828861228,3430.24492871411,3854.95882647119,4900.1776263449,71521.5594007036,NA
1978,"medium divers",2111,3.17672439370416e-08,179046.041773932,277266.527649048,393820.52173701,504358.743745353,780458.92901932,963601.076351034,NA
1978,"large divers",2111,1.8541030606855e-20,6802.87649097683,11053.0537813182,17313.9195512649,25336.4065829475,79417.3429241438,1001269.84388619,NA
1978,"minke whales",2111,3.97717280910232e-57,7736.86646953452,14752.2048719974,24818.2453293279,38072.1957288983,9294416.12544455,101863940.328863,NA
1978,"orca",2111,6313.46232057639,7778.20716191757,8662.13341475293,9020.86092237154,9668.35833199611,14624.1396016581,184240.515780419,NA
1978,"sperm whales",2111,10685.786548007,15343.7339367922,19536.2749460849,22376.2567775492,80520.7272057413,1871628.21422007,9325065.82801543,NA
1978,"baleen whales",2111,124432.649013821,183210.190206172,707860.969265052,714439.549258836,2552059.18808127,14476044.6925024,84588366.6154092,NA
1979,"mesozooplankton",2111,0,7189700.58054623,11502032.1821207,16385371.1791921,19444259.8007268,23880386.8102222,28372321.4338523,NA
1979,"other krill",2111,5.07328780912595e-10,1199277.37426306,4970187.8455409,11034936.0902202,30351864.2559249,78854435.4586906,128114729.370991,NA
1979,"other macrozooplankton",2111,1346581.32906814,6967648.23843258,13904700.5428567,17366399.0690081,21097871.2528076,26401836.4788914,35856990.8846526,NA
1979,"antarctic krill",2111,307.563293637315,1461844.79482789,6886290.57466757,13688749.0867334,24272573.0071071,36402093.3115429,763275515.787264,NA
1979,"salps",2111,103534.940229568,505193.61608685,823832.163165456,1074550.53254883,1604647.91937764,2111806.5632949,3089696.3822166,NA
1979,"mesopelagic fishes",2111,1111.62424443529,466287.511488502,1359796.75887616,1850885.33444798,2740370.30574227,3697938.1518619,10062456.8828233,NA
1979,"bathypelagic fishes",2111,311813.399948981,1072710.39907082,1787983.41262676,2504409.3181043,3452012.08176918,4741088.22963121,13953268.6587241,NA
1979,"shelf and coastal fishes",2111,1898649.73034359,3189739.08693831,4349460.03087288,5084602.16663828,5693085.44242138,6415996.61026636,26160875.2379341,NA
1979,"flying birds",2111,3925.99171433379,5415.56510195722,5934.33346462512,5996.22299359237,6067.94843918047,6213.8928494142,6536.85917583654,NA
1979,"small divers",2111,9547.21215252255,22164.6357796802,34785.7999907218,37128.2236428606,39847.1269886256,42008.532655447,46018.0944275468,NA
1979,"squids",2111,70478.0017127906,109876.355597999,129910.553103363,147736.343155113,172643.565185676,303839.486714024,442795.242449167,NA
1979,"toothfishes",2111,100.290435308721,279698.460713978,812108.460200517,1164027.67221593,1452882.01572582,1875619.65071611,5833389.40433006,NA
1979,"leopard seals",2111,3.72462491664479e-21,1876.6997308957,2895.86968582327,3430.42743931323,3852.6254140825,4900.66935887375,72670.0673482469,NA
1979,"medium divers",2111,2.54157546133764e-08,179369.321558309,277517.853226851,393432.342133384,503615.884411136,780394.775735001,962385.942285575,NA
1979,"large divers",2111,1.21251020416831e-20,6820.46257926617,11034.6398815161,17309.6815731064,25284.5215587133,79118.5165544549,994541.180251984,NA
1979,"minke whales",2111,1.31920818378424e-57,7709.48701953152,14778.1708444574,24812.9851110459,37980.8298692251,9260154.64806714,101524435.827607,NA
1979,"orca",2111,6319.59685766554,7780.37547488791,8662.40484173092,9020.332219587,9666.31292830823,14608.2329243215,183762.85314595,NA
1979,"sperm whales",2111,10666.8869698354,15345.7402074853,19532.4930557707,22367.1305654064,80405.0964318724,1868276.00283948,9308246.64799253,NA
1979,"baleen whales",2111,124493.483033811,183222.801502188,707206.398576035,713793.764012921,2549053.04958271,14457780.3654665,84480411.7682428,NA
1980,"mesozooplankton",2111,0,9439446.71320832,13102401.5452124,17888785.853713,20977344.0047324,25582801.1790085,30418030.774045,NA
1980,"other krill",2111,4.41968590479592e-10,1335178.12632136,5526235.77966666,11934709.2999094,31757365.840027,81578174.8677153,130350605.492713,NA
1980,"other macrozooplankton",2111,1357027.68947673,7499125.44528145,14942335.9296196,18981248.3657294,22845492.1654034,28875292.7109829,38172445.5372622,NA
1980,"antarctic krill",2111,290.659756926108,1476583.09904278,7065939.18720231,14031085.3302777,24616500.5140115,36916748.2309092,809001566.612939,NA
1980,"salps",2111,103766.653693024,517726.324680279,838606.896060748,1096579.64194021,1615148.85957286,2122934.08943961,3099820.12997707,NA
1980,"mesopelagic fishes",2111,1060.80849533969,464597.459464431,1360331.50883561,1852067.50735192,2725930.38499485,3680137.35570549,9955671.47891839,NA
1980,"bathypelagic fishes",2111,303604.020144781,1056376.82677219,1780680.37201797,2484753.91270867,3432966.20549928,4706659.62205121,13777662.7665121,NA
1980,"shelf and coastal fishes",2111,1897136.90007098,3176811.55164895,4335896.58396309,5071582.47325543,5681486.58730388,6407343.70429754,26109563.2353737,NA
1980,"flying birds",2111,3926.90866620067,5417.9901500691,5935.60439923641,5997.09332768483,6068.30829361832,6213.47560872201,6535.8731691476,NA
1980,"small divers",2111,9490.47338704573,22140.6940706465,34773.4401417711,37138.1723066809,39849.9133313176,42001.6123625816,46006.7289077713,NA
1980,"squids",2111,70328.903321794,109163.211929138,129296.280613596,147277.019472644,172160.887826733,303627.891549929,443011.29193514,NA
1980,"toothfishes",2111,98.0732546548511,280428.295376711,813485.098401453,1164132.40051905,1452616.98940758,1875545.09899624,5833604.94215627,NA
1980,"leopard seals",2111,2.44712122594362e-21,1876.32851383909,2895.80694985756,3430.66946699812,3854.58966811535,4901.38771966174,73911.6955906403,NA
1980,"medium divers",2111,2.02043462363082e-08,179660.94824312,277739.778922965,393391.164957162,502995.482488636,780327.090744863,961182.211868829,NA
1980,"large divers",2111,7.86239044668026e-21,6818.60332374077,11029.2553978565,17303.3034716671,25159.2921402545,78788.6660121107,987847.980570551,NA
1980,"minke whales",2111,4.23604964439098e-58,7693.23655211239,14778.1477354233,24814.0453515514,37917.9787089596,9226008.8030732,101186068.37999,NA
1980,"orca",2111,6325.93141115376,7782.81549039596,8663.44950464151,9020.12445171714,9664.52173209205,14592.7801395714,183286.811087811,NA
1980,"sperm whales",2111,10648.0043160583,15348.1590018655,19528.8596772063,22358.3985450979,80289.8618498089,1864930.62268505,9291458.23312561,NA
1980,"baleen whales",2111,124564.68516476,183241.107304481,706552.751443044,713148.723003861,2546052.63347815,14439542.5123153,84372607.5183789,NA
1981,"mesozooplankton",2111,0,7114832.58258335,11698982.4148383,16605709.0097588,19541887.5594772,23833729.7859396,28299529.2226787,NA
1981,"other krill",2111,3.57651689324366e-10,1267054.51903361,5263629.45904438,11429751.2922809,30944228.653587,79689648.2918306,128842678.897021,NA
1981,"other macrozooplankton",2111,1336039.8010795,7643144.66424679,14968225.9343783,18576881.0683291,22474363.461829,27540586.0512155,37078279.5422236,NA
1981,"antarctic krill",2111,271.134375397358,1469136.53882966,7094181.13296823,14114764.3615933,24761591.8653169,37065527.5250369,864347364.12558,NA
1981,"salps",2111,102916.576287845,519292.496707988,841243.272863048,1098069.61757256,1621520.99237396,2126196.48981502,3100642.0991677,NA
1981,"mesopelagic fishes",2111,1026.64016860676,460241.181378936,1364719.61291936,1857919.69804117,2729485.46605205,3687251.52954839,9909912.06772514,NA
1981,"bathypelagic fishes",2111,298536.881722061,1048680.42765047,1782466.37659323,2482894.60837027,3430842.01888329,4697610.72428479,13628100.4406329,NA
1981,"shelf and coastal fishes",2111,1895829.53141906,3164326.25059962,4321378.87836371,5055327.52815822,5669262.98394533,6399804.28626355,26056075.5055202,NA
1981,"flying birds",2111,3925.75977764476,5412.5854848962,5933.78081090377,5995.53364026293,6067.45630577267,6213.12111504009,6534.97729337666,NA
1981,"small divers",2111,9415.23467830924,22096.1877602394,34744.4396107275,37135.4874697217,39845.1356288812,42002.1227402358,45994.4770655829,NA
1981,"squids",2111,70133.3951272956,108389.94688438,128592.674310023,146806.924270335,171625.309917462,303340.457226036,443105.198479128,NA
1981,"toothfishes",2111,95.8624568402735,280784.022707695,813918.238862189,1163907.09978534,1452091.91040704,1875177.98376104,5833075.62844096,NA
1981,"leopard seals",2111,1.6178853441192e-21,1875.73612120663,2897.18655425774,3431.55967970681,3855.38945260106,4901.72720017336,75132.2711759015,NA
1981,"medium divers",2111,1.61272357593275e-08,179977.831405411,277773.639322457,393426.143969196,502645.79941703,779845.59428648,959978.299122583,NA
1981,"large divers",2111,5.13138991389495e-21,6805.04531592587,11031.7808501019,17299.4877831226,25082.0237916346,78308.7228399976,981191.678280645,NA
1981,"minke whales",2111,1.39039205905156e-58,7673.88903480745,14791.6025772154,24794.9878456552,37803.832547966,9191975.22416297,100848808.212764,NA
1981,"orca",2111,6331.98890359169,7785.05252230166,8664.74352280028,9019.65752606726,9662.55446137978,14577.0604411308,182811.923432973,NA
1981,"sperm whales",2111,10629.1587957119,15350.2215454746,19525.1246949087,22349.3097633485,80174.7316301753,1861590.64893104,9274699.91061272,NA
1981,"baleen whales",2111,124630.307778011,183256.627878116,705899.895817871,712504.535298068,2543055.1411072,14421326.7058982,84264934.5991821,NA
1982,"mesozooplankton",2111,0,7837769.832297,12067335.103377,16878606.703193,20026790.8582137,24509034.9933076,29151235.9222021,NA
1982,"other krill",2111,2.76383629329069e-10,1203638.64529098,5063754.59707632,11142395.9977144,30474514.0416823,78923929.15653,129096715.862872,NA
1982,"other macrozooplankton",2111,1305127.7465336,7476148.8767877,14423362.5284647,17848551.5853667,21778489.5879977,27152894.4006014,36830357.1036526,NA
1982,"antarctic krill",2111,251.831815593715,1433868.06262454,7018729.7129366,14084046.2282957,24711782.3236531,37073986.1921613,902771418.28771,NA
1982,"salps",2111,101569.33421647,517473.455539931,839448.604947853,1099113.07538153,1621555.45444538,2132016.12580854,3116944.36408297,NA
1982,"mesopelagic fishes",2111,991.665876412815,456373.452575194,1367643.25217635,1863078.27140274,2744778.68196503,3706584.66920628,9938518.691708,NA
1982,"bathypelagic fishes",2111,295979.805637549,1046068.93743135,1791353.19471236,2489155.41725049,3445727.56086555,4709358.1567421,13559810.8409652,NA
1982,"shelf and coastal fishes",2111,1894722.39595716,3162838.46476681,4310419.49992011,5045896.65418797,5664663.43954418,6397747.15892547,26014749.0313606,NA
1982,"flying birds",2111,3924.96298567244,5408.02186688269,5932.71555929905,5994.65790072011,6066.91245646358,6212.74945797259,6534.39758632701,NA
1982,"small divers",2111,9344.19401835863,22047.7993806645,34727.6165983443,37129.4313588442,39840.3359698078,41996.3310920721,45983.5124556817,NA
1982,"squids",2111,69830.8545305229,107826.226937122,128214.087132584,146455.778156008,171390.184859034,303197.262425301,443319.218082327,NA
1982,"toothfishes",2111,93.7510350890724,280949.23860526,814014.415471187,1164059.56237627,1451601.06313567,1876577.87296913,5832150.56989821,NA
1982,"leopard seals",2111,1.07651763255579e-21,1875.35782342803,2898.08072798027,3431.08756965003,3855.70111667845,4900.30854560988,76401.2731443387,NA
1982,"medium divers",2111,1.29491911810126e-08,180253.113744526,277497.502879831,393479.703589723,502314.842576814,779787.228614482,958783.905244201,NA
1982,"large divers",2111,3.37694984830747e-21,6810.94611705219,11040.8039750205,17301.2702972125,25057.3311203807,77538.8202619427,974573.64549085,NA
1982,"minke whales",2111,4.64849849751204e-59,7659.2695416645,14815.3003338721,24792.8845968089,37643.0328448628,9158055.09604258,100512660.114674,NA
1982,"orca",2111,6337.79429756447,7787.11212867152,8665.55556955177,9019.30218605693,9660.44956923806,14561.1209704069,182338.221558189,NA
1982,"sperm whales",2111,10610.3663275687,15352.1598476216,19521.3618184891,22340.1300651265,80059.793896084,1858256.47541204,9257971.80897187,NA
1982,"baleen whales",2111,124696.539239274,183272.776929143,705247.930588688,711861.215368721,2540061.70917781,14403134.5996374,84157400.5375934,NA
1983,"mesozooplankton",2111,0,8354629.09080944,12514660.8297417,17317948.7897048,20501720.6873293,25079482.1502871,29779813.8178107,NA
1983,"other krill",2111,2.24015721086318e-10,1213598.79676512,5217765.12426461,11443131.8154756,31134392.3375918,80641795.0907987,130386489.295431,NA
1983,"other macrozooplankton",2111,1288858.60963601,7454107.14139423,14748336.3679434,18710569.4120318,22591322.8493423,28483653.6573711,38195256.2051757,NA
1983,"antarctic krill",2111,234.217602866607,1413985.15388629,7036175.22105184,14151792.5340269,24889367.7404424,37292643.7127601,915657358.565311,NA
1983,"salps",2111,100649.529602833,519303.201206481,843703.028303802,1104407.98286457,1632850.34482805,2141073.92296275,3154753.1429111,NA
1983,"mesopelagic fishes",2111,958.255289961476,454115.420350493,1374814.46900627,1873325.0827255,2766991.75438443,3728334.12770272,10019265.5601856,NA
1983,"bathypelagic fishes",2111,294398.873377484,1047389.10032159,1810183.01341275,2506402.0879468,3470784.4985783,4732620.21667405,13586916.3294919,NA
1983,"shelf and coastal fishes",2111,1901977.00629783,3163746.41061416,4305980.00516352,5039934.51816748,5662131.4615096,6401278.67053282,25993421.5463298,NA
1983,"flying birds",2111,3924.21044015455,5403.7795801123,5931.43884777583,5994.16024894508,6066.46255062912,6212.4248881302,6534.06826350633,NA
1983,"small divers",2111,9273.69427420276,21994.2322616781,34707.7659623785,37106.5050186443,39832.2884613038,41989.4797314697,45974.2849152451,NA
1983,"squids",2111,69404.3491033216,107676.819839279,127894.899762526,146416.852697765,171471.013891244,303271.829286114,443733.29604108,NA
1983,"toothfishes",2111,91.6783234338318,281199.848749081,814093.524288427,1164320.92401226,1450842.56139631,1876708.33046688,5831269.30298664,NA
1983,"leopard seals",2111,7.21255348409784e-22,1875.05568451062,2899.22551188814,3432.13068338502,3854.44871399338,4901.50895912302,77713.2171431631,NA
1983,"medium divers",2111,1.04553050089279e-08,180462.454726739,277282.212495973,393498.089898841,502005.172920622,779747.918576324,957598.251765737,NA
1983,"large divers",2111,2.24083104937156e-21,6825.0846477333,11052.2264359939,17303.6833567461,25011.8322667421,76776.9942716836,967993.905159631,NA
1983,"minke whales",2111,1.58365010312879e-59,7651.83201568992,14842.9754018462,24794.0540033562,37508.414208803,9124247.85606271,100177619.235153,NA
1983,"orca",2111,6343.32178596644,7788.96902446018,8666.18153553306,9019.25245950747,9658.19403647068,14544.9393581209,181865.693122957,NA
1983,"sperm whales",2111,10591.6186301957,15353.9792189786,19517.5688172125,22330.8729524057,79945.0423377764,1854928.08713332,9241273.85956125,NA
1983,"baleen whales",2111,124762.680346195,183289.085705586,704596.84261049,711218.76350468,2537072.15857493,14384965.8703981,84050004.1425943,NA
1984,"mesozooplankton",2111,0,8823055.74430361,12946353.2102839,17713545.9352348,20750552.6075292,25178381.5173769,29909632.749822,NA
1984,"other krill",2111,1.87968003514556e-10,1268777.54187429,5406792.99589481,11602193.594501,31436773.6054001,80702082.9775991,129707089.233232,NA
1984,"other macrozooplankton",2111,1327426.02378104,7906673.95871432,15516372.9688912,19401992.9834104,23487050.3146482,28997121.4646354,38541903.3369029,NA
1984,"antarctic krill",2111,220.971972486812,1429370.18175082,7210371.49748169,14343839.178629,25079735.6735299,37679036.2506559,919830089.37986,NA
1984,"salps",2111,101552.729331611,536778.920618524,860163.098158147,1122052.9386685,1648501.08064235,2154877.48941068,3220087.53661355,NA
1984,"mesopelagic fishes",2111,953.786955083585,465468.204322515,1406372.08253293,1906558.16856725,2796129.15694675,3752533.06136288,10114162.3857461,NA
1984,"bathypelagic fishes",2111,295122.017483489,1070147.18132607,1845594.22222596,2539871.89989561,3505753.63353456,4759758.62628215,13676898.5863841,NA
1984,"shelf and coastal fishes",2111,1913449.638091,3178728.12552048,4304845.32103205,5039706.66665346,5665689.84216294,6409123.81918873,25988684.2212448,NA
1984,"flying birds",2111,3925.60108334074,5410.50093230954,5934.18988497228,5995.74155878168,6067.02801651296,6212.66326573684,6534.29438732955,NA
1984,"small divers",2111,9235.89741305005,21996.5225307089,34752.1838313595,37141.6171861174,39853.596374437,41999.6946142685,45966.7180965142,NA
1984,"squids",2111,69509.5122094671,107852.307680586,127899.024111347,146522.768068916,171444.161149577,303328.292573967,444229.722634076,NA
1984,"toothfishes",2111,90.0798099644225,281813.478038248,814420.240907904,1164757.36358273,1451485.61170859,1876984.34434431,5830745.81625126,NA
1984,"leopard seals",2111,4.73712456230715e-22,1874.81780384875,2900.0847940234,3433.04789309186,3854.84864341768,4901.5359014113,79090.6553578629,NA
1984,"medium divers",2111,8.32344459018663e-09,180774.397387883,277432.15594276,393428.089964354,501695.208328065,779707.054569212,956431.946807819,NA
1984,"large divers",2111,1.45948052247513e-21,6830.84637055139,11063.6936000732,17301.8411460771,24964.5208580914,76022.7026262634,961448.104635881,NA
1984,"minke whales",2111,5.08040160332798e-60,7646.19029551654,14868.5722927419,24777.4520000107,37331.6744141147,9090553.68174129,99843699.8456639,NA
1984,"orca",2111,6349.29618349568,7791.32322677215,8667.63180508778,9019.27931343851,9656.45850011979,14529.552295882,181394.981356513,NA
1984,"sperm whales",2111,10572.8587552471,15356.5648652115,19514.0566551718,22322.4102085136,79830.8432611787,1851606.97406377,9224606.73708941,NA
1984,"baleen whales",2111,124839.014783075,183310.455081157,703944.145851827,710576.98437119,2534088.00097318,14366822.9347744,83942756.4711339,NA
1985,"mesozooplankton",2111,0,7392071.80338772,11894434.3128525,16809262.6035568,19838160.9523624,24201365.5073822,28656180.8971013,NA
1985,"other krill",2111,1.43285581673499e-10,1184553.98601534,5073256.22992154,11026391.6802434,30372185.5849615,78124721.6836584,127985750.641684,NA
1985,"other macrozooplankton",2111,1295062.88352846,7702931.91067469,14893522.8652206,18252280.3627638,22271638.1489524,27378720.0583276,37127372.161488,NA
1985,"antarctic krill",2111,203.669021290831,1398645.73261656,7113776.3781419,14251003.4325487,24993033.1406919,37412005.3318269,893434538.252161,NA
1985,"salps",2111,100229.721557961,527573.321631368,854355.341817021,1109878.93650234,1645641.34742155,2155097.25267414,3225283.93634358,NA
1985,"mesopelagic fishes",2111,933.722708326295,459074.955132845,1405533.43006506,1913172.52019332,2808971.40531151,3771825.80619238,10198038.1556886,NA
1985,"bathypelagic fishes",2111,294490.010920105,1073789.98632492,1853275.53510574,2555710.92638183,3535687.2594321,4794745.5642943,13809326.8072067,NA
1985,"shelf and coastal fishes",2111,1915598.8116832,3182600.24500718,4302883.37904911,5041695.6898481,5669831.82244466,6417500.63349563,26001833.890961,NA
1985,"flying birds",2111,3923.25332516122,5399.60530886036,5930.57497273214,5993.33977216634,6065.78882269354,6212.22147067529,6534.00079018272,NA
1985,"small divers",2111,9151.85938191345,21933.0386285746,34709.7020579404,37113.4654631,39843.3089447838,41993.2364185604,45956.6320390002,NA
1985,"squids",2111,69164.0733780947,108069.769325404,127991.042214835,146967.009647899,171808.606915489,303473.35595464,444582.852669454,NA
1985,"toothfishes",2111,88.0548402971195,282161.841795885,814268.660121887,1164314.26782883,1451489.94787061,1877327.98834691,5830589.17647657,NA
1985,"leopard seals",2111,3.17503580055189e-22,1874.16479366446,2901.43153715924,3434.28500825742,3854.4697595431,4904.86308169152,80402.0513318754,NA
1985,"medium divers",2111,6.71056575338377e-09,180968.729528559,277461.085936923,393372.748980127,501465.691183065,779669.063252589,955261.828636718,NA
1985,"large divers",2111,9.68602474821232e-22,6841.70829582948,11069.1839248734,17304.5784681151,24919.5899732372,75275.9710400403,954940.956668385,NA
1985,"minke whales",2111,1.73583107051964e-60,7637.70386589245,14869.2777195404,24775.106508255,37289.4894119514,9056969.01944626,99510858.4450914,NA
1985,"orca",2111,6354.6415892423,7793.68782025162,8667.7659188133,9019.57868773462,9654.23138658864,14513.3729302,180925.045969246,NA
1985,"sperm whales",2111,10554.1650089616,15358.3952127077,19510.3013192572,22313.22240601,79716.5527771924,1848290.46336475,9207969.10456576,NA
1985,"baleen whales",2111,124901.619650304,183324.662750619,703290.137998163,709936.149712196,2531105.32538897,14348699.5478539,83835629.5784576,NA
1986,"mesozooplankton",2111,0,8734972.97950325,12732034.3317023,17513595.6168817,20588405.209586,25097932.077248,29749468.5649396,NA
1986,"other krill",2111,1.14043076911362e-10,1212640.94188614,5208587.0230903,11238514.5439993,30712577.2924607,79078019.0310619,128667084.668581,NA
1986,"other macrozooplankton",2111,1263568.22165037,7543771.56109328,14609916.2063388,18226479.6033342,22256908.285462,27843494.4779539,37453879.4155478,NA
1986,"antarctic krill",2111,189.159146961676,1372279.33713298,7074887.21817825,14153845.838825,24843149.3307032,37253902.1686245,867581801.948769,NA
1986,"salps",2111,99500.8160809369,525002.865127092,850789.835694894,1106893.55659519,1638919.22391286,2147702.52268866,3233369.86792164,NA
1986,"mesopelagic fishes",2111,895.163291558889,451914.466571154,1387680.44434486,1900437.79525155,2802319.12827843,3770540.89773069,10246975.8021444,NA
1986,"bathypelagic fishes",2111,290724.697667386,1066759.1013329,1840965.84568501,2556655.48524524,3546506.19123605,4809185.25660213,13933143.1519358,NA
1986,"shelf and coastal fishes",2111,1911259.22532326,3181223.65894317,4300278.39195369,5043981.17376775,5672898.73526291,6423812.01889777,26020982.7768133,NA
1986,"flying birds",2111,3921.72621376686,5391.6374205855,5928.56153171442,5992.43098932853,6064.89010154732,6212.24597735962,6533.70032487139,NA
1986,"small divers",2111,9064.42635218944,21867.522176201,34664.8023981445,37075.3429781479,39826.7027324035,41985.4115506957,45945.1558802774,NA
1986,"squids",2111,68940.7011860469,108233.85199139,128027.918604957,147088.73350968,172141.237132021,303632.272862908,445003.976059039,NA
1986,"toothfishes",2111,85.9836001113526,282441.355222931,813957.645452478,1163682.3794672,1451329.83470994,1877793.83627497,5830839.53782836,NA
1986,"leopard seals",2111,2.12614892703145e-22,1873.73442007539,2903.11393926925,3432.8629354758,3854.03978128004,4904.46969391016,81726.302663976,NA
1986,"medium divers",2111,5.39989289737035e-09,180974.288113416,277418.453779827,393569.457285161,501237.567289458,779631.627376524,954098.74969527,NA
1986,"large divers",2111,6.42178357332258e-22,6843.38296318998,11062.9433607968,17308.5518060148,24789.3578183083,74792.2527476938,948469.591464885,NA
1986,"minke whales",2111,5.90757644860927e-61,7629.82559468357,14869.7461109323,24766.5649906798,37269.4666761849,9023495.49560895,99179113.3300211,NA
1986,"orca",2111,6359.9247576999,7795.91164275028,8667.44925931367,9019.50102787631,9652.05420979642,14497.2627529804,180456.462698274,NA
1986,"sperm whales",2111,10535.4865672705,15360.2942806852,19505.7913539971,22304.1354852725,79602.4788482865,1844980.00529501,9191361.60056137,NA
1986,"baleen whales",2111,124964.16029258,183338.97228243,702636.992285116,709296.119223465,2528126.56673002,14330599.3834658,83728639.7188612,NA
1987,"mesozooplankton",2111,0,6704539.19294784,11360581.7656312,16413846.7279751,19498717.8681974,23989930.6379851,28380777.6618639,NA
1987,"other krill",2111,8.72671008398206e-11,1118738.23544905,5040145.66546091,10999441.2082342,30592784.2605682,79659625.578783,129415063.219962,NA
1987,"other macrozooplankton",2111,1185258.79369929,7169110.08500144,14228039.7924976,17796483.3195232,21593156.6944265,26895397.4651707,36798443.6125338,NA
1987,"antarctic krill",2111,172.542159609083,1325029.94891881,6913720.48656807,14037643.2957615,24778946.3527821,37199263.6516268,834852418.885037,NA
1987,"salps",2111,96885.2723463036,514588.786394233,835504.069391279,1088307.75102602,1627482.60924857,2146394.32797925,3194365.45335426,NA
1987,"mesopelagic fishes",2111,840.35052669832,438439.022093714,1362479.43043475,1878999.99791927,2785754.7428639,3766620.78082511,10258194.4065134,NA
1987,"bathypelagic fishes",2111,283411.831868046,1053371.69898284,1821106.73649391,2539737.04437307,3537391.44086618,4812634.81385563,14023093.7873905,NA
1987,"shelf and coastal fishes",2111,1903436.65706342,3171071.22745278,4296848.07272469,5044201.4547803,5675804.5532145,6430266.39928847,26039990.3886557,NA
1987,"flying birds",2111,3919.11300374161,5383.99408209758,5924.99947910345,5989.73948909438,6063.20329350329,6211.20621784883,6533.00774656434,NA
1987,"small divers",2111,8953.46723903222,21768.6163492623,34573.4483381101,36994.0330325612,39808.9588427368,41964.2934390414,45932.7350655556,NA
1987,"squids",2111,68528.1578940808,108300.034282933,128121.668312505,147271.146719545,172545.899891716,303853.704209929,445466.513303651,NA
1987,"toothfishes",2111,83.7485688803857,282489.689716465,814466.21368903,1163671.37021724,1450689.49825837,1877955.26003946,5831393.23998208,NA
1987,"leopard seals",2111,1.44131819998226e-22,1873.0159271696,2906.90093143891,3433.08918485726,3853.68351034714,4904.15138744158,83036.8708261976,NA
1987,"medium divers",2111,4.37597917959417e-09,181122.796064234,277390.156391107,393784.303489355,501040.257737427,779594.959460641,952933.3613659,NA
1987,"large divers",2111,4.30655285935028e-22,6847.93724278288,11058.2932876598,17304.3652562008,24745.6994930773,74454.1899301353,942035.552672821,NA
1987,"minke whales",2111,2.08259404414412e-61,7624.74442905523,14864.9063644267,24746.2118909433,37217.073674872,8990132.07429349,98848450.9313412,NA
1987,"orca",2111,6364.77743367342,7797.75898803817,8667.6048796881,9017.80293837085,9649.71982023841,14480.7037564027,179988.889654586,NA
1987,"sperm whales",2111,10516.8471118333,15361.754277323,19500.6138870048,22294.6224974776,79488.3913751487,1841674.76190016,9174783.73068536,NA
1987,"baleen whales",2111,125020.649810438,183350.296386,701984.141997575,708656.97393301,2525150.69238031,14312520.8382479,83621780.1184156,NA
1988,"mesozooplankton",2111,0,8048313.84389167,12219848.3655067,16929396.4985071,19822456.15312,24232943.8198561,28771348.2720292,NA
1988,"other krill",2111,6.84330998241374e-11,1136299.83358877,5204470.94497917,11287944.0436281,30796585.4251523,80545481.8540221,130281966.789326,NA
1988,"other macrozooplankton",2111,1133899.67781063,7082436.95352076,14064911.9747922,17515570.5861464,21408824.0071147,26714274.8808151,35945563.4449851,NA
1988,"antarctic krill",2111,159.611750667631,1300997.06226855,6901733.79547988,13963582.1439353,24594378.1218919,37112551.4931299,825414652.470179,NA
1988,"salps",2111,96195.4771462358,514899.456418807,835831.258470375,1092483.03740531,1619361.88121229,2132415.16318968,3202508.80032576,NA
1988,"mesopelagic fishes",2111,785.34857583712,427377.161334977,1340580.45421182,1855218.7955351,2745613.34621788,3726740.69169723,10226776.1410494,NA
1988,"bathypelagic fishes",2111,272018.117834765,1033954.41748202,1787755.93521542,2511350.64777387,3505292.08376276,4775027.49408962,14031269.4037763,NA
1988,"shelf and coastal fishes",2111,1878426.67156126,3151936.24313726,4284597.37977151,5033920.30208301,5667591.2595377,6428699.79583539,26042554.0200654,NA
1988,"flying birds",2111,3920.36569105512,5385.77021402438,5926.96825664585,5990.98889003652,6064.34399023921,6211.31753041697,6532.99825098384,NA
1988,"small divers",2111,8873.52166717183,21748.088767574,34582.133818964,37013.3498042129,39810.2176639376,41973.2894442032,45917.1448251545,NA
1988,"squids",2111,68490.0381566921,107866.134619099,127817.529773468,146604.636266557,171988.430263013,303571.014205239,445689.923864827,NA
1988,"toothfishes",2111,81.892528350404,282752.610055498,814771.498572517,1163456.09875743,1450252.91078066,1877494.17162114,5832024.31041048,NA
1988,"leopard seals",2111,9.34933067480528e-23,1871.77253298518,2907.69941961386,3432.89588447389,3851.85850499745,4903.41191971543,84374.7944434995,NA
1988,"medium divers",2111,3.42764608114359e-09,181223.81184686,277300.810567446,393500.440525098,500742.17070265,779548.089710743,951782.550293186,NA
1988,"large divers",2111,2.7608896294332e-22,6856.19243623432,11061.9355760282,17300.4721702561,24698.0589391237,74119.895687488,935628.974278255,NA
1988,"minke whales",2111,6.44832695101623e-62,7623.46230504569,14880.5396886209,24716.8375532066,37193.9425401883,8956880.06284021,98518904.933383,NA
1988,"orca",2111,6370.71456147248,7800.78468357488,8668.69987476872,9017.54064851684,9648.38068910291,14465.8670691495,179523.720767845,NA
1988,"sperm whales",2111,10498.1179566162,15364.2924559556,19496.5448608861,22286.4301279633,79375.0362857636,1838377.71006705,9158236.93648617,NA
1988,"baleen whales",2111,125092.604847598,183369.64864948,701333.559571877,708018.321490306,2522181.28979329,14294469.6381754,83515074.4165397,NA
1989,"mesozooplankton",2111,0,8588351.68804045,12646857.624571,17346865.123515,20294866.8591471,24736711.8690353,29312234.5362088,NA
1989,"other krill",2111,5.73137341504387e-11,1252909.37698529,5538145.090394,11781327.3227367,31294437.0862067,80789855.7433868,129624202.63258,NA
1989,"other macrozooplankton",2111,1136693.53880747,7372770.39617863,14580022.2494628,18420358.1961442,22230157.6264635,27904600.5019347,36972194.5816414,NA
1989,"antarctic krill",2111,150.907326740753,1314628.99517805,7031646.15254849,14019880.4214663,24747094.2002541,37207870.9012943,838852555.986634,NA
1989,"salps",2111,96998.0669680161,524882.047018052,845448.130068229,1104357.92597828,1624498.35433415,2131942.5690632,3225053.31937012,NA
1989,"mesopelagic fishes",2111,746.68926508062,424462.764697277,1338032.10329318,1851170.58249168,2727421.1031061,3706891.59187248,10189408.2897606,NA
1989,"bathypelagic fishes",2111,263045.810785607,1022319.03674876,1777819.13723931,2488388.45090395,3467626.74173452,4743282.01119674,13996046.0196513,NA
1989,"shelf and coastal fishes",2111,1858449.90348684,3139208.84477578,4271243.67194966,5022253.19227841,5658037.40808321,6422373.29520648,26039064.9964092,NA
1989,"flying birds",2111,3921.17509866103,5388.14506029861,5928.55531350567,5992.00022451635,6064.039135656,6210.39331994393,6532.70795784486,NA
1989,"small divers",2111,8807.19532450423,21749.0925837975,34613.3624377845,37067.9454137882,39817.1080107755,41985.3435680948,45902.3447128743,NA
1989,"squids",2111,68403.6410451863,106916.868066975,127451.179305265,146131.925367234,171284.88793107,303130.893832666,445606.706599016,NA
1989,"toothfishes",2111,80.3073499639047,282849.71996644,814754.607767903,1163818.02600996,1450423.41484985,1876950.0385783,5832612.50893988,NA
1989,"leopard seals",2111,6.0564678483364e-23,1870.89676751628,2906.47992741849,3432.69800489039,3849.89399352547,4902.62371106851,85763.9292928013,NA
1989,"medium divers",2111,2.68579721582286e-09,181252.549685395,277206.037182611,393458.401805893,500439.197839634,779498.303061452,950634.826573145,NA
1989,"large divers",2111,1.76854766415132e-22,6860.01619407674,11068.4028109472,17304.3996631466,24666.4250322961,73787.548468814,929256.986315188,NA
1989,"minke whales",2111,1.99709828446739e-62,7622.84517590144,14869.6591571672,24656.7559221491,37172.528498726,8923738.69586277,98190449.611806,NA
1989,"orca",2111,6376.73204847195,7803.919255276,8669.852815858,9017.77450100581,9647.10971833788,14451.1735069159,179059.833420174,NA
1989,"sperm whales",2111,10479.4588506834,15366.7010348665,19492.6324726139,22278.2681089476,79261.9007565389,1835086.69546631,9141720.01191648,NA
1989,"baleen whales",2111,125167.666600346,183390.484346831,700684.03168315,707380.473607693,2519216.01397862,14276442.2999036,83408508.5512922,NA
1990,"mesozooplankton",2111,0,9834659.73974928,13555386.5382918,18273452.173892,21363994.3973178,25857649.3763156,30686205.6831938,NA
1990,"other krill",2111,5.14070788057345e-11,1434729.3149458,5893597.46942647,12347356.5198275,31894494.0373606,80225960.7253971,128494482.245445,NA
1990,"other macrozooplankton",2111,1231387.31544324,8138133.10182206,15799102.8735395,19887433.3545527,23915311.9434121,29863599.1527092,39245534.9813801,NA
1990,"antarctic krill",2111,147.203094804248,1377109.79923805,7369912.70698257,14347754.153445,25125264.7933442,37557284.0958345,886345678.709165,NA
1990,"salps",2111,100304.724170632,549100.99547809,870355.558757466,1130700.72997128,1646395.99456622,2147950.6600975,3269004.1042058,NA
1990,"mesopelagic fishes",2111,745.582023003891,436287.955268436,1375283.54371668,1887515.01210913,2754730.25909239,3719433.04184154,10183590.15104,NA
1990,"bathypelagic fishes",2111,263100.24665145,1039400.15196373,1811296.47024139,2505309.7146526,3472743.15371189,4741562.40979661,13962821.0912527,NA
1990,"shelf and coastal fishes",2111,1865370.84205525,3139994.68063884,4272173.99046321,5019511.34989176,5657660.06139232,6422023.98567023,26041037.3592154,NA
1990,"flying birds",2111,3922.20918914838,5392.18700409333,5930.50590756322,5992.99647053711,6064.68630724486,6210.47584407524,6532.38821657818,NA
1990,"small divers",2111,8772.44750475474,21775.2224063298,34689.6541121851,37127.7607873139,39833.313917984,42003.3993691971,45892.9952994069,NA
1990,"squids",2111,68643.7828451748,106821.753843848,127283.480368634,146001.689453438,170996.840514916,303002.659041686,445624.543064231,NA
1990,"toothfishes",2111,79.1562512722437,282680.387204064,814761.527085557,1163220.31160094,1451390.69107656,1876599.56247293,5833302.56541327,NA
1990,"leopard seals",2111,3.97048817516098e-23,1870.210484039,2905.46102502091,3432.80162893343,3847.86697712385,4906.49740707708,87276.4677990604,NA
1990,"medium divers",2111,2.13185538605449e-09,181132.830076348,277486.121451552,393318.140216006,500163.912090668,779444.754869793,949499.686729108,NA
1990,"large divers",2111,1.14957973793757e-22,6871.54817345984,11060.0381312159,17297.5597481157,24624.5219155686,73458.2842867369,922923.035294737,NA
1990,"minke whales",2111,6.4132739185385e-63,7623.22798030117,14886.984444134,24634.7201202603,37160.0315715468,8890708.72143734,97863082.5908097,NA
1990,"orca",2111,6382.54730722561,7806.85853264062,8670.87679044183,9018.27457765967,9645.79511014316,14436.1773898217,178596.9323623,NA
1990,"sperm whales",2111,10460.9111328521,15368.8940004142,19488.922866928,22269.9815182434,79148.949274253,1831801.42113636,9125232.76424957,NA
1990,"baleen whales",2111,125246.381881487,183413.104100755,700035.621688569,706743.549386219,2516254.92612505,14258438.9524072,83302083.756811,NA
1991,"mesozooplankton",2111,0,7548271.10183014,11980957.4326402,16881466.5370873,19790284.7386283,24044446.2852249,28478574.3120933,NA
1991,"other krill",2111,3.96598845683531e-11,1347135.87221922,5410137.59876655,11497043.3270858,30319644.2078185,76599458.5172321,125438678.755463,NA
1991,"other macrozooplankton",2111,1264028.02133904,8093038.78588556,15418532.7452137,18846337.0777436,22945390.2986567,27986886.0404227,37551406.6943402,NA
1991,"antarctic krill",2111,139.655950784325,1392594.00897975,7401059.74453299,14396619.6117643,25070222.6330565,37429536.1780991,923321067.502623,NA
1991,"salps",2111,101586.305135407,548094.053596849,872191.68015356,1125523.5486702,1650314.93983721,2153113.85766799,3275532.7869951,NA
1991,"mesopelagic fishes",2111,749.761688452928,441126.601025778,1400497.40922463,1914245.12210899,2786658.92184061,3749855.26990656,10224425.4991381,NA
1991,"bathypelagic fishes",2111,267058.833136174,1065758.11498154,1842283.36406135,2538122.03211119,3502613.10480679,4764165.04937374,13963534.1706255,NA
1991,"shelf and coastal fishes",2111,1873901.0982485,3148760.04825894,4274198.85985932,5021312.09910104,5661203.25158405,6426112.03625508,26056685.363328,NA
1991,"flying birds",2111,3921.40527557148,5390.62813055697,5929.62511696841,5992.38164401754,6064.36612400475,6209.96016678967,6532.25078290917,NA
1991,"small divers",2111,8723.64256776072,21779.9077657299,34730.7032511846,37157.6879116871,39837.037958234,42001.2714751604,45882.7762195862,NA
1991,"squids",2111,68817.7063859556,106948.473859106,127397.555033522,145999.314421654,171055.53350252,302999.82582279,445600.137672695,NA
1991,"toothfishes",2111,77.8370790673116,282410.604362973,814622.671498755,1162645.73422554,1451626.74916722,1876337.96128658,5834197.17009032,NA
1991,"leopard seals",2111,2.62086037207662e-23,1869.51616021521,2906.28860470899,3433.06379270336,3846.690059486,4906.53351861049,88771.9078396017,NA
1991,"medium divers",2111,1.70164443537278e-09,181168.731584859,277686.241459363,393053.164817896,499906.414342646,779391.576298153,948369.90663571,NA
1991,"large divers",2111,7.51905275179047e-23,6880.78976724157,11067.2640382679,17298.5425544482,24559.6184575087,73130.5029753048,916624.937250996,NA
1991,"minke whales",2111,2.10635304463463e-63,7622.15425161762,14919.6093379045,24643.0913596762,37113.9718114057,8857787.01716539,97536784.9479106,NA
1991,"orca",2111,6388.22257041942,7809.66271074,8671.70616878019,9018.71791344513,9644.45252485867,14420.9814217371,178135.094763449,NA
1991,"sperm whales",2111,10442.4085894208,15370.6984106336,19485.039819388,22261.4826207287,79036.136396973,1828521.59762828,9108775.1145078,NA
1991,"baleen whales",2111,125319.121631808,183432.413624442,699387.480745862,706107.127159296,2513296.47600182,14240456.9644282,83195788.0306461,NA
1992,"mesozooplankton",2111,0,8965661.10128779,12748366.9499324,17437501.9922652,20420546.0672043,24772602.1534231,29348716.676279,NA
1992,"other krill",2111,2.9406324696422e-11,1366752.34949726,5290414.94101184,11200985.4579705,30123927.2629167,75842344.2211047,124553683.594371,NA
1992,"other macrozooplankton",2111,1269541.2404224,7860551.50992144,14782877.1381185,18134186.1912017,22230823.7553455,27595577.3551107,36852316.2348962,NA
1992,"antarctic krill",2111,131.638111517226,1404461.36450123,7358848.88440075,14237243.8500608,24874317.6724155,37110675.5777971,941420625.396155,NA
1992,"salps",2111,102902.630596117,546070.498931665,872873.329737074,1123949.60068928,1646194.29753283,2145690.49953923,3304615.62502852,NA
1992,"mesopelagic fishes",2111,738.893599693635,443546.041531968,1402063.54414751,1920727.1004689,2801883.25703835,3759073.13996448,10298746.8997823,NA
1992,"bathypelagic fishes",2111,269358.04621862,1074607.76973507,1850054.20081515,2552420.45760184,3523943.96046446,4789156.36382696,14008134.4747524,NA
1992,"shelf and coastal fishes",2111,1875919.53663048,3152677.54575369,4276655.44606556,5025645.66126803,5661854.19102265,6431906.78308628,26087255.5834239,NA
1992,"flying birds",2111,3921.40700325476,5390.97545312638,5929.87271608287,5992.72576467555,6064.45422410266,6209.89697680702,6532.56351061841,NA
1992,"small divers",2111,8679.33895297425,21796.7337206727,34773.5757812608,37173.2104401213,39842.2446473199,41995.7454735251,45870.5670594223,NA
1992,"squids",2111,69131.6131899388,107181.633674105,127476.568992274,145954.741446508,170950.684257607,303024.16624835,445507.210516937,NA
1992,"toothfishes",2111,76.3748156231776,282236.787005466,814748.013398933,1165171.82129756,1451958.46348121,1876154.74503666,5835508.87596817,NA
1992,"leopard seals",2111,1.71093452360012e-23,1868.75730913655,2908.2814388079,3433.15619087313,3845.18071728261,4906.38700554439,90282.9848536353,NA
1992,"medium divers",2111,1.34759458258057e-09,181375.255113431,277978.261712554,393061.837719027,499624.734994713,779339.334038443,947249.771566937,NA
1992,"large divers",2111,4.86009221852307e-23,6885.25260705702,11070.1924518584,17300.5235250449,24501.9902490969,72805.1860157532,910359.720061341,NA
1992,"minke whales",2111,6.69578788340941e-64,7621.24466200676,14936.7756758161,24652.519266293,36990.1251824152,8824973.87832704,97211565.916803,NA
1992,"orca",2111,6394.24015284764,7812.8173971762,8672.81047545443,9019.25178580549,9643.25658754398,14406.2837583222,177674.768364175,NA
1992,"sperm whales",2111,10423.9101960411,15373.0320694057,19481.485344977,22253.4101486227,78923.6753691036,1825248.2901584,9092347.51047874,NA
1992,"baleen whales",2111,125394.50618848,183452.837743136,698741.567476606,705471.268892329,2510342.12215131,14222498.4324146,83089631.1094267,NA
1993,"mesozooplankton",2111,0,9921470.71483818,13410571.0883744,17917940.2023082,20858396.9337789,25137394.5163282,29753046.8219127,NA
1993,"other krill",2111,2.37035638817794e-11,1531559.65581348,5736941.54492766,11857779.3506371,30730033.5727675,75970905.2818184,122658906.10188,NA
1993,"other macrozooplankton",2111,1351995.48473393,8150254.15237801,15474229.1486475,19360627.2965165,23303335.9576653,29057887.8113686,37740182.3666965,NA
1993,"antarctic krill",2111,127.125255540953,1460474.65729424,7560782.9472958,14418971.0743002,24969265.8744919,36954957.5596511,953118524.450318,NA
1993,"salps",2111,107181.111752868,565355.02586567,888881.619140567,1138512.71798187,1659856.56163958,2153021.80599194,3378585.26440183,NA
1993,"mesopelagic fishes",2111,746.67977613418,454396.689734565,1428468.60226753,1939837.1481003,2809952.70181975,3750528.71683769,10383756.8561349,NA
1993,"bathypelagic fishes",2111,271988.258794605,1092351.77037757,1864779.33602294,2565981.06098085,3534942.06842846,4780288.43288236,14087562.8271449,NA
1993,"shelf and coastal fishes",2111,1877340.4119004,3152711.23523094,4279759.94509744,5027202.79267698,5661770.47105729,6432422.66093151,26130654.6761324,NA
1993,"flying birds",2111,3924.33524969073,5404.1094115134,5934.83332570912,5994.86036442568,6066.17248873876,6211.33657417727,6533.47306766832,NA
1993,"small divers",2111,8682.77052535825,21898.3525129602,34892.6517597437,37248.3610658442,39860.0615460069,42010.2029174424,45858.2371721843,NA
1993,"squids",2111,69508.7938187099,107366.200705173,127560.585111132,145719.357358424,170417.830443393,302812.728927052,445155.864016127,NA
1993,"toothfishes",2111,75.3711558380808,282539.446224475,815059.999038461,1166284.01788416,1452010.01712443,1876030.68949146,5837489.89557585,NA
1993,"leopard seals",2111,1.07861576097719e-23,1867.89366281252,2908.72798456222,3432.5322674372,3843.11406079006,4906.09520088726,91890.0731632075,NA
1993,"medium divers",2111,1.04187989202466e-09,181464.739827178,277987.489373233,392916.126657925,499218.435657299,779284.524669257,946142.386327632,NA
1993,"large divers",2111,3.03272827975138e-23,6892.34080985025,11060.3582524998,17302.3231418092,24446.1009828364,72483.5061167936,904123.86932723,NA
1993,"minke whales",2111,1.92231096248827e-64,7623.16343903525,14931.8209518338,24621.2743249976,36880.3657546144,8792270.04013663,96887442.5919,NA
1993,"orca",2111,6401.28244426988,7816.98499280154,8674.71463725228,9020.05277207543,9642.62903094714,14392.998336412,177216.460749273,NA
1993,"sperm whales",2111,10405.3929952784,15377.1069149664,19478.8478708584,22246.4988128921,78811.8452349125,1821982.93680619,9075950.45548002,NA
1993,"baleen whales",2111,125485.90199692,183480.557776661,698100.38126266,704836.554140711,2507393.61299433,14204566.2677369,82983627.9004086,NA
1994,"mesozooplankton",2111,0,10553582.4658579,13935853.7689976,18410916.9235684,21464727.8622106,25781409.6757685,30507167.2179962,NA
1994,"other krill",2111,1.93883529986881e-11,1676024.75826455,5953166.07154703,12208821.6072693,30747111.6071656,74258843.537872,120933925.47435,NA
1994,"other macrozooplankton",2111,1501969.32983206,8576343.3015821,16371725.7949177,20255989.729885,24451572.8106168,30111643.0774691,39163145.631694,NA
1994,"antarctic krill",2111,124.674248740235,1539830.63729599,7847039.89074714,14749937.2184917,25161314.9701354,36901372.8509592,954999557.253758,NA
1994,"salps",2111,112583.532256511,585663.887395763,906490.863314324,1156918.84331074,1674833.49892404,2158093.68614069,3428545.30332337,NA
1994,"mesopelagic fishes",2111,781.188852239222,465992.923046144,1466664.59736536,1979640.05185654,2844618.59582561,3768688.48133522,10473782.047897,NA
1994,"bathypelagic fishes",2111,280369.208570478,1119895.56904118,1898164.93668493,2598062.74652607,3563301.44938419,4836070.99194043,14216536.6844857,NA
1994,"shelf and coastal fishes",2111,1896578.58631157,3172109.76522289,4295473.49428731,5043051.24590754,5669829.03509671,6438932.13218096,26195951.0086979,NA
1994,"flying birds",2111,3925.11122323367,5411.16430983873,5936.07429753741,5995.83406475386,6066.8752930169,6211.45084691233,6533.9906445247,NA
1994,"small divers",2111,8688.51466121864,21978.8222236502,34967.8217574409,37293.7163018058,39884.9316162133,42031.0525150796,45851.2711493458,NA
1994,"squids",2111,69488.437338357,107885.645341263,127991.475180331,146042.605511387,170658.752924729,302979.493558896,444884.165821715,NA
1994,"toothfishes",2111,74.4861596323723,283060.361394299,815377.793423915,1167047.06969154,1452902.97851439,1880508.95611345,5840391.76583265,NA
1994,"leopard seals",2111,6.97421375863585e-24,1867.21971098676,2910.18916592169,3433.10747145455,3842.79085419729,4906.11295674674,93565.5520368937,NA
1994,"medium divers",2111,8.23142847294514e-10,181683.836532627,277563.169440275,392906.436480687,498488.351659126,779235.021506572,945043.794424538,NA
1994,"large divers",2111,1.9425702475892e-23,6898.22665155875,11068.7613558691,17299.538348066,24391.7516817806,72163.4407658334,897926.301778406,NA
1994,"minke whales",2111,5.95417738996824e-65,7623.75928278555,14917.7074955871,24616.9447551161,36802.4911300795,8759674.19853046,96564377.0394432,NA
1994,"orca",2111,6407.89759643454,7820.64448492845,8676.1544366068,9020.53761401081,9641.8625341943,14378.9396895251,176758.759648905,NA
1994,"sperm whales",2111,10387.0175061618,15379.5842801749,19475.7555740031,22239.0689918295,78700.0064188517,1818722.48381447,9059582.47738048,NA
1994,"baleen whales",2111,125571.271491922,183505.033292901,697459.259472327,704202.875443726,2504447.73628019,14186655.394798,82877753.2126803,NA
1995,"mesozooplankton",2111,0,9213825.42860651,13029911.8838957,17709964.432837,20751637.1755669,25033732.6298755,29683098.1276581,NA
1995,"other krill",2111,1.43054512412696e-11,1633907.24482476,5556932.46369388,11589181.8323292,30078020.3918099,72631734.8313047,119332083.866599,NA
1995,"other macrozooplankton",2111,1590534.92936706,8544573.16514945,16137772.4024119,19575726.5701613,23887774.9505325,29224304.0198889,38832987.4936974,NA
1995,"antarctic krill",2111,119.315190085152,1575564.54678228,7886819.36500036,14734198.7806097,25205236.5317079,36799425.5822081,937286627.928848,NA
1995,"salps",2111,115278.001501065,582891.845717163,899465.882885526,1149997.31353592,1676607.86859196,2162439.63441716,3415600.7076909,NA
1995,"mesopelagic fishes",2111,810.639790855476,470226.400614336,1491517.33986647,2000942.2664988,2880661.17783974,3802246.95873004,10554725.7484602,NA
1995,"bathypelagic fishes",2111,291833.187691035,1146975.38090369,1927167.66799949,2636652.57628358,3603963.24713362,4872100.32877361,14372017.9289482,NA
1995,"shelf and coastal fishes",2111,1921632.81591661,3198386.98179616,4321217.46650328,5066424.91469534,5688982.45263914,6450750.82088227,26278379.2895899,NA
1995,"flying birds",2111,3923.59660688817,5405.40996397426,5934.43877602685,5994.74926327974,6065.67924637606,6210.60787459359,6534.1304708914,NA
1995,"small divers",2111,8666.21075864535,21993.3444399522,34960.1736031633,37276.5462589048,39871.491673564,42029.7172114,45846.6117088836,NA
1995,"squids",2111,70370.8359472204,108939.519519802,128966.969133067,146773.785057076,171535.620109052,303688.635618987,444914.155188342,NA
1995,"toothfishes",2111,73.2888674275203,283384.935265412,815937.627624199,1164843.78533826,1454027.69693667,1881054.34360021,5844249.26051449,NA
1995,"leopard seals",2111,4.65714150450923e-24,1866.86950648787,2911.17753327638,3434.39856107047,3843.75604914561,4906.44153817492,95251.3495072663,NA
1995,"medium divers",2111,6.66414927000786e-10,181882.375317774,277156.848920067,392977.980955444,498376.513354121,779189.300426812,943948.628968003,NA
1995,"large divers",2111,1.28458622243621e-23,6901.34335176397,11084.299798454,17302.2018848514,24347.9033331582,71844.0454279989,891768.312082486,NA
1995,"minke whales",2111,2.02318112205552e-65,7621.47918269563,14933.1478419446,24634.9396560115,36993.8311153085,8727185.21865225,96242355.2441999,NA
1995,"orca",2111,6413.76856949752,7823.49101656427,8676.81451081633,9020.65062311957,9640.3386399139,14363.7589052859,176301.500212916,NA
1995,"sperm whales",2111,10368.7444690117,15380.9428619029,19471.9910832403,22230.7995203011,78588.0086076913,1815466.36949516,9043243.30959817,NA
1995,"baleen whales",2111,125644.028171522,183523.15600925,696817.520534353,703570.251743163,2501503.63081984,14168764.2886596,82771999.9872339,NA
1996,"mesozooplankton",2111,0,9245255.76723989,12900401.8625739,17495179.9229507,20469473.2024419,24711977.4247491,29368357.1433138,NA
1996,"other krill",2111,9.94641499540754e-12,1614548.85031663,5327275.89836732,11199674.6759107,29651509.297234,72267419.9681078,118728892.29759,NA
1996,"other macrozooplankton",2111,1649007.04104671,8408114.78334785,15595145.0396756,18952735.1334148,23140290.9394374,28425332.289112,37657251.0795223,NA
1996,"antarctic krill",2111,112.693560685074,1594720.75428075,7857053.32728744,14620341.7445491,24991611.5617432,36642825.4633711,916897543.315159,NA
1996,"salps",2111,117756.830193081,581077.752412684,898299.71193151,1147096.03354015,1675025.02744934,2159338.95386628,3414674.41201217,NA
1996,"mesopelagic fishes",2111,831.409591579592,479164.239390635,1512268.42551204,2019493.99409172,2902631.50016604,3820675.39203397,10605377.3891034,NA
1996,"bathypelagic fishes",2111,301194.72472664,1170273.2847679,1946587.97034488,2659269.94962729,3623078.47993297,4894127.49340073,14495610.3443533,NA
1996,"shelf and coastal fishes",2111,1929634.93274699,3221746.23972097,4348856.54695761,5089119.19420872,5708953.52584638,6462274.74533644,26360310.2677686,NA
1996,"flying birds",2111,3925.63050202016,5414.85045204077,5937.67380468959,5997.03034208173,6067.47323609363,6212.0423132808,6534.89657119125,NA
1996,"small divers",2111,8682.30965821159,22075.3819190173,35015.7837972147,37312.0270110229,39886.5397604166,42034.0690599038,45840.4123485604,NA
1996,"squids",2111,70971.3181278711,109942.696496545,129766.541664269,147528.248717756,172100.737816908,304146.937385278,445060.533099606,NA
1996,"toothfishes",2111,72.3256235494036,284094.142650633,816900.170712339,1166433.22384328,1455512.78654342,1881860.32307762,5848981.33562651,NA
1996,"leopard seals",2111,3.01000712635945e-24,1866.17903952408,2911.46403780688,3434.12378077014,3843.87325339491,4906.65003169745,97019.5879913104,NA
1996,"medium divers",2111,5.26862645227975e-10,181965.675719944,276979.672957028,392977.32367846,497702.359898003,779146.854295267,942869.971162489,NA
1996,"large divers",2111,8.21508887139475e-24,6903.4353462298,11091.3391767295,17301.5168102878,24321.3306441984,71528.3278969422,885639.057465945,NA
1996,"minke whales",2111,6.21562264490987e-66,7621.86228646945,14935.4692603145,24635.3031659133,36992.0111679932,8694803.99925788,95921414.7442176,NA
1996,"orca",2111,6420.57000458418,7827.23758817598,8678.41326281788,9021.49323167553,9639.60227179266,14349.9094854636,175846.293308986,NA
1996,"sperm whales",2111,10350.4136909042,15383.5076725765,19469.270423269,22223.6860084752,78476.6428350425,1812218.15962874,9026934.60263499,NA
1996,"baleen whales",2111,125729.987090389,183547.476085558,696178.005091636,702938.437894944,2498565.20924636,14150899.0798733,82666397.2090902,NA
1997,"mesozooplankton",2111,0,10211573.7847889,13621389.4223072,18056799.4430305,21050342.8603465,25380536.1002977,30007067.3783196,NA
1997,"other krill",2111,7.07162119169659e-12,1718188.98753367,5472962.12668939,11459352.056952,29920483.2685335,73011607.7209239,119078390.150017,NA
1997,"other macrozooplankton",2111,1689212.34793776,8327937.02012101,15654563.4398299,19281967.4030279,23333065.531357,28931607.3728167,37969608.9015544,NA
1997,"antarctic krill",2111,106.001782324112,1605668.75764569,7858671.65706917,14518490.5350605,24839040.0692545,36437334.5818364,895927017.365655,NA
1997,"salps",2111,120143.13396419,576895.818420699,895257.51913285,1142791.86071897,1669144.26607865,2149978.44224239,3415931.16788583,NA
1997,"mesopelagic fishes",2111,832.830790660397,481748.107385782,1502350.82078951,2015073.53134647,2896545.52132619,3807789.0082307,10625413.8261682,NA
1997,"bathypelagic fishes",2111,306063.884910178,1177670.02990001,1942038.20800168,2655035.28664688,3622845.63952845,4890945.08544789,14582184.7446164,NA
1997,"shelf and coastal fishes",2111,1933939.27651631,3234846.93293293,4366102.31159671,5106667.10782453,5722733.81409652,6463483.36022756,26441806.6117422,NA
1997,"flying birds",2111,3925.63982634269,5415.80250397806,5938.1705367764,5997.28617726161,6067.42004989521,6211.66745021655,6535.28685386467,NA
1997,"small divers",2111,8669.55570414974,22118.5368236039,35017.7335575233,37301.7221734612,39888.7708397174,42041.4814473567,45831.6137827318,NA
1997,"squids",2111,71508.6467897371,110884.842591207,130555.289001865,148115.017961551,172590.449014581,304484.841643717,445051.184493651,NA
1997,"toothfishes",2111,70.9589636206877,284178.3946771,817902.093182029,1168281.011147,1457571.97940913,1882817.4720887,5854401.5555985,NA
1997,"leopard seals",2111,1.95765370372014e-24,1865.30404702644,2913.33426326854,3434.36913518178,3844.51909159228,4907.70588278215,98747.937963411,NA
1997,"medium divers",2111,4.17921221438908e-10,182266.484404209,276965.765954361,393006.750187044,496768.072529413,779101.001510266,941788.414075225,NA
1997,"large divers",2111,5.27337311981835e-24,6905.19573132101,11094.8187004616,17299.7105540123,24249.8487583871,71212.7717383458,879543.160404311,NA
1997,"minke whales",2111,1.94794779345501e-66,7622.05924203048,14938.9514817481,24638.6834948556,36858.2373132086,8662528.1373439,95601519.2939931,NA
1997,"orca",2111,6427.27566798652,7830.81975232551,8679.84339548372,9022.02273037699,9638.68089431978,14335.8784285439,175392.12773861,NA
1997,"sperm whales",2111,10332.1261605591,15385.7950053419,19465.7493268402,22216.3135157184,78365.3353279958,1808975.32095503,9010655.08967268,NA
1997,"baleen whales",2111,125808.500522009,183567.870591867,695538.429746526,702307.761230129,2495629.3057289,14133054.7392625,82560920.3211326,NA
1998,"mesozooplankton",2111,0,9437780.69417128,13057784.2216707,17547466.7024097,20495246.3727749,24657170.828007,29398820.9558223,NA
1998,"other krill",2111,5.10016766945441e-12,1778580.94388367,5483366.62119955,11478298.7110102,29882134.1547588,72298250.230325,118188045.264831,NA
1998,"other macrozooplankton",2111,1773393.87941168,8342753.74565393,15816545.7893202,19381593.2770633,23456568.9834997,28794203.0627177,37828809.934753,NA
1998,"antarctic krill",2111,100.431421454489,1636558.85514398,7882218.3139132,14517663.7195467,24746574.9262666,36258842.6980136,886875433.985061,NA
1998,"salps",2111,122728.621457987,579926.571363408,896559.998462006,1143589.65935599,1666635.3582382,2146710.55449767,3410616.79611639,NA
1998,"mesopelagic fishes",2111,851.140528625433,491712.011090499,1514318.1939072,2021917.54759138,2897738.81505315,3796383.98561728,10617576.4405418,NA
1998,"bathypelagic fishes",2111,311747.729483383,1185694.96509079,1942922.21058797,2655811.32797997,3617272.60182024,4883292.34079354,14615504.7978733,NA
1998,"shelf and coastal fishes",2111,1935849.40980927,3247885.13820486,4387324.1867471,5126120.86937969,5735081.07586334,6463249.54953378,26514344.0275789,NA
1998,"flying birds",2111,3927.63070818567,5424.700333061,5940.86681795133,5999.2085607164,6068.97489692155,6212.79582198748,6535.79993047044,NA
1998,"small divers",2111,8687.94064341862,22206.6917381041,35069.3238102287,37340.5510879694,39907.0246560411,42048.5956419358,45823.8393019287,NA
1998,"squids",2111,71827.5564775131,111784.328137408,131244.877953407,148637.463918716,173070.503060613,304669.112859563,445011.855800923,NA
1998,"toothfishes",2111,69.9836895694182,284579.004485904,819023.895228488,1170799.5086573,1459721.97303911,1883965.57349446,5860386.346919,NA
1998,"leopard seals",2111,1.25509201814689e-24,1864.04358323571,2915.24530655178,3433.84405513906,3844.53679156593,4909.77793913011,100579.795976168,NA
1998,"medium divers",2111,3.28383417442615e-10,182424.369310885,276689.917517648,393105.440234279,496029.531888903,779054.437146909,940714.991064163,NA
1998,"large divers",2111,3.33572543836714e-24,6908.2698679528,11090.0725274268,17305.8828191306,24225.929320441,70899.6751605922,873478.358762362,NA
1998,"minke whales",2111,5.84573777440335e-67,7622.87457241026,14942.9781708797,24634.078074252,36637.7633368994,8630359.46652824,95282690.7081369,NA
1998,"orca",2111,6434.45926752767,7834.81921893883,8681.70848813838,9022.88219030379,9638.08944598588,14322.4899605281,174939.527588825,NA
1998,"sperm whales",2111,10313.8549431815,15388.6675464305,19462.5094174087,22209.4559925659,78254.4059997381,1805739.38203301,8994405.37650419,NA
1998,"baleen whales",2111,125895.703090511,183592.275595109,694900.525094289,701677.244713453,2492698.33189238,14115235.1723531,82455588.4490713,NA
1999,"mesozooplankton",2111,0,10398242.964476,13766806.4136376,18156160.6519482,21128442.6567776,25436872.2838548,30103206.7051479,NA
1999,"other krill",2111,3.71648034137265e-12,1835311.37707399,5560712.50672684,11617447.0686444,29959825.8247029,72165743.2764556,118207068.824642,NA
1999,"other macrozooplankton",2111,1831909.90962654,8386059.6665311,15854096.6983318,19334082.7393573,23483684.4814347,28960311.5103084,38081032.9877064,NA
1999,"antarctic krill",2111,95.149117980233,1680217.6291069,7889846.70837029,14482016.8533608,24663897.5839938,36153149.2646262,888425191.897633,NA
1999,"salps",2111,125299.247234971,577076.952924492,893493.838086361,1140232.13010467,1660885.15036169,2140489.82146059,3400276.96811776,NA
1999,"mesopelagic fishes",2111,856.129622626089,494330.460155697,1502621.51064835,2009425.49101327,2881366.41109059,3781035.50412874,10594456.5099326,NA
1999,"bathypelagic fishes",2111,316396.385147257,1184128.69974455,1929182.18719295,2637563.45974441,3600436.09103628,4874065.81496439,14609450.9264403,NA
1999,"shelf and coastal fishes",2111,1938977.13659084,3255908.99884347,4406367.12613911,5141040.16032556,5745654.89192575,6463414.14416488,26579793.9273913,NA
1999,"flying birds",2111,3926.89114060817,5423.00258761655,5940.08226366544,5998.71770562907,6068.06884282694,6212.26670122386,6535.83172325689,NA
1999,"small divers",2111,8670.54272103468,22236.252513301,35054.9039819085,37321.8698282316,39905.8857922578,42039.7644546291,45814.6027037723,NA
1999,"squids",2111,72249.4530138511,112434.239098692,131707.934800019,148899.958027963,173463.468253635,304927.707488771,444884.758019928,NA
1999,"toothfishes",2111,68.6174746408176,285547.143100398,820518.098464879,1173271.95328463,1461110.41857423,1885163.52305679,5866646.63381248,NA
1999,"leopard seals",2111,8.19615975848293e-25,1861.91100102953,2916.24321442517,3433.69883598483,3844.67785784879,4911.94727573969,102366.845730156,NA
1999,"medium divers",2111,2.61422176137538e-10,182532.433654504,276468.402786132,392983.169870025,495306.694528088,778995.203599796,939636.986394125,NA
1999,"large divers",2111,2.14611569341374e-24,6912.35691259918,11085.2817286058,17301.2795204938,24203.8383374946,70610.9024264785,867448.46872004,NA
1999,"minke whales",2111,1.85750452874281e-67,7622.77488878519,14949.2443430587,24638.8411428708,36623.3483261265,8598295.52468806,94964894.5670461,NA
1999,"orca",2111,6441.22089170482,7838.32531648607,8682.97922191783,9023.42578235226,9637.01958248004,14308.4514849246,174487.676703222,NA
1999,"sperm whales",2111,10295.6565874357,15390.8342727096,19458.9964837859,22201.9205437362,78143.3913649065,1802508.08599591,8978184.43747917,NA
1999,"baleen whales",2111,125971.171809582,183610.849522045,694262.152405898,701047.678932328,2489769.29975273,14097435.5642456,82350377.6463343,NA
2000,"mesozooplankton",2111,0,8610996.92308447,12619500.379295,17267051.7457196,20246929.6391354,24517794.2720706,29083083.511551,NA
2000,"other krill",2111,2.62878556997362e-12,1784999.9077541,5319278.74693798,11244736.4757078,29747999.459989,72969869.756214,118830383.481165,NA
2000,"other macrozooplankton",2111,1792224.9729583,8063783.21592919,15291597.1973909,18760028.345288,22776236.0188436,27975292.7280502,37477237.4982856,NA
2000,"antarctic krill",2111,88.3268505054848,1678297.12536819,7740015.92434794,14215988.4410846,24573478.7907438,36148607.3055826,885526792.74042,NA
2000,"salps",2111,124674.644140386,559336.053328251,875340.200452137,1117368.55841176,1645381.46401395,2129112.14064426,3350194.02304174,NA
2000,"mesopelagic fishes",2111,836.606793097976,485791.391921081,1472973.88382231,1978104.34561201,2858014.97982428,3765222.27642464,10568043.2315439,NA
2000,"bathypelagic fishes",2111,318144.152046673,1168008.49428827,1903177.72629481,2614071.42400649,3579655.32533448,4857654.54905065,14581096.6657539,NA
2000,"shelf and coastal fishes",2111,1947372.01295277,3261344.10984591,4416715.17457346,5151647.21797941,5750986.72039802,6460261.58068264,26637859.4743713,NA
2000,"flying birds",2111,3923.93470885381,5408.18332034855,5935.86598245226,5996.2515335985,6066.74715183029,6211.60158998831,6535.43204209176,NA
2000,"small divers",2111,8606.41135583598,22187.1416452423,34955.2833145726,37228.6749590317,39878.2192308114,42014.4908911632,45803.9502776061,NA
2000,"squids",2111,72833.3730499972,112847.282341189,132147.850291646,149559.589176423,174121.017224025,306164.397774404,444889.869053535,NA
2000,"toothfishes",2111,66.7352336496222,286569.303924171,822371.083910279,1175472.75534418,1462013.9471018,1886314.18441657,5873014.1791989,NA
2000,"leopard seals",2111,5.50040167911717e-25,1859.92024040468,2916.77655864164,3432.22043834643,3845.71570834957,4915.60307928671,104103.876726346,NA
2000,"medium divers",2111,2.12044357704092e-10,182646.30608343,276493.778759657,393059.199342277,494953.305740233,778906.907859928,938550.006440263,NA
2000,"large divers",2111,1.41766895842019e-24,6919.1396631069,11083.7501492429,17305.3095191272,24184.641672647,70383.8332707875,861455.408017882,NA
2000,"minke whales",2111,6.38988518959632e-68,7621.58930448644,14981.7681910752,24658.3093376953,36536.0908185663,8566336.11204305,94648122.9280938,NA
2000,"orca",2111,6447.2200682666,7841.02701047836,8683.0411363291,9023.06164726949,9635.20427050893,14293.3807735882,174036.379999671,NA
2000,"sperm whales",2111,10277.5235125252,15391.9830440511,19455.0362333043,22193.3959300843,78032.1363732466,1799280.93089263,8961991.99679423,NA
2000,"baleen whales",2111,126032.61227863,183622.602232339,693617.150039869,700418.980049565,2486841.95759324,14079655.3527809,82245286.2547811,NA
2001,"mesozooplankton",2111,0,7019031.88388078,11319328.1053506,16291451.3912067,19517055.3071242,23964291.6779043,28498710.5830711,12974200
2001,"other krill",2111,1.74011633541862e-12,1557074.50820803,4904591.32241514,10641834.3314212,29709800.1768719,75224403.6852122,122730677.056743,2801248
2001,"other macrozooplankton",2111,1638807.62148029,7385941.79121972,14152170.3271134,17445621.9802865,21311718.1610161,26442707.8451087,36484391.0774303,14743410
2001,"antarctic krill",2111,79.3629271248484,1602049.73463808,7359033.84370063,13919598.5286698,24249914.4272786,35989568.0609066,860159420.305836,5897364
2001,"salps",2111,120021.364409842,529239.082680881,844044.096070333,1087657.04995962,1624100.76648063,2125040.34719495,3264936.56987175,961270.3
2001,"mesopelagic fishes",2111,771.696793099163,469088.442620834,1429513.63274116,1925911.17720638,2821403.70247208,3756613.98491628,10535672.8042497,1769209
2001,"bathypelagic fishes",2111,314387.894965598,1140448.39876778,1870179.28321464,2580608.708926,3551425.47500396,4854565.93938612,14534216.4125752,1769209
2001,"shelf and coastal fishes",2111,1961195.42639989,3267850.11872291,4420280.70745912,5156402.23256841,5753550.25377936,6453198.94739757,26682683.3812002,4027900
2001,"flying birds",2111,3920.53474495407,5392.45831113808,5929.73448208749,5992.91257011793,6064.01930762521,6209.09573096585,6534.74728884279,4423.023
2001,"small divers",2111,8510.41892875685,22081.4070649344,34788.5544026617,37086.8264728314,39831.5977441859,41975.9525508976,45792.9240891119,23589.46
2001,"squids",2111,72962.207722614,112945.914729255,132447.466161363,150218.367231883,174973.845487097,306751.77649786,445234.068737807,221151.2
2001,"toothfishes",2111,64.5310453772742,286970.189686945,823933.005864345,1176485.76133451,1462366.95424863,1887316.61167715,5879270.86468251,1105756
2001,"leopard seals",2111,3.76874044969726e-25,1858.28814941279,2915.30577007044,3435.06591991271,3844.22553320844,4921.57328931447,105840.118323338,2948.682
2001,"medium divers",2111,1.74301001212987e-10,182686.064695885,276693.201077626,393105.429836877,494855.682979384,778838.51526956,937456.498254294,390700.4
2001,"large divers",2111,9.55857173649006e-25,6913.53600668015,11082.4744329443,17305.5984711379,24167.8427287029,70153.0437968085,855499.146878743,16217.75
2001,"minke whales",2111,2.32420296875266e-68,7619.92872933377,15033.5748306779,24689.5765236694,36429.7355709864,8534482.09346729,94332381.4476738,20640.77
2001,"orca",2111,6452.52562967384,7843.0324944802,8682.26819902563,9021.99804257449,9632.80393299821,14277.4987007551,173585.837304962,8846.046
2001,"sperm whales",2111,10259.4226173449,15392.3807410811,19450.7298993312,22184.1190350993,77920.7200718934,1796058.40639427,8945828.24281742,16217.75
2001,"baleen whales",2111,126085.850854928,183630.719275399,692970.743969386,699790.829619771,2483917.36861321,14061896.147058,82140321.3623131,187241.3
2002,"mesozooplankton",2111,0,9135161.52920509,12780947.5900867,17557708.1910763,20672508.5891165,25268445.7733837,30098312.7189016,12974200
2002,"other krill",2111,1.27198835167961e-12,1551868.9747501,5245230.52441868,11326888.6224112,31167397.9905438,79507418.392191,128066306.596671,2801248
2002,"other macrozooplankton",2111,1534745.24925114,7194676.46445404,14453774.0329536,18361455.433065,22206838.3016364,28036374.4741572,37587964.1717266,14743410
2002,"antarctic krill",2111,72.3112958147677,1577304.10931105,7284572.10510979,13944059.4214154,24398849.5785371,36388632.988107,848295351.60842,5897364
2002,"salps",2111,117496.257935397,531970.918392512,837839.647842905,1083719.58373019,1621366.90371299,2122798.95235694,3250850.81665236,961270.3
2002,"mesopelagic fishes",2111,721.294837435661,456981.413396241,1393051.50257999,1885268.10909601,2782769.75844648,3731326.17225239,10481034.3141802,1769209
2002,"bathypelagic fishes",2111,305077.793951061,1105832.75086373,1832925.37971796,2540338.39746717,3504827.76247295,4818738.09390714,14445613.3946173,1769209
2002,"shelf and coastal fishes",2111,1967166.00233315,3265626.84152856,4415775.00840871,5143920.16072952,5748251.29483407,6434455.15637234,26702713.642795,4027900
2002,"flying birds",2111,3920.19610217263,5389.12719183373,5928.95905614032,5992.43072832109,6063.54717249508,6210.64156230382,6534.54904536154,4423.023
2002,"small divers",2111,8427.36721600413,22012.1213996807,34682.8079534667,37013.8465091105,39812.7384514905,41951.3305468011,45781.3167680578,23589.46
2002,"squids",2111,73486.1260320573,112620.612338085,132226.430584273,150301.694659416,175232.242613191,306968.858857847,445804.090077364,221151.2
2002,"toothfishes",2111,62.5476146949033,287265.765546718,824830.410602613,1177855.9202954,1462800.88463015,1888093.6341109,5885244.38166306,1105756
2002,"leopard seals",2111,2.5291215696637e-25,1856.86710495742,2915.94353302983,3435.44181362068,3845.48802449454,4925.81204107782,107621.069343068,2948.682
2002,"medium divers",2111,1.40780172879626e-10,182695.867875305,276864.043791887,393019.870495017,494704.923318341,778597.36427053,936369.658467131,390700.4
2002,"large divers",2111,6.30894688989553e-25,6915.81875380311,11084.4101255229,17307.6862282157,24148.8723326255,69926.6271510826,849571.471679048,16217.75
2002,"minke whales",2111,7.90623593770588e-69,7619.26239678053,15062.4200616612,24704.410879677,36316.8907360859,8502734.50778531,94017695.8580097,20640.77
2002,"orca",2111,6458.26476571634,7845.5068077542,8682.27086309635,9022.33829089386,9631.20845269565,14262.4392381648,173137.175085463,8846.046
2002,"sperm whales",2111,10241.2531714572,15393.4221854067,19446.7500571742,22175.4402797544,77809.7477259876,1792842.79502746,8929694.31107617,16217.75
2002,"baleen whales",2111,126147.313526533,183643.703911814,692327.179134084,699163.863312699,2480998.37476861,14044162.4621878,82035500.5641956,187241.3
2003,"mesozooplankton",2111,0,5533581.11901332,10487959.2320062,15751951.6331241,18836481.9484448,23298418.9046806,27624056.6310421,12974200
2003,"other krill",2111,8.87509728040062e-13,1323466.31262429,4801799.55713317,10805863.0907223,30606492.9149812,79729826.0673983,130399540.420205,2801248
2003,"other macrozooplankton",2111,1359528.93914424,6815985.22764827,13910230.5989131,17331275.5603515,21052077.9075011,26083192.6999436,36056111.0602637,14743410
2003,"antarctic krill",2111,63.9368444937388,1495604.17503286,6989607.31941058,13717471.7232168,24370060.8059947,36710446.5235167,818032340.588508,5897364
2003,"salps",2111,111294.399524952,507398.999985913,813251.81787236,1059548.70119976,1606120.14640298,2117074.49934703,3179513.55357792,961270.3
2003,"mesopelagic fishes",2111,640.784635725557,439036.468220939,1348191.45449081,1836100.35131843,2750551.40466195,3733167.69180932,10407924.1612078,1769209
2003,"bathypelagic fishes",2111,292097.307563192,1064658.90514978,1796214.30266769,2495776.77527191,3464570.80741312,4789212.24846452,14335281.4299735,1769209
2003,"shelf and coastal fishes",2111,1972459.41517236,3257013.7592251,4400885.43932481,5130195.65780846,5737566.30226593,6425203.27771736,26700794.3936462,4027900
2003,"flying birds",2111,3916.50685066299,5383.01928939995,5923.71897189394,5989.38261516048,6060.52836989627,6208.7938121445,6533.57054792055,4423.023
2003,"small divers",2111,8297.38372348173,21877.6731565632,34507.8602059023,36894.0890947363,39778.534905345,41914.2708980538,45767.2438098452,23589.46
2003,"squids",2111,72201.8794554297,111938.502476985,131673.438652509,149928.271644053,175364.592626573,307185.423975611,446299.476737899,221151.2
2003,"toothfishes",2111,60.4410101216139,287500.91143447,825550.691399627,1177705.64374339,1462409.03108614,1893969.06506099,5890502.30208399,1105756
2003,"leopard seals",2111,1.73194524084265e-25,1855.55507085057,2918.662487267,3435.2285476164,3844.50234008682,4927.01165189608,109311.179772275,2948.682
2003,"medium divers",2111,1.14987929433526e-10,182668.419913063,276967.532746808,392751.510353511,494604.394070022,778475.813297381,935266.630313333,390700.4
2003,"large divers",2111,4.24485814446271e-25,6932.60779805904,11082.2536275498,17305.1262675195,24142.3334244965,69695.0140923338,843679.506284695,16217.75
2003,"minke whales",2111,2.85541234765214e-69,7617.52546455273,15074.0986075041,24724.7940410693,36237.5341922793,8471090.58578299,93704027.2300206,20640.77
2003,"orca",2111,6463.22424818018,7847.23744125725,8681.79330107246,9021.44708102095,9629.30669647088,14246.5133246628,172689.238363452,8846.046
2003,"sperm whales",2111,10223.1209088736,15393.4625186798,19442.469367175,22165.7690694098,77698.5653482329,1789631.41378426,8913588.81411974,16217.75
2003,"baleen whales",2111,126195.948014971,183650.367571578,691682.03889216,698537.773904139,2478081.12909633,14026448.3307197,81930799.4544743,187241.3
2004,"mesozooplankton",2111,0,9030913.42669688,12696027.8840435,17309847.8725839,20259468.6338434,24759514.1839713,29518780.3446722,12974200
2004,"other krill",2111,7.09863715671281e-13,1416663.31407155,5249296.8141015,11498543.0965453,31151780.4955823,81546923.7258074,131795368.358416,2801248
2004,"other macrozooplankton",2111,1321299.62479827,7081911.83156359,14224756.7578028,17788099.5767228,21663207.5507479,27257050.6887316,36086917.1007835,14743410
2004,"antarctic krill",2111,59.277398706428,1475322.20157939,7071971.84013012,13870508.4751648,24367622.7293229,36857107.8867427,828226867.053307,5897364
2004,"salps",2111,110502.380316516,526564.175077942,829842.752796873,1086855.20155914,1612667.07725396,2118544.35929874,3221388.01694938,961270.3
2004,"mesopelagic fishes",2111,618.482377691606,433958.744113397,1341943.31095139,1833630.93233243,2714996.27402077,3702164.9048907,10308595.151339,1769209
2004,"bathypelagic fishes",2111,278076.670045811,1039357.04646807,1766384.30724405,2463056.67204935,3419857.13544483,4727055.27634385,14163210.8196159,1769209
2004,"shelf and coastal fishes",2111,1953208.51429418,3232718.26112238,4373231.79418721,5099757.5721261,5708796.27308727,6404755.14359188,26660422.0455005,4027900
2004,"flying birds",2111,3920.80757985606,5390.36461393922,5929.45977312144,5992.06980391926,6063.53284475101,6209.24436069826,6533.9455594022,4423.023
2004,"small divers",2111,8248.0818831192,21906.5773190641,34583.2782515609,36985.1428142529,39815.4294345883,41945.9367598628,45750.9600812998,23589.46
2004,"squids",2111,71681.1449861831,110597.953709126,130295.671519133,148811.938701122,173860.815373041,306326.655051938,446521.428099874,221151.2
2004,"toothfishes",2111,59.194853489714,287864.703610723,825546.663611008,1177875.17032715,1462340.60907458,1893898.34112383,5894847.47585313,1105756
2004,"leopard seals",2111,1.09833938081279e-25,1853.71284067879,2918.05736594389,3434.50474624222,3844.11335895727,4927.87973617094,111168.512619736,2948.682
2004,"medium divers",2111,8.87815471183187e-11,182722.871080753,276860.600108131,392489.159974928,494091.254302081,778380.004652523,934188.932201253,390700.4
2004,"large divers",2111,2.64721723604548e-25,6938.01756999859,11081.3178378522,17307.9884531268,24127.1403355698,69478.4114772839,837807.384116479,16217.75
2004,"minke whales",2111,8.21874037504274e-70,7615.72922432363,15075.774168459,24727.787248888,36167.7207662629,8439554.59984304,93391448.2745705,20640.77
2004,"orca",2111,6470.13934757268,7851.0058468212,8683.66939331405,9022.33528577914,9628.1706796113,14233.5430941171,172244.540911632,8846.046
2004,"sperm whales",2111,10204.8323331328,15395.9639681953,19438.9473521145,22158.454805414,77588.6175168696,1786430.01376911,8897514.5026588,16217.75
2004,"baleen whales",2111,126277.892616933,183674.330063552,691044.383365138,697911.946481923,2475173.31993703,14008765.9747908,81826269.7287872,187241.3
2005,"mesozooplankton",2111,0,9948025.7770028,13712216.7585317,18285952.3809187,21308516.797487,25788789.5691294,30604636.8493118,12974200
2005,"other krill",2111,6.65090789949335e-13,1617916.91970118,5894623.09507271,12437964.0985177,32177757.1869704,81309996.6364574,129818330.961849,2801248
2005,"other macrozooplankton",2111,1400483.32351901,7877449.01899764,15694477.2294722,19946675.7958256,23839661.2704492,29907131.1492518,38959436.2860763,14743410
2005,"antarctic krill",2111,57.1715497870354,1536053.18354783,7438603.99596108,14161703.5966064,24985066.7485986,37343101.5821935,869979539.254519,5897364
2005,"salps",2111,112766.605490991,555597.179792366,858006.643957164,1119721.15888084,1633895.62547216,2134545.72818604,3276020.79142759,961270.3
2005,"mesopelagic fishes",2111,610.136927453023,440277.707950012,1370583.03536132,1862361.70520385,2727404.17873039,3701576.12484973,10241476.8017417,1769209
2005,"bathypelagic fishes",2111,273299.761560884,1033905.70591986,1787413.78378129,2478395.74632306,3424481.55486043,4707211.49246349,14023352.7274094,1769209
2005,"shelf and coastal fishes",2111,1946840.23690169,3220052.84356645,4355134.29040864,5079750.11015415,5689084.03662686,6393471.8003903,26614287.4365206,4027900
2005,"flying birds",2111,3921.75580521383,5393.18017302845,5931.0146757613,5993.37133586307,6063.49364596544,6209.79754753597,6533.51620732133,4423.023
2005,"small divers",2111,8203.94440802563,21923.3514824393,34654.2981531833,37061.4114697872,39828.7041837346,41973.8471665265,45739.2890883451,23589.46
2005,"squids",2111,70960.0317199146,109512.719246531,129262.982026976,148019.131950675,172768.56149401,306774.969261043,446525.01040134,221151.2
2005,"toothfishes",2111,58.1888747499151,288022.919751299,825334.79442479,1178067.86184296,1462103.00378321,1893562.37214375,5898234.55652857,1105756
2005,"leopard seals",2111,7.13911961630603e-26,1852.4922482219,2918.18669586453,3434.22219770524,3844.32557657089,4929.20226327748,113108.523944207,2948.682
2005,"medium divers",2111,7.00641655436212e-11,182865.48819573,276739.440897945,392252.297604476,493243.892228813,778050.643854507,933113.846850763,390700.4
2005,"large divers",2111,1.69879140184728e-25,6946.59816259825,11083.5529244131,17303.6238227338,24092.461502651,69259.8718542358,831972.464060573,16217.75
2005,"minke whales",2111,2.56534570538237e-70,7609.03265932575,15088.6208059349,24732.112324502,36201.2467617236,8408123.77318663,93079891.6329512,20640.77
2005,"orca",2111,6476.4365734882,7854.16631648238,8684.81002908794,9022.70129495392,9626.84297879486,14219.7001768723,171800.434561125,8846.046
2005,"sperm whales",2111,10186.7132301131,15397.7350260412,19435.3601084462,22150.4337119115,77478.6727453246,1783233.14472432,8881468.63655642,16217.75
2005,"baleen whales",2111,126355.026760982,183701.57997715,690406.530495041,697287.10738777,2472268.30096542,13991105.1183987,81721867.6349822,187241.3
2006,"mesozooplankton",2111,0,7219220.77460246,11733590.8658022,16659926.465187,19570871.0946698,23782344.7897126,28198596.7501779,12974200
2006,"other krill",2111,5.35679155906773e-13,1523503.03040697,5378389.84217771,11549968.7873622,30211622.4148373,77035652.2479462,126308249.223003,2801248
2006,"other macrozooplankton",2111,1404333.56439375,7837965.1711086,15220138.8155682,18631948.6809373,22603396.2699255,27389608.4750673,37105325.4052824,14743410
2006,"antarctic krill",2111,53.8347498935556,1537379.88381647,7424571.54479417,14227520.5668898,24933751.493551,37297596.4404185,903505125.899088,5897364
2006,"salps",2111,112606.382657463,553087.831041818,857614.754117392,1114240.43027729,1635312.27253554,2139421.93489698,3270186.23692109,961270.3
2006,"mesopelagic fishes",2111,604.260287468276,439246.241143738,1379830.57801821,1879307.50330822,2750833.3010436,3729610.82391471,10227520.408757,1769209
2006,"bathypelagic fishes",2111,273958.670305411,1042795.74195649,1799315.360444,2497639.03939638,3453954.13503613,4719290.81724722,13945217.8641419,1769209
2006,"shelf and coastal fishes",2111,1944714.51775413,3207953.57413589,4337445.81462023,5067047.74465963,5676562.41213142,6386513.80037166,26573066.2857062,4027900
2006,"flying birds",2111,3919.3155474747,5389.05775851835,5927.20912680148,5989.81523019337,6061.81714307821,6207.1899281255,6532.84509803865,4423.023
2006,"small divers",2111,8124.30602266622,21881.1526933169,34660.9844116195,37066.4314347842,39816.1104912757,41966.7622209782,45726.1017408533,23589.46
2006,"squids",2111,69902.8039305189,108951.296602721,128401.463048168,147426.375835718,172204.190993472,306582.53785567,446391.664073559,221151.2
2006,"toothfishes",2111,56.9823435219975,287979.643549995,824824.070485599,1177861.94464529,1461595.22409028,1892780.73913652,5900750.63138966,1105756
2006,"leopard seals",2111,3.6116322564914e-26,1851.78255607263,2918.97208893051,3434.19221557315,3843.69000628998,4929.55175222624,114976.765249694,2948.682
2006,"medium divers",2111,5.61656718299774e-11,183229.511735666,276514.39551654,391763.478961572,492787.096326761,777937.629577338,932037.017696326,390700.4
2006,"large divers",2111,1.11454626544723e-25,6948.98146936295,11086.1407274298,17289.9038205193,24035.785921288,69037.8804667659,826173.579631288,16217.75
2006,"minke whales",2111,8.02464584643682e-71,7601.37814501081,15089.5778066278,24708.790863654,36195.8285182434,8376795.61033782,92769342.0116886,20640.77
2006,"orca",2111,6482.12214526522,7856.74629782644,8685.25318071083,9022.24377922272,9625.33584628582,14205.0356193916,171356.975447531,8846.046
2006,"sperm whales",2111,10168.6772159106,15399.6547525069,19431.4292411786,22141.6206846131,77368.6628825064,1780040.55805465,8865451.13665401,16217.75
2006,"baleen whales",2111,126419.416684777,183721.444219682,689767.078129562,696663.200487525,2469364.82703486,13973463.551268,81617584.3667907,187241.3
2007,"mesozooplankton",2111,0,8923274.98797638,12709829.3486044,17464789.1653988,20445185.4066806,24818931.8619653,29455009.234165,12974200
2007,"other krill",2111,4.21644455487984e-13,1521008.49919229,5316506.5674901,11329571.460842,30376819.0723024,76736814.372113,126185903.34555,2801248
2007,"other macrozooplankton",2111,1380978.18950106,7631437.59284999,14535996.4091209,17891388.5552735,21936477.3175923,27406229.4625559,36687336.6433226,14743410
2007,"antarctic krill",2111,50.6633993046173,1514763.4596409,7347234.31018735,14088680.2924317,24727535.5862232,37036360.886127,927722735.452557,5897364
2007,"salps",2111,112905.559517147,550929.338499242,857505.583278898,1111641.88035781,1633284.10547885,2139451.48813886,3294193.28834399,961270.3
2007,"mesopelagic fishes",2111,568.646900754231,436202.983751678,1376626.16096054,1880182.63366518,2756126.62413678,3737634.9495777,10261755.5598432,1769209
2007,"bathypelagic fishes",2111,273804.513725469,1047622.89210099,1804247.38675255,2505413.78573624,3468766.43096443,4729716.67731791,13933361.0043431,1769209
2007,"shelf and coastal fishes",2111,1934692.74761917,3195848.21749994,4320594.72204953,5051708.93074021,5667926.33621553,6382634.02654403,26541200.4120376,4027900
2007,"flying birds",2111,3918.26458792556,5387.35280652384,5925.71716714126,5989.02906654972,6060.34325859503,6206.27208295525,6532.63559184911,4423.023
2007,"small divers",2111,8048.07528235537,21846.120944358,34678.4185061551,37052.8574805781,39802.1913227686,41955.166867716,45711.7640664424,23589.46
2007,"squids",2111,69130.8643938446,108296.070940503,127703.322314816,146893.494797428,171726.545016022,306416.156743869,446296.719962161,221151.2
2007,"toothfishes",2111,55.6840951024813,287980.844020951,824190.666880355,1177703.9202849,1461401.83124579,1892023.59930893,5902702.32477459,1105756
2007,"leopard seals",2111,1.39404673562975e-26,1851.02822539056,2920.50181818561,3433.78941212731,3842.81277750446,4930.31593961376,116880.377220532,2948.682
2007,"medium divers",2111,4.48061725299584e-11,183539.952572954,276393.761997719,391642.498485358,492175.93706177,777786.753944031,930971.299004877,390700.4
2007,"large divers",2111,7.27119391440619e-26,6954.80218043367,11084.8118231319,17289.9345833331,23966.3134809008,68801.0845638509,820406.55639646,16217.75
2007,"minke whales",2111,6.62677877042186e-72,7593.88331489723,15100.7174060693,24705.4735793675,36121.7606476647,8345571.4011275,92459819.816722,20640.77
2007,"orca",2111,6487.96813914558,7859.53672755666,8685.91931089404,9022.11525754704,9623.94606606251,14190.6653046277,170914.921492407,8846.046
2007,"sperm whales",2111,10150.6495921876,15401.696831945,19427.1807336158,22133.1095210756,77258.9687681891,1776854.09330994,8849462.81903418,16217.75
2007,"baleen whales",2111,126486.533907593,183744.119339645,689129.029770242,696040.053742308,2466465.57717442,13955845.2393088,81513437.9436855,187241.3
2008,"mesozooplankton",2111,0,6231667.59252675,10961000.3908424,16083558.484001,19232652.2980034,23687654.4852172,28026088.2397704,12974200
2008,"other krill",2111,3.10015391485958e-13,1379985.1641664,5017965.31387095,10831487.2803807,30284534.4245685,78514588.2631335,127793636.766654,2801248
2008,"other macrozooplankton",2111,1266172.38503233,6989919.41686762,13806539.1174205,17398886.5725692,21054409.4539745,26442938.1753409,36321615.1689621,14743410
2008,"antarctic krill",2111,45.9622262723529,1448910.05829818,7074417.86459882,13933414.8638578,24539569.8534427,36947550.0776346,900830326.116279,5897364
2008,"salps",2111,109242.537056473,530648.584536234,835276.761746688,1086016.80003887,1618914.4582429,2135145.94526262,3260893.21955104,961270.3
2008,"mesopelagic fishes",2111,515.691866519524,422258.189745538,1347991.31821494,1850965.73576871,2750615.99141459,3736475.56276286,10324189.9599491,1769209
2008,"bathypelagic fishes",2111,269302.222578704,1038151.08934222,1791401.2191631,2496668.30821223,3475904.9109878,4743756.410653,13994324.986536,1769209
2008,"shelf and coastal fishes",2111,1923070.16694075,3186036.53644599,4303519.47311134,5035870.14416454,5655366.57230856,6380282.05567497,26526731.3837817,4027900
2008,"flying birds",2111,3914.02436610943,5378.90313895144,5920.01439322178,5985.98984454855,6057.52124395663,6204.27376408288,6531.91279169825,4423.023
2008,"small divers",2111,7925.62136535975,21728.7052209078,34571.1794437538,36949.4546709322,39756.6006181965,41895.4484375396,45697.5248397412,23589.46
2008,"squids",2111,67959.6360371527,107795.029416415,127429.765053703,146785.427647383,171816.877536557,306566.608326151,446336.808091245,221151.2
2008,"toothfishes",2111,54.0432574071448,287757.758559807,823297.22896618,1176638.53787952,1460648.67095628,1891021.32352456,5904343.49735345,1105756
2008,"leopard seals",2111,5.70216476989882e-27,1850.40116738869,2921.60893485424,3435.98781117961,3842.35107225648,4931.98198673215,118724.839891954,2948.682
2008,"medium divers",2111,3.65501550373462e-11,183969.630397908,276412.453244875,391734.196518872,491868.378792784,777476.105943312,929895.833291656,390700.4
2008,"large divers",2111,4.90238253135653e-26,6969.58282247761,11092.5245761053,17290.9888641755,23923.0407742344,68516.0945282708,814677.900232562,16217.75
2008,"minke whales",2111,6.29487681633693e-73,7586.60259016762,15144.2906406852,24714.3492807369,36073.2822918336,8314449.21396502,92151291.7264542,20640.77
2008,"orca",2111,6492.83760892721,7861.38331576992,8685.50215665705,9021.89461982444,9621.71179764723,14175.0195599164,170473.209229556,8846.046
2008,"sperm whales",2111,10132.7071006887,15403.2755653335,19422.4182182758,22123.5074950853,77148.9678014185,1773671.43535711,8833502.4356754,16217.75
2008,"baleen whales",2111,126538.887703193,183752.743433279,688491.396648038,695417.912119215,2463567.60156844,13938245.475639,81409408.6254481,187241.3
2009,"mesozooplankton",2111,0,8337507.7364279,12378644.1340196,17201647.6975066,20335480.4682731,24955256.5935538,29707102.6321636,12974200
2009,"other krill",2111,2.41957999502653e-13,1367809.11606925,5250627.37255613,11333317.266297,31350467.8959758,81481620.0623445,131753585.605291,2801248
2009,"other macrozooplankton",2111,1207925.81093125,6909928.59278104,14167418.3465038,17954660.5634303,21760382.0922646,27537968.9051258,37147394.8848547,14743410
2009,"antarctic krill",2111,42.3646315132212,1417366.19979451,7056230.29498759,14001807.9379479,24632509.0615207,37227469.185318,872051288.831096,5897364
2009,"salps",2111,107670.604636465,534680.075229627,835754.371666421,1092000.99138946,1624489.54278684,2139277.38522648,3277965.65276062,961270.3
2009,"mesopelagic fishes",2111,491.980904035982,416782.296578872,1337265.15080085,1843311.9651963,2745647.68522592,3737569.68670697,10364651.8962792,1769209
2009,"bathypelagic fishes",2111,262140.247167735,1026073.52062149,1782671.83965348,2491138.94425054,3474047.49897787,4745257.7590092,14056011.8280874,1769209
2009,"shelf and coastal fishes",2111,1914993.0814671,3178801.9384907,4288262.25731239,5022484.70736946,5645815.01453582,6381180.07202401,26512154.8531087,4027900
2009,"flying birds",2111,3914.2086030376,5377.39297040564,5920.6080247562,5986.27520737381,6057.50089242891,6204.00655634105,6531.75894890919,4423.023
2009,"small divers",2111,7834.74632750965,21671.7061660533,34524.1437718295,36908.3617155204,39749.7235407187,41912.3977476871,45686.1082908759,23589.46
2009,"squids",2111,67420.7604486851,107227.86256143,127162.498398997,146408.235421582,171597.067073306,306189.179496434,446681.321693442,221151.2
2009,"toothfishes",2111,52.7051387105143,287787.372929454,822774.486826023,1176563.28903799,1460061.62542305,1889834.42008081,5905811.95165211,1105756
2009,"leopard seals",2111,2.24087887779357e-27,1850.08337429687,2922.17907354499,3437.99297475901,3842.99131964763,4933.44896875643,120697.033500399,2948.682
2009,"medium divers",2111,2.93004560322164e-11,184310.563839441,276541.837174582,391593.825945602,491345.371941972,777357.354532538,928841.226941414,390700.4
2009,"large divers",2111,3.23527378819315e-26,6985.17326414113,11095.4283900991,17291.3163436633,23902.4388081783,68233.3562511629,808978.184438244,16217.75
2009,"minke whales",2111,5.37812026956099e-74,7584.4492748429,15162.708600652,24732.397173076,36101.896015072,8283432.02337356,91843803.6644608,20640.77
2009,"orca",2111,6498.26908060649,7863.85723754673,8685.83387432786,9021.34683289291,9619.73682438575,14160.3126876888,170033.392334377,8846.046
2009,"sperm whales",2111,10114.7200871702,15405.2497674009,19418.3949206696,22114.8495445996,77039.531332941,1770496.03698081,8817571.67953865,16217.75
2009,"baleen whales",2111,126604.759392376,183774.935465804,687860.311362782,694796.448100936,2460675.91869455,13920672.1901457,81305528.226526,187241.3
2010,"mesozooplankton",2111,0,8988529.42838729,13026090.572421,17781482.0674659,20781824.8946261,25229068.3288414,29982648.6214896,12974200
2010,"other krill",2111,2.05962157101253e-13,1478006.5111936,5679770.18810246,12123344.9976812,32108299.1537156,82458967.0556316,131544544.117698,2801248
2010,"other macrozooplankton",2111,1239716.682001,7534129.82236879,15367846.9674954,19403515.3639281,23320900.3551037,29143027.8638877,38335156.7693819,14743410
2010,"antarctic krill",2111,40.161312786279,1447979.39747531,7337795.35019093,14245690.6752146,25107060.7066484,37656482.5435567,866060498.425432,5897364
2010,"salps",2111,109035.244134192,555425.095714699,858900.940923151,1120552.26363131,1645607.70385901,2152984.68422697,3330296.78170156,961270.3
2010,"mesopelagic fishes",2111,500.635862352176,419368.171774268,1369476.13712655,1870067.28019871,2760844.5855802,3733241.14834338,10372266.2686239,1769209
2010,"bathypelagic fishes",2111,257519.774326599,1036426.05296474,1807592.71136071,2509292.25404063,3486371.21597921,4749074.14297224,14089732.2919786,1769209
2010,"shelf and coastal fishes",2111,1914132.22490349,3175139.96220076,4277194.96249327,5015553.50978402,5638978.1075705,6386256.74522062,26493755.822321,4027900
2010,"flying birds",2111,3916.55061167484,5386.02949904992,5923.72643513901,5987.51602505673,6059.18067139454,6204.54017765278,6531.8213082291,4423.023
2010,"small divers",2111,7784.0527923391,21691.0421877496,34569.1160865412,36956.2512314326,39766.1740010921,41928.8601785988,45677.342811963,23589.46
2010,"squids",2111,67425.0607818843,107010.15273748,126911.770604166,145909.113853516,171040.325261427,305653.297775033,446978.440598082,221151.2
2010,"toothfishes",2111,51.7764030907374,288167.027071353,822951.34944964,1176041.0226418,1458795.63936713,1888538.81262728,5907063.45299539,1105756
2010,"leopard seals",2111,8.47519228294698e-28,1850.2342295077,2922.2027477501,3439.19358474592,3841.78258327614,4934.67643916363,122802.263728052,2948.682
2010,"medium divers",2111,2.30886672026768e-11,184562.753987323,276526.743103343,391418.753830433,490934.496354123,776618.877111091,927803.823133166,390700.4
2010,"large divers",2111,2.08743967008699e-26,6999.97445635437,11100.233211616,17293.5372026401,23887.1293812504,67868.815562524,803307.269263566,16217.75
2010,"minke whales",2111,4.17936841050809e-75,7585.38869319026,15172.1767913405,24702.7409878683,36215.4199503424,8252518.99414119,91537351.1896913,20640.77
2010,"orca",2111,6504.31618491055,7866.98805213711,8686.05484271372,9021.58411453723,9618.25787670696,14146.5637883716,169595.399416743,8846.046
2010,"sperm whales",2111,10096.7227978067,15407.5822012109,19414.8118747979,22107.0691947692,76930.6700354043,1767327.89492258,8801670.41813154,16217.75
2010,"baleen whales",2111,126683.9027618,183809.738551027,687229.841507594,694175.620132551,2457789.8905452,13903124.6998293,81201795.3957572,187241.3
