"Year","signal_med","signal_mean","signal_sd","signal_q25","signal_q75","noise","snr_med","snr_mean","snr_sd","snr_q25","snr_q75","metric","window","align","baseline"
1900,0,-0.000847582547169811,0.0323707888195885,-0.015625,0,1708886109621.95,0,-4.9598539212032e-16,1.89426250452406e-14,-9.14338288082677e-15,0,"Biomass","3yr","trailing","base1841_2010"
1901,0,0.00364829009433962,0.0285547614148964,0,0.0078125,1708886109621.95,0,2.13489364434399e-15,1.67095754679716e-14,0,4.57169144041338e-15,"Biomass","3yr","trailing","base1841_2010"
1902,0,-0.0037219929245283,0.0353045846907448,-0.015625,0,1708886109621.95,0,-2.17802280887619e-15,2.06594134576675e-14,-9.14338288082677e-15,0,"Biomass","3yr","trailing","base1841_2010"
1903,0,0.000257959905660377,0.0308998491996895,-0.009765625,0.015625,1708886109621.95,0,1.50952075862706e-16,1.80818657403245e-14,-5.71461430051673e-15,9.14338288082677e-15,"Biomass","3yr","trailing","base1841_2010"
1904,0,0.000884433962264151,0.0300383582928834,-0.0078125,0.015625,1708886109621.95,0,5.17549974386421e-16,1.75777415029306e-14,-4.57169144041338e-15,9.14338288082677e-15,"Biomass","3yr","trailing","base1841_2010"
1905,0,0.000147405660377358,0.0296147448963421,-0.001953125,0,1708886109621.95,0,8.62583290644035e-17,1.7329852896337e-14,-1.14292286010335e-15,0,"Biomass","3yr","trailing","base1841_2010"
1906,0,0.000147405660377358,0.030802128478888,0,0.0078125,1708886109621.95,0,8.62583290644035e-17,1.8024681870521e-14,0,4.57169144041338e-15,"Biomass","3yr","trailing","base1841_2010"
1907,0,-0.00243219339622641,0.0318979625471085,0,0,1708886109621.95,0,-1.42326242956266e-15,1.8665938219935e-14,0,0,"Biomass","3yr","trailing","base1841_2010"
1908,0,-0.00228478773584906,0.0259271346704136,-0.0078125,0,1708886109621.95,0,-1.33700410049825e-15,1.51719500348384e-14,-4.57169144041338e-15,0,"Biomass","3yr","trailing","base1841_2010"
1909,0,0.00272700471698113,0.028874108572276,0,0.015625,1708886109621.95,0,1.59577908769146e-15,1.68964499212084e-14,0,9.14338288082677e-15,"Biomass","3yr","trailing","base1841_2010"
1910,0,-0.000331662735849057,0.0222576364892131,-0.0078125,0.0078125,1708886109621.95,0,-1.94081240394908e-16,1.30246459163607e-14,-4.57169144041338e-15,4.57169144041338e-15,"Biomass","3yr","trailing","base1841_2010"
1911,0,-0.00132665094339623,0.0262487943796413,-0.015625,0,1708886109621.95,0,-7.76324961579631e-16,1.53601777390819e-14,-9.14338288082677e-15,0,"Biomass","3yr","trailing","base1841_2010"
1912,0,-0.00217423349056604,0.0234472493340911,0,0,1708886109621.95,0,-1.27231035369995e-15,1.37207794024835e-14,0,0,"Biomass","3yr","trailing","base1841_2010"
1913,0,0.000663325471698113,0.0215970708522778,-0.0078125,0,1708886109621.95,0,3.88162480789816e-16,1.263809842603e-14,-4.57169144041338e-15,0,"Biomass","3yr","trailing","base1841_2010"
1914,0,0.00121609669811321,0.0269769169343142,-0.0078125,0.0078125,1708886109621.95,0,7.11631214781329e-16,1.57862579503804e-14,-4.57169144041338e-15,4.57169144041338e-15,"Biomass","3yr","trailing","base1841_2010"
1915,0,-0.00313237028301887,0.0289578893178516,-0.015625,0,1708886109621.95,0,-1.83298949261857e-15,1.69454764450381e-14,-9.14338288082677e-15,0,"Biomass","3yr","trailing","base1841_2010"
1916,0,-0.000331662735849057,0.0295398956165017,0,0.0078125,1708886109621.95,0,-1.94081240394908e-16,1.72860528564052e-14,0,4.57169144041338e-15,"Biomass","3yr","trailing","base1841_2010"
1917,0,0.00110554245283019,0.0251103413051803,-0.0078125,0.0078125,1708886109621.95,0,6.46937467983026e-16,1.46939817485762e-14,-4.57169144041338e-15,4.57169144041338e-15,"Biomass","3yr","trailing","base1841_2010"
1918,0,0.00154775943396226,0.0293584795884859,-0.0078125,0,1708886109621.95,0,9.05712455176237e-16,1.71798924592937e-14,-4.57169144041338e-15,0,"Biomass","3yr","trailing","base1841_2010"
1919,0,-0.000810731132075472,0.021335956549449,-0.001953125,0,1708886109621.95,0,-4.74420809854219e-16,1.24853004710589e-14,-1.14292286010335e-15,0,"Biomass","3yr","trailing","base1841_2010"
1920,0,0.000773879716981132,0.0331059846755799,-0.0078125,0.0078125,1708886109621.95,0,4.52856227588118e-16,1.93728443862791e-14,-4.57169144041338e-15,4.57169144041338e-15,"Biomass","3yr","trailing","base1841_2010"
1921,0,0.00136350235849057,0.0298124555455469,0,0.0078125,1708886109621.95,0,7.97889543845732e-16,1.7445548522916e-14,0,4.57169144041338e-15,"Biomass","3yr","trailing","base1841_2010"
1922,0,0.00217423349056604,0.0311135395710729,0,0.001953125,1708886109621.95,0,1.27231035369995e-15,1.82069123248688e-14,0,1.14292286010335e-15,"Biomass","3yr","trailing","base1841_2010"
1923,0,0.00486438679245283,0.0254993276728377,0,0.015625,1708886109621.95,0,2.84652485912531e-15,1.49216074314506e-14,0,9.14338288082677e-15,"Biomass","3yr","trailing","base1841_2010"
1924,0,0.000147405660377358,0.0236275649462078,-0.0078125,0.015625,1708886109621.95,0,8.62583290644035e-17,1.38262958620658e-14,-4.57169144041338e-15,9.14338288082677e-15,"Biomass","3yr","trailing","base1841_2010"
1925,0,-0.00095813679245283,0.0288873371062513,-0.015625,0,1708886109621.95,0,-5.60679138918623e-16,1.69041909484781e-14,-9.14338288082677e-15,0,"Biomass","3yr","trailing","base1841_2010"
1926,0,0.00198997641509434,0.0317834599234135,0,0.0078125,1708886109621.95,0,1.16448744236945e-15,1.85989339748597e-14,0,4.57169144041338e-15,"Biomass","3yr","trailing","base1841_2010"
1927,0,0.00173201650943396,0.022847405795232,0,0.0078125,1708886109621.95,0,1.01353536650674e-15,1.33697650572433e-14,0,4.57169144041338e-15,"Biomass","3yr","trailing","base1841_2010"
1928,0,-0.000184257075471698,0.0262652934564197,0,0.0078125,1708886109621.95,0,-1.07822911330504e-16,1.53698326111565e-14,0,4.57169144041338e-15,"Biomass","3yr","trailing","base1841_2010"
1929,0,-0.000773879716981132,0.0290974020448417,-0.0078125,0,1708886109621.95,0,-4.52856227588118e-16,1.70271160149337e-14,-4.57169144041338e-15,0,"Biomass","3yr","trailing","base1841_2010"
1930,0,0.00110554245283019,0.0284684523927036,0,0,1708886109621.95,0,6.46937467983026e-16,1.6659069456069e-14,0,0,"Biomass","3yr","trailing","base1841_2010"
1931,-25369626515.2969,-146539718300.296,491698244290.146,-86456281317.8066,-7696061966.2832,1708886109621.95,-0.0148457093614678,-0.0857516001067589,0.287730259800006,-0.0505921844826353,-0.00450355463886693,"Biomass","3yr","trailing","base1841_2010"
1932,-136369662340.898,-672864898715.388,2020832044537.5,-475346334507.727,-42386681169.0059,1708886109621.95,-0.0798003223111615,-0.393744729345505,1.18254343174722,-0.278161506393709,-0.024803689918448,"Biomass","3yr","trailing","base1841_2010"
1933,-208168432639.953,-950022281837.879,2677793135245.2,-724465418569.703,-72774210546.7734,1708886109621.95,-0.121815275733036,-0.555930717962269,1.56698162631657,-0.423940141177678,-0.0425857581362593,"Biomass","3yr","trailing","base1841_2010"
1934,-438842421870.016,-1419300468842.21,3359551835383.87,-1488518885333.97,-169260105026.342,1708886109621.95,-0.256800274400439,-0.830541287011923,1.96593079928954,-0.871046278012801,-0.0990470365891069,"Biomass","3yr","trailing","base1841_2010"
1935,-630130062108.891,-1734460875140.03,3641499258267.17,-1797421021476.62,-211348184198.969,1708886109621.95,-0.368737307045167,-1.01496575188603,2.13091980662934,-1.05180855023408,-0.123675991635115,"Biomass","3yr","trailing","base1841_2010"
1936,-720445332146.508,-1937892228069.64,3840134132144.02,-2034333334274.02,-237482144450.055,1708886109621.95,-0.421587681057276,-1.13400899987323,2.24715626777115,-1.19044406927976,-0.138968971140266,"Biomass","3yr","trailing","base1841_2010"
1937,-787503540065.512,-2095762513292.36,3974014306462.51,-2097178121338.1,-279176729490.859,1708886109621.95,-0.460828568756831,-1.22639098152421,2.32549980018368,-1.22721936209198,-0.163367662665724,"Biomass","3yr","trailing","base1841_2010"
1938,-853535875314.492,-2244086414212.94,4111711465214.83,-2222412369834.61,-313988384102.371,1708886109621.95,-0.499469139873409,-1.31318664337987,2.40607694220445,-1.30050350185494,-0.183738625022725,"Biomass","3yr","trailing","base1841_2010"
1939,-901519678997.035,-2316381406087.57,4190967508415.41,-2256472512508.3,-319886985357.93,1708886109621.95,-0.527548134378876,-1.35549197400874,2.45245571651499,-1.32043469708317,-0.187190347886143,"Biomass","3yr","trailing","base1841_2010"
1940,-1058864135431.86,-2548945377281.99,4390436653653.01,-2463032086750,-375486496860.551,1708886109621.95,-0.619622413377863,-1.49158294571537,2.56918037365538,-1.44130850668269,-0.219725875672088,"Biomass","3yr","trailing","base1841_2010"
1941,-1123730053432.18,-2700969694253.78,4574440740009.79,-2597411369982.87,-410600920577.188,1708886109621.95,-0.657580424526228,-1.5805440041006,2.67685524169997,-1.51994410590503,-0.240274011395659,"Biomass","3yr","trailing","base1841_2010"
1942,-1136090529683.82,-2685398452161.31,4562236241807.67,-2608915393947.11,-410543665098.363,1708886109621.95,-0.664813484811549,-1.57143207908419,2.66971345610443,-1.52667599043465,-0.240240506834704,"Biomass","3yr","trailing","base1841_2010"
1943,-1141085447240.01,-2696476900708.37,4592924373306.96,-2606046805365.75,-416488724258.074,1708886109621.95,-0.667736393206712,-1.57791492687883,2.68767142962092,-1.52499735979613,-0.243719415772074,"Biomass","3yr","trailing","base1841_2010"
1944,-1155394570333.79,-2706725339143.71,4602411207001.41,-2633139944069.31,-419048990633.012,1708886109621.95,-0.676109755839368,-1.5839120722577,2.6932229017998,-1.54085162799517,-0.245217623499623,"Biomass","3yr","trailing","base1841_2010"
1945,-1151668300067.85,-2689378809012,4561933668883.27,-2643592096303.33,-414786394444.805,1708886109621.95,-0.673929230030801,-1.57376129039223,2.66953639753821,-1.54696798190265,-0.242723252362655,"Biomass","3yr","trailing","base1841_2010"
1946,-1140639562646.28,-2667718152761.05,4520603384503.6,-2632125017286.15,-411007398005.191,1708886109621.95,-0.667475472018797,-1.56108598328488,2.64535088620018,-1.540257716688,-0.240511872436085,"Biomass","3yr","trailing","base1841_2010"
1947,-1170119549711.98,-2708741151651.1,4590272106691.71,-2661989760760.2,-423020593185.789,1708886109621.95,-0.684726467798866,-1.58509167837425,2.68611938551434,-1.55773386287814,-0.247541711998216,"Biomass","3yr","trailing","base1841_2010"
1948,-1257002414730.36,-2857384768906.93,4721869190573.37,-2805349782272.32,-451115567153.482,1708886109621.95,-0.735568279040223,-1.67207443071736,2.76312690704588,-1.64162477913343,-0.263982230655079,"Biomass","3yr","trailing","base1841_2010"
1949,-1372667302753.39,-3053197715067.53,4900207284931.79,-3006250450577.93,-486740717743.738,1708886109621.95,-0.803252653892225,-1.78665956606258,2.86748616969907,-1.75918712993869,-0.284829231745244,"Biomass","3yr","trailing","base1841_2010"
1950,-1394139483449.14,-3072367281227.06,4913380659238.28,-3041868967298.82,-490610960328.262,1708886109621.95,-0.815817669533027,-1.79787714577816,2.87519491882654,-1.78003024904437,-0.28709400677193,"Biomass","3yr","trailing","base1841_2010"
1951,-1411487666478.99,-3097457446666.21,4920123432558.54,-3089833267269.27,-498826347142.371,1708886109621.95,-0.825969418635657,-1.81255932108398,2.87914063134786,-1.80809783043577,-0.291901458109882,"Biomass","3yr","trailing","base1841_2010"
1952,-1443828978924.35,-3158472313184.55,4963561804624.42,-3157155888658.72,-517851858819.271,1708886109621.95,-0.844894794799265,-1.84826378738796,2.90455974606903,-1.84749344668567,-0.303034740526877,"Biomass","3yr","trailing","base1841_2010"
1953,-1478298467673.77,-3231359374313.64,5019139826372.51,-3255034433686.6,-542530029155.711,1708886109621.95,-0.865065529733173,-1.8909155830335,2.93708269855554,-1.90476967151819,-0.317475825978674,"Biomass","3yr","trailing","base1841_2010"
1954,-1511713042894.98,-3255527587700.81,4997717871832.63,-3308406265465.79,-546000809452.998,1708886109621.95,-0.884618954056227,-1.90505825366034,2.92454707408106,-1.93600161347072,-0.319506845060486,"Biomass","3yr","trailing","base1841_2010"
1955,-1520271133581.73,-3269532580029.28,4966761575161.95,-3377027038368.3,-557181269255.727,1708886109621.95,-0.889626947648401,-1.91325364611489,2.90643217660698,-1.97615687748517,-0.326049387445129,"Biomass","3yr","trailing","base1841_2010"
1956,-1534076136376.44,-3299831279145.96,4987027636554.42,-3443098968342.43,-570343423630.326,1708886109621.95,-0.897705310926668,-1.93098373295103,2.91829139957003,-2.01482061850461,-0.333751570932074,"Biomass","3yr","trailing","base1841_2010"
1957,-1552686209893.22,-3340580294924.29,5007640912517.05,-3532377364307.8,-584854660500.158,1708886109621.95,-0.908595488693341,-1.95482909956083,2.93035380434151,-2.06706423817164,-0.34224320579769,"Biomass","3yr","trailing","base1841_2010"
1958,-1548823511435.48,-3343731016276.18,5011205443069.78,-3543651964089.96,-584328126744.084,1708886109621.95,-0.906335128312393,-1.95667282766779,2.93243968387009,-2.07366186906037,-0.341935090614876,"Biomass","3yr","trailing","base1841_2010"
1959,-1566159405733.78,-3378649331657.53,5041100786201.14,-3614940185636.25,-595803867744.277,1708886109621.95,-0.916479686338051,-1.97710620540123,2.94993373626073,-2.11537806134779,-0.348650424618458,"Biomass","3yr","trailing","base1841_2010"
1960,-1601931319078.6,-3432027182453.5,5097096858096.72,-3719553288702.66,-611804517486.039,1708886109621.95,-0.937412569543906,-2.00834166954096,2.9827013218712,-2.1765951913118,-0.358013628902037,"Biomass","3yr","trailing","base1841_2010"
1961,-1634813201727.94,-3501163581304.37,5189305915687.24,-3802310616635.02,-633782170761.711,1708886109621.95,-0.956654274689847,-2.04879866574544,3.03665989586354,-2.22502283518249,-0.370874435220215,"Biomass","3yr","trailing","base1841_2010"
1962,-1619098362319.06,-3487473856366.8,5164033472796.63,-3825016999682.78,-635536625307.523,1708886109621.95,-0.947458319897778,-2.04078776036065,3.02187105607585,-2.23831007704134,-0.371901100798415,"Biomass","3yr","trailing","base1841_2010"
1963,-1608742365433.41,-3497652940232.58,5165416679151.94,-3781264494800.34,-646230643896.094,1708886109621.95,-0.941398233840932,-2.04674432107494,3.02268047593567,-2.21270713917668,-0.378158989213773,"Biomass","3yr","trailing","base1841_2010"
1964,-1604300000256.6,-3497040879966.65,5140715492954.67,-3799129538173.05,-653200962478.758,1708886109621.95,-0.938798666115622,-2.04638615778806,3.00822592214289,-2.22316134280799,-0.382237855876342,"Biomass","3yr","trailing","base1841_2010"
1965,-1581978786973.02,-3463971955869.7,5063807342223.3,-3699809278448.04,-645273644833.295,1708886109621.95,-0.925736816552975,-2.02703500038163,2.96322107934012,-2.16504146040869,-0.377598975847516,"Biomass","3yr","trailing","base1841_2010"
1966,-1546246799121.01,-3421243817233.73,4987618532312.38,-3651906296078.88,-633862993050.781,1708886109621.95,-0.904827296807438,-2.00203149757628,2.91863717788412,-2.13700976063687,-0.370921730524808,"Biomass","3yr","trailing","base1841_2010"
1967,-1543553119202.3,-3436928405545.28,5015565767156.84,-3669417016066.72,-640866731311.348,1708886109621.95,-0.903251018608707,-2.01120975013696,2.93499124307729,-2.14725662254841,-0.375020153597669,"Biomass","3yr","trailing","base1841_2010"
1968,-1538038155418.3,-3466165316551.53,5047283440838.54,-3743476902316.34,-644452333708.766,1708886109621.95,-0.900023791379847,-2.02831850351826,2.95355168048919,-2.19059472789822,-0.377118363874662,"Biomass","3yr","trailing","base1841_2010"
1969,-1533135039452.38,-3490261081028.44,5093852491254.8,-3736773329695.58,-648607299319.582,1708886109621.95,-0.897154603118369,-2.04241877874505,2.98080279462374,-2.18667195470519,-0.379549752126589,"Biomass","3yr","trailing","base1841_2010"
1970,-1530682596683.28,-3490644144808.59,5088633666507.98,-3772875504976.52,-651611832130.746,1708886109621.95,-0.895719491231576,-2.04264293866887,2.97774886100146,-2.20779809943635,-0.3813079341343,"Biomass","3yr","trailing","base1841_2010"
1971,-1512955620783.21,-3472585413957.22,5058362867952.65,-3714368304242.04,-645805795427.049,1708886109621.95,-0.88534608144127,-2.03207539367585,2.96003510091828,-2.1735610602299,-0.377910377871769,"Biomass","3yr","trailing","base1841_2010"
1972,-1507965824886.78,-3477696655735.76,5065813277489.24,-3729537072658.23,-650925208067.406,1708886109621.95,-0.882426170121063,-2.03506637227282,2.96439490552704,-2.18243746710733,-0.380906137865096,"Biomass","3yr","trailing","base1841_2010"
1973,-1630570057334.59,-3572075849502.27,5092301461030.7,-3842738076524.83,-687706003328.09,1708886109621.95,-0.954171286286194,-2.09029485896664,2.97989516817902,-2.24868003484149,-0.402429395063799,"Biomass","3yr","trailing","base1841_2010"
1974,-1645153273427.33,-3615988070692.97,5070832035078.63,-4327107318116.77,-736011295746.484,1708886109621.95,-0.962705041701859,-2.11599125906227,2.9673317645495,-2.53212153446202,-0.430696517223906,"Biomass","3yr","trailing","base1841_2010"
1975,-1640779951975.51,-3605921726947.29,5024047473550.44,-4420230244675.55,-733822038894.223,1708886109621.95,-0.960145876742186,-2.11010067121735,2.93995453837581,-2.58661488310267,-0.429415415551925,"Biomass","3yr","trailing","base1841_2010"
1976,-1688184061468.24,-3645636391184.3,5033707960454.15,-4491670491903.54,-778414641258.145,1708886109621.95,-0.987885647828051,-2.13334075960791,2.94560762833267,-2.62842003724708,-0.455509958724136,"Biomass","3yr","trailing","base1841_2010"
1977,-1738412294344.36,-3688997988588.1,5028420517421.78,-4514983211134.39,-807020905492.363,1708886109621.95,-1.01727802956333,-2.15871494760069,2.94251354090191,-2.64206209279401,-0.472249672431884,"Biomass","3yr","trailing","base1841_2010"
1978,-1872927117357.97,-3777343017516.36,5043616434010.34,-4754858864689.36,-875414150975.896,1708886109621.95,-1.09599294348077,-2.21041238280766,2.95140583425195,-2.78243168922548,-0.512271792746657,"Biomass","3yr","trailing","base1841_2010"
1979,-1996811310343.28,-3942200865926.2,5080978104677.31,-4915160410802.11,-999287533474.984,1708886109621.95,-1.16848706247898,-2.30688332225856,2.97326900609038,-2.87623638762531,-0.584759585702322,"Biomass","3yr","trailing","base1841_2010"
1980,-2223879672110.59,-4195033185349.44,5168813857905.91,-5401093477635.41,-1223607964872.7,1708886109621.95,-1.30136213267166,-2.45483485513115,3.02466842512365,-3.16059300103403,-0.716026631607063,"Biomass","3yr","trailing","base1841_2010"
1981,-2154208014867.02,-4123079251179.09,5227114040248.57,-5258202191197.44,-1066940672872.96,1708886109621.95,-1.260591915832,-2.41272910345747,3.05878432203123,-3.07697637753091,-0.624348613325083,"Biomass","3yr","trailing","base1841_2010"
1982,-2077301250090.46,-4014839317262.75,5166437005335,-5044628617930.1,-1031716904967.33,1708886109621.95,-1.21558788405742,-2.34938963729475,3.0232775468448,-2.9519981404999,-0.603736491951224,"Biomass","3yr","trailing","base1841_2010"
1983,-2031310680373.03,-3961095326916.76,5135470071021.16,-4989950979001.99,-978911334123.406,1708886109621.95,-1.18867528323605,-2.31793991689303,3.00515642447188,-2.92000207088458,-0.57283591259336,"Biomass","3yr","trailing","base1841_2010"
1984,-2004892809282.8,-3957067510316.8,5181828437477.76,-5007295183561.7,-983620910552.648,1708886109621.95,-1.1732161657785,-2.31558293325481,3.03228425130339,-2.93015149187996,-0.575591846065301,"Biomass","3yr","trailing","base1841_2010"
1985,-1961693610616.82,-3938727998159.56,5181041757124.46,-5013802208901.08,-968314631211.266,1708886109621.95,-1.14793700971143,-2.30485108163874,3.03182390444419,-2.93395925022192,-0.566634971025355,"Biomass","3yr","trailing","base1841_2010"
1986,-1904355547707.96,-3838560684197.26,5099288382487.5,-4972412942815.29,-912614201929.93,1708886109621.95,-1.11438412249091,-2.24623552300185,2.98398375045344,-2.90973922417528,-0.534040388526432,"Biomass","3yr","trailing","base1841_2010"
1987,-1851327561393.05,-3791827280658.19,5090195921592.55,-4956481915264.5,-882157428588.699,1708886109621.95,-1.08335339082522,-2.21888823328141,2.97866305597079,-2.90041676116204,-0.516217800368133,"Biomass","3yr","trailing","base1841_2010"
1988,-1831242713362.25,-3767311808601.98,5086937652197,-4936516173413.43,-868002576597.406,1708886109621.95,-1.07160020966369,-2.20454235504051,2.9767563932756,-2.88873327813842,-0.507934713559952,"Biomass","3yr","trailing","base1841_2010"
1989,-1816726491144.82,-3750603295990.22,5115718771154.36,-4948908072948.15,-841052918696.66,1708886109621.95,-1.06310565748979,-2.19476492603708,2.993598427859,-2.89598472659069,-0.492164406955548,"Biomass","3yr","trailing","base1841_2010"
1990,-1776871573364.16,-3751296446346.07,5146270267977.66,-4962552585028.49,-826973928094.828,1708886109621.95,-1.03978349602084,-2.19517054133932,3.01147644597342,-2.90396917447374,-0.483925712450068,"Biomass","3yr","trailing","base1841_2010"
1991,-1765827655176.92,-3741043964255.63,5139655884108.21,-4969907781899.92,-822177070389.18,1708886109621.95,-1.03332085458145,-2.1891710297085,3.00760586394212,-2.90827326286794,-0.481118704025903,"Biomass","3yr","trailing","base1841_2010"
1992,-1735539361785.11,-3670979328337.42,5038063204570.1,-4922353845905.7,-794598499165.172,1708886109621.95,-1.015596856931,-2.14817085098172,2.94815621486013,-2.88044581683366,-0.464980372121439,"Biomass","3yr","trailing","base1841_2010"
1993,-1701418452979.04,-3645237973496.64,5015638549160.68,-4891269889612.6,-787808236252.707,1708886109621.95,-0.995630102789844,-2.13310761493816,2.93503383339588,-2.86225621594799,-0.461006869806549,"Biomass","3yr","trailing","base1841_2010"
1994,-1722949241966.12,-3658655015599.88,5041347297299.22,-4909027443735.4,-784207718149.035,1708886109621.95,-1.0082294146257,-2.14095895273517,2.95007798876339,-2.87264751939578,-0.458899931208711,"Biomass","3yr","trailing","base1841_2010"
1995,-1689221197894.53,-3636516029491.25,4998952972424.99,-4916523370747.5,-772230324557.621,1708886109621.95,-0.988492555696547,-2.12800373823375,2.92526982592824,-2.87703395976175,-0.451891041895389,"Biomass","3yr","trailing","base1841_2010"
1996,-1670363482479.77,-3580059146186.04,4908962559749.06,-4872149758520.32,-756612506198.895,1708886109621.95,-0.977457463709675,-2.09496649661342,2.87260955081147,-2.85106756447226,-0.442751861542298,"Biomass","3yr","trailing","base1841_2010"
1997,-1661817630303.81,-3548587093132.29,4865048028042.09,-4832812809563.46,-744721960991.766,1708886109621.95,-0.972456631806463,-2.07654979062199,2.84691179865601,-2.82804850618898,-0.435793793862902,"Biomass","3yr","trailing","base1841_2010"
1998,-1662953376206.8,-3549653111822.97,4871621476296.13,-4849191737623.24,-745572632019.66,1708886109621.95,-0.973121243623828,-2.077173599713,2.85075842612698,-2.83763307005638,-0.436291586561377,"Biomass","3yr","trailing","base1841_2010"
1999,-1658310473643.78,-3539089014214.63,4859240690821.19,-4842149862949.41,-736877399355.578,1708886109621.95,-0.970404326131858,-2.0709917380027,2.84351348136136,-2.83351233045052,-0.4312033407063,"Biomass","3yr","trailing","base1841_2010"
2000,-1629741636481.01,-3516838522914.97,4826885390085.1,-4849162584083.35,-731241185486.871,1708886109621.95,-0.95368651386695,-2.05797127328338,2.82457991957869,-2.83761601008982,-0.427905160776712,"Biomass","3yr","trailing","base1841_2010"
2001,-1616596846955.57,-3482282688688.24,4779910563820.04,-4833137229952.47,-709606700382.348,1708886109621.95,-0.945994491881732,-2.0377500110049,2.79709135495137,-2.82823834937817,-0.415245168409339,"Biomass","3yr","trailing","base1841_2010"
2002,-1620375875039.14,-3464890831380.89,4765587047212.32,-4798262721729.73,-694945589179.449,1708886109621.95,-0.948205890325607,-2.02757270474123,2.78870956957254,-2.80783060656467,-0.406665830605405,"Biomass","3yr","trailing","base1841_2010"
2003,-1640773109165.65,-3504959196567.18,4847316041294.24,-4845547806841.6,-705448183858.584,1708886109621.95,-0.960141872490631,-2.05101977061688,2.83653545663531,-2.8355007273794,-0.412811702246586,"Biomass","3yr","trailing","base1841_2010"
2004,-1618553337724.43,-3496434674224.67,4842221412323.84,-4821952447945.71,-696458710209.941,1708886109621.95,-0.947139384310691,-2.04603142043104,2.83355419946334,-2.82169327774128,-0.407551273480721,"Biomass","3yr","trailing","base1841_2010"
2005,-1621828059163.1,-3528620525446.63,4910155654513.24,-4823592880033.19,-701116228173.852,1708886109621.95,-0.949055674354968,-2.06486582433937,2.87330772183495,-2.8226532200559,-0.410276743561896,"Biomass","3yr","trailing","base1841_2010"
2006,-1636406887676.93,-3557956893983.02,4954222858935.91,-4879729970203.68,-719226227052.289,1708886109621.95,-0.957586862262547,-2.08203277793049,2.89909481447649,-2.85550332624753,-0.420874289399778,"Biomass","3yr","trailing","base1841_2010"
2007,-1594846934799.13,-3501597137050.35,4862933199997.42,-4827937331195.01,-701736760862.256,1708886109621.95,-0.93326695431561,-2.04905237238133,2.84567425097347,-2.82519549080019,-0.410639864711346,"Biomass","3yr","trailing","base1841_2010"
2008,-1586900755979.62,-3469931235273.21,4822633793915.03,-4804012107655.21,-696935095255.066,1708886109621.95,-0.928617037170886,-2.03052223067156,2.82209198539388,-2.81119501212283,-0.407830042816163,"Biomass","3yr","trailing","base1841_2010"
2009,-1586672767587.83,-3467815661631.21,4821648869451.37,-4791275310270.86,-698704449433.957,1708886109621.95,-0.928483623720743,-2.02928424668299,2.82151563073916,-2.80374173755255,-0.408865427309564,"Biomass","3yr","trailing","base1841_2010"
2010,-1572819038977.96,-3509872210864.08,4907939389406.08,-4813825005295.97,-703384445032.408,1708886109621.95,-0.92037674724029,-2.05389475114907,2.87201081556678,-2.81693728926201,-0.411604050774346,"Biomass","3yr","trailing","base1841_2010"
1900,0,0.00124834168632075,0.0221132991233476,-0.00634765625,0.00341796875,671433401563.086,0,1.85921892389422e-15,3.29344638974889e-14,-9.45388810747687e-15,5.09055513479524e-15,"Biomass variability","3yr","trailing","base1841_2010"
1901,0,0.000621867629716981,0.0187142738988398,-0.0069580078125,0.0025634765625,671433401563.086,0,9.26179168729592e-16,2.78721223211018e-14,-1.03629158101189e-14,3.81791635109643e-15,"Biomass variability","3yr","trailing","base1841_2010"
1902,0,-0.00312373323260613,0.0163901351639365,-0.0087890625,0.00323486328125,671433401563.086,0,-4.65233517625744e-15,2.44106640000043e-14,-1.30899989180449e-14,4.81784682400264e-15,"Biomass variability","3yr","trailing","base1841_2010"
1903,0,-0.00281625423791274,0.015890447324725,-0.00555419921875,0.00341796875,671433401563.086,0,-4.19439103171892e-15,2.36664534229788e-14,-8.27215209404226e-15,5.09055513479524e-15,"Biomass variability","3yr","trailing","base1841_2010"
1904,0,-0.0010622132499263,0.0170034804047387,-0.006134033203125,0.004913330078125,671433401563.086,0,-1.58200835325362e-15,2.53241503403836e-14,-9.13572841155217e-15,7.31767300626815e-15,"Biomass variability","3yr","trailing","base1841_2010"
1905,0,5.98835495283019e-05,0.0158449327939497,-0.00439453125,0.003173828125,671433401563.086,0,8.91876236554422e-17,2.35986663115998e-14,-6.54499945902245e-15,4.72694405373844e-15,"Biomass variability","3yr","trailing","base1841_2010"
1906,0,0,0.0133181762381959,-0.005859375,0.00445556640625,671433401563.086,0,0,1.98354389388306e-14,-8.72666594536327e-15,6.63590222928665e-15,"Biomass variability","3yr","trailing","base1841_2010"
1907,0,-0.000409108287883255,0.0161093089818981,-0.002838134765625,0.0040283203125,671433401563.086,0,-6.09305832761458e-16,2.39924152483268e-14,-4.22697881728533e-15,5.99958283743724e-15,"Biomass variability","3yr","trailing","base1841_2010"
1908,0,0.000158345924233491,0.017169191778775,-0.0040283203125,0.00311279296875,671433401563.086,0,2.35832658704294e-16,2.55709527390288e-14,-5.99958283743724e-15,4.63604128347423e-15,"Biomass variability","3yr","trailing","base1841_2010"
1909,0,0.00124776588295991,0.0172218561614741,-0.00439453125,0.004638671875,671433401563.086,0,1.85836135058984e-15,2.56493884894346e-14,-6.54499945902245e-15,6.90861054007925e-15,"Biomass variability","3yr","trailing","base1841_2010"
1910,0,0.000175638018913989,0.0134571332976742,-0.00432586669921875,0.004547119140625,671433401563.086,0,2.61586657001434e-16,2.00423947726554e-14,-6.44273384247522e-15,6.77225638468295e-15,"Biomass variability","3yr","trailing","base1841_2010"
1911,0,0.000921717229879127,0.0176008100053428,-0.004669189453125,0.0015411376953125,671433401563.086,0,1.37276046698509e-15,2.62137837712101e-14,-6.95406192521135e-15,2.29529494917107e-15,"Biomass variability","3yr","trailing","base1841_2010"
1912,0,-0.000985199550412736,0.0116921432838339,-0.00341796875,0.001953125,671433401563.086,0,-1.4673079237929e-15,1.74137051517169e-14,-5.09055513479524e-15,2.90888864845442e-15,"Biomass variability","3yr","trailing","base1841_2010"
1913,0,-0.00102608158903302,0.0129098243106657,-0.005096435546875,0.002471923828125,671433401563.086,0,-1.52819562840383e-15,1.92272595921082e-14,-7.59038131706076e-15,3.68156219570013e-15,"Biomass variability","3yr","trailing","base1841_2010"
1914,0,-0.00177894448334316,0.0184029869188245,-0.008270263671875,0.0055694580078125,671433401563.086,0,-2.6494727238797e-15,2.74085067498617e-14,-1.23173253707992e-14,8.29487778660831e-15,"Biomass variability","3yr","trailing","base1841_2010"
1915,0,0.000398887778228184,0.0147567484031333,-0.0042724609375,0.0045166015625,671433401563.086,0,5.94083906608727e-16,2.19779778140019e-14,-6.36319391849405e-15,6.72680499955085e-15,"Biomass variability","3yr","trailing","base1841_2010"
1916,0,-0.00293602133696934,0.0181597153851834,-0.00714111328125,0.00445556640625,671433401563.086,0,-4.3727662790298e-15,2.70461900508791e-14,-1.06356241209115e-14,6.63590222928665e-15,"Biomass variability","3yr","trailing","base1841_2010"
1917,0,-0.000356530243495725,0.020162952493738,-0.0069580078125,0.0060577392578125,671433401563.086,0,-5.30998670405328e-16,3.00297132177204e-14,-1.03629158101189e-14,9.02209994872192e-15,"Biomass variability","3yr","trailing","base1841_2010"
1918,0,0.00165255564563679,0.0189150143589126,-0.0028076171875,0.0067138671875,671433401563.086,0,2.46123538356845e-15,2.81710953236445e-14,-4.18152743215323e-15,9.99930472906207e-15,"Biomass variability","3yr","trailing","base1841_2010"
1919,0,0.000142007503869399,0.0161098001979885,-0.00321197509765625,0.007232666015625,671433401563.086,0,2.11499016192533e-16,2.39931468414964e-14,-4.78375828515356e-15,1.07719782763078e-14,"Biomass variability","3yr","trailing","base1841_2010"
1920,0,0.000375423791273585,0.0228376644630348,-0.00439453125,0.004638671875,671433401563.086,0,5.59137794455272e-16,3.40132981318312e-14,-6.54499945902245e-15,6.90861054007925e-15,"Biomass variability","3yr","trailing","base1841_2010"
1921,0,0.000650657797759434,0.0175234749846391,-0.00390625,0.00390625,671433401563.086,0,9.69057833948554e-16,2.60986047817174e-14,-5.81777729690884e-15,5.81777729690884e-15,"Biomass variability","3yr","trailing","base1841_2010"
1922,0,0.000191742519162736,0.0134784965106793,-0.0059814453125,0.0028076171875,671433401563.086,0,2.85571910358291e-16,2.00742120950515e-14,-8.90847148589167e-15,4.18152743215323e-15,"Biomass variability","3yr","trailing","base1841_2010"
1923,0,0.000641444943985849,0.0184341712001006,-0.00341796875,0.00634765625,671433401563.086,0,9.55336661078486e-16,2.74549510899906e-14,-5.09055513479524e-15,9.45388810747687e-15,"Biomass variability","3yr","trailing","base1841_2010"
1924,0,0.00214155664983785,0.0143441391134371,-0.002593994140625,0.00738525390625,671433401563.086,0,3.18952951231253e-15,2.13634577607312e-14,-3.86336773622853e-15,1.09992352019683e-14,"Biomass variability","3yr","trailing","base1841_2010"
1925,0,0.00281798164799528,0.0151170416284768,-0.001953125,0.0087890625,671433401563.086,0,4.19696375163206e-15,2.25145808851401e-14,-2.90888864845442e-15,1.30899989180449e-14,"Biomass variability","3yr","trailing","base1841_2010"
1926,0,7.71576503537736e-05,0.0157703475581322,-0.00323486328125,0.00592041015625,671433401563.086,0,1.1491482278682e-16,2.34875827169442e-14,-4.81784682400264e-15,8.81756871562747e-15,"Biomass variability","3yr","trailing","base1841_2010"
1927,0,0.00141244564416274,0.0180746170773889,-0.001708984375,0.00543212890625,671433401563.086,0,2.1036273156423e-15,2.69194488020874e-14,-2.54527756739762e-15,8.09034655351386e-15,"Biomass variability","3yr","trailing","base1841_2010"
1928,0,-0.000601138708726415,0.0177622245670596,-0.0045166015625,0.00537109375,671433401563.086,0,-8.95306529771939e-16,2.6454186708182e-14,-6.72680499955085e-15,7.99944378324966e-15,"Biomass variability","3yr","trailing","base1841_2010"
1929,0,-0.0013439250442217,0.0179630851131018,-0.00537109375,0.0048828125,671433401563.086,0,-2.00157609242117e-15,2.6753338560882e-14,-7.99944378324966e-15,7.27222162113605e-15,"Biomass variability","3yr","trailing","base1841_2010"
1930,0,-0.0015255370230045,0.0174797437072799,-0.00447845458984375,0.0030517578125,671433401563.086,0,-2.27206007245554e-15,2.60334735605756e-14,-6.66999076813572e-15,4.54513851321003e-15,"Biomass variability","3yr","trailing","base1841_2010"
1931,-4797611770.17734,15538383391.4457,219848449460.473,-23169087440.3345,-1645782657.42311,671433401563.086,-0.00714532782999561,0.023142106656107,0.327431505416128,-0.0345069032705213,-0.00245114802688063,"Biomass variability","3yr","trailing","base1841_2010"
1932,-65464282447.3125,-49310929027.6625,783615090668.721,-212650018321.402,-18884274059.3423,671433401563.086,-0.0974992937421831,-0.0734412808669743,1.16707790950596,-0.31671051488704,-0.0281253122281079,"Biomass variability","3yr","trailing","base1841_2010"
1933,-37763225051.5103,68977039668.7781,942394331584.31,-134992049198.267,-9830766841.0564,671433401563.086,-0.0562426965408603,0.102731022180607,1.40355592883886,-0.201050541846753,-0.0146414623076102,"Biomass variability","3yr","trailing","base1841_2010"
1934,149407959416.337,376581301945.426,707082161530.522,45568382689.3332,383367046134.565,671433401563.086,0.222520891973079,0.560861734118009,1.05309351587879,0.0678673157803153,0.570968088930477,"Biomass variability","3yr","trailing","base1841_2010"
1935,130580551336.453,348263306581.78,576086222060.813,37359827959.9319,362908810798.19,671433401563.086,0.194480273147662,0.518686299744738,0.85799458400445,0.0556418966839584,0.540498595919334,"Biomass variability","3yr","trailing","base1841_2010"
1936,38748345781.0008,152705470148.817,345413352577.301,7253544880.49364,182199929352.36,671433401563.086,0.0577098870726349,0.227432042840467,0.514441717932387,0.0108030742343284,0.271359644796046,"Biomass variability","3yr","trailing","base1841_2010"
1937,76482268089.705,173807911288.241,251153658326.537,22718896485.6039,201988829267.003,671433401563.086,0.113908941544546,0.258860984400864,0.374055949170618,0.0338364109273007,0.300832262435524,"Biomass variability","3yr","trailing","base1841_2010"
1938,49673832177.0053,130061679957.292,216752453489.069,13887422649.2346,137186639538.613,671433401563.086,0.0739817710309994,0.19370749154646,0.322820480757247,0.0206832466435315,0.204319057138422,"Biomass variability","3yr","trailing","base1841_2010"
1939,33338938588.3937,90002404594.605,159584717595.649,11742620972.955,98121366536.7047,671433401563.086,0.0496533811257843,0.13404517020613,0.237677656822163,0.0174888841478818,0.146137154196201,"Biomass variability","3yr","trailing","base1841_2010"
1940,-62279060751.9365,-141716073396.423,208442354613.236,-178330426012.669,-22484375964.5292,671433401563.086,-0.0927553806631483,-0.21106497392967,0.310443826786076,-0.265596596173974,-0.0334871275575299,"Biomass variability","3yr","trailing","base1841_2010"
1941,-48453620843.04,-85571647293.1172,95981992871.7317,-128174404754.044,-16559076048.6296,671433401563.086,-0.0721644480751789,-0.127446217441533,0.142950875914554,-0.190896676357858,-0.0246622762735371,"Biomass variability","3yr","trailing","base1841_2010"
1942,9863822090.60742,42912156372.6765,88802288504.7652,1053346005.98596,37659640445.2051,671433401563.086,0.0146906931761878,0.063911262491228,0.132257776122002,0.00156880191473017,0.0560884227051172,"Biomass variability","3yr","trailing","base1841_2010"
1943,744447052.083801,7635599361.23425,38167854100.9126,-7678516138.91614,11007501208.7847,671433401563.086,0.00110874295254115,0.0113720874526926,0.0568453312153647,-0.0114360055979352,0.01639403280081,"Biomass variability","3yr","trailing","base1841_2010"
1944,2195793064.87665,6403347907.31913,19945625322.7886,-224294799.740967,6616210177.95226,671433401563.086,0.00327030657063661,0.00953683253232896,0.0297060367809459,-0.000334053681599414,0.00985385916540617,"Biomass variability","3yr","trailing","base1841_2010"
1945,500193401.998047,-4757829082.54916,41591942325.0497,-6716651310.76892,4847511708.45728,671433401563.086,0.000744963537461206,-0.00708607744487095,0.0619450003950121,-0.0100034512658034,0.00721964635237441,"Biomass variability","3yr","trailing","base1841_2010"
1946,-2124604219.49805,-8056906661.66776,21944887161.9561,-8635140640.62244,871427397.582581,671433401563.086,-0.00316428139343679,-0.0119995618968485,0.032683639376398,-0.0128607552447048,0.00129786125556744,"Biomass variability","3yr","trailing","base1841_2010"
1947,5836259505.00348,12650859630.6194,22190761997.5516,1928497052.93207,15582645437.0074,671433401563.086,0.00869223886005189,0.0188415702900219,0.0330498333057186,0.00287220899115617,0.0232080283773956,"Biomass variability","3yr","trailing","base1841_2010"
1948,-29364921514.3511,-56918088899.5152,75636414285.8789,-67165903590.1366,-10973842251.167,671433401563.086,-0.0437346748701956,-0.0847710119380579,0.112649168346106,-0.100033604872465,-0.0163439027990267,"Biomass variability","3yr","trailing","base1841_2010"
1949,-80237428957.4122,-125377118337.153,131510297212.408,-157795767552.719,-30023412110.0792,671433401563.086,-0.119501694092997,-0.186730535069119,0.195864991086612,-0.235013282308227,-0.0447153984895377,"Biomass variability","3yr","trailing","base1841_2010"
1950,28304440322.971,81942473240.5685,117107725463.5,9091036471.05697,105276137522.602,671433401563.086,0.0421552461600491,0.122041103480714,0.174414506622511,0.0135397441501915,0.156793119433023,"Biomass variability","3yr","trailing","base1841_2010"
1951,-2470115045.83615,-6543866603.57701,30973761104.8656,-14085944828.8301,4864853859.94489,671433401563.086,-0.00367886828401114,-0.00974611419143433,0.0461308017038759,-0.0209789158478537,0.00724547490282668,"Biomass variability","3yr","trailing","base1841_2010"
1952,-25414350128.468,-43849170359.2095,55014442531.9801,-60383310122.6023,-11021289948.3352,671433401563.086,-0.037850887473432,-0.0653068051978489,0.0819358143397505,-0.0899319425903313,-0.0164145690736829,"Biomass variability","3yr","trailing","base1841_2010"
1953,-19877653643.11,-33772035621.7565,43147835866.9415,-45220395209.9423,-6765600035.18356,671433401563.086,-0.02960480309266,-0.0502984146203268,0.064262271978865,-0.0673490402840698,-0.0100763530968721,"Biomass variability","3yr","trailing","base1841_2010"
1954,18538350330.3508,44032677506.1708,101874414804.85,4517113539.07953,48614286398.3172,671433401563.086,0.0276101103805587,0.0655801117484823,0.151726760342408,0.00672756751237541,0.0724037354786698,"Biomass variability","3yr","trailing","base1841_2010"
1955,5133506254.3002,21612626291.3471,69237147304.5144,-1911863853.56458,28917782214.6335,671433401563.086,0.00764559261179066,0.0321887863204798,0.10311841374488,-0.00284743631924445,0.0430687275123838,"Biomass variability","3yr","trailing","base1841_2010"
1956,5924609712.5419,24346909965.8967,51633181261.7043,2197607220.16232,27297301198.9231,671433401563.086,0.00882382332894001,0.0362610944126662,0.0768999295261498,0.00327300848460373,0.0406552625105863,"Biomass variability","3yr","trailing","base1841_2010"
1957,15090472627.7209,36725274102.501,56257160274.0069,5020761887.61476,44718406293.9804,671433401563.086,0.0224750103176139,0.0546968232694489,0.083786657236654,0.00747767667787529,0.0666014025961126,"Biomass variability","3yr","trailing","base1841_2010"
1958,6458384496.61865,21723868818.6225,43628206432.7947,1506171187.52408,28932741273.5833,671433401563.086,0.00961880133097883,0.032354465488386,0.0649777123557287,0.00224321754624917,0.0430910068016103,"Biomass variability","3yr","trailing","base1841_2010"
1959,5381783518.28473,16480296777.758,37498272608.9266,1264889950.14517,22986133704.7735,671433401563.086,0.0080153646002061,0.0245449462886299,0.055848089358723,0.00188386509697094,0.0342344209437037,"Biomass variability","3yr","trailing","base1841_2010"
1960,-16960972707.6846,-35876043298.3132,56353027894.9124,-46842078884.476,-5527786333.01001,671433401563.086,-0.025260841459778,-0.0534320205321844,0.0839294377725676,-0.069764296466974,-0.00823281403656925,"Biomass variability","3yr","trailing","base1841_2010"
1961,-10630719316.8779,-22524888962.2231,36327650703.5694,-30408778110.9497,-3265366683.49048,671433401563.086,-0.0158328723178349,-0.0335474656306725,0.0541046224673947,-0.0452893437236792,-0.00486327709626712,"Biomass variability","3yr","trailing","base1841_2010"
1962,4958790986.93005,19189113363.8706,41736491147.4519,-198474345.841919,18444792607.8096,671433401563.086,0.00738538025571273,0.028579324947491,0.0621602843264723,-0.000295597963074035,0.0274707700940562,"Biomass variability","3yr","trailing","base1841_2010"
1963,-1082968118.60352,3292629051.21966,29153450778.4713,-6558817799.69269,5677490689.30695,671433401563.086,-0.00161291963742403,0.00490388033058003,0.0434197207207782,-0.00976838177014112,0.00845577636752929,"Biomass variability","3yr","trailing","base1841_2010"
1964,374407853.345535,-2506104602.43522,32872245384.2914,-1010837433.99141,3338268680.11261,671433401563.086,0.000557624706298376,-0.00373246936568995,0.0489583111411577,-0.00150549173103125,0.00497185375696409,"Biomass variability","3yr","trailing","base1841_2010"
1965,-2117353979.10522,-18259217255.1568,81041539318.5218,-14242851478.832,2586139963.37354,671433401563.086,-0.00315348324074444,-0.0271943832592326,0.120699296653783,-0.0212126049220591,0.00385167010957906,"Biomass variability","3yr","trailing","base1841_2010"
1966,-5389687191.5105,-15398643365.68,38851658412.6199,-19319811884.9816,-1005163343.38733,671433401563.086,-0.0080271359437338,-0.0229339847106685,0.0578637558426106,-0.0287739809190388,-0.00149704101858401,"Biomass variability","3yr","trailing","base1841_2010"
1967,1987554215.82001,11462398825.6643,34229182416.5362,-627158093.860199,9029124038.49951,671433401563.086,0.00296016583505231,0.0170715350159525,0.0509792666507969,-0.000934058526728318,0.013447534807592,"Biomass variability","3yr","trailing","base1841_2010"
1968,-3489715251.17712,-13310599482.4135,39319397573.5489,-17080958290.9808,-536194126.820282,671433401563.086,-0.00519741085720955,-0.0198241544901201,0.0585603836240705,-0.025439542106807,-0.00079858125254423,"Biomass variability","3yr","trailing","base1841_2010"
1969,-8338034480.67822,-21969143758.7278,44886803723.2911,-29710635895.7287,-2028921321.62708,671433401563.086,-0.0124182598918484,-0.0327197659627656,0.0668522054738346,-0.0442495649256692,-0.00302177597495713,"Biomass variability","3yr","trailing","base1841_2010"
1970,2110945277.47769,7630202443.98073,23823505780.2871,-441717617.141129,7793871420.08417,671433401563.086,0.00314393843464362,0.0113640495486488,0.0354815618717007,-0.000657872569509972,0.0116078100999148,"Biomass variability","3yr","trailing","base1841_2010"
1971,1871885076.79089,3002890547.5755,23514072786.2551,-291493023.5755,9139673409.05753,671433401563.086,0.00278789388855719,0.00447235800391345,0.0350207075363167,-0.000434135422659804,0.0136121816218563,"Biomass variability","3yr","trailing","base1841_2010"
1972,1419104162.22339,4660169701.3575,15623723065.7628,-873767152.991882,8786468595.44995,671433401563.086,0.00211354418609461,0.00694062834900483,0.0232692073843676,-0.00130134597259798,0.0130861356837405,"Biomass variability","3yr","trailing","base1841_2010"
1973,-1732704355.70514,17806660189.021,177544798775.474,-5916221137.06424,608539906.856628,671433401563.086,-0.00258060494409636,0.026520366945653,0.264426521472051,-0.00881132979576437,0.00090632951151962,"Biomass variability","3yr","trailing","base1841_2010"
1974,2326355840.5769,66268027319.6842,394786882692.211,-5594139924.71753,9355939781.87415,671433401563.086,0.00346476036962294,0.0986963519619569,0.587976233790505,-0.00833163782393677,0.0139342781578838,"Biomass variability","3yr","trailing","base1841_2010"
1975,-2421287487.53119,27095377903.9728,222608490947.164,-15756049070.2645,2978135192.15335,671433401563.086,-0.00360614691180759,0.04035452785175,0.331542175931277,-0.0234662872499114,0.00443548859085697,"Biomass variability","3yr","trailing","base1841_2010"
1976,9928761415.44299,22465933672.1877,66274986708.4379,1556363083.26059,22047009076.2014,671433401563.086,0.0147874106237923,0.0334596605112099,0.098706716934473,0.00231797089575437,0.0328357347502766,"Biomass variability","3yr","trailing","base1841_2010"
1977,15715562594.5488,36089223317.9714,64018321439.731,4656878576.37091,38034804230.4204,671433401563.086,0.0234059886773033,0.053749520405086,0.0953457502869197,0.0069357267087544,0.0566471732592927,"Biomass variability","3yr","trailing","base1841_2010"
1978,23568412127.4357,47740943721.2148,116723889888.42,3585579967.22134,61820103199.8197,671433401563.086,0.0351016378877917,0.0711030216996573,0.173842840729533,0.00534018706676518,0.0920718317794491,"Biomass variability","3yr","trailing","base1841_2010"
1979,62800799168.1559,106436905213.098,190518577648.573,17313597885.4207,121051476440.237,671433401563.086,0.0935324322888267,0.158521909939712,0.283749031854907,0.0257860241166361,0.180288136036175,"Biomass variability","3yr","trailing","base1841_2010"
1980,-99175207964.588,-158621892639.313,193562968905.537,-183717042099.219,-35600081181.7148,671433401563.086,-0.147706693968024,-0.236243672522165,0.288283198981352,-0.273619158164501,-0.0530210160811756,"Biomass variability","3yr","trailing","base1841_2010"
1981,-73286690399.3158,-121846759275.649,166910181362.616,-131041226415.212,-25965245849.258,671433401563.086,-0.109149604754106,-0.181472591312841,0.248587843521117,-0.195166380031363,-0.0386713645594803,"Biomass variability","3yr","trailing","base1841_2010"
1982,-27976414344.83,-69015393628.8333,127869836734.578,-114263500012.226,-63187303.9941406,671433401563.086,-0.0416667003454123,-0.10278814468891,0.19044306767715,-0.170178456636537,-9.41080736332771e-05,"Biomass variability","3yr","trailing","base1841_2010"
1983,23523999023.2085,51250567528.2525,97251663428.7297,5368386556.70918,55805336150.2642,671433401563.086,0.0350354911871304,0.0763300833842076,0.144841861013065,0.00799541182224725,0.0831137325315516,"Biomass variability","3yr","trailing","base1841_2010"
1984,12577494104.7427,29562437409.4824,77625939746.848,-908135127.716064,43957857067.5811,671433401563.086,0.0187323032715716,0.0440288453637568,0.115612270057069,-0.00135253194970929,0.0654686778543455,"Biomass variability","3yr","trailing","base1841_2010"
1985,-2440614696.77124,-4658842942.32142,15681648122.6198,-12436908731.6934,1421272232.86816,671433401563.086,-0.00363493190998471,-0.00693865233912359,0.023355478125028,-0.0185229223073211,0.00211677320425148,"Biomass variability","3yr","trailing","base1841_2010"
1986,-11221874742.2809,-19740767503.2129,28216638061.6311,-25214065410.2553,-1568921305.26184,671433401563.086,-0.0167133102347255,-0.0294009315849595,0.0420244777753732,-0.0375525932304788,-0.00233667449609957,"Biomass variability","3yr","trailing","base1841_2010"
1987,-13775082858.7728,-19399504159.2999,50014225231.3503,-36521882460.4231,-692603253.735596,671433401563.086,-0.0205159332656144,-0.0288926706865315,0.0744887357627994,-0.0543939017263674,-0.00103152934024912,"Biomass variability","3yr","trailing","base1841_2010"
1988,-16342008005.3856,-27574647684.2532,42991348683.5376,-35553907964.0432,-5854250089.70642,671433401563.086,-0.0243389857688666,-0.0410683287725333,0.0640292076376517,-0.0529522479538169,-0.00871903315515407,"Biomass variability","3yr","trailing","base1841_2010"
1989,9211109789.46484,18343084515.2665,45014367239.0372,1260393851.46674,24858216707.9554,671433401563.086,0.0137185754655957,0.0273192910459386,0.0670421923220449,0.00187716882796203,0.0370226096141269,"Biomass variability","3yr","trailing","base1841_2010"
1990,4790172904.59253,6750451737.98449,58933560169.4682,-5753040384.90332,19840212818.8713,671433401563.086,0.00713424874818721,0.010053791965472,0.0877727560652655,-0.0085682963813095,0.0295490405640882,"Biomass variability","3yr","trailing","base1841_2010"
1991,55511921.0250244,-3014685989.52045,28507252946.677,-4939515134.52698,5678094359.54327,671433401563.086,8.2676734424879e-05,-0.00448992555702816,0.0424573053415463,-0.0073566717458915,0.0084566754443922,"Biomass variability","3yr","trailing","base1841_2010"
1992,-12956642580.29,-28382514955.7751,70156834931.5402,-24101917907.8242,-2002944450.45551,671433401563.086,-0.0192969884282301,-0.0422715266915544,0.10448815142085,-0.0358962152489216,-0.00298308729621238,"Biomass variability","3yr","trailing","base1841_2010"
1993,15849202750.1168,26726591710.7498,33846926097.6107,6366338323.1944,38599509930.7262,671433401563.086,0.0236050257750361,0.0398052757705093,0.0504099528245327,0.009481712271647,0.0574882182519773,"Biomass variability","3yr","trailing","base1841_2010"
1994,4036805044.84607,6858208804.00328,29788102765.9147,-3281262183.93317,13740064802.0486,671433401563.086,0.00601221958193985,0.010214280058212,0.0443649402853187,-0.00488695107555633,0.0204637790882341,"Biomass variability","3yr","trailing","base1841_2010"
1995,-4472853249.76318,-12951399912.796,43815158026.9959,-12331217480.3228,201878036.304535,671433401563.086,-0.00666164840675256,-0.019289180256218,0.0652561488972621,-0.0183655109376685,0.000300667252827408,"Biomass variability","3yr","trailing","base1841_2010"
1996,-15460022454.1006,-37651169365.4761,92532323806.7554,-34900797701.2629,-5471148007.01056,671433401563.086,-0.0230253997166508,-0.0560758062941534,0.137813107884329,-0.0519795375386664,-0.00814845968978281,"Biomass variability","3yr","trailing","base1841_2010"
1997,-6274434140.71057,-15039786468.4047,32226357312.0397,-17540987022.3677,-1152135740.27649,671433401563.086,-0.00934483468666258,-0.0223995208361579,0.0479963571026066,-0.0261246863524105,-0.00171593450310088,"Biomass variability","3yr","trailing","base1841_2010"
1998,6545616313.51489,13491722194.808,22694667961.9418,2240535495.23291,15857422343.3927,671433401563.086,0.00974872012365903,0.0200939097807758,0.0338003261516466,0.00333694375349362,0.0236172676344026,"Biomass variability","3yr","trailing","base1841_2010"
1999,1743072299.59763,3782911531.69161,8454556547.51802,-84755335.5846558,5457517757.87996,671433401563.086,0.00259604645157626,0.00563408302727427,0.0125918021472211,-0.000126230442792013,0.00812815946477335,"Biomass variability","3yr","trailing","base1841_2010"
2000,-4740100197.22461,-12793201941.7517,30928088679.9503,-13302577035.1604,-855581691.476837,671433401563.086,-0.00705967291199653,-0.0190535679517423,0.0460627794327035,-0.0198122062503775,-0.00127426143752315,"Biomass variability","3yr","trailing","base1841_2010"
2001,-11947171638.9163,-28298393722.2107,55548743078.9079,-31048999731.7385,-3363856075.40967,671433401563.086,-0.017793531884329,-0.0421462406492327,0.0827315753872108,-0.0462428584271455,-0.00500996236943034,"Biomass variability","3yr","trailing","base1841_2010"
2002,-673359025.138184,-218909826.791004,15007612785.0397,-4938493612.77704,1813513512.23767,671433401563.086,-0.0010028679293741,-0.000326033566815987,0.0223516029290504,-0.00735515034146396,0.00270095814121824,"Biomass variability","3yr","trailing","base1841_2010"
2003,3383982980.00854,8688262200.91928,28820713248.4593,7534516.29907227,12442775527.2697,671433401563.086,0.00503993839468023,0.0129398718930175,0.0429241577517073,1.12215392941907e-05,0.0185316600251091,"Biomass variability","3yr","trailing","base1841_2010"
2004,2456510066.77393,8906855225.18349,29024398271.6695,-1275436910.72156,10995123404.6433,671433401563.086,0.00365860569500298,0.0132654336296772,0.0432275162422679,-0.00189957322312587,0.0163755979059827,"Biomass variability","3yr","trailing","base1841_2010"
2005,-537008391.943237,-12013086580.905,61224592379.5176,-13556973047.2175,4076498230.76318,671433401563.086,-0.000799793979109604,-0.0178917023683045,0.0911849071508622,-0.0201910912022803,0.00607133666760272,"Biomass variability","3yr","trailing","base1841_2010"
2006,1229830310.11169,6326638924.00286,24708017356.7692,-1607195897.3205,6061535998.1012,671433401563.086,0.00183164898744785,0.00942258593223772,0.0367989100620394,-0.00239367879759775,0.0090277546276221,"Biomass variability","3yr","trailing","base1841_2010"
2007,1041532566.46057,1708184301.69984,25988663926.3188,-2546390471.68726,7293707341.3103,671433401563.086,0.00155120755690125,0.00254408597743755,0.038706242295688,-0.00379246916486326,0.0108628902350265,"Biomass variability","3yr","trailing","base1841_2010"
2008,-14143541979.283,-31740988408.6669,55056107377.324,-35279636941.8855,-3436759204.15747,671433401563.086,-0.0210646982207871,-0.0472734724468197,0.0819978679183286,-0.0525437621359841,-0.0051185407162598,"Biomass variability","3yr","trailing","base1841_2010"
2009,-4820903068.11267,-8239970240.78183,23722433735.1314,-16943061947.3174,-556758777.837524,671433401563.086,-0.00718001674758761,-0.0122722078192704,0.0353310301213879,-0.0252341660511292,-0.000829209235854813,"Biomass variability","3yr","trailing","base1841_2010"
2010,-2201049257.89722,-18891398893.3858,64753761286.2065,-14256645456.248,520070635.15033,671433401563.086,-0.00327813488690496,-0.0281359236067299,0.0964410783488889,-0.0212331489959522,0.000774567714295437,"Biomass variability","3yr","trailing","base1841_2010"
1900,0,8.3790416952842e-18,1.05572206319225e-16,0,0,0.00134936599730986,0,6.20961378305731e-15,7.82383775267028e-14,0,0,"Slope","3yr","trailing","base1841_2010"
1901,0,-1.36159427548368e-17,1.48364833382656e-16,0,0,0.00134936599730986,0,-1.00906223974681e-14,1.09951513287307e-13,0,0,"Slope","3yr","trailing","base1841_2010"
1902,0,6.28428127146315e-18,1.39958480774642e-16,0,0,0.00134936599730986,0,4.65721033729298e-15,1.03721659693269e-13,0,0,"Slope","3yr","trailing","base1841_2010"
1903,0,-3.35161667811368e-17,1.92854309745532e-16,0,0,0.00134936599730986,0,-2.48384551322292e-14,1.42922165024176e-13,0,0,"Slope","3yr","trailing","base1841_2010"
1904,0,-2.09476042382105e-18,1.0588495176485e-16,0,0,0.00134936599730986,0,-1.55240344576433e-15,7.84701496672845e-14,0,0,"Slope","3yr","trailing","base1841_2010"
1905,0,-1.15211823310158e-17,1.24588700780993e-16,0,0,0.00134936599730986,0,-8.5382189517038e-15,9.23312881971067e-14,0,0,"Slope","3yr","trailing","base1841_2010"
1906,0,-5.23690105955263e-18,1.04665225306219e-16,0,0,0.00134936599730986,0,-3.88100861441082e-15,7.75662240747747e-14,0,0,"Slope","3yr","trailing","base1841_2010"
1907,0,-1.46633229667474e-17,1.56693027584042e-16,0,0,0.00134936599730986,0,-1.08668241203503e-14,1.16123444563172e-13,0,0,"Slope","3yr","trailing","base1841_2010"
1908,0,3.14214063573158e-18,1.23200879030919e-16,0,0,0.00134936599730986,0,2.32860516864649e-15,9.13027890702269e-14,0,0,"Slope","3yr","trailing","base1841_2010"
1909,0,-7.33166148337368e-18,8.19899051574475e-17,0,0,0.00134936599730986,0,-5.43341206017514e-15,6.07617987417091e-14,0,0,"Slope","3yr","trailing","base1841_2010"
1910,0,1.57107031786579e-17,1.27837335802873e-16,0,0,0.00134936599730986,0,1.16430258432325e-14,9.47388151604038e-14,0,0,"Slope","3yr","trailing","base1841_2010"
1911,0,-2.09476042382105e-18,1.03654659088501e-16,0,0,0.00134936599730986,0,-1.55240344576433e-15,7.68173047899163e-14,0,0,"Slope","3yr","trailing","base1841_2010"
1912,0,1.78054636024789e-17,1.25715984206494e-16,0,0,0.00134936599730986,0,1.31954292889968e-14,9.3166705295024e-14,0,0,"Slope","3yr","trailing","base1841_2010"
1913,0,1.15211823310158e-17,1.18829038470496e-16,0,0,0.00134936599730986,0,8.5382189517038e-15,8.80628670852806e-14,0,0,"Slope","3yr","trailing","base1841_2010"
1914,0,4.1895208476421e-18,1.4169599531373e-16,0,0,0.00134936599730986,0,3.10480689152865e-15,1.05009312222347e-13,0,0,"Slope","3yr","trailing","base1841_2010"
1915,0,4.1895208476421e-18,1.12251505718591e-16,0,0,0.00134936599730986,0,3.10480689152865e-15,8.31883313662702e-14,0,0,"Slope","3yr","trailing","base1841_2010"
1916,0,5.23690105955263e-18,9.53177357601252e-17,0,0,0.00134936599730986,0,3.88100861441082e-15,7.06389044559841e-14,0,0,"Slope","3yr","trailing","base1841_2010"
1917,0,-2.40897448739421e-17,1.14905641006044e-16,0,0,0.00134936599730986,0,-1.78526396262898e-14,8.51552812469877e-14,0,0,"Slope","3yr","trailing","base1841_2010"
1918,0,2.09476042382105e-18,1.24167769351248e-16,0,0,0.00134936599730986,0,1.55240344576433e-15,9.20193406375973e-14,0,0,"Slope","3yr","trailing","base1841_2010"
1919,0,1.25685625429263e-17,1.34414784486783e-16,0,0,0.00134936599730986,0,9.31442067458596e-15,9.96132885775666e-14,0,0,"Slope","3yr","trailing","base1841_2010"
1920,0,2.09476042382105e-18,1.03654659088501e-16,0,0,0.00134936599730986,0,1.55240344576433e-15,7.68173047899163e-14,0,0,"Slope","3yr","trailing","base1841_2010"
1921,0,3.14214063573158e-18,9.29288510695973e-17,0,0,0.00134936599730986,0,2.32860516864649e-15,6.88685288163946e-14,0,0,"Slope","3yr","trailing","base1841_2010"
1922,0,-2.09476042382105e-18,1.0588495176485e-16,0,0,0.00134936599730986,0,-1.55240344576433e-15,7.84701496672845e-14,0,0,"Slope","3yr","trailing","base1841_2010"
1923,0,4.1895208476421e-18,1.01310054973014e-16,0,0,0.00134936599730986,0,3.10480689152865e-15,7.50797449876379e-14,0,0,"Slope","3yr","trailing","base1841_2010"
1924,0,-1.04738021191052e-18,9.54563966200865e-17,0,0,0.00134936599730986,0,-7.76201722882163e-16,7.07416644634526e-14,0,0,"Slope","3yr","trailing","base1841_2010"
1925,0,4.1895208476421e-18,1.10150196897689e-16,0,0,0.00134936599730986,0,3.10480689152865e-15,8.1631074976906e-14,0,0,"Slope","3yr","trailing","base1841_2010"
1926,0,-4.1895208476421e-18,1.20290228921784e-16,0,0,0.00134936599730986,0,-3.10480689152865e-15,8.91457389333942e-14,0,0,"Slope","3yr","trailing","base1841_2010"
1927,0,3.14214063573158e-18,1.15365150526607e-16,0,0,0.00134936599730986,0,2.32860516864649e-15,8.54958185967351e-14,0,0,"Slope","3yr","trailing","base1841_2010"
1928,0,1.04738021191052e-18,1.04791518233375e-16,0,0,0.00134936599730986,0,7.76201722882163e-16,7.76598183460161e-14,0,0,"Slope","3yr","trailing","base1841_2010"
1929,0,5.23690105955263e-18,1.25012623295861e-16,0,0,0.00134936599730986,0,3.88100861441082e-15,9.2645452416238e-14,0,0,"Slope","3yr","trailing","base1841_2010"
1930,0,4.1895208476421e-18,1.10150196897689e-16,0,0,0.00134936599730986,0,3.10480689152865e-15,8.1631074976906e-14,0,0,"Slope","3yr","trailing","base1841_2010"
1931,-3.36804471164909e-05,-6.77828371956823e-05,0.000101135947337314,-7.46180883188785e-05,-1.24173147464379e-05,0.00134936599730986,-0.0249602014454471,-0.0502331000861265,0.0749507157724011,-0.0552986279983632,-0.00920233262968939,"Slope","3yr","trailing","base1841_2010"
1932,-0.000182552907071587,-0.000375357746903584,0.00056146902057667,-0.000410261821614577,-7.03569098491341e-05,0.00134936599730986,-0.135287911089749,-0.278173414516082,0.416098391167431,-0.304040432642061,-0.0521407164471313,"Slope","3yr","trailing","base1841_2010"
1933,-0.000238969181318271,-0.000562057844195044,0.000863386189540347,-0.000645332461731152,-9.1841478249588e-05,0.00134936599730986,-0.177097378913273,-0.416534761744092,0.639845817414711,-0.478248646414469,-0.0680626890203888,"Slope","3yr","trailing","base1841_2010"
1934,-0.000591799572887908,-0.00108648928103055,0.00144525152905542,-0.00115685869440646,-0.000342052405998217,0.00134936599730986,-0.438576023160312,-0.805185015182395,1.07105969168981,-0.857334997852923,-0.253491200074807,"Slope","3yr","trailing","base1841_2010"
1935,-0.00101352314879233,-0.00152719074189188,0.00181183189066076,-0.00161291418753795,-0.000550761395884281,0.00134936599730986,-0.751110633299578,-1.13178392292123,1.34272828444831,-1.19531260662674,-0.408163090653162,"Slope","3yr","trailing","base1841_2010"
1936,-0.00123429919889173,-0.00180891916275569,0.00214400747086227,-0.00196756450344227,-0.000682389315843412,0.00134936599730986,-0.914725286803185,-1.34056969448022,1.58889987974843,-1.45813997637769,-0.505711065199393,"Slope","3yr","trailing","base1841_2010"
1937,-0.00138745242552585,-0.00204432042290347,0.00243492623288124,-0.00222145419406627,-0.00081313089352858,0.00134936599730986,-1.02822542460082,-1.51502292704803,1.80449651001699,-1.64629477732137,-0.602602181431622,"Slope","3yr","trailing","base1841_2010"
1938,-0.00159938011323657,-0.00224914190494274,0.00272441361972515,-0.00246009387236229,-0.000826865095993556,0.00134936599730986,-1.18528265602153,-1.66681382918103,2.0190323642041,-1.82314796524205,-0.612780444773337,"Slope","3yr","trailing","base1841_2010"
1939,-0.00168729804138545,-0.00229957948206701,0.00292554191939528,-0.00251222259672701,-0.000860471292338627,0.00134936599730986,-1.25043764608661,-1.70419255165131,2.16808629032281,-1.86177997795665,-0.637685619805218,"Slope","3yr","trailing","base1841_2010"
1940,-0.00207076638696313,-0.00290411718113667,0.00310675475813206,-0.00345949604243057,-0.00125692836075814,0.00134936599730986,-1.53462173427482,-2.15220865719635,2.30238109180591,-2.56379369965415,-0.93149550475111,"Slope","3yr","trailing","base1841_2010"
1941,-0.00254092513021931,-0.00341222715345197,0.00341906882440574,-0.00439669533216319,-0.00164117210805842,0.00134936599730986,-1.88305110347005,-2.52876325641427,2.5338335419909,-3.258341577399,-1.21625423445552,"Slope","3yr","trailing","base1841_2010"
1942,-0.00232001589290232,-0.00313966346438245,0.00333240568493415,-0.00405656568997648,-0.00139906523727285,0.00134936599730986,-1.71933774641392,-2.32676936475484,2.46960846173516,-3.00627531601046,-1.03683154908458,"Slope","3yr","trailing","base1841_2010"
1943,-0.00219821732468217,-0.00300667265392046,0.00338724079137619,-0.00388782800905968,-0.00137350035429157,0.00134936599730986,-1.62907419415089,-2.2282113673493,2.51024614384021,-2.88122571400982,-1.01788570115878,"Slope","3yr","trailing","base1841_2010"
1944,-0.00220561020659005,-0.00294699792161628,0.00344358531016615,-0.00386806233587117,-0.0013602349219447,0.00134936599730986,-1.63455297598073,-2.183987092821,2.55200243449989,-2.86657759539121,-1.00805483809175,"Slope","3yr","trailing","base1841_2010"
1945,-0.00217372854057152,-0.00292174432120565,0.00351842886964652,-0.00378273320146089,-0.00135188452447976,0.00134936599730986,-1.6109258310237,-2.16527193291556,2.60746815664613,-2.80334113131816,-1.00186645222639,"Slope","3yr","trailing","base1841_2010"
1946,-0.00216980262449984,-0.00280292341224349,0.00350745972534327,-0.00375079686842195,-0.00132838280848063,0.00134936599730986,-1.60801637867385,-2.07721509051768,2.59933904688265,-2.77967347324569,-0.984449594201229,"Slope","3yr","trailing","base1841_2010"
1947,-0.00217666216553392,-0.00290412589776314,0.00361823135269082,-0.0038193033804087,-0.00133029115373529,0.00134936599730986,-1.6130999075665,-2.15221511699042,2.68143065699316,-2.83044288059947,-0.985863847456801,"Slope","3yr","trailing","base1841_2010"
1948,-0.0027374105259248,-0.0035888396929144,0.00375506159937085,-0.00494173004394971,-0.00165876354559535,0.00134936599730986,-2.02866422555643,-2.65964882772296,2.78283401749937,-3.66226068672376,-1.22929105142883,"Slope","3yr","trailing","base1841_2010"
1949,-0.00383935338269725,-0.00498890187306774,0.00424831390393762,-0.00657250366537743,-0.00259056869604674,0.00134936599730986,-2.84530171232379,-3.69721919999004,3.14837776585981,-4.87080871941383,-1.91984139307747,"Slope","3yr","trailing","base1841_2010"
1950,-0.00410884131014255,-0.00524359362046887,0.00432393172043308,-0.00700011583595372,-0.00263158446806067,0.00134936599730986,-3.04501619155519,-3.88596839621174,3.20441728119235,-5.18770730099125,-1.95023772149815,"Slope","3yr","trailing","base1841_2010"
1951,-0.00451298595705751,-0.00562163092065613,0.00447503860124138,-0.00757681772267194,-0.00274963847940474,0.00134936599730986,-3.34452325466533,-4.16612759760034,3.31640089505957,-5.6150945983353,-2.03772622467625,"Slope","3yr","trailing","base1841_2010"
1952,-0.00556649095530071,-0.00653706776455572,0.00480588251702769,-0.00886586839033759,-0.00300366986239736,0.00134936599730986,-4.12526398797526,-4.84454757092458,3.56158560880357,-6.57039558430615,-2.22598603224445,"Slope","3yr","trailing","base1841_2010"
1953,-0.00594521723144736,-0.00694038351394759,0.00504272561859947,-0.00930860742931622,-0.0032477747419688,0.00134936599730986,-4.40593378171669,-5.14344034738103,3.73710737387247,-6.898504518325,-2.40688941950787,"Slope","3yr","trailing","base1841_2010"
1954,-0.0062276258421714,-0.00728630155654829,0.00524738424803967,-0.00969584498175813,-0.0033863560234893,0.00134936599730986,-4.61522363434901,-5.39979632736743,3.8887775877716,-7.18548192342778,-2.50959045228681,"Slope","3yr","trailing","base1841_2010"
1955,-0.0067144907247364,-0.00782959794101398,0.00548221434033373,-0.0105715757546142,-0.00377717983571468,0.00134936599730986,-4.97603373593422,-5.80242718181968,4.06280753425182,-7.83447617302497,-2.79922559427537,"Slope","3yr","trailing","base1841_2010"
1956,-0.00720866766896222,-0.00823772467035951,0.00567800275009468,-0.0109145642317294,-0.00401752292830304,0.00134936599730986,-5.34226272437103,-6.10488532153803,4.20790412787525,-8.08866108490137,-2.97734116341489,"Slope","3yr","trailing","base1841_2010"
1957,-0.00787806219687648,-0.0088034237981981,0.00595203951071607,-0.012106251158909,-0.00427587732852519,0.00134936599730986,-5.83834349804458,-6.52411859773321,4.41098969633312,-8.97180689527107,-3.16880471054533,"Slope","3yr","trailing","base1841_2010"
1958,-0.00804276719090258,-0.00906510396441845,0.00607123169405858,-0.0126373099557524,-0.0044208985077322,0.00134936599730986,-5.96040452103942,-6.71804683272804,4.49932168600837,-9.36536861084874,-3.27627827924064,"Slope","3yr","trailing","base1841_2010"
1959,-0.00871266327135989,-0.00964057627264315,0.00635713755671241,-0.0138508562794176,-0.00469487587961415,0.00134936599730986,-6.45685698967494,-7.14452290324707,4.71120331280482,-10.2647141746799,-3.47931983537009,"Slope","3yr","trailing","base1841_2010"
1960,-0.00903981666164788,-0.00993184582160008,0.0064831864030753,-0.0144832298603574,-0.00488056215962296,0.00134936599730986,-6.6993066963818,-7.36037949777933,4.80461669850906,-10.7333591399454,-3.6169298539855,"Slope","3yr","trailing","base1841_2010"
1961,-0.00927503699688326,-0.010209513341035,0.00665903241389182,-0.0147569686515526,-0.00494810071696916,0.00134936599730986,-6.8736258475271,-7.56615578085486,4.93493420403913,-10.9362238866049,-3.66698192101612,"Slope","3yr","trailing","base1841_2010"
1962,-0.00925428059781241,-0.010097204362671,0.00656643293502672,-0.0148031291727014,-0.00496089940717692,0.00134936599730986,-6.85824351307356,-7.48292485715597,4.86630976926776,-10.9704329308826,-3.67646688672096,"Slope","3yr","trailing","base1841_2010"
1963,-0.00934314509763678,-0.0102024568028272,0.00661357912496668,-0.0149965722749884,-0.00501222883920316,0.00134936599730986,-6.92409999678631,-7.56092625956717,4.90124928162686,-11.1137914434527,-3.714506552852,"Slope","3yr","trailing","base1841_2010"
1964,-0.00954963876727122,-0.0103822535570845,0.00669092560086327,-0.0152700763293479,-0.00508913186905879,0.00134936599730986,-7.07713013838326,-7.69417161673177,4.9585698870451,-11.3164822292771,-3.77149852538499,"Slope","3yr","trailing","base1841_2010"
1965,-0.00983893203017949,-0.0106438005163249,0.00679271436068638,-0.0155696283369007,-0.00523999642975082,0.00134936599730986,-7.29152212949984,-7.88800113352841,5.03400439482582,-11.5384768609412,-3.88330255853299,"Slope","3yr","trailing","base1841_2010"
1966,-0.00978986954018168,-0.0105881897314754,0.00674077247094378,-0.0155805584159887,-0.00527455832367257,0.00134936599730986,-7.25516246866977,-7.84678860485908,4.99551084315329,-11.546577019912,-3.90891599031552,"Slope","3yr","trailing","base1841_2010"
1967,-0.0098911724764722,-0.0107412701680077,0.00682383985372414,-0.0156354391005468,-0.0052998731977284,0.00134936599730986,-7.33023693808169,-7.96023479872903,5.05707114847147,-11.5872484794474,-3.9276765594319,"Slope","3yr","trailing","base1841_2010"
1968,-0.0100836632538093,-0.0108147021913962,0.00682383701376299,-0.0158638270556279,-0.00541601497020727,0.00134936599730986,-7.47288969331698,-8.01465444731577,5.05706904380812,-11.7565042303234,-4.01374792384335,"Slope","3yr","trailing","base1841_2010"
1969,-0.0102392708985913,-0.0109663062341597,0.00688345371016982,-0.0160223274956497,-0.00548261302617803,0.00134936599730986,-7.58820877286418,-8.12700650232956,5.10125030858409,-11.873967127964,-4.06310299585756,"Slope","3yr","trailing","base1841_2010"
1970,-0.0102850992531986,-0.0109916464890659,0.00688097574907591,-0.016119726040296,-0.00551085568551346,0.00134936599730986,-7.62217165224508,-8.14578588090941,5.09941391942144,-11.9461480965378,-4.08403331379334,"Slope","3yr","trailing","base1841_2010"
1971,-0.0103728587684563,-0.011094590077685,0.00689572001404566,-0.0163603311135204,-0.00561112337953851,0.00134936599730986,-7.68720924429393,-8.22207621935301,5.110340728752,-12.1244578165871,-4.15834057677829,"Slope","3yr","trailing","base1841_2010"
1972,-0.0103255426722584,-0.0110375849921089,0.0068577143936766,-0.0163164665792608,-0.00559619565766517,0.00134936599730986,-7.65214381631351,-8.17983039006003,5.08217518993982,-12.0919503024308,-4.14727780959496,"Slope","3yr","trailing","base1841_2010"
1973,-0.0110036596034151,-0.0117618212404253,0.00681089748659618,-0.0170499347762727,-0.00662863460134422,0.00134936599730986,-8.15468866516002,-8.71655374737022,5.0474797054132,-12.6355153533318,-4.91240672623978,"Slope","3yr","trailing","base1841_2010"
1974,-0.0120411373173851,-0.0129128021444755,0.00679342875147678,-0.0182315187298736,-0.00761527058356998,0.00134936599730986,-8.92355175792977,-9.56953278074212,5.03453382182474,-13.5111739633431,-5.64359158208522,"Slope","3yr","trailing","base1841_2010"
1975,-0.0125144016887884,-0.013366607317926,0.00676663050740272,-0.018521234278168,-0.00806444953106039,0.00134936599730986,-9.27428267329802,-9.90584270285015,5.01467394383205,-13.7258789054211,-5.97647306004295,"Slope","3yr","trailing","base1841_2010"
1976,-0.0128430308853423,-0.013677763050608,0.0067825751407735,-0.0187571850052164,-0.00841592925660883,0.00134936599730986,-9.51782608346926,-10.1364367250074,5.02649033271584,-13.9007393417437,-6.23695074085688,"Slope","3yr","trailing","base1841_2010"
1977,-0.013103404909004,-0.0139340003977426,0.00679774247239528,-0.0190036546546217,-0.00858343148065144,0.00134936599730986,-9.71078635086945,-10.3263313478491,5.03773067199519,-14.083395233397,-6.36108475963054,"Slope","3yr","trailing","base1841_2010"
1978,-0.0136214909130998,-0.0144406900735296,0.00684821792417389,-0.0194820714807502,-0.00902481122542975,0.00134936599730986,-10.0947340753035,-10.7018333812464,5.07513746294683,-14.4379445751488,-6.68818633596955,"Slope","3yr","trailing","base1841_2010"
1979,-0.0144734416573441,-0.0152520491536448,0.00698816631312714,-0.0204480708567216,-0.00954546035814718,0.00134936599730986,-10.7261052125211,-11.3031224916381,5.17885164370449,-15.1538358736529,-7.07403356626542,"Slope","3yr","trailing","base1841_2010"
1980,-0.0147072809041437,-0.0154908756680334,0.00697965377771334,-0.020606167049939,-0.00990094289463805,0.00134936599730986,-10.8994008545233,-11.4801141416906,5.17254309922452,-15.2709991885226,-7.3374776853551,"Slope","3yr","trailing","base1841_2010"
1981,-0.0157443106159949,-0.0167866080927498,0.00707693474118143,-0.0220649049431694,-0.0114115973331211,0.00134936599730986,-11.6679319379496,-12.4403669028389,5.24463692970641,-16.3520534733784,-8.45700673936622,"Slope","3yr","trailing","base1841_2010"
1982,-0.0158625327076387,-0.0168360218173622,0.00708632491465055,-0.0218851808664219,-0.0114685448843627,0.00134936599730986,-11.7555450035518,-12.4769868597007,5.25159588190162,-16.2188619767008,-8.49920993060945,"Slope","3yr","trailing","base1841_2010"
1983,-0.0156571944720889,-0.0166231795286911,0.00705504703392743,-0.0218745324421623,-0.0114167097325986,0.00134936599730986,-11.6033711411904,-12.3192518277707,5.22841619545222,-16.210970548963,-8.46079548125513,"Slope","3yr","trailing","base1841_2010"
1984,-0.0155217851997591,-0.016493601205491,0.00705326890682351,-0.0218444653559486,-0.011122983850052,0.00134936599730986,-11.5030208488311,-12.2232227863849,5.22709844540704,-16.1886881687388,-8.24311852546093,"Slope","3yr","trailing","base1841_2010"
1985,-0.0154930404268535,-0.0165197566062024,0.00710447200673553,-0.0217310721403455,-0.0111685464923529,0.00134936599730986,-11.4817184201624,-12.2426062603746,5.26504448822574,-16.1046537289877,-8.27688448843296,"Slope","3yr","trailing","base1841_2010"
1986,-0.0153066503732734,-0.0163125507694391,0.00705912825510766,-0.0215899352075254,-0.0105816402900098,0.00134936599730986,-11.34358684285,-12.0890483397094,5.23144074267541,-16.0000587317064,-7.84193488727719,"Slope","3yr","trailing","base1841_2010"
1987,-0.0151045725951028,-0.0162809570751806,0.00711079820786431,-0.0214957799537975,-0.0106122995453925,0.00134936599730986,-11.1938292688683,-12.0656346073925,5.26973276489893,-15.9302813296409,-7.86465611742811,"Slope","3yr","trailing","base1841_2010"
1988,-0.0149915083586489,-0.0161380876308908,0.0070796251936376,-0.021338242676062,-0.0103709926765134,0.00134936599730986,-11.1100386318734,-11.9597556653007,5.24663079383336,-15.8135322207633,-7.68582630449358,"Slope","3yr","trailing","base1841_2010"
1989,-0.0147433423190713,-0.0159082774565084,0.00704959417022228,-0.0211544948563004,-0.010276450729932,0.00134936599730986,-10.9261255644977,-11.7894459236586,5.22437513934437,-15.6773587732866,-7.6157623286932,"Slope","3yr","trailing","base1841_2010"
1990,-0.0145810592559664,-0.0157038041630081,0.00701763087229624,-0.0210012920163029,-0.0101558393146883,0.00134936599730986,-10.8058594073333,-11.637913060145,5.20068749789664,-15.563821867582,-7.52637856218051,"Slope","3yr","trailing","base1841_2010"
1991,-0.0144599783941558,-0.0156907129716224,0.0070568493086035,-0.0210242058886646,-0.0101614043867469,0.00134936599730986,-10.7161277392373,-11.6282113250992,5.22975184099217,-15.5808030812834,-7.53050277464007,"Slope","3yr","trailing","base1841_2010"
1992,-0.014423997565679,-0.015496686680115,0.00700668497625901,-0.0209623592330101,-0.00991288612227909,0.00134936599730986,-10.6894627509772,-11.4844206175416,5.19257561716224,-15.5349692187303,-7.34632867735048,"Slope","3yr","trailing","base1841_2010"
1993,-0.0144616975846577,-0.0154432042852708,0.00699127375304508,-0.0203707471992328,-0.00993058139755892,0.00134936599730986,-10.717401812028,-11.4447854148236,5.18115453256055,-15.0965321787006,-7.35944244730994,"Slope","3yr","trailing","base1841_2010"
1994,-0.0142865838345637,-0.015288703666371,0.0069803099510154,-0.0201902935848425,-0.00980618672693118,0.00134936599730986,-10.587626976703,-11.3302867397363,5.17302938189606,-14.9628000298618,-7.26725495268228,"Slope","3yr","trailing","base1841_2010"
1995,-0.0143024068235602,-0.0153490261356951,0.00699423889355328,-0.0206602042899515,-0.00987729886828126,0.00134936599730986,-10.599353216306,-11.3749910449021,5.18335196492071,-15.3110455807693,-7.31995536272067,"Slope","3yr","trailing","base1841_2010"
1996,-0.0142729788473572,-0.0152842883164054,0.00698138542180569,-0.0201677379368526,-0.00984780953476466,0.00134936599730986,-10.5775444733395,-11.3270145734194,5.17382640123139,-14.9460842922229,-7.29810114853757,"Slope","3yr","trailing","base1841_2010"
1997,-0.0144212722573897,-0.0153286084266204,0.00698274962117899,-0.0200997680133812,-0.00991115606658977,0.00134936599730986,-10.6874430555834,-11.3598597098045,5.17483739407989,-14.895712544597,-7.34504655249127,"Slope","3yr","trailing","base1841_2010"
1998,-0.0142921702462773,-0.0152382816677071,0.0069839748879421,-0.0201773605550142,-0.00983918110644999,0.00134936599730986,-10.5917670037414,-11.2929195622882,5.17574542552989,-14.9532155065715,-7.29170671712914,"Slope","3yr","trailing","base1841_2010"
1999,-0.0143585473508605,-0.0152338730538863,0.00698056162466508,-0.0199358876095277,-0.00987907568242719,0.00134936599730986,-10.6409583311615,-11.2896523880526,5.17321589441392,-14.7742626161267,-7.32127213974741,"Slope","3yr","trailing","base1841_2010"
2000,-0.014213382566808,-0.0151648392403886,0.00698913144254699,-0.0200225807917749,-0.00982287079954225,0.00134936599730986,-10.5333783385266,-11.2384922034657,5.17956689028828,-14.8385099607464,-7.27961933169015,"Slope","3yr","trailing","base1841_2010"
2001,-0.0141724127062963,-0.0151634344196526,0.00701163528401089,-0.0208427804987568,-0.00982327477533035,0.00134936599730986,-10.503016034605,-11.2374511065811,5.19624423469206,-15.4463507605124,-7.27991871361389,"Slope","3yr","trailing","base1841_2010"
2002,-0.0141071499994626,-0.0150050829492346,0.00697749026703231,-0.0197904229082462,-0.00978907598310635,0.00134936599730986,-10.454650574853,-11.1200986086423,5.17093974573455,-14.6664603581986,-7.25457437242538,"Slope","3yr","trailing","base1841_2010"
2003,-0.0141097775482345,-0.0151783942700286,0.00705712199817337,-0.0208604120878667,-0.00979067522808758,0.00134936599730986,-10.4565978217653,-11.2485376838372,5.22995392817268,-15.4594173333659,-7.25575955493658,"Slope","3yr","trailing","base1841_2010"
2004,-0.0140618327708215,-0.0149376326647878,0.00698110083480662,-0.0197884793974181,-0.00967273346542546,0.00134936599730986,-10.4210664851905,-11.070111959667,5.17361549699959,-14.6650200441311,-7.16835423799719,"Slope","3yr","trailing","base1841_2010"
2005,-0.0140370831480008,-0.0148761235319352,0.00696767491161828,-0.0196742444858271,-0.0096076902307794,0.00134936599730986,-10.4027248174221,-11.0245282314752,5.16366569597073,-14.5803618329277,-7.12015142662078,"Slope","3yr","trailing","base1841_2010"
2006,-0.0139938508014238,-0.0149009562990572,0.00701564453060265,-0.02064677193952,-0.00953594397887408,0.00134936599730986,-10.3706858104638,-11.0429315165523,5.19921544235534,-15.3010910165826,-7.06698108436497,"Slope","3yr","trailing","base1841_2010"
2007,-0.014391353376987,-0.0153301685299585,0.00701931738454923,-0.0205623583018238,-0.00983839299844419,0.00134936599730986,-10.6652705090228,-11.3610158848831,5.20193735320376,-15.238533016852,-7.29112265912903,"Slope","3yr","trailing","base1841_2010"
2008,-0.0142819866845398,-0.0152935084155565,0.00706179200086023,-0.0208514160344612,-0.00978456182808352,0.00134936599730986,-10.5842200804028,-11.3338474854459,5.23341481476399,-15.4527504591276,-7.25122898278918,"Slope","3yr","trailing","base1841_2010"
2009,-0.0142059725436653,-0.0152344081355031,0.00703606082283282,-0.0205823044497173,-0.00977304928073536,0.00134936599730986,-10.5278868535199,-11.2900489310349,5.21434572744542,-15.2533148832495,-7.24269716312639,"Slope","3yr","trailing","base1841_2010"
2010,-0.0140391882798965,-0.0150551273156711,0.00701371052812053,-0.0201545655431658,-0.0096676644119465,0.00134936599730986,-10.4042849070493,-11.1571859270839,5.19778217481638,-14.9363223790629,-7.16459761934141,"Slope","3yr","trailing","base1841_2010"
1900,0,-1.03883956272161e-17,9.31048922585414e-17,0,0,0.000596635175353677,0,-1.74116378925496e-14,1.56049954988574e-13,0,0,"Slope variability","3yr","trailing","base1841_2010"
1901,0,-1.28539327373824e-17,7.69023466955629e-17,0,0,0.000596635175353677,0,-2.15440410964083e-14,1.28893417405329e-13,0,0,"Slope variability","3yr","trailing","base1841_2010"
1902,0,-1.22438133072997e-17,9.38767990611893e-17,-3.49655200626575e-17,0,0.000596635175353677,0,-2.05214405939807e-14,1.57343721823877e-13,-5.86045233453265e-14,0,"Slope variability","3yr","trailing","base1841_2010"
1903,0,-5.54937630832085e-18,9.9548362792885e-17,0,0,0.000596635175353677,0,-9.30112158578525e-15,1.66849637609573e-13,0,0,"Slope variability","3yr","trailing","base1841_2010"
1904,0,-6.8680627714123e-18,9.38929987850631e-17,0,0,0.000596635175353677,0,-1.15113272819374e-14,1.57370873632123e-13,0,0,"Slope variability","3yr","trailing","base1841_2010"
1905,0,7.19051063450292e-18,1.05298431452284e-16,0,0,0.000596635175353677,0,1.20517712188868e-14,1.76487132844396e-13,0,0,"Slope variability","3yr","trailing","base1841_2010"
1906,0,-6.62795290349629e-18,7.82298597892314e-17,0,0,0.000596635175353677,0,-1.11088872686183e-14,1.31118417117894e-13,0,0,"Slope variability","3yr","trailing","base1841_2010"
1907,0,-6.12497515036445e-18,8.32417131170474e-17,0,0,0.000596635175353677,0,-1.02658633003555e-14,1.39518614650406e-13,0,0,"Slope variability","3yr","trailing","base1841_2010"
1908,0,-7.12837357603264e-18,1.01124208071276e-16,0,0,0.000596635175353677,0,-1.19476254007435e-14,1.69490858482038e-13,0,0,"Slope variability","3yr","trailing","base1841_2010"
1909,0,-1.07318115511897e-17,9.96849489863429e-17,0,0,0.000596635175353677,0,-1.79872256858272e-14,1.67078565100107e-13,0,0,"Slope variability","3yr","trailing","base1841_2010"
1910,0,6.10950481276177e-19,8.17393935589041e-17,0,0,0.000596635175353677,0,1.02399339917231e-15,1.37000627746177e-13,0,0,"Slope variability","3yr","trailing","base1841_2010"
1911,0,4.07585861517281e-18,7.38648593406204e-17,0,0,0.000596635175353677,0,6.83140851150235e-15,1.23802387777144e-13,0,0,"Slope variability","3yr","trailing","base1841_2010"
1912,0,7.79653873563279e-19,6.95264526624772e-17,0,0,0.000596635175353677,0,1.30675143834943e-15,1.16530931353926e-13,0,0,"Slope variability","3yr","trailing","base1841_2010"
1913,0,-5.69500204823371e-18,9.00683463404461e-17,0,0,0.000596635175353677,0,-9.54519995382067e-15,1.50960503270788e-13,0,0,"Slope variability","3yr","trailing","base1841_2010"
1914,0,-5.60205216858784e-18,9.33904461294353e-17,0,0,0.000596635175353677,0,-9.38940981021948e-15,1.56528562155382e-13,0,0,"Slope variability","3yr","trailing","base1841_2010"
1915,0,1.5020291417877e-18,9.24519372019746e-17,0,0,0.000596635175353677,0,2.51750014721696e-15,1.54955559144112e-13,0,0,"Slope variability","3yr","trailing","base1841_2010"
1916,0,4.93516554928543e-19,7.88971139664337e-17,0,0,0.000596635175353677,0,8.27166374553752e-16,1.32236779233917e-13,0,0,"Slope variability","3yr","trailing","base1841_2010"
1917,0,-2.35379268814365e-18,8.0003595287309e-17,0,0,0.000596635175353677,0,-3.94511216464626e-15,1.34091315081924e-13,0,0,"Slope variability","3yr","trailing","base1841_2010"
1918,0,1.25169095148975e-17,7.77343683849471e-17,0,1.35525271560688e-20,0.000596635175353677,0,2.09791678934747e-14,1.30287940765254e-13,0,2.27149315291963e-17,"Slope variability","3yr","trailing","base1841_2010"
1919,0,1.67657546323549e-17,8.27991792699087e-17,0,1.52194879962653e-17,0.000596635175353677,0,2.81005132196846e-14,1.38776898664794e-13,0,2.55088681072874e-14,"Slope variability","3yr","trailing","base1841_2010"
1920,0,3.77373954281629e-18,7.88445883991263e-17,0,0,0.000596635175353677,0,6.32503697184677e-15,1.3214874291042e-13,0,0,"Slope variability","3yr","trailing","base1841_2010"
1921,0,2.27119898490949e-18,6.84587984591618e-17,0,0,0.000596635175353677,0,3.80667965740229e-15,1.14741472321977e-13,0,0,"Slope variability","3yr","trailing","base1841_2010"
1922,0,1.89888805020692e-18,6.64588084706038e-17,0,0,0.000596635175353677,0,3.18266191577003e-15,1.11389356873248e-13,0,0,"Slope variability","3yr","trailing","base1841_2010"
1923,0,1.64624848737304e-18,7.0215046600683e-17,0,0,0.000596635175353677,0,2.75922130537671e-15,1.17685060320254e-13,0,0,"Slope variability","3yr","trailing","base1841_2010"
1924,0,-4.7561699076015e-19,6.85449316057884e-17,0,0,0.000596635175353677,0,-7.97165521590662e-16,1.14885837170354e-13,0,0,"Slope variability","3yr","trailing","base1841_2010"
1925,0,8.87306966633184e-19,7.70161787046566e-17,0,0,0.000596635175353677,0,1.48718513974172e-15,1.29084207378491e-13,0,0,"Slope variability","3yr","trailing","base1841_2010"
1926,0,4.5904710850141e-18,7.26572710160863e-17,0,0,0.000596635175353677,0,7.69393303419117e-15,1.21778389906388e-13,0,0,"Slope variability","3yr","trailing","base1841_2010"
1927,0,1.93698855107965e-18,8.45155672747424e-17,0,0,0.000596635175353677,0,3.24652087422004e-15,1.41653678438659e-13,0,0,"Slope variability","3yr","trailing","base1841_2010"
1928,0,2.25508937715794e-18,8.11913630192586e-17,0,0,0.000596635175353677,0,3.77967888973551e-15,1.36082092329084e-13,0,0,"Slope variability","3yr","trailing","base1841_2010"
1929,0,1.65749964199317e-18,7.74079991174719e-17,0,0,0.000596635175353677,0,2.77807898438208e-15,1.29740924295296e-13,0,0,"Slope variability","3yr","trailing","base1841_2010"
1930,0,3.49099035597057e-18,8.03387372338666e-17,0,0,0.000596635175353677,0,5.8511306409334e-15,1.34653035142024e-13,0,0,"Slope variability","3yr","trailing","base1841_2010"
1931,1.70952460435144e-05,3.66774473725006e-05,5.33299751271363e-05,7.14069509768621e-06,4.13610122508977e-05,0.000596635175353677,0.0286527626088766,0.0614738266994713,0.0893845641861847,0.0119682770856635,0.0693237910862018,"Slope variability","3yr","trailing","base1841_2010"
1932,9.06011922792822e-05,0.000190841321287277,0.00029239886402994,3.44612679490876e-05,0.00020455839142705,0.000596635175353677,0.151853588293005,0.319862671814731,0.490079827855623,0.057759363464716,0.342853388263256,"Slope variability","3yr","trailing","base1841_2010"
1933,2.11497690753673e-05,0.000127323756835684,0.000301037467881414,-1.41261781683367e-06,9.82205525540557e-05,0.000596635175353677,0.035448411272148,0.213403034375584,0.504558699045799,-0.0023676408552283,0.164624139862072,"Slope variability","3yr","trailing","base1841_2010"
1934,-0.000144611184909306,-0.00019311599196391,0.000276783794559847,-0.000217973375628989,-8.78652381048725e-05,0.000596635175353677,-0.242377906772899,-0.323675170256989,0.463907939044616,-0.365337788707776,-0.147267948211044,"Slope variability","3yr","trailing","base1841_2010"
1935,0.00026265542872571,0.000299575324937971,0.000365223068325625,8.87018799533615e-05,0.000404958566932786,0.000596635175353677,0.440227863819814,0.502108050804057,0.612138008975294,0.148670215263088,0.678737331724923,"Slope variability","3yr","trailing","base1841_2010"
1936,-1.54429444987584e-05,1.29414871297931e-05,0.000193569420753005,-4.31734797853345e-05,3.46208262552953e-05,0.000596635175353677,-0.0258833959791325,0.0216907880466846,0.324435146885632,-0.0723616065039105,0.0580267937350033,"Slope variability","3yr","trailing","base1841_2010"
1937,-8.03468243940755e-05,-0.000113474565920708,0.000215989215373471,-0.000145218386992226,-4.12646960038365e-05,0.000596635175353677,-0.134666589757211,-0.190190874772748,0.362012204938195,-0.243395617608604,-0.0691623586882476,"Slope variability","3yr","trailing","base1841_2010"
1938,5.35188154983744e-05,7.43031147557435e-05,0.000221712976199249,-1.98928110000705e-07,0.000131843587267313,0.000596635175353677,0.0897010731334256,0.124536932827833,0.371605606504546,-0.000333416664350678,0.220978569004347,"Slope variability","3yr","trailing","base1841_2010"
1939,-0.000110999372303827,-9.18109469359475e-05,0.000228933894144286,-0.000177210267200469,-4.30314122266138e-05,0.000596635175353677,-0.186042286625203,-0.153881217079639,0.383708342386245,-0.297016123957863,-0.0721234918827998,"Slope variability","3yr","trailing","base1841_2010"
1940,0.00034333691965966,0.000356995335817162,0.000344654643046564,0.000160132597460346,0.000556851720178232,0.000596635175353677,0.575455376824095,0.598347785320468,0.577663968340883,0.268392820395515,0.933320298871312,"Slope variability","3yr","trailing","base1841_2010"
1941,9.85072793419385e-05,0.000127768433108427,0.000282488909311947,3.9906261693396e-05,0.000229174415224935,0.000596635175353677,0.1651047129153,0.214148341208155,0.47347008855871,0.0668855329720379,0.384111471619292,"Slope variability","3yr","trailing","base1841_2010"
1942,-0.000138391198122454,-0.000198172900066275,0.000289209416646938,-0.000223199996012416,-7.25885264198025e-05,0.000596635175353677,-0.231952797688165,-0.332150882570409,0.484734103173684,-0.374097950024662,-0.121663169418017,"Slope variability","3yr","trailing","base1841_2010"
1943,-6.83774008933665e-05,-0.000164946556499058,0.000336386673620563,-0.000196284676176613,-2.70902832858541e-05,0.000596635175353677,-0.114605044620162,-0.276461334015849,0.56380630495203,-0.328986094492766,-0.0454051058417656,"Slope variability","3yr","trailing","base1841_2010"
1944,3.04066623424336e-05,9.18180036087843e-05,0.000162765335875875,1.37174326710665e-05,0.000108185559374364,0.000596635175353677,0.0509635764006186,0.15389304452986,0.272805464041555,0.0229913240749424,0.181326150122197,"Slope variability","3yr","trailing","base1841_2010"
1945,1.6235379960528e-05,3.96000765580489e-05,0.000177113579953004,3.61882385712176e-06,6.64471607104782e-05,0.000596635175353677,0.0272115702043613,0.0663723464419853,0.296854069738704,0.00606538804048314,0.111369834457194,"Slope variability","3yr","trailing","base1841_2010"
1946,-3.42596737140568e-08,-7.23294429752974e-06,0.000109232204757515,-3.82347165306759e-06,6.06344410270481e-06,0.000596635175353677,-5.74214781985459e-05,-0.012122892843591,0.183080396982568,-0.00640839127663079,0.0101627331963967,"Slope variability","3yr","trailing","base1841_2010"
1947,-1.41723667708199e-05,-5.52862016293749e-05,0.000202440179479955,-3.27181925607575e-05,-7.64098241490285e-06,0.000596635175353677,-0.0237538237037713,-0.0926633291384505,0.339303124995859,-0.0548378538716941,-0.0128067917054561,"Slope variability","3yr","trailing","base1841_2010"
1948,0.000248142663685382,0.000269270667585668,0.000304887961316133,0.000121305170881345,0.000432486957165543,0.000596635175353677,0.415903510111161,0.451315441510883,0.511012380615005,0.203315486401615,0.724876733774824,"Slope variability","3yr","trailing","base1841_2010"
1949,0.000481019936052769,0.000651065077968788,0.000552174289532048,0.000226897900502109,0.000940249843546302,0.000596635175353677,0.806221215112949,1.09122811537695,0.925480615863332,0.380295882433695,1.57592090172849,"Slope variability","3yr","trailing","base1841_2010"
1950,-0.000230545895757855,-0.000144027936898193,0.000414748315409996,-0.000434647515129508,3.08548372801626e-05,0.000596635175353677,-0.386410163666919,-0.241400344545249,0.695145597414935,-0.728497971766172,0.0517147472270173,"Slope variability","3yr","trailing","base1841_2010"
1951,0.000251557156758912,0.000309804876003572,0.000227164707563805,0.000148708574775783,0.000436159065599238,0.000596635175353677,0.42162642624916,0.519253454709445,0.380743068708855,0.249245403085111,0.731031430288516,"Slope variability","3yr","trailing","base1841_2010"
1952,0.000524485261291371,0.000652831956679526,0.000455674256808678,0.000305633763471967,0.000885474714800253,0.000596635175353677,0.879071973891689,1.09418952091207,0.763740180988425,0.512262394336357,1.48411416453171,"Slope variability","3yr","trailing","base1841_2010"
1953,0.000312786114998256,0.000424437038333484,0.000384974518513429,0.000124267003566746,0.00061605355203354,0.000596635175353677,0.524250208367016,0.711384537597676,0.645242745343034,0.208279713801793,1.03254648314751,"Slope variability","3yr","trailing","base1841_2010"
1954,-0.000238109894429192,-0.000305401500870774,0.000251317982082895,-0.000388757197796764,-0.000150287545755139,0.000596635175353677,-0.399087925528434,-0.511873106860882,0.421225553679293,-0.651582765911034,-0.251891862839046,"Slope variability","3yr","trailing","base1841_2010"
1955,0.000237266189305701,0.000299385745918128,0.000305894032111581,9.71535852984009e-05,0.000472886677625343,0.000596635175353677,0.397673819960502,0.501790303832918,0.512698621783825,0.162835832199819,0.792589336264028,"Slope variability","3yr","trailing","base1841_2010"
1956,-2.02163362923143e-05,1.84413423702042e-05,0.000205096872149267,-4.68729168282875e-05,8.04373524881951e-05,0.000596635175353677,-0.0338839162145114,0.0309089090486031,0.343755917554959,-0.0785621075735299,0.134818320828156,"Slope variability","3yr","trailing","base1841_2010"
1957,-5.50591065437844e-05,-7.71616422333689e-05,0.000261165649578076,-0.000136192903676861,-9.82423720641759e-06,0.000596635175353677,-0.0922827027607718,-0.12932801386983,0.437730895472699,-0.228268310858688,-0.0164660710803615,"Slope variability","3yr","trailing","base1841_2010"
1958,0.000161564813583881,0.000209064437162409,0.000287406724483468,4.51444255023911e-05,0.000357907990285727,0.000596635175353677,0.270793309308503,0.350405818829704,0.481712671924007,0.0756650418333617,0.599877454549279,"Slope variability","3yr","trailing","base1841_2010"
1959,-0.000104268599548893,-0.000151197613501076,0.000288182409454406,-0.000288206235268645,-2.18016862012933e-05,0.000596635175353677,-0.174761066487715,-0.253417196549715,0.483012771219154,-0.483052704859045,-0.0365410674762337,"Slope variability","3yr","trailing","base1841_2010"
1960,0.000268773910423564,0.000319917024432107,0.000309653367139492,0.000140387200050009,0.000483960777120386,0.000596635175353677,0.450482843664454,0.536202084033119,0.518999515836346,0.235298228882985,0.811150259173876,"Slope variability","3yr","trailing","base1841_2010"
1961,5.25923801823946e-05,2.23652051282872e-05,0.000232894732387707,1.94004381568453e-05,0.000100526329233459,0.000596635175353677,0.0881483062932362,0.0374855624545257,0.390346969150202,0.0325164169969446,0.168488774021526,"Slope variability","3yr","trailing","base1841_2010"
1962,-4.29068713652967e-05,-0.000102641644951546,0.000269050029967025,-7.55854418506277e-05,-2.21310465312851e-05,0.000596635175353677,-0.0719147531653026,-0.172034183017622,0.450945638274739,-0.126686197818997,-0.0370930971647223,"Slope variability","3yr","trailing","base1841_2010"
1963,1.3381005386638e-05,-4.23494700199241e-05,0.000270950021923836,-2.27155209386914e-05,4.04831876991249e-05,0.000596635175353677,0.0224274497035913,-0.0709805116582674,0.454130150410962,-0.0380727149136421,0.0678524991006891,"Slope variability","3yr","trailing","base1841_2010"
1964,-0.00010880702581464,-0.000138402205273692,0.000127468832814836,-0.000191785289431988,-5.80000536101397e-05,0.000596635175353677,-0.182367768963907,-0.231971246401369,0.213646191308239,-0.321444824835044,-0.0972119244825919,"Slope variability","3yr","trailing","base1841_2010"
1965,-0.000160870889353884,-0.000219040430107925,0.000187440590733265,-0.000302543918838207,-0.000108541047294816,0.000596635175353677,-0.269630246420724,-0.367126242562016,0.31416282256934,-0.507083610447311,-0.181921971379704,"Slope variability","3yr","trailing","base1841_2010"
1966,-5.99578094294601e-05,-8.76554467847081e-05,0.000108583856610798,-9.09040885419678e-05,-3.81787759368802e-05,0.000596635175353677,-0.100493252671397,-0.146916324088246,0.181993722623596,-0.152361262455036,-0.063990152632634,"Slope variability","3yr","trailing","base1841_2010"
1967,-1.89294358847495e-05,-6.65414679119842e-05,0.000184708582459816,-5.43735595169465e-05,-5.95042011437452e-06,0.000596635175353677,-0.0317269860489341,-0.111527899561972,0.30958379607827,-0.0911336806193409,-0.00997329751945515,"Slope variability","3yr","trailing","base1841_2010"
1968,4.13666773741514e-05,-4.57159683441534e-07,0.000227466553377143,2.33324477966297e-05,7.30393646161311e-05,0.000596635175353677,0.0693332862073205,-0.000766229854233009,0.38124898224833,0.039106725115224,0.122418804041908,"Slope variability","3yr","trailing","base1841_2010"
1969,6.81659338004181e-05,3.78976004421475e-05,0.000200443223872171,3.04691737223061e-05,0.000109810881023793,0.000596635175353677,0.114250611791385,0.0635188839137457,0.335956095369923,0.05106834960618,0.184050296663616,"Slope variability","3yr","trailing","base1841_2010"
1970,-6.45156897001256e-05,-8.50490838446208e-05,9.42622982477936e-05,-0.000114807660966652,-3.86666316653742e-05,0.000596635175353677,-0.108132561346021,-0.142547887482841,0.157989843947629,-0.192425230206374,-0.0648078310878221,"Slope variability","3yr","trailing","base1841_2010"
1971,6.41434572253453e-05,6.52132140768189e-05,0.000126058342502266,3.49599989750321e-05,0.000125515022078298,0.000596635175353677,0.107508675108406,0.109301658317684,0.211282116290814,0.0585952696374436,0.210371475339003,"Slope variability","3yr","trailing","base1841_2010"
1972,3.66528398162855e-05,2.5265327208481e-05,0.000136221259752308,1.34312318533676e-05,8.1282573620294e-05,0.000596635175353677,0.0614325828083438,0.0423463588004245,0.228315837515878,0.022511632582517,0.136234967326743,"Slope variability","3yr","trailing","base1841_2010"
1973,-6.30848338210198e-05,-3.80465651693339e-05,0.000135639344354665,-0.000119342906377819,3.29951043866353e-05,0.000596635175353677,-0.105734352292628,-0.0637685586452063,0.22734050883651,-0.200026601359992,0.0553019763996922,"Slope variability","3yr","trailing","base1841_2010"
1974,-0.000199041981149583,-0.000160177226542328,0.000487517692973608,-0.000338693043671728,7.4341774177534e-05,0.000596635175353677,-0.333607519924707,-0.268467621687537,0.817111885306819,-0.567671933641787,0.124601728574694,"Slope variability","3yr","trailing","base1841_2010"
1975,0.000492939976815238,0.00051274738930015,0.000508690295500658,0.000226405926123029,0.000847921357357414,0.000596635175353677,0.826199991515803,0.859398524393404,0.852598566953605,0.379471300847823,1.42117225464418,"Slope variability","3yr","trailing","base1841_2010"
1976,-1.34438869547766e-05,-6.61234586484699e-06,0.000146528609407556,-5.67307946601924e-05,3.96644000473743e-05,0.000596635175353677,-0.0225328433691614,-0.0110827288399939,0.245591637001113,-0.095084562566334,0.0664801568627961,"Slope variability","3yr","trailing","base1841_2010"
1977,-0.000104746301308397,-0.000145591439391685,0.000158228129452325,-0.000168472113120035,-6.3977006495838e-05,0.000596635175353677,-0.175561726219552,-0.244020878094189,0.265200806101534,-0.282370400002258,-0.107229692680981,"Slope variability","3yr","trailing","base1841_2010"
1978,8.11349333851816e-05,9.58024129895419e-05,0.000198656028162582,-6.02468087641148e-06,0.000187847429538452,0.000596635175353677,0.135987512531567,0.160571178078382,0.332960637201488,-0.0100977634663262,0.31484471130469,"Slope variability","3yr","trailing","base1841_2010"
1979,-0.000127263327785289,-0.000177360965787827,0.000454878329417485,-0.000410137402863587,7.53057956447307e-05,0.000596635175353677,-0.2133017512919,-0.297268704753603,0.762406154058616,-0.687417403139972,0.126217492289305,"Slope variability","3yr","trailing","base1841_2010"
1980,0.000313149469330957,0.00035808391510314,0.0003338547658694,0.000219542987957858,0.000452121848501442,0.000596635175353677,0.524859214251534,0.600172316174408,0.559562660165813,0.367968562744755,0.757786109800567,"Slope variability","3yr","trailing","base1841_2010"
1981,-5.79644784253579e-05,-3.67756205546386e-05,0.000359653151656143,-0.000150474427870811,6.12800665623618e-05,0.000596635175353677,-0.0971522981208698,-0.0616383714433842,0.602802460386191,-0.252205089620491,0.102709443046223,"Slope variability","3yr","trailing","base1841_2010"
1982,-0.000388740997616941,-0.000462988261372397,0.000367706798890918,-0.000562932660842077,-0.000285299651435035,0.000596635175353677,-0.651555613338588,-0.77599893619739,0.616300905612792,-0.943512357460953,-0.478181078187207,"Slope variability","3yr","trailing","base1841_2010"
1983,-5.70718453851892e-05,-7.64021987830399e-05,0.000237530630210785,-0.000182143861765303,2.96648623268598e-05,0.000596635175353677,-0.0956561861297531,-0.128055136437019,0.398117040400743,-0.305285154629594,0.0497202705309402,"Slope variability","3yr","trailing","base1841_2010"
1984,-0.000128866583841463,-0.000148823987784002,0.000169712710866369,-0.000214333740423254,-4.56177129934453e-05,0.000596635175353677,-0.215988914440173,-0.249438842917334,0.284449723846345,-0.35923751947109,-0.076458302959432,"Slope variability","3yr","trailing","base1841_2010"
1985,3.98889007382444e-05,2.05525801985983e-05,0.000194658855557576,-8.12792935501574e-06,0.000104672161661279,0.000596635175353677,0.0668564348633967,0.0344474832319683,0.326261111645295,-0.0136229469712335,0.175437463269293,"Slope variability","3yr","trailing","base1841_2010"
1986,-2.45633263092785e-05,-6.45954365238033e-05,0.000189990748935305,-5.56697256673504e-05,-7.43425172866261e-06,0.000596635175353677,-0.0411697588810746,-0.108266222294909,0.318437056317843,-0.0933061407825145,-0.0124602974074663,"Slope variability","3yr","trailing","base1841_2010"
1987,1.17245053452206e-05,-1.90114894449815e-05,0.000183067715244647,-3.98308682481361e-06,2.95468915809415e-05,0.000596635175353677,0.0196510461158621,-0.0318645132407953,0.306833594140886,-0.00667591685731986,0.0495225437612299,"Slope variability","3yr","trailing","base1841_2010"
1988,5.07530320219183e-05,2.58052323939088e-05,0.000190345270820214,1.41741270513684e-05,9.39915204312763e-05,0.000596635175353677,0.0850654371690918,0.0432512755866461,0.319031258435911,0.0237567740503503,0.157536002424864,"Slope variability","3yr","trailing","base1841_2010"
1989,-0.000154724086256869,-0.000184773235399627,0.000201408893531929,-0.000218510767575281,-9.52826100170625e-05,0.000596635175353677,-0.259327798038643,-0.309692158679877,0.337574621564236,-0.366238493139045,-0.159699953930105,"Slope variability","3yr","trailing","base1841_2010"
1990,-0.000183505590297168,-0.000210666876047158,0.000163549541069707,-0.000259802123782453,-0.000112356872708675,0.000596635175353677,-0.307567501678708,-0.353091612344642,0.274119843793584,-0.435445536090704,-0.188317547053894,"Slope variability","3yr","trailing","base1841_2010"
1991,3.52697885431884e-05,7.6569396364458e-06,0.000199455867162328,1.04529073790186e-05,6.86550442937655e-05,0.000596635175353677,0.0591144974351889,0.0128335370637624,0.334301220245845,0.017519763853719,0.115070393315425,"Slope variability","3yr","trailing","base1841_2010"
1992,3.95179241050708e-05,5.43234743229164e-06,0.000214782998495191,6.53026418736971e-06,7.15021099623194e-05,0.000596635175353677,0.0662346534993434,0.00910497345227998,0.359990505702033,0.0109451545217706,0.119842263607629,"Slope variability","3yr","trailing","base1841_2010"
1993,-7.84308613314617e-05,-0.000127386373132793,0.00026332149920365,-0.000135509877114187,-3.75570061887305e-05,0.000596635175353677,-0.131455308991745,-0.213507983429371,0.441344241977614,-0.227123513181835,-0.0629480254268737,"Slope variability","3yr","trailing","base1841_2010"
1994,-8.68050720118346e-05,-0.000104175528773065,0.000130582284467182,-0.000124527719513346,-5.24193178258325e-05,0.000596635175353677,-0.145491039746991,-0.174605073714119,0.218864542121195,-0.208716690965342,-0.0878582423417444,"Slope variability","3yr","trailing","base1841_2010"
1995,-2.31597978365127e-05,-3.57019732850911e-05,8.84385838300697e-05,-4.26047369953074e-05,3.90167927604779e-07,0.000596635175353677,-0.0388173523674394,-0.0598388676362023,0.148228913552816,-0.0714083559858031,0.000653947242338659,"Slope variability","3yr","trailing","base1841_2010"
1996,9.69418145706333e-06,-9.94139922585745e-06,9.51160144850599e-05,-2.99165857642698e-05,3.62071711684012e-05,0.000596635175353677,0.016248089045901,-0.0166624423710257,0.159420728804125,-0.0501421756545542,0.0606856126894264,"Slope variability","3yr","trailing","base1841_2010"
1997,2.13411537074542e-05,1.30513815312031e-05,0.000128777182232436,1.0407376666224e-06,5.97858229975523e-05,0.000596635175353677,0.0357691845687835,0.0218749783290373,0.21583907143272,0.00174434513688446,0.100204992040759,"Slope variability","3yr","trailing","base1841_2010"
1998,4.65136829002191e-05,4.11955707975236e-05,8.70498354697169e-05,2.28834187129325e-05,8.13121070008289e-05,0.000596635175353677,0.0779600077595935,0.0690465002723037,0.145901279484762,0.0383541226837112,0.136284467225098,"Slope variability","3yr","trailing","base1841_2010"
1999,3.013316391808e-05,2.66356819549478e-05,6.91842533336879e-05,1.59261777767048e-05,5.906412256853e-05,0.000596635175353677,0.0505051749592495,0.0446431639555252,0.115957382654612,0.0266933269015928,0.0989953744070111,"Slope variability","3yr","trailing","base1841_2010"
2000,3.14635215091523e-05,2.3277513682755e-05,9.2460981374286e-05,1.45728018271243e-05,6.00256952516151e-05,0.000596635175353677,0.0527349422375259,0.0390146519084404,0.154970717774855,0.0244249793326144,0.100607033797551,"Slope variability","3yr","trailing","base1841_2010"
2001,6.67909189672614e-05,3.55517652432222e-05,0.000206536889865866,2.3740312812371e-05,0.000108147946318974,0.000596635175353677,0.111945996022894,0.059587109027133,0.346169482453718,0.0397903338473098,0.181263108154603,"Slope variability","3yr","trailing","base1841_2010"
2002,-4.11673243868855e-05,-7.23741881730258e-05,0.000157849549759735,-6.66886126765381e-05,-2.12783092888521e-05,0.000596635175353677,-0.0689991574205829,-0.121303924345599,0.264566281507228,-0.111774523915735,-0.0356638531682926,"Slope variability","3yr","trailing","base1841_2010"
2003,-1.23652719905824e-05,-9.2078732910725e-05,0.000320522950083301,-5.33140674877485e-05,-3.68593194088516e-07,0.000596635175353677,-0.0207250133773162,-0.154330044077844,0.537217655484861,-0.0893579019308485,-0.000617786562567349,"Slope variability","3yr","trailing","base1841_2010"
2004,-2.15969149886408e-05,-0.000110756797507192,0.000355579176169543,-6.67212880110834e-05,-5.02083958237937e-06,0.000596635175353677,-0.0361978573855261,-0.185635715228383,0.595974208122678,-0.111829289936739,-0.00841525908928029,"Slope variability","3yr","trailing","base1841_2010"
2005,-8.04042820944798e-05,-0.000159295365159025,0.000362895148535172,-0.000150249190085216,-4.18959184170431e-05,0.000596635175353677,-0.134762892661864,-0.266989563705487,0.608236261497745,-0.251827576200398,-0.0702203291855995,"Slope variability","3yr","trailing","base1841_2010"
2006,3.06380877869236e-05,-1.38806665456347e-05,0.000251860570277203,2.18284817474212e-06,6.06584106746796e-05,0.000596635175353677,0.0513514607461113,-0.0232649148408095,0.422134967365784,0.00365859785831126,0.101667506678134,"Slope variability","3yr","trailing","base1841_2010"
2007,6.72868566957628e-05,5.08924137399148e-05,0.000262346415736944,2.87913710777051e-05,0.000136235600611163,0.000596635175353677,0.11277722044443,0.0852990501435763,0.439709937620471,0.0482562414471088,0.228339873743456,"Slope variability","3yr","trailing","base1841_2010"
2008,0.000138502028222733,0.00013838299232599,0.000255950915905362,6.29750847541049e-05,0.000268259204685902,0.000596635175353677,0.232138556263685,0.23193904423077,0.42899065706885,0.105550405600498,0.44962016281873,"Slope variability","3yr","trailing","base1841_2010"
2009,2.30297993376733e-05,-8.44630596581502e-06,0.000204247175336864,1.61403910766989e-06,5.40686946360281e-05,0.000596635175353677,0.038599466288627,-0.0141565672201747,0.342331769520275,0.00270523625549417,0.0906227069229985,"Slope variability","3yr","trailing","base1841_2010"
2010,-4.67332683865551e-05,-9.35568087195275e-05,0.000222158283545209,-8.76184549227907e-05,-2.43066679204879e-05,0.000596635175353677,-0.0783280475524298,-0.15680739685532,0.372351971057551,-0.146854323281982,-0.0407395824526759,"Slope variability","3yr","trailing","base1841_2010"
1900,0,-0.000847582547169811,0.0323707888195885,-0.015625,0,1708886109621.95,0,-4.9598539212032e-16,1.89426250452406e-14,-9.14338288082677e-15,0,"Biomass","6yr","trailing","base1841_2010"
1901,0,0.00364829009433962,0.0285547614148964,0,0.0078125,1708886109621.95,0,2.13489364434399e-15,1.67095754679716e-14,0,4.57169144041338e-15,"Biomass","6yr","trailing","base1841_2010"
1902,0,-0.0037219929245283,0.0353045846907448,-0.015625,0,1708886109621.95,0,-2.17802280887619e-15,2.06594134576675e-14,-9.14338288082677e-15,0,"Biomass","6yr","trailing","base1841_2010"
1903,0,0.000257959905660377,0.0308998491996895,-0.009765625,0.015625,1708886109621.95,0,1.50952075862706e-16,1.80818657403245e-14,-5.71461430051673e-15,9.14338288082677e-15,"Biomass","6yr","trailing","base1841_2010"
1904,0,0.000884433962264151,0.0300383582928834,-0.0078125,0.015625,1708886109621.95,0,5.17549974386421e-16,1.75777415029306e-14,-4.57169144041338e-15,9.14338288082677e-15,"Biomass","6yr","trailing","base1841_2010"
1905,0,0.000147405660377358,0.0296147448963421,-0.001953125,0,1708886109621.95,0,8.62583290644035e-17,1.7329852896337e-14,-1.14292286010335e-15,0,"Biomass","6yr","trailing","base1841_2010"
1906,0,0.000147405660377358,0.030802128478888,0,0.0078125,1708886109621.95,0,8.62583290644035e-17,1.8024681870521e-14,0,4.57169144041338e-15,"Biomass","6yr","trailing","base1841_2010"
1907,0,-0.00243219339622641,0.0318979625471085,0,0,1708886109621.95,0,-1.42326242956266e-15,1.8665938219935e-14,0,0,"Biomass","6yr","trailing","base1841_2010"
1908,0,-0.00228478773584906,0.0259271346704136,-0.0078125,0,1708886109621.95,0,-1.33700410049825e-15,1.51719500348384e-14,-4.57169144041338e-15,0,"Biomass","6yr","trailing","base1841_2010"
1909,0,0.00272700471698113,0.028874108572276,0,0.015625,1708886109621.95,0,1.59577908769146e-15,1.68964499212084e-14,0,9.14338288082677e-15,"Biomass","6yr","trailing","base1841_2010"
1910,0,-0.000331662735849057,0.0222576364892131,-0.0078125,0.0078125,1708886109621.95,0,-1.94081240394908e-16,1.30246459163607e-14,-4.57169144041338e-15,4.57169144041338e-15,"Biomass","6yr","trailing","base1841_2010"
1911,0,-0.00132665094339623,0.0262487943796413,-0.015625,0,1708886109621.95,0,-7.76324961579631e-16,1.53601777390819e-14,-9.14338288082677e-15,0,"Biomass","6yr","trailing","base1841_2010"
1912,0,-0.00217423349056604,0.0234472493340911,0,0,1708886109621.95,0,-1.27231035369995e-15,1.37207794024835e-14,0,0,"Biomass","6yr","trailing","base1841_2010"
1913,0,0.000663325471698113,0.0215970708522778,-0.0078125,0,1708886109621.95,0,3.88162480789816e-16,1.263809842603e-14,-4.57169144041338e-15,0,"Biomass","6yr","trailing","base1841_2010"
1914,0,0.00121609669811321,0.0269769169343142,-0.0078125,0.0078125,1708886109621.95,0,7.11631214781329e-16,1.57862579503804e-14,-4.57169144041338e-15,4.57169144041338e-15,"Biomass","6yr","trailing","base1841_2010"
1915,0,-0.00313237028301887,0.0289578893178516,-0.015625,0,1708886109621.95,0,-1.83298949261857e-15,1.69454764450381e-14,-9.14338288082677e-15,0,"Biomass","6yr","trailing","base1841_2010"
1916,0,-0.000331662735849057,0.0295398956165017,0,0.0078125,1708886109621.95,0,-1.94081240394908e-16,1.72860528564052e-14,0,4.57169144041338e-15,"Biomass","6yr","trailing","base1841_2010"
1917,0,0.00110554245283019,0.0251103413051803,-0.0078125,0.0078125,1708886109621.95,0,6.46937467983026e-16,1.46939817485762e-14,-4.57169144041338e-15,4.57169144041338e-15,"Biomass","6yr","trailing","base1841_2010"
1918,0,0.00154775943396226,0.0293584795884859,-0.0078125,0,1708886109621.95,0,9.05712455176237e-16,1.71798924592937e-14,-4.57169144041338e-15,0,"Biomass","6yr","trailing","base1841_2010"
1919,0,-0.000810731132075472,0.021335956549449,-0.001953125,0,1708886109621.95,0,-4.74420809854219e-16,1.24853004710589e-14,-1.14292286010335e-15,0,"Biomass","6yr","trailing","base1841_2010"
1920,0,0.000773879716981132,0.0331059846755799,-0.0078125,0.0078125,1708886109621.95,0,4.52856227588118e-16,1.93728443862791e-14,-4.57169144041338e-15,4.57169144041338e-15,"Biomass","6yr","trailing","base1841_2010"
1921,0,0.00136350235849057,0.0298124555455469,0,0.0078125,1708886109621.95,0,7.97889543845732e-16,1.7445548522916e-14,0,4.57169144041338e-15,"Biomass","6yr","trailing","base1841_2010"
1922,0,0.00217423349056604,0.0311135395710729,0,0.001953125,1708886109621.95,0,1.27231035369995e-15,1.82069123248688e-14,0,1.14292286010335e-15,"Biomass","6yr","trailing","base1841_2010"
1923,0,0.00486438679245283,0.0254993276728377,0,0.015625,1708886109621.95,0,2.84652485912531e-15,1.49216074314506e-14,0,9.14338288082677e-15,"Biomass","6yr","trailing","base1841_2010"
1924,0,0.000147405660377358,0.0236275649462078,-0.0078125,0.015625,1708886109621.95,0,8.62583290644035e-17,1.38262958620658e-14,-4.57169144041338e-15,9.14338288082677e-15,"Biomass","6yr","trailing","base1841_2010"
1925,0,-0.00095813679245283,0.0288873371062513,-0.015625,0,1708886109621.95,0,-5.60679138918623e-16,1.69041909484781e-14,-9.14338288082677e-15,0,"Biomass","6yr","trailing","base1841_2010"
1926,0,0.00198997641509434,0.0317834599234135,0,0.0078125,1708886109621.95,0,1.16448744236945e-15,1.85989339748597e-14,0,4.57169144041338e-15,"Biomass","6yr","trailing","base1841_2010"
1927,0,0.00173201650943396,0.022847405795232,0,0.0078125,1708886109621.95,0,1.01353536650674e-15,1.33697650572433e-14,0,4.57169144041338e-15,"Biomass","6yr","trailing","base1841_2010"
1928,0,-0.000184257075471698,0.0262652934564197,0,0.0078125,1708886109621.95,0,-1.07822911330504e-16,1.53698326111565e-14,0,4.57169144041338e-15,"Biomass","6yr","trailing","base1841_2010"
1929,0,-0.000773879716981132,0.0290974020448417,-0.0078125,0,1708886109621.95,0,-4.52856227588118e-16,1.70271160149337e-14,-4.57169144041338e-15,0,"Biomass","6yr","trailing","base1841_2010"
1930,0,0.00110554245283019,0.0284684523927036,0,0,1708886109621.95,0,6.46937467983026e-16,1.6659069456069e-14,0,0,"Biomass","6yr","trailing","base1841_2010"
1931,-25369626515.2969,-146539718300.296,491698244290.146,-86456281317.8066,-7696061966.2832,1708886109621.95,-0.0148457093614678,-0.0857516001067589,0.287730259800006,-0.0505921844826353,-0.00450355463886693,"Biomass","6yr","trailing","base1841_2010"
1932,-136369662340.898,-672864898715.388,2020832044537.5,-475346334507.727,-42386681169.0059,1708886109621.95,-0.0798003223111615,-0.393744729345505,1.18254343174722,-0.278161506393709,-0.024803689918448,"Biomass","6yr","trailing","base1841_2010"
1933,-208168432639.953,-950022281837.879,2677793135245.2,-724465418569.703,-72774210546.7734,1708886109621.95,-0.121815275733036,-0.555930717962269,1.56698162631657,-0.423940141177678,-0.0425857581362593,"Biomass","6yr","trailing","base1841_2010"
1934,-438842421870.016,-1419300468842.21,3359551835383.87,-1488518885333.97,-169260105026.342,1708886109621.95,-0.256800274400439,-0.830541287011923,1.96593079928954,-0.871046278012801,-0.0990470365891069,"Biomass","6yr","trailing","base1841_2010"
1935,-630130062108.891,-1734460875140.03,3641499258267.17,-1797421021476.62,-211348184198.969,1708886109621.95,-0.368737307045167,-1.01496575188603,2.13091980662934,-1.05180855023408,-0.123675991635115,"Biomass","6yr","trailing","base1841_2010"
1936,-720445332146.508,-1937892228069.64,3840134132144.02,-2034333334274.02,-237482144450.055,1708886109621.95,-0.421587681057276,-1.13400899987323,2.24715626777115,-1.19044406927976,-0.138968971140266,"Biomass","6yr","trailing","base1841_2010"
1937,-787503540065.512,-2095762513292.36,3974014306462.51,-2097178121338.1,-279176729490.859,1708886109621.95,-0.460828568756831,-1.22639098152421,2.32549980018368,-1.22721936209198,-0.163367662665724,"Biomass","6yr","trailing","base1841_2010"
1938,-853535875314.492,-2244086414212.94,4111711465214.83,-2222412369834.61,-313988384102.371,1708886109621.95,-0.499469139873409,-1.31318664337987,2.40607694220445,-1.30050350185494,-0.183738625022725,"Biomass","6yr","trailing","base1841_2010"
1939,-901519678997.035,-2316381406087.57,4190967508415.41,-2256472512508.3,-319886985357.93,1708886109621.95,-0.527548134378876,-1.35549197400874,2.45245571651499,-1.32043469708317,-0.187190347886143,"Biomass","6yr","trailing","base1841_2010"
1940,-1058864135431.86,-2548945377281.99,4390436653653.01,-2463032086750,-375486496860.551,1708886109621.95,-0.619622413377863,-1.49158294571537,2.56918037365538,-1.44130850668269,-0.219725875672088,"Biomass","6yr","trailing","base1841_2010"
1941,-1123730053432.18,-2700969694253.78,4574440740009.79,-2597411369982.87,-410600920577.188,1708886109621.95,-0.657580424526228,-1.5805440041006,2.67685524169997,-1.51994410590503,-0.240274011395659,"Biomass","6yr","trailing","base1841_2010"
1942,-1136090529683.82,-2685398452161.31,4562236241807.67,-2608915393947.11,-410543665098.363,1708886109621.95,-0.664813484811549,-1.57143207908419,2.66971345610443,-1.52667599043465,-0.240240506834704,"Biomass","6yr","trailing","base1841_2010"
1943,-1141085447240.01,-2696476900708.37,4592924373306.96,-2606046805365.75,-416488724258.074,1708886109621.95,-0.667736393206712,-1.57791492687883,2.68767142962092,-1.52499735979613,-0.243719415772074,"Biomass","6yr","trailing","base1841_2010"
1944,-1155394570333.79,-2706725339143.71,4602411207001.41,-2633139944069.31,-419048990633.012,1708886109621.95,-0.676109755839368,-1.5839120722577,2.6932229017998,-1.54085162799517,-0.245217623499623,"Biomass","6yr","trailing","base1841_2010"
1945,-1151668300067.85,-2689378809012,4561933668883.27,-2643592096303.33,-414786394444.805,1708886109621.95,-0.673929230030801,-1.57376129039223,2.66953639753821,-1.54696798190265,-0.242723252362655,"Biomass","6yr","trailing","base1841_2010"
1946,-1140639562646.28,-2667718152761.05,4520603384503.6,-2632125017286.15,-411007398005.191,1708886109621.95,-0.667475472018797,-1.56108598328488,2.64535088620018,-1.540257716688,-0.240511872436085,"Biomass","6yr","trailing","base1841_2010"
1947,-1170119549711.98,-2708741151651.1,4590272106691.71,-2661989760760.2,-423020593185.789,1708886109621.95,-0.684726467798866,-1.58509167837425,2.68611938551434,-1.55773386287814,-0.247541711998216,"Biomass","6yr","trailing","base1841_2010"
1948,-1257002414730.36,-2857384768906.93,4721869190573.37,-2805349782272.32,-451115567153.482,1708886109621.95,-0.735568279040223,-1.67207443071736,2.76312690704588,-1.64162477913343,-0.263982230655079,"Biomass","6yr","trailing","base1841_2010"
1949,-1372667302753.39,-3053197715067.53,4900207284931.79,-3006250450577.93,-486740717743.738,1708886109621.95,-0.803252653892225,-1.78665956606258,2.86748616969907,-1.75918712993869,-0.284829231745244,"Biomass","6yr","trailing","base1841_2010"
1950,-1394139483449.14,-3072367281227.06,4913380659238.28,-3041868967298.82,-490610960328.262,1708886109621.95,-0.815817669533027,-1.79787714577816,2.87519491882654,-1.78003024904437,-0.28709400677193,"Biomass","6yr","trailing","base1841_2010"
1951,-1411487666478.99,-3097457446666.21,4920123432558.54,-3089833267269.27,-498826347142.371,1708886109621.95,-0.825969418635657,-1.81255932108398,2.87914063134786,-1.80809783043577,-0.291901458109882,"Biomass","6yr","trailing","base1841_2010"
1952,-1443828978924.35,-3158472313184.55,4963561804624.42,-3157155888658.72,-517851858819.271,1708886109621.95,-0.844894794799265,-1.84826378738796,2.90455974606903,-1.84749344668567,-0.303034740526877,"Biomass","6yr","trailing","base1841_2010"
1953,-1478298467673.77,-3231359374313.64,5019139826372.51,-3255034433686.6,-542530029155.711,1708886109621.95,-0.865065529733173,-1.8909155830335,2.93708269855554,-1.90476967151819,-0.317475825978674,"Biomass","6yr","trailing","base1841_2010"
1954,-1511713042894.98,-3255527587700.81,4997717871832.63,-3308406265465.79,-546000809452.998,1708886109621.95,-0.884618954056227,-1.90505825366034,2.92454707408106,-1.93600161347072,-0.319506845060486,"Biomass","6yr","trailing","base1841_2010"
1955,-1520271133581.73,-3269532580029.28,4966761575161.95,-3377027038368.3,-557181269255.727,1708886109621.95,-0.889626947648401,-1.91325364611489,2.90643217660698,-1.97615687748517,-0.326049387445129,"Biomass","6yr","trailing","base1841_2010"
1956,-1534076136376.44,-3299831279145.96,4987027636554.42,-3443098968342.43,-570343423630.326,1708886109621.95,-0.897705310926668,-1.93098373295103,2.91829139957003,-2.01482061850461,-0.333751570932074,"Biomass","6yr","trailing","base1841_2010"
1957,-1552686209893.22,-3340580294924.29,5007640912517.05,-3532377364307.8,-584854660500.158,1708886109621.95,-0.908595488693341,-1.95482909956083,2.93035380434151,-2.06706423817164,-0.34224320579769,"Biomass","6yr","trailing","base1841_2010"
1958,-1548823511435.48,-3343731016276.18,5011205443069.78,-3543651964089.96,-584328126744.084,1708886109621.95,-0.906335128312393,-1.95667282766779,2.93243968387009,-2.07366186906037,-0.341935090614876,"Biomass","6yr","trailing","base1841_2010"
1959,-1566159405733.78,-3378649331657.53,5041100786201.14,-3614940185636.25,-595803867744.277,1708886109621.95,-0.916479686338051,-1.97710620540123,2.94993373626073,-2.11537806134779,-0.348650424618458,"Biomass","6yr","trailing","base1841_2010"
1960,-1601931319078.6,-3432027182453.5,5097096858096.72,-3719553288702.66,-611804517486.039,1708886109621.95,-0.937412569543906,-2.00834166954096,2.9827013218712,-2.1765951913118,-0.358013628902037,"Biomass","6yr","trailing","base1841_2010"
1961,-1634813201727.94,-3501163581304.37,5189305915687.24,-3802310616635.02,-633782170761.711,1708886109621.95,-0.956654274689847,-2.04879866574544,3.03665989586354,-2.22502283518249,-0.370874435220215,"Biomass","6yr","trailing","base1841_2010"
1962,-1619098362319.06,-3487473856366.8,5164033472796.63,-3825016999682.78,-635536625307.523,1708886109621.95,-0.947458319897778,-2.04078776036065,3.02187105607585,-2.23831007704134,-0.371901100798415,"Biomass","6yr","trailing","base1841_2010"
1963,-1608742365433.41,-3497652940232.58,5165416679151.94,-3781264494800.34,-646230643896.094,1708886109621.95,-0.941398233840932,-2.04674432107494,3.02268047593567,-2.21270713917668,-0.378158989213773,"Biomass","6yr","trailing","base1841_2010"
1964,-1604300000256.6,-3497040879966.65,5140715492954.67,-3799129538173.05,-653200962478.758,1708886109621.95,-0.938798666115622,-2.04638615778806,3.00822592214289,-2.22316134280799,-0.382237855876342,"Biomass","6yr","trailing","base1841_2010"
1965,-1581978786973.02,-3463971955869.7,5063807342223.3,-3699809278448.04,-645273644833.295,1708886109621.95,-0.925736816552975,-2.02703500038163,2.96322107934012,-2.16504146040869,-0.377598975847516,"Biomass","6yr","trailing","base1841_2010"
1966,-1546246799121.01,-3421243817233.73,4987618532312.38,-3651906296078.88,-633862993050.781,1708886109621.95,-0.904827296807438,-2.00203149757628,2.91863717788412,-2.13700976063687,-0.370921730524808,"Biomass","6yr","trailing","base1841_2010"
1967,-1543553119202.3,-3436928405545.28,5015565767156.84,-3669417016066.72,-640866731311.348,1708886109621.95,-0.903251018608707,-2.01120975013696,2.93499124307729,-2.14725662254841,-0.375020153597669,"Biomass","6yr","trailing","base1841_2010"
1968,-1538038155418.3,-3466165316551.53,5047283440838.54,-3743476902316.34,-644452333708.766,1708886109621.95,-0.900023791379847,-2.02831850351826,2.95355168048919,-2.19059472789822,-0.377118363874662,"Biomass","6yr","trailing","base1841_2010"
1969,-1533135039452.38,-3490261081028.44,5093852491254.8,-3736773329695.58,-648607299319.582,1708886109621.95,-0.897154603118369,-2.04241877874505,2.98080279462374,-2.18667195470519,-0.379549752126589,"Biomass","6yr","trailing","base1841_2010"
1970,-1530682596683.28,-3490644144808.59,5088633666507.98,-3772875504976.52,-651611832130.746,1708886109621.95,-0.895719491231576,-2.04264293866887,2.97774886100146,-2.20779809943635,-0.3813079341343,"Biomass","6yr","trailing","base1841_2010"
1971,-1512955620783.21,-3472585413957.22,5058362867952.65,-3714368304242.04,-645805795427.049,1708886109621.95,-0.88534608144127,-2.03207539367585,2.96003510091828,-2.1735610602299,-0.377910377871769,"Biomass","6yr","trailing","base1841_2010"
1972,-1507965824886.78,-3477696655735.76,5065813277489.24,-3729537072658.23,-650925208067.406,1708886109621.95,-0.882426170121063,-2.03506637227282,2.96439490552704,-2.18243746710733,-0.380906137865096,"Biomass","6yr","trailing","base1841_2010"
1973,-1630570057334.59,-3572075849502.27,5092301461030.7,-3842738076524.83,-687706003328.09,1708886109621.95,-0.954171286286194,-2.09029485896664,2.97989516817902,-2.24868003484149,-0.402429395063799,"Biomass","6yr","trailing","base1841_2010"
1974,-1645153273427.33,-3615988070692.97,5070832035078.63,-4327107318116.77,-736011295746.484,1708886109621.95,-0.962705041701859,-2.11599125906227,2.9673317645495,-2.53212153446202,-0.430696517223906,"Biomass","6yr","trailing","base1841_2010"
1975,-1640779951975.51,-3605921726947.29,5024047473550.44,-4420230244675.55,-733822038894.223,1708886109621.95,-0.960145876742186,-2.11010067121735,2.93995453837581,-2.58661488310267,-0.429415415551925,"Biomass","6yr","trailing","base1841_2010"
1976,-1688184061468.24,-3645636391184.3,5033707960454.15,-4491670491903.54,-778414641258.145,1708886109621.95,-0.987885647828051,-2.13334075960791,2.94560762833267,-2.62842003724708,-0.455509958724136,"Biomass","6yr","trailing","base1841_2010"
1977,-1738412294344.36,-3688997988588.1,5028420517421.78,-4514983211134.39,-807020905492.363,1708886109621.95,-1.01727802956333,-2.15871494760069,2.94251354090191,-2.64206209279401,-0.472249672431884,"Biomass","6yr","trailing","base1841_2010"
1978,-1872927117357.97,-3777343017516.36,5043616434010.34,-4754858864689.36,-875414150975.896,1708886109621.95,-1.09599294348077,-2.21041238280766,2.95140583425195,-2.78243168922548,-0.512271792746657,"Biomass","6yr","trailing","base1841_2010"
1979,-1996811310343.28,-3942200865926.2,5080978104677.31,-4915160410802.11,-999287533474.984,1708886109621.95,-1.16848706247898,-2.30688332225856,2.97326900609038,-2.87623638762531,-0.584759585702322,"Biomass","6yr","trailing","base1841_2010"
1980,-2223879672110.59,-4195033185349.44,5168813857905.91,-5401093477635.41,-1223607964872.7,1708886109621.95,-1.30136213267166,-2.45483485513115,3.02466842512365,-3.16059300103403,-0.716026631607063,"Biomass","6yr","trailing","base1841_2010"
1981,-2154208014867.02,-4123079251179.09,5227114040248.57,-5258202191197.44,-1066940672872.96,1708886109621.95,-1.260591915832,-2.41272910345747,3.05878432203123,-3.07697637753091,-0.624348613325083,"Biomass","6yr","trailing","base1841_2010"
1982,-2077301250090.46,-4014839317262.75,5166437005335,-5044628617930.1,-1031716904967.33,1708886109621.95,-1.21558788405742,-2.34938963729475,3.0232775468448,-2.9519981404999,-0.603736491951224,"Biomass","6yr","trailing","base1841_2010"
1983,-2031310680373.03,-3961095326916.76,5135470071021.16,-4989950979001.99,-978911334123.406,1708886109621.95,-1.18867528323605,-2.31793991689303,3.00515642447188,-2.92000207088458,-0.57283591259336,"Biomass","6yr","trailing","base1841_2010"
1984,-2004892809282.8,-3957067510316.8,5181828437477.76,-5007295183561.7,-983620910552.648,1708886109621.95,-1.1732161657785,-2.31558293325481,3.03228425130339,-2.93015149187996,-0.575591846065301,"Biomass","6yr","trailing","base1841_2010"
1985,-1961693610616.82,-3938727998159.56,5181041757124.46,-5013802208901.08,-968314631211.266,1708886109621.95,-1.14793700971143,-2.30485108163874,3.03182390444419,-2.93395925022192,-0.566634971025355,"Biomass","6yr","trailing","base1841_2010"
1986,-1904355547707.96,-3838560684197.26,5099288382487.5,-4972412942815.29,-912614201929.93,1708886109621.95,-1.11438412249091,-2.24623552300185,2.98398375045344,-2.90973922417528,-0.534040388526432,"Biomass","6yr","trailing","base1841_2010"
1987,-1851327561393.05,-3791827280658.19,5090195921592.55,-4956481915264.5,-882157428588.699,1708886109621.95,-1.08335339082522,-2.21888823328141,2.97866305597079,-2.90041676116204,-0.516217800368133,"Biomass","6yr","trailing","base1841_2010"
1988,-1831242713362.25,-3767311808601.98,5086937652197,-4936516173413.43,-868002576597.406,1708886109621.95,-1.07160020966369,-2.20454235504051,2.9767563932756,-2.88873327813842,-0.507934713559952,"Biomass","6yr","trailing","base1841_2010"
1989,-1816726491144.82,-3750603295990.22,5115718771154.36,-4948908072948.15,-841052918696.66,1708886109621.95,-1.06310565748979,-2.19476492603708,2.993598427859,-2.89598472659069,-0.492164406955548,"Biomass","6yr","trailing","base1841_2010"
1990,-1776871573364.16,-3751296446346.07,5146270267977.66,-4962552585028.49,-826973928094.828,1708886109621.95,-1.03978349602084,-2.19517054133932,3.01147644597342,-2.90396917447374,-0.483925712450068,"Biomass","6yr","trailing","base1841_2010"
1991,-1765827655176.92,-3741043964255.63,5139655884108.21,-4969907781899.92,-822177070389.18,1708886109621.95,-1.03332085458145,-2.1891710297085,3.00760586394212,-2.90827326286794,-0.481118704025903,"Biomass","6yr","trailing","base1841_2010"
1992,-1735539361785.11,-3670979328337.42,5038063204570.1,-4922353845905.7,-794598499165.172,1708886109621.95,-1.015596856931,-2.14817085098172,2.94815621486013,-2.88044581683366,-0.464980372121439,"Biomass","6yr","trailing","base1841_2010"
1993,-1701418452979.04,-3645237973496.64,5015638549160.68,-4891269889612.6,-787808236252.707,1708886109621.95,-0.995630102789844,-2.13310761493816,2.93503383339588,-2.86225621594799,-0.461006869806549,"Biomass","6yr","trailing","base1841_2010"
1994,-1722949241966.12,-3658655015599.88,5041347297299.22,-4909027443735.4,-784207718149.035,1708886109621.95,-1.0082294146257,-2.14095895273517,2.95007798876339,-2.87264751939578,-0.458899931208711,"Biomass","6yr","trailing","base1841_2010"
1995,-1689221197894.53,-3636516029491.25,4998952972424.99,-4916523370747.5,-772230324557.621,1708886109621.95,-0.988492555696547,-2.12800373823375,2.92526982592824,-2.87703395976175,-0.451891041895389,"Biomass","6yr","trailing","base1841_2010"
1996,-1670363482479.77,-3580059146186.04,4908962559749.06,-4872149758520.32,-756612506198.895,1708886109621.95,-0.977457463709675,-2.09496649661342,2.87260955081147,-2.85106756447226,-0.442751861542298,"Biomass","6yr","trailing","base1841_2010"
1997,-1661817630303.81,-3548587093132.29,4865048028042.09,-4832812809563.46,-744721960991.766,1708886109621.95,-0.972456631806463,-2.07654979062199,2.84691179865601,-2.82804850618898,-0.435793793862902,"Biomass","6yr","trailing","base1841_2010"
1998,-1662953376206.8,-3549653111822.97,4871621476296.13,-4849191737623.24,-745572632019.66,1708886109621.95,-0.973121243623828,-2.077173599713,2.85075842612698,-2.83763307005638,-0.436291586561377,"Biomass","6yr","trailing","base1841_2010"
1999,-1658310473643.78,-3539089014214.63,4859240690821.19,-4842149862949.41,-736877399355.578,1708886109621.95,-0.970404326131858,-2.0709917380027,2.84351348136136,-2.83351233045052,-0.4312033407063,"Biomass","6yr","trailing","base1841_2010"
2000,-1629741636481.01,-3516838522914.97,4826885390085.1,-4849162584083.35,-731241185486.871,1708886109621.95,-0.95368651386695,-2.05797127328338,2.82457991957869,-2.83761601008982,-0.427905160776712,"Biomass","6yr","trailing","base1841_2010"
2001,-1616596846955.57,-3482282688688.24,4779910563820.04,-4833137229952.47,-709606700382.348,1708886109621.95,-0.945994491881732,-2.0377500110049,2.79709135495137,-2.82823834937817,-0.415245168409339,"Biomass","6yr","trailing","base1841_2010"
2002,-1620375875039.14,-3464890831380.89,4765587047212.32,-4798262721729.73,-694945589179.449,1708886109621.95,-0.948205890325607,-2.02757270474123,2.78870956957254,-2.80783060656467,-0.406665830605405,"Biomass","6yr","trailing","base1841_2010"
2003,-1640773109165.65,-3504959196567.18,4847316041294.24,-4845547806841.6,-705448183858.584,1708886109621.95,-0.960141872490631,-2.05101977061688,2.83653545663531,-2.8355007273794,-0.412811702246586,"Biomass","6yr","trailing","base1841_2010"
2004,-1618553337724.43,-3496434674224.67,4842221412323.84,-4821952447945.71,-696458710209.941,1708886109621.95,-0.947139384310691,-2.04603142043104,2.83355419946334,-2.82169327774128,-0.407551273480721,"Biomass","6yr","trailing","base1841_2010"
2005,-1621828059163.1,-3528620525446.63,4910155654513.24,-4823592880033.19,-701116228173.852,1708886109621.95,-0.949055674354968,-2.06486582433937,2.87330772183495,-2.8226532200559,-0.410276743561896,"Biomass","6yr","trailing","base1841_2010"
2006,-1636406887676.93,-3557956893983.02,4954222858935.91,-4879729970203.68,-719226227052.289,1708886109621.95,-0.957586862262547,-2.08203277793049,2.89909481447649,-2.85550332624753,-0.420874289399778,"Biomass","6yr","trailing","base1841_2010"
2007,-1594846934799.13,-3501597137050.35,4862933199997.42,-4827937331195.01,-701736760862.256,1708886109621.95,-0.93326695431561,-2.04905237238133,2.84567425097347,-2.82519549080019,-0.410639864711346,"Biomass","6yr","trailing","base1841_2010"
2008,-1586900755979.62,-3469931235273.21,4822633793915.03,-4804012107655.21,-696935095255.066,1708886109621.95,-0.928617037170886,-2.03052223067156,2.82209198539388,-2.81119501212283,-0.407830042816163,"Biomass","6yr","trailing","base1841_2010"
2009,-1586672767587.83,-3467815661631.21,4821648869451.37,-4791275310270.86,-698704449433.957,1708886109621.95,-0.928483623720743,-2.02928424668299,2.82151563073916,-2.80374173755255,-0.408865427309564,"Biomass","6yr","trailing","base1841_2010"
2010,-1572819038977.96,-3509872210864.08,4907939389406.08,-4813825005295.97,-703384445032.408,1708886109621.95,-0.92037674724029,-2.05389475114907,2.87201081556678,-2.81693728926201,-0.411604050774346,"Biomass","6yr","trailing","base1841_2010"
1900,0,-2.64869545990566e-05,0.0125686384150272,-0.00390625,0.002197265625,493359523705.632,0,-5.36869226727653e-17,2.5475617295525e-14,-7.91765398721826e-15,4.45368036781027e-15,"Biomass variability","6yr","trailing","base1841_2010"
1901,0,0.000594229068396226,0.0139939759973979,-0.004150390625,0.0028076171875,493359523705.632,0,1.20445443909334e-15,2.83646617223255e-14,-8.4125073614194e-15,5.69081380331313e-15,"Biomass variability","6yr","trailing","base1841_2010"
1902,0,-0.000165831367924528,0.0163406201692454,-0.00390625,0.002197265625,493359523705.632,0,-3.36126820212096e-16,3.31211203677811e-14,-7.91765398721826e-15,4.45368036781027e-15,"Biomass variability","6yr","trailing","base1841_2010"
1903,0,0.00048828125,0.0153272931860001,-0.00390625,0.0023193359375,493359523705.632,0,9.89706748402283e-16,3.10671882258937e-14,-7.91765398721826e-15,4.70110705491084e-15,"Biomass variability","6yr","trailing","base1841_2010"
1904,0,-0.000340875589622641,0.0117601470037723,-0.0020751953125,0.0015869140625,493359523705.632,0,-6.90927352658197e-16,2.38368703525608e-14,-4.2062536807097e-15,3.21654693230742e-15,"Biomass variability","6yr","trailing","base1841_2010"
1905,0,-0.000808427918632075,0.0118504629985153,-0.003662109375,0.0009765625,493359523705.632,0,-1.63861824853397e-15,2.40199335963077e-14,-7.42280061301712e-15,1.97941349680457e-15,"Biomass variability","6yr","trailing","base1841_2010"
1906,0,-0.000699025280070755,0.0134866159157569,-0.003173828125,0.00146484375,493359523705.632,0,-1.41686791575515e-15,2.73362837195454e-14,-6.43309386461484e-15,2.96912024520685e-15,"Biomass variability","6yr","trailing","base1841_2010"
1907,0,-0.000511313384433962,0.0141499795337846,-0.00347900390625,0.0025634765625,493359523705.632,0,-1.0363910289873e-15,2.86808683199299e-14,-7.05166058236626e-15,5.19596042911198e-15,"Biomass variability","6yr","trailing","base1841_2010"
1908,0,0.000163528154481132,0.0118965875739468,-0.00244140625,0.00244140625,493359523705.632,0,3.31458392153595e-16,2.41134243940227e-14,-4.94853374201141e-15,4.94853374201141e-15,"Biomass variability","6yr","trailing","base1841_2010"
1909,0,0.000308054798054245,0.0109951404009983,-0.0037841796875,0.003173828125,493359523705.632,0,6.24402252824553e-16,2.22862636124131e-14,-7.67022730011769e-15,6.43309386461484e-15,"Biomass variability","6yr","trailing","base1841_2010"
1910,0,0.000307478994693396,0.0110633785337564,-0.00244140625,0.0028076171875,493359523705.632,0,6.23235145809928e-16,2.24245768089348e-14,-4.94853374201141e-15,5.69081380331313e-15,"Biomass variability","6yr","trailing","base1841_2010"
1911,0,0.000621867629716981,0.0112018140665428,-0.0029296875,0.00189208984375,493359523705.632,0,1.26047557579536e-15,2.27051744788584e-14,-5.9382404904137e-15,3.83511365005885e-15,"Biomass variability","6yr","trailing","base1841_2010"
1912,0,0.000387515661851415,0.00975855907958955,-0.0032958984375,0.003662109375,493359523705.632,0,7.85463020842849e-16,1.97798129167404e-14,-6.68052055171541e-15,7.42280061301712e-15,"Biomass variability","6yr","trailing","base1841_2010"
1913,0,-0.000318995061910377,0.00883316250784403,-0.0032958984375,0.003173828125,493359523705.632,0,-6.46577286102435e-16,1.79041086335944e-14,-6.68052055171541e-15,6.43309386461484e-15,"Biomass variability","6yr","trailing","base1841_2010"
1914,0,-0.000753726599351415,0.0113997546855696,-0.003082275390625,0.001953125,493359523705.632,0,-1.52774308214456e-15,2.31063841637145e-14,-6.24752384928941e-15,3.95882699360913e-15,"Biomass variability","6yr","trailing","base1841_2010"
1915,0,-0.00078712319428066,0.0125073172782953,-0.00262451171875,0.003082275390625,493359523705.632,0,-1.59543528899283e-15,2.53513242925821e-14,-5.31967377266227e-15,6.24752384928941e-15,"Biomass variability","6yr","trailing","base1841_2010"
1916,0,-0.000711117150648585,0.0127072017303568,-0.002716064453125,0.002227783203125,493359523705.632,0,-1.44137716306229e-15,2.57564739703671e-14,-5.5052437879877e-15,4.51553703958541e-15,"Biomass variability","6yr","trailing","base1841_2010"
1917,0,-0.000978577811762972,0.0116387394199563,-0.004150390625,0.00299072265625,493359523705.632,0,-1.98349837135575e-15,2.35907869631005e-14,-8.4125073614194e-15,6.06195383396398e-15,"Biomass variability","6yr","trailing","base1841_2010"
1918,0,-0.000408244582841981,0.00944819361460991,-0.002685546875,0.0029296875,493359523705.632,0,-8.27478873369361e-16,1.91507271282499e-14,-5.44338711621255e-15,5.9382404904137e-15,"Biomass variability","6yr","trailing","base1841_2010"
1919,0,-0.000185696583873821,0.0102642978793153,-0.003173828125,0.0029296875,493359523705.632,0,-3.7639201221667e-16,2.08049047117202e-14,-6.43309386461484e-15,5.9382404904137e-15,"Biomass variability","6yr","trailing","base1841_2010"
1920,0,0.000886161372346698,0.016846970673271,-0.002044677734375,0.00225830078125,493359523705.632,0,1.79617769550839e-15,3.41474520380859e-14,-4.14439700893456e-15,4.57739371136056e-15,"Biomass variability","6yr","trailing","base1841_2010"
1921,0,0.000863705041273585,0.0167113815829578,-0.002197265625,0.002685546875,493359523705.632,0,1.750660521938e-15,3.38726238776913e-14,-4.45368036781027e-15,5.44338711621255e-15,"Biomass variability","6yr","trailing","base1841_2010"
1922,0,0.000503252137382075,0.0150034447456769,-0.00250244140625,0.00390625,493359523705.632,0,1.02005153078254e-15,3.04107735328301e-14,-5.0722470855617e-15,7.91765398721826e-15,"Biomass variability","6yr","trailing","base1841_2010"
1923,0,0.00113893904775943,0.014401710129782,-0.00152587890625,0.0048828125,493359523705.632,0,2.30853767492891e-15,2.91911059537485e-14,-3.09283358875713e-15,9.89706748402283e-15,"Biomass variability","6yr","trailing","base1841_2010"
1924,0,0.00163758475825472,0.0102782565215529,-0.00128173828125,0.00537109375,493359523705.632,0,3.31925234959445e-15,2.08331977547586e-14,-2.59798021455599e-15,1.08867742324251e-14,"Biomass variability","6yr","trailing","base1841_2010"
1925,0,0.00171934883549528,0.0105961491176779,-0.00274658203125,0.00396728515625,493359523705.632,0,3.48498154567125e-15,2.14775404315498e-14,-5.56710045976284e-15,8.04136733076855e-15,"Biomass variability","6yr","trailing","base1841_2010"
1926,0,0.00150745319870283,0.0102534178256092,-0.00244140625,0.004638671875,493359523705.632,0,3.05548616428912e-15,2.07828517195647e-14,-4.94853374201141e-15,9.40221410982168e-15,"Biomass variability","6yr","trailing","base1841_2010"
1927,0,0.00125179650648585,0.0102541205983901,-0.00128173828125,0.00372314453125,493359523705.632,0,2.53729064979547e-15,2.07842761833627e-14,-2.59798021455599e-15,7.54651395656741e-15,"Biomass variability","6yr","trailing","base1841_2010"
1928,0,0.000956985185731132,0.00988773654951621,-0.001708984375,0.00445556640625,493359523705.632,0,1.9397318583073e-15,2.00416452392552e-14,-3.46397361940799e-15,9.03107407917083e-15,"Biomass variability","6yr","trailing","base1841_2010"
1929,0,-0.000202106979658019,0.0117539390135736,-0.0029296875,0.00372314453125,493359523705.632,0,-4.09654562133492e-16,2.38242872566634e-14,-5.9382404904137e-15,7.54651395656741e-15,"Biomass variability","6yr","trailing","base1841_2010"
1930,0,-0.000281567843455189,0.0119203965472694,-0.003326416015625,0.00439453125,493359523705.632,0,-5.70715330151788e-16,2.41616832644378e-14,-6.74237722349055e-15,8.90736073562054e-15,"Biomass variability","6yr","trailing","base1841_2010"
1931,-2672041759.88464,313180488.701895,59705588296.9683,-9802211605.99683,-861054850.493835,493359523705.632,-0.00541601333610607,0.000634791614742917,0.121018416445108,-0.0198682930702791,-0.00174528879877789,"Biomass variability","6yr","trailing","base1841_2010"
1932,-28474317076.4215,-1582608866.36974,505769129762.444,-94920900270.8623,-8863017935.85522,493359523705.632,-0.0577151462741621,-0.00320782064666096,1.02515327152013,-0.192397016191985,-0.0179646231804444,"Biomass variability","6yr","trailing","base1841_2010"
1933,-45188748159.7785,60062659253.1874,1041025926346.27,-162559308194.045,-13400824331.5939,493359523705.632,-0.0915939512434361,0.121742170500846,2.11007566759248,-0.329494618798597,-0.0271623910914703,"Biomass variability","6yr","trailing","base1841_2010"
1934,-10394988480.0388,273889436213.38,1322262036105.69,-45631161354.23,27837389577.9163,493359523705.632,-0.0210698040284332,0.555151817393108,2.6801186002738,-0.092490687139256,0.0564241455578462,"Biomass variability","6yr","trailing","base1841_2010"
1935,27342649277.173,408196680411.369,1377063900332.74,-7560963826.13458,169327848068.384,493359523705.632,0.055421346834053,0.827381779002454,2.7911975631677,-0.0153254644186131,0.343213903719865,"Biomass variability","6yr","trailing","base1841_2010"
1936,171756594931.446,570360619997.695,1216056863749.25,49299701942.8328,457898311333.383,493359523705.632,0.348136777904638,1.15607501749172,2.46484927384279,0.0999265233040235,0.928122979960132,"Biomass variability","6yr","trailing","base1841_2010"
1937,223379657723.604,546647898726.264,864024701193.915,80522922377.8557,542144064485.117,493359523705.632,0.452772566435518,1.10801124222835,1.75130844683855,0.163213475181439,1.09888233313723,"Biomass variability","6yr","trailing","base1841_2010"
1938,171389125797.764,440695236874.627,660766553022.508,59513668392.6911,476049721742.078,493359523705.632,0.347391947581061,0.893253734243453,1.33932055888874,0.120629410263904,0.964914426231119,"Biomass variability","6yr","trailing","base1841_2010"
1939,94517346888.1229,262212270738.75,458709896503.704,25440302289.2129,288210988095.62,493359523705.632,0.19157904600321,0.531483143913527,0.929767997703431,0.0515654427791935,0.584180449038182,"Biomass variability","6yr","trailing","base1841_2010"
1940,7048743713.44659,55728612049.8334,236152263120.245,-8441390151.77075,40263136324.0929,493359523705.632,0.0142872355245184,0.112957406054017,0.478661608367263,-0.0171100176365652,0.0816101329547178,"Biomass variability","6yr","trailing","base1841_2010"
1941,-7332709582.29321,-6699671920.48782,175724630758.138,-42020439580.8483,161262648.20578,493359523705.632,-0.0148628114589075,-0.013579695128142,0.356179666783905,-0.0851720450539438,0.000326866393486303,"Biomass variability","6yr","trailing","base1841_2010"
1942,-71197125497.6927,-119905641401.618,142859279526.504,-157280732541.889,-23178070665.7431,493359523705.632,-0.144310836371273,-0.243039073211771,0.289564248103462,-0.318795371295461,-0.0469800815673978,"Biomass variability","6yr","trailing","base1841_2010"
1943,-74533298212.7285,-137814136460.623,173395767139.076,-166199883067.52,-23727646199.3586,493359523705.632,-0.151072989638282,-0.279338149642877,0.351459247886202,-0.336873770712258,-0.0480940268896399,"Biomass variability","6yr","trailing","base1841_2010"
1944,-51312655498.2518,-87880262325.6342,117578388478.744,-102209070784.854,-15550639614.0239,493359523705.632,-0.104006617958526,-0.178126210406488,0.238321919065453,-0.20716955054837,-0.0315198934384053,"Biomass variability","6yr","trailing","base1841_2010"
1945,4154061531.17297,15536598541.3327,32556915344.4879,-129225712.287781,13275701906.1306,493359523705.632,0.00841994799243307,0.0314914333154797,0.065990243990736,-0.000261930105893496,0.0269087780173302,"Biomass variability","6yr","trailing","base1841_2010"
1946,721293410.92749,-2381558947.40634,24887014136.397,-2319820984.08557,3475454807.88733,493359523705.632,0.00146200362265198,-0.00482722808210615,0.0504439722769922,-0.00470209020525509,0.00704446684596889,"Biomass variability","6yr","trailing","base1841_2010"
1947,630678841.415649,221176417.997967,32281770003.8636,-4342371308.72241,8159283761.24695,493359523705.632,0.00127833519190754,0.000448306777047106,0.0654325465563017,-0.00880163673766098,0.016538210714901,"Biomass variability","6yr","trailing","base1841_2010"
1948,1104376996.30249,-5190352839.24657,47231625747.2301,-5632447687.82593,7093905612.19373,493359523705.632,0.00223848318161063,-0.0105204269702989,0.0957346994996114,-0.0114165176046882,0.0143787750541659,"Biomass variability","6yr","trailing","base1841_2010"
1949,-13494970609.2422,-34361574889.0223,80287280115.1791,-39836573262.3278,-1579802364.64438,493359523705.632,-0.0273532180100249,-0.0696481434693546,0.162735847302875,-0.0807455240006609,-0.00320213209380951,"Biomass variability","6yr","trailing","base1841_2010"
1950,-54990181363.4485,-84543233265.8674,90559854563.8353,-110268704846.717,-21886148843.3468,493359523705.632,-0.111460666554922,-0.171362321397714,0.18355752795373,-0.223505779352321,-0.0443614601355205,"Biomass variability","6yr","trailing","base1841_2010"
1951,-65839207040.3499,-84158041289.7162,73774905888.7153,-120064897401.568,-24221380687.8662,493359523705.632,-0.133450767395409,-0.170581568300544,0.149535789508208,-0.243361872290939,-0.0490947869130792,"Biomass variability","6yr","trailing","base1841_2010"
1952,-72123539197.7466,-117406866952.343,123793092793.661,-163035981306.087,-29631946857.6882,493359523705.632,-0.146188602291541,-0.237974258752517,0.250918623935439,-0.330460796786734,-0.0600615685598245,"Biomass variability","6yr","trailing","base1841_2010"
1953,-29235066307.595,-43690435333.0551,95158222045.198,-80102069460.5041,-6682236846.7435,493359523705.632,-0.0592571236651314,-0.0885569918766248,0.192878048305347,-0.162360440229989,-0.0135443556385678,"Biomass variability","6yr","trailing","base1841_2010"
1954,-12827693417.4392,-24684930539.3867,57554751259.1968,-36874525888.5355,-3716733251.15594,493359523705.632,-0.0260007009109507,-0.0500343651096014,0.116658843082428,-0.0747416926536054,-0.00753351880843304,"Biomass variability","6yr","trailing","base1841_2010"
1955,-6315189693.57898,-6591536700.60299,67618530497.4923,-19800328889.3121,186860928.586395,493359523705.632,-0.0128003806354957,-0.0133605137508927,0.137057312666447,-0.0401336711625458,0.000378752045127009,"Biomass variability","6yr","trailing","base1841_2010"
1956,13980470527.519,40278991159.3591,110011777689.041,3320983978.00555,41774985544.007,493359523705.632,0.028337287223142,0.0816422694282313,0.222985008706715,0.00673136692094557,0.0846745294997741,"Biomass variability","6yr","trailing","base1841_2010"
1957,24743361140.3389,61837620887.2655,131686090298.811,6497533320.69446,74784316739.2659,493359523705.632,0.0501527992294364,0.125339874708006,0.266917093866385,0.0131699764745421,0.151581783964683,"Biomass variability","6yr","trailing","base1841_2010"
1958,14347031477.2938,48307355837.7797,93317822429.3668,2755092009.28674,58867459283.3985,493359523705.632,0.029080276731121,0.0979151177116078,0.189147706582119,0.00558434949951548,0.119319596470428,"Biomass variability","6yr","trailing","base1841_2010"
1959,15487756924.531,47465839118.9822,82182197835.7482,3971842751.78148,60543450958.1443,493359523705.632,0.0313924352938445,0.0962094311314098,0.166576692831378,0.00805060520966312,0.122716696544948,"Biomass variability","6yr","trailing","base1841_2010"
1960,-186668312.490234,-410551539.383488,50421341029.3605,-8263349914.59442,5901990999.89911,493359523705.632,-0.000378361627820956,-0.000832154888386118,0.102199995351554,-0.0167491444221615,0.0119628601786566,"Biomass variability","6yr","trailing","base1841_2010"
1961,-4043147569.59668,-15057482383.6917,51396720319.7378,-14481908834.6666,-357982943.279144,493359523705.632,-0.00819513432968422,-0.0305203034707726,0.104177010577795,-0.0293536622661962,-0.000725602580021823,"Biomass variability","6yr","trailing","base1841_2010"
1962,-20250395480.3655,-42038766334.0201,69429115279.2678,-51318770563.0525,-5748809778.28723,493359523705.632,-0.0410459198765728,-0.0852091919058664,0.140727222123502,-0.104019012702129,-0.0116523741856807,"Biomass variability","6yr","trailing","base1841_2010"
1963,-22661079331.0927,-46298137209.3555,72689091049.1369,-60618102646.0854,-6819882544.13837,493359523705.632,-0.0459321817908467,-0.0938425934531664,0.147334930322552,-0.122868009501026,-0.0138233523757971,"Biomass variability","6yr","trailing","base1841_2010"
1964,-14957278319.5349,-30766357947.097,52400594236.0497,-40277964011.2017,-4399622379.65924,493359523705.632,-0.0303171979070973,-0.0623609284280362,0.10621178211473,-0.0816401874816832,-0.0089176800452003,"Biomass variability","6yr","trailing","base1841_2010"
1965,136495542.700317,-6712269629.51432,51276701175.4183,-6015495703.54596,3939927713.45325,493359523705.632,0.000276665466342064,-0.0136052296692245,0.103933741443315,-0.0121929250668224,0.00798591599866236,"Biomass variability","6yr","trailing","base1841_2010"
1966,-2317052088.3103,-19496747959.9696,80044150923.8554,-12434911734.9432,376698560.260864,493359523705.632,-0.00469647787663423,-0.0395183370810989,0.162243044023236,-0.0252045640905933,0.000763537627552975,"Biomass variability","6yr","trailing","base1841_2010"
1967,-2723025195.98438,-24239179800.2716,84702595979.5659,-27722721346.0896,1345770857.93835,493359523705.632,-0.00551935265287206,-0.0491308642796853,0.171685336777049,-0.0561917222918162,0.00272776908780486,"Biomass variability","6yr","trailing","base1841_2010"
1968,-4759775986.3385,-18790005590.9229,50928333492.3818,-23440763810.6948,-110155211.038574,493359523705.632,-0.00964768238502368,-0.0380858272478269,0.103227628221015,-0.0475125394045924,-0.000223275736548464,"Biomass variability","6yr","trailing","base1841_2010"
1969,-5311212302.82861,-14663809581.8246,31377799086.8026,-17129549504.4836,-1328290512.23462,493359523705.632,-0.0107653993642121,-0.0297223604232558,0.0636002703487375,-0.0347202165589574,-0.00269233783561693,"Biomass variability","6yr","trailing","base1841_2010"
1970,-5094447542.052,-12730756376.0951,32379566160.7211,-18719414370.7194,-804492001.235992,493359523705.632,-0.0103260346608646,-0.0258042173392623,0.0656307714859088,-0.0379427445326636,-0.00163064046112547,"Biomass variability","6yr","trailing","base1841_2010"
1971,-6645682864.13599,-15773101530.0247,37864218794.26,-21788871252.0775,-1027881095.49554,493359523705.632,-0.0134702636613157,-0.0319708058163196,0.0767477204247749,-0.0441642862965751,-0.00208343215465896,"Biomass variability","6yr","trailing","base1841_2010"
1972,-5401198964.65442,-10998548447.3976,30897426623.7275,-17191463550.0842,-687852004.668854,493359523705.632,-0.0109477950766733,-0.0222931714478466,0.0626265940741478,-0.0348457113404011,-0.0013942205868499,"Biomass variability","6yr","trailing","base1841_2010"
1973,19951692.8815308,7773178369.08146,93284239365.6947,-5091439874.27307,6835216165.5853,493359523705.632,4.04404737779728e-05,0.015755606197073,0.189079636418154,-0.0103199383606324,0.013854432390898,"Biomass variability","6yr","trailing","base1841_2010"
1974,165729267.935242,32109569856.6232,252628234510.974,-3428546251.78494,5119180774.7594,493359523705.632,0.000335919871760955,0.0650835107336079,0.51205707475449,-0.00694938698260666,0.0103761669305766,"Biomass variability","6yr","trailing","base1841_2010"
1975,134554947.743164,44507945214.0868,330321391471.629,-3611041738.99356,3223463392.03586,493359523705.632,0.000272732036735644,0.0902140185311248,0.6695348434557,-0.00731929062982501,0.00653370055132283,"Biomass variability","6yr","trailing","base1841_2010"
1976,2386585644.72321,62159298659.5764,390471003447.435,-9850719314.35541,8640968059.36447,493359523705.632,0.00483741679251982,0.12599188963192,0.791453260118706,-0.0199666142864062,0.0175145459734151,"Biomass variability","6yr","trailing","base1841_2010"
1977,8190334677.97937,72992205266.2278,361627002022.505,-6924268984.21646,25301049512.1555,493359523705.632,0.0166011484210574,0.147949318415873,0.732988793459013,-0.014034935278452,0.0512831886209855,"Biomass variability","6yr","trailing","base1841_2010"
1978,15551204448.5475,66304429810.0327,195305615616.956,-3671300084.82736,49109908606.785,493359523705.632,0.0315210383124706,0.134393736462243,0.395868745271222,-0.00744142944125647,0.0995418275052636,"Biomass variability","6yr","trailing","base1841_2010"
1979,43546068935.9188,102291053621.55,200789072592.792,6944932784.64859,115928530056.723,493359523705.632,0.0882643728225687,0.207335723152236,0.406983270708269,0.0140768191368539,0.234977788988407,"Biomass variability","6yr","trailing","base1841_2010"
1980,-12650957313.9135,-23755044653.3645,190322758754.924,-35757308929.9709,2149678276.24426,493359523705.632,-0.0256424710703705,-0.0481495613481623,0.385768895926861,-0.0724771839031243,0.00435722464643632,"Biomass variability","6yr","trailing","base1841_2010"
1981,-31790478128.2551,-61166193820.0884,169430701014.069,-80646894751.7431,-9544424194.42123,493359523705.632,-0.0644367375123851,-0.123978946145942,0.343422378352955,-0.163464757193705,-0.0193457787593374,"Biomass variability","6yr","trailing","base1841_2010"
1982,-49960612575.7706,-86790900536.7162,132141283856.247,-103780789247.603,-18669832654.6375,493359523705.632,-0.101266135901291,-0.175918161840331,0.267839734528143,-0.210355297224434,-0.0378422463894241,"Biomass variability","6yr","trailing","base1841_2010"
1983,-52008101602.0131,-77464910677.6725,100705064990.554,-91654199283.011,-14677906925.7651,493359523705.632,-0.105416231172309,-0.157015131877525,0.204121051995017,-0.185775676517998,-0.0297509346034695,"Biomass variability","6yr","trailing","base1841_2010"
1984,-11784707243.2678,-13645704135.8142,82634502857.867,-35479856437.9288,4123468348.55664,493359523705.632,-0.023886651978972,-0.0276587427223884,0.167493478664804,-0.0719148100586749,0.00835793807644615,"Biomass variability","6yr","trailing","base1841_2010"
1985,-939397438.535156,14389233406.7638,94654468005.5062,-10214540410.6517,7342678909.62085,493359523705.632,-0.00190408291194893,0.0291658166415558,0.191856979459026,-0.0207040503321597,0.0148830184820795,"Biomass variability","6yr","trailing","base1841_2010"
1986,16153943800.5521,43017445203.1438,97745335683.6657,1738005103.07809,45513829868.3657,493359523705.632,0.0327427424106858,0.0871928951123494,0.198121919182787,0.00352279629675314,0.0922528656718948,"Biomass variability","6yr","trailing","base1841_2010"
1987,-15059718175.2216,-20130132184.7365,23916379434.3956,-25150072952.1804,-5850772917.50348,493359523705.632,-0.0305248352400451,-0.0408021558670617,0.0484765739490731,-0.0509771712994973,-0.0118590452527565,"Biomass variability","6yr","trailing","base1841_2010"
1988,-35858880434.6139,-58580215100.1591,69300004205.665,-69164269830.2639,-16053427912.8378,493359523705.632,-0.0726830611584777,-0.118737375656929,0.140465524380986,-0.140190401739425,-0.0325390048057859,"Biomass variability","6yr","trailing","base1841_2010"
1989,-27876926437.4614,-42647710263.6531,52469619911.4114,-50005491658.0114,-11250461702.0742,493359523705.632,-0.0565042835862929,-0.086443472182974,0.10635169159665,-0.101357102184669,-0.0228037793160894,"Biomass variability","6yr","trailing","base1841_2010"
1990,11609629502.7118,25183327903.7232,55196424311.2082,470201487.143005,26950921824.1506,493359523705.632,0.0235317835065018,0.0510445764066148,0.111878704391124,0.000953060525945286,0.0546273468518896,"Biomass variability","6yr","trailing","base1841_2010"
1991,4661409979.88281,11879897004.7634,47900338730.0048,-2113013604.03967,19535749699.7515,493359523705.632,0.00944830241619921,0.0240795939552019,0.0970901268312903,-0.00428290831029021,0.039597390464905,"Biomass variability","6yr","trailing","base1841_2010"
1992,3974147534.4657,5353031779.69797,60939681661.8952,-6031948048.25964,17225193864.2938,493359523705.632,0.00805527681844632,0.0108501640740433,0.12351982425347,-0.0122262726438391,0.0349140799693397,"Biomass variability","6yr","trailing","base1841_2010"
1993,4047046072.94763,1441330963.94221,64056993936.7382,-2613778775.40741,17808191693.1002,493359523705.632,0.00820303628183803,0.0029214617225109,0.129838365043822,-0.0052979189613596,0.0360957695907895,"Biomass variability","6yr","trailing","base1841_2010"
1994,3475241440.8446,-1967909441.72523,64473070138.0462,-3540228299.43799,16493961546.7928,493359523705.632,0.00704403436816625,-0.00398879386566661,0.130681717976756,-0.00717575749394128,0.0334319309839332,"Biomass variability","6yr","trailing","base1841_2010"
1995,1837680031.7229,-9109189007.3819,74117817807.7286,-3870458307.42334,8634696723.37372,493359523705.632,0.00372482934538296,-0.0184635921061432,0.150230844336456,-0.00784510711043391,0.0175018344807015,"Biomass variability","6yr","trailing","base1841_2010"
1996,4569173505.13477,-3972990568.09073,82738573762.7581,-3066788296.36426,17525832269.7739,493359523705.632,0.00926134651423291,-0.00805293174083178,0.16770442200306,-0.00621613275716167,0.0355234497920239,"Biomass variability","6yr","trailing","base1841_2010"
1997,-162077221.818726,-17095611761.425,88119134843.9577,-9282686268.43933,4649198857.92993,493359523705.632,-0.000328517468561995,-0.0346514274884562,0.178610385752956,-0.0188152570740236,0.00942355145596403,"Biomass variability","6yr","trailing","base1841_2010"
1998,-12828457851.5024,-36822050598.5763,97015552285.5098,-32658463633.3,-5915037713.53015,493359523705.632,-0.0260022503571993,-0.0746353294692787,0.19664270704014,-0.0661960741894708,-0.0119893048158921,"Biomass variability","6yr","trailing","base1841_2010"
1999,-13607712700.5854,-35216075844.0779,86154135786.5383,-33102885664.0251,-5639429303.44543,493359523705.632,-0.027581737144502,-0.0713801480501873,0.174627491001761,-0.0670968818345468,-0.0114306687769754,"Biomass variability","6yr","trailing","base1841_2010"
2000,-8544022956.95288,-21511482233.6828,51284320829.6408,-20285989715.6782,-3428754476.73999,493359523705.632,-0.0173180460625926,-0.0436020411080944,0.103949185868438,-0.041118066523394,-0.00694980903781193,"Biomass variability","6yr","trailing","base1841_2010"
2001,-11872152309.9601,-25169929655.6775,47900744809.0558,-28625237252.9031,-4997357074.2887,493359523705.632,-0.0240638960828974,-0.0510174192374473,0.0970909499208052,-0.0580210493108524,-0.0101292401061876,"Biomass variability","6yr","trailing","base1841_2010"
2002,-10126956768.2036,-14881203988.8258,21843213195.9337,-21315541980.2343,-3161126891.55231,493359523705.632,-0.0205265253463435,-0.0301630013687641,0.0442744330379375,-0.0432048860030771,-0.00640734948787251,"Biomass variability","6yr","trailing","base1841_2010"
2003,-6647375527.83093,-12378989379.1787,22923853054.9599,-18420209316.4818,-1186200367.38086,493359523705.632,-0.0134736945542317,-0.0250912139816413,0.0464648029550102,-0.0373362799974495,-0.0024043325615188,"Biomass variability","6yr","trailing","base1841_2010"
2004,-4535347707.57666,-13115924079.305,29730616024.7368,-18397605746.6288,-864943659.254456,493359523705.632,-0.00919278434824078,-0.0265849212371356,0.0602615630107424,-0.0372904643827366,-0.00175317110077829,"Biomass variability","6yr","trailing","base1841_2010"
2005,-664098237.432739,-14028785959.5463,69207572303.1674,-12469798758.3337,3435905670.39819,493359523705.632,-0.00134607361472357,-0.0284352187106389,0.140278172362719,-0.025275277275835,0.00696430393111913,"Biomass variability","6yr","trailing","base1841_2010"
2006,81491843.6259766,-10384247328.2406,61631054814.1501,-9322373430.94843,4516807318.24561,493359523705.632,0.000165177400476411,-0.0210480325792524,0.124921181922745,-0.0188956997544669,0.00915520447303781,"Biomass variability","6yr","trailing","base1841_2010"
2007,-222832911.570557,-3167232986.73619,23842033538.2749,-7844179674.62866,3894284880.21582,493359523705.632,-0.000451664356039698,-0.00641972605078553,0.0483258808083747,-0.0158995201221837,0.00789340165355637,"Biomass variability","6yr","trailing","base1841_2010"
2008,-3164460179.59277,-12303948948.8937,29927753328.5061,-16904071455.6564,-188044409.138916,493359523705.632,-0.00641410579413661,-0.024939113076157,0.0606611444403024,-0.0342631907228416,-0.000381150864842967,"Biomass variability","6yr","trailing","base1841_2010"
2009,-7190029799.91504,-13255153668.7187,20056624919.5904,-17965795554.606,-2028644625.79858,493359523705.632,-0.0145736110370599,-0.0268671283958582,0.0406531625637725,-0.0364152199184575,-0.00411189918978638,"Biomass variability","6yr","trailing","base1841_2010"
2010,-4727952200.79321,-14543366499.1824,34816319946.5683,-14474669072.269,-651939825.083252,493359523705.632,-0.00958317813606086,-0.0294782319999559,0.0705698750579747,-0.0293389878511913,-0.00132142949260718,"Biomass variability","6yr","trailing","base1841_2010"
1900,0,8.3790416952842e-18,1.05572206319225e-16,0,0,0.00134936599730986,0,6.20961378305731e-15,7.82383775267028e-14,0,0,"Slope","6yr","trailing","base1841_2010"
1901,0,-1.36159427548368e-17,1.48364833382656e-16,0,0,0.00134936599730986,0,-1.00906223974681e-14,1.09951513287307e-13,0,0,"Slope","6yr","trailing","base1841_2010"
1902,0,6.28428127146315e-18,1.39958480774642e-16,0,0,0.00134936599730986,0,4.65721033729298e-15,1.03721659693269e-13,0,0,"Slope","6yr","trailing","base1841_2010"
1903,0,-3.35161667811368e-17,1.92854309745532e-16,0,0,0.00134936599730986,0,-2.48384551322292e-14,1.42922165024176e-13,0,0,"Slope","6yr","trailing","base1841_2010"
1904,0,-2.09476042382105e-18,1.0588495176485e-16,0,0,0.00134936599730986,0,-1.55240344576433e-15,7.84701496672845e-14,0,0,"Slope","6yr","trailing","base1841_2010"
1905,0,-1.15211823310158e-17,1.24588700780993e-16,0,0,0.00134936599730986,0,-8.5382189517038e-15,9.23312881971067e-14,0,0,"Slope","6yr","trailing","base1841_2010"
1906,0,-5.23690105955263e-18,1.04665225306219e-16,0,0,0.00134936599730986,0,-3.88100861441082e-15,7.75662240747747e-14,0,0,"Slope","6yr","trailing","base1841_2010"
1907,0,-1.46633229667474e-17,1.56693027584042e-16,0,0,0.00134936599730986,0,-1.08668241203503e-14,1.16123444563172e-13,0,0,"Slope","6yr","trailing","base1841_2010"
1908,0,3.14214063573158e-18,1.23200879030919e-16,0,0,0.00134936599730986,0,2.32860516864649e-15,9.13027890702269e-14,0,0,"Slope","6yr","trailing","base1841_2010"
1909,0,-7.33166148337368e-18,8.19899051574475e-17,0,0,0.00134936599730986,0,-5.43341206017514e-15,6.07617987417091e-14,0,0,"Slope","6yr","trailing","base1841_2010"
1910,0,1.57107031786579e-17,1.27837335802873e-16,0,0,0.00134936599730986,0,1.16430258432325e-14,9.47388151604038e-14,0,0,"Slope","6yr","trailing","base1841_2010"
1911,0,-2.09476042382105e-18,1.03654659088501e-16,0,0,0.00134936599730986,0,-1.55240344576433e-15,7.68173047899163e-14,0,0,"Slope","6yr","trailing","base1841_2010"
1912,0,1.78054636024789e-17,1.25715984206494e-16,0,0,0.00134936599730986,0,1.31954292889968e-14,9.3166705295024e-14,0,0,"Slope","6yr","trailing","base1841_2010"
1913,0,1.15211823310158e-17,1.18829038470496e-16,0,0,0.00134936599730986,0,8.5382189517038e-15,8.80628670852806e-14,0,0,"Slope","6yr","trailing","base1841_2010"
1914,0,4.1895208476421e-18,1.4169599531373e-16,0,0,0.00134936599730986,0,3.10480689152865e-15,1.05009312222347e-13,0,0,"Slope","6yr","trailing","base1841_2010"
1915,0,4.1895208476421e-18,1.12251505718591e-16,0,0,0.00134936599730986,0,3.10480689152865e-15,8.31883313662702e-14,0,0,"Slope","6yr","trailing","base1841_2010"
1916,0,5.23690105955263e-18,9.53177357601252e-17,0,0,0.00134936599730986,0,3.88100861441082e-15,7.06389044559841e-14,0,0,"Slope","6yr","trailing","base1841_2010"
1917,0,-2.40897448739421e-17,1.14905641006044e-16,0,0,0.00134936599730986,0,-1.78526396262898e-14,8.51552812469877e-14,0,0,"Slope","6yr","trailing","base1841_2010"
1918,0,2.09476042382105e-18,1.24167769351248e-16,0,0,0.00134936599730986,0,1.55240344576433e-15,9.20193406375973e-14,0,0,"Slope","6yr","trailing","base1841_2010"
1919,0,1.25685625429263e-17,1.34414784486783e-16,0,0,0.00134936599730986,0,9.31442067458596e-15,9.96132885775666e-14,0,0,"Slope","6yr","trailing","base1841_2010"
1920,0,2.09476042382105e-18,1.03654659088501e-16,0,0,0.00134936599730986,0,1.55240344576433e-15,7.68173047899163e-14,0,0,"Slope","6yr","trailing","base1841_2010"
1921,0,3.14214063573158e-18,9.29288510695973e-17,0,0,0.00134936599730986,0,2.32860516864649e-15,6.88685288163946e-14,0,0,"Slope","6yr","trailing","base1841_2010"
1922,0,-2.09476042382105e-18,1.0588495176485e-16,0,0,0.00134936599730986,0,-1.55240344576433e-15,7.84701496672845e-14,0,0,"Slope","6yr","trailing","base1841_2010"
1923,0,4.1895208476421e-18,1.01310054973014e-16,0,0,0.00134936599730986,0,3.10480689152865e-15,7.50797449876379e-14,0,0,"Slope","6yr","trailing","base1841_2010"
1924,0,-1.04738021191052e-18,9.54563966200865e-17,0,0,0.00134936599730986,0,-7.76201722882163e-16,7.07416644634526e-14,0,0,"Slope","6yr","trailing","base1841_2010"
1925,0,4.1895208476421e-18,1.10150196897689e-16,0,0,0.00134936599730986,0,3.10480689152865e-15,8.1631074976906e-14,0,0,"Slope","6yr","trailing","base1841_2010"
1926,0,-4.1895208476421e-18,1.20290228921784e-16,0,0,0.00134936599730986,0,-3.10480689152865e-15,8.91457389333942e-14,0,0,"Slope","6yr","trailing","base1841_2010"
1927,0,3.14214063573158e-18,1.15365150526607e-16,0,0,0.00134936599730986,0,2.32860516864649e-15,8.54958185967351e-14,0,0,"Slope","6yr","trailing","base1841_2010"
1928,0,1.04738021191052e-18,1.04791518233375e-16,0,0,0.00134936599730986,0,7.76201722882163e-16,7.76598183460161e-14,0,0,"Slope","6yr","trailing","base1841_2010"
1929,0,5.23690105955263e-18,1.25012623295861e-16,0,0,0.00134936599730986,0,3.88100861441082e-15,9.2645452416238e-14,0,0,"Slope","6yr","trailing","base1841_2010"
1930,0,4.1895208476421e-18,1.10150196897689e-16,0,0,0.00134936599730986,0,3.10480689152865e-15,8.1631074976906e-14,0,0,"Slope","6yr","trailing","base1841_2010"
1931,-3.36804471164909e-05,-6.77828371956823e-05,0.000101135947337314,-7.46180883188785e-05,-1.24173147464379e-05,0.00134936599730986,-0.0249602014454471,-0.0502331000861265,0.0749507157724011,-0.0552986279983632,-0.00920233262968939,"Slope","6yr","trailing","base1841_2010"
1932,-0.000182552907071587,-0.000375357746903584,0.00056146902057667,-0.000410261821614577,-7.03569098491341e-05,0.00134936599730986,-0.135287911089749,-0.278173414516082,0.416098391167431,-0.304040432642061,-0.0521407164471313,"Slope","6yr","trailing","base1841_2010"
1933,-0.000238969181318271,-0.000562057844195044,0.000863386189540347,-0.000645332461731152,-9.1841478249588e-05,0.00134936599730986,-0.177097378913273,-0.416534761744092,0.639845817414711,-0.478248646414469,-0.0680626890203888,"Slope","6yr","trailing","base1841_2010"
1934,-0.000591799572887908,-0.00108648928103055,0.00144525152905542,-0.00115685869440646,-0.000342052405998217,0.00134936599730986,-0.438576023160312,-0.805185015182395,1.07105969168981,-0.857334997852923,-0.253491200074807,"Slope","6yr","trailing","base1841_2010"
1935,-0.00101352314879233,-0.00152719074189188,0.00181183189066076,-0.00161291418753795,-0.000550761395884281,0.00134936599730986,-0.751110633299578,-1.13178392292123,1.34272828444831,-1.19531260662674,-0.408163090653162,"Slope","6yr","trailing","base1841_2010"
1936,-0.00123429919889173,-0.00180891916275569,0.00214400747086227,-0.00196756450344227,-0.000682389315843412,0.00134936599730986,-0.914725286803185,-1.34056969448022,1.58889987974843,-1.45813997637769,-0.505711065199393,"Slope","6yr","trailing","base1841_2010"
1937,-0.00138745242552585,-0.00204432042290347,0.00243492623288124,-0.00222145419406627,-0.00081313089352858,0.00134936599730986,-1.02822542460082,-1.51502292704803,1.80449651001699,-1.64629477732137,-0.602602181431622,"Slope","6yr","trailing","base1841_2010"
1938,-0.00159938011323657,-0.00224914190494274,0.00272441361972515,-0.00246009387236229,-0.000826865095993556,0.00134936599730986,-1.18528265602153,-1.66681382918103,2.0190323642041,-1.82314796524205,-0.612780444773337,"Slope","6yr","trailing","base1841_2010"
1939,-0.00168729804138545,-0.00229957948206701,0.00292554191939528,-0.00251222259672701,-0.000860471292338627,0.00134936599730986,-1.25043764608661,-1.70419255165131,2.16808629032281,-1.86177997795665,-0.637685619805218,"Slope","6yr","trailing","base1841_2010"
1940,-0.00207076638696313,-0.00290411718113667,0.00310675475813206,-0.00345949604243057,-0.00125692836075814,0.00134936599730986,-1.53462173427482,-2.15220865719635,2.30238109180591,-2.56379369965415,-0.93149550475111,"Slope","6yr","trailing","base1841_2010"
1941,-0.00254092513021931,-0.00341222715345197,0.00341906882440574,-0.00439669533216319,-0.00164117210805842,0.00134936599730986,-1.88305110347005,-2.52876325641427,2.5338335419909,-3.258341577399,-1.21625423445552,"Slope","6yr","trailing","base1841_2010"
1942,-0.00232001589290232,-0.00313966346438245,0.00333240568493415,-0.00405656568997648,-0.00139906523727285,0.00134936599730986,-1.71933774641392,-2.32676936475484,2.46960846173516,-3.00627531601046,-1.03683154908458,"Slope","6yr","trailing","base1841_2010"
1943,-0.00219821732468217,-0.00300667265392046,0.00338724079137619,-0.00388782800905968,-0.00137350035429157,0.00134936599730986,-1.62907419415089,-2.2282113673493,2.51024614384021,-2.88122571400982,-1.01788570115878,"Slope","6yr","trailing","base1841_2010"
1944,-0.00220561020659005,-0.00294699792161628,0.00344358531016615,-0.00386806233587117,-0.0013602349219447,0.00134936599730986,-1.63455297598073,-2.183987092821,2.55200243449989,-2.86657759539121,-1.00805483809175,"Slope","6yr","trailing","base1841_2010"
1945,-0.00217372854057152,-0.00292174432120565,0.00351842886964652,-0.00378273320146089,-0.00135188452447976,0.00134936599730986,-1.6109258310237,-2.16527193291556,2.60746815664613,-2.80334113131816,-1.00186645222639,"Slope","6yr","trailing","base1841_2010"
1946,-0.00216980262449984,-0.00280292341224349,0.00350745972534327,-0.00375079686842195,-0.00132838280848063,0.00134936599730986,-1.60801637867385,-2.07721509051768,2.59933904688265,-2.77967347324569,-0.984449594201229,"Slope","6yr","trailing","base1841_2010"
1947,-0.00217666216553392,-0.00290412589776314,0.00361823135269082,-0.0038193033804087,-0.00133029115373529,0.00134936599730986,-1.6130999075665,-2.15221511699042,2.68143065699316,-2.83044288059947,-0.985863847456801,"Slope","6yr","trailing","base1841_2010"
1948,-0.0027374105259248,-0.0035888396929144,0.00375506159937085,-0.00494173004394971,-0.00165876354559535,0.00134936599730986,-2.02866422555643,-2.65964882772296,2.78283401749937,-3.66226068672376,-1.22929105142883,"Slope","6yr","trailing","base1841_2010"
1949,-0.00383935338269725,-0.00498890187306774,0.00424831390393762,-0.00657250366537743,-0.00259056869604674,0.00134936599730986,-2.84530171232379,-3.69721919999004,3.14837776585981,-4.87080871941383,-1.91984139307747,"Slope","6yr","trailing","base1841_2010"
1950,-0.00410884131014255,-0.00524359362046887,0.00432393172043308,-0.00700011583595372,-0.00263158446806067,0.00134936599730986,-3.04501619155519,-3.88596839621174,3.20441728119235,-5.18770730099125,-1.95023772149815,"Slope","6yr","trailing","base1841_2010"
1951,-0.00451298595705751,-0.00562163092065613,0.00447503860124138,-0.00757681772267194,-0.00274963847940474,0.00134936599730986,-3.34452325466533,-4.16612759760034,3.31640089505957,-5.6150945983353,-2.03772622467625,"Slope","6yr","trailing","base1841_2010"
1952,-0.00556649095530071,-0.00653706776455572,0.00480588251702769,-0.00886586839033759,-0.00300366986239736,0.00134936599730986,-4.12526398797526,-4.84454757092458,3.56158560880357,-6.57039558430615,-2.22598603224445,"Slope","6yr","trailing","base1841_2010"
1953,-0.00594521723144736,-0.00694038351394759,0.00504272561859947,-0.00930860742931622,-0.0032477747419688,0.00134936599730986,-4.40593378171669,-5.14344034738103,3.73710737387247,-6.898504518325,-2.40688941950787,"Slope","6yr","trailing","base1841_2010"
1954,-0.0062276258421714,-0.00728630155654829,0.00524738424803967,-0.00969584498175813,-0.0033863560234893,0.00134936599730986,-4.61522363434901,-5.39979632736743,3.8887775877716,-7.18548192342778,-2.50959045228681,"Slope","6yr","trailing","base1841_2010"
1955,-0.0067144907247364,-0.00782959794101398,0.00548221434033373,-0.0105715757546142,-0.00377717983571468,0.00134936599730986,-4.97603373593422,-5.80242718181968,4.06280753425182,-7.83447617302497,-2.79922559427537,"Slope","6yr","trailing","base1841_2010"
1956,-0.00720866766896222,-0.00823772467035951,0.00567800275009468,-0.0109145642317294,-0.00401752292830304,0.00134936599730986,-5.34226272437103,-6.10488532153803,4.20790412787525,-8.08866108490137,-2.97734116341489,"Slope","6yr","trailing","base1841_2010"
1957,-0.00787806219687648,-0.0088034237981981,0.00595203951071607,-0.012106251158909,-0.00427587732852519,0.00134936599730986,-5.83834349804458,-6.52411859773321,4.41098969633312,-8.97180689527107,-3.16880471054533,"Slope","6yr","trailing","base1841_2010"
1958,-0.00804276719090258,-0.00906510396441845,0.00607123169405858,-0.0126373099557524,-0.0044208985077322,0.00134936599730986,-5.96040452103942,-6.71804683272804,4.49932168600837,-9.36536861084874,-3.27627827924064,"Slope","6yr","trailing","base1841_2010"
1959,-0.00871266327135989,-0.00964057627264315,0.00635713755671241,-0.0138508562794176,-0.00469487587961415,0.00134936599730986,-6.45685698967494,-7.14452290324707,4.71120331280482,-10.2647141746799,-3.47931983537009,"Slope","6yr","trailing","base1841_2010"
1960,-0.00903981666164788,-0.00993184582160008,0.0064831864030753,-0.0144832298603574,-0.00488056215962296,0.00134936599730986,-6.6993066963818,-7.36037949777933,4.80461669850906,-10.7333591399454,-3.6169298539855,"Slope","6yr","trailing","base1841_2010"
1961,-0.00927503699688326,-0.010209513341035,0.00665903241389182,-0.0147569686515526,-0.00494810071696916,0.00134936599730986,-6.8736258475271,-7.56615578085486,4.93493420403913,-10.9362238866049,-3.66698192101612,"Slope","6yr","trailing","base1841_2010"
1962,-0.00925428059781241,-0.010097204362671,0.00656643293502672,-0.0148031291727014,-0.00496089940717692,0.00134936599730986,-6.85824351307356,-7.48292485715597,4.86630976926776,-10.9704329308826,-3.67646688672096,"Slope","6yr","trailing","base1841_2010"
1963,-0.00934314509763678,-0.0102024568028272,0.00661357912496668,-0.0149965722749884,-0.00501222883920316,0.00134936599730986,-6.92409999678631,-7.56092625956717,4.90124928162686,-11.1137914434527,-3.714506552852,"Slope","6yr","trailing","base1841_2010"
1964,-0.00954963876727122,-0.0103822535570845,0.00669092560086327,-0.0152700763293479,-0.00508913186905879,0.00134936599730986,-7.07713013838326,-7.69417161673177,4.9585698870451,-11.3164822292771,-3.77149852538499,"Slope","6yr","trailing","base1841_2010"
1965,-0.00983893203017949,-0.0106438005163249,0.00679271436068638,-0.0155696283369007,-0.00523999642975082,0.00134936599730986,-7.29152212949984,-7.88800113352841,5.03400439482582,-11.5384768609412,-3.88330255853299,"Slope","6yr","trailing","base1841_2010"
1966,-0.00978986954018168,-0.0105881897314754,0.00674077247094378,-0.0155805584159887,-0.00527455832367257,0.00134936599730986,-7.25516246866977,-7.84678860485908,4.99551084315329,-11.546577019912,-3.90891599031552,"Slope","6yr","trailing","base1841_2010"
1967,-0.0098911724764722,-0.0107412701680077,0.00682383985372414,-0.0156354391005468,-0.0052998731977284,0.00134936599730986,-7.33023693808169,-7.96023479872903,5.05707114847147,-11.5872484794474,-3.9276765594319,"Slope","6yr","trailing","base1841_2010"
1968,-0.0100836632538093,-0.0108147021913962,0.00682383701376299,-0.0158638270556279,-0.00541601497020727,0.00134936599730986,-7.47288969331698,-8.01465444731577,5.05706904380812,-11.7565042303234,-4.01374792384335,"Slope","6yr","trailing","base1841_2010"
1969,-0.0102392708985913,-0.0109663062341597,0.00688345371016982,-0.0160223274956497,-0.00548261302617803,0.00134936599730986,-7.58820877286418,-8.12700650232956,5.10125030858409,-11.873967127964,-4.06310299585756,"Slope","6yr","trailing","base1841_2010"
1970,-0.0102850992531986,-0.0109916464890659,0.00688097574907591,-0.016119726040296,-0.00551085568551346,0.00134936599730986,-7.62217165224508,-8.14578588090941,5.09941391942144,-11.9461480965378,-4.08403331379334,"Slope","6yr","trailing","base1841_2010"
1971,-0.0103728587684563,-0.011094590077685,0.00689572001404566,-0.0163603311135204,-0.00561112337953851,0.00134936599730986,-7.68720924429393,-8.22207621935301,5.110340728752,-12.1244578165871,-4.15834057677829,"Slope","6yr","trailing","base1841_2010"
1972,-0.0103255426722584,-0.0110375849921089,0.0068577143936766,-0.0163164665792608,-0.00559619565766517,0.00134936599730986,-7.65214381631351,-8.17983039006003,5.08217518993982,-12.0919503024308,-4.14727780959496,"Slope","6yr","trailing","base1841_2010"
1973,-0.0110036596034151,-0.0117618212404253,0.00681089748659618,-0.0170499347762727,-0.00662863460134422,0.00134936599730986,-8.15468866516002,-8.71655374737022,5.0474797054132,-12.6355153533318,-4.91240672623978,"Slope","6yr","trailing","base1841_2010"
1974,-0.0120411373173851,-0.0129128021444755,0.00679342875147678,-0.0182315187298736,-0.00761527058356998,0.00134936599730986,-8.92355175792977,-9.56953278074212,5.03453382182474,-13.5111739633431,-5.64359158208522,"Slope","6yr","trailing","base1841_2010"
1975,-0.0125144016887884,-0.013366607317926,0.00676663050740272,-0.018521234278168,-0.00806444953106039,0.00134936599730986,-9.27428267329802,-9.90584270285015,5.01467394383205,-13.7258789054211,-5.97647306004295,"Slope","6yr","trailing","base1841_2010"
1976,-0.0128430308853423,-0.013677763050608,0.0067825751407735,-0.0187571850052164,-0.00841592925660883,0.00134936599730986,-9.51782608346926,-10.1364367250074,5.02649033271584,-13.9007393417437,-6.23695074085688,"Slope","6yr","trailing","base1841_2010"
1977,-0.013103404909004,-0.0139340003977426,0.00679774247239528,-0.0190036546546217,-0.00858343148065144,0.00134936599730986,-9.71078635086945,-10.3263313478491,5.03773067199519,-14.083395233397,-6.36108475963054,"Slope","6yr","trailing","base1841_2010"
1978,-0.0136214909130998,-0.0144406900735296,0.00684821792417389,-0.0194820714807502,-0.00902481122542975,0.00134936599730986,-10.0947340753035,-10.7018333812464,5.07513746294683,-14.4379445751488,-6.68818633596955,"Slope","6yr","trailing","base1841_2010"
1979,-0.0144734416573441,-0.0152520491536448,0.00698816631312714,-0.0204480708567216,-0.00954546035814718,0.00134936599730986,-10.7261052125211,-11.3031224916381,5.17885164370449,-15.1538358736529,-7.07403356626542,"Slope","6yr","trailing","base1841_2010"
1980,-0.0147072809041437,-0.0154908756680334,0.00697965377771334,-0.020606167049939,-0.00990094289463805,0.00134936599730986,-10.8994008545233,-11.4801141416906,5.17254309922452,-15.2709991885226,-7.3374776853551,"Slope","6yr","trailing","base1841_2010"
1981,-0.0157443106159949,-0.0167866080927498,0.00707693474118143,-0.0220649049431694,-0.0114115973331211,0.00134936599730986,-11.6679319379496,-12.4403669028389,5.24463692970641,-16.3520534733784,-8.45700673936622,"Slope","6yr","trailing","base1841_2010"
1982,-0.0158625327076387,-0.0168360218173622,0.00708632491465055,-0.0218851808664219,-0.0114685448843627,0.00134936599730986,-11.7555450035518,-12.4769868597007,5.25159588190162,-16.2188619767008,-8.49920993060945,"Slope","6yr","trailing","base1841_2010"
1983,-0.0156571944720889,-0.0166231795286911,0.00705504703392743,-0.0218745324421623,-0.0114167097325986,0.00134936599730986,-11.6033711411904,-12.3192518277707,5.22841619545222,-16.210970548963,-8.46079548125513,"Slope","6yr","trailing","base1841_2010"
1984,-0.0155217851997591,-0.016493601205491,0.00705326890682351,-0.0218444653559486,-0.011122983850052,0.00134936599730986,-11.5030208488311,-12.2232227863849,5.22709844540704,-16.1886881687388,-8.24311852546093,"Slope","6yr","trailing","base1841_2010"
1985,-0.0154930404268535,-0.0165197566062024,0.00710447200673553,-0.0217310721403455,-0.0111685464923529,0.00134936599730986,-11.4817184201624,-12.2426062603746,5.26504448822574,-16.1046537289877,-8.27688448843296,"Slope","6yr","trailing","base1841_2010"
1986,-0.0153066503732734,-0.0163125507694391,0.00705912825510766,-0.0215899352075254,-0.0105816402900098,0.00134936599730986,-11.34358684285,-12.0890483397094,5.23144074267541,-16.0000587317064,-7.84193488727719,"Slope","6yr","trailing","base1841_2010"
1987,-0.0151045725951028,-0.0162809570751806,0.00711079820786431,-0.0214957799537975,-0.0106122995453925,0.00134936599730986,-11.1938292688683,-12.0656346073925,5.26973276489893,-15.9302813296409,-7.86465611742811,"Slope","6yr","trailing","base1841_2010"
1988,-0.0149915083586489,-0.0161380876308908,0.0070796251936376,-0.021338242676062,-0.0103709926765134,0.00134936599730986,-11.1100386318734,-11.9597556653007,5.24663079383336,-15.8135322207633,-7.68582630449358,"Slope","6yr","trailing","base1841_2010"
1989,-0.0147433423190713,-0.0159082774565084,0.00704959417022228,-0.0211544948563004,-0.010276450729932,0.00134936599730986,-10.9261255644977,-11.7894459236586,5.22437513934437,-15.6773587732866,-7.6157623286932,"Slope","6yr","trailing","base1841_2010"
1990,-0.0145810592559664,-0.0157038041630081,0.00701763087229624,-0.0210012920163029,-0.0101558393146883,0.00134936599730986,-10.8058594073333,-11.637913060145,5.20068749789664,-15.563821867582,-7.52637856218051,"Slope","6yr","trailing","base1841_2010"
1991,-0.0144599783941558,-0.0156907129716224,0.0070568493086035,-0.0210242058886646,-0.0101614043867469,0.00134936599730986,-10.7161277392373,-11.6282113250992,5.22975184099217,-15.5808030812834,-7.53050277464007,"Slope","6yr","trailing","base1841_2010"
1992,-0.014423997565679,-0.015496686680115,0.00700668497625901,-0.0209623592330101,-0.00991288612227909,0.00134936599730986,-10.6894627509772,-11.4844206175416,5.19257561716224,-15.5349692187303,-7.34632867735048,"Slope","6yr","trailing","base1841_2010"
1993,-0.0144616975846577,-0.0154432042852708,0.00699127375304508,-0.0203707471992328,-0.00993058139755892,0.00134936599730986,-10.717401812028,-11.4447854148236,5.18115453256055,-15.0965321787006,-7.35944244730994,"Slope","6yr","trailing","base1841_2010"
1994,-0.0142865838345637,-0.015288703666371,0.0069803099510154,-0.0201902935848425,-0.00980618672693118,0.00134936599730986,-10.587626976703,-11.3302867397363,5.17302938189606,-14.9628000298618,-7.26725495268228,"Slope","6yr","trailing","base1841_2010"
1995,-0.0143024068235602,-0.0153490261356951,0.00699423889355328,-0.0206602042899515,-0.00987729886828126,0.00134936599730986,-10.599353216306,-11.3749910449021,5.18335196492071,-15.3110455807693,-7.31995536272067,"Slope","6yr","trailing","base1841_2010"
1996,-0.0142729788473572,-0.0152842883164054,0.00698138542180569,-0.0201677379368526,-0.00984780953476466,0.00134936599730986,-10.5775444733395,-11.3270145734194,5.17382640123139,-14.9460842922229,-7.29810114853757,"Slope","6yr","trailing","base1841_2010"
1997,-0.0144212722573897,-0.0153286084266204,0.00698274962117899,-0.0200997680133812,-0.00991115606658977,0.00134936599730986,-10.6874430555834,-11.3598597098045,5.17483739407989,-14.895712544597,-7.34504655249127,"Slope","6yr","trailing","base1841_2010"
1998,-0.0142921702462773,-0.0152382816677071,0.0069839748879421,-0.0201773605550142,-0.00983918110644999,0.00134936599730986,-10.5917670037414,-11.2929195622882,5.17574542552989,-14.9532155065715,-7.29170671712914,"Slope","6yr","trailing","base1841_2010"
1999,-0.0143585473508605,-0.0152338730538863,0.00698056162466508,-0.0199358876095277,-0.00987907568242719,0.00134936599730986,-10.6409583311615,-11.2896523880526,5.17321589441392,-14.7742626161267,-7.32127213974741,"Slope","6yr","trailing","base1841_2010"
2000,-0.014213382566808,-0.0151648392403886,0.00698913144254699,-0.0200225807917749,-0.00982287079954225,0.00134936599730986,-10.5333783385266,-11.2384922034657,5.17956689028828,-14.8385099607464,-7.27961933169015,"Slope","6yr","trailing","base1841_2010"
2001,-0.0141724127062963,-0.0151634344196526,0.00701163528401089,-0.0208427804987568,-0.00982327477533035,0.00134936599730986,-10.503016034605,-11.2374511065811,5.19624423469206,-15.4463507605124,-7.27991871361389,"Slope","6yr","trailing","base1841_2010"
2002,-0.0141071499994626,-0.0150050829492346,0.00697749026703231,-0.0197904229082462,-0.00978907598310635,0.00134936599730986,-10.454650574853,-11.1200986086423,5.17093974573455,-14.6664603581986,-7.25457437242538,"Slope","6yr","trailing","base1841_2010"
2003,-0.0141097775482345,-0.0151783942700286,0.00705712199817337,-0.0208604120878667,-0.00979067522808758,0.00134936599730986,-10.4565978217653,-11.2485376838372,5.22995392817268,-15.4594173333659,-7.25575955493658,"Slope","6yr","trailing","base1841_2010"
2004,-0.0140618327708215,-0.0149376326647878,0.00698110083480662,-0.0197884793974181,-0.00967273346542546,0.00134936599730986,-10.4210664851905,-11.070111959667,5.17361549699959,-14.6650200441311,-7.16835423799719,"Slope","6yr","trailing","base1841_2010"
2005,-0.0140370831480008,-0.0148761235319352,0.00696767491161828,-0.0196742444858271,-0.0096076902307794,0.00134936599730986,-10.4027248174221,-11.0245282314752,5.16366569597073,-14.5803618329277,-7.12015142662078,"Slope","6yr","trailing","base1841_2010"
2006,-0.0139938508014238,-0.0149009562990572,0.00701564453060265,-0.02064677193952,-0.00953594397887408,0.00134936599730986,-10.3706858104638,-11.0429315165523,5.19921544235534,-15.3010910165826,-7.06698108436497,"Slope","6yr","trailing","base1841_2010"
2007,-0.014391353376987,-0.0153301685299585,0.00701931738454923,-0.0205623583018238,-0.00983839299844419,0.00134936599730986,-10.6652705090228,-11.3610158848831,5.20193735320376,-15.238533016852,-7.29112265912903,"Slope","6yr","trailing","base1841_2010"
2008,-0.0142819866845398,-0.0152935084155565,0.00706179200086023,-0.0208514160344612,-0.00978456182808352,0.00134936599730986,-10.5842200804028,-11.3338474854459,5.23341481476399,-15.4527504591276,-7.25122898278918,"Slope","6yr","trailing","base1841_2010"
2009,-0.0142059725436653,-0.0152344081355031,0.00703606082283282,-0.0205823044497173,-0.00977304928073536,0.00134936599730986,-10.5278868535199,-11.2900489310349,5.21434572744542,-15.2533148832495,-7.24269716312639,"Slope","6yr","trailing","base1841_2010"
2010,-0.0140391882798965,-0.0150551273156711,0.00701371052812053,-0.0201545655431658,-0.0096676644119465,0.00134936599730986,-10.4042849070493,-11.1571859270839,5.19778217481638,-14.9363223790629,-7.16459761934141,"Slope","6yr","trailing","base1841_2010"
1900,0,-5.77900214579538e-18,6.05488767129441e-17,-2.14129929065887e-17,0,0.000419166509748496,0,-1.37868890080527e-14,1.44450654584198e-13,-5.10846940501919e-14,0,"Slope variability","6yr","trailing","base1841_2010"
1901,0,-7.53418226653606e-18,5.18037496363031e-17,-1.30104260698261e-17,0,0.000419166509748496,0,-1.79741990147463e-14,1.2358752054735e-13,-3.10388014482179e-14,0,"Slope variability","6yr","trailing","base1841_2010"
1902,0,-8.79533441622911e-18,5.5294873403907e-17,-2.62919026827735e-17,0,0.000419166509748496,0,-2.09829130230523e-14,1.31916248359356e-13,-6.27242445932736e-14,0,"Slope variability","6yr","trailing","base1841_2010"
1903,0,-6.09659155575457e-18,5.48433077800413e-17,-1.99493199737333e-17,0,0.000419166509748496,0,-1.4544557864159e-14,1.30838954221194e-13,-4.75928288872674e-14,0,"Slope variability","6yr","trailing","base1841_2010"
1904,0,-6.74557861088859e-18,5.44992184230639e-17,-1.0842021724855e-17,0,0.000419166509748496,0,-1.60928377005501e-14,1.30018064791875e-13,-2.58656678735149e-14,0,"Slope variability","6yr","trailing","base1841_2010"
1905,0,-5.78923046817732e-18,5.67910767408949e-17,-2.1467203015213e-17,8.80914265144472e-18,0.000419166509748496,0,-1.38112905815183e-14,1.35485720877295e-13,-5.12140223895595e-14,2.10158551472309e-14,"Slope variability","6yr","trailing","base1841_2010"
1906,0,-2.78568360072101e-18,5.87090818709687e-17,-1.17093834628434e-17,5.58364118830035e-18,0.000419166509748496,0,-6.64576853335074e-15,1.40061480355849e-13,-2.79349213033961e-14,1.33208189548602e-14,"Slope variability","6yr","trailing","base1841_2010"
1907,0,-3.74919156909964e-18,6.27183389518606e-17,-2.33103467084383e-18,1.03270256929244e-17,0.000419166509748496,0,-8.94439675380838e-15,1.496263119625e-13,-5.5611185928057e-15,2.46370486495229e-14,"Slope variability","6yr","trailing","base1841_2010"
1908,0,-5.17553112526099e-19,6.53102702449769e-17,-4.33680868994202e-18,1.21972744404619e-18,0.000419166509748496,0,-1.23471961735835e-15,1.55809848177431e-13,-1.0346267149406e-14,2.90988763577043e-15,"Slope variability","6yr","trailing","base1841_2010"
1909,0,-7.4779264934354e-18,5.68644105561239e-17,-1.83772268236293e-17,0,0.000419166509748496,0,-1.78399903606856e-14,1.35660672390652e-13,-4.38423070456077e-14,0,"Slope variability","6yr","trailing","base1841_2010"
1910,0,-6.85706732485172e-18,5.85515242049213e-17,-9.89334482393023e-18,6.50521303491303e-19,0.000419166509748496,0,-1.63588148513249e-14,1.3968559711522e-13,-2.36024219345823e-14,1.55194007241089e-15,"Slope variability","6yr","trailing","base1841_2010"
1911,0,-4.7155123261333e-18,6.10276399037003e-17,-8.32125167382625e-18,4.49943901581484e-18,0.000419166509748496,0,-1.12497354069691e-14,1.45592833598079e-13,-1.98519000929227e-14,1.07342521675087e-14,"Slope variability","6yr","trailing","base1841_2010"
1912,0,-9.34740811679425e-18,5.85674732412201e-17,-2.28224557308199e-17,0,0.000419166509748496,0,-2.2299987950857e-14,1.39723646520236e-13,-5.44472308737488e-14,0,"Slope variability","6yr","trailing","base1841_2010"
1913,0,-4.17059845123551e-18,4.26046286231756e-17,-1.2210826967618e-17,0,0.000419166509748496,0,-9.94974158059028e-15,1.01641299179027e-13,-2.91312084425461e-14,0,"Slope variability","6yr","trailing","base1841_2010"
1914,0,-4.47795953881277e-18,4.49063216896729e-17,-1.16009632455949e-17,0,0.000419166509748496,0,-1.0683008863231e-14,1.07132417894304e-13,-2.76762646246609e-14,0,"Slope variability","6yr","trailing","base1841_2010"
1915,0,1.34553580934404e-18,4.68544487359349e-17,0,9.33769121053141e-18,0.000419166509748496,0,3.21002698939706e-15,1.1178003883003e-13,0,2.22768064560647e-14,"Slope variability","6yr","trailing","base1841_2010"
1916,0,-2.35660547679868e-18,5.65245452381496e-17,0,9.32413868337534e-18,0.000419166509748496,0,-5.62212252646965e-15,1.34849860195331e-13,0,2.22444743712228e-14,"Slope variability","6yr","trailing","base1841_2010"
1917,0,-6.97085741135079e-18,5.98032600203851e-17,-6.17995238316738e-18,8.94466792300541e-19,0.000419166509748496,0,-1.66302823561295e-14,1.4267184669946e-13,-1.47434306879035e-14,2.13391759956498e-15,"Slope variability","6yr","trailing","base1841_2010"
1918,0,-2.40902562900612e-18,4.77806939345733e-17,-9.26992857475106e-18,3.11708124589583e-18,0.000419166509748496,0,-5.74718059048075e-15,1.13989769753414e-13,-2.21151460318552e-14,7.43637951363553e-15,"Slope variability","6yr","trailing","base1841_2010"
1919,0,1.19824796704412e-18,5.43910851027967e-17,-1.11401773222886e-17,2.42861286636753e-17,0.000419166509748496,0,2.85864433149271e-15,1.29760092559474e-13,-2.65769737400366e-14,5.79390960366734e-14,"Slope variability","6yr","trailing","base1841_2010"
1920,0,2.16687009661372e-18,4.76247632495548e-17,-5.85469173142172e-18,1.24683249835833e-17,0.000419166509748496,0,5.16947333868314e-15,1.13617767979914e-13,-1.3967460651698e-14,2.97455180545421e-14,"Slope variability","6yr","trailing","base1841_2010"
1921,0,2.0021941062645e-18,4.43522300686849e-17,0,5.23127548224256e-18,0.000419166509748496,0,4.7766080058873e-15,1.05810528840428e-13,0,1.24801847489709e-14,"Slope variability","6yr","trailing","base1841_2010"
1922,0,1.88507981499131e-18,4.91908583046592e-17,0,2.32019264911898e-17,0.000419166509748496,0,4.49720998970641e-15,1.17353980245641e-13,0,5.53525292493219e-14,"Slope variability","6yr","trailing","base1841_2010"
1923,0,2.10856865903667e-18,4.77820204224081e-17,0,2.72676846380104e-17,0.000419166509748496,0,5.03038436992933e-15,1.13992934337903e-13,0,6.505215470189e-14,"Slope variability","6yr","trailing","base1841_2010"
1924,0,3.12628673603957e-18,4.81262573191477e-17,0,0,0.000419166509748496,0,7.45834092975455e-15,1.14814175750882e-13,0,0,"Slope variability","6yr","trailing","base1841_2010"
1925,0,1.7684769398372e-18,4.49453594944566e-17,0,0,0.000419166509748496,0,4.2190320521988e-15,1.07225549869011e-13,0,0,"Slope variability","6yr","trailing","base1841_2010"
1926,0,2.09834033665473e-18,4.67599716717408e-17,0,0,0.000419166509748496,0,5.00598279646375e-15,1.11554646147177e-13,0,0,"Slope variability","6yr","trailing","base1841_2010"
1927,0,1.38184635379992e-18,4.87397248786831e-17,0,0,0.000419166509748496,0,3.29665257519987e-15,1.1627771719627e-13,0,0,"Slope variability","6yr","trailing","base1841_2010"
1928,0,9.33845833471005e-19,5.0849280896971e-17,0,7.12862928409219e-18,0.000419166509748496,0,2.22786365740746e-15,1.2131045709611e-13,0,1.7006676626836e-14,"Slope variability","6yr","trailing","base1841_2010"
1929,0,2.11214857187035e-18,5.09144440432941e-17,0,0,0.000419166509748496,0,5.03892492064229e-15,1.21465915952692e-13,0,0,"Slope variability","6yr","trailing","base1841_2010"
1930,0,1.65008410826626e-18,5.0474852355496e-17,0,0,0.000419166509748496,0,3.93658383933471e-15,1.20417187875485e-13,0,0,"Slope variability","6yr","trailing","base1841_2010"
1931,4.78408446021465e-06,1.11730626248772e-05,1.65993537872561e-05,1.7351233309515e-06,1.27330248773267e-05,0.000419166509748496,0.0114133270405719,0.0266554277716061,0.0396008588501403,0.00413946078848854,0.0303770090911286,"Slope variability","6yr","trailing","base1841_2010"
1932,4.65160458325648e-05,0.000105203096384222,0.000159954184006017,1.74943609446453e-05,0.00011943395322982,0.000419166509748496,0.110972715497893,0.250981636026564,0.381600581835583,0.0417360655915524,0.28493200303975,"Slope variability","6yr","trailing","base1841_2010"
1933,5.9530601962722e-05,0.000169895788278305,0.000300697300144831,1.90256224566648e-05,0.00016899596307861,0.000419166509748496,0.142021369976435,0.405318135698016,0.717369573073125,0.0453891759341183,0.403171434616781,"Slope variability","6yr","trailing","base1841_2010"
1934,6.6548739594328e-05,0.000239700777649377,0.000443405857170811,2.36739193659668e-05,0.000248677105205988,0.000419166509748496,0.158764448128878,0.57185097586446,1.05782749064771,0.0564785564098893,0.593265681829392,"Slope variability","6yr","trailing","base1841_2010"
1935,0.000198861126335144,0.000359991782148027,0.000567958689160029,6.23750208510807e-05,0.000368270483897218,0.000419166509748496,0.474420359714478,0.858827634784146,1.35497153506087,0.148807262508892,0.878578024084471,"Slope variability","6yr","trailing","base1841_2010"
1936,-6.03689299715676e-05,6.70997445370492e-05,0.000464162268979341,-0.000110611034219159,6.07718959288464e-05,0.000419166509748496,-0.14402135802259,0.160078973335226,1.10734578785372,-0.263883281814491,0.14498270857877,"Slope variability","6yr","trailing","base1841_2010"
1937,-8.39092091067527e-05,-6.55308237517316e-05,0.000483761862795453,-0.000184054964003882,3.63786685784589e-05,0.000419166509748496,-0.200181090700922,-0.156336019762291,1.1541042796709,-0.439097494010952,0.0867881086212886,"Slope variability","6yr","trailing","base1841_2010"
1938,-1.36072872671534e-05,2.69799641134829e-05,0.000499328398715004,-0.000136238006139075,0.00016042387907032,0.000419166509748496,-0.0324627253148585,0.0643657436508254,1.19124115859019,-0.325021209878669,0.382721127140085,"Slope variability","6yr","trailing","base1841_2010"
1939,-5.98738352585905e-05,-5.28021250129356e-05,0.000398217081858025,-0.000155843407745389,9.6494339522854e-05,0.000419166509748496,-0.142840217112086,-0.125969331482654,0.950021226879406,-0.371793557264144,0.230205269931397,"Slope variability","6yr","trailing","base1841_2010"
1940,0.000236878320206453,0.00028324678283101,0.000328313977130596,0.000128030647816287,0.000406589668721562,0.000419166509748496,0.565117476461996,0.675738104651923,0.783254314204604,0.305441023647397,0.969995596655657,"Slope variability","6yr","trailing","base1841_2010"
1941,0.000193706728172293,0.000251546889561152,0.000335541180456341,9.53682336311725e-05,0.000387388054034326,0.000419166509748496,0.462123580169892,0.600112088420619,0.800496157619246,0.227518733995219,0.924186558384072,"Slope variability","6yr","trailing","base1841_2010"
1942,0.000260349248963603,0.000293103211750944,0.000390316907601598,0.000111584967670417,0.000491322644887138,0.000419166509748496,0.621111760860416,0.69925245680245,0.9311738856136,0.266206781971605,1.17214193753679,"Slope variability","6yr","trailing","base1841_2010"
1943,0.000232467837760496,0.00025006854940107,0.00039457981554176,9.28052358165769e-05,0.00044539968505967,0.000419166509748496,0.554595446806996,0.596585231847634,0.941343848721387,0.22140422399743,1.06258413947935,"Slope variability","6yr","trailing","base1841_2010"
1944,0.000142962273468594,0.000153337014647691,0.000322500105448678,6.5223371283072e-05,0.00028822617487706,0.000419166509748496,0.341063205537037,0.365814088391018,0.769384237405277,0.155602534473011,0.687617374417622,"Slope variability","6yr","trailing","base1841_2010"
1945,-4.06352471123472e-05,-3.49829113011516e-05,0.000251334920265201,-8.00588090931969e-05,-8.99724679679281e-06,0.000419166509748496,-0.096942971748217,-0.0834582689398102,0.59960639607397,-0.190995242299374,-0.0214646127196355,"Slope variability","6yr","trailing","base1841_2010"
1946,-1.01258836316385e-06,-3.52507653880136e-06,0.000235564280008182,-1.69510531454858e-05,1.18291806260746e-05,0.000419166509748496,-0.00241571866934554,-0.00840972848932143,0.561982588135494,-0.0404399033588265,0.0282207198117336,"Slope variability","6yr","trailing","base1841_2010"
1947,2.25592888975519e-05,7.40750702474591e-05,0.000257545690977021,3.83380847335715e-06,0.000100816331987399,0.000419166509748496,0.0538193972392683,0.17671991565334,0.614423349641054,0.00914626618347318,0.240516190207776,"Slope variability","6yr","trailing","base1841_2010"
1948,0.000110887400173169,0.000130557713484009,0.000220918280484677,4.6795874742772e-05,0.000224829375852872,0.000419166509748496,0.264542604416804,0.311469810797492,0.527041820724727,0.111640299629018,0.536372469231312,"Slope variability","6yr","trailing","base1841_2010"
1949,0.000248759527879891,0.000351693765708783,0.000396552599516649,8.83831697350718e-05,0.000522803819492462,0.000419166509748496,0.593462316512712,0.839031166683147,0.946050293365719,0.210854559416263,1.24724615954206,"Slope variability","6yr","trailing","base1841_2010"
1950,0.000445266749889101,0.000649597714336088,0.000565109643055026,0.000221434662869916,0.000915302408248529,0.000419166509748496,1.06226699780062,1.54973667797519,1.34817460343885,0.528273747353478,2.18362485303924,"Slope variability","6yr","trailing","base1841_2010"
1951,0.000559582347437632,0.000819734279998384,0.000669833282060715,0.000315477088271627,0.00117049342583416,0.000419166509748496,1.33498820736749,1.95562923309458,1.59801240433693,0.752629518185782,2.79243068950444,"Slope variability","6yr","trailing","base1841_2010"
1952,0.000876207929113757,0.0011431905899055,0.000818840979536966,0.000540435604767293,0.00162388233097986,0.000419166509748496,2.09035767108276,2.72729467483322,1.95349809799518,1.28931007654109,3.87407460570789,"Slope variability","6yr","trailing","base1841_2010"
1953,0.000649703802618813,0.000860379147337209,0.000696955228025172,0.000327001077378097,0.0012378975630936,0.000419166509748496,1.54998977138856,2.05259515568991,1.66271687221232,0.780122146624503,2.95323584853273,"Slope variability","6yr","trailing","base1841_2010"
1954,0.000582694703942808,0.000749082838304527,0.000566185315514505,0.0002980781018479,0.00106432426031849,0.000419166509748496,1.39012705068549,1.78707702281364,1.35074082100266,0.711120986327723,2.53914431512455,"Slope variability","6yr","trailing","base1841_2010"
1955,0.000568422656374165,0.000729413136859715,0.000575276280186518,0.000279844274298872,0.00103345972844244,0.000419166509748496,1.35607841550897,1.74015127615364,1.37242901521805,0.667620785035478,2.46551120952511,"Slope variability","6yr","trailing","base1841_2010"
1956,3.43713040098849e-05,0.000201882455671212,0.000439905611197016,-7.30677805298544e-05,0.000355258465833858,0.000419166509748496,0.0819991655118344,0.481628305162889,1.04947700010901,-0.174316837892645,0.84753542463833,"Slope variability","6yr","trailing","base1841_2010"
1957,-7.65748607970781e-05,-4.59025213527765e-05,0.000525625000244323,-0.00024960667110436,0.000154170743988093,0.000419166509748496,-0.182683632914814,-0.109509038258611,1.25397661315954,-0.595483334902224,0.367803105454671,"Slope variability","6yr","trailing","base1841_2010"
1958,-1.28387321789752e-06,8.21674874861601e-05,0.000556096082839491,-0.000172717704154912,0.000329356132215972,0.000419166509748496,-0.00306291936029874,0.196025888460081,1.32667107201182,-0.412050343092879,0.785740569812193,"Slope variability","6yr","trailing","base1841_2010"
1959,-5.58971605351421e-05,1.49900214496052e-05,0.000573333867528116,-0.000213193340156796,0.000234738519770294,0.000419166509748496,-0.133353116804777,0.035761495971134,1.36779502702189,-0.508612532725275,0.560012582854339,"Slope variability","6yr","trailing","base1841_2010"
1960,0.000257847982269792,0.000367341017515992,0.000455139035773586,0.000100539731128893,0.000528200997787497,0.000419166509748496,0.615144521981261,0.876360608428379,1.08581917970182,0.239856307196913,1.26012213643791,"Slope variability","6yr","trailing","base1841_2010"
1961,0.000236365024604871,0.000316466969522462,0.00041416256719019,9.7016542115519e-05,0.000471285802962586,0.000419166509748496,0.563892913932203,0.754991064797485,0.988062160401821,0.231451081752046,1.12434030868869,"Slope variability","6yr","trailing","base1841_2010"
1962,0.000227430121336651,0.00028089551123545,0.000330008830367743,0.000104237784456523,0.00042313160715216,0.000419166509748496,0.542577033344365,0.670128707095397,0.787297703162764,0.248678704124207,1.00945948044858,"Slope variability","6yr","trailing","base1841_2010"
1963,0.000211401422406069,0.000240057725966359,0.000291861056291554,9.67502723418313e-05,0.00039492259854424,0.000419166509748496,0.504337578240474,0.572702542744639,0.696289062947021,0.230815845473634,0.942161621598055,"Slope variability","6yr","trailing","base1841_2010"
1964,8.94254219860474e-05,9.01331385318574e-05,0.000215220938470668,3.56927390341303e-05,0.000179134366228196,0.000419166509748496,0.213341046830539,0.215029436836302,0.513449747213352,0.0851516955768874,0.427358488958669,"Slope variability","6yr","trailing","base1841_2010"
1965,-0.000105166212730841,-0.000144332162949807,0.000190054916753597,-0.000157078826726819,-6.07094657189798e-05,0.000419166509748496,-0.250893643182377,-0.344331332759403,0.45341150195332,-0.374740879993175,-0.144833769652557,"Slope variability","6yr","trailing","base1841_2010"
1966,-4.96630619304213e-05,-8.61326812028352e-05,0.000178188400467249,-8.20378279137615e-05,-3.41433484156787e-05,0.000419166509748496,-0.118480510192047,-0.205485598681334,0.425101710950534,-0.195716561332595,-0.081455334864813,"Slope variability","6yr","trailing","base1841_2010"
1967,-0.00017392367892594,-0.000230896769701705,0.000220961588136883,-0.000304990096632616,-0.000113256299732025,0.000419166509748496,-0.41492742115847,-0.550847370512127,0.527145139217974,-0.727610840893785,-0.270194056772284,"Slope variability","6yr","trailing","base1841_2010"
1968,-6.15275954977298e-05,-9.88068013719926e-05,0.000163949192285014,-0.000101998043008898,-2.9739052149565e-05,0.000419166509748496,-0.146785571048238,-0.235722079589034,0.391131420263955,-0.243335382566937,-0.0709480634972691,"Slope variability","6yr","trailing","base1841_2010"
1969,4.29209096796036e-06,-3.10469886947532e-05,0.000146650029916751,-2.35253918868708e-05,2.04645440540922e-05,0.000419166509748496,0.0102395846713414,-0.074068390419315,0.349861037335121,-0.0561242163668711,0.0488219921633794,"Slope variability","6yr","trailing","base1841_2010"
1970,4.8183678332139e-05,2.74712953043391e-05,0.000156588502147777,2.15349969125975e-05,8.00881005261879e-05,0.000419166509748496,0.114951164302343,0.0655379059763676,0.373571119128127,0.0513757573941647,0.191065122483763,"Slope variability","6yr","trailing","base1841_2010"
1971,5.97293702103774e-05,4.84013409329347e-05,0.000169717389514312,2.42266552049439e-05,0.000115787845440688,0.000419166509748496,0.142495568756711,0.115470439091081,0.404892532125584,0.0577972109925484,0.276233531896817,"Slope variability","6yr","trailing","base1841_2010"
1972,9.57048083970502e-05,8.52922254398378e-05,0.000210895680889285,5.18733784649364e-05,0.000184676358832029,0.000419166509748496,0.228321695963912,0.203480534480233,0.503131037390904,0.123753633123173,0.440579947436251,"Slope variability","6yr","trailing","base1841_2010"
1973,0.000121688340634016,0.000116536934042722,0.000160395865096199,4.24131832233278e-05,0.000205517917434098,0.000419166509748496,0.290310265261961,0.278020622670082,0.382654294572431,0.101184570419941,0.490301378221774,"Slope variability","6yr","trailing","base1841_2010"
1974,0.000310533086766978,0.000343181801504787,0.000342474948132518,9.87629906444012e-05,0.000591483531786223,0.000419166509748496,0.74083467916676,0.818724286228639,0.817037955484578,0.235617560915494,1.41109444106381,"Slope variability","6yr","trailing","base1841_2010"
1975,0.000491299251843863,0.000577295612812722,0.000527766191090223,0.000183506019672948,0.000955848032407542,0.000419166509748496,1.17208612906276,1.37724651036435,1.25908482384933,0.437787884778899,2.28035401249269,"Slope variability","6yr","trailing","base1841_2010"
1976,0.000136615752144432,0.000229034430942036,0.000568722259501125,-0.000102838810205012,0.000584175824456016,0.000419166509748496,0.325922393529013,0.546404413557415,1.35679317472754,-0.245341189749907,1.39366054031017,"Slope variability","6yr","trailing","base1841_2010"
1977,-6.26635437306922e-06,7.65393927780942e-05,0.00062950635373451,-0.000207922648407766,0.00043518025440147,0.000419166509748496,-0.0149495587727872,0.18259901733089,1.50180498464016,-0.496038313109798,1.03820377888153,"Slope variability","6yr","trailing","base1841_2010"
1978,9.12682346133167e-05,0.000126568273477401,0.000536330590924301,-0.000121068622684164,0.000367985673682509,0.000419166509748496,0.217737420549362,0.301952256522935,1.27951679929321,-0.288831812343038,0.87789855612106,"Slope variability","6yr","trailing","base1841_2010"
1979,-6.12484829571644e-05,-8.97569244336103e-05,0.000509439705657023,-0.000271524980428467,0.000128742078723128,0.000419166509748496,-0.146119695950695,-0.214131907836495,1.21536356986796,-0.64777355564829,0.307138274955158,"Slope variability","6yr","trailing","base1841_2010"
1980,0.000344121567925091,0.000399298490181297,0.000396112396399401,0.00019471192173652,0.000520416766973798,0.000419166509748496,0.820966274551769,0.952601128417629,0.945000106609358,0.464521657165189,1.24155139991039,"Slope variability","6yr","trailing","base1841_2010"
1981,0.000387488169572992,0.00045609069142555,0.000536939099761547,0.000190610698787347,0.000635388378256146,0.000419166509748496,0.924425402700918,1.08808953200772,1.28096851078039,0.454737423802573,1.51583765276807,"Slope variability","6yr","trailing","base1841_2010"
1982,0.000389580223101019,0.000495767531788174,0.000579377634509134,0.000197444040006507,0.00069385089314914,0.000419166509748496,0.929416387141164,1.18274604544537,1.38221356199656,0.471039635597259,1.65531090154473,"Slope variability","6yr","trailing","base1841_2010"
1983,0.000326547086457193,0.00045681540587474,0.000547744066232911,0.00016814505813225,0.00064255716244104,0.000419166509748496,0.779039066487265,1.08981847368683,1.30674577642561,0.401141441937092,1.53294012641082,"Slope variability","6yr","trailing","base1841_2010"
1984,9.62816319156299e-05,0.000203286070316661,0.000446651594681563,-2.28994121655567e-05,0.000312916824847014,0.000419166509748496,0.229697816205306,0.484976890063652,1.0655708037113,-0.0546308248225666,0.746521531586022,"Slope variability","6yr","trailing","base1841_2010"
1985,-0.000142895257926909,-0.00015313598633986,0.000268945210008083,-0.000210732107035068,-7.95541243706278e-05,0.000419166509748496,-0.340903327445333,-0.365334497815064,0.641619031466642,-0.502740801409705,-0.189791222629787,"Slope variability","6yr","trailing","base1841_2010"
1986,-8.22814484222928e-05,-8.54526039716629e-05,0.00022226488643983,-0.000137576788859336,-2.62393839033255e-06,0.000419166509748496,-0.196297763558597,-0.20386314742305,0.530254400746832,-0.32821512611273,-0.00625989512355589,"Slope variability","6yr","trailing","base1841_2010"
1987,5.69459945568265e-05,5.14355828660689e-05,0.000175145908161259,8.34108955504852e-06,0.000130770592863771,0.000419166509748496,0.135855306262408,0.12270918995158,0.417843277284601,0.0198992270638541,0.311977674319054,"Slope variability","6yr","trailing","base1841_2010"
1988,8.97624790225008e-05,7.87485002090478e-05,0.000185243679350505,2.18911591933504e-05,0.000164403798595955,0.000419166509748496,0.214145159345767,0.187869255719637,0.441933396495948,0.0522254490381049,0.392215968529067,"Slope variability","6yr","trailing","base1841_2010"
1989,1.88104802246278e-05,6.58242536162007e-06,0.000170304155407922,-9.45134412891344e-06,6.09974520373634e-05,0.000419166509748496,0.044875913955803,0.0157036051510164,0.406292371759628,-0.0225479467207061,0.145520814804509,"Slope variability","6yr","trailing","base1841_2010"
1990,-0.000157044172450001,-0.00019190903060312,0.00021386788580521,-0.000215995476029418,-9.0515864810252e-05,0.000419166509748496,-0.374658205743176,-0.457834836848647,0.510221787359713,-0.515297551226163,-0.215942501858181,"Slope variability","6yr","trailing","base1841_2010"
1991,-1.03182856819971e-05,-4.27450264249413e-05,0.000198650548580568,-3.91244206625151e-05,1.47009821118067e-05,0.000419166509748496,-0.0246161977210158,-0.101976244358331,0.473917987149691,-0.0933386130633149,0.0350719386446866,"Slope variability","6yr","trailing","base1841_2010"
1992,-6.71512152933568e-05,-0.000127249300097614,0.000222771935266298,-0.00013258409393155,-3.23877535800741e-05,0.000419166509748496,-0.160201766437992,-0.303576972726101,0.531464060427832,-0.316304119837965,-0.0772670354783521,"Slope variability","6yr","trailing","base1841_2010"
1993,-3.00447661842083e-05,-7.40928170834013e-05,0.000204094491605014,-7.00117418116813e-05,-4.10260231075221e-06,0.000419166509748496,-0.071677401427503,-0.176762254045195,0.48690553004216,-0.167026086730281,-0.00978752408729842,"Slope variability","6yr","trailing","base1841_2010"
1994,-2.55665942243991e-05,-7.569777847321e-05,0.000217180071415101,-8.06054602559514e-05,-8.49556965340579e-07,0.000419166509748496,-0.0609938857943095,-0.180591189211727,0.518123624774821,-0.192299380750422,-0.00202677681919369,"Slope variability","6yr","trailing","base1841_2010"
1995,-2.92604387740805e-06,-4.93577167815886e-05,0.000206086071497962,-4.68914999607343e-05,1.42724659162895e-05,0.000419166509748496,-0.00698062418957016,-0.117752052307814,0.491656815859682,-0.111868431447134,0.0340496332229717,"Slope variability","6yr","trailing","base1841_2010"
1996,-5.7876899283952e-05,-0.000101698776160908,0.000206266541287434,-0.000105843950601253,-2.87860998196732e-05,0.000419166509748496,-0.138076153361295,-0.242621425604655,0.492087360250215,-0.252510513458626,-0.0686746177239808,"Slope variability","6yr","trailing","base1841_2010"
1997,2.23962646248233e-06,-1.18870679414111e-05,0.000114445178092996,-1.25924490627653e-05,2.34492039062163e-05,0.000419166509748496,0.00534304723873605,-0.0283588208145337,0.273030348158453,-0.0300416392290521,0.055942455708797,"Slope variability","6yr","trailing","base1841_2010"
1998,3.00917373313763e-05,2.47287975828763e-05,9.2456049320561e-05,6.27886048030381e-06,6.69624906113243e-05,0.000419166509748496,0.0717894598722395,0.0589951654241505,0.220571174390901,0.0149793944274584,0.159751528459424,"Slope variability","6yr","trailing","base1841_2010"
1999,1.59571062712264e-05,7.43827474331276e-06,9.12293929239344e-05,3.48992835151848e-06,4.11383177608096e-05,0.000419166509748496,0.0380686574430788,0.0177453937047017,0.217644756444576,0.00832587592365733,0.0981431407425488,"Slope variability","6yr","trailing","base1841_2010"
2000,4.52038893553808e-05,3.51649670211179e-05,9.46761234682321e-05,2.21957788967579e-05,7.08086734969627e-05,0.000419166509748496,0.107842321139882,0.0838925968637552,0.225867575930717,0.052952176236779,0.168927316114659,"Slope variability","6yr","trailing","base1841_2010"
2001,6.65137828568422e-05,4.74725240919695e-05,0.000156656930614667,2.54218107850444e-05,0.000108250329374768,0.000419166509748496,0.158681052302464,0.1132545730346,0.373734368016813,0.0606484778573977,0.25825137948096,"Slope variability","6yr","trailing","base1841_2010"
2002,3.64802738187368e-05,2.24191059458666e-05,0.000143553308413148,7.60850559147254e-06,6.747472854537e-05,0.000419166509748496,0.0870305068995738,0.0534849646249608,0.342473229789472,0.0181515111883287,0.16097356772576,"Slope variability","6yr","trailing","base1841_2010"
2003,2.70817939943285e-05,-1.39169776546495e-05,0.000262630513485324,1.97056219148652e-07,7.310674063735e-05,0.000419166509748496,0.0646086778511429,-0.0332015495775171,0.626554143466531,0.000470114416504523,0.174409784505959,"Slope variability","6yr","trailing","base1841_2010"
2004,1.61049524213921e-05,-3.04582627099549e-05,0.000258431141219633,-1.12260927614945e-05,5.19573009673947e-05,0.000419166509748496,0.0384213720486764,-0.0726638746216395,0.616535756577247,-0.0267819410673583,0.123953845927647,"Slope variability","6yr","trailing","base1841_2010"
2005,-5.48640519220196e-05,-0.000108298053617567,0.000251855875809876,-0.000100345400675375,-3.02989393240524e-05,0.000419166509748496,-0.130888443246429,-0.258365234575984,0.600849232828721,-0.239392695603433,-0.0722837789264989,"Slope variability","6yr","trailing","base1841_2010"
2006,-2.49384481689568e-05,-8.97840842090728e-05,0.000269186597755577,-8.14355818622261e-05,-7.77628601390215e-06,0.000419166509748496,-0.0594953260553188,-0.214196702553704,0.64219490702416,-0.19427979089047,-0.0185517827236913,"Slope variability","6yr","trailing","base1841_2010"
2007,1.61156051530458e-05,-2.99974722437368e-05,0.000273095846300236,-3.44681302748424e-05,5.16745902884986e-05,0.000419166509748496,0.0384467861297299,-0.0715645728990506,0.651521149588252,-0.0822301626518865,0.123279386799064,"Slope variability","6yr","trailing","base1841_2010"
2008,-1.11275449576486e-06,-4.97789332338837e-05,0.000276396722298227,-4.56494412764281e-05,2.94251791113683e-05,0.000419166509748496,-0.00265468368747426,-0.118756942828642,0.659396005811791,-0.108905268466744,0.0701992607401381,"Slope variability","6yr","trailing","base1841_2010"
2009,2.30580340292623e-05,-9.50638103886448e-06,0.000226879435854755,-1.13528851549611e-05,5.52109965363187e-05,0.000419166509748496,0.0550092469054776,-0.0226792475490668,0.541263270271485,-0.027084428003976,0.131716144425388,"Slope variability","6yr","trailing","base1841_2010"
2010,1.49016438021584e-05,-1.64897673953617e-05,0.000220349448161666,-1.46484130192142e-05,4.07175921397225e-05,0.000419166509748496,0.035550654586168,-0.0393394200439717,0.52568476497294,-0.0349465252555683,0.0971394211912431,"Slope variability","6yr","trailing","base1841_2010"
1900,0,-0.000847582547169811,0.0323707888195885,-0.015625,0,1708886109621.95,0,-4.9598539212032e-16,1.89426250452406e-14,-9.14338288082677e-15,0,"Biomass","9yr","trailing","base1841_2010"
1901,0,0.00364829009433962,0.0285547614148964,0,0.0078125,1708886109621.95,0,2.13489364434399e-15,1.67095754679716e-14,0,4.57169144041338e-15,"Biomass","9yr","trailing","base1841_2010"
1902,0,-0.0037219929245283,0.0353045846907448,-0.015625,0,1708886109621.95,0,-2.17802280887619e-15,2.06594134576675e-14,-9.14338288082677e-15,0,"Biomass","9yr","trailing","base1841_2010"
1903,0,0.000257959905660377,0.0308998491996895,-0.009765625,0.015625,1708886109621.95,0,1.50952075862706e-16,1.80818657403245e-14,-5.71461430051673e-15,9.14338288082677e-15,"Biomass","9yr","trailing","base1841_2010"
1904,0,0.000884433962264151,0.0300383582928834,-0.0078125,0.015625,1708886109621.95,0,5.17549974386421e-16,1.75777415029306e-14,-4.57169144041338e-15,9.14338288082677e-15,"Biomass","9yr","trailing","base1841_2010"
1905,0,0.000147405660377358,0.0296147448963421,-0.001953125,0,1708886109621.95,0,8.62583290644035e-17,1.7329852896337e-14,-1.14292286010335e-15,0,"Biomass","9yr","trailing","base1841_2010"
1906,0,0.000147405660377358,0.030802128478888,0,0.0078125,1708886109621.95,0,8.62583290644035e-17,1.8024681870521e-14,0,4.57169144041338e-15,"Biomass","9yr","trailing","base1841_2010"
1907,0,-0.00243219339622641,0.0318979625471085,0,0,1708886109621.95,0,-1.42326242956266e-15,1.8665938219935e-14,0,0,"Biomass","9yr","trailing","base1841_2010"
1908,0,-0.00228478773584906,0.0259271346704136,-0.0078125,0,1708886109621.95,0,-1.33700410049825e-15,1.51719500348384e-14,-4.57169144041338e-15,0,"Biomass","9yr","trailing","base1841_2010"
1909,0,0.00272700471698113,0.028874108572276,0,0.015625,1708886109621.95,0,1.59577908769146e-15,1.68964499212084e-14,0,9.14338288082677e-15,"Biomass","9yr","trailing","base1841_2010"
1910,0,-0.000331662735849057,0.0222576364892131,-0.0078125,0.0078125,1708886109621.95,0,-1.94081240394908e-16,1.30246459163607e-14,-4.57169144041338e-15,4.57169144041338e-15,"Biomass","9yr","trailing","base1841_2010"
1911,0,-0.00132665094339623,0.0262487943796413,-0.015625,0,1708886109621.95,0,-7.76324961579631e-16,1.53601777390819e-14,-9.14338288082677e-15,0,"Biomass","9yr","trailing","base1841_2010"
1912,0,-0.00217423349056604,0.0234472493340911,0,0,1708886109621.95,0,-1.27231035369995e-15,1.37207794024835e-14,0,0,"Biomass","9yr","trailing","base1841_2010"
1913,0,0.000663325471698113,0.0215970708522778,-0.0078125,0,1708886109621.95,0,3.88162480789816e-16,1.263809842603e-14,-4.57169144041338e-15,0,"Biomass","9yr","trailing","base1841_2010"
1914,0,0.00121609669811321,0.0269769169343142,-0.0078125,0.0078125,1708886109621.95,0,7.11631214781329e-16,1.57862579503804e-14,-4.57169144041338e-15,4.57169144041338e-15,"Biomass","9yr","trailing","base1841_2010"
1915,0,-0.00313237028301887,0.0289578893178516,-0.015625,0,1708886109621.95,0,-1.83298949261857e-15,1.69454764450381e-14,-9.14338288082677e-15,0,"Biomass","9yr","trailing","base1841_2010"
1916,0,-0.000331662735849057,0.0295398956165017,0,0.0078125,1708886109621.95,0,-1.94081240394908e-16,1.72860528564052e-14,0,4.57169144041338e-15,"Biomass","9yr","trailing","base1841_2010"
1917,0,0.00110554245283019,0.0251103413051803,-0.0078125,0.0078125,1708886109621.95,0,6.46937467983026e-16,1.46939817485762e-14,-4.57169144041338e-15,4.57169144041338e-15,"Biomass","9yr","trailing","base1841_2010"
1918,0,0.00154775943396226,0.0293584795884859,-0.0078125,0,1708886109621.95,0,9.05712455176237e-16,1.71798924592937e-14,-4.57169144041338e-15,0,"Biomass","9yr","trailing","base1841_2010"
1919,0,-0.000810731132075472,0.021335956549449,-0.001953125,0,1708886109621.95,0,-4.74420809854219e-16,1.24853004710589e-14,-1.14292286010335e-15,0,"Biomass","9yr","trailing","base1841_2010"
1920,0,0.000773879716981132,0.0331059846755799,-0.0078125,0.0078125,1708886109621.95,0,4.52856227588118e-16,1.93728443862791e-14,-4.57169144041338e-15,4.57169144041338e-15,"Biomass","9yr","trailing","base1841_2010"
1921,0,0.00136350235849057,0.0298124555455469,0,0.0078125,1708886109621.95,0,7.97889543845732e-16,1.7445548522916e-14,0,4.57169144041338e-15,"Biomass","9yr","trailing","base1841_2010"
1922,0,0.00217423349056604,0.0311135395710729,0,0.001953125,1708886109621.95,0,1.27231035369995e-15,1.82069123248688e-14,0,1.14292286010335e-15,"Biomass","9yr","trailing","base1841_2010"
1923,0,0.00486438679245283,0.0254993276728377,0,0.015625,1708886109621.95,0,2.84652485912531e-15,1.49216074314506e-14,0,9.14338288082677e-15,"Biomass","9yr","trailing","base1841_2010"
1924,0,0.000147405660377358,0.0236275649462078,-0.0078125,0.015625,1708886109621.95,0,8.62583290644035e-17,1.38262958620658e-14,-4.57169144041338e-15,9.14338288082677e-15,"Biomass","9yr","trailing","base1841_2010"
1925,0,-0.00095813679245283,0.0288873371062513,-0.015625,0,1708886109621.95,0,-5.60679138918623e-16,1.69041909484781e-14,-9.14338288082677e-15,0,"Biomass","9yr","trailing","base1841_2010"
1926,0,0.00198997641509434,0.0317834599234135,0,0.0078125,1708886109621.95,0,1.16448744236945e-15,1.85989339748597e-14,0,4.57169144041338e-15,"Biomass","9yr","trailing","base1841_2010"
1927,0,0.00173201650943396,0.022847405795232,0,0.0078125,1708886109621.95,0,1.01353536650674e-15,1.33697650572433e-14,0,4.57169144041338e-15,"Biomass","9yr","trailing","base1841_2010"
1928,0,-0.000184257075471698,0.0262652934564197,0,0.0078125,1708886109621.95,0,-1.07822911330504e-16,1.53698326111565e-14,0,4.57169144041338e-15,"Biomass","9yr","trailing","base1841_2010"
1929,0,-0.000773879716981132,0.0290974020448417,-0.0078125,0,1708886109621.95,0,-4.52856227588118e-16,1.70271160149337e-14,-4.57169144041338e-15,0,"Biomass","9yr","trailing","base1841_2010"
1930,0,0.00110554245283019,0.0284684523927036,0,0,1708886109621.95,0,6.46937467983026e-16,1.6659069456069e-14,0,0,"Biomass","9yr","trailing","base1841_2010"
1931,-25369626515.2969,-146539718300.296,491698244290.146,-86456281317.8066,-7696061966.2832,1708886109621.95,-0.0148457093614678,-0.0857516001067589,0.287730259800006,-0.0505921844826353,-0.00450355463886693,"Biomass","9yr","trailing","base1841_2010"
1932,-136369662340.898,-672864898715.388,2020832044537.5,-475346334507.727,-42386681169.0059,1708886109621.95,-0.0798003223111615,-0.393744729345505,1.18254343174722,-0.278161506393709,-0.024803689918448,"Biomass","9yr","trailing","base1841_2010"
1933,-208168432639.953,-950022281837.879,2677793135245.2,-724465418569.703,-72774210546.7734,1708886109621.95,-0.121815275733036,-0.555930717962269,1.56698162631657,-0.423940141177678,-0.0425857581362593,"Biomass","9yr","trailing","base1841_2010"
1934,-438842421870.016,-1419300468842.21,3359551835383.87,-1488518885333.97,-169260105026.342,1708886109621.95,-0.256800274400439,-0.830541287011923,1.96593079928954,-0.871046278012801,-0.0990470365891069,"Biomass","9yr","trailing","base1841_2010"
1935,-630130062108.891,-1734460875140.03,3641499258267.17,-1797421021476.62,-211348184198.969,1708886109621.95,-0.368737307045167,-1.01496575188603,2.13091980662934,-1.05180855023408,-0.123675991635115,"Biomass","9yr","trailing","base1841_2010"
1936,-720445332146.508,-1937892228069.64,3840134132144.02,-2034333334274.02,-237482144450.055,1708886109621.95,-0.421587681057276,-1.13400899987323,2.24715626777115,-1.19044406927976,-0.138968971140266,"Biomass","9yr","trailing","base1841_2010"
1937,-787503540065.512,-2095762513292.36,3974014306462.51,-2097178121338.1,-279176729490.859,1708886109621.95,-0.460828568756831,-1.22639098152421,2.32549980018368,-1.22721936209198,-0.163367662665724,"Biomass","9yr","trailing","base1841_2010"
1938,-853535875314.492,-2244086414212.94,4111711465214.83,-2222412369834.61,-313988384102.371,1708886109621.95,-0.499469139873409,-1.31318664337987,2.40607694220445,-1.30050350185494,-0.183738625022725,"Biomass","9yr","trailing","base1841_2010"
1939,-901519678997.035,-2316381406087.57,4190967508415.41,-2256472512508.3,-319886985357.93,1708886109621.95,-0.527548134378876,-1.35549197400874,2.45245571651499,-1.32043469708317,-0.187190347886143,"Biomass","9yr","trailing","base1841_2010"
1940,-1058864135431.86,-2548945377281.99,4390436653653.01,-2463032086750,-375486496860.551,1708886109621.95,-0.619622413377863,-1.49158294571537,2.56918037365538,-1.44130850668269,-0.219725875672088,"Biomass","9yr","trailing","base1841_2010"
1941,-1123730053432.18,-2700969694253.78,4574440740009.79,-2597411369982.87,-410600920577.188,1708886109621.95,-0.657580424526228,-1.5805440041006,2.67685524169997,-1.51994410590503,-0.240274011395659,"Biomass","9yr","trailing","base1841_2010"
1942,-1136090529683.82,-2685398452161.31,4562236241807.67,-2608915393947.11,-410543665098.363,1708886109621.95,-0.664813484811549,-1.57143207908419,2.66971345610443,-1.52667599043465,-0.240240506834704,"Biomass","9yr","trailing","base1841_2010"
1943,-1141085447240.01,-2696476900708.37,4592924373306.96,-2606046805365.75,-416488724258.074,1708886109621.95,-0.667736393206712,-1.57791492687883,2.68767142962092,-1.52499735979613,-0.243719415772074,"Biomass","9yr","trailing","base1841_2010"
1944,-1155394570333.79,-2706725339143.71,4602411207001.41,-2633139944069.31,-419048990633.012,1708886109621.95,-0.676109755839368,-1.5839120722577,2.6932229017998,-1.54085162799517,-0.245217623499623,"Biomass","9yr","trailing","base1841_2010"
1945,-1151668300067.85,-2689378809012,4561933668883.27,-2643592096303.33,-414786394444.805,1708886109621.95,-0.673929230030801,-1.57376129039223,2.66953639753821,-1.54696798190265,-0.242723252362655,"Biomass","9yr","trailing","base1841_2010"
1946,-1140639562646.28,-2667718152761.05,4520603384503.6,-2632125017286.15,-411007398005.191,1708886109621.95,-0.667475472018797,-1.56108598328488,2.64535088620018,-1.540257716688,-0.240511872436085,"Biomass","9yr","trailing","base1841_2010"
1947,-1170119549711.98,-2708741151651.1,4590272106691.71,-2661989760760.2,-423020593185.789,1708886109621.95,-0.684726467798866,-1.58509167837425,2.68611938551434,-1.55773386287814,-0.247541711998216,"Biomass","9yr","trailing","base1841_2010"
1948,-1257002414730.36,-2857384768906.93,4721869190573.37,-2805349782272.32,-451115567153.482,1708886109621.95,-0.735568279040223,-1.67207443071736,2.76312690704588,-1.64162477913343,-0.263982230655079,"Biomass","9yr","trailing","base1841_2010"
1949,-1372667302753.39,-3053197715067.53,4900207284931.79,-3006250450577.93,-486740717743.738,1708886109621.95,-0.803252653892225,-1.78665956606258,2.86748616969907,-1.75918712993869,-0.284829231745244,"Biomass","9yr","trailing","base1841_2010"
1950,-1394139483449.14,-3072367281227.06,4913380659238.28,-3041868967298.82,-490610960328.262,1708886109621.95,-0.815817669533027,-1.79787714577816,2.87519491882654,-1.78003024904437,-0.28709400677193,"Biomass","9yr","trailing","base1841_2010"
1951,-1411487666478.99,-3097457446666.21,4920123432558.54,-3089833267269.27,-498826347142.371,1708886109621.95,-0.825969418635657,-1.81255932108398,2.87914063134786,-1.80809783043577,-0.291901458109882,"Biomass","9yr","trailing","base1841_2010"
1952,-1443828978924.35,-3158472313184.55,4963561804624.42,-3157155888658.72,-517851858819.271,1708886109621.95,-0.844894794799265,-1.84826378738796,2.90455974606903,-1.84749344668567,-0.303034740526877,"Biomass","9yr","trailing","base1841_2010"
1953,-1478298467673.77,-3231359374313.64,5019139826372.51,-3255034433686.6,-542530029155.711,1708886109621.95,-0.865065529733173,-1.8909155830335,2.93708269855554,-1.90476967151819,-0.317475825978674,"Biomass","9yr","trailing","base1841_2010"
1954,-1511713042894.98,-3255527587700.81,4997717871832.63,-3308406265465.79,-546000809452.998,1708886109621.95,-0.884618954056227,-1.90505825366034,2.92454707408106,-1.93600161347072,-0.319506845060486,"Biomass","9yr","trailing","base1841_2010"
1955,-1520271133581.73,-3269532580029.28,4966761575161.95,-3377027038368.3,-557181269255.727,1708886109621.95,-0.889626947648401,-1.91325364611489,2.90643217660698,-1.97615687748517,-0.326049387445129,"Biomass","9yr","trailing","base1841_2010"
1956,-1534076136376.44,-3299831279145.96,4987027636554.42,-3443098968342.43,-570343423630.326,1708886109621.95,-0.897705310926668,-1.93098373295103,2.91829139957003,-2.01482061850461,-0.333751570932074,"Biomass","9yr","trailing","base1841_2010"
1957,-1552686209893.22,-3340580294924.29,5007640912517.05,-3532377364307.8,-584854660500.158,1708886109621.95,-0.908595488693341,-1.95482909956083,2.93035380434151,-2.06706423817164,-0.34224320579769,"Biomass","9yr","trailing","base1841_2010"
1958,-1548823511435.48,-3343731016276.18,5011205443069.78,-3543651964089.96,-584328126744.084,1708886109621.95,-0.906335128312393,-1.95667282766779,2.93243968387009,-2.07366186906037,-0.341935090614876,"Biomass","9yr","trailing","base1841_2010"
1959,-1566159405733.78,-3378649331657.53,5041100786201.14,-3614940185636.25,-595803867744.277,1708886109621.95,-0.916479686338051,-1.97710620540123,2.94993373626073,-2.11537806134779,-0.348650424618458,"Biomass","9yr","trailing","base1841_2010"
1960,-1601931319078.6,-3432027182453.5,5097096858096.72,-3719553288702.66,-611804517486.039,1708886109621.95,-0.937412569543906,-2.00834166954096,2.9827013218712,-2.1765951913118,-0.358013628902037,"Biomass","9yr","trailing","base1841_2010"
1961,-1634813201727.94,-3501163581304.37,5189305915687.24,-3802310616635.02,-633782170761.711,1708886109621.95,-0.956654274689847,-2.04879866574544,3.03665989586354,-2.22502283518249,-0.370874435220215,"Biomass","9yr","trailing","base1841_2010"
1962,-1619098362319.06,-3487473856366.8,5164033472796.63,-3825016999682.78,-635536625307.523,1708886109621.95,-0.947458319897778,-2.04078776036065,3.02187105607585,-2.23831007704134,-0.371901100798415,"Biomass","9yr","trailing","base1841_2010"
1963,-1608742365433.41,-3497652940232.58,5165416679151.94,-3781264494800.34,-646230643896.094,1708886109621.95,-0.941398233840932,-2.04674432107494,3.02268047593567,-2.21270713917668,-0.378158989213773,"Biomass","9yr","trailing","base1841_2010"
1964,-1604300000256.6,-3497040879966.65,5140715492954.67,-3799129538173.05,-653200962478.758,1708886109621.95,-0.938798666115622,-2.04638615778806,3.00822592214289,-2.22316134280799,-0.382237855876342,"Biomass","9yr","trailing","base1841_2010"
1965,-1581978786973.02,-3463971955869.7,5063807342223.3,-3699809278448.04,-645273644833.295,1708886109621.95,-0.925736816552975,-2.02703500038163,2.96322107934012,-2.16504146040869,-0.377598975847516,"Biomass","9yr","trailing","base1841_2010"
1966,-1546246799121.01,-3421243817233.73,4987618532312.38,-3651906296078.88,-633862993050.781,1708886109621.95,-0.904827296807438,-2.00203149757628,2.91863717788412,-2.13700976063687,-0.370921730524808,"Biomass","9yr","trailing","base1841_2010"
1967,-1543553119202.3,-3436928405545.28,5015565767156.84,-3669417016066.72,-640866731311.348,1708886109621.95,-0.903251018608707,-2.01120975013696,2.93499124307729,-2.14725662254841,-0.375020153597669,"Biomass","9yr","trailing","base1841_2010"
1968,-1538038155418.3,-3466165316551.53,5047283440838.54,-3743476902316.34,-644452333708.766,1708886109621.95,-0.900023791379847,-2.02831850351826,2.95355168048919,-2.19059472789822,-0.377118363874662,"Biomass","9yr","trailing","base1841_2010"
1969,-1533135039452.38,-3490261081028.44,5093852491254.8,-3736773329695.58,-648607299319.582,1708886109621.95,-0.897154603118369,-2.04241877874505,2.98080279462374,-2.18667195470519,-0.379549752126589,"Biomass","9yr","trailing","base1841_2010"
1970,-1530682596683.28,-3490644144808.59,5088633666507.98,-3772875504976.52,-651611832130.746,1708886109621.95,-0.895719491231576,-2.04264293866887,2.97774886100146,-2.20779809943635,-0.3813079341343,"Biomass","9yr","trailing","base1841_2010"
1971,-1512955620783.21,-3472585413957.22,5058362867952.65,-3714368304242.04,-645805795427.049,1708886109621.95,-0.88534608144127,-2.03207539367585,2.96003510091828,-2.1735610602299,-0.377910377871769,"Biomass","9yr","trailing","base1841_2010"
1972,-1507965824886.78,-3477696655735.76,5065813277489.24,-3729537072658.23,-650925208067.406,1708886109621.95,-0.882426170121063,-2.03506637227282,2.96439490552704,-2.18243746710733,-0.380906137865096,"Biomass","9yr","trailing","base1841_2010"
1973,-1630570057334.59,-3572075849502.27,5092301461030.7,-3842738076524.83,-687706003328.09,1708886109621.95,-0.954171286286194,-2.09029485896664,2.97989516817902,-2.24868003484149,-0.402429395063799,"Biomass","9yr","trailing","base1841_2010"
1974,-1645153273427.33,-3615988070692.97,5070832035078.63,-4327107318116.77,-736011295746.484,1708886109621.95,-0.962705041701859,-2.11599125906227,2.9673317645495,-2.53212153446202,-0.430696517223906,"Biomass","9yr","trailing","base1841_2010"
1975,-1640779951975.51,-3605921726947.29,5024047473550.44,-4420230244675.55,-733822038894.223,1708886109621.95,-0.960145876742186,-2.11010067121735,2.93995453837581,-2.58661488310267,-0.429415415551925,"Biomass","9yr","trailing","base1841_2010"
1976,-1688184061468.24,-3645636391184.3,5033707960454.15,-4491670491903.54,-778414641258.145,1708886109621.95,-0.987885647828051,-2.13334075960791,2.94560762833267,-2.62842003724708,-0.455509958724136,"Biomass","9yr","trailing","base1841_2010"
1977,-1738412294344.36,-3688997988588.1,5028420517421.78,-4514983211134.39,-807020905492.363,1708886109621.95,-1.01727802956333,-2.15871494760069,2.94251354090191,-2.64206209279401,-0.472249672431884,"Biomass","9yr","trailing","base1841_2010"
1978,-1872927117357.97,-3777343017516.36,5043616434010.34,-4754858864689.36,-875414150975.896,1708886109621.95,-1.09599294348077,-2.21041238280766,2.95140583425195,-2.78243168922548,-0.512271792746657,"Biomass","9yr","trailing","base1841_2010"
1979,-1996811310343.28,-3942200865926.2,5080978104677.31,-4915160410802.11,-999287533474.984,1708886109621.95,-1.16848706247898,-2.30688332225856,2.97326900609038,-2.87623638762531,-0.584759585702322,"Biomass","9yr","trailing","base1841_2010"
1980,-2223879672110.59,-4195033185349.44,5168813857905.91,-5401093477635.41,-1223607964872.7,1708886109621.95,-1.30136213267166,-2.45483485513115,3.02466842512365,-3.16059300103403,-0.716026631607063,"Biomass","9yr","trailing","base1841_2010"
1981,-2154208014867.02,-4123079251179.09,5227114040248.57,-5258202191197.44,-1066940672872.96,1708886109621.95,-1.260591915832,-2.41272910345747,3.05878432203123,-3.07697637753091,-0.624348613325083,"Biomass","9yr","trailing","base1841_2010"
1982,-2077301250090.46,-4014839317262.75,5166437005335,-5044628617930.1,-1031716904967.33,1708886109621.95,-1.21558788405742,-2.34938963729475,3.0232775468448,-2.9519981404999,-0.603736491951224,"Biomass","9yr","trailing","base1841_2010"
1983,-2031310680373.03,-3961095326916.76,5135470071021.16,-4989950979001.99,-978911334123.406,1708886109621.95,-1.18867528323605,-2.31793991689303,3.00515642447188,-2.92000207088458,-0.57283591259336,"Biomass","9yr","trailing","base1841_2010"
1984,-2004892809282.8,-3957067510316.8,5181828437477.76,-5007295183561.7,-983620910552.648,1708886109621.95,-1.1732161657785,-2.31558293325481,3.03228425130339,-2.93015149187996,-0.575591846065301,"Biomass","9yr","trailing","base1841_2010"
1985,-1961693610616.82,-3938727998159.56,5181041757124.46,-5013802208901.08,-968314631211.266,1708886109621.95,-1.14793700971143,-2.30485108163874,3.03182390444419,-2.93395925022192,-0.566634971025355,"Biomass","9yr","trailing","base1841_2010"
1986,-1904355547707.96,-3838560684197.26,5099288382487.5,-4972412942815.29,-912614201929.93,1708886109621.95,-1.11438412249091,-2.24623552300185,2.98398375045344,-2.90973922417528,-0.534040388526432,"Biomass","9yr","trailing","base1841_2010"
1987,-1851327561393.05,-3791827280658.19,5090195921592.55,-4956481915264.5,-882157428588.699,1708886109621.95,-1.08335339082522,-2.21888823328141,2.97866305597079,-2.90041676116204,-0.516217800368133,"Biomass","9yr","trailing","base1841_2010"
1988,-1831242713362.25,-3767311808601.98,5086937652197,-4936516173413.43,-868002576597.406,1708886109621.95,-1.07160020966369,-2.20454235504051,2.9767563932756,-2.88873327813842,-0.507934713559952,"Biomass","9yr","trailing","base1841_2010"
1989,-1816726491144.82,-3750603295990.22,5115718771154.36,-4948908072948.15,-841052918696.66,1708886109621.95,-1.06310565748979,-2.19476492603708,2.993598427859,-2.89598472659069,-0.492164406955548,"Biomass","9yr","trailing","base1841_2010"
1990,-1776871573364.16,-3751296446346.07,5146270267977.66,-4962552585028.49,-826973928094.828,1708886109621.95,-1.03978349602084,-2.19517054133932,3.01147644597342,-2.90396917447374,-0.483925712450068,"Biomass","9yr","trailing","base1841_2010"
1991,-1765827655176.92,-3741043964255.63,5139655884108.21,-4969907781899.92,-822177070389.18,1708886109621.95,-1.03332085458145,-2.1891710297085,3.00760586394212,-2.90827326286794,-0.481118704025903,"Biomass","9yr","trailing","base1841_2010"
1992,-1735539361785.11,-3670979328337.42,5038063204570.1,-4922353845905.7,-794598499165.172,1708886109621.95,-1.015596856931,-2.14817085098172,2.94815621486013,-2.88044581683366,-0.464980372121439,"Biomass","9yr","trailing","base1841_2010"
1993,-1701418452979.04,-3645237973496.64,5015638549160.68,-4891269889612.6,-787808236252.707,1708886109621.95,-0.995630102789844,-2.13310761493816,2.93503383339588,-2.86225621594799,-0.461006869806549,"Biomass","9yr","trailing","base1841_2010"
1994,-1722949241966.12,-3658655015599.88,5041347297299.22,-4909027443735.4,-784207718149.035,1708886109621.95,-1.0082294146257,-2.14095895273517,2.95007798876339,-2.87264751939578,-0.458899931208711,"Biomass","9yr","trailing","base1841_2010"
1995,-1689221197894.53,-3636516029491.25,4998952972424.99,-4916523370747.5,-772230324557.621,1708886109621.95,-0.988492555696547,-2.12800373823375,2.92526982592824,-2.87703395976175,-0.451891041895389,"Biomass","9yr","trailing","base1841_2010"
1996,-1670363482479.77,-3580059146186.04,4908962559749.06,-4872149758520.32,-756612506198.895,1708886109621.95,-0.977457463709675,-2.09496649661342,2.87260955081147,-2.85106756447226,-0.442751861542298,"Biomass","9yr","trailing","base1841_2010"
1997,-1661817630303.81,-3548587093132.29,4865048028042.09,-4832812809563.46,-744721960991.766,1708886109621.95,-0.972456631806463,-2.07654979062199,2.84691179865601,-2.82804850618898,-0.435793793862902,"Biomass","9yr","trailing","base1841_2010"
1998,-1662953376206.8,-3549653111822.97,4871621476296.13,-4849191737623.24,-745572632019.66,1708886109621.95,-0.973121243623828,-2.077173599713,2.85075842612698,-2.83763307005638,-0.436291586561377,"Biomass","9yr","trailing","base1841_2010"
1999,-1658310473643.78,-3539089014214.63,4859240690821.19,-4842149862949.41,-736877399355.578,1708886109621.95,-0.970404326131858,-2.0709917380027,2.84351348136136,-2.83351233045052,-0.4312033407063,"Biomass","9yr","trailing","base1841_2010"
2000,-1629741636481.01,-3516838522914.97,4826885390085.1,-4849162584083.35,-731241185486.871,1708886109621.95,-0.95368651386695,-2.05797127328338,2.82457991957869,-2.83761601008982,-0.427905160776712,"Biomass","9yr","trailing","base1841_2010"
2001,-1616596846955.57,-3482282688688.24,4779910563820.04,-4833137229952.47,-709606700382.348,1708886109621.95,-0.945994491881732,-2.0377500110049,2.79709135495137,-2.82823834937817,-0.415245168409339,"Biomass","9yr","trailing","base1841_2010"
2002,-1620375875039.14,-3464890831380.89,4765587047212.32,-4798262721729.73,-694945589179.449,1708886109621.95,-0.948205890325607,-2.02757270474123,2.78870956957254,-2.80783060656467,-0.406665830605405,"Biomass","9yr","trailing","base1841_2010"
2003,-1640773109165.65,-3504959196567.18,4847316041294.24,-4845547806841.6,-705448183858.584,1708886109621.95,-0.960141872490631,-2.05101977061688,2.83653545663531,-2.8355007273794,-0.412811702246586,"Biomass","9yr","trailing","base1841_2010"
2004,-1618553337724.43,-3496434674224.67,4842221412323.84,-4821952447945.71,-696458710209.941,1708886109621.95,-0.947139384310691,-2.04603142043104,2.83355419946334,-2.82169327774128,-0.407551273480721,"Biomass","9yr","trailing","base1841_2010"
2005,-1621828059163.1,-3528620525446.63,4910155654513.24,-4823592880033.19,-701116228173.852,1708886109621.95,-0.949055674354968,-2.06486582433937,2.87330772183495,-2.8226532200559,-0.410276743561896,"Biomass","9yr","trailing","base1841_2010"
2006,-1636406887676.93,-3557956893983.02,4954222858935.91,-4879729970203.68,-719226227052.289,1708886109621.95,-0.957586862262547,-2.08203277793049,2.89909481447649,-2.85550332624753,-0.420874289399778,"Biomass","9yr","trailing","base1841_2010"
2007,-1594846934799.13,-3501597137050.35,4862933199997.42,-4827937331195.01,-701736760862.256,1708886109621.95,-0.93326695431561,-2.04905237238133,2.84567425097347,-2.82519549080019,-0.410639864711346,"Biomass","9yr","trailing","base1841_2010"
2008,-1586900755979.62,-3469931235273.21,4822633793915.03,-4804012107655.21,-696935095255.066,1708886109621.95,-0.928617037170886,-2.03052223067156,2.82209198539388,-2.81119501212283,-0.407830042816163,"Biomass","9yr","trailing","base1841_2010"
2009,-1586672767587.83,-3467815661631.21,4821648869451.37,-4791275310270.86,-698704449433.957,1708886109621.95,-0.928483623720743,-2.02928424668299,2.82151563073916,-2.80374173755255,-0.408865427309564,"Biomass","9yr","trailing","base1841_2010"
2010,-1572819038977.96,-3509872210864.08,4907939389406.08,-4813825005295.97,-703384445032.408,1708886109621.95,-0.92037674724029,-2.05389475114907,2.87201081556678,-2.81693728926201,-0.411604050774346,"Biomass","9yr","trailing","base1841_2010"
1900,0,6.96722066627359e-05,0.0087879613662822,-0.0029296875,0.00146484375,371420251086.969,0,1.87583219974782e-16,2.36604260014473e-14,-7.88779688621234e-15,3.94389844310617e-15,"Biomass variability","9yr","trailing","base1841_2010"
1901,0,0.000342602999705189,0.00947393739898853,-0.0029296875,0.00225830078125,371420251086.969,0,9.22413354421451e-16,2.55073259232981e-14,-7.88779688621234e-15,6.08017676645534e-15,"Biomass variability","9yr","trailing","base1841_2010"
1902,0,-0.000170437794811321,0.0106401464952175,-0.003173828125,0.00146484375,371420251086.969,0,-4.58881265392856e-16,2.8647189979757e-14,-8.5451132933967e-15,3.94389844310617e-15,"Biomass variability","9yr","trailing","base1841_2010"
1903,0,2.30321344339623e-06,0.0122150121682933,-0.00244140625,0.001708984375,371420251086.969,0,6.20109818098454e-18,3.28873079282721e-14,-6.57316407184361e-15,4.60121485029053e-15,"Biomass variability","9yr","trailing","base1841_2010"
1904,0,-0.000139344413325472,0.01228226246916,-0.003173828125,0.00152587890625,371420251086.969,0,-3.75166439949565e-16,3.30683704865733e-14,-8.5451132933967e-15,4.10822754490226e-15,"Biomass variability","9yr","trailing","base1841_2010"
1905,0,-0.000355846477004717,0.0114755893659166,-0.00244140625,0.0009765625,371420251086.969,0,-9.58069668962112e-16,3.08965096338528e-14,-6.57316407184361e-15,2.62926562873745e-15,"Biomass variability","9yr","trailing","base1841_2010"
1906,0,-0.000362756117334906,0.0119323897449584,-0.00244140625,0.00177001953125,371420251086.969,0,-9.76672963505065e-16,3.21263843585211e-14,-6.57316407184361e-15,4.76554395208662e-15,"Biomass variability","9yr","trailing","base1841_2010"
1907,0,-0.000192318322523585,0.0121397761292639,-0.00244140625,0.0015869140625,371420251086.969,0,-5.17791698112209e-16,3.26847448240546e-14,-6.57316407184361e-15,4.27255664669835e-15,"Biomass variability","9yr","trailing","base1841_2010"
1908,0,-0.000282143646816038,0.0119373946132286,-0.00341796875,0.001953125,371420251086.969,0,-7.59634527170606e-16,3.21398593057153e-14,-9.20242970058106e-15,5.25853125747489e-15,"Biomass variability","9yr","trailing","base1841_2010"
1909,0,-0.000188287698997642,0.010830434535729,-0.00244140625,0.00146484375,371420251086.969,0,-5.06939776295486e-16,2.91595154115414e-14,-6.57316407184361e-15,3.94389844310617e-15,"Biomass variability","9yr","trailing","base1841_2010"
1910,0,-0.000328207915683962,0.0100275131358074,-0.0029296875,0.0015869140625,371420251086.969,0,-8.83656490790297e-16,2.69977555248043e-14,-7.88779688621234e-15,4.27255664669835e-15,"Biomass variability","9yr","trailing","base1841_2010"
1911,0,0.000228018130896226,0.00908975472296245,-0.002197265625,0.001708984375,371420251086.969,0,6.1390871991747e-16,2.44729647787408e-14,-5.91584766465925e-15,4.60121485029053e-15,"Biomass variability","9yr","trailing","base1841_2010"
1912,0,-0.000150284677181604,0.00979320256944485,-0.00341796875,0.00244140625,371420251086.969,0,-4.04621656309241e-16,2.63669052529711e-14,-9.20242970058106e-15,6.57316407184361e-15,"Biomass variability","9yr","trailing","base1841_2010"
1913,0,-0.000148557267099057,0.00937442513698091,-0.0030517578125,0.001953125,371420251086.969,0,-3.99970832673503e-16,2.52394022930803e-14,-8.21645508980452e-15,5.25853125747489e-15,"Biomass variability","9yr","trailing","base1841_2010"
1914,0,-0.000148557267099057,0.00900539867556282,-0.00244140625,0.002197265625,371420251086.969,0,-3.99970832673503e-16,2.42458472557927e-14,-6.57316407184361e-15,5.91584766465925e-15,"Biomass variability","9yr","trailing","base1841_2010"
1915,0,8.98253242924528e-05,0.00940653485410717,-0.00225830078125,0.00177001953125,371420251086.969,0,2.41842829058397e-16,2.5325853468083e-14,-6.08017676645534e-15,4.76554395208662e-15,"Biomass variability","9yr","trailing","base1841_2010"
1916,0,-0.000142799233490566,0.010257817094579,-0.00244140625,0.00201416015625,371420251086.969,0,-3.84468087221042e-16,2.76178185345557e-14,-6.57316407184361e-15,5.42286035927098e-15,"Biomass variability","9yr","trailing","base1841_2010"
1917,0,-0.000371968971108491,0.010581952021579,-0.0025634765625,0.002197265625,371420251086.969,0,-1.001477356229e-15,2.84905090409333e-14,-6.9018222754358e-15,5.91584766465925e-15,"Biomass variability","9yr","trailing","base1841_2010"
1918,0,-0.000920709573997642,0.0102745082249911,-0.002685546875,0.002197265625,371420251086.969,0,-2.47888899784857e-15,2.76627572000247e-14,-7.23048047902798e-15,5.91584766465925e-15,"Biomass variability","9yr","trailing","base1841_2010"
1919,0,-0.000667931898584906,0.0104323894746847,-0.0029296875,0.002685546875,371420251086.969,0,-1.79831847248552e-15,2.80878316251042e-14,-7.88779688621234e-15,7.23048047902798e-15,"Biomass variability","9yr","trailing","base1841_2010"
1920,0,0.000242989018278302,0.0123235354587903,-0.00177001953125,0.00244140625,371420251086.969,0,6.54215858093869e-16,3.31794925632763e-14,-4.76554395208662e-15,6.57316407184361e-15,"Biomass variability","9yr","trailing","base1841_2010"
1921,0,0.000591350051591981,0.0141524583395871,-0.00146484375,0.001708984375,371420251086.969,0,1.59213195796778e-15,3.81036260090009e-14,-3.94389844310617e-15,4.60121485029053e-15,"Biomass variability","9yr","trailing","base1841_2010"
1922,0,0.000844127727004717,0.0139467314071264,-0.00177001953125,0.00341796875,371420251086.969,0,2.27270248333083e-15,3.75497333985183e-14,-4.76554395208662e-15,9.20242970058106e-15,"Biomass variability","9yr","trailing","base1841_2010"
1923,0,0.00154660782724057,0.0147314072495337,-0.001708984375,0.00347900390625,371420251086.969,0,4.16403742853112e-15,3.96623695299919e-14,-4.60121485029053e-15,9.36675880237715e-15,"Biomass variability","9yr","trailing","base1841_2010"
1924,0,0.00145793410966981,0.0126419959346877,-0.001708984375,0.003662109375,371420251086.969,0,3.92529514856322e-15,3.40369053590659e-14,-4.60121485029053e-15,9.85974610776542e-15,"Biomass variability","9yr","trailing","base1841_2010"
1925,0,0.00138998931308962,0.00969471532491083,-0.001708984375,0.00347900390625,371420251086.969,0,3.74236275222417e-15,2.61017413470026e-14,-4.60121485029053e-15,9.36675880237715e-15,"Biomass variability","9yr","trailing","base1841_2010"
1926,0,0.00139114091981132,0.00994449871237792,-0.001220703125,0.00341796875,371420251086.969,0,3.74546330131466e-15,2.67742501473065e-14,-3.28658203592181e-15,9.20242970058106e-15,"Biomass variability","9yr","trailing","base1841_2010"
1927,0,0.00127713185436321,0.0100888206599836,-0.00103759765625,0.00274658203125,371420251086.969,0,3.43850894135593e-15,2.716281794129e-14,-2.79359473053354e-15,7.39480958082407e-15,"Biomass variability","9yr","trailing","base1841_2010"
1928,0,0.00092761921432783,0.0098041620868823,-0.00146484375,0.00274658203125,371420251086.969,0,2.49749229239152e-15,2.63964123070571e-14,-3.94389844310617e-15,7.39480958082407e-15,"Biomass variability","9yr","trailing","base1841_2010"
1929,0,0.000943741708431604,0.00840009319428292,-0.001739501953125,0.0029296875,371420251086.969,0,2.54089997965842e-15,2.26161421454535e-14,-4.68337940118858e-15,7.88779688621234e-15,"Biomass variability","9yr","trailing","base1841_2010"
1930,0,0.000873493698408019,0.00816141812731899,-0.00128173828125,0.0035400390625,371420251086.969,0,2.35176648513839e-15,2.19735410318485e-14,-3.4509111377179e-15,9.53108790417324e-15,"Biomass variability","9yr","trailing","base1841_2010"
1931,-346843728.709839,4027836136.59401,29469189895.9388,-1115180858.86761,-119879554.299011,371420251086.969,-0.000933830957506473,0.0108444171388245,0.0793419039745318,-0.00300247726289564,-0.000322759876307717,"Biomass variability","9yr","trailing","base1841_2010"
1932,-20042800632.9573,-2065000795.26991,302213549578.372,-71634914060.4426,-6158710564.18903,371420251086.969,-0.0539625951312606,-0.00555974206906231,0.813670091207838,-0.192867550573243,-0.0165815152678548,"Biomass variability","9yr","trailing","base1841_2010"
1933,-39301642518.5728,4247428085.15581,665261866193.275,-136692104947.078,-14636426321.8333,371420251086.969,-0.105814484814858,0.0114356394750303,1.79112976270511,-0.368025449735295,-0.0394066459192774,"Biomass variability","9yr","trailing","base1841_2010"
1934,-25242718010.9926,163132806739.156,1130130188003.35,-83543862096.7365,-2959861374.29993,371420251086.969,-0.0679626863024275,0.43921354923902,3.04272635833938,-0.224930821225401,-0.00796903605992896,"Biomass variability","9yr","trailing","base1841_2010"
1935,-17868720785.7444,275142701220.339,1379846657126.52,-62939428171.1253,5798217731.67072,371420251086.969,-0.0481091721128592,0.740785405252212,3.71505498983528,-0.169456102587115,0.0156109358999734,"Biomass variability","9yr","trailing","base1841_2010"
1936,68514214989.6996,529010407103.573,1577842397275.03,-1700170824.7338,263818824109.364,371420251086.969,0.184465480245601,1.42429069377723,4.24813238550522,-0.00457748552955368,0.710297360839354,"Biomass variability","9yr","trailing","base1841_2010"
1937,165527892104.958,651469115395.745,1587387202869.37,28749511077.0361,456113520673.451,371420251086.969,0.445662000444341,1.75399460177308,4.27383051469017,0.0774042637494862,1.22802544917415,"Biomass variability","9yr","trailing","base1841_2010"
1938,222433361928.851,708042853043.165,1473891657442.88,64999542556.2556,575032091544.436,371420251086.969,0.59887246664094,1.9063119228719,3.96825873960697,0.175002688641863,1.54819800444804,"Biomass variability","9yr","trailing","base1841_2010"
1939,267844696330.837,698592054530.117,1223793160019.83,93342884426.7026,657031798423.571,371420251086.969,0.721136490395943,1.88086689534475,3.2949015473399,0.251313395415389,1.76897139157263,"Biomass variability","9yr","trailing","base1841_2010"
1940,162941220372.165,461996561803.783,781489890239.034,44574712676.033,449244184223.063,371420251086.969,0.438697728234566,1.24386476087866,2.10405837579396,0.120011530188739,1.2095306675076,"Biomass variability","9yr","trailing","base1841_2010"
1941,83142351376.4263,318963662976.16,629276812026.223,22615350041.3055,295059520045.944,371420251086.969,0.223849806608844,0.858767560580517,1.69424475424975,0.0608888448465619,0.794408810996294,"Biomass variability","9yr","trailing","base1841_2010"
1942,176622496.861816,62427902644.1045,384850403800,-40038729282.7281,21548572288.8213,371420251086.969,0.000475532759306815,0.168078887625023,1.03615891345108,-0.107798993634714,0.0580166865585787,"Biomass variability","9yr","trailing","base1841_2010"
1943,-37252996926.3365,-62420896857.1173,194014400085.088,-87553804454.9271,-9228101681.7356,371420251086.969,-0.100298776971139,-0.168060025468297,0.522358163070809,-0.235727061727784,-0.0248454457039684,"Biomass variability","9yr","trailing","base1841_2010"
1944,-75604548536.875,-120050444360.227,126406170826.028,-169460111629.267,-27435333724.8506,371420251086.969,-0.203555267424479,-0.323219975240707,0.340331929818306,-0.456248982475614,-0.0738660146951077,"Biomass variability","9yr","trailing","base1841_2010"
1945,-59089523316.1113,-83406995538.6759,80147225510.4303,-122606923669.204,-18945527621.075,371420251086.969,-0.159090741937696,-0.224562326083684,0.215785825559801,-0.330102958334642,-0.0510083323826056,"Biomass variability","9yr","trailing","base1841_2010"
1946,-40153764012.1472,-66259583340.2683,78676090188.2218,-87475578247.1859,-12960112519.1135,371420251086.969,-0.108108709459531,-0.178395182132256,0.211824987888987,-0.235516447989001,-0.0348933922724609,"Biomass variability","9yr","trailing","base1841_2010"
1947,-9349247635.49951,-22452956651.5781,35915926654.5039,-35618957215.3883,-2894599154.38831,371420251086.969,-0.0251716151936755,-0.0604516220800267,0.0966988917523888,-0.0958993407363995,-0.00779332614718018,"Biomass variability","9yr","trailing","base1841_2010"
1948,9308494918.55212,20433224383.5401,38276408262.8338,1849040410.15344,24050282912.9435,371420251086.969,0.0250618938824973,0.055013759545264,0.103054176908279,0.00497829723808055,0.0647522121977997,"Biomass variability","9yr","trailing","base1841_2010"
1949,5231397788.64771,11209013196.719,52454309287.117,-894089899.479919,18165855905.2383,371420251086.969,0.0140848480214472,0.0301787884853224,0.141226303987487,-0.00240721903790476,0.0489091692013981,"Biomass variability","9yr","trailing","base1841_2010"
1950,13262806927.2131,30851650657.49,73285057248.9195,1782931278.5816,36017884397.6053,371420251086.969,0.0357083570117657,0.0830639970954787,0.197310343295631,0.00480030712747573,0.0969733995176574,"Biomass variability","9yr","trailing","base1841_2010"
1951,3394130076.52161,13097307974.9382,74061052470.0494,-3807837863.00336,19963090658.7622,371420251086.969,0.00913824721885415,0.0352627729279937,0.199399608000124,-0.0102521008261118,0.0537479865471519,"Biomass variability","9yr","trailing","base1841_2010"
1952,-44546343585.5776,-73807465356.7959,85069540480.1928,-90112990715.3502,-22874536392.2081,371420251086.969,-0.1199351501573,-0.198716858170218,0.229038508889149,-0.242617332931181,-0.0615866698847606,"Biomass variability","9yr","trailing","base1841_2010"
1953,-99520004873.7925,-150493190775.615,144221935050.199,-218006008803.897,-39771830135.0297,371420251086.969,-0.26794447686292,-0.40518305163812,0.388298523379192,-0.586952402745671,-0.107080402909202,"Biomass variability","9yr","trailing","base1841_2010"
1954,-70894038180.853,-107342857549.069,104262779258.955,-154061633824.964,-31220392348.4795,371420251086.969,-0.190872840060229,-0.289006475104489,0.280713770866903,-0.414790613527667,-0.084056785425976,"Biomass variability","9yr","trailing","base1841_2010"
1955,-54969253665.4548,-92872017245.4046,106701859013.679,-140565882307.684,-23028060373.8675,371420251086.969,-0.147997459763129,-0.25004564768241,0.287280671157304,-0.37845508395494,-0.0620000129408006,"Biomass variability","9yr","trailing","base1841_2010"
1956,-6464717083.78467,14633282316.5639,103724094425.009,-20575192313.2861,11111436985.667,371420251086.969,-0.0174053974301766,0.0393981811000862,0.279263433055841,-0.0553959894568817,0.0299160774167514,"Biomass variability","9yr","trailing","base1841_2010"
1957,6088185306.505,37818619177.9273,120064821883.462,199443288.214355,39627005369.6734,371420251086.969,0.0163916353206046,0.101821640223575,0.323258684824239,0.000536974727766406,0.106690481344795,"Biomass variability","9yr","trailing","base1841_2010"
1958,16854861083.0068,57720235092.9569,137265364756.801,4751937195.26404,61354567889.2949,371420251086.969,0.0453794886888389,0.155404114137658,0.369568876104873,0.012793963660725,0.165189075473778,"Biomass variability","9yr","trailing","base1841_2010"
1959,26878350014.762,75476879098.0198,151938524167.081,7781796322.51929,100400754713.456,371420251086.969,0.072366409575412,0.203211534312238,0.409074421016167,0.0209514594310507,0.270315779550607,"Biomass variability","9yr","trailing","base1841_2010"
1960,13275407821.9344,50932224980.8996,116899799117.772,575814275.797852,63746633667.211,371420251086.969,0.0357422832575329,0.1371282929023,0.314737278798509,0.00155030393230503,0.171629396837289,"Biomass variability","9yr","trailing","base1841_2010"
1961,8303437270.37683,32226764765.4438,99224440909.9561,-3129974304.47113,32882286853.86,371420251086.969,0.0223559088285484,0.0867663103213448,0.267148709903603,-0.00842704267015919,0.0885312170179987,"Biomass variability","9yr","trailing","base1841_2010"
1962,-2768793737.34692,-12367693635.0729,66505163070.8842,-17339349709.3123,3495123154.99884,371420251086.969,-0.00745461166762984,-0.033298382624207,0.179056373141355,-0.046683910364522,0.00941015775195426,"Biomass variability","9yr","trailing","base1841_2010"
1963,-18314509755.7181,-38600234084.166,69451828567.1145,-45296414846.2724,-6162724946.7583,371420251086.969,-0.0493094000720756,-0.103926035188447,0.186989881041387,-0.121954618020185,-0.0165923234630394,"Biomass variability","9yr","trailing","base1841_2010"
1964,-24806695342.3203,-48731370940.3907,75360487647.3654,-63124975299.7867,-7657243873.59369,371420251086.969,-0.0667887528203511,-0.13120278390254,0.202898165694577,-0.169955663739525,-0.0206161184027651,"Biomass variability","9yr","trailing","base1841_2010"
1965,-17474734425.2744,-38785236443.5627,64006802475.1756,-46610665815.9031,-5690080122.3667,371420251086.969,-0.0470484158419856,-0.104424129621519,0.172329867011447,-0.125493065279817,-0.0153197896606729,"Biomass variability","9yr","trailing","base1841_2010"
1966,-14842755949.4998,-35015963634.6484,65514513401.2874,-39674082167.9675,-4109075483.12793,371420251086.969,-0.0399621612070481,-0.0942758601131022,0.176389179667931,-0.106817229410245,-0.0110631433560842,"Biomass variability","9yr","trailing","base1841_2010"
1967,-9919829084.10071,-25328205862.3955,68022763793.1252,-25504251578.1832,-2362708968.52026,371420251086.969,-0.0267078304294667,-0.0681928510582608,0.183142312768502,-0.0686668309106585,-0.00636128202919939,"Biomass variability","9yr","trailing","base1841_2010"
1968,-556510521.452515,-13254985590.7138,64264034702.3397,-16787295238.6429,3269783994.68945,371420251086.969,-0.00149833112175191,-0.0356872990956276,0.173022430829417,-0.0451975765713219,0.00880346180672799,"Biomass variability","9yr","trailing","base1841_2010"
1969,-1924066227.50525,-16970373292.0975,62966247729.7323,-18729302846.3562,1127430062.85278,371420251086.969,-0.00518029434817953,-0.0456904900646461,0.169528310708585,-0.0504261757175181,0.00303545662777766,"Biomass variability","9yr","trailing","base1841_2010"
1970,-1821395133.50134,-15788230504.3758,60258404312.4025,-21302652945.5576,1749742011.75952,371420251086.969,-0.00490386597976549,-0.042507726647029,0.162237799732392,-0.0573545811872532,0.00471094940741348,"Biomass variability","9yr","trailing","base1841_2010"
1971,-3546150714.93176,-14148966076.8406,42802214340.1045,-17866618227.653,46203102.2779541,371420251086.969,-0.00954754272163103,-0.0380942235525212,0.115239312382249,-0.0481035112527277,0.000124395754250717,"Biomass variability","9yr","trailing","base1841_2010"
1972,-4301286369.43811,-11215432361.9539,26522610761.9508,-16243521751.4346,-902934059.852448,371420251086.969,-0.011580645796373,-0.0301960712404123,0.0714086285934378,-0.0437335382330329,-0.00243103077231247,"Biomass variability","9yr","trailing","base1841_2010"
1973,-7407354749.01135,-12380787061.8102,54884454821.804,-19847962344.2369,-1043033986.26526,371420251086.969,-0.0199433249192352,-0.0333336349474149,0.147769150069722,-0.0534380187567894,-0.00280823133152486,"Biomass variability","9yr","trailing","base1841_2010"
1974,-5981873262.15308,6373492395.74229,180800276209.955,-17639622806.8996,-773193220.22934,371420251086.969,-0.01610540417397,0.0171597869989321,0.486780878750794,-0.047492356044876,-0.00208172068692155,"Biomass variability","9yr","trailing","base1841_2010"
1975,-4758235851.02417,19406982975.0286,251929214140.393,-14170509250.6144,188112906.059509,371420251086.969,-0.0128109219599607,0.052250740012785,0.67828615538091,-0.0381522257042909,0.000506469169381564,"Biomass variability","9yr","trailing","base1841_2010"
1976,1217202610.27344,48855972227.0668,341224668516.621,-4202344994.39017,6677867654.93024,371420251086.969,0.00327715736207508,0.131538256420022,0.918702379630673,-0.0113142592039392,0.0179792772079264,"Biomass variability","9yr","trailing","base1841_2010"
1977,4711938427.57477,65233406175.9153,380397923895.881,-2471290068.88684,14722560342.3309,371420251086.969,0.0126862722584059,0.175632335568694,1.02417119901954,-0.00665362230964671,0.0396385504001061,"Biomass variability","9yr","trailing","base1841_2010"
1978,14992774110.2299,91458494598.117,389303762064.603,-2150343652.77551,40524240120.5784,371420251086.969,0.0403660653029909,0.246239924534168,1.04814899275227,-0.00578951644796558,0.109106167480054,"Biomass variability","9yr","trailing","base1841_2010"
1979,36561052473.4928,135929113757.42,398615698578.546,255765208.961182,91359789643.9639,371420251086.969,0.0984358078658773,0.365971196669058,1.07322015267608,0.000688614065099249,0.245974174473787,"Biomass variability","9yr","trailing","base1841_2010"
1980,9259477150.40161,73929915300.8994,325654110270.33,-14034044068.4161,42336061126.8301,371420251086.969,0.0249299200119098,0.199046538481793,0.876780706806632,-0.0377848112141037,0.113984256385947,"Biomass variability","9yr","trailing","base1841_2010"
1981,4087235009.7373,37950990831.7304,256633115361.119,-15378145588.6408,40802200754.5474,371420251086.969,0.0110043407643388,0.102178033428888,0.690950788520756,-0.0414036271410521,0.109854539797275,"Biomass variability","9yr","trailing","base1841_2010"
1982,687827472.122131,8552880625.37107,222134376758.629,-19027195454.5372,23050218520.4382,371420251086.969,0.00185188467809493,0.0230275021363022,0.598067488535018,-0.0512282122443612,0.0620596708256518,"Biomass variability","9yr","trailing","base1841_2010"
1983,-1442022357.33374,-15023854027.5303,185619537483.923,-25965079367.8556,9166125379.1228,371420251086.969,-0.00388245485568876,-0.0404497438778921,0.499756103606907,-0.0699075489068467,0.0246785826898182,"Biomass variability","9yr","trailing","base1841_2010"
1984,-18088018668.4763,-42533918981.6992,144793398151.668,-55277411206.6179,-1474269613.16467,371420251086.969,-0.0486996027156337,-0.114516962543703,0.389837112348955,-0.148827133267094,-0.00396927633549919,"Biomass variability","9yr","trailing","base1841_2010"
1985,-21155782803.6749,-45381781577.3801,112798472678.496,-59124760262.1687,-2652118289.65503,371420251086.969,-0.0569591527165309,-0.12218445667561,0.303694998720154,-0.159185612763814,-0.00714047842543197,"Biomass variability","9yr","trailing","base1841_2010"
1986,-15491715698.4302,-26250105916.9808,91630795145.4463,-45672654682.8027,-309095532.715729,371420251086.969,-0.0417093996708401,-0.0706749452679526,0.246703821014839,-0.122967594117824,-0.000832198922409734,"Biomass variability","9yr","trailing","base1841_2010"
1987,-18209140282.5049,-21929158837.4125,76805891672.9516,-41411041620.0098,-4536856684.75244,371420251086.969,-0.0490257066738161,-0.0590413656046926,0.206789725245669,-0.111493763462868,-0.0122148877759768,"Biomass variability","9yr","trailing","base1841_2010"
1988,-29661926514.3628,-38208088388.3837,60677561161.4666,-69711272512.7881,-8532444977.09454,371420251086.969,-0.0798608218791424,-0.102870234664284,0.163366324221397,-0.187688399619505,-0.022972481850745,"Biomass variability","9yr","trailing","base1841_2010"
1989,-7014690725.92456,-1684876537.33748,45016971948.2281,-16477286217.7683,-1570514386.47757,371420251086.969,-0.0188861288672223,-0.00453630767952649,0.121202254902594,-0.0443629182026215,-0.00422840268370243,"Biomass variability","9yr","trailing","base1841_2010"
1990,6439003495.06763,18091480312.3808,54766612828.9883,-1000628802.54956,21353691989.6485,371420251086.969,0.0173361669866512,0.0487089227349228,0.147451876058757,-0.00269406097169231,0.0574919970765096,"Biomass variability","9yr","trailing","base1841_2010"
1991,-1620274392.58557,708864828.016726,37406255932.1051,-7542098705.64374,3305652413.2583,371420251086.969,-0.00436237493201785,0.00190852498199066,0.100711406614569,-0.0203061052367813,0.00890003278923063,"Biomass variability","9yr","trailing","base1841_2010"
1992,-2442799445.02283,-5603934512.82044,46880620596.1094,-8911557034.95306,3719239050.67133,371420251086.969,-0.00657691506554617,-0.0150878539778604,0.126219882892525,-0.0239931910251883,0.0100135602186119,"Biomass variability","9yr","trailing","base1841_2010"
1993,15451256562.0416,26860840956.0354,65553455768.4528,1336563444.11053,36439196879.4232,371420251086.969,0.0416004687865651,0.0723192687459194,0.17649402685128,0.00359852065200821,0.098107727763317,"Biomass variability","9yr","trailing","base1841_2010"
1994,11456348006.6022,21121604146.4404,72233657184.5777,-209741058.553101,36398228364.9467,371420251086.969,0.0308447048136846,0.0568671311933788,0.194479587403176,-0.000564700115137204,0.097997425445776,"Biomass variability","9yr","trailing","base1841_2010"
1995,11076698292.4644,15846008649.1532,86585806585.4157,-2348996426.98657,37454707015.197,371420251086.969,0.0298225480706778,0.0426632866753481,0.233120855236139,-0.00632436282112293,0.100841854760436,"Biomass variability","9yr","trailing","base1841_2010"
1996,5775583701.69409,-4149867895.73089,111782718263.416,-5231646981.32269,25433883633.1016,371420251086.969,0.0155499967618667,-0.0111729715425753,0.300960214033244,-0.0140855189398321,0.0684773745068255,"Biomass variability","9yr","trailing","base1841_2010"
1997,2745920261.09619,-17279958282.1856,125744305024.669,-6979922846.16077,13750862853.6853,371420251086.969,0.00739302785203606,-0.0465240067864243,0.338549943511899,-0.0187925209401853,0.0370223831722775,"Biomass variability","9yr","trailing","base1841_2010"
1998,-357595411.561279,-26561041632.6684,127444796722.952,-11645350898.4302,4021556664.61279,371420251086.969,-0.000962778444402988,-0.0715120986401172,0.34312829295113,-0.0313535701522731,0.0108275104893813,"Biomass variability","9yr","trailing","base1841_2010"
1999,5317680600.59265,-9055117833.4272,116300463091.995,-510962646.162048,18472408816.6732,371420251086.969,0.014317153103608,-0.024379709525604,0.313123645659167,-0.00137569947967755,0.0497345224516254,"Biomass variability","9yr","trailing","base1841_2010"
2000,-4363607279.1438,-28670302072.477,110140219486.878,-15691203177.0953,38508989.7479553,371420251086.969,-0.011748436619634,-0.0771910039599962,0.29653800288097,-0.0422464933755623,0.000103680371857102,"Biomass variability","9yr","trailing","base1841_2010"
2001,-21561859684.447,-51730933143.3647,119846575175.497,-47029334842.1106,-10184115286.2133,371420251086.969,-0.0580524611174156,-0.139278709203316,0.322671084370774,-0.126620276370172,-0.0274193861438875,"Biomass variability","9yr","trailing","base1841_2010"
2002,-21241704785.3162,-40195254020.3759,58700837201.1449,-48013324206.8738,-11354891700.0963,371420251086.969,-0.0571904863107272,-0.108220415830164,0.158044255878229,-0.129269537851966,-0.0305715471002616,"Biomass variability","9yr","trailing","base1841_2010"
2003,-14286887224.6138,-22318097362.17,28349322035.8491,-29681334234.1111,-6182328919.02704,371420251086.969,-0.0384655580378369,-0.0600885312442055,0.076326807579512,-0.0799130746028201,-0.0166451045707237,"Biomass variability","9yr","trailing","base1841_2010"
2004,-9654788209.33179,-16495749868.467,26006199293.4305,-23687540824.6895,-3310722109.63617,371420251086.969,-0.0259942428585325,-0.0444126291449963,0.0700182588787844,-0.0637755770057431,-0.00891368227754753,"Biomass variability","9yr","trailing","base1841_2010"
2005,-7100667278.14282,-18377319473.5496,46999735237.4716,-20936854195.0172,-1545882972.47009,371420251086.969,-0.0191176093854941,-0.0494785069466944,0.126540583341716,-0.0563697163354585,-0.00416208585273968,"Biomass variability","9yr","trailing","base1841_2010"
2006,-4470830752.33447,-15865355800.8696,49515560586.7873,-16499525700.0327,-509275278.236816,371420251086.969,-0.0120371216681118,-0.0427153763275948,0.13331411101543,-0.0444227950730917,-0.00137115646426497,"Biomass variability","9yr","trailing","base1841_2010"
2007,-3297907179.67773,-14686912709.4997,52021603217.7554,-13772552490.0281,423190736.639648,371420251086.969,-0.00887917977015615,-0.0395425738540593,0.140061300011276,-0.0370807796551815,0.00113938519884463,"Biomass variability","9yr","trailing","base1841_2010"
2008,-3141373807.43628,-15180538239.1639,51347644569.4344,-14568271024.3663,-118541480.21051,371420251086.969,-0.00845773432720209,-0.0408715954359993,0.138246755310634,-0.0392231467770858,-0.000319157288445086,"Biomass variability","9yr","trailing","base1841_2010"
2009,-1373102749.8728,-11714803018.6345,44765646203.1375,-11197757605.6571,1605376349.68811,371420251086.969,-0.0036968979097246,-0.0315405608185091,0.120525593507974,-0.0301484842920832,0.00432226391800109,"Biomass variability","9yr","trailing","base1841_2010"
2010,-1218155313.91821,-9332582769.15479,36627290423.7872,-10186756016.745,1454305127.06512,371420251086.969,-0.00327972239088541,-0.0251267472407409,0.098614144803889,-0.0274264959622779,0.00391552459191191,"Biomass variability","9yr","trailing","base1841_2010"
1900,0,8.3790416952842e-18,1.05572206319225e-16,0,0,0.00134936599730986,0,6.20961378305731e-15,7.82383775267028e-14,0,0,"Slope","9yr","trailing","base1841_2010"
1901,0,-1.36159427548368e-17,1.48364833382656e-16,0,0,0.00134936599730986,0,-1.00906223974681e-14,1.09951513287307e-13,0,0,"Slope","9yr","trailing","base1841_2010"
1902,0,6.28428127146315e-18,1.39958480774642e-16,0,0,0.00134936599730986,0,4.65721033729298e-15,1.03721659693269e-13,0,0,"Slope","9yr","trailing","base1841_2010"
1903,0,-3.35161667811368e-17,1.92854309745532e-16,0,0,0.00134936599730986,0,-2.48384551322292e-14,1.42922165024176e-13,0,0,"Slope","9yr","trailing","base1841_2010"
1904,0,-2.09476042382105e-18,1.0588495176485e-16,0,0,0.00134936599730986,0,-1.55240344576433e-15,7.84701496672845e-14,0,0,"Slope","9yr","trailing","base1841_2010"
1905,0,-1.15211823310158e-17,1.24588700780993e-16,0,0,0.00134936599730986,0,-8.5382189517038e-15,9.23312881971067e-14,0,0,"Slope","9yr","trailing","base1841_2010"
1906,0,-5.23690105955263e-18,1.04665225306219e-16,0,0,0.00134936599730986,0,-3.88100861441082e-15,7.75662240747747e-14,0,0,"Slope","9yr","trailing","base1841_2010"
1907,0,-1.46633229667474e-17,1.56693027584042e-16,0,0,0.00134936599730986,0,-1.08668241203503e-14,1.16123444563172e-13,0,0,"Slope","9yr","trailing","base1841_2010"
1908,0,3.14214063573158e-18,1.23200879030919e-16,0,0,0.00134936599730986,0,2.32860516864649e-15,9.13027890702269e-14,0,0,"Slope","9yr","trailing","base1841_2010"
1909,0,-7.33166148337368e-18,8.19899051574475e-17,0,0,0.00134936599730986,0,-5.43341206017514e-15,6.07617987417091e-14,0,0,"Slope","9yr","trailing","base1841_2010"
1910,0,1.57107031786579e-17,1.27837335802873e-16,0,0,0.00134936599730986,0,1.16430258432325e-14,9.47388151604038e-14,0,0,"Slope","9yr","trailing","base1841_2010"
1911,0,-2.09476042382105e-18,1.03654659088501e-16,0,0,0.00134936599730986,0,-1.55240344576433e-15,7.68173047899163e-14,0,0,"Slope","9yr","trailing","base1841_2010"
1912,0,1.78054636024789e-17,1.25715984206494e-16,0,0,0.00134936599730986,0,1.31954292889968e-14,9.3166705295024e-14,0,0,"Slope","9yr","trailing","base1841_2010"
1913,0,1.15211823310158e-17,1.18829038470496e-16,0,0,0.00134936599730986,0,8.5382189517038e-15,8.80628670852806e-14,0,0,"Slope","9yr","trailing","base1841_2010"
1914,0,4.1895208476421e-18,1.4169599531373e-16,0,0,0.00134936599730986,0,3.10480689152865e-15,1.05009312222347e-13,0,0,"Slope","9yr","trailing","base1841_2010"
1915,0,4.1895208476421e-18,1.12251505718591e-16,0,0,0.00134936599730986,0,3.10480689152865e-15,8.31883313662702e-14,0,0,"Slope","9yr","trailing","base1841_2010"
1916,0,5.23690105955263e-18,9.53177357601252e-17,0,0,0.00134936599730986,0,3.88100861441082e-15,7.06389044559841e-14,0,0,"Slope","9yr","trailing","base1841_2010"
1917,0,-2.40897448739421e-17,1.14905641006044e-16,0,0,0.00134936599730986,0,-1.78526396262898e-14,8.51552812469877e-14,0,0,"Slope","9yr","trailing","base1841_2010"
1918,0,2.09476042382105e-18,1.24167769351248e-16,0,0,0.00134936599730986,0,1.55240344576433e-15,9.20193406375973e-14,0,0,"Slope","9yr","trailing","base1841_2010"
1919,0,1.25685625429263e-17,1.34414784486783e-16,0,0,0.00134936599730986,0,9.31442067458596e-15,9.96132885775666e-14,0,0,"Slope","9yr","trailing","base1841_2010"
1920,0,2.09476042382105e-18,1.03654659088501e-16,0,0,0.00134936599730986,0,1.55240344576433e-15,7.68173047899163e-14,0,0,"Slope","9yr","trailing","base1841_2010"
1921,0,3.14214063573158e-18,9.29288510695973e-17,0,0,0.00134936599730986,0,2.32860516864649e-15,6.88685288163946e-14,0,0,"Slope","9yr","trailing","base1841_2010"
1922,0,-2.09476042382105e-18,1.0588495176485e-16,0,0,0.00134936599730986,0,-1.55240344576433e-15,7.84701496672845e-14,0,0,"Slope","9yr","trailing","base1841_2010"
1923,0,4.1895208476421e-18,1.01310054973014e-16,0,0,0.00134936599730986,0,3.10480689152865e-15,7.50797449876379e-14,0,0,"Slope","9yr","trailing","base1841_2010"
1924,0,-1.04738021191052e-18,9.54563966200865e-17,0,0,0.00134936599730986,0,-7.76201722882163e-16,7.07416644634526e-14,0,0,"Slope","9yr","trailing","base1841_2010"
1925,0,4.1895208476421e-18,1.10150196897689e-16,0,0,0.00134936599730986,0,3.10480689152865e-15,8.1631074976906e-14,0,0,"Slope","9yr","trailing","base1841_2010"
1926,0,-4.1895208476421e-18,1.20290228921784e-16,0,0,0.00134936599730986,0,-3.10480689152865e-15,8.91457389333942e-14,0,0,"Slope","9yr","trailing","base1841_2010"
1927,0,3.14214063573158e-18,1.15365150526607e-16,0,0,0.00134936599730986,0,2.32860516864649e-15,8.54958185967351e-14,0,0,"Slope","9yr","trailing","base1841_2010"
1928,0,1.04738021191052e-18,1.04791518233375e-16,0,0,0.00134936599730986,0,7.76201722882163e-16,7.76598183460161e-14,0,0,"Slope","9yr","trailing","base1841_2010"
1929,0,5.23690105955263e-18,1.25012623295861e-16,0,0,0.00134936599730986,0,3.88100861441082e-15,9.2645452416238e-14,0,0,"Slope","9yr","trailing","base1841_2010"
1930,0,4.1895208476421e-18,1.10150196897689e-16,0,0,0.00134936599730986,0,3.10480689152865e-15,8.1631074976906e-14,0,0,"Slope","9yr","trailing","base1841_2010"
1931,-3.36804471164909e-05,-6.77828371956823e-05,0.000101135947337314,-7.46180883188785e-05,-1.24173147464379e-05,0.00134936599730986,-0.0249602014454471,-0.0502331000861265,0.0749507157724011,-0.0552986279983632,-0.00920233262968939,"Slope","9yr","trailing","base1841_2010"
1932,-0.000182552907071587,-0.000375357746903584,0.00056146902057667,-0.000410261821614577,-7.03569098491341e-05,0.00134936599730986,-0.135287911089749,-0.278173414516082,0.416098391167431,-0.304040432642061,-0.0521407164471313,"Slope","9yr","trailing","base1841_2010"
1933,-0.000238969181318271,-0.000562057844195044,0.000863386189540347,-0.000645332461731152,-9.1841478249588e-05,0.00134936599730986,-0.177097378913273,-0.416534761744092,0.639845817414711,-0.478248646414469,-0.0680626890203888,"Slope","9yr","trailing","base1841_2010"
1934,-0.000591799572887908,-0.00108648928103055,0.00144525152905542,-0.00115685869440646,-0.000342052405998217,0.00134936599730986,-0.438576023160312,-0.805185015182395,1.07105969168981,-0.857334997852923,-0.253491200074807,"Slope","9yr","trailing","base1841_2010"
1935,-0.00101352314879233,-0.00152719074189188,0.00181183189066076,-0.00161291418753795,-0.000550761395884281,0.00134936599730986,-0.751110633299578,-1.13178392292123,1.34272828444831,-1.19531260662674,-0.408163090653162,"Slope","9yr","trailing","base1841_2010"
1936,-0.00123429919889173,-0.00180891916275569,0.00214400747086227,-0.00196756450344227,-0.000682389315843412,0.00134936599730986,-0.914725286803185,-1.34056969448022,1.58889987974843,-1.45813997637769,-0.505711065199393,"Slope","9yr","trailing","base1841_2010"
1937,-0.00138745242552585,-0.00204432042290347,0.00243492623288124,-0.00222145419406627,-0.00081313089352858,0.00134936599730986,-1.02822542460082,-1.51502292704803,1.80449651001699,-1.64629477732137,-0.602602181431622,"Slope","9yr","trailing","base1841_2010"
1938,-0.00159938011323657,-0.00224914190494274,0.00272441361972515,-0.00246009387236229,-0.000826865095993556,0.00134936599730986,-1.18528265602153,-1.66681382918103,2.0190323642041,-1.82314796524205,-0.612780444773337,"Slope","9yr","trailing","base1841_2010"
1939,-0.00168729804138545,-0.00229957948206701,0.00292554191939528,-0.00251222259672701,-0.000860471292338627,0.00134936599730986,-1.25043764608661,-1.70419255165131,2.16808629032281,-1.86177997795665,-0.637685619805218,"Slope","9yr","trailing","base1841_2010"
1940,-0.00207076638696313,-0.00290411718113667,0.00310675475813206,-0.00345949604243057,-0.00125692836075814,0.00134936599730986,-1.53462173427482,-2.15220865719635,2.30238109180591,-2.56379369965415,-0.93149550475111,"Slope","9yr","trailing","base1841_2010"
1941,-0.00254092513021931,-0.00341222715345197,0.00341906882440574,-0.00439669533216319,-0.00164117210805842,0.00134936599730986,-1.88305110347005,-2.52876325641427,2.5338335419909,-3.258341577399,-1.21625423445552,"Slope","9yr","trailing","base1841_2010"
1942,-0.00232001589290232,-0.00313966346438245,0.00333240568493415,-0.00405656568997648,-0.00139906523727285,0.00134936599730986,-1.71933774641392,-2.32676936475484,2.46960846173516,-3.00627531601046,-1.03683154908458,"Slope","9yr","trailing","base1841_2010"
1943,-0.00219821732468217,-0.00300667265392046,0.00338724079137619,-0.00388782800905968,-0.00137350035429157,0.00134936599730986,-1.62907419415089,-2.2282113673493,2.51024614384021,-2.88122571400982,-1.01788570115878,"Slope","9yr","trailing","base1841_2010"
1944,-0.00220561020659005,-0.00294699792161628,0.00344358531016615,-0.00386806233587117,-0.0013602349219447,0.00134936599730986,-1.63455297598073,-2.183987092821,2.55200243449989,-2.86657759539121,-1.00805483809175,"Slope","9yr","trailing","base1841_2010"
1945,-0.00217372854057152,-0.00292174432120565,0.00351842886964652,-0.00378273320146089,-0.00135188452447976,0.00134936599730986,-1.6109258310237,-2.16527193291556,2.60746815664613,-2.80334113131816,-1.00186645222639,"Slope","9yr","trailing","base1841_2010"
1946,-0.00216980262449984,-0.00280292341224349,0.00350745972534327,-0.00375079686842195,-0.00132838280848063,0.00134936599730986,-1.60801637867385,-2.07721509051768,2.59933904688265,-2.77967347324569,-0.984449594201229,"Slope","9yr","trailing","base1841_2010"
1947,-0.00217666216553392,-0.00290412589776314,0.00361823135269082,-0.0038193033804087,-0.00133029115373529,0.00134936599730986,-1.6130999075665,-2.15221511699042,2.68143065699316,-2.83044288059947,-0.985863847456801,"Slope","9yr","trailing","base1841_2010"
1948,-0.0027374105259248,-0.0035888396929144,0.00375506159937085,-0.00494173004394971,-0.00165876354559535,0.00134936599730986,-2.02866422555643,-2.65964882772296,2.78283401749937,-3.66226068672376,-1.22929105142883,"Slope","9yr","trailing","base1841_2010"
1949,-0.00383935338269725,-0.00498890187306774,0.00424831390393762,-0.00657250366537743,-0.00259056869604674,0.00134936599730986,-2.84530171232379,-3.69721919999004,3.14837776585981,-4.87080871941383,-1.91984139307747,"Slope","9yr","trailing","base1841_2010"
1950,-0.00410884131014255,-0.00524359362046887,0.00432393172043308,-0.00700011583595372,-0.00263158446806067,0.00134936599730986,-3.04501619155519,-3.88596839621174,3.20441728119235,-5.18770730099125,-1.95023772149815,"Slope","9yr","trailing","base1841_2010"
1951,-0.00451298595705751,-0.00562163092065613,0.00447503860124138,-0.00757681772267194,-0.00274963847940474,0.00134936599730986,-3.34452325466533,-4.16612759760034,3.31640089505957,-5.6150945983353,-2.03772622467625,"Slope","9yr","trailing","base1841_2010"
1952,-0.00556649095530071,-0.00653706776455572,0.00480588251702769,-0.00886586839033759,-0.00300366986239736,0.00134936599730986,-4.12526398797526,-4.84454757092458,3.56158560880357,-6.57039558430615,-2.22598603224445,"Slope","9yr","trailing","base1841_2010"
1953,-0.00594521723144736,-0.00694038351394759,0.00504272561859947,-0.00930860742931622,-0.0032477747419688,0.00134936599730986,-4.40593378171669,-5.14344034738103,3.73710737387247,-6.898504518325,-2.40688941950787,"Slope","9yr","trailing","base1841_2010"
1954,-0.0062276258421714,-0.00728630155654829,0.00524738424803967,-0.00969584498175813,-0.0033863560234893,0.00134936599730986,-4.61522363434901,-5.39979632736743,3.8887775877716,-7.18548192342778,-2.50959045228681,"Slope","9yr","trailing","base1841_2010"
1955,-0.0067144907247364,-0.00782959794101398,0.00548221434033373,-0.0105715757546142,-0.00377717983571468,0.00134936599730986,-4.97603373593422,-5.80242718181968,4.06280753425182,-7.83447617302497,-2.79922559427537,"Slope","9yr","trailing","base1841_2010"
1956,-0.00720866766896222,-0.00823772467035951,0.00567800275009468,-0.0109145642317294,-0.00401752292830304,0.00134936599730986,-5.34226272437103,-6.10488532153803,4.20790412787525,-8.08866108490137,-2.97734116341489,"Slope","9yr","trailing","base1841_2010"
1957,-0.00787806219687648,-0.0088034237981981,0.00595203951071607,-0.012106251158909,-0.00427587732852519,0.00134936599730986,-5.83834349804458,-6.52411859773321,4.41098969633312,-8.97180689527107,-3.16880471054533,"Slope","9yr","trailing","base1841_2010"
1958,-0.00804276719090258,-0.00906510396441845,0.00607123169405858,-0.0126373099557524,-0.0044208985077322,0.00134936599730986,-5.96040452103942,-6.71804683272804,4.49932168600837,-9.36536861084874,-3.27627827924064,"Slope","9yr","trailing","base1841_2010"
1959,-0.00871266327135989,-0.00964057627264315,0.00635713755671241,-0.0138508562794176,-0.00469487587961415,0.00134936599730986,-6.45685698967494,-7.14452290324707,4.71120331280482,-10.2647141746799,-3.47931983537009,"Slope","9yr","trailing","base1841_2010"
1960,-0.00903981666164788,-0.00993184582160008,0.0064831864030753,-0.0144832298603574,-0.00488056215962296,0.00134936599730986,-6.6993066963818,-7.36037949777933,4.80461669850906,-10.7333591399454,-3.6169298539855,"Slope","9yr","trailing","base1841_2010"
1961,-0.00927503699688326,-0.010209513341035,0.00665903241389182,-0.0147569686515526,-0.00494810071696916,0.00134936599730986,-6.8736258475271,-7.56615578085486,4.93493420403913,-10.9362238866049,-3.66698192101612,"Slope","9yr","trailing","base1841_2010"
1962,-0.00925428059781241,-0.010097204362671,0.00656643293502672,-0.0148031291727014,-0.00496089940717692,0.00134936599730986,-6.85824351307356,-7.48292485715597,4.86630976926776,-10.9704329308826,-3.67646688672096,"Slope","9yr","trailing","base1841_2010"
1963,-0.00934314509763678,-0.0102024568028272,0.00661357912496668,-0.0149965722749884,-0.00501222883920316,0.00134936599730986,-6.92409999678631,-7.56092625956717,4.90124928162686,-11.1137914434527,-3.714506552852,"Slope","9yr","trailing","base1841_2010"
1964,-0.00954963876727122,-0.0103822535570845,0.00669092560086327,-0.0152700763293479,-0.00508913186905879,0.00134936599730986,-7.07713013838326,-7.69417161673177,4.9585698870451,-11.3164822292771,-3.77149852538499,"Slope","9yr","trailing","base1841_2010"
1965,-0.00983893203017949,-0.0106438005163249,0.00679271436068638,-0.0155696283369007,-0.00523999642975082,0.00134936599730986,-7.29152212949984,-7.88800113352841,5.03400439482582,-11.5384768609412,-3.88330255853299,"Slope","9yr","trailing","base1841_2010"
1966,-0.00978986954018168,-0.0105881897314754,0.00674077247094378,-0.0155805584159887,-0.00527455832367257,0.00134936599730986,-7.25516246866977,-7.84678860485908,4.99551084315329,-11.546577019912,-3.90891599031552,"Slope","9yr","trailing","base1841_2010"
1967,-0.0098911724764722,-0.0107412701680077,0.00682383985372414,-0.0156354391005468,-0.0052998731977284,0.00134936599730986,-7.33023693808169,-7.96023479872903,5.05707114847147,-11.5872484794474,-3.9276765594319,"Slope","9yr","trailing","base1841_2010"
1968,-0.0100836632538093,-0.0108147021913962,0.00682383701376299,-0.0158638270556279,-0.00541601497020727,0.00134936599730986,-7.47288969331698,-8.01465444731577,5.05706904380812,-11.7565042303234,-4.01374792384335,"Slope","9yr","trailing","base1841_2010"
1969,-0.0102392708985913,-0.0109663062341597,0.00688345371016982,-0.0160223274956497,-0.00548261302617803,0.00134936599730986,-7.58820877286418,-8.12700650232956,5.10125030858409,-11.873967127964,-4.06310299585756,"Slope","9yr","trailing","base1841_2010"
1970,-0.0102850992531986,-0.0109916464890659,0.00688097574907591,-0.016119726040296,-0.00551085568551346,0.00134936599730986,-7.62217165224508,-8.14578588090941,5.09941391942144,-11.9461480965378,-4.08403331379334,"Slope","9yr","trailing","base1841_2010"
1971,-0.0103728587684563,-0.011094590077685,0.00689572001404566,-0.0163603311135204,-0.00561112337953851,0.00134936599730986,-7.68720924429393,-8.22207621935301,5.110340728752,-12.1244578165871,-4.15834057677829,"Slope","9yr","trailing","base1841_2010"
1972,-0.0103255426722584,-0.0110375849921089,0.0068577143936766,-0.0163164665792608,-0.00559619565766517,0.00134936599730986,-7.65214381631351,-8.17983039006003,5.08217518993982,-12.0919503024308,-4.14727780959496,"Slope","9yr","trailing","base1841_2010"
1973,-0.0110036596034151,-0.0117618212404253,0.00681089748659618,-0.0170499347762727,-0.00662863460134422,0.00134936599730986,-8.15468866516002,-8.71655374737022,5.0474797054132,-12.6355153533318,-4.91240672623978,"Slope","9yr","trailing","base1841_2010"
1974,-0.0120411373173851,-0.0129128021444755,0.00679342875147678,-0.0182315187298736,-0.00761527058356998,0.00134936599730986,-8.92355175792977,-9.56953278074212,5.03453382182474,-13.5111739633431,-5.64359158208522,"Slope","9yr","trailing","base1841_2010"
1975,-0.0125144016887884,-0.013366607317926,0.00676663050740272,-0.018521234278168,-0.00806444953106039,0.00134936599730986,-9.27428267329802,-9.90584270285015,5.01467394383205,-13.7258789054211,-5.97647306004295,"Slope","9yr","trailing","base1841_2010"
1976,-0.0128430308853423,-0.013677763050608,0.0067825751407735,-0.0187571850052164,-0.00841592925660883,0.00134936599730986,-9.51782608346926,-10.1364367250074,5.02649033271584,-13.9007393417437,-6.23695074085688,"Slope","9yr","trailing","base1841_2010"
1977,-0.013103404909004,-0.0139340003977426,0.00679774247239528,-0.0190036546546217,-0.00858343148065144,0.00134936599730986,-9.71078635086945,-10.3263313478491,5.03773067199519,-14.083395233397,-6.36108475963054,"Slope","9yr","trailing","base1841_2010"
1978,-0.0136214909130998,-0.0144406900735296,0.00684821792417389,-0.0194820714807502,-0.00902481122542975,0.00134936599730986,-10.0947340753035,-10.7018333812464,5.07513746294683,-14.4379445751488,-6.68818633596955,"Slope","9yr","trailing","base1841_2010"
1979,-0.0144734416573441,-0.0152520491536448,0.00698816631312714,-0.0204480708567216,-0.00954546035814718,0.00134936599730986,-10.7261052125211,-11.3031224916381,5.17885164370449,-15.1538358736529,-7.07403356626542,"Slope","9yr","trailing","base1841_2010"
1980,-0.0147072809041437,-0.0154908756680334,0.00697965377771334,-0.020606167049939,-0.00990094289463805,0.00134936599730986,-10.8994008545233,-11.4801141416906,5.17254309922452,-15.2709991885226,-7.3374776853551,"Slope","9yr","trailing","base1841_2010"
1981,-0.0157443106159949,-0.0167866080927498,0.00707693474118143,-0.0220649049431694,-0.0114115973331211,0.00134936599730986,-11.6679319379496,-12.4403669028389,5.24463692970641,-16.3520534733784,-8.45700673936622,"Slope","9yr","trailing","base1841_2010"
1982,-0.0158625327076387,-0.0168360218173622,0.00708632491465055,-0.0218851808664219,-0.0114685448843627,0.00134936599730986,-11.7555450035518,-12.4769868597007,5.25159588190162,-16.2188619767008,-8.49920993060945,"Slope","9yr","trailing","base1841_2010"
1983,-0.0156571944720889,-0.0166231795286911,0.00705504703392743,-0.0218745324421623,-0.0114167097325986,0.00134936599730986,-11.6033711411904,-12.3192518277707,5.22841619545222,-16.210970548963,-8.46079548125513,"Slope","9yr","trailing","base1841_2010"
1984,-0.0155217851997591,-0.016493601205491,0.00705326890682351,-0.0218444653559486,-0.011122983850052,0.00134936599730986,-11.5030208488311,-12.2232227863849,5.22709844540704,-16.1886881687388,-8.24311852546093,"Slope","9yr","trailing","base1841_2010"
1985,-0.0154930404268535,-0.0165197566062024,0.00710447200673553,-0.0217310721403455,-0.0111685464923529,0.00134936599730986,-11.4817184201624,-12.2426062603746,5.26504448822574,-16.1046537289877,-8.27688448843296,"Slope","9yr","trailing","base1841_2010"
1986,-0.0153066503732734,-0.0163125507694391,0.00705912825510766,-0.0215899352075254,-0.0105816402900098,0.00134936599730986,-11.34358684285,-12.0890483397094,5.23144074267541,-16.0000587317064,-7.84193488727719,"Slope","9yr","trailing","base1841_2010"
1987,-0.0151045725951028,-0.0162809570751806,0.00711079820786431,-0.0214957799537975,-0.0106122995453925,0.00134936599730986,-11.1938292688683,-12.0656346073925,5.26973276489893,-15.9302813296409,-7.86465611742811,"Slope","9yr","trailing","base1841_2010"
1988,-0.0149915083586489,-0.0161380876308908,0.0070796251936376,-0.021338242676062,-0.0103709926765134,0.00134936599730986,-11.1100386318734,-11.9597556653007,5.24663079383336,-15.8135322207633,-7.68582630449358,"Slope","9yr","trailing","base1841_2010"
1989,-0.0147433423190713,-0.0159082774565084,0.00704959417022228,-0.0211544948563004,-0.010276450729932,0.00134936599730986,-10.9261255644977,-11.7894459236586,5.22437513934437,-15.6773587732866,-7.6157623286932,"Slope","9yr","trailing","base1841_2010"
1990,-0.0145810592559664,-0.0157038041630081,0.00701763087229624,-0.0210012920163029,-0.0101558393146883,0.00134936599730986,-10.8058594073333,-11.637913060145,5.20068749789664,-15.563821867582,-7.52637856218051,"Slope","9yr","trailing","base1841_2010"
1991,-0.0144599783941558,-0.0156907129716224,0.0070568493086035,-0.0210242058886646,-0.0101614043867469,0.00134936599730986,-10.7161277392373,-11.6282113250992,5.22975184099217,-15.5808030812834,-7.53050277464007,"Slope","9yr","trailing","base1841_2010"
1992,-0.014423997565679,-0.015496686680115,0.00700668497625901,-0.0209623592330101,-0.00991288612227909,0.00134936599730986,-10.6894627509772,-11.4844206175416,5.19257561716224,-15.5349692187303,-7.34632867735048,"Slope","9yr","trailing","base1841_2010"
1993,-0.0144616975846577,-0.0154432042852708,0.00699127375304508,-0.0203707471992328,-0.00993058139755892,0.00134936599730986,-10.717401812028,-11.4447854148236,5.18115453256055,-15.0965321787006,-7.35944244730994,"Slope","9yr","trailing","base1841_2010"
1994,-0.0142865838345637,-0.015288703666371,0.0069803099510154,-0.0201902935848425,-0.00980618672693118,0.00134936599730986,-10.587626976703,-11.3302867397363,5.17302938189606,-14.9628000298618,-7.26725495268228,"Slope","9yr","trailing","base1841_2010"
1995,-0.0143024068235602,-0.0153490261356951,0.00699423889355328,-0.0206602042899515,-0.00987729886828126,0.00134936599730986,-10.599353216306,-11.3749910449021,5.18335196492071,-15.3110455807693,-7.31995536272067,"Slope","9yr","trailing","base1841_2010"
1996,-0.0142729788473572,-0.0152842883164054,0.00698138542180569,-0.0201677379368526,-0.00984780953476466,0.00134936599730986,-10.5775444733395,-11.3270145734194,5.17382640123139,-14.9460842922229,-7.29810114853757,"Slope","9yr","trailing","base1841_2010"
1997,-0.0144212722573897,-0.0153286084266204,0.00698274962117899,-0.0200997680133812,-0.00991115606658977,0.00134936599730986,-10.6874430555834,-11.3598597098045,5.17483739407989,-14.895712544597,-7.34504655249127,"Slope","9yr","trailing","base1841_2010"
1998,-0.0142921702462773,-0.0152382816677071,0.0069839748879421,-0.0201773605550142,-0.00983918110644999,0.00134936599730986,-10.5917670037414,-11.2929195622882,5.17574542552989,-14.9532155065715,-7.29170671712914,"Slope","9yr","trailing","base1841_2010"
1999,-0.0143585473508605,-0.0152338730538863,0.00698056162466508,-0.0199358876095277,-0.00987907568242719,0.00134936599730986,-10.6409583311615,-11.2896523880526,5.17321589441392,-14.7742626161267,-7.32127213974741,"Slope","9yr","trailing","base1841_2010"
2000,-0.014213382566808,-0.0151648392403886,0.00698913144254699,-0.0200225807917749,-0.00982287079954225,0.00134936599730986,-10.5333783385266,-11.2384922034657,5.17956689028828,-14.8385099607464,-7.27961933169015,"Slope","9yr","trailing","base1841_2010"
2001,-0.0141724127062963,-0.0151634344196526,0.00701163528401089,-0.0208427804987568,-0.00982327477533035,0.00134936599730986,-10.503016034605,-11.2374511065811,5.19624423469206,-15.4463507605124,-7.27991871361389,"Slope","9yr","trailing","base1841_2010"
2002,-0.0141071499994626,-0.0150050829492346,0.00697749026703231,-0.0197904229082462,-0.00978907598310635,0.00134936599730986,-10.454650574853,-11.1200986086423,5.17093974573455,-14.6664603581986,-7.25457437242538,"Slope","9yr","trailing","base1841_2010"
2003,-0.0141097775482345,-0.0151783942700286,0.00705712199817337,-0.0208604120878667,-0.00979067522808758,0.00134936599730986,-10.4565978217653,-11.2485376838372,5.22995392817268,-15.4594173333659,-7.25575955493658,"Slope","9yr","trailing","base1841_2010"
2004,-0.0140618327708215,-0.0149376326647878,0.00698110083480662,-0.0197884793974181,-0.00967273346542546,0.00134936599730986,-10.4210664851905,-11.070111959667,5.17361549699959,-14.6650200441311,-7.16835423799719,"Slope","9yr","trailing","base1841_2010"
2005,-0.0140370831480008,-0.0148761235319352,0.00696767491161828,-0.0196742444858271,-0.0096076902307794,0.00134936599730986,-10.4027248174221,-11.0245282314752,5.16366569597073,-14.5803618329277,-7.12015142662078,"Slope","9yr","trailing","base1841_2010"
2006,-0.0139938508014238,-0.0149009562990572,0.00701564453060265,-0.02064677193952,-0.00953594397887408,0.00134936599730986,-10.3706858104638,-11.0429315165523,5.19921544235534,-15.3010910165826,-7.06698108436497,"Slope","9yr","trailing","base1841_2010"
2007,-0.014391353376987,-0.0153301685299585,0.00701931738454923,-0.0205623583018238,-0.00983839299844419,0.00134936599730986,-10.6652705090228,-11.3610158848831,5.20193735320376,-15.238533016852,-7.29112265912903,"Slope","9yr","trailing","base1841_2010"
2008,-0.0142819866845398,-0.0152935084155565,0.00706179200086023,-0.0208514160344612,-0.00978456182808352,0.00134936599730986,-10.5842200804028,-11.3338474854459,5.23341481476399,-15.4527504591276,-7.25122898278918,"Slope","9yr","trailing","base1841_2010"
2009,-0.0142059725436653,-0.0152344081355031,0.00703606082283282,-0.0205823044497173,-0.00977304928073536,0.00134936599730986,-10.5278868535199,-11.2900489310349,5.21434572744542,-15.2533148832495,-7.24269716312639,"Slope","9yr","trailing","base1841_2010"
2010,-0.0140391882798965,-0.0150551273156711,0.00701371052812053,-0.0201545655431658,-0.0096676644119465,0.00134936599730986,-10.4042849070493,-11.1571859270839,5.19778217481638,-14.9363223790629,-7.16459761934141,"Slope","9yr","trailing","base1841_2010"
1900,0,-4.67690040914148e-18,5.09897080688494e-17,-2.15214131238373e-17,1.30646361784503e-17,0.000311716727181265,0,-1.50036876475411e-14,1.63577067326254e-13,-6.90415728358474e-14,4.19118867844817e-14,"Slope variability","9yr","trailing","base1841_2010"
1901,0,-5.97845443224318e-18,4.24623584488636e-17,-1.46638343828664e-17,0,0.000311716727181265,0,-1.91791261454079e-14,1.3622098125062e-13,-4.70421799800925e-14,0,"Slope variability","9yr","trailing","base1841_2010"
1902,0,-6.26331321058018e-18,4.32289893987367e-17,-1.99493199737333e-17,0,0.000311716727181265,0,-2.0092964747888e-14,1.38680364668396e-13,-6.39982337621961e-14,0,"Slope variability","9yr","trailing","base1841_2010"
1903,0,-3.57070734353481e-18,4.30295951507517e-17,-1.57751416096641e-17,9.37834879199961e-18,0.000311716727181265,0,-1.14549750853069e-14,1.3804069977204e-13,-5.06072989804322e-14,3.00861261979889e-14,"Slope variability","9yr","trailing","base1841_2010"
1904,0,-3.67657048018787e-18,4.24784638357734e-17,-1.66425033476525e-17,9.64939933512099e-18,0.000311716727181265,0,-1.17945883540922e-14,1.3627264799002e-13,-5.33898308831364e-14,3.0955667417584e-14,"Slope variability","9yr","trailing","base1841_2010"
1905,0,-4.83237090934695e-18,4.36216730866878e-17,-2.0491421059976e-17,1.0842021724855e-17,0.000311716727181265,0,-1.55024433659503e-14,1.39940109987494e-13,-6.57373162013862e-14,3.47816487838022e-14,"Slope variability","9yr","trailing","base1841_2010"
1906,0,-5.11518402320755e-18,4.33223832139604e-17,-1.76182853028894e-17,6.45100292628875e-18,0.000311716727181265,0,-1.64097193931882e-14,1.38979975844441e-13,-5.65201792736786e-14,2.06950810263623e-14,"Slope variability","9yr","trailing","base1841_2010"
1907,0,-5.7759336490808e-18,4.96803025278349e-17,-1.84856470408779e-17,1.00288700954909e-17,0.000311716727181265,0,-1.85294311964275e-14,1.59376440838048e-13,-5.93027111763828e-14,3.2173025125017e-14,"Slope variability","9yr","trailing","base1841_2010"
1908,0,-5.63222571961456e-18,5.06752962620594e-17,-2.9734244580415e-17,1.51788304147971e-17,0.000311716727181265,0,-1.8068410285661e-14,1.62568421400727e-13,-9.53886717895776e-14,4.86943082973231e-14,"Slope variability","9yr","trailing","base1841_2010"
1909,0,-3.66173941273406e-18,4.84305215529319e-17,-2.14400979609009e-17,1.35525271560688e-17,0.000311716727181265,0,-1.1747009683586e-14,1.55367092394658e-13,-6.87807104699689e-14,4.34770609797528e-14,"Slope variability","9yr","trailing","base1841_2010"
1910,0,-2.21545462792793e-18,4.70538178647028e-17,-1.58293517182884e-17,1.65069780760918e-17,0.000311716727181265,0,-7.10726898733166e-15,1.50950570699855e-13,-5.07812072243512e-14,5.29550602733389e-14,"Slope variability","9yr","trailing","base1841_2010"
1911,0,2.2195459568807e-19,4.92824087899108e-17,-1.54498809579184e-17,1.46909394371786e-17,0.000311716727181265,0,7.12039413781611e-16,1.58099981465714e-13,-4.95638495169182e-14,4.7129134102052e-14,"Slope variability","9yr","trailing","base1841_2010"
1912,0,-8.26397306848739e-18,4.48218021186587e-17,-2.45029690981724e-17,9.21571846612679e-19,0.000311716727181265,0,-2.65111633347858e-14,1.43790172968788e-13,-7.8606526251393e-14,2.95644014662319e-15,"Slope variability","9yr","trailing","base1841_2010"
1913,0,-8.90682313019224e-18,4.45130368090526e-17,-2.64545330086463e-17,1.16551733542192e-18,0.000311716727181265,0,-2.85734526046556e-14,1.42799641236988e-13,-8.48672230324774e-14,3.73902724425874e-15,"Slope variability","9yr","trailing","base1841_2010"
1914,0,-8.23891367865164e-18,4.61834583404965e-17,-2.13858878522766e-17,2.26327203506349e-18,0.000311716727181265,0,-2.64307717880686e-14,1.4815842177645e-13,-6.86068022260499e-14,7.26066918361871e-15,"Slope variability","9yr","trailing","base1841_2010"
1915,0,-7.88782651289159e-18,4.69304611077518e-17,-1.77809156287623e-17,4.29615110847381e-18,0.000311716727181265,0,-2.53044698121214e-14,1.50554837182226e-13,-5.70419040054356e-14,1.37822283305816e-14,"Slope variability","9yr","trailing","base1841_2010"
1916,0,-2.35481552038184e-18,3.86585154689159e-17,-1.14112278654099e-17,1.10046520507279e-17,0.000311716727181265,0,-7.55434442570836e-15,1.2401809751594e-13,-3.66076853449518e-14,3.53033735155592e-14,"Slope variability","9yr","trailing","base1841_2010"
1917,0,-3.73410479358628e-18,4.10010987494981e-17,-1.33492392487278e-17,9.35124373768748e-18,0.000311716727181265,0,-1.19791607827798e-14,1.31533200416466e-13,-4.28249050650565e-14,2.99991720760294e-14,"Slope variability","9yr","trailing","base1841_2010"
1918,0,-1.9620479409154e-18,4.04711259126326e-17,-1.09775469964157e-17,1.95698492133634e-17,0.000311716727181265,0,-6.29432997920081e-15,1.29833025896934e-13,-3.52164193935997e-14,6.2780876054763e-14,"Slope variability","9yr","trailing","base1841_2010"
1919,0,-2.93552852361641e-18,4.64012103488949e-17,-1.42572585681844e-17,1.21972744404619e-17,0.000311716727181265,0,-9.41729547259551e-15,1.48856979118456e-13,-4.57378681506999e-14,3.91293548817775e-14,"Slope variability","9yr","trailing","base1841_2010"
1920,0,-6.99617250924609e-19,4.03604606743181e-17,-1.51246203061728e-17,1.37693675905659e-17,0.000311716727181265,0,-2.24440073284158e-15,1.29478007289767e-13,-4.85204000534041e-14,4.41726939554288e-14,"Slope variability","9yr","trailing","base1841_2010"
1921,0,5.8761712084238e-19,3.66236286625802e-17,-1.14383329197221e-17,1.35796322103809e-17,0.000311716727181265,0,1.88509973832966e-15,1.17490097479701e-13,-3.66946394669113e-14,4.35640151017123e-14,"Slope variability","9yr","trailing","base1841_2010"
1922,0,1.42736238839955e-18,4.00948515039479e-17,-1.13841228110978e-17,1.73472347597681e-17,0.000311716727181265,0,4.57903687526377e-15,1.28625922216335e-13,-3.65207312229923e-14,5.56506380540835e-14,"Slope variability","9yr","trailing","base1841_2010"
1923,0,8.91909711705057e-19,3.64274580809127e-17,-1.5368565794982e-17,1.58293517182884e-17,0.000311716727181265,0,2.8612828056109e-15,1.16860774236635e-13,-4.93029871510396e-14,5.07812072243512e-14,"Slope variability","9yr","trailing","base1841_2010"
1924,0,9.46119820329332e-19,3.65095967733095e-17,-1.0842021724855e-17,1.1817803680092e-17,0.000311716727181265,0,3.03519104952991e-15,1.17124278518679e-13,-3.47816487838022e-14,3.79119971743444e-14,"Slope variability","9yr","trailing","base1841_2010"
1925,0,1.24478683388194e-18,3.75839453717951e-17,-7.42678488152571e-18,1.38777878078145e-17,0.000311716727181265,0,3.99332703489503e-15,1.20570832728973e-13,-2.38254294169045e-14,4.45205104432668e-14,"Slope variability","9yr","trailing","base1841_2010"
1926,0,2.02162791879019e-18,3.81726014700108e-17,-1.30104260698261e-18,1.49619899803e-17,0.000311716727181265,0,6.48546498313067e-15,1.22459265549177e-13,-4.17379785405627e-15,4.79986753216471e-14,"Slope variability","9yr","trailing","base1841_2010"
1927,0,1.98940870328708e-18,3.96367400540833e-17,0,7.64362531602281e-18,0.000311716727181265,0,6.38210442306559e-15,1.27156281963125e-13,0,2.45210623925806e-14,"Slope variability","9yr","trailing","base1841_2010"
1928,0,1.11539855575042e-18,3.77753346059235e-17,0,5.0415401020576e-18,0.000311716727181265,0,3.57824415082418e-15,1.21184817213729e-13,0,1.6173466684468e-14,"Slope variability","9yr","trailing","base1841_2010"
1929,0,1.64727131961123e-18,3.83844168034263e-17,0,1.08149166705429e-17,0.000311716727181265,0,5.28451371380316e-15,1.23138777795218e-13,0,3.46946946618427e-14,"Slope variability","9yr","trailing","base1841_2010"
1930,0,1.88814831170589e-18,3.81881960561884e-17,0,1.49077798716757e-17,0.000311716727181265,0,6.05725694857537e-15,1.22509293618952e-13,0,4.7824767077728e-14,"Slope variability","9yr","trailing","base1841_2010"
1931,2.05050287782626e-06,5.461261819478e-06,8.78682082827197e-06,7.75880499933549e-07,5.36578565051769e-06,0.000311716727181265,0.00657809703177682,0.0175199511070904,0.0281884803158555,0.00248905635237974,0.0172136596551569,"Slope variability","9yr","trailing","base1841_2010"
1932,3.20254188305919e-05,7.68603572438924e-05,0.000120376048499324,1.23102183631158e-05,8.57142267938037e-05,0.000311716727181265,0.102738852419585,0.246571167158437,0.386171283100006,0.0394916836014299,0.27497474251345,"Slope variability","9yr","trailing","base1841_2010"
1933,5.05126834415264e-05,0.000132770919991454,0.000223646471192932,1.74576020118563e-05,0.000139535317889808,0.000311716727181265,0.162046752826816,0.42593453739891,0.717467019544577,0.0560047007092586,0.447635002303444,"Slope variability","9yr","trailing","base1841_2010"
1934,5.41654595915294e-05,0.000193450193442466,0.00035026635100489,2.33299085042578e-05,0.000198897804550177,0.000311716727181265,0.173765007997251,0.620596126463157,1.12366876866768,0.0748432999256127,0.638072285529025,"Slope variability","9yr","trailing","base1841_2010"
1935,0.000172079954141514,0.000348766426978749,0.000517744351154771,8.11536291037665e-05,0.00036454727541208,0.000311716727181265,0.552039525429282,1.1188569510931,1.66094503761968,0.260344158741842,1.16948255779708,"Slope variability","9yr","trailing","base1841_2010"
1936,9.58630970879728e-05,0.00031665205000281,0.000620023192334357,1.96982126427262e-05,0.000337868595168978,0.000311716727181265,0.307532733179981,1.01583271730771,1.98905974004344,0.0631926711821007,1.08389626127605,"Slope variability","9yr","trailing","base1841_2010"
1937,0.000186557651384574,0.000376583917012366,0.000685318963467455,2.84567601136515e-05,0.000392974465116591,0.000311716727181265,0.598484569857843,1.20809659596285,2.1985312423383,0.0912904494121158,1.26067814412819,"Slope variability","9yr","trailing","base1841_2010"
1938,4.97150007211051e-05,0.000229278596179708,0.000658896048729133,-7.23628342198437e-05,0.000299611194080202,0.000311716727181265,0.159487754060101,0.735535106675176,2.11376545200919,-0.232142929493047,0.961164955084289,"Slope variability","9yr","trailing","base1841_2010"
1939,-9.28893101927354e-05,-3.31561919031432e-05,0.000643441708318989,-0.000265407471004462,6.53559147373974e-05,0.000311716727181265,-0.297992703287687,-0.10636641864863,2.06418729638729,-0.85143801362359,0.209664445435399,"Slope variability","9yr","trailing","base1841_2010"
1940,0.000167108030914104,0.00027121986940488,0.000575495326196746,2.19208941657741e-05,0.000418544282191702,0.000311716727181265,0.536089392523777,0.870084425232542,1.84621252571439,0.070323124344325,1.34270716228942,"Slope variability","9yr","trailing","base1841_2010"
1941,0.000171569393982519,0.000267013743627858,0.000560833309617054,3.42349755688337e-05,0.000477880427337516,0.000311716727181265,0.550401627573711,0.856591001844404,1.79917617732117,0.109827200735769,1.53305994085979,"Slope variability","9yr","trailing","base1841_2010"
1942,0.000304755576749581,0.000397508561819067,0.000501865699631398,0.000122049324525246,0.00060840940910071,0.000311716727181265,0.977668344927682,1.27522371164867,1.61000567460584,0.391539220974412,1.95180224879917,"Slope variability","9yr","trailing","base1841_2010"
1943,0.000322858061084559,0.000380368313928939,0.000475216839538947,0.00012855302353798,0.000582612135327465,0.000311716727181265,1.03574185448449,1.2202370959315,1.52451504234678,0.41240335319967,1.86904354025465,"Slope variability","9yr","trailing","base1841_2010"
1944,0.00033775953474935,0.00038118095147157,0.000458881415642579,0.000142462834790389,0.000605055355415076,0.000311716727181265,1.08354639099281,1.22284407037904,1.47211033489306,0.457026596161925,1.94104230750258,"Slope variability","9yr","trailing","base1841_2010"
1945,0.000228914188966027,0.000271222056147258,0.000348855353927692,9.97707310209734e-05,0.000436088843959623,0.000311716727181265,0.734366073441137,0.870091440391457,1.11914223237956,0.32006858253377,1.39899083345,"Slope variability","9yr","trailing","base1841_2010"
1946,0.000180419803131949,0.000213624112611065,0.00030426661922291,8.6206900066515e-05,0.000361566204639925,0.000311716727181265,0.578794101822562,0.685314883621376,0.976099749199463,0.276555258506822,1.15991916092996,"Slope variability","9yr","trailing","base1841_2010"
1947,8.56124383027355e-05,0.000124885354982169,0.000276198384119148,3.33808107632109e-05,0.000229662802721473,0.000311716727181265,0.274648200874223,0.40063732258278,0.886055703897268,0.107087005131424,0.736767656962864,"Slope variability","9yr","trailing","base1841_2010"
1948,1.17098385646298e-05,5.63604800124412e-05,0.000261058503848672,-9.75523743307748e-06,8.54240715463293e-05,0.000311716727181265,0.037565640671636,0.180806723213372,0.837486349254735,-0.0312952003612073,0.274043912621522,"Slope variability","9yr","trailing","base1841_2010"
1949,7.30275493744097e-05,0.000149002515473967,0.000308670874955792,1.27172543514958e-05,0.000272646005356207,0.000311716727181265,0.234275362874395,0.478006159057744,0.990228781583152,0.0407974716868519,0.874659527647555,"Slope variability","9yr","trailing","base1841_2010"
1950,0.000125359285262157,0.000256125378177413,0.000390323514455654,9.63422027698926e-06,0.000425422171218362,0.000311716727181265,0.40215771028951,0.821660680494939,1.25217378606917,0.0309069723787614,1.36477171137171,"Slope variability","9yr","trailing","base1841_2010"
1951,0.000400485434737746,0.000600369199706333,0.000568571074421802,0.000170496023538324,0.000916322105745899,0.000311716727181265,1.28477364163028,1.92600892847568,1.82399924304086,0.546958211322358,2.93959876337677,"Slope variability","9yr","trailing","base1841_2010"
1952,0.000828551623689604,0.00109971547348772,0.00081915004227303,0.000469129129455426,0.00150977873257383,0.000311716727181265,2.65802746994645,3.52793218199107,2.62786681253935,1.50498541960703,4.84343187555631,"Slope variability","9yr","trailing","base1841_2010"
1953,0.00105247683359274,0.00134617640500564,0.000958562065104702,0.000626373414579429,0.00187938632332986,0.000311716727181265,3.37638869466483,4.31858892263689,3.07510627925749,2.00943151252576,6.02914813178115,"Slope variability","9yr","trailing","base1841_2010"
1954,0.00101160684886386,0.0013450384973609,0.000991633691457645,0.000597047657615908,0.00192379791299408,0.000311716727181265,3.24527611338484,4.31493846840869,3.18120140816506,1.9153532857052,6.17162232643158,"Slope variability","9yr","trailing","base1841_2010"
1955,0.00111348031981281,0.00141890243086133,0.00100607581081903,0.000608604198934344,0.00201268431275247,0.000311716727181265,3.57209037154209,4.55189698574062,3.22753231729522,1.95242714254612,6.45677352945542,"Slope variability","9yr","trailing","base1841_2010"
1956,0.000703120496020448,0.000965256320637417,0.000853333205756679,0.000265705037286129,0.00150139016397388,0.000311716727181265,2.25563928627924,3.09658172458649,2.7375277979884,0.852392618416078,4.81652100466464,"Slope variability","9yr","trailing","base1841_2010"
1957,0.000611740273292518,0.000856244648381453,0.000764626800833808,0.000259072196928022,0.00129250931728023,0.000311716727181265,1.96248779725186,2.74686782491317,2.45295402575292,0.831114195477134,4.14642271195356,"Slope variability","9yr","trailing","base1841_2010"
1958,0.000340657571393235,0.000565514548049006,0.000735611964337259,2.26287215768351e-05,0.000804249687307478,0.000311716727181265,1.09284341098302,1.81419378152317,2.35987324449707,0.0725938636064159,2.58006586486391,"Slope variability","9yr","trailing","base1841_2010"
1959,-6.29795058393353e-05,0.000129066244394208,0.000794319200202969,-0.000224327564475972,0.000440494479511479,0.000311716727181265,-0.202040828571617,0.414049786680697,2.54820845639467,-0.719651994631409,1.41312429234935,"Slope variability","9yr","trailing","base1841_2010"
1960,0.000227565294242152,0.000388670581475445,0.000710931203908165,1.88501317417461e-06,0.000635377843147362,0.000311716727181265,0.730038764040474,1.24687110951679,2.28069635639013,0.00604719929924861,2.03831808736362,"Slope variability","9yr","trailing","base1841_2010"
1961,0.000237075096810183,0.000373981271842093,0.000699290556804519,1.0723184833467e-05,0.000611520251336968,0.000311716727181265,0.76054659932421,1.19974720389202,2.24335268475303,0.0344004151796173,1.96178195782662,"Slope variability","9yr","trailing","base1841_2010"
1962,0.000356639253269242,0.000513328002709249,0.000590708218920273,0.000136669472396326,0.000735206024965265,0.000311716727181265,1.14411329957874,1.64677721131964,1.89501610729017,0.43844125283932,2.35857097440183,"Slope variability","9yr","trailing","base1841_2010"
1963,0.000353002039153334,0.000478286286714933,0.000499867889069036,0.000152439579972161,0.000688168385903849,0.000311716727181265,1.13244496804967,1.53436195432915,1.6035966166755,0.489032402433497,2.20767230596411,"Slope variability","9yr","trailing","base1841_2010"
1964,0.000369911534851649,0.000480704628373475,0.000449776943806436,0.000169418510386616,0.000696455879198768,0.000311716727181265,1.18669132130514,1.54212009320226,1.44290281716223,0.543501505095997,2.23425892314651,"Slope variability","9yr","trailing","base1841_2010"
1965,0.000181390677088464,0.000247591308747784,0.000312964895796671,7.3015491875753e-05,0.000426252434751311,0.000311716727181265,0.581908705152626,0.794283036995344,1.00400417592823,0.23423668192594,1.36743523071652,"Slope variability","9yr","trailing","base1841_2010"
1966,0.000130893749725997,0.000172704056408824,0.000261190710766705,4.33628689794126e-05,0.000295679652992979,0.000311716727181265,0.419912498471348,0.554041671008549,0.837910474450802,0.139109855834579,0.948552410602719,"Slope variability","9yr","trailing","base1841_2010"
1967,-2.53756919366937e-05,-4.60952841216861e-05,0.000189410439297086,-4.77940307764214e-05,2.27955161827872e-06,0.000311716727181265,-0.0814062567837036,-0.147875555279013,0.607636430068583,-0.153325203971582,0.00731289475188526,"Slope variability","9yr","trailing","base1841_2010"
1968,-8.95787338845108e-05,-0.000125294897148047,0.000183596039087119,-0.000131150524528086,-5.89317910872539e-05,0.000311716727181265,-0.287372239194659,-0.401951150588037,0.588983596572785,-0.420736242530292,-0.189055594225409,"Slope variability","9yr","trailing","base1841_2010"
1969,-5.66822307586053e-05,-8.7748390195018e-05,0.000176491724784426,-8.61726743914325e-05,-3.25998659127582e-05,0.000311716727181265,-0.181838912756338,-0.281500421836496,0.566192665951465,-0.276445461142426,-0.10458170213561,"Slope variability","9yr","trailing","base1841_2010"
1970,-0.000132759990218672,-0.00016752426079642,0.000161847864851687,-0.000206297311198806,-9.3383140335691e-05,0.000311716727181265,-0.425899474241147,-0.537424674996681,0.519214564823697,-0.661810205259994,-0.29957693056808,"Slope variability","9yr","trailing","base1841_2010"
1971,-2.01281020743809e-05,-3.40902956625635e-05,0.000146128656084451,-4.46671272407744e-05,8.82401382047511e-06,0.000311716727181265,-0.0645717740475193,-0.109363061683693,0.468786700687629,-0.143293969639301,0.028307796954842,"Slope variability","9yr","trailing","base1841_2010"
1972,7.90925318752674e-05,7.80591065926101e-05,0.000188141450021116,3.61208771200024e-05,0.000150663825274365,0.000311716727181265,0.253732074600137,0.25041680405947,0.603565460610366,0.115877249984721,0.483335708791634,"Slope variability","9yr","trailing","base1841_2010"
1973,0.000197206960551079,0.000187110750791948,0.000227210212044652,0.000104193322219715,0.000318450477358033,0.000311716727181265,0.632647988878706,0.600258935360701,0.728899645839437,0.33425643584127,1.02160214576118,"Slope variability","9yr","trailing","base1841_2010"
1974,0.000327805385481807,0.000340710651149303,0.000309459152015005,0.000146562348778015,0.000553473936142356,0.000311716727181265,1.05161307333753,1.09301369300974,0.992757606604322,0.470178004572683,1.77556700645233,"Slope variability","9yr","trailing","base1841_2010"
1975,0.000539650825887154,0.000604945660444936,0.00046352367638403,0.000282104180567417,0.000926659174380949,0.000311716727181265,1.7312219038324,1.94069040155537,1.48700289707099,0.905001740260709,2.97276050201211,"Slope variability","9yr","trailing","base1841_2010"
1976,0.000479870061606139,0.000541254518906968,0.000537929665456246,0.000108035744025818,0.000906981846231597,0.000311716727181265,1.53944276890567,1.7363666165795,1.72570035082987,0.346583082026889,2.90963482913826,"Slope variability","9yr","trailing","base1841_2010"
1977,0.000533307031844018,0.000621058910079604,0.000630438036186466,0.000147190722548805,0.00103536593669744,0.000311716727181265,1.71087075328459,1.99238236489778,2.02247098475361,0.472193853309686,3.32149623813857,"Slope variability","9yr","trailing","base1841_2010"
1978,0.000398946068379802,0.00044664056524184,0.000706415146741801,1.54161539489559e-05,0.000863973142681588,0.000311716727181265,1.27983529144335,1.43284118654985,2.26620866043874,0.0494556518938148,2.7716611504752,"Slope variability","9yr","trailing","base1841_2010"
1979,5.62578093025447e-05,0.000137016126298606,0.000844366488239174,-0.000247951467231339,0.000595438721863023,0.000311716727181265,0.18047735138009,0.439553332724845,2.70876220174149,-0.795438440129501,1.91019175405615,"Slope variability","9yr","trailing","base1841_2010"
1980,0.000464335237472381,0.000524446610772161,0.000700881651084185,0.000107358995842632,0.000857652821254757,0.000311716727181265,1.48960641820921,1.68244616037943,2.24845698022686,0.344412046197964,2.75138530103977,"Slope variability","9yr","trailing","base1841_2010"
1981,0.000515389575500167,0.000531805604388283,0.000738356119372886,0.000135019492261678,0.00084070040733912,0.000311716727181265,1.65339082108502,1.70605411264643,2.36867660599917,0.433148049136175,2.69700126438915,"Slope variability","9yr","trailing","base1841_2010"
1982,0.000545482591797808,0.000615211870726793,0.000717773525189651,0.000244672920806033,0.000897351971404259,0.000311716727181265,1.7499304472057,1.97362482369785,2.30264680269231,0.784920729209871,2.87874179713957,"Slope variability","9yr","trailing","base1841_2010"
1983,0.000571636211653187,0.000689992366602249,0.000718909374107537,0.000305944343087075,0.000956008846709345,0.000311716727181265,1.83383232854481,2.21352371058681,2.30629065244063,0.981481955920724,3.06691545030056,"Slope variability","9yr","trailing","base1841_2010"
1984,0.000660097094020053,0.000783104402830374,0.000704305007671509,0.000385463206547794,0.000996485879951058,0.000311716727181265,2.11761845438664,2.51223092809837,2.25943924806432,1.23658171967026,3.1967674271506,"Slope variability","9yr","trailing","base1841_2010"
1985,0.000428407751584345,0.000583915553916009,0.000631946086527113,0.000250895152744036,0.000794476424225589,0.000311716727181265,1.37434957520013,1.87322496035466,2.02730887187723,0.804881903556427,2.54871283748465,"Slope variability","9yr","trailing","base1841_2010"
1986,0.000287949917698779,0.000411026167250113,0.00054299717603752,0.000143565384687337,0.000570415083074982,0.000311716727181265,0.923755103881013,1.31858874230737,1.74195713187302,0.460563621290215,1.82991489816099,"Slope variability","9yr","trailing","base1841_2010"
1987,7.93440417526328e-05,0.000171443113806439,0.000367283389034607,2.66832860841572e-05,0.000229141836825016,0.000311716727181265,0.254538928565402,0.549996515608044,1.17826012211732,0.0856010722473702,0.735096377076259,"Slope variability","9yr","trailing","base1841_2010"
1988,-4.33635351383543e-05,-3.86612021946305e-05,0.000223131849469201,-9.76613736437322e-05,2.50109410670552e-05,0.000311716727181265,-0.139111992899689,-0.124026716641834,0.715816092023349,-0.313301677862612,0.0802361210873075,"Slope variability","9yr","trailing","base1841_2010"
1989,1.45083573323508e-05,7.50963038026662e-06,0.000184896660853532,-2.52657797890797e-05,5.34652745451372e-05,0.000311716727181265,0.0465434032480204,0.0240912011625855,0.593156044353095,-0.0810536541222811,0.171518785753345,"Slope variability","9yr","trailing","base1841_2010"
1990,-4.98154717945785e-05,-7.63151644254476e-05,0.000186884348030136,-9.20333908490942e-05,-1.60005677505196e-05,0.000311716727181265,-0.159810069369843,-0.24482216631599,0.599532626048206,-0.295246879053675,-0.0513304752529856,"Slope variability","9yr","trailing","base1841_2010"
1991,2.12142047319807e-05,2.39050351434332e-05,0.000199384484000817,-2.38308352816958e-06,9.41891285113193e-05,0.000311716727181265,0.0680560357598153,0.0766883296882951,0.639633573096236,-0.00764502934994503,0.302162573574526,"Slope variability","9yr","trailing","base1841_2010"
1992,-7.22235338805697e-06,-2.96567063098486e-05,0.00020897061018829,-4.11051400072547e-05,3.77674853252292e-05,0.000311716727181265,-0.0231696048311746,-0.0951399258487757,0.670386257670327,-0.131866969023295,0.121159636400479,"Slope variability","9yr","trailing","base1841_2010"
1993,-6.41792449500914e-05,-0.000125353948608483,0.00025372959451243,-0.000142574649506778,-2.29721978070221e-05,0.000311716727181265,-0.205889640669719,-0.402140590086426,0.813974908587067,-0.457385302341731,-0.073695749390002,"Slope variability","9yr","trailing","base1841_2010"
1994,-8.64607639724647e-05,-0.000141975428740409,0.000261666264472839,-0.000158875788986287,-2.96847929178813e-05,0.000311716727181265,-0.277369664291988,-0.455462977634337,0.839436070174953,-0.509680023985046,-0.095230028835185,"Slope variability","9yr","trailing","base1841_2010"
1995,-0.00012325340730476,-0.000189405221916478,0.000267462263515722,-0.000214457214587245,-6.73434048326296e-05,0.000311716727181265,-0.395401967739406,-0.607619692498369,0.85802987197473,-0.687987508808076,-0.216040394885415,"Slope variability","9yr","trailing","base1841_2010"
1996,-2.93368971872172e-05,-7.81223509271813e-05,0.000219970018274563,-8.81098157934988e-05,5.95463271043371e-07,0.000311716727181265,-0.0941139651134526,-0.250619694469437,0.705672808333604,-0.282659889927121,0.00191027050882998,"Slope variability","9yr","trailing","base1841_2010"
1997,7.47766253780113e-06,-3.6261418699401e-05,0.000213894529598153,-4.13284220829965e-05,3.69520272215185e-05,0.000311716727181265,0.0239886470174982,-0.116328113115068,0.686182392367324,-0.13258326704734,0.118543613477729,"Slope variability","9yr","trailing","base1841_2010"
1998,1.79254331719429e-05,-8.91392202907276e-06,0.000200540131913666,-1.72147043148447e-05,6.16010975720249e-05,0.000311716727181265,0.057505522190085,-0.0285962261623813,0.643340938829539,-0.0552254749705308,0.197618838517458,"Slope variability","9yr","trailing","base1841_2010"
1999,-3.20927003537427e-05,-7.35058815982541e-05,0.000208004606016756,-7.85701795364602e-05,-6.99646335613203e-06,0.000311716727181265,-0.102954694295506,-0.235809872196913,0.667287276809499,-0.25205634694981,-0.0224449403771122,"Slope variability","9yr","trailing","base1841_2010"
2000,3.10800923916298e-05,3.17150025603014e-05,0.000121606087711618,7.26916907131032e-06,8.28226674773996e-05,0.000311716727181265,0.0997062065699046,0.101743024338437,0.390117299162146,0.0233197914563092,0.26569850205452,"Slope variability","9yr","trailing","base1841_2010"
2001,6.51660498265615e-05,5.62072538508277e-05,0.000154889283710599,1.99018234717047e-05,0.000130633044912764,0.000311716727181265,0.20905535104206,0.180315167424887,0.496891152140609,0.0638458630426068,0.419076146776044,"Slope variability","9yr","trailing","base1841_2010"
2002,3.47607044827492e-05,3.34552011142273e-05,0.000131663813620511,8.03031255975338e-06,9.17011202158664e-05,0.000311716727181265,0.111513760577037,0.107325652417661,0.42238289491583,0.025761570873557,0.294180941283083,"Slope variability","9yr","trailing","base1841_2010"
2003,5.18067728867203e-05,2.46485318766468e-05,0.00022907853594177,5.74577266402855e-06,0.000111245688546262,0.000311716727181265,0.166198244653693,0.0790734975935815,0.73489330525583,0.0184326735237643,0.35688071523211,"Slope variability","9yr","trailing","base1841_2010"
2004,3.97212124951523e-05,1.10769517169645e-05,0.000225805929145049,4.53380551847379e-06,9.12669084252979e-05,0.000311716727181265,0.127427273006284,0.0355353137995805,0.724394648907442,0.014544633390294,0.292787972113623,"Slope variability","9yr","trailing","base1841_2010"
2005,6.96637480301801e-06,-3.03773326339831e-05,0.000222857204575979,-2.07608863660931e-05,3.43596881917863e-05,0.000311716727181265,0.022348415069067,-0.0974517245470712,0.714935019981735,-0.0666017719158861,0.110227283926942,"Slope variability","9yr","trailing","base1841_2010"
2006,6.67954820489077e-06,-3.12840609128459e-05,0.000235607922300209,-1.80476309460322e-05,3.45209344210778e-05,0.000311716727181265,0.0214282636202791,-0.100360545921727,0.755839843535897,-0.0578975376433276,0.110744568420301,"Slope variability","9yr","trailing","base1841_2010"
2007,2.32878568095654e-05,-1.15267562814983e-05,0.000237453952329779,-8.45245189211606e-06,6.1743989542208e-05,0.000311716727181265,0.074708396370476,-0.0369783052251649,0.761761983314095,-0.027115811103717,0.198077241797498,"Slope variability","9yr","trailing","base1841_2010"
2008,-3.07414971176424e-06,-4.74689979922617e-05,0.000243662902171466,-3.41902503555481e-05,2.13516392134885e-05,0.000311716727181265,-0.00986199790932814,-0.152282485516596,0.781680548152859,-0.109683720423724,0.0684969311931485,"Slope variability","9yr","trailing","base1841_2010"
2009,4.0883937143843e-06,-3.39710494846788e-05,0.000248640403805172,-4.7940224358208e-05,3.95883052747017e-05,0.000311716727181265,0.0131157341197378,-0.1089805150717,0.797648576813737,-0.153794198956576,0.127000901211442,"Slope variability","9yr","trailing","base1841_2010"
2010,7.39631783711915e-06,-3.08294325806781e-05,0.000251669961664334,-4.90273299623722e-05,4.46360459377031e-05,0.000311716727181265,0.0237276898933247,-0.0989020796524358,0.807367522237544,-0.157281678162438,0.143194259548821,"Slope variability","9yr","trailing","base1841_2010"
1900,0,-0.000847582547169811,0.0323707888195885,-0.015625,0,1708886109621.95,0,-4.9598539212032e-16,1.89426250452406e-14,-9.14338288082677e-15,0,"Biomass","12yr","trailing","base1841_2010"
1901,0,0.00364829009433962,0.0285547614148964,0,0.0078125,1708886109621.95,0,2.13489364434399e-15,1.67095754679716e-14,0,4.57169144041338e-15,"Biomass","12yr","trailing","base1841_2010"
1902,0,-0.0037219929245283,0.0353045846907448,-0.015625,0,1708886109621.95,0,-2.17802280887619e-15,2.06594134576675e-14,-9.14338288082677e-15,0,"Biomass","12yr","trailing","base1841_2010"
1903,0,0.000257959905660377,0.0308998491996895,-0.009765625,0.015625,1708886109621.95,0,1.50952075862706e-16,1.80818657403245e-14,-5.71461430051673e-15,9.14338288082677e-15,"Biomass","12yr","trailing","base1841_2010"
1904,0,0.000884433962264151,0.0300383582928834,-0.0078125,0.015625,1708886109621.95,0,5.17549974386421e-16,1.75777415029306e-14,-4.57169144041338e-15,9.14338288082677e-15,"Biomass","12yr","trailing","base1841_2010"
1905,0,0.000147405660377358,0.0296147448963421,-0.001953125,0,1708886109621.95,0,8.62583290644035e-17,1.7329852896337e-14,-1.14292286010335e-15,0,"Biomass","12yr","trailing","base1841_2010"
1906,0,0.000147405660377358,0.030802128478888,0,0.0078125,1708886109621.95,0,8.62583290644035e-17,1.8024681870521e-14,0,4.57169144041338e-15,"Biomass","12yr","trailing","base1841_2010"
1907,0,-0.00243219339622641,0.0318979625471085,0,0,1708886109621.95,0,-1.42326242956266e-15,1.8665938219935e-14,0,0,"Biomass","12yr","trailing","base1841_2010"
1908,0,-0.00228478773584906,0.0259271346704136,-0.0078125,0,1708886109621.95,0,-1.33700410049825e-15,1.51719500348384e-14,-4.57169144041338e-15,0,"Biomass","12yr","trailing","base1841_2010"
1909,0,0.00272700471698113,0.028874108572276,0,0.015625,1708886109621.95,0,1.59577908769146e-15,1.68964499212084e-14,0,9.14338288082677e-15,"Biomass","12yr","trailing","base1841_2010"
1910,0,-0.000331662735849057,0.0222576364892131,-0.0078125,0.0078125,1708886109621.95,0,-1.94081240394908e-16,1.30246459163607e-14,-4.57169144041338e-15,4.57169144041338e-15,"Biomass","12yr","trailing","base1841_2010"
1911,0,-0.00132665094339623,0.0262487943796413,-0.015625,0,1708886109621.95,0,-7.76324961579631e-16,1.53601777390819e-14,-9.14338288082677e-15,0,"Biomass","12yr","trailing","base1841_2010"
1912,0,-0.00217423349056604,0.0234472493340911,0,0,1708886109621.95,0,-1.27231035369995e-15,1.37207794024835e-14,0,0,"Biomass","12yr","trailing","base1841_2010"
1913,0,0.000663325471698113,0.0215970708522778,-0.0078125,0,1708886109621.95,0,3.88162480789816e-16,1.263809842603e-14,-4.57169144041338e-15,0,"Biomass","12yr","trailing","base1841_2010"
1914,0,0.00121609669811321,0.0269769169343142,-0.0078125,0.0078125,1708886109621.95,0,7.11631214781329e-16,1.57862579503804e-14,-4.57169144041338e-15,4.57169144041338e-15,"Biomass","12yr","trailing","base1841_2010"
1915,0,-0.00313237028301887,0.0289578893178516,-0.015625,0,1708886109621.95,0,-1.83298949261857e-15,1.69454764450381e-14,-9.14338288082677e-15,0,"Biomass","12yr","trailing","base1841_2010"
1916,0,-0.000331662735849057,0.0295398956165017,0,0.0078125,1708886109621.95,0,-1.94081240394908e-16,1.72860528564052e-14,0,4.57169144041338e-15,"Biomass","12yr","trailing","base1841_2010"
1917,0,0.00110554245283019,0.0251103413051803,-0.0078125,0.0078125,1708886109621.95,0,6.46937467983026e-16,1.46939817485762e-14,-4.57169144041338e-15,4.57169144041338e-15,"Biomass","12yr","trailing","base1841_2010"
1918,0,0.00154775943396226,0.0293584795884859,-0.0078125,0,1708886109621.95,0,9.05712455176237e-16,1.71798924592937e-14,-4.57169144041338e-15,0,"Biomass","12yr","trailing","base1841_2010"
1919,0,-0.000810731132075472,0.021335956549449,-0.001953125,0,1708886109621.95,0,-4.74420809854219e-16,1.24853004710589e-14,-1.14292286010335e-15,0,"Biomass","12yr","trailing","base1841_2010"
1920,0,0.000773879716981132,0.0331059846755799,-0.0078125,0.0078125,1708886109621.95,0,4.52856227588118e-16,1.93728443862791e-14,-4.57169144041338e-15,4.57169144041338e-15,"Biomass","12yr","trailing","base1841_2010"
1921,0,0.00136350235849057,0.0298124555455469,0,0.0078125,1708886109621.95,0,7.97889543845732e-16,1.7445548522916e-14,0,4.57169144041338e-15,"Biomass","12yr","trailing","base1841_2010"
1922,0,0.00217423349056604,0.0311135395710729,0,0.001953125,1708886109621.95,0,1.27231035369995e-15,1.82069123248688e-14,0,1.14292286010335e-15,"Biomass","12yr","trailing","base1841_2010"
1923,0,0.00486438679245283,0.0254993276728377,0,0.015625,1708886109621.95,0,2.84652485912531e-15,1.49216074314506e-14,0,9.14338288082677e-15,"Biomass","12yr","trailing","base1841_2010"
1924,0,0.000147405660377358,0.0236275649462078,-0.0078125,0.015625,1708886109621.95,0,8.62583290644035e-17,1.38262958620658e-14,-4.57169144041338e-15,9.14338288082677e-15,"Biomass","12yr","trailing","base1841_2010"
1925,0,-0.00095813679245283,0.0288873371062513,-0.015625,0,1708886109621.95,0,-5.60679138918623e-16,1.69041909484781e-14,-9.14338288082677e-15,0,"Biomass","12yr","trailing","base1841_2010"
1926,0,0.00198997641509434,0.0317834599234135,0,0.0078125,1708886109621.95,0,1.16448744236945e-15,1.85989339748597e-14,0,4.57169144041338e-15,"Biomass","12yr","trailing","base1841_2010"
1927,0,0.00173201650943396,0.022847405795232,0,0.0078125,1708886109621.95,0,1.01353536650674e-15,1.33697650572433e-14,0,4.57169144041338e-15,"Biomass","12yr","trailing","base1841_2010"
1928,0,-0.000184257075471698,0.0262652934564197,0,0.0078125,1708886109621.95,0,-1.07822911330504e-16,1.53698326111565e-14,0,4.57169144041338e-15,"Biomass","12yr","trailing","base1841_2010"
1929,0,-0.000773879716981132,0.0290974020448417,-0.0078125,0,1708886109621.95,0,-4.52856227588118e-16,1.70271160149337e-14,-4.57169144041338e-15,0,"Biomass","12yr","trailing","base1841_2010"
1930,0,0.00110554245283019,0.0284684523927036,0,0,1708886109621.95,0,6.46937467983026e-16,1.6659069456069e-14,0,0,"Biomass","12yr","trailing","base1841_2010"
1931,-25369626515.2969,-146539718300.296,491698244290.146,-86456281317.8066,-7696061966.2832,1708886109621.95,-0.0148457093614678,-0.0857516001067589,0.287730259800006,-0.0505921844826353,-0.00450355463886693,"Biomass","12yr","trailing","base1841_2010"
1932,-136369662340.898,-672864898715.388,2020832044537.5,-475346334507.727,-42386681169.0059,1708886109621.95,-0.0798003223111615,-0.393744729345505,1.18254343174722,-0.278161506393709,-0.024803689918448,"Biomass","12yr","trailing","base1841_2010"
1933,-208168432639.953,-950022281837.879,2677793135245.2,-724465418569.703,-72774210546.7734,1708886109621.95,-0.121815275733036,-0.555930717962269,1.56698162631657,-0.423940141177678,-0.0425857581362593,"Biomass","12yr","trailing","base1841_2010"
1934,-438842421870.016,-1419300468842.21,3359551835383.87,-1488518885333.97,-169260105026.342,1708886109621.95,-0.256800274400439,-0.830541287011923,1.96593079928954,-0.871046278012801,-0.0990470365891069,"Biomass","12yr","trailing","base1841_2010"
1935,-630130062108.891,-1734460875140.03,3641499258267.17,-1797421021476.62,-211348184198.969,1708886109621.95,-0.368737307045167,-1.01496575188603,2.13091980662934,-1.05180855023408,-0.123675991635115,"Biomass","12yr","trailing","base1841_2010"
1936,-720445332146.508,-1937892228069.64,3840134132144.02,-2034333334274.02,-237482144450.055,1708886109621.95,-0.421587681057276,-1.13400899987323,2.24715626777115,-1.19044406927976,-0.138968971140266,"Biomass","12yr","trailing","base1841_2010"
1937,-787503540065.512,-2095762513292.36,3974014306462.51,-2097178121338.1,-279176729490.859,1708886109621.95,-0.460828568756831,-1.22639098152421,2.32549980018368,-1.22721936209198,-0.163367662665724,"Biomass","12yr","trailing","base1841_2010"
1938,-853535875314.492,-2244086414212.94,4111711465214.83,-2222412369834.61,-313988384102.371,1708886109621.95,-0.499469139873409,-1.31318664337987,2.40607694220445,-1.30050350185494,-0.183738625022725,"Biomass","12yr","trailing","base1841_2010"
1939,-901519678997.035,-2316381406087.57,4190967508415.41,-2256472512508.3,-319886985357.93,1708886109621.95,-0.527548134378876,-1.35549197400874,2.45245571651499,-1.32043469708317,-0.187190347886143,"Biomass","12yr","trailing","base1841_2010"
1940,-1058864135431.86,-2548945377281.99,4390436653653.01,-2463032086750,-375486496860.551,1708886109621.95,-0.619622413377863,-1.49158294571537,2.56918037365538,-1.44130850668269,-0.219725875672088,"Biomass","12yr","trailing","base1841_2010"
1941,-1123730053432.18,-2700969694253.78,4574440740009.79,-2597411369982.87,-410600920577.188,1708886109621.95,-0.657580424526228,-1.5805440041006,2.67685524169997,-1.51994410590503,-0.240274011395659,"Biomass","12yr","trailing","base1841_2010"
1942,-1136090529683.82,-2685398452161.31,4562236241807.67,-2608915393947.11,-410543665098.363,1708886109621.95,-0.664813484811549,-1.57143207908419,2.66971345610443,-1.52667599043465,-0.240240506834704,"Biomass","12yr","trailing","base1841_2010"
1943,-1141085447240.01,-2696476900708.37,4592924373306.96,-2606046805365.75,-416488724258.074,1708886109621.95,-0.667736393206712,-1.57791492687883,2.68767142962092,-1.52499735979613,-0.243719415772074,"Biomass","12yr","trailing","base1841_2010"
1944,-1155394570333.79,-2706725339143.71,4602411207001.41,-2633139944069.31,-419048990633.012,1708886109621.95,-0.676109755839368,-1.5839120722577,2.6932229017998,-1.54085162799517,-0.245217623499623,"Biomass","12yr","trailing","base1841_2010"
1945,-1151668300067.85,-2689378809012,4561933668883.27,-2643592096303.33,-414786394444.805,1708886109621.95,-0.673929230030801,-1.57376129039223,2.66953639753821,-1.54696798190265,-0.242723252362655,"Biomass","12yr","trailing","base1841_2010"
1946,-1140639562646.28,-2667718152761.05,4520603384503.6,-2632125017286.15,-411007398005.191,1708886109621.95,-0.667475472018797,-1.56108598328488,2.64535088620018,-1.540257716688,-0.240511872436085,"Biomass","12yr","trailing","base1841_2010"
1947,-1170119549711.98,-2708741151651.1,4590272106691.71,-2661989760760.2,-423020593185.789,1708886109621.95,-0.684726467798866,-1.58509167837425,2.68611938551434,-1.55773386287814,-0.247541711998216,"Biomass","12yr","trailing","base1841_2010"
1948,-1257002414730.36,-2857384768906.93,4721869190573.37,-2805349782272.32,-451115567153.482,1708886109621.95,-0.735568279040223,-1.67207443071736,2.76312690704588,-1.64162477913343,-0.263982230655079,"Biomass","12yr","trailing","base1841_2010"
1949,-1372667302753.39,-3053197715067.53,4900207284931.79,-3006250450577.93,-486740717743.738,1708886109621.95,-0.803252653892225,-1.78665956606258,2.86748616969907,-1.75918712993869,-0.284829231745244,"Biomass","12yr","trailing","base1841_2010"
1950,-1394139483449.14,-3072367281227.06,4913380659238.28,-3041868967298.82,-490610960328.262,1708886109621.95,-0.815817669533027,-1.79787714577816,2.87519491882654,-1.78003024904437,-0.28709400677193,"Biomass","12yr","trailing","base1841_2010"
1951,-1411487666478.99,-3097457446666.21,4920123432558.54,-3089833267269.27,-498826347142.371,1708886109621.95,-0.825969418635657,-1.81255932108398,2.87914063134786,-1.80809783043577,-0.291901458109882,"Biomass","12yr","trailing","base1841_2010"
1952,-1443828978924.35,-3158472313184.55,4963561804624.42,-3157155888658.72,-517851858819.271,1708886109621.95,-0.844894794799265,-1.84826378738796,2.90455974606903,-1.84749344668567,-0.303034740526877,"Biomass","12yr","trailing","base1841_2010"
1953,-1478298467673.77,-3231359374313.64,5019139826372.51,-3255034433686.6,-542530029155.711,1708886109621.95,-0.865065529733173,-1.8909155830335,2.93708269855554,-1.90476967151819,-0.317475825978674,"Biomass","12yr","trailing","base1841_2010"
1954,-1511713042894.98,-3255527587700.81,4997717871832.63,-3308406265465.79,-546000809452.998,1708886109621.95,-0.884618954056227,-1.90505825366034,2.92454707408106,-1.93600161347072,-0.319506845060486,"Biomass","12yr","trailing","base1841_2010"
1955,-1520271133581.73,-3269532580029.28,4966761575161.95,-3377027038368.3,-557181269255.727,1708886109621.95,-0.889626947648401,-1.91325364611489,2.90643217660698,-1.97615687748517,-0.326049387445129,"Biomass","12yr","trailing","base1841_2010"
1956,-1534076136376.44,-3299831279145.96,4987027636554.42,-3443098968342.43,-570343423630.326,1708886109621.95,-0.897705310926668,-1.93098373295103,2.91829139957003,-2.01482061850461,-0.333751570932074,"Biomass","12yr","trailing","base1841_2010"
1957,-1552686209893.22,-3340580294924.29,5007640912517.05,-3532377364307.8,-584854660500.158,1708886109621.95,-0.908595488693341,-1.95482909956083,2.93035380434151,-2.06706423817164,-0.34224320579769,"Biomass","12yr","trailing","base1841_2010"
1958,-1548823511435.48,-3343731016276.18,5011205443069.78,-3543651964089.96,-584328126744.084,1708886109621.95,-0.906335128312393,-1.95667282766779,2.93243968387009,-2.07366186906037,-0.341935090614876,"Biomass","12yr","trailing","base1841_2010"
1959,-1566159405733.78,-3378649331657.53,5041100786201.14,-3614940185636.25,-595803867744.277,1708886109621.95,-0.916479686338051,-1.97710620540123,2.94993373626073,-2.11537806134779,-0.348650424618458,"Biomass","12yr","trailing","base1841_2010"
1960,-1601931319078.6,-3432027182453.5,5097096858096.72,-3719553288702.66,-611804517486.039,1708886109621.95,-0.937412569543906,-2.00834166954096,2.9827013218712,-2.1765951913118,-0.358013628902037,"Biomass","12yr","trailing","base1841_2010"
1961,-1634813201727.94,-3501163581304.37,5189305915687.24,-3802310616635.02,-633782170761.711,1708886109621.95,-0.956654274689847,-2.04879866574544,3.03665989586354,-2.22502283518249,-0.370874435220215,"Biomass","12yr","trailing","base1841_2010"
1962,-1619098362319.06,-3487473856366.8,5164033472796.63,-3825016999682.78,-635536625307.523,1708886109621.95,-0.947458319897778,-2.04078776036065,3.02187105607585,-2.23831007704134,-0.371901100798415,"Biomass","12yr","trailing","base1841_2010"
1963,-1608742365433.41,-3497652940232.58,5165416679151.94,-3781264494800.34,-646230643896.094,1708886109621.95,-0.941398233840932,-2.04674432107494,3.02268047593567,-2.21270713917668,-0.378158989213773,"Biomass","12yr","trailing","base1841_2010"
1964,-1604300000256.6,-3497040879966.65,5140715492954.67,-3799129538173.05,-653200962478.758,1708886109621.95,-0.938798666115622,-2.04638615778806,3.00822592214289,-2.22316134280799,-0.382237855876342,"Biomass","12yr","trailing","base1841_2010"
1965,-1581978786973.02,-3463971955869.7,5063807342223.3,-3699809278448.04,-645273644833.295,1708886109621.95,-0.925736816552975,-2.02703500038163,2.96322107934012,-2.16504146040869,-0.377598975847516,"Biomass","12yr","trailing","base1841_2010"
1966,-1546246799121.01,-3421243817233.73,4987618532312.38,-3651906296078.88,-633862993050.781,1708886109621.95,-0.904827296807438,-2.00203149757628,2.91863717788412,-2.13700976063687,-0.370921730524808,"Biomass","12yr","trailing","base1841_2010"
1967,-1543553119202.3,-3436928405545.28,5015565767156.84,-3669417016066.72,-640866731311.348,1708886109621.95,-0.903251018608707,-2.01120975013696,2.93499124307729,-2.14725662254841,-0.375020153597669,"Biomass","12yr","trailing","base1841_2010"
1968,-1538038155418.3,-3466165316551.53,5047283440838.54,-3743476902316.34,-644452333708.766,1708886109621.95,-0.900023791379847,-2.02831850351826,2.95355168048919,-2.19059472789822,-0.377118363874662,"Biomass","12yr","trailing","base1841_2010"
1969,-1533135039452.38,-3490261081028.44,5093852491254.8,-3736773329695.58,-648607299319.582,1708886109621.95,-0.897154603118369,-2.04241877874505,2.98080279462374,-2.18667195470519,-0.379549752126589,"Biomass","12yr","trailing","base1841_2010"
1970,-1530682596683.28,-3490644144808.59,5088633666507.98,-3772875504976.52,-651611832130.746,1708886109621.95,-0.895719491231576,-2.04264293866887,2.97774886100146,-2.20779809943635,-0.3813079341343,"Biomass","12yr","trailing","base1841_2010"
1971,-1512955620783.21,-3472585413957.22,5058362867952.65,-3714368304242.04,-645805795427.049,1708886109621.95,-0.88534608144127,-2.03207539367585,2.96003510091828,-2.1735610602299,-0.377910377871769,"Biomass","12yr","trailing","base1841_2010"
1972,-1507965824886.78,-3477696655735.76,5065813277489.24,-3729537072658.23,-650925208067.406,1708886109621.95,-0.882426170121063,-2.03506637227282,2.96439490552704,-2.18243746710733,-0.380906137865096,"Biomass","12yr","trailing","base1841_2010"
1973,-1630570057334.59,-3572075849502.27,5092301461030.7,-3842738076524.83,-687706003328.09,1708886109621.95,-0.954171286286194,-2.09029485896664,2.97989516817902,-2.24868003484149,-0.402429395063799,"Biomass","12yr","trailing","base1841_2010"
1974,-1645153273427.33,-3615988070692.97,5070832035078.63,-4327107318116.77,-736011295746.484,1708886109621.95,-0.962705041701859,-2.11599125906227,2.9673317645495,-2.53212153446202,-0.430696517223906,"Biomass","12yr","trailing","base1841_2010"
1975,-1640779951975.51,-3605921726947.29,5024047473550.44,-4420230244675.55,-733822038894.223,1708886109621.95,-0.960145876742186,-2.11010067121735,2.93995453837581,-2.58661488310267,-0.429415415551925,"Biomass","12yr","trailing","base1841_2010"
1976,-1688184061468.24,-3645636391184.3,5033707960454.15,-4491670491903.54,-778414641258.145,1708886109621.95,-0.987885647828051,-2.13334075960791,2.94560762833267,-2.62842003724708,-0.455509958724136,"Biomass","12yr","trailing","base1841_2010"
1977,-1738412294344.36,-3688997988588.1,5028420517421.78,-4514983211134.39,-807020905492.363,1708886109621.95,-1.01727802956333,-2.15871494760069,2.94251354090191,-2.64206209279401,-0.472249672431884,"Biomass","12yr","trailing","base1841_2010"
1978,-1872927117357.97,-3777343017516.36,5043616434010.34,-4754858864689.36,-875414150975.896,1708886109621.95,-1.09599294348077,-2.21041238280766,2.95140583425195,-2.78243168922548,-0.512271792746657,"Biomass","12yr","trailing","base1841_2010"
1979,-1996811310343.28,-3942200865926.2,5080978104677.31,-4915160410802.11,-999287533474.984,1708886109621.95,-1.16848706247898,-2.30688332225856,2.97326900609038,-2.87623638762531,-0.584759585702322,"Biomass","12yr","trailing","base1841_2010"
1980,-2223879672110.59,-4195033185349.44,5168813857905.91,-5401093477635.41,-1223607964872.7,1708886109621.95,-1.30136213267166,-2.45483485513115,3.02466842512365,-3.16059300103403,-0.716026631607063,"Biomass","12yr","trailing","base1841_2010"
1981,-2154208014867.02,-4123079251179.09,5227114040248.57,-5258202191197.44,-1066940672872.96,1708886109621.95,-1.260591915832,-2.41272910345747,3.05878432203123,-3.07697637753091,-0.624348613325083,"Biomass","12yr","trailing","base1841_2010"
1982,-2077301250090.46,-4014839317262.75,5166437005335,-5044628617930.1,-1031716904967.33,1708886109621.95,-1.21558788405742,-2.34938963729475,3.0232775468448,-2.9519981404999,-0.603736491951224,"Biomass","12yr","trailing","base1841_2010"
1983,-2031310680373.03,-3961095326916.76,5135470071021.16,-4989950979001.99,-978911334123.406,1708886109621.95,-1.18867528323605,-2.31793991689303,3.00515642447188,-2.92000207088458,-0.57283591259336,"Biomass","12yr","trailing","base1841_2010"
1984,-2004892809282.8,-3957067510316.8,5181828437477.76,-5007295183561.7,-983620910552.648,1708886109621.95,-1.1732161657785,-2.31558293325481,3.03228425130339,-2.93015149187996,-0.575591846065301,"Biomass","12yr","trailing","base1841_2010"
1985,-1961693610616.82,-3938727998159.56,5181041757124.46,-5013802208901.08,-968314631211.266,1708886109621.95,-1.14793700971143,-2.30485108163874,3.03182390444419,-2.93395925022192,-0.566634971025355,"Biomass","12yr","trailing","base1841_2010"
1986,-1904355547707.96,-3838560684197.26,5099288382487.5,-4972412942815.29,-912614201929.93,1708886109621.95,-1.11438412249091,-2.24623552300185,2.98398375045344,-2.90973922417528,-0.534040388526432,"Biomass","12yr","trailing","base1841_2010"
1987,-1851327561393.05,-3791827280658.19,5090195921592.55,-4956481915264.5,-882157428588.699,1708886109621.95,-1.08335339082522,-2.21888823328141,2.97866305597079,-2.90041676116204,-0.516217800368133,"Biomass","12yr","trailing","base1841_2010"
1988,-1831242713362.25,-3767311808601.98,5086937652197,-4936516173413.43,-868002576597.406,1708886109621.95,-1.07160020966369,-2.20454235504051,2.9767563932756,-2.88873327813842,-0.507934713559952,"Biomass","12yr","trailing","base1841_2010"
1989,-1816726491144.82,-3750603295990.22,5115718771154.36,-4948908072948.15,-841052918696.66,1708886109621.95,-1.06310565748979,-2.19476492603708,2.993598427859,-2.89598472659069,-0.492164406955548,"Biomass","12yr","trailing","base1841_2010"
1990,-1776871573364.16,-3751296446346.07,5146270267977.66,-4962552585028.49,-826973928094.828,1708886109621.95,-1.03978349602084,-2.19517054133932,3.01147644597342,-2.90396917447374,-0.483925712450068,"Biomass","12yr","trailing","base1841_2010"
1991,-1765827655176.92,-3741043964255.63,5139655884108.21,-4969907781899.92,-822177070389.18,1708886109621.95,-1.03332085458145,-2.1891710297085,3.00760586394212,-2.90827326286794,-0.481118704025903,"Biomass","12yr","trailing","base1841_2010"
1992,-1735539361785.11,-3670979328337.42,5038063204570.1,-4922353845905.7,-794598499165.172,1708886109621.95,-1.015596856931,-2.14817085098172,2.94815621486013,-2.88044581683366,-0.464980372121439,"Biomass","12yr","trailing","base1841_2010"
1993,-1701418452979.04,-3645237973496.64,5015638549160.68,-4891269889612.6,-787808236252.707,1708886109621.95,-0.995630102789844,-2.13310761493816,2.93503383339588,-2.86225621594799,-0.461006869806549,"Biomass","12yr","trailing","base1841_2010"
1994,-1722949241966.12,-3658655015599.88,5041347297299.22,-4909027443735.4,-784207718149.035,1708886109621.95,-1.0082294146257,-2.14095895273517,2.95007798876339,-2.87264751939578,-0.458899931208711,"Biomass","12yr","trailing","base1841_2010"
1995,-1689221197894.53,-3636516029491.25,4998952972424.99,-4916523370747.5,-772230324557.621,1708886109621.95,-0.988492555696547,-2.12800373823375,2.92526982592824,-2.87703395976175,-0.451891041895389,"Biomass","12yr","trailing","base1841_2010"
1996,-1670363482479.77,-3580059146186.04,4908962559749.06,-4872149758520.32,-756612506198.895,1708886109621.95,-0.977457463709675,-2.09496649661342,2.87260955081147,-2.85106756447226,-0.442751861542298,"Biomass","12yr","trailing","base1841_2010"
1997,-1661817630303.81,-3548587093132.29,4865048028042.09,-4832812809563.46,-744721960991.766,1708886109621.95,-0.972456631806463,-2.07654979062199,2.84691179865601,-2.82804850618898,-0.435793793862902,"Biomass","12yr","trailing","base1841_2010"
1998,-1662953376206.8,-3549653111822.97,4871621476296.13,-4849191737623.24,-745572632019.66,1708886109621.95,-0.973121243623828,-2.077173599713,2.85075842612698,-2.83763307005638,-0.436291586561377,"Biomass","12yr","trailing","base1841_2010"
1999,-1658310473643.78,-3539089014214.63,4859240690821.19,-4842149862949.41,-736877399355.578,1708886109621.95,-0.970404326131858,-2.0709917380027,2.84351348136136,-2.83351233045052,-0.4312033407063,"Biomass","12yr","trailing","base1841_2010"
2000,-1629741636481.01,-3516838522914.97,4826885390085.1,-4849162584083.35,-731241185486.871,1708886109621.95,-0.95368651386695,-2.05797127328338,2.82457991957869,-2.83761601008982,-0.427905160776712,"Biomass","12yr","trailing","base1841_2010"
2001,-1616596846955.57,-3482282688688.24,4779910563820.04,-4833137229952.47,-709606700382.348,1708886109621.95,-0.945994491881732,-2.0377500110049,2.79709135495137,-2.82823834937817,-0.415245168409339,"Biomass","12yr","trailing","base1841_2010"
2002,-1620375875039.14,-3464890831380.89,4765587047212.32,-4798262721729.73,-694945589179.449,1708886109621.95,-0.948205890325607,-2.02757270474123,2.78870956957254,-2.80783060656467,-0.406665830605405,"Biomass","12yr","trailing","base1841_2010"
2003,-1640773109165.65,-3504959196567.18,4847316041294.24,-4845547806841.6,-705448183858.584,1708886109621.95,-0.960141872490631,-2.05101977061688,2.83653545663531,-2.8355007273794,-0.412811702246586,"Biomass","12yr","trailing","base1841_2010"
2004,-1618553337724.43,-3496434674224.67,4842221412323.84,-4821952447945.71,-696458710209.941,1708886109621.95,-0.947139384310691,-2.04603142043104,2.83355419946334,-2.82169327774128,-0.407551273480721,"Biomass","12yr","trailing","base1841_2010"
2005,-1621828059163.1,-3528620525446.63,4910155654513.24,-4823592880033.19,-701116228173.852,1708886109621.95,-0.949055674354968,-2.06486582433937,2.87330772183495,-2.8226532200559,-0.410276743561896,"Biomass","12yr","trailing","base1841_2010"
2006,-1636406887676.93,-3557956893983.02,4954222858935.91,-4879729970203.68,-719226227052.289,1708886109621.95,-0.957586862262547,-2.08203277793049,2.89909481447649,-2.85550332624753,-0.420874289399778,"Biomass","12yr","trailing","base1841_2010"
2007,-1594846934799.13,-3501597137050.35,4862933199997.42,-4827937331195.01,-701736760862.256,1708886109621.95,-0.93326695431561,-2.04905237238133,2.84567425097347,-2.82519549080019,-0.410639864711346,"Biomass","12yr","trailing","base1841_2010"
2008,-1586900755979.62,-3469931235273.21,4822633793915.03,-4804012107655.21,-696935095255.066,1708886109621.95,-0.928617037170886,-2.03052223067156,2.82209198539388,-2.81119501212283,-0.407830042816163,"Biomass","12yr","trailing","base1841_2010"
2009,-1586672767587.83,-3467815661631.21,4821648869451.37,-4791275310270.86,-698704449433.957,1708886109621.95,-0.928483623720743,-2.02928424668299,2.82151563073916,-2.80374173755255,-0.408865427309564,"Biomass","12yr","trailing","base1841_2010"
2010,-1572819038977.96,-3509872210864.08,4907939389406.08,-4813825005295.97,-703384445032.408,1708886109621.95,-0.92037674724029,-2.05389475114907,2.87201081556678,-2.81693728926201,-0.411604050774346,"Biomass","12yr","trailing","base1841_2010"
1900,0,0.00015892172759434,0.0072600127841073,-0.00244140625,0.0009765625,270959088462.234,0,5.86515582467682e-16,2.67937599927348e-14,-9.01023938283686e-15,3.60409575313474e-15,"Biomass variability","12yr","trailing","base1841_2010"
1901,0,0.000252201872051887,0.00788947720419064,-0.002685546875,0.0009765625,270959088462.234,0,9.30774728698713e-16,2.91168576369427e-14,-9.91126332112054e-15,3.60409575313474e-15,"Biomass variability","12yr","trailing","base1841_2010"
1902,0,-9.1552734375e-05,0.00863381688716868,-0.0029296875,0.00128173828125,270959088462.234,0,-3.37883976856382e-16,3.1863913243021e-14,-1.08122872594042e-14,4.73037567598935e-15,"Biomass variability","12yr","trailing","base1841_2010"
1903,0,8.57947007665094e-05,0.00902405251357632,-0.002685546875,0.001708984375,270959088462.234,0,3.1663341227422e-16,3.33041145244112e-14,-9.91126332112054e-15,6.3071675679858e-15,"Biomass variability","12yr","trailing","base1841_2010"
1904,0,2.64869545990566e-05,0.00920336977012405,-0.0028076171875,0.001708984375,270959088462.234,0,9.7752597077947e-17,3.39659017247055e-14,-1.03617752902624e-14,6.3071675679858e-15,"Biomass variability","12yr","trailing","base1841_2010"
1905,0,-0.000209592423349057,0.0090815571322349,-0.0020751953125,0.0009765625,270959088462.234,0,-7.73520550790711e-16,3.35163407279497e-14,-7.65870347541133e-15,3.60409575313474e-15,"Biomass variability","12yr","trailing","base1841_2010"
1906,0,-0.000306327387971698,0.0102141894743364,-0.002197265625,0.00146484375,270959088462.234,0,-1.13053003577104e-15,3.76964269119176e-14,-8.10921544455317e-15,5.40614362970211e-15,"Biomass variability","12yr","trailing","base1841_2010"
1907,0,-0.000118615492334906,0.0108706289981361,-0.0029296875,0.00146484375,270959088462.234,0,-4.37761630392545e-16,4.01190787134318e-14,-1.08122872594042e-14,5.40614362970211e-15,"Biomass variability","12yr","trailing","base1841_2010"
1908,0,-0.000178499041863208,0.0106893806907827,-0.00250244140625,0.00146484375,270959088462.234,0,-6.58767502047034e-16,3.94501647885214e-14,-9.23549536740778e-15,5.40614362970211e-15,"Biomass variability","12yr","trailing","base1841_2010"
1909,0,-5.75803360849057e-05,0.0102002129695888,-0.00244140625,0.00128173828125,270959088462.234,0,-2.12505645821624e-16,3.76448453066392e-14,-9.01023938283686e-15,4.73037567598935e-15,"Biomass variability","12yr","trailing","base1841_2010"
1910,0,-0.000151436283903302,0.00951673155153927,-0.001953125,0.001220703125,270959088462.234,0,-5.58889848510871e-16,3.51223928510731e-14,-7.20819150626949e-15,4.50511969141843e-15,"Biomass variability","12yr","trailing","base1841_2010"
1911,0,-0.000218229473761792,0.00964973512314371,-0.0029296875,0.00177001953125,270959088462.234,0,-8.05396397663955e-16,3.56132550412261e-14,-1.08122872594042e-14,6.53242355255672e-15,"Biomass variability","12yr","trailing","base1841_2010"
1912,0,-0.000314388635023585,0.00898155748505834,-0.00244140625,0.001220703125,270959088462.234,0,-1.16028082618607e-15,3.31472826249567e-14,-9.01023938283686e-15,4.50511969141843e-15,"Biomass variability","12yr","trailing","base1841_2010"
1913,0,-0.000434731537441038,0.00866303609090043,-0.00244140625,0.0018310546875,270959088462.234,0,-1.60441762595326e-15,3.19717494624945e-14,-9.01023938283686e-15,6.75767953712764e-15,"Biomass variability","12yr","trailing","base1841_2010"
1914,0,-0.000100765588148585,0.00772164172445766,-0.002685546875,0.00250244140625,270959088462.234,0,-3.71884880187842e-16,2.84974450138582e-14,-9.91126332112054e-15,9.23549536740778e-15,"Biomass variability","12yr","trailing","base1841_2010"
1915,0,-0.000147405660377358,0.00791923715460001,-0.0029296875,0.001953125,270959088462.234,0,-5.44014453303357e-16,2.92266895328878e-14,-1.08122872594042e-14,7.20819150626949e-15,"Biomass variability","12yr","trailing","base1841_2010"
1916,0,-0.00010997844192217,0.00790866281635268,-0.001953125,0.001708984375,270959088462.234,0,-4.05885783519302e-16,2.91876639430567e-14,-7.20819150626949e-15,6.3071675679858e-15,"Biomass variability","12yr","trailing","base1841_2010"
1917,0,-3.22449882075472e-05,0.00820061492029858,-0.0018310546875,0.00152587890625,270959088462.234,0,-1.19003161660109e-16,3.02651406411177e-14,-6.75767953712764e-15,5.63139961427303e-15,"Biomass variability","12yr","trailing","base1841_2010"
1918,0,-0.000107675228478774,0.00876380401318433,-0.001953125,0.001953125,270959088462.234,0,-3.97385557686437e-16,3.23436429570282e-14,-7.20819150626949e-15,7.20819150626949e-15,"Biomass variability","12yr","trailing","base1841_2010"
1919,0,-0.000249898658608491,0.00946027296370817,-0.00244140625,0.002685546875,270959088462.234,0,-9.22274502865848e-16,3.49140271226839e-14,-9.01023938283686e-15,9.91126332112054e-15,"Biomass variability","12yr","trailing","base1841_2010"
1920,0,0.000312085421580189,0.0112077708709139,-0.001708984375,0.00244140625,270959088462.234,0,1.1517806003532e-15,4.13633325035192e-14,-6.3071675679858e-15,9.01023938283686e-15,"Biomass variability","12yr","trailing","base1841_2010"
1921,0,0.000184257075471698,0.0116106473404445,-0.001953125,0.002197265625,270959088462.234,0,6.80018066629197e-16,4.28501860053414e-14,-7.20819150626949e-15,8.10921544455317e-15,"Biomass variability","12yr","trailing","base1841_2010"
1922,0,0.000461218492040094,0.0117280347185731,-0.001708984375,0.00244140625,270959088462.234,0,1.70217022303121e-15,4.32834151647501e-14,-6.3071675679858e-15,9.01023938283686e-15,"Biomass variability","12yr","trailing","base1841_2010"
1923,0,0.000922436984080189,0.01243148144567,-0.001953125,0.003173828125,270959088462.234,0,3.40434044606242e-15,4.58795514711168e-14,-7.20819150626949e-15,1.17133111976879e-14,"Biomass variability","12yr","trailing","base1841_2010"
1924,0,0.00121724830483491,0.0122808711347618,-0.00152587890625,0.003173828125,270959088462.234,0,4.49236935266913e-15,4.53237099536282e-14,-5.63139961427303e-15,1.17133111976879e-14,"Biomass variability","12yr","trailing","base1841_2010"
1925,0,0.00138480708284198,0.0100729012066598,-0.00128173828125,0.00274658203125,270959088462.234,0,5.11076078201006e-15,3.71749892717244e-14,-4.73037567598935e-15,1.01365193056915e-14,"Biomass variability","12yr","trailing","base1841_2010"
1926,0,0.00138998931308962,0.0099791563854222,-0.00146484375,0.0029296875,270959088462.234,0,5.129886290134e-15,3.68290151921332e-14,-5.40614362970211e-15,1.08122872594042e-14,"Biomass variability","12yr","trailing","base1841_2010"
1927,0,0.0012183999115566,0.00969510737684308,-0.0009765625,0.0029296875,270959088462.234,0,4.49661946558556e-15,3.5780705610819e-14,-3.60409575313474e-15,1.08122872594042e-14,"Biomass variability","12yr","trailing","base1841_2010"
1928,0,0.000942014298349057,0.00860991258088189,-0.0009765625,0.0029296875,270959088462.234,0,3.47659236564177e-15,3.17756921524406e-14,-3.60409575313474e-15,1.08122872594042e-14,"Biomass variability","12yr","trailing","base1841_2010"
1929,0,0.000948923938679245,0.00850423324192882,-0.0009765625,0.0029296875,270959088462.234,0,3.50209304314036e-15,3.13856726127646e-14,-3.60409575313474e-15,1.08122872594042e-14,"Biomass variability","12yr","trailing","base1841_2010"
1930,0,0.000966773842865566,0.00785578644119577,-0.000732421875,0.002685546875,270959088462.234,0,3.56796979334507e-15,2.89925187074531e-14,-2.70307181485106e-15,9.91126332112054e-15,"Biomass variability","12yr","trailing","base1841_2010"
1931,-17829487.0410156,6125391844.29959,33468185283.377,-131522682.390808,341307643.167725,270959088462.234,-6.58013988096976e-05,0.0226063347019022,0.123517485511624,-0.000485396829230695,0.0012596279575073,"Biomass variability","12yr","trailing","base1841_2010"
1932,-8378408284.83789,24345794829.1888,269777204339.727,-27422089203.0953,-2900036920.15503,270959088462.234,-0.0309213037746311,0.0898504455685829,0.995638145488256,-0.101203799284693,-0.0107028590058135,"Biomass variability","12yr","trailing","base1841_2010"
1933,-14141498534.3364,71649250369.9035,582459176823.481,-39885618516.1774,-4178130921.4613,270959088462.234,-0.0521905303660166,0.26442829718882,2.1496203730574,-0.147201626424635,-0.0154197851239215,"Biomass variability","12yr","trailing","base1841_2010"
1934,-9016675083.70386,173271178952.619,947092967239.54,-30868046406.0067,5945567959.14526,270959088462.234,-0.0332768874256107,0.639473582288675,3.49533567083705,-0.113921428438482,0.0219426777410861,"Biomass variability","12yr","trailing","base1841_2010"
1935,-14958069576.7501,231378063410.857,1199813941341.71,-55459512965.7311,9704561459.31671,270959088462.234,-0.0552041625975387,0.853922504404592,4.42802619447452,-0.20467854863433,0.0358155967913559,"Biomass variability","12yr","trailing","base1841_2010"
1936,-15077294892.4199,316331457663.795,1380306671307.68,-55539368486.6491,57232145258.7488,270959088462.234,-0.0556441748383035,1.16745099586458,5.09415158997357,-0.204973262944786,0.211220614829923,"Biomass variability","12yr","trailing","base1841_2010"
1937,30068321237.6953,499876972010.45,1571438499258.94,-5666554211.70554,184049367664.564,270959088462.234,0.110969967489709,1.84484297923862,5.79954157720737,-0.0209129512645793,0.679251501431799,"Biomass variability","12yr","trailing","base1841_2010"
1938,123841912233.842,633577431652.328,1649449760941.34,23878073808.3563,403857020741.99,270959088462.234,0.457050224580685,2.33827710023698,6.08744947549982,0.0881242771514724,1.49047231828977,"Biomass variability","12yr","trailing","base1841_2010"
1939,245013067008.791,807431978028.34,1699389865292.89,77137686456.3314,655193164314.054,270959088462.234,0.904243767571355,2.9799036548681,6.27175812753646,0.284683886759837,2.41805199461089,"Biomass variability","12yr","trailing","base1841_2010"
1940,168879895841.452,685808385939.321,1497435445195.79,41467707177.3217,565064614486.739,270959088462.234,0.623267138961423,2.53104034941757,5.52642634611055,0.153040473425941,2.08542410477402,"Biomass variability","12yr","trailing","base1841_2010"
1941,178623679974.248,659974899523.822,1330468671132.84,44863857895.8022,592839416610.826,270959088462.234,0.659227490718193,2.43569943813052,4.91021976300412,0.165574287064577,2.18792962426671,"Biomass variability","12yr","trailing","base1841_2010"
1942,121038766890.219,510805090616.201,1027539211371.63,27683232523.0098,412874388068.334,270959088462.234,0.446704953050832,1.88517422875592,3.79223010087313,0.102167573267682,1.52375176050195,"Biomass variability","12yr","trailing","base1841_2010"
1943,49611214892.8712,308264690120.547,680967788960.631,8164434792.98376,207054161340.392,270959088462.234,0.18309485455693,1.13767983155698,2.51317567100372,0.0301316144784776,0.76415285612112,"Biomass variability","12yr","trailing","base1841_2010"
1944,-1443437166.56494,131465899851.282,465990929506.167,-15461227977.5364,39186173036.8533,270959088462.234,-0.00532714062021996,0.485187267928109,1.71978335235327,-0.057061115998297,0.144620257099495,"Biomass variability","12yr","trailing","base1841_2010"
1945,-16234353287.828,39829364402.4549,270653480514.299,-42344333106.1987,-2191214442.68335,270959088462.234,-0.0599144076692991,0.146994015327175,0.998872125125347,-0.15627574386419,-0.00808688298709255,"Biomass variability","12yr","trailing","base1841_2010"
1946,-19424010927.1301,4903816453.61839,145839613952.703,-45268423239.7405,-4559391635.09991,270959088462.234,-0.071686139178304,0.0180979958319496,0.538234811684607,-0.167067373516242,-0.0168268636456363,"Biomass variability","12yr","trailing","base1841_2010"
1947,-19996548920.5508,-13812588934.1105,64391399420.9463,-39197826550.5906,-7609689105.39587,270959088462.234,-0.073799144490914,-0.050976658552037,0.23764251565203,-0.14466326548797,-0.0280842733439314,"Biomass variability","12yr","trailing","base1841_2010"
1948,-27715682949.0862,-34120663811.6979,36881754276.3223,-53245105497.7483,-10835712861.9511,270959088462.234,-0.102287334617119,-0.125925518886788,0.136115582930383,-0.196506069606037,-0.0399902174289362,"Biomass variability","12yr","trailing","base1841_2010"
1949,-21389213328.645,-27263937026.6773,37352760530.8429,-41028146707.0977,-8746069129.45721,270959088462.234,-0.0789389034707584,-0.100620123803219,0.1378538758114,-0.151418234169385,-0.032278190700646,"Biomass variability","12yr","trailing","base1841_2010"
1950,-933449562.689087,8546164486.63239,47023724089.6229,-4624136656.11462,8907150219.40955,270959088462.234,-0.0034449834031649,0.0315404238150275,0.173545476390902,-0.0170658112350386,0.0328726756129865,"Biomass variability","12yr","trailing","base1841_2010"
1951,23430669580.8115,53498203939.852,87745841538.4099,6508442239.50836,65099042441.9701,270959088462.234,0.0864730897708096,0.197440153210836,0.323834280800069,0.0240200182117733,0.240254138775801,"Biomass variability","12yr","trailing","base1841_2010"
1952,-2747383907.87769,6156490982.37435,57051631800.8733,-8467878634.73987,5141939186.04596,270959088462.234,-0.0101394787068034,0.0227211089958787,0.210554412936125,-0.031251502515739,0.0189768101717047,"Biomass variability","12yr","trailing","base1841_2010"
1953,-7531313586.28638,-348394099.777588,58309169158.5192,-15818590921.9662,-1088778438.10187,270959088462.234,-0.0277950211193454,-0.00128578119211582,0.215195472827427,-0.0583799975551328,-0.00401823922674444,"Biomass variability","12yr","trailing","base1841_2010"
1954,-16351948236.1271,-13669144413.8067,63206468063.235,-28677458720.7698,-7603031017.53943,270959088462.234,-0.060348402885944,-0.0504472630587249,0.233269415032169,-0.105836858558693,-0.0280597010444959,"Biomass variability","12yr","trailing","base1841_2010"
1955,-54036923145.5117,-67655090283.5115,76449807346.1858,-100344303750.332,-21911566706.2134,270959088462.234,-0.199428347106516,-0.249687473734401,0.282145204207982,-0.370330090493781,-0.0808666977386417,"Biomass variability","12yr","trailing","base1841_2010"
1956,-76608166447.6221,-100425161267.133,100611549926.454,-147291453877.6,-29069248900.9487,270959088462.234,-0.282729643365698,-0.370628502764282,0.371316387641588,-0.543592963474739,-0.107282797066983,"Biomass variability","12yr","trailing","base1841_2010"
1957,-32086615291.1735,-35425477447.4009,101336222730.732,-72100033206.0412,-11244214964.0752,270959088462.234,-0.118418671517068,-0.130741056328651,0.373990860782127,-0.266091953642257,-0.0414978328569421,"Biomass variability","12yr","trailing","base1841_2010"
1958,-9707588568.45007,3145380010.37886,115520274401.03,-32832868746.1783,2651402593.53174,270959088462.234,-0.0358267686223158,0.011608320755099,0.426338437498586,-0.121172790078804,0.00978525063905094,"Biomass variability","12yr","trailing","base1841_2010"
1959,30265822255.317,87814272015.7731,172739713063.088,7813790274.70282,96235873089.1839,270959088462.234,0.111698863570451,0.324086829912747,0.637512157438349,0.0288375279052206,0.35516754073594,"Biomass variability","12yr","trailing","base1841_2010"
1960,10802915195.3155,55195016586.7379,134261147874.82,2608673002.45874,59771539904.3131,270959088462.234,0.0398691745555572,0.203702399871451,0.495503393655433,0.00962755306442629,0.220592489602518,"Biomass variability","12yr","trailing","base1841_2010"
1961,13169099007.5687,60114855221.316,145429790655.785,4690457.74499512,66152204708.618,270959088462.234,0.0486017984571281,0.221859527069138,0.536722320262953,1.73105754511307e-05,0.24414093317205,"Biomass variability","12yr","trailing","base1841_2010"
1962,8098337401.28394,39405522876.5463,119696261555.093,-905891721.239624,34501616712.6238,270959088462.234,0.0298876758378698,0.145429788313001,0.441750310847299,-0.00334327859744732,0.127331461396736,"Biomass variability","12yr","trailing","base1841_2010"
1963,792574680.694214,12035574782.8418,84425724201.18,-6743496781.59003,15456657661.8632,270959088462.234,0.00292507140170971,0.0444184206964486,0.311581075505969,-0.0248875091064898,0.0570442488184613,"Biomass variability","12yr","trailing","base1841_2010"
1964,-7427475354.89856,-16651589456.3097,58837155857.7876,-20941603038.5325,-1161144263.61871,270959088462.234,-0.0274117963602973,-0.0614542569906473,0.217144057398865,-0.0772869555968087,-0.00428531211190781,"Biomass variability","12yr","trailing","base1841_2010"
1965,-9309575184.59985,-22309332346.3867,52804020818.9638,-25355277538.5864,-3290010565.12732,270959088462.234,-0.0343578627955762,-0.0823346892440411,0.194878205114435,-0.0935760364506848,-0.0121420934200769,"Biomass variability","12yr","trailing","base1841_2010"
1966,-10685127039.5948,-26091974838.2569,57719556947.8479,-28672914823.7455,-3606893063.22943,270959088462.234,-0.0394344662887516,-0.0962948871223911,0.213019453510203,-0.105820088879366,-0.0133115780825051,"Biomass variability","12yr","trailing","base1841_2010"
1967,-9176486618.83716,-27124216141.2876,60998118193.3589,-27886748903.5123,-3252671920.68097,270959088462.234,-0.0338666869264884,-0.10010447073477,0.225119292139413,-0.102918669610889,-0.0120042916410029,"Biomass variability","12yr","trailing","base1841_2010"
1968,-11937524498.8438,-27611980762.0379,55118056371.3021,-31476841152.1354,-3329727737.84613,270959088462.234,-0.0440565569016061,-0.101904611942501,0.203418370958184,-0.116168242706952,-0.0122886733814438,"Biomass variability","12yr","trailing","base1841_2010"
1969,-9196770754.3595,-25315900042.5305,53401252077.2324,-27650397535.0522,-3528882079.91235,270959088462.234,-0.033941547436381,-0.0934307100979894,0.197082343243398,-0.102046392656455,-0.013023671211546,"Biomass variability","12yr","trailing","base1841_2010"
1970,-6011331197.85522,-18307245244.9017,52780184901.8138,-18140080055.3806,-1651027887.05841,270959088462.234,-0.0221853831586574,-0.0675646103948762,0.194790236420397,-0.0669476715408604,-0.00609327369835955,"Biomass variability","12yr","trailing","base1841_2010"
1971,-258800191.01178,-9154677567.00545,58691056319.0535,-11480789168.9342,4136410544.27734,270959088462.234,-0.00095512644540008,-0.0337861985695357,0.216604863310328,-0.0423709322100645,0.0152658121480722,"Biomass variability","12yr","trailing","base1841_2010"
1972,-1648516928.10327,-12861609643.8748,51937323285.2775,-9289507462.51654,264859510.496094,270959088462.234,-0.00608400676817688,-0.0474669800406694,0.191679576352415,-0.0342838009798342,0.00097748893384327,"Biomass variability","12yr","trailing","base1841_2010"
1973,-4057549315.04126,-10549813935.9887,66592705825.4701,-12283262666.2222,-668500745.62915,270959088462.234,-0.0149747673645824,-0.0389350805535319,0.245766643973456,-0.0453325361254091,-0.00246716487504838,"Biomass variability","12yr","trailing","base1841_2010"
1974,-4418235098.01733,3890919122.76322,149634873080.688,-11608674639.5226,-878360819.820923,270959088462.234,-0.0163059121695899,0.0143598029682091,0.552241572445147,-0.0428429055670544,-0.00324167321644702,"Biomass variability","12yr","trailing","base1841_2010"
1975,-4986328188.39514,12900163984.6699,206727849200.627,-17416997673.0942,-1012662578.19012,270959088462.234,-0.0184025131494717,0.0476092684614559,0.762948570479266,-0.0642790680022594,-0.00373732648695143,"Biomass variability","12yr","trailing","base1841_2010"
1976,-4732663357.6203,21327834862.3759,258260067382.4,-15887253700.0624,736336625.351776,270959088462.234,-0.0174663392340129,0.0787123804682734,0.953133068346572,-0.0586334039955139,0.00271751956921129,"Biomass variability","12yr","trailing","base1841_2010"
1977,-1501815277.1474,39766145571.1794,325230914193.308,-11669101028.2917,7627095283.97125,270959088462.234,-0.00554259052785646,0.146760700284545,1.2002952771914,-0.0430659148379817,0.028148512483036,"Biomass variability","12yr","trailing","base1841_2010"
1978,6014747119.5354,66921939394.3949,361337477109.313,-5432350751.20819,25385071081.8354,270959088462.234,0.0221979899388897,0.246981711424388,1.33354994349885,-0.020048601366495,0.0936859923241641,"Biomass variability","12yr","trailing","base1841_2010"
1979,31427348661.7712,129323292374.953,421176989140.566,1638672867.51288,81236973687.9976,270959088462.234,0.115985586016435,0.47727977352189,1.5543932906287,0.00604767633672222,0.299812691831225,"Biomass variability","12yr","trailing","base1841_2010"
1980,8786248861.01147,85945639415.9622,387461092110.629,-9263777870.87732,39251989804.1161,270959088462.234,0.0324264777788994,0.317190465555988,1.42996160161881,-0.0341888435019905,0.144863160069226,"Biomass variability","12yr","trailing","base1841_2010"
1981,14177272171.3032,93339363216.8845,385062375579.272,-4403204929.26343,53753405891.5044,270959088462.234,0.0523225563377964,0.344477698631961,1.42110891265764,-0.016250441918198,0.198382000015461,"Biomass variability","12yr","trailing","base1841_2010"
1982,20280645871.0139,100627402351.419,373425340836.963,-6407101683.68469,60358099078.2615,270959088462.234,0.0748476310062601,0.371374892506861,1.37816134146395,-0.0236460113593041,0.222757241400574,"Biomass variability","12yr","trailing","base1841_2010"
1983,14592208961.0575,80006596639.3518,322001196903.905,-7018937508.6543,55834220243.2879,270959088462.234,0.0538539195856917,0.295271869614748,1.18837570177604,-0.0259040490152541,0.206061441083826,"Biomass variability","12yr","trailing","base1841_2010"
1984,5268613829.29639,21415147331.4957,228679503023.03,-15631418450.576,33692204366.3699,270959088462.234,0.0194443148565239,0.0790346153474031,0.843963213490447,-0.0576892199456698,0.124344249006675,"Biomass variability","12yr","trailing","base1841_2010"
1985,-1004617103.49207,-7087382677.64365,186076712799.246,-20501382321.1547,18508195026.9963,270959088462.234,-0.00370763390589161,-0.0261566523487603,0.686733609325606,-0.0756622796360348,0.0683062344652667,"Biomass variability","12yr","trailing","base1841_2010"
1986,-2162316100.86816,-14526783720.0088,160591629036.137,-23588539712.8564,15646323747.8184,270959088462.234,-0.0079802309386996,-0.0536124615802786,0.592678510794885,-0.0870557243409981,0.0577442293470038,"Biomass variability","12yr","trailing","base1841_2010"
1987,-17845790123.1815,-36916758383.924,122761386947.766,-44180436912.3917,-3134307230.78656,270959088462.234,-0.0658615668677555,-0.136244768881666,0.45306244438771,-0.16305205764873,-0.0115674556206053,"Biomass variability","12yr","trailing","base1841_2010"
1988,-31239056187.9854,-46705781432.6561,92306169539.3166,-56620758321.5159,-11552023510.5624,270959088462.234,-0.115290674932793,-0.172372079112474,0.340664600191781,-0.208964233836384,-0.0426338292475193,"Biomass variability","12yr","trailing","base1841_2010"
1989,-20219894536.787,-29471715891.1257,72385534761.5032,-46056193001.6348,-8549560572.56683,270959088462.234,-0.0746234224935591,-0.108768139346739,0.267145623984457,-0.169974711913212,-0.0315529573895745,"Biomass variability","12yr","trailing","base1841_2010"
1990,2029892098.46582,20769486205.8633,98405520672.7328,-8098482017.83435,20262270848.9157,270959088462.234,0.00749150770319609,0.0766517422380468,0.363174829201008,-0.0298882095588504,0.0747798162590136,"Biomass variability","12yr","trailing","base1841_2010"
1991,152382945.593384,21308448442.2976,96471567170.9893,-4558265242.1817,10625167746.9478,270959088462.234,0.000562383592512796,0.0786408330616579,0.356037391912157,-0.016822706586633,0.0392131808799937,"Biomass variability","12yr","trailing","base1841_2010"
1992,7048838341.40295,29684643730.5608,92859535778.3374,-468961609.602844,32702768879.3351,270959088462.234,0.0260144008507225,0.109553969564295,0.342706850341652,-0.00173074692664611,0.120692644284169,"Biomass variability","12yr","trailing","base1841_2010"
1993,10588472134.2465,24548971508.5588,79348305582.006,97913682.2028503,33644023885.3755,270959088462.234,0.0390777522700526,0.0906002882128104,0.292842384554543,0.000361359653069904,0.124166434410133,"Biomass variability","12yr","trailing","base1841_2010"
1994,11613132044.2439,20950016067.4354,79618385712.9338,-684703098.093018,33207113214.4177,270959088462.234,0.0428593560384025,0.0773180046712304,0.293839140679095,-0.00252696118066713,0.122553974486986,"Biomass variability","12yr","trailing","base1841_2010"
1995,12518925359.587,19121490753.2592,92465731825.8971,-501285434.354004,39900542706.8875,270959088462.234,0.0462022714596336,0.0705696600242449,0.341253479817433,-0.0018500410419851,0.147256705554089,"Biomass variability","12yr","trailing","base1841_2010"
1996,17300490813.316,24053838174.3923,115558988313.196,1024096295.63013,51862514415.9916,270959088462.234,0.063849088478637,0.0887729520751795,0.426481314832523,0.00377952369651872,0.19140348718445,"Biomass variability","12yr","trailing","base1841_2010"
1997,13157379935.1752,9718914917.21226,131247320366.874,-261214123.862427,41491627556.9714,270959088462.234,0.048558548118267,0.0358685695776794,0.484380579783235,-0.000964035291618698,0.153128753836779,"Biomass variability","12yr","trailing","base1841_2010"
1998,12805369363.3663,2776747623.57863,142489864878.047,-1525087548.1803,38500201256.7539,270959088462.234,0.0472594199959863,0.0102478482612907,0.525872247676635,-0.00562847903288862,0.142088613728563,"Biomass variability","12yr","trailing","base1841_2010"
1999,7964141986.18079,-8689625119.65217,150149207948.386,-3698535048.96582,29610796908.3885,270959088462.234,0.0293924150371904,-0.0320698787738331,0.554139773648204,-0.0136497914499049,0.109281430921685,"Biomass variability","12yr","trailing","base1841_2010"
2000,557116465.327637,-29312831075.4067,154559316158.555,-13531406079.5268,8720212937.65186,270959088462.234,0.0020560907127693,-0.108181759991019,0.570415692773843,-0.0499389267816081,0.0321827659929822,"Biomass variability","12yr","trailing","base1841_2010"
2001,-14714816969.1992,-52514356812.0916,154214089864.444,-33469623166.8598,-7055452142.67004,270959088462.234,-0.0543064159711702,-0.193809172853823,0.569141602666476,-0.123522792155852,-0.0260388097063347,"Biomass variability","12yr","trailing","base1841_2010"
2002,-12845974173.1243,-34283545338.8319,93860102160.6103,-28167486997.8378,-4587216068.84589,270959088462.234,-0.0474092758653294,-0.126526648481881,0.346399534679909,-0.103954759951755,-0.0169295523352974,"Biomass variability","12yr","trailing","base1841_2010"
2003,-19681100571.9622,-40257485226.0139,76007941877.2691,-44081649604.2956,-9592631895.0614,270959088462.234,-0.0726349526921488,-0.1485740354918,0.280514458136963,-0.162687473797136,-0.0354025102073607,"Biomass variability","12yr","trailing","base1841_2010"
2004,-21002440425.8005,-40386491602.563,56684931486.2788,-48455154587.4573,-10682256011.5905,270959088462.234,-0.0775114816963514,-0.149050145657661,0.209201070936505,-0.17882830527093,-0.0394238704898777,"Biomass variability","12yr","trailing","base1841_2010"
2005,-16713759138.4395,-31410282515.7972,50188119845.5556,-35025713952.3665,-7104106736.36383,270959088462.234,-0.061683700049681,-0.115922601799626,0.185223976543421,-0.129265691551986,-0.0262183740603851,"Biomass variability","12yr","trailing","base1841_2010"
2006,-9823952949.24268,-20195208340.9308,38296575933.4228,-23283352488.4902,-4535447169.86108,270959088462.234,-0.0362562223138417,-0.0745323157659852,0.141337115321601,-0.0859294021862468,-0.0167384943446664,"Biomass variability","12yr","trailing","base1841_2010"
2007,-6945378419.11597,-16584894169.8931,39662756535.0905,-19238132556.3788,-2201346204.81195,270959088462.234,-0.0256325722769915,-0.0612081117633544,0.146379133322995,-0.0710001375689607,-0.00812427520813264,"Biomass variability","12yr","trailing","base1841_2010"
2008,-9539972522.23975,-20619241569.0172,43302832188.171,-24285146893.2396,-2978875167.61969,270959088462.234,-0.0352081658392846,-0.0760972502750762,0.159813174874208,-0.0896266186569506,-0.0109938189729143,"Biomass variability","12yr","trailing","base1841_2010"
2009,-8112088023.85645,-18857191530.486,43221371275.4364,-21449161698.5415,-1718751657.78107,270959088462.234,-0.0299384238037363,-0.0695942388849389,0.159512535714263,-0.0791601485680781,-0.00634321464371409,"Biomass variability","12yr","trailing","base1841_2010"
2010,-4044299386.07532,-17309472518.9953,58806758256.5342,-16822776184.2754,-278346067.765381,270959088462.234,-0.0149258672555617,-0.0638822363081865,0.217031872192508,-0.0620860377105236,-0.0010272623418726,"Biomass variability","12yr","trailing","base1841_2010"
1900,0,8.3790416952842e-18,1.05572206319225e-16,0,0,0.00134936599730986,0,6.20961378305731e-15,7.82383775267028e-14,0,0,"Slope","12yr","trailing","base1841_2010"
1901,0,-1.36159427548368e-17,1.48364833382656e-16,0,0,0.00134936599730986,0,-1.00906223974681e-14,1.09951513287307e-13,0,0,"Slope","12yr","trailing","base1841_2010"
1902,0,6.28428127146315e-18,1.39958480774642e-16,0,0,0.00134936599730986,0,4.65721033729298e-15,1.03721659693269e-13,0,0,"Slope","12yr","trailing","base1841_2010"
1903,0,-3.35161667811368e-17,1.92854309745532e-16,0,0,0.00134936599730986,0,-2.48384551322292e-14,1.42922165024176e-13,0,0,"Slope","12yr","trailing","base1841_2010"
1904,0,-2.09476042382105e-18,1.0588495176485e-16,0,0,0.00134936599730986,0,-1.55240344576433e-15,7.84701496672845e-14,0,0,"Slope","12yr","trailing","base1841_2010"
1905,0,-1.15211823310158e-17,1.24588700780993e-16,0,0,0.00134936599730986,0,-8.5382189517038e-15,9.23312881971067e-14,0,0,"Slope","12yr","trailing","base1841_2010"
1906,0,-5.23690105955263e-18,1.04665225306219e-16,0,0,0.00134936599730986,0,-3.88100861441082e-15,7.75662240747747e-14,0,0,"Slope","12yr","trailing","base1841_2010"
1907,0,-1.46633229667474e-17,1.56693027584042e-16,0,0,0.00134936599730986,0,-1.08668241203503e-14,1.16123444563172e-13,0,0,"Slope","12yr","trailing","base1841_2010"
1908,0,3.14214063573158e-18,1.23200879030919e-16,0,0,0.00134936599730986,0,2.32860516864649e-15,9.13027890702269e-14,0,0,"Slope","12yr","trailing","base1841_2010"
1909,0,-7.33166148337368e-18,8.19899051574475e-17,0,0,0.00134936599730986,0,-5.43341206017514e-15,6.07617987417091e-14,0,0,"Slope","12yr","trailing","base1841_2010"
1910,0,1.57107031786579e-17,1.27837335802873e-16,0,0,0.00134936599730986,0,1.16430258432325e-14,9.47388151604038e-14,0,0,"Slope","12yr","trailing","base1841_2010"
1911,0,-2.09476042382105e-18,1.03654659088501e-16,0,0,0.00134936599730986,0,-1.55240344576433e-15,7.68173047899163e-14,0,0,"Slope","12yr","trailing","base1841_2010"
1912,0,1.78054636024789e-17,1.25715984206494e-16,0,0,0.00134936599730986,0,1.31954292889968e-14,9.3166705295024e-14,0,0,"Slope","12yr","trailing","base1841_2010"
1913,0,1.15211823310158e-17,1.18829038470496e-16,0,0,0.00134936599730986,0,8.5382189517038e-15,8.80628670852806e-14,0,0,"Slope","12yr","trailing","base1841_2010"
1914,0,4.1895208476421e-18,1.4169599531373e-16,0,0,0.00134936599730986,0,3.10480689152865e-15,1.05009312222347e-13,0,0,"Slope","12yr","trailing","base1841_2010"
1915,0,4.1895208476421e-18,1.12251505718591e-16,0,0,0.00134936599730986,0,3.10480689152865e-15,8.31883313662702e-14,0,0,"Slope","12yr","trailing","base1841_2010"
1916,0,5.23690105955263e-18,9.53177357601252e-17,0,0,0.00134936599730986,0,3.88100861441082e-15,7.06389044559841e-14,0,0,"Slope","12yr","trailing","base1841_2010"
1917,0,-2.40897448739421e-17,1.14905641006044e-16,0,0,0.00134936599730986,0,-1.78526396262898e-14,8.51552812469877e-14,0,0,"Slope","12yr","trailing","base1841_2010"
1918,0,2.09476042382105e-18,1.24167769351248e-16,0,0,0.00134936599730986,0,1.55240344576433e-15,9.20193406375973e-14,0,0,"Slope","12yr","trailing","base1841_2010"
1919,0,1.25685625429263e-17,1.34414784486783e-16,0,0,0.00134936599730986,0,9.31442067458596e-15,9.96132885775666e-14,0,0,"Slope","12yr","trailing","base1841_2010"
1920,0,2.09476042382105e-18,1.03654659088501e-16,0,0,0.00134936599730986,0,1.55240344576433e-15,7.68173047899163e-14,0,0,"Slope","12yr","trailing","base1841_2010"
1921,0,3.14214063573158e-18,9.29288510695973e-17,0,0,0.00134936599730986,0,2.32860516864649e-15,6.88685288163946e-14,0,0,"Slope","12yr","trailing","base1841_2010"
1922,0,-2.09476042382105e-18,1.0588495176485e-16,0,0,0.00134936599730986,0,-1.55240344576433e-15,7.84701496672845e-14,0,0,"Slope","12yr","trailing","base1841_2010"
1923,0,4.1895208476421e-18,1.01310054973014e-16,0,0,0.00134936599730986,0,3.10480689152865e-15,7.50797449876379e-14,0,0,"Slope","12yr","trailing","base1841_2010"
1924,0,-1.04738021191052e-18,9.54563966200865e-17,0,0,0.00134936599730986,0,-7.76201722882163e-16,7.07416644634526e-14,0,0,"Slope","12yr","trailing","base1841_2010"
1925,0,4.1895208476421e-18,1.10150196897689e-16,0,0,0.00134936599730986,0,3.10480689152865e-15,8.1631074976906e-14,0,0,"Slope","12yr","trailing","base1841_2010"
1926,0,-4.1895208476421e-18,1.20290228921784e-16,0,0,0.00134936599730986,0,-3.10480689152865e-15,8.91457389333942e-14,0,0,"Slope","12yr","trailing","base1841_2010"
1927,0,3.14214063573158e-18,1.15365150526607e-16,0,0,0.00134936599730986,0,2.32860516864649e-15,8.54958185967351e-14,0,0,"Slope","12yr","trailing","base1841_2010"
1928,0,1.04738021191052e-18,1.04791518233375e-16,0,0,0.00134936599730986,0,7.76201722882163e-16,7.76598183460161e-14,0,0,"Slope","12yr","trailing","base1841_2010"
1929,0,5.23690105955263e-18,1.25012623295861e-16,0,0,0.00134936599730986,0,3.88100861441082e-15,9.2645452416238e-14,0,0,"Slope","12yr","trailing","base1841_2010"
1930,0,4.1895208476421e-18,1.10150196897689e-16,0,0,0.00134936599730986,0,3.10480689152865e-15,8.1631074976906e-14,0,0,"Slope","12yr","trailing","base1841_2010"
1931,-3.36804471164909e-05,-6.77828371956823e-05,0.000101135947337314,-7.46180883188785e-05,-1.24173147464379e-05,0.00134936599730986,-0.0249602014454471,-0.0502331000861265,0.0749507157724011,-0.0552986279983632,-0.00920233262968939,"Slope","12yr","trailing","base1841_2010"
1932,-0.000182552907071587,-0.000375357746903584,0.00056146902057667,-0.000410261821614577,-7.03569098491341e-05,0.00134936599730986,-0.135287911089749,-0.278173414516082,0.416098391167431,-0.304040432642061,-0.0521407164471313,"Slope","12yr","trailing","base1841_2010"
1933,-0.000238969181318271,-0.000562057844195044,0.000863386189540347,-0.000645332461731152,-9.1841478249588e-05,0.00134936599730986,-0.177097378913273,-0.416534761744092,0.639845817414711,-0.478248646414469,-0.0680626890203888,"Slope","12yr","trailing","base1841_2010"
1934,-0.000591799572887908,-0.00108648928103055,0.00144525152905542,-0.00115685869440646,-0.000342052405998217,0.00134936599730986,-0.438576023160312,-0.805185015182395,1.07105969168981,-0.857334997852923,-0.253491200074807,"Slope","12yr","trailing","base1841_2010"
1935,-0.00101352314879233,-0.00152719074189188,0.00181183189066076,-0.00161291418753795,-0.000550761395884281,0.00134936599730986,-0.751110633299578,-1.13178392292123,1.34272828444831,-1.19531260662674,-0.408163090653162,"Slope","12yr","trailing","base1841_2010"
1936,-0.00123429919889173,-0.00180891916275569,0.00214400747086227,-0.00196756450344227,-0.000682389315843412,0.00134936599730986,-0.914725286803185,-1.34056969448022,1.58889987974843,-1.45813997637769,-0.505711065199393,"Slope","12yr","trailing","base1841_2010"
1937,-0.00138745242552585,-0.00204432042290347,0.00243492623288124,-0.00222145419406627,-0.00081313089352858,0.00134936599730986,-1.02822542460082,-1.51502292704803,1.80449651001699,-1.64629477732137,-0.602602181431622,"Slope","12yr","trailing","base1841_2010"
1938,-0.00159938011323657,-0.00224914190494274,0.00272441361972515,-0.00246009387236229,-0.000826865095993556,0.00134936599730986,-1.18528265602153,-1.66681382918103,2.0190323642041,-1.82314796524205,-0.612780444773337,"Slope","12yr","trailing","base1841_2010"
1939,-0.00168729804138545,-0.00229957948206701,0.00292554191939528,-0.00251222259672701,-0.000860471292338627,0.00134936599730986,-1.25043764608661,-1.70419255165131,2.16808629032281,-1.86177997795665,-0.637685619805218,"Slope","12yr","trailing","base1841_2010"
1940,-0.00207076638696313,-0.00290411718113667,0.00310675475813206,-0.00345949604243057,-0.00125692836075814,0.00134936599730986,-1.53462173427482,-2.15220865719635,2.30238109180591,-2.56379369965415,-0.93149550475111,"Slope","12yr","trailing","base1841_2010"
1941,-0.00254092513021931,-0.00341222715345197,0.00341906882440574,-0.00439669533216319,-0.00164117210805842,0.00134936599730986,-1.88305110347005,-2.52876325641427,2.5338335419909,-3.258341577399,-1.21625423445552,"Slope","12yr","trailing","base1841_2010"
1942,-0.00232001589290232,-0.00313966346438245,0.00333240568493415,-0.00405656568997648,-0.00139906523727285,0.00134936599730986,-1.71933774641392,-2.32676936475484,2.46960846173516,-3.00627531601046,-1.03683154908458,"Slope","12yr","trailing","base1841_2010"
1943,-0.00219821732468217,-0.00300667265392046,0.00338724079137619,-0.00388782800905968,-0.00137350035429157,0.00134936599730986,-1.62907419415089,-2.2282113673493,2.51024614384021,-2.88122571400982,-1.01788570115878,"Slope","12yr","trailing","base1841_2010"
1944,-0.00220561020659005,-0.00294699792161628,0.00344358531016615,-0.00386806233587117,-0.0013602349219447,0.00134936599730986,-1.63455297598073,-2.183987092821,2.55200243449989,-2.86657759539121,-1.00805483809175,"Slope","12yr","trailing","base1841_2010"
1945,-0.00217372854057152,-0.00292174432120565,0.00351842886964652,-0.00378273320146089,-0.00135188452447976,0.00134936599730986,-1.6109258310237,-2.16527193291556,2.60746815664613,-2.80334113131816,-1.00186645222639,"Slope","12yr","trailing","base1841_2010"
1946,-0.00216980262449984,-0.00280292341224349,0.00350745972534327,-0.00375079686842195,-0.00132838280848063,0.00134936599730986,-1.60801637867385,-2.07721509051768,2.59933904688265,-2.77967347324569,-0.984449594201229,"Slope","12yr","trailing","base1841_2010"
1947,-0.00217666216553392,-0.00290412589776314,0.00361823135269082,-0.0038193033804087,-0.00133029115373529,0.00134936599730986,-1.6130999075665,-2.15221511699042,2.68143065699316,-2.83044288059947,-0.985863847456801,"Slope","12yr","trailing","base1841_2010"
1948,-0.0027374105259248,-0.0035888396929144,0.00375506159937085,-0.00494173004394971,-0.00165876354559535,0.00134936599730986,-2.02866422555643,-2.65964882772296,2.78283401749937,-3.66226068672376,-1.22929105142883,"Slope","12yr","trailing","base1841_2010"
1949,-0.00383935338269725,-0.00498890187306774,0.00424831390393762,-0.00657250366537743,-0.00259056869604674,0.00134936599730986,-2.84530171232379,-3.69721919999004,3.14837776585981,-4.87080871941383,-1.91984139307747,"Slope","12yr","trailing","base1841_2010"
1950,-0.00410884131014255,-0.00524359362046887,0.00432393172043308,-0.00700011583595372,-0.00263158446806067,0.00134936599730986,-3.04501619155519,-3.88596839621174,3.20441728119235,-5.18770730099125,-1.95023772149815,"Slope","12yr","trailing","base1841_2010"
1951,-0.00451298595705751,-0.00562163092065613,0.00447503860124138,-0.00757681772267194,-0.00274963847940474,0.00134936599730986,-3.34452325466533,-4.16612759760034,3.31640089505957,-5.6150945983353,-2.03772622467625,"Slope","12yr","trailing","base1841_2010"
1952,-0.00556649095530071,-0.00653706776455572,0.00480588251702769,-0.00886586839033759,-0.00300366986239736,0.00134936599730986,-4.12526398797526,-4.84454757092458,3.56158560880357,-6.57039558430615,-2.22598603224445,"Slope","12yr","trailing","base1841_2010"
1953,-0.00594521723144736,-0.00694038351394759,0.00504272561859947,-0.00930860742931622,-0.0032477747419688,0.00134936599730986,-4.40593378171669,-5.14344034738103,3.73710737387247,-6.898504518325,-2.40688941950787,"Slope","12yr","trailing","base1841_2010"
1954,-0.0062276258421714,-0.00728630155654829,0.00524738424803967,-0.00969584498175813,-0.0033863560234893,0.00134936599730986,-4.61522363434901,-5.39979632736743,3.8887775877716,-7.18548192342778,-2.50959045228681,"Slope","12yr","trailing","base1841_2010"
1955,-0.0067144907247364,-0.00782959794101398,0.00548221434033373,-0.0105715757546142,-0.00377717983571468,0.00134936599730986,-4.97603373593422,-5.80242718181968,4.06280753425182,-7.83447617302497,-2.79922559427537,"Slope","12yr","trailing","base1841_2010"
1956,-0.00720866766896222,-0.00823772467035951,0.00567800275009468,-0.0109145642317294,-0.00401752292830304,0.00134936599730986,-5.34226272437103,-6.10488532153803,4.20790412787525,-8.08866108490137,-2.97734116341489,"Slope","12yr","trailing","base1841_2010"
1957,-0.00787806219687648,-0.0088034237981981,0.00595203951071607,-0.012106251158909,-0.00427587732852519,0.00134936599730986,-5.83834349804458,-6.52411859773321,4.41098969633312,-8.97180689527107,-3.16880471054533,"Slope","12yr","trailing","base1841_2010"
1958,-0.00804276719090258,-0.00906510396441845,0.00607123169405858,-0.0126373099557524,-0.0044208985077322,0.00134936599730986,-5.96040452103942,-6.71804683272804,4.49932168600837,-9.36536861084874,-3.27627827924064,"Slope","12yr","trailing","base1841_2010"
1959,-0.00871266327135989,-0.00964057627264315,0.00635713755671241,-0.0138508562794176,-0.00469487587961415,0.00134936599730986,-6.45685698967494,-7.14452290324707,4.71120331280482,-10.2647141746799,-3.47931983537009,"Slope","12yr","trailing","base1841_2010"
1960,-0.00903981666164788,-0.00993184582160008,0.0064831864030753,-0.0144832298603574,-0.00488056215962296,0.00134936599730986,-6.6993066963818,-7.36037949777933,4.80461669850906,-10.7333591399454,-3.6169298539855,"Slope","12yr","trailing","base1841_2010"
1961,-0.00927503699688326,-0.010209513341035,0.00665903241389182,-0.0147569686515526,-0.00494810071696916,0.00134936599730986,-6.8736258475271,-7.56615578085486,4.93493420403913,-10.9362238866049,-3.66698192101612,"Slope","12yr","trailing","base1841_2010"
1962,-0.00925428059781241,-0.010097204362671,0.00656643293502672,-0.0148031291727014,-0.00496089940717692,0.00134936599730986,-6.85824351307356,-7.48292485715597,4.86630976926776,-10.9704329308826,-3.67646688672096,"Slope","12yr","trailing","base1841_2010"
1963,-0.00934314509763678,-0.0102024568028272,0.00661357912496668,-0.0149965722749884,-0.00501222883920316,0.00134936599730986,-6.92409999678631,-7.56092625956717,4.90124928162686,-11.1137914434527,-3.714506552852,"Slope","12yr","trailing","base1841_2010"
1964,-0.00954963876727122,-0.0103822535570845,0.00669092560086327,-0.0152700763293479,-0.00508913186905879,0.00134936599730986,-7.07713013838326,-7.69417161673177,4.9585698870451,-11.3164822292771,-3.77149852538499,"Slope","12yr","trailing","base1841_2010"
1965,-0.00983893203017949,-0.0106438005163249,0.00679271436068638,-0.0155696283369007,-0.00523999642975082,0.00134936599730986,-7.29152212949984,-7.88800113352841,5.03400439482582,-11.5384768609412,-3.88330255853299,"Slope","12yr","trailing","base1841_2010"
1966,-0.00978986954018168,-0.0105881897314754,0.00674077247094378,-0.0155805584159887,-0.00527455832367257,0.00134936599730986,-7.25516246866977,-7.84678860485908,4.99551084315329,-11.546577019912,-3.90891599031552,"Slope","12yr","trailing","base1841_2010"
1967,-0.0098911724764722,-0.0107412701680077,0.00682383985372414,-0.0156354391005468,-0.0052998731977284,0.00134936599730986,-7.33023693808169,-7.96023479872903,5.05707114847147,-11.5872484794474,-3.9276765594319,"Slope","12yr","trailing","base1841_2010"
1968,-0.0100836632538093,-0.0108147021913962,0.00682383701376299,-0.0158638270556279,-0.00541601497020727,0.00134936599730986,-7.47288969331698,-8.01465444731577,5.05706904380812,-11.7565042303234,-4.01374792384335,"Slope","12yr","trailing","base1841_2010"
1969,-0.0102392708985913,-0.0109663062341597,0.00688345371016982,-0.0160223274956497,-0.00548261302617803,0.00134936599730986,-7.58820877286418,-8.12700650232956,5.10125030858409,-11.873967127964,-4.06310299585756,"Slope","12yr","trailing","base1841_2010"
1970,-0.0102850992531986,-0.0109916464890659,0.00688097574907591,-0.016119726040296,-0.00551085568551346,0.00134936599730986,-7.62217165224508,-8.14578588090941,5.09941391942144,-11.9461480965378,-4.08403331379334,"Slope","12yr","trailing","base1841_2010"
1971,-0.0103728587684563,-0.011094590077685,0.00689572001404566,-0.0163603311135204,-0.00561112337953851,0.00134936599730986,-7.68720924429393,-8.22207621935301,5.110340728752,-12.1244578165871,-4.15834057677829,"Slope","12yr","trailing","base1841_2010"
1972,-0.0103255426722584,-0.0110375849921089,0.0068577143936766,-0.0163164665792608,-0.00559619565766517,0.00134936599730986,-7.65214381631351,-8.17983039006003,5.08217518993982,-12.0919503024308,-4.14727780959496,"Slope","12yr","trailing","base1841_2010"
1973,-0.0110036596034151,-0.0117618212404253,0.00681089748659618,-0.0170499347762727,-0.00662863460134422,0.00134936599730986,-8.15468866516002,-8.71655374737022,5.0474797054132,-12.6355153533318,-4.91240672623978,"Slope","12yr","trailing","base1841_2010"
1974,-0.0120411373173851,-0.0129128021444755,0.00679342875147678,-0.0182315187298736,-0.00761527058356998,0.00134936599730986,-8.92355175792977,-9.56953278074212,5.03453382182474,-13.5111739633431,-5.64359158208522,"Slope","12yr","trailing","base1841_2010"
1975,-0.0125144016887884,-0.013366607317926,0.00676663050740272,-0.018521234278168,-0.00806444953106039,0.00134936599730986,-9.27428267329802,-9.90584270285015,5.01467394383205,-13.7258789054211,-5.97647306004295,"Slope","12yr","trailing","base1841_2010"
1976,-0.0128430308853423,-0.013677763050608,0.0067825751407735,-0.0187571850052164,-0.00841592925660883,0.00134936599730986,-9.51782608346926,-10.1364367250074,5.02649033271584,-13.9007393417437,-6.23695074085688,"Slope","12yr","trailing","base1841_2010"
1977,-0.013103404909004,-0.0139340003977426,0.00679774247239528,-0.0190036546546217,-0.00858343148065144,0.00134936599730986,-9.71078635086945,-10.3263313478491,5.03773067199519,-14.083395233397,-6.36108475963054,"Slope","12yr","trailing","base1841_2010"
1978,-0.0136214909130998,-0.0144406900735296,0.00684821792417389,-0.0194820714807502,-0.00902481122542975,0.00134936599730986,-10.0947340753035,-10.7018333812464,5.07513746294683,-14.4379445751488,-6.68818633596955,"Slope","12yr","trailing","base1841_2010"
1979,-0.0144734416573441,-0.0152520491536448,0.00698816631312714,-0.0204480708567216,-0.00954546035814718,0.00134936599730986,-10.7261052125211,-11.3031224916381,5.17885164370449,-15.1538358736529,-7.07403356626542,"Slope","12yr","trailing","base1841_2010"
1980,-0.0147072809041437,-0.0154908756680334,0.00697965377771334,-0.020606167049939,-0.00990094289463805,0.00134936599730986,-10.8994008545233,-11.4801141416906,5.17254309922452,-15.2709991885226,-7.3374776853551,"Slope","12yr","trailing","base1841_2010"
1981,-0.0157443106159949,-0.0167866080927498,0.00707693474118143,-0.0220649049431694,-0.0114115973331211,0.00134936599730986,-11.6679319379496,-12.4403669028389,5.24463692970641,-16.3520534733784,-8.45700673936622,"Slope","12yr","trailing","base1841_2010"
1982,-0.0158625327076387,-0.0168360218173622,0.00708632491465055,-0.0218851808664219,-0.0114685448843627,0.00134936599730986,-11.7555450035518,-12.4769868597007,5.25159588190162,-16.2188619767008,-8.49920993060945,"Slope","12yr","trailing","base1841_2010"
1983,-0.0156571944720889,-0.0166231795286911,0.00705504703392743,-0.0218745324421623,-0.0114167097325986,0.00134936599730986,-11.6033711411904,-12.3192518277707,5.22841619545222,-16.210970548963,-8.46079548125513,"Slope","12yr","trailing","base1841_2010"
1984,-0.0155217851997591,-0.016493601205491,0.00705326890682351,-0.0218444653559486,-0.011122983850052,0.00134936599730986,-11.5030208488311,-12.2232227863849,5.22709844540704,-16.1886881687388,-8.24311852546093,"Slope","12yr","trailing","base1841_2010"
1985,-0.0154930404268535,-0.0165197566062024,0.00710447200673553,-0.0217310721403455,-0.0111685464923529,0.00134936599730986,-11.4817184201624,-12.2426062603746,5.26504448822574,-16.1046537289877,-8.27688448843296,"Slope","12yr","trailing","base1841_2010"
1986,-0.0153066503732734,-0.0163125507694391,0.00705912825510766,-0.0215899352075254,-0.0105816402900098,0.00134936599730986,-11.34358684285,-12.0890483397094,5.23144074267541,-16.0000587317064,-7.84193488727719,"Slope","12yr","trailing","base1841_2010"
1987,-0.0151045725951028,-0.0162809570751806,0.00711079820786431,-0.0214957799537975,-0.0106122995453925,0.00134936599730986,-11.1938292688683,-12.0656346073925,5.26973276489893,-15.9302813296409,-7.86465611742811,"Slope","12yr","trailing","base1841_2010"
1988,-0.0149915083586489,-0.0161380876308908,0.0070796251936376,-0.021338242676062,-0.0103709926765134,0.00134936599730986,-11.1100386318734,-11.9597556653007,5.24663079383336,-15.8135322207633,-7.68582630449358,"Slope","12yr","trailing","base1841_2010"
1989,-0.0147433423190713,-0.0159082774565084,0.00704959417022228,-0.0211544948563004,-0.010276450729932,0.00134936599730986,-10.9261255644977,-11.7894459236586,5.22437513934437,-15.6773587732866,-7.6157623286932,"Slope","12yr","trailing","base1841_2010"
1990,-0.0145810592559664,-0.0157038041630081,0.00701763087229624,-0.0210012920163029,-0.0101558393146883,0.00134936599730986,-10.8058594073333,-11.637913060145,5.20068749789664,-15.563821867582,-7.52637856218051,"Slope","12yr","trailing","base1841_2010"
1991,-0.0144599783941558,-0.0156907129716224,0.0070568493086035,-0.0210242058886646,-0.0101614043867469,0.00134936599730986,-10.7161277392373,-11.6282113250992,5.22975184099217,-15.5808030812834,-7.53050277464007,"Slope","12yr","trailing","base1841_2010"
1992,-0.014423997565679,-0.015496686680115,0.00700668497625901,-0.0209623592330101,-0.00991288612227909,0.00134936599730986,-10.6894627509772,-11.4844206175416,5.19257561716224,-15.5349692187303,-7.34632867735048,"Slope","12yr","trailing","base1841_2010"
1993,-0.0144616975846577,-0.0154432042852708,0.00699127375304508,-0.0203707471992328,-0.00993058139755892,0.00134936599730986,-10.717401812028,-11.4447854148236,5.18115453256055,-15.0965321787006,-7.35944244730994,"Slope","12yr","trailing","base1841_2010"
1994,-0.0142865838345637,-0.015288703666371,0.0069803099510154,-0.0201902935848425,-0.00980618672693118,0.00134936599730986,-10.587626976703,-11.3302867397363,5.17302938189606,-14.9628000298618,-7.26725495268228,"Slope","12yr","trailing","base1841_2010"
1995,-0.0143024068235602,-0.0153490261356951,0.00699423889355328,-0.0206602042899515,-0.00987729886828126,0.00134936599730986,-10.599353216306,-11.3749910449021,5.18335196492071,-15.3110455807693,-7.31995536272067,"Slope","12yr","trailing","base1841_2010"
1996,-0.0142729788473572,-0.0152842883164054,0.00698138542180569,-0.0201677379368526,-0.00984780953476466,0.00134936599730986,-10.5775444733395,-11.3270145734194,5.17382640123139,-14.9460842922229,-7.29810114853757,"Slope","12yr","trailing","base1841_2010"
1997,-0.0144212722573897,-0.0153286084266204,0.00698274962117899,-0.0200997680133812,-0.00991115606658977,0.00134936599730986,-10.6874430555834,-11.3598597098045,5.17483739407989,-14.895712544597,-7.34504655249127,"Slope","12yr","trailing","base1841_2010"
1998,-0.0142921702462773,-0.0152382816677071,0.0069839748879421,-0.0201773605550142,-0.00983918110644999,0.00134936599730986,-10.5917670037414,-11.2929195622882,5.17574542552989,-14.9532155065715,-7.29170671712914,"Slope","12yr","trailing","base1841_2010"
1999,-0.0143585473508605,-0.0152338730538863,0.00698056162466508,-0.0199358876095277,-0.00987907568242719,0.00134936599730986,-10.6409583311615,-11.2896523880526,5.17321589441392,-14.7742626161267,-7.32127213974741,"Slope","12yr","trailing","base1841_2010"
2000,-0.014213382566808,-0.0151648392403886,0.00698913144254699,-0.0200225807917749,-0.00982287079954225,0.00134936599730986,-10.5333783385266,-11.2384922034657,5.17956689028828,-14.8385099607464,-7.27961933169015,"Slope","12yr","trailing","base1841_2010"
2001,-0.0141724127062963,-0.0151634344196526,0.00701163528401089,-0.0208427804987568,-0.00982327477533035,0.00134936599730986,-10.503016034605,-11.2374511065811,5.19624423469206,-15.4463507605124,-7.27991871361389,"Slope","12yr","trailing","base1841_2010"
2002,-0.0141071499994626,-0.0150050829492346,0.00697749026703231,-0.0197904229082462,-0.00978907598310635,0.00134936599730986,-10.454650574853,-11.1200986086423,5.17093974573455,-14.6664603581986,-7.25457437242538,"Slope","12yr","trailing","base1841_2010"
2003,-0.0141097775482345,-0.0151783942700286,0.00705712199817337,-0.0208604120878667,-0.00979067522808758,0.00134936599730986,-10.4565978217653,-11.2485376838372,5.22995392817268,-15.4594173333659,-7.25575955493658,"Slope","12yr","trailing","base1841_2010"
2004,-0.0140618327708215,-0.0149376326647878,0.00698110083480662,-0.0197884793974181,-0.00967273346542546,0.00134936599730986,-10.4210664851905,-11.070111959667,5.17361549699959,-14.6650200441311,-7.16835423799719,"Slope","12yr","trailing","base1841_2010"
2005,-0.0140370831480008,-0.0148761235319352,0.00696767491161828,-0.0196742444858271,-0.0096076902307794,0.00134936599730986,-10.4027248174221,-11.0245282314752,5.16366569597073,-14.5803618329277,-7.12015142662078,"Slope","12yr","trailing","base1841_2010"
2006,-0.0139938508014238,-0.0149009562990572,0.00701564453060265,-0.02064677193952,-0.00953594397887408,0.00134936599730986,-10.3706858104638,-11.0429315165523,5.19921544235534,-15.3010910165826,-7.06698108436497,"Slope","12yr","trailing","base1841_2010"
2007,-0.014391353376987,-0.0153301685299585,0.00701931738454923,-0.0205623583018238,-0.00983839299844419,0.00134936599730986,-10.6652705090228,-11.3610158848831,5.20193735320376,-15.238533016852,-7.29112265912903,"Slope","12yr","trailing","base1841_2010"
2008,-0.0142819866845398,-0.0152935084155565,0.00706179200086023,-0.0208514160344612,-0.00978456182808352,0.00134936599730986,-10.5842200804028,-11.3338474854459,5.23341481476399,-15.4527504591276,-7.25122898278918,"Slope","12yr","trailing","base1841_2010"
2009,-0.0142059725436653,-0.0152344081355031,0.00703606082283282,-0.0205823044497173,-0.00977304928073536,0.00134936599730986,-10.5278868535199,-11.2900489310349,5.21434572744542,-15.2533148832495,-7.24269716312639,"Slope","12yr","trailing","base1841_2010"
2010,-0.0140391882798965,-0.0150551273156711,0.00701371052812053,-0.0201545655431658,-0.0096676644119465,0.00134936599730986,-10.4042849070493,-11.1571859270839,5.19778217481638,-14.9363223790629,-7.16459761934141,"Slope","12yr","trailing","base1841_2010"
1900,0,-4.65874513691354e-18,3.8554126724405e-17,-1.61275073157219e-17,9.43255890062389e-18,0.00022254943876152,0,-2.09335290299508e-14,1.73238481026766e-13,-7.24670770030735e-14,4.23841055412934e-14,"Slope variability","12yr","trailing","base1841_2010"
1901,0,-5.27934859743767e-18,3.78009003541797e-17,-2.12232575264037e-17,5.01443504774546e-18,0.00022254943876152,0,-2.37221384462574e-14,1.69853946002023e-13,-9.53642374679101e-14,2.25317802446531e-14,"Slope variability","12yr","trailing","base1841_2010"
1902,0,-4.93158563645175e-18,3.70119915780234e-17,-1.6154612370034e-17,1.81603863891322e-18,0.00022254943876152,0,-2.2159506058051e-14,1.66309076239391e-13,-7.25888704098013e-14,8.16015825076626e-15,"Slope variability","12yr","trailing","base1841_2010"
1903,0,-3.40807701766198e-18,3.76226928088086e-17,-1.69677639993981e-17,1.19804340059648e-17,0.00022254943876152,0,-1.53137974044231e-14,1.69053191138911e-13,-7.6242672611637e-14,5.38326857737117e-14,"Slope variability","12yr","trailing","base1841_2010"
1904,0,-3.26692616879123e-18,3.65606016897837e-17,-1.44740990026815e-17,1.10588621593521e-17,0.00022254943876152,0,-1.46795524939158e-14,1.64280808314962e-13,-6.50376791926743e-14,4.96917099449647e-14,"Slope variability","12yr","trailing","base1841_2010"
1905,0,-3.72924634045486e-18,3.6969970820132e-17,-1.59377719355369e-17,6.50521303491303e-18,0.00022254943876152,0,-1.67569343747078e-14,1.66120260854705e-13,-7.16145231559785e-14,2.92304176146851e-14,"Slope variability","12yr","trailing","base1841_2010"
1906,0,-3.63514577454102e-18,3.69385157260551e-17,-1.65882932390282e-17,7.04731412115578e-18,0.00022254943876152,0,-1.63341044343696e-14,1.65978921050606e-13,-7.4537564917447e-14,3.16662857492422e-14,"Slope variability","12yr","trailing","base1841_2010"
1907,0,-4.44625173942876e-18,4.16465057356339e-17,-1.53143556863578e-17,1.29291109068896e-17,0.00022254943876152,0,-1.99787146809805e-14,1.87133726184147e-13,-6.88132748012378e-14,5.80954550091866e-14,"Slope variability","12yr","trailing","base1841_2010"
1908,0,-5.10444428470652e-18,4.24805492970585e-17,-1.68593437821496e-17,1.00288700954909e-17,0.00022254943876152,0,-2.29362262745418e-14,1.90881403851033e-13,-7.57554989847256e-14,4.50635604893062e-14,"Slope variability","12yr","trailing","base1841_2010"
1909,0,-5.23178689836166e-18,4.13371098711493e-17,-1.78893358460108e-17,9.2970336290632e-18,0.00022254943876152,0,-2.35084254872821e-14,1.85743491878428e-13,-8.0383648440384e-14,4.17751385076541e-14,"Slope variability","12yr","trailing","base1841_2010"
1910,0,-4.41198685944927e-18,4.15128145926148e-17,-1.78893358460108e-17,9.92044987824237e-18,0.00022254943876152,0,-1.98247494309661e-14,1.86533000593631e-13,-8.0383648440384e-14,4.45763868623948e-14,"Slope variability","12yr","trailing","base1841_2010"
1911,0,-3.57377584024939e-18,4.11404548881056e-17,-2.60208521396521e-17,1.2414114874959e-17,0.00022254943876152,0,-1.60583457776273e-14,1.84859845601277e-13,-1.1692167045874e-13,5.57813802813574e-14,"Slope variability","12yr","trailing","base1841_2010"
1912,0,-4.3731192343979e-18,4.0397587295599e-17,-2.79995211044382e-17,1.70490791623346e-17,0.00022254943876152,0,-1.96501022816959e-14,1.8152185653853e-13,-1.25812589149874e-13,7.66080528318205e-14,"Slope variability","12yr","trailing","base1841_2010"
1913,0,-4.2570277753629e-18,3.96261093333305e-17,-2.20364091557679e-17,1.29562159612018e-17,0.00022254943876152,0,-1.91284588226917e-14,1.78055310109288e-13,-9.90180396697458e-14,5.82172484159145e-14,"Slope variability","12yr","trailing","base1841_2010"
1914,0,-3.74816873686144e-18,4.0811584915517e-17,-1.74827600313288e-17,1.07878116162308e-17,0.00022254943876152,0,-1.68419599605367e-14,1.83382106657433e-13,-7.85567473394662e-14,4.84737758776861e-14,"Slope variability","12yr","trailing","base1841_2010"
1915,0,-7.79347023891821e-18,3.89241443969713e-17,-2.09251019289702e-17,8.78203759713259e-18,0.00022254943876152,0,-3.50190514174675e-14,1.74901112371178e-13,-9.40245099939037e-14,3.94610637798249e-14,"Slope variability","12yr","trailing","base1841_2010"
1916,0,-7.4694881274703e-18,3.81789461476908e-17,-2.27682456221956e-17,1.14383329197221e-17,0.00022254943876152,0,-3.35632755087487e-14,1.71552650773488e-13,-1.02306461651398e-13,5.13968176391546e-14,"Slope variability","12yr","trailing","base1841_2010"
1917,0,-6.70671098583722e-18,3.83115854707876e-17,-1.92852461430859e-17,7.39967982721357e-18,0.00022254943876152,0,-3.01358252043224e-14,1.72148650133607e-13,-8.66560088868685e-14,3.32496000367043e-14,"Slope variability","12yr","trailing","base1841_2010"
1918,0,-6.09710297187367e-18,3.79979606698906e-17,-1.31730563956989e-17,4.55364912443912e-18,0.00022254943876152,0,-2.73966225473487e-14,1.70739413594336e-13,-5.91915956697373e-14,2.04612923302796e-14,"Slope variability","12yr","trailing","base1841_2010"
1919,0,-1.96307077315359e-18,3.59299834445188e-17,-9.92044987824237e-18,8.34835672813838e-18,0.00022254943876152,0,-8.82083003254471e-15,1.61447198629068e-13,-4.45763868623948e-14,3.75123692721792e-14,"Slope variability","12yr","trailing","base1841_2010"
1920,0,-5.98356859343415e-20,3.28407114771478e-17,-1.17906986257799e-17,1.13841228110978e-17,0.00022254943876152,0,-2.68864690323754e-16,1.47565914611626e-13,-5.29801319266167e-14,5.11532308256989e-14,"Slope variability","12yr","trailing","base1841_2010"
1921,0,5.75343133984053e-19,3.10967608831797e-17,-1.15196480826585e-17,1.46638343828664e-17,0.00022254943876152,0,2.58523740695918e-15,1.39729675600316e-13,-5.17621978593382e-14,6.58902330397693e-14,"Slope variability","12yr","trailing","base1841_2010"
1922,0,3.47762960985917e-20,3.33738386863316e-17,-1.10046520507279e-17,1.32814766129474e-17,0.00022254943876152,0,1.56263238820644e-16,1.4996145967411e-13,-4.9448123131509e-14,5.96787692966487e-14,"Slope variability","12yr","trailing","base1841_2010"
1923,0,-2.16329018378004e-19,3.2052550007496e-17,-1.56125112837913e-17,1.32272665043232e-17,0.00022254943876152,0,-9.72049265016651e-16,1.44024402783792e-13,-7.01530022752442e-14,5.9435182483193e-14,"Slope variability","12yr","trailing","base1841_2010"
1924,0,6.57169713039563e-19,3.20410983887766e-17,-1.40946282423116e-17,8.78203759713259e-18,0.00022254943876152,0,2.95291561594893e-15,1.43972946267958e-13,-6.33325714984844e-14,3.94610637798249e-14,"Slope variability","12yr","trailing","base1841_2010"
1925,0,1.10875014620216e-18,3.20577448952098e-17,-1.12485975395371e-17,1.17093834628434e-17,0.00022254943876152,0,4.98203973181111e-15,1.44047745407088e-13,-5.05442637920596e-14,5.26147517064332e-14,"Slope variability","12yr","trailing","base1841_2010"
1926,0,1.16449450318372e-18,3.15775294523851e-17,-1.1817803680092e-17,1.17093834628434e-17,0.00022254943876152,0,5.23252051168538e-15,1.41889953208208e-13,-5.31019253333446e-14,5.26147517064332e-14,"Slope variability","12yr","trailing","base1841_2010"
1927,0,1.03766330564768e-18,3.33829482221181e-17,-6.50521303491303e-18,8.40256683676266e-18,0.00022254943876152,0,4.66261928775126e-15,1.50002392312886e-13,-2.92304176146851e-14,3.77559560856349e-14,"Slope variability","12yr","trailing","base1841_2010"
1928,0,1.03357197669491e-18,3.34770054585934e-17,-6.31547765472806e-18,1.04083408558608e-17,0.00022254943876152,0,4.64423537730178e-15,1.50425027557435e-13,-2.83778637675901e-14,4.67686681834962e-14,"Slope variability","12yr","trailing","base1841_2010"
1929,0,1.47594691971376e-18,3.35441974221275e-17,-3.49655200626575e-18,9.54097911787244e-18,0.00022254943876152,0,6.63199569465261e-15,1.50726946824938e-13,-1.57113494678932e-14,4.28712791682048e-14,"Slope variability","12yr","trailing","base1841_2010"
1930,0,2.42871514959135e-18,3.36549938043782e-17,-1.95156391047391e-18,1.50162000889242e-17,0.00022254943876152,0,1.0913148840577e-14,1.51224797472719e-13,-8.76912528440553e-15,6.74735473272314e-14,"Slope variability","12yr","trailing","base1841_2010"
1931,7.83598784337945e-07,2.42817563061724e-06,4.43047374837926e-06,2.22485586068289e-07,2.38514757025648e-06,0.00022254943876152,0.00352100993243858,0.0109107245748628,0.0199078181146386,0.000999713085354935,0.0107173829937732,"Slope variability","12yr","trailing","base1841_2010"
1932,1.63873540027599e-05,4.5594072359154e-05,7.65758502884552e-05,6.08094590365889e-06,4.4939270720944e-05,0.00022254943876152,0.0736346678470856,0.204871657339975,0.344084670420186,0.0273240226418864,0.201929382392647,"Slope variability","12yr","trailing","base1841_2010"
1933,2.13614915945021e-05,7.42575678212418e-05,0.000144719934471717,5.67947085722509e-06,7.14750370864562e-05,0.00022254943876152,0.0959853761635079,0.333667737984344,0.650282181240621,0.0255200412494012,0.32116475999316,"Slope variability","12yr","trailing","base1841_2010"
1934,3.42454881842818e-05,0.000145926178724605,0.000284476281495719,1.2923775750547e-05,0.000143530701258379,0.00022254943876152,0.153878115239727,0.655702299393244,1.27826106000904,0.0580714821051329,0.644938500214253,"Slope variability","12yr","trailing","base1841_2010"
1935,0.000145065610987278,0.000307418678249169,0.000467751833969568,6.78956027767335e-05,0.000322194037706432,0.00022254943876152,0.651835438429154,1.38135004949886,2.10178842315932,0.305080988541558,1.44774140747975,"Slope variability","12yr","trailing","base1841_2010"
1936,0.000140614240926199,0.000352662207940327,0.000576886534439526,6.77620947851093e-05,0.000372755856142768,0.00022254943876152,0.631833725165572,1.58464658416071,2.59217249726568,0.304481085920517,1.6749350536094,"Slope variability","12yr","trailing","base1841_2010"
1937,0.000183860916343918,0.000397607012414782,0.000657956994084354,5.7445496161829e-05,0.000423207532537366,0.00022254943876152,0.826157627568495,1.78660083183067,2.95645317169013,0.258124650781018,1.90163378929419,"Slope variability","12yr","trailing","base1841_2010"
1938,0.000201796242403465,0.000425093649439796,0.000725181641383763,5.3560175716281e-05,0.000453132101715785,0.00022254943876152,0.906747927680494,1.91010883606549,3.25851929988848,0.240666415580922,2.03609635790344,"Slope variability","12yr","trailing","base1841_2010"
1939,7.93763871626827e-05,0.00027394241289403,0.000726313994084273,-6.40737064749467e-05,0.000347176056405735,0.00022254943876152,0.356668556903174,1.23092834751015,3.26360739495091,-0.287907742349361,1.55999520078665,"Slope variability","12yr","trailing","base1841_2010"
1940,0.000359139754852933,0.000564169822157815,0.00079052460664033,0.000135517005296455,0.00069078492452464,0.00022254943876152,1.61375268727494,2.53503143075714,3.55213030884091,0.608929890143072,3.10396165620023,"Slope variability","12yr","trailing","base1841_2010"
1941,0.000204264853909013,0.000399462590980772,0.00075782733039401,6.89332922888054e-06,0.000568903630609506,0.00022254943876152,0.917840346152925,1.79493865814161,3.40520890374423,0.0309743725584826,2.55630224805524,"Slope variability","12yr","trailing","base1841_2010"
1942,0.000312637088737068,0.00047238549044353,0.000727354204213695,5.33574420231763e-05,0.00069966890674647,0.00022254943876152,1.40479836964264,2.12260921920243,3.26828145809486,0.239755455327628,3.14388079628555,"Slope variability","12yr","trailing","base1841_2010"
1943,0.00036106395550616,0.00048661254401891,0.000676789228346714,0.000106383944833217,0.000768012940779837,0.00022254943876152,1.62239885894778,2.18653682852175,3.04107362441812,0.478023873819855,3.45097675848477,"Slope variability","12yr","trailing","base1841_2010"
1944,0.00040713830852243,0.000532810814995198,0.000631517510521924,0.000145275679684285,0.000774777927797119,0.00022254943876152,1.82942860151946,2.39412338202366,2.83765042965867,0.652779357668745,3.4813744402535,"Slope variability","12yr","trailing","base1841_2010"
1945,0.000312270069378157,0.000427168552512457,0.000495045521191432,0.000157797303539491,0.000611204835463813,0.00022254943876152,1.40314921087165,1.91943217151944,2.22442942991159,0.709043817039608,2.74637778852711,"Slope variability","12yr","trailing","base1841_2010"
1946,0.000277538667875597,0.00035850584679471,0.000420973899085449,0.000125770745947886,0.000534329687236451,0.00022254943876152,1.24708770069289,1.61090429519743,1.89159721735608,0.565136208151303,2.40094825765446,"Slope variability","12yr","trailing","base1841_2010"
1947,0.000230484620447947,0.000299369308653209,0.000352999989340143,0.000110479501901185,0.000472809859890852,0.00022254943876152,1.0356558153127,1.34518114410528,1.58616436556558,0.49642678281284,2.12451607392057,"Slope variability","12yr","trailing","base1841_2010"
1948,0.000222603842603162,0.000277218582314591,0.000328680872709282,9.55075597767986e-05,0.000458997650960558,0.00022254943876152,1.00024445733022,1.24564943348005,1.47688924554643,0.429152103497968,2.06245252072916,"Slope variability","12yr","trailing","base1841_2010"
1949,0.000206051975467377,0.000282577457225184,0.000357460615426283,6.90655653348968e-05,0.000479773693569043,0.00022254943876152,0.925870568867972,1.26972891415821,1.60620766970044,0.310338079121853,2.15580725001584,"Slope variability","12yr","trailing","base1841_2010"
1950,0.000182146724536033,0.000301589980327973,0.000389759029840231,4.66402686250611e-05,0.000506825911204394,0.00022254943876152,0.818455106198753,1.35515947380641,1.75133683557787,0.20957261849148,2.27736324128635,"Slope variability","12yr","trailing","base1841_2010"
1951,0.000199120849428886,0.000367984703565587,0.000445201121811211,4.98295826102409e-05,0.000625691126816693,0.00022254943876152,0.894726360744771,1.65349643482998,2.00045942280843,0.22390342967181,2.8114702526263,"Slope variability","12yr","trailing","base1841_2010"
1952,0.000550832686005802,0.000777594603514428,0.000669519383075446,0.000277336473323973,0.00116240692234201,0.00022254943876152,2.47510256180005,3.49403084474944,3.00840742084679,1.24617916300909,5.22314021015179,"Slope variability","12yr","trailing","base1841_2010"
1953,0.000677040450763678,0.000975320597085083,0.000812212491862955,0.000339646911785084,0.00139786218251707,0.00022254943876152,3.04220246310835,4.38248958304594,3.64958229678263,1.52616386576936,6.28113101653334,"Slope variability","12yr","trailing","base1841_2010"
1954,0.000948044641541644,0.00124830120458638,0.000970019589498776,0.000485125431322345,0.00174664233479169,0.00022254943876152,4.25992825152684,5.60909616997075,4.35867012245414,2.17985466070843,7.84833403540216,"Slope variability","12yr","trailing","base1841_2010"
1955,0.00123179238361949,0.00155240461080269,0.00111338876546433,0.000684503629531362,0.00223013629944899,0.00022254943876152,5.53491570445816,6.97554943046258,5.00288282756539,3.07573738824326,10.0208578905416,"Slope variability","12yr","trailing","base1841_2010"
1956,0.0012554310297095,0.00161064460940141,0.00117094899613427,0.000706238761822675,0.00229497876518762,0.00022254943876152,5.64113320930364,7.2372440854697,5.26152302450442,3.17340167538893,10.3122199631646,"Slope variability","12yr","trailing","base1841_2010"
1957,0.00124935238594094,0.00155982620321874,0.00118723547672175,0.000629098386230012,0.00215880050043847,0.00022254943876152,5.61381953103787,7.00889749216678,5.33470442940082,2.82678037622077,9.70031878063643,"Slope variability","12yr","trailing","base1841_2010"
1958,0.00119374472527648,0.00146400044428252,0.00114387011518541,0.000533207982725079,0.00202049159864944,0.00022254943876152,5.3639529801541,6.57831559778193,5.13984722473803,2.39590800899055,9.07884382855964,"Slope variability","12yr","trailing","base1841_2010"
1959,0.000590543131311741,0.000927863571877003,0.00105166777394527,0.000119348764439036,0.00141506313173111,0.00022254943876152,2.65353682578618,4.16924696391297,4.72554673603206,0.536279781711461,6.35842147976597,"Slope variability","12yr","trailing","base1841_2010"
1960,0.000743078217710375,0.00102955285705235,0.000968451200275016,0.000280059299882538,0.00145955857221218,0.00022254943876152,3.33893548258571,4.62617593098314,4.35162274802584,1.25841386723354,6.55835656263422,"Slope variability","12yr","trailing","base1841_2010"
1961,0.000484262668912964,0.000713367143266089,0.000940381510176127,6.71697398554197e-05,0.00109359942179343,0.00022254943876152,2.17597793824091,3.20543222771512,4.22549486266654,0.3018194079896,4.91396171511044,"Slope variability","12yr","trailing","base1841_2010"
1962,0.000455056732639319,0.000669463370942482,0.000848172041290929,0.000119412619914369,0.000999986318477834,0.00022254943876152,2.04474446294582,3.0081557368467,3.8111623467171,0.536566708857573,4.49332213122047,"Slope variability","12yr","trailing","base1841_2010"
1963,0.000431421589971154,0.000635844791373428,0.000750877655473515,0.000151094705811411,0.000930680691601217,0.00022254943876152,1.93854270031863,2.85709456250207,3.37398134837869,0.678926474280265,4.18190536350225,"Slope variability","12yr","trailing","base1841_2010"
1964,0.000491467231594201,0.000701265042849396,0.000706372112087272,0.000207053309701319,0.00103059942100527,0.00022254943876152,2.20835080209233,3.15105284808585,3.17400086928193,0.930369947700443,4.63087854429343,"Slope variability","12yr","trailing","base1841_2010"
1965,0.000372671242467578,0.000549963249934168,0.000599497922602072,0.000130141091155608,0.000808760735490188,0.00022254943876152,1.67455485190832,2.47119585200796,2.69377413817917,0.584773845667005,3.63407223127999,"Slope variability","12yr","trailing","base1841_2010"
1966,0.000303008752319075,0.000448748501656808,0.000505936794526148,0.000116399879354032,0.000643037284589526,0.00022254943876152,1.36153456061407,2.01639916125638,2.27336809897912,0.523029309809961,2.88941319361669,"Slope variability","12yr","trailing","base1841_2010"
1967,0.000199490418124018,0.000315885102499136,0.000414400557901655,7.23681710347963e-05,0.000480939248732391,0.00022254943876152,0.89638697466134,1.4193929414382,1.862060673834,0.325177953435976,2.16104453648052,"Slope variability","12yr","trailing","base1841_2010"
1968,0.000142692363158323,0.000213622964571039,0.000324472855400994,4.8716794932475e-05,0.000351314555873711,0.00022254943876152,0.641171525537881,0.959889927199294,1.45798100955309,0.218903247761856,1.5785910664559,"Slope variability","12yr","trailing","base1841_2010"
1969,8.0215527680997e-05,0.000116884879652581,0.000257856032198846,1.47438475269104e-05,0.000199927018971826,0.00022254943876152,0.360439137152597,0.525208602201118,1.15864606818964,0.0662497627896049,0.898348789753919,"Slope variability","12yr","trailing","base1841_2010"
1970,-9.10823710243802e-06,-8.05223502334263e-06,0.000187963678738981,-3.99102416139993e-05,5.37683021671557e-05,0.00022254943876152,-0.0409268032897546,-0.0361817808580108,0.844592912860135,-0.179332025441621,0.24160160756358,"Slope variability","12yr","trailing","base1841_2010"
1971,-6.86572158875648e-05,-8.41870975983262e-05,0.000171695162369611,-9.97984358044233e-05,-4.75579700708665e-05,0.00022254943876152,-0.308503208409061,-0.378284924315354,0.771492228086887,-0.448432655502517,-0.213696203124685,"Slope variability","12yr","trailing","base1841_2010"
1972,1.46820793919825e-05,1.97408366889318e-05,0.000201982649918785,-1.76014517503691e-05,7.8521787289131e-05,0.00022254943876152,0.0659722148646509,0.0887031519773264,0.907585528154156,-0.0790900747641539,0.352828511840344,"Slope variability","12yr","trailing","base1841_2010"
1973,3.06203575398276e-05,2.18170658016188e-05,0.000166863191388751,-1.75793349996804e-05,8.19868678914487e-05,0.00022254943876152,0.137589012626717,0.0980324458377879,0.749780328889343,-0.0789906957191571,0.368398448217631,"Slope variability","12yr","trailing","base1841_2010"
1974,0.000227375810843138,0.000263254365467855,0.000271571496139603,8.07393713412153e-05,0.000458096587713064,0.00022254943876152,1.02168674119547,1.18290285040868,1.22027490903095,0.362792967668339,2.05840369790351,"Slope variability","12yr","trailing","base1841_2010"
1975,0.000543760875270183,0.000577519032240779,0.000426262113059471,0.000264777240230191,0.000867278275378902,0.00022254943876152,2.44332620336494,2.59501455251764,1.91535919134016,1.18974571090211,3.89701398576997,"Slope variability","12yr","trailing","base1841_2010"
1976,0.000586660596921703,0.000654701878607663,0.000503416094365535,0.000295364889325945,0.000997188533624042,0.00022254943876152,2.63609110940224,2.94182668916649,2.26204162619788,1.3271877519424,4.480750610621,"Slope variability","12yr","trailing","base1841_2010"
1977,0.00063397293391629,0.000703440492193356,0.000578255087781013,0.000249580430800701,0.00106426901313079,0.00022254943876152,2.8486835888885,3.16082797650705,2.59832193241637,1.12146061652461,4.78216893762308,"Slope variability","12yr","trailing","base1841_2010"
1978,0.000683096504936021,0.000744751960364998,0.000647477814947286,0.000240623043820347,0.00116467261749591,0.00022254943876152,3.06941463765278,3.34645625039324,2.90936619993506,1.08121164070063,5.23332084761604,"Slope variability","12yr","trailing","base1841_2010"
1979,0.000507547778433309,0.000565598975858931,0.000812257748691854,5.17272084670076e-05,0.0010567237170555,0.00022254943876152,2.28060686765958,2.5414531665704,3.64978565307573,0.232430190589865,4.74826502792426,"Slope variability","12yr","trailing","base1841_2010"
1980,0.000876005667192175,0.000937694498537962,0.000816528635739501,0.000308275236673777,0.00143913639436676,0.00022254943876152,3.93622950508038,4.21342108861832,3.66897638692532,1.3851988950829,6.4665918834732,"Slope variability","12yr","trailing","base1841_2010"
1981,0.000661483675620906,0.000795978908735337,0.000942540383003014,0.000247103666659511,0.00131373373886309,0.00022254943876152,2.97229990469551,3.57663858046523,4.23519550643766,1.11033156513283,5.90310964689,"Slope variability","12yr","trailing","base1841_2010"
1982,0.000765604835735575,0.000797331500092224,0.00100975599474076,0.000281524399383172,0.00129027307875188,0.00022254943876152,3.44015621875363,3.58271629229597,4.53722103439137,1.26499712131311,5.79769190132404,"Slope variability","12yr","trailing","base1841_2010"
1983,0.000841807599803575,0.000866040535714473,0.000996355497930078,0.000380085260151964,0.00128263986002473,0.00022254943876152,3.78256446966662,3.89145234665141,4.47700746168923,1.70786887743741,5.76339292142267,"Slope variability","12yr","trailing","base1841_2010"
1984,0.000854498193999168,0.000967882289719836,0.000900933906622157,0.000488422323157305,0.00129431311641921,0.00022254943876152,3.83958817759515,4.34906641466304,4.04824164750009,2.1946688604355,5.81584534035229,"Slope variability","12yr","trailing","base1841_2010"
1985,0.000682047696534666,0.000814678197705985,0.000816446951869006,0.000392961471042359,0.00110413285851089,0.00022254943876152,3.06470193917467,3.66066165899874,3.66860934996064,1.76572663237964,4.96129248698784,"Slope variability","12yr","trailing","base1841_2010"
1986,0.000596364975222246,0.000737955931440302,0.000765349567636914,0.000329436955400155,0.00099104753054095,0.00022254943876152,2.67969660377935,3.31591908542659,3.43900920126358,1.48028661511554,4.45315672803353,"Slope variability","12yr","trailing","base1841_2010"
1987,0.00053173396616012,0.000669365915212982,0.000687484296322062,0.000284480156851215,0.000895606308823496,0.00022254943876152,2.38928468712031,3.00771783086931,3.08913066754016,1.2782784734679,4.02430270688398,"Slope variability","12yr","trailing","base1841_2010"
1988,0.00034032660050387,0.000504888387840525,0.000586557528896518,0.000208078631203851,0.000668335329837898,0.00022254943876152,1.52921796791659,2.2686572055639,2.63562798522742,0.934977110532389,3.00308701543873,"Slope variability","12yr","trailing","base1841_2010"
1989,0.00020869566999872,0.000342334104975483,0.000478590774649288,0.000111832619462285,0.00047147742345751,0.00022254943876152,0.937749702538473,1.53823845560141,2.15049194153276,0.502506859080974,2.1185289258929,"Slope variability","12yr","trailing","base1841_2010"
1990,3.40896776838707e-06,6.63655445185965e-05,0.000364049729647168,-7.46836710195043e-05,0.000168678082341147,0.00022254943876152,0.0153177998891296,0.298205849845852,1.63581508752883,-0.335582383110541,0.757935330144325,"Slope variability","12yr","trailing","base1841_2010"
1991,-3.67164664917308e-05,-3.20032159818313e-05,0.00023419930168208,-8.14266875518294e-05,7.00603752960496e-05,0.00022254943876152,-0.164981168661025,-0.143802726081576,1.05234730307742,-0.365881343062314,0.314808141893923,"Slope variability","12yr","trailing","base1841_2010"
1992,-8.25788010442024e-06,-2.65988620379343e-05,0.000233552764223017,-6.9925356559474e-05,5.84913802778635e-05,0.00022254943876152,-0.0371058230942978,-0.119518890660682,1.0494421622572,-0.314201450916282,0.262824209323402,"Slope variability","12yr","trailing","base1841_2010"
1993,-8.26897246281706e-06,-1.93082038566882e-05,0.000258911822289413,-5.37056810646209e-05,0.000102647108227662,0.00022254943876152,-0.0371556653156871,-0.0867591667008357,1.1633901380756,-0.241320226927963,0.461232833472369,"Slope variability","12yr","trailing","base1841_2010"
1994,-4.48068957909248e-05,-8.5202444104799e-05,0.000275150021171226,-0.000130476056354271,3.04725036892537e-05,0.00022254943876152,-0.201334571052048,-0.38284726566352,1.23635459474724,-0.586278972799779,0.136924648558235,"Slope variability","12yr","trailing","base1841_2010"
1995,-6.7297304301163e-05,-0.000120172908388281,0.000274829361400225,-0.000152544350214306,-1.3972767150602e-05,0.00022254943876152,-0.302392603979008,-0.539982976623255,1.23491374738863,-0.685440282677009,-0.0627850028665988,"Slope variability","12yr","trailing","base1841_2010"
1996,-7.78093760984461e-05,-0.000142561471409241,0.000293009973071891,-0.000182756181339459,-2.03721552219553e-05,0.00022254943876152,-0.349627375074287,-0.640583378698194,1.31660620984928,-0.821193629408777,-0.0915399083247551,"Slope variability","12yr","trailing","base1841_2010"
1997,-4.71051708299833e-05,-0.000107896714606029,0.000284595928202795,-0.000145092699206601,6.65120947589856e-06,0.00022254943876152,-0.21166160243819,-0.484821328719005,1.27879867856132,-0.651957156189821,0.0298864356293698,"Slope variability","12yr","trailing","base1841_2010"
1998,-6.96373934639668e-05,-0.000132649636739257,0.000287040951210489,-0.000164425166622644,-1.219982640152e-05,0.00022254943876152,-0.312907522263352,-0.59604570327136,1.28978510486417,-0.738825348370519,-0.05481849996752,"Slope variability","12yr","trailing","base1841_2010"
1999,-1.12293299282332e-05,-6.44287227916003e-05,0.000243379535030428,-7.86031235388844e-05,2.47717261407557e-05,0.00022254943876152,-0.0504576870232703,-0.289502966847025,1.09359761311836,-0.353193986811686,0.111308868171537,"Slope variability","12yr","trailing","base1841_2010"
2000,2.86061129124338e-05,6.22325574513884e-06,0.000214117657174026,-1.04864869428669e-05,9.28456218508052e-05,0.00022254943876152,0.128538238836394,0.0279634753507851,0.96211277083233,-0.0471198085298433,0.417190995256999,"Slope variability","12yr","trailing","base1841_2010"
2001,5.09080890789502e-05,4.63528965952745e-05,0.000195467240988917,2.22157723640233e-05,0.000134471635179917,0.00022254943876152,0.228749572958943,0.208281345723569,0.878309296472213,0.0998239873695178,0.604232641197602,"Slope variability","12yr","trailing","base1841_2010"
2002,5.36769238323011e-06,-5.23715623639003e-06,0.000170063451529611,-1.57062828094154e-05,5.1880738562918e-05,0.00022254943876152,0.0241191009651659,-0.0235325519827622,0.764160325346172,-0.0705743537113385,0.233120060206094,"Slope variability","12yr","trailing","base1841_2010"
2003,6.35237171316185e-05,4.80275285666177e-05,0.000224680870303649,7.8874253536163e-06,0.000151062279993988,0.00022254943876152,0.285436429249724,0.215806109572278,1.00957733955201,0.0354412277896972,0.678780772643794,"Slope variability","12yr","trailing","base1841_2010"
2004,5.80340349894202e-05,4.50276223650833e-05,0.000216804895838289,-1.34669009451647e-06,0.00014415115779374,0.00022254943876152,0.260769181501322,0.202326380222122,0.974187564995896,-0.00605119519514742,0.647726449439442,"Slope variability","12yr","trailing","base1841_2010"
2005,1.32004280051172e-05,1.19292696268733e-06,0.000198250049422229,-1.15004743907924e-05,7.13295488039585e-05,0.00022254943876152,0.05931458681081,0.00536027845914113,0.890813522269406,-0.0516760431066108,0.320511025329495,"Slope variability","12yr","trailing","base1841_2010"
2006,3.59478508385627e-05,1.34285803217914e-05,0.000215536681731289,3.17638105583524e-06,8.47049345291639e-05,0.00022254943876152,0.161527483684575,0.0603397626905779,0.968488992516644,0.0142726985676157,0.380611764291763,"Slope variability","12yr","trailing","base1841_2010"
2007,4.10437868572405e-05,1.5623704750574e-05,0.000216532866356349,7.13566018033246e-06,8.15764513716341e-05,0.00022254943876152,0.184425479056014,0.0702032988153973,0.972965232180976,0.0320632584833381,0.366554289355229,"Slope variability","12yr","trailing","base1841_2010"
2008,3.27434358973835e-05,6.8041607242462e-07,0.000243948456443225,3.60426653193968e-06,7.72357102579107e-05,0.00022254943876152,0.147128818116098,0.00305737042614491,1.0961539952686,0.0161953521518513,0.347049674390215,"Slope variability","12yr","trailing","base1841_2010"
2009,2.05236413204347e-05,-1.11470966810059e-05,0.000233603442984117,-7.01114983335223e-06,5.55422457227532e-05,0.00022254943876152,0.0922205934764341,-0.0500881814981837,1.04966988137158,-0.0315037857312471,0.249572616457016,"Slope variability","12yr","trailing","base1841_2010"
2010,1.65872612461553e-05,-1.63529248652422e-05,0.000234008792481213,-2.70841111839828e-05,5.61352447928362e-05,0.00022254943876152,0.0745329277775889,-0.0734799645249418,1.05149127215716,-0.121699301219113,0.252237188757819,"Slope variability","12yr","trailing","base1841_2010"
1900,0,-0.000847582547169811,0.0323707888195885,-0.015625,0,1708886109621.95,0,-4.9598539212032e-16,1.89426250452406e-14,-9.14338288082677e-15,0,"Biomass","15yr","trailing","base1841_2010"
1901,0,0.00364829009433962,0.0285547614148964,0,0.0078125,1708886109621.95,0,2.13489364434399e-15,1.67095754679716e-14,0,4.57169144041338e-15,"Biomass","15yr","trailing","base1841_2010"
1902,0,-0.0037219929245283,0.0353045846907448,-0.015625,0,1708886109621.95,0,-2.17802280887619e-15,2.06594134576675e-14,-9.14338288082677e-15,0,"Biomass","15yr","trailing","base1841_2010"
1903,0,0.000257959905660377,0.0308998491996895,-0.009765625,0.015625,1708886109621.95,0,1.50952075862706e-16,1.80818657403245e-14,-5.71461430051673e-15,9.14338288082677e-15,"Biomass","15yr","trailing","base1841_2010"
1904,0,0.000884433962264151,0.0300383582928834,-0.0078125,0.015625,1708886109621.95,0,5.17549974386421e-16,1.75777415029306e-14,-4.57169144041338e-15,9.14338288082677e-15,"Biomass","15yr","trailing","base1841_2010"
1905,0,0.000147405660377358,0.0296147448963421,-0.001953125,0,1708886109621.95,0,8.62583290644035e-17,1.7329852896337e-14,-1.14292286010335e-15,0,"Biomass","15yr","trailing","base1841_2010"
1906,0,0.000147405660377358,0.030802128478888,0,0.0078125,1708886109621.95,0,8.62583290644035e-17,1.8024681870521e-14,0,4.57169144041338e-15,"Biomass","15yr","trailing","base1841_2010"
1907,0,-0.00243219339622641,0.0318979625471085,0,0,1708886109621.95,0,-1.42326242956266e-15,1.8665938219935e-14,0,0,"Biomass","15yr","trailing","base1841_2010"
1908,0,-0.00228478773584906,0.0259271346704136,-0.0078125,0,1708886109621.95,0,-1.33700410049825e-15,1.51719500348384e-14,-4.57169144041338e-15,0,"Biomass","15yr","trailing","base1841_2010"
1909,0,0.00272700471698113,0.028874108572276,0,0.015625,1708886109621.95,0,1.59577908769146e-15,1.68964499212084e-14,0,9.14338288082677e-15,"Biomass","15yr","trailing","base1841_2010"
1910,0,-0.000331662735849057,0.0222576364892131,-0.0078125,0.0078125,1708886109621.95,0,-1.94081240394908e-16,1.30246459163607e-14,-4.57169144041338e-15,4.57169144041338e-15,"Biomass","15yr","trailing","base1841_2010"
1911,0,-0.00132665094339623,0.0262487943796413,-0.015625,0,1708886109621.95,0,-7.76324961579631e-16,1.53601777390819e-14,-9.14338288082677e-15,0,"Biomass","15yr","trailing","base1841_2010"
1912,0,-0.00217423349056604,0.0234472493340911,0,0,1708886109621.95,0,-1.27231035369995e-15,1.37207794024835e-14,0,0,"Biomass","15yr","trailing","base1841_2010"
1913,0,0.000663325471698113,0.0215970708522778,-0.0078125,0,1708886109621.95,0,3.88162480789816e-16,1.263809842603e-14,-4.57169144041338e-15,0,"Biomass","15yr","trailing","base1841_2010"
1914,0,0.00121609669811321,0.0269769169343142,-0.0078125,0.0078125,1708886109621.95,0,7.11631214781329e-16,1.57862579503804e-14,-4.57169144041338e-15,4.57169144041338e-15,"Biomass","15yr","trailing","base1841_2010"
1915,0,-0.00313237028301887,0.0289578893178516,-0.015625,0,1708886109621.95,0,-1.83298949261857e-15,1.69454764450381e-14,-9.14338288082677e-15,0,"Biomass","15yr","trailing","base1841_2010"
1916,0,-0.000331662735849057,0.0295398956165017,0,0.0078125,1708886109621.95,0,-1.94081240394908e-16,1.72860528564052e-14,0,4.57169144041338e-15,"Biomass","15yr","trailing","base1841_2010"
1917,0,0.00110554245283019,0.0251103413051803,-0.0078125,0.0078125,1708886109621.95,0,6.46937467983026e-16,1.46939817485762e-14,-4.57169144041338e-15,4.57169144041338e-15,"Biomass","15yr","trailing","base1841_2010"
1918,0,0.00154775943396226,0.0293584795884859,-0.0078125,0,1708886109621.95,0,9.05712455176237e-16,1.71798924592937e-14,-4.57169144041338e-15,0,"Biomass","15yr","trailing","base1841_2010"
1919,0,-0.000810731132075472,0.021335956549449,-0.001953125,0,1708886109621.95,0,-4.74420809854219e-16,1.24853004710589e-14,-1.14292286010335e-15,0,"Biomass","15yr","trailing","base1841_2010"
1920,0,0.000773879716981132,0.0331059846755799,-0.0078125,0.0078125,1708886109621.95,0,4.52856227588118e-16,1.93728443862791e-14,-4.57169144041338e-15,4.57169144041338e-15,"Biomass","15yr","trailing","base1841_2010"
1921,0,0.00136350235849057,0.0298124555455469,0,0.0078125,1708886109621.95,0,7.97889543845732e-16,1.7445548522916e-14,0,4.57169144041338e-15,"Biomass","15yr","trailing","base1841_2010"
1922,0,0.00217423349056604,0.0311135395710729,0,0.001953125,1708886109621.95,0,1.27231035369995e-15,1.82069123248688e-14,0,1.14292286010335e-15,"Biomass","15yr","trailing","base1841_2010"
1923,0,0.00486438679245283,0.0254993276728377,0,0.015625,1708886109621.95,0,2.84652485912531e-15,1.49216074314506e-14,0,9.14338288082677e-15,"Biomass","15yr","trailing","base1841_2010"
1924,0,0.000147405660377358,0.0236275649462078,-0.0078125,0.015625,1708886109621.95,0,8.62583290644035e-17,1.38262958620658e-14,-4.57169144041338e-15,9.14338288082677e-15,"Biomass","15yr","trailing","base1841_2010"
1925,0,-0.00095813679245283,0.0288873371062513,-0.015625,0,1708886109621.95,0,-5.60679138918623e-16,1.69041909484781e-14,-9.14338288082677e-15,0,"Biomass","15yr","trailing","base1841_2010"
1926,0,0.00198997641509434,0.0317834599234135,0,0.0078125,1708886109621.95,0,1.16448744236945e-15,1.85989339748597e-14,0,4.57169144041338e-15,"Biomass","15yr","trailing","base1841_2010"
1927,0,0.00173201650943396,0.022847405795232,0,0.0078125,1708886109621.95,0,1.01353536650674e-15,1.33697650572433e-14,0,4.57169144041338e-15,"Biomass","15yr","trailing","base1841_2010"
1928,0,-0.000184257075471698,0.0262652934564197,0,0.0078125,1708886109621.95,0,-1.07822911330504e-16,1.53698326111565e-14,0,4.57169144041338e-15,"Biomass","15yr","trailing","base1841_2010"
1929,0,-0.000773879716981132,0.0290974020448417,-0.0078125,0,1708886109621.95,0,-4.52856227588118e-16,1.70271160149337e-14,-4.57169144041338e-15,0,"Biomass","15yr","trailing","base1841_2010"
1930,0,0.00110554245283019,0.0284684523927036,0,0,1708886109621.95,0,6.46937467983026e-16,1.6659069456069e-14,0,0,"Biomass","15yr","trailing","base1841_2010"
1931,-25369626515.2969,-146539718300.296,491698244290.146,-86456281317.8066,-7696061966.2832,1708886109621.95,-0.0148457093614678,-0.0857516001067589,0.287730259800006,-0.0505921844826353,-0.00450355463886693,"Biomass","15yr","trailing","base1841_2010"
1932,-136369662340.898,-672864898715.388,2020832044537.5,-475346334507.727,-42386681169.0059,1708886109621.95,-0.0798003223111615,-0.393744729345505,1.18254343174722,-0.278161506393709,-0.024803689918448,"Biomass","15yr","trailing","base1841_2010"
1933,-208168432639.953,-950022281837.879,2677793135245.2,-724465418569.703,-72774210546.7734,1708886109621.95,-0.121815275733036,-0.555930717962269,1.56698162631657,-0.423940141177678,-0.0425857581362593,"Biomass","15yr","trailing","base1841_2010"
1934,-438842421870.016,-1419300468842.21,3359551835383.87,-1488518885333.97,-169260105026.342,1708886109621.95,-0.256800274400439,-0.830541287011923,1.96593079928954,-0.871046278012801,-0.0990470365891069,"Biomass","15yr","trailing","base1841_2010"
1935,-630130062108.891,-1734460875140.03,3641499258267.17,-1797421021476.62,-211348184198.969,1708886109621.95,-0.368737307045167,-1.01496575188603,2.13091980662934,-1.05180855023408,-0.123675991635115,"Biomass","15yr","trailing","base1841_2010"
1936,-720445332146.508,-1937892228069.64,3840134132144.02,-2034333334274.02,-237482144450.055,1708886109621.95,-0.421587681057276,-1.13400899987323,2.24715626777115,-1.19044406927976,-0.138968971140266,"Biomass","15yr","trailing","base1841_2010"
1937,-787503540065.512,-2095762513292.36,3974014306462.51,-2097178121338.1,-279176729490.859,1708886109621.95,-0.460828568756831,-1.22639098152421,2.32549980018368,-1.22721936209198,-0.163367662665724,"Biomass","15yr","trailing","base1841_2010"
1938,-853535875314.492,-2244086414212.94,4111711465214.83,-2222412369834.61,-313988384102.371,1708886109621.95,-0.499469139873409,-1.31318664337987,2.40607694220445,-1.30050350185494,-0.183738625022725,"Biomass","15yr","trailing","base1841_2010"
1939,-901519678997.035,-2316381406087.57,4190967508415.41,-2256472512508.3,-319886985357.93,1708886109621.95,-0.527548134378876,-1.35549197400874,2.45245571651499,-1.32043469708317,-0.187190347886143,"Biomass","15yr","trailing","base1841_2010"
1940,-1058864135431.86,-2548945377281.99,4390436653653.01,-2463032086750,-375486496860.551,1708886109621.95,-0.619622413377863,-1.49158294571537,2.56918037365538,-1.44130850668269,-0.219725875672088,"Biomass","15yr","trailing","base1841_2010"
1941,-1123730053432.18,-2700969694253.78,4574440740009.79,-2597411369982.87,-410600920577.188,1708886109621.95,-0.657580424526228,-1.5805440041006,2.67685524169997,-1.51994410590503,-0.240274011395659,"Biomass","15yr","trailing","base1841_2010"
1942,-1136090529683.82,-2685398452161.31,4562236241807.67,-2608915393947.11,-410543665098.363,1708886109621.95,-0.664813484811549,-1.57143207908419,2.66971345610443,-1.52667599043465,-0.240240506834704,"Biomass","15yr","trailing","base1841_2010"
1943,-1141085447240.01,-2696476900708.37,4592924373306.96,-2606046805365.75,-416488724258.074,1708886109621.95,-0.667736393206712,-1.57791492687883,2.68767142962092,-1.52499735979613,-0.243719415772074,"Biomass","15yr","trailing","base1841_2010"
1944,-1155394570333.79,-2706725339143.71,4602411207001.41,-2633139944069.31,-419048990633.012,1708886109621.95,-0.676109755839368,-1.5839120722577,2.6932229017998,-1.54085162799517,-0.245217623499623,"Biomass","15yr","trailing","base1841_2010"
1945,-1151668300067.85,-2689378809012,4561933668883.27,-2643592096303.33,-414786394444.805,1708886109621.95,-0.673929230030801,-1.57376129039223,2.66953639753821,-1.54696798190265,-0.242723252362655,"Biomass","15yr","trailing","base1841_2010"
1946,-1140639562646.28,-2667718152761.05,4520603384503.6,-2632125017286.15,-411007398005.191,1708886109621.95,-0.667475472018797,-1.56108598328488,2.64535088620018,-1.540257716688,-0.240511872436085,"Biomass","15yr","trailing","base1841_2010"
1947,-1170119549711.98,-2708741151651.1,4590272106691.71,-2661989760760.2,-423020593185.789,1708886109621.95,-0.684726467798866,-1.58509167837425,2.68611938551434,-1.55773386287814,-0.247541711998216,"Biomass","15yr","trailing","base1841_2010"
1948,-1257002414730.36,-2857384768906.93,4721869190573.37,-2805349782272.32,-451115567153.482,1708886109621.95,-0.735568279040223,-1.67207443071736,2.76312690704588,-1.64162477913343,-0.263982230655079,"Biomass","15yr","trailing","base1841_2010"
1949,-1372667302753.39,-3053197715067.53,4900207284931.79,-3006250450577.93,-486740717743.738,1708886109621.95,-0.803252653892225,-1.78665956606258,2.86748616969907,-1.75918712993869,-0.284829231745244,"Biomass","15yr","trailing","base1841_2010"
1950,-1394139483449.14,-3072367281227.06,4913380659238.28,-3041868967298.82,-490610960328.262,1708886109621.95,-0.815817669533027,-1.79787714577816,2.87519491882654,-1.78003024904437,-0.28709400677193,"Biomass","15yr","trailing","base1841_2010"
1951,-1411487666478.99,-3097457446666.21,4920123432558.54,-3089833267269.27,-498826347142.371,1708886109621.95,-0.825969418635657,-1.81255932108398,2.87914063134786,-1.80809783043577,-0.291901458109882,"Biomass","15yr","trailing","base1841_2010"
1952,-1443828978924.35,-3158472313184.55,4963561804624.42,-3157155888658.72,-517851858819.271,1708886109621.95,-0.844894794799265,-1.84826378738796,2.90455974606903,-1.84749344668567,-0.303034740526877,"Biomass","15yr","trailing","base1841_2010"
1953,-1478298467673.77,-3231359374313.64,5019139826372.51,-3255034433686.6,-542530029155.711,1708886109621.95,-0.865065529733173,-1.8909155830335,2.93708269855554,-1.90476967151819,-0.317475825978674,"Biomass","15yr","trailing","base1841_2010"
1954,-1511713042894.98,-3255527587700.81,4997717871832.63,-3308406265465.79,-546000809452.998,1708886109621.95,-0.884618954056227,-1.90505825366034,2.92454707408106,-1.93600161347072,-0.319506845060486,"Biomass","15yr","trailing","base1841_2010"
1955,-1520271133581.73,-3269532580029.28,4966761575161.95,-3377027038368.3,-557181269255.727,1708886109621.95,-0.889626947648401,-1.91325364611489,2.90643217660698,-1.97615687748517,-0.326049387445129,"Biomass","15yr","trailing","base1841_2010"
1956,-1534076136376.44,-3299831279145.96,4987027636554.42,-3443098968342.43,-570343423630.326,1708886109621.95,-0.897705310926668,-1.93098373295103,2.91829139957003,-2.01482061850461,-0.333751570932074,"Biomass","15yr","trailing","base1841_2010"
1957,-1552686209893.22,-3340580294924.29,5007640912517.05,-3532377364307.8,-584854660500.158,1708886109621.95,-0.908595488693341,-1.95482909956083,2.93035380434151,-2.06706423817164,-0.34224320579769,"Biomass","15yr","trailing","base1841_2010"
1958,-1548823511435.48,-3343731016276.18,5011205443069.78,-3543651964089.96,-584328126744.084,1708886109621.95,-0.906335128312393,-1.95667282766779,2.93243968387009,-2.07366186906037,-0.341935090614876,"Biomass","15yr","trailing","base1841_2010"
1959,-1566159405733.78,-3378649331657.53,5041100786201.14,-3614940185636.25,-595803867744.277,1708886109621.95,-0.916479686338051,-1.97710620540123,2.94993373626073,-2.11537806134779,-0.348650424618458,"Biomass","15yr","trailing","base1841_2010"
1960,-1601931319078.6,-3432027182453.5,5097096858096.72,-3719553288702.66,-611804517486.039,1708886109621.95,-0.937412569543906,-2.00834166954096,2.9827013218712,-2.1765951913118,-0.358013628902037,"Biomass","15yr","trailing","base1841_2010"
1961,-1634813201727.94,-3501163581304.37,5189305915687.24,-3802310616635.02,-633782170761.711,1708886109621.95,-0.956654274689847,-2.04879866574544,3.03665989586354,-2.22502283518249,-0.370874435220215,"Biomass","15yr","trailing","base1841_2010"
1962,-1619098362319.06,-3487473856366.8,5164033472796.63,-3825016999682.78,-635536625307.523,1708886109621.95,-0.947458319897778,-2.04078776036065,3.02187105607585,-2.23831007704134,-0.371901100798415,"Biomass","15yr","trailing","base1841_2010"
1963,-1608742365433.41,-3497652940232.58,5165416679151.94,-3781264494800.34,-646230643896.094,1708886109621.95,-0.941398233840932,-2.04674432107494,3.02268047593567,-2.21270713917668,-0.378158989213773,"Biomass","15yr","trailing","base1841_2010"
1964,-1604300000256.6,-3497040879966.65,5140715492954.67,-3799129538173.05,-653200962478.758,1708886109621.95,-0.938798666115622,-2.04638615778806,3.00822592214289,-2.22316134280799,-0.382237855876342,"Biomass","15yr","trailing","base1841_2010"
1965,-1581978786973.02,-3463971955869.7,5063807342223.3,-3699809278448.04,-645273644833.295,1708886109621.95,-0.925736816552975,-2.02703500038163,2.96322107934012,-2.16504146040869,-0.377598975847516,"Biomass","15yr","trailing","base1841_2010"
1966,-1546246799121.01,-3421243817233.73,4987618532312.38,-3651906296078.88,-633862993050.781,1708886109621.95,-0.904827296807438,-2.00203149757628,2.91863717788412,-2.13700976063687,-0.370921730524808,"Biomass","15yr","trailing","base1841_2010"
1967,-1543553119202.3,-3436928405545.28,5015565767156.84,-3669417016066.72,-640866731311.348,1708886109621.95,-0.903251018608707,-2.01120975013696,2.93499124307729,-2.14725662254841,-0.375020153597669,"Biomass","15yr","trailing","base1841_2010"
1968,-1538038155418.3,-3466165316551.53,5047283440838.54,-3743476902316.34,-644452333708.766,1708886109621.95,-0.900023791379847,-2.02831850351826,2.95355168048919,-2.19059472789822,-0.377118363874662,"Biomass","15yr","trailing","base1841_2010"
1969,-1533135039452.38,-3490261081028.44,5093852491254.8,-3736773329695.58,-648607299319.582,1708886109621.95,-0.897154603118369,-2.04241877874505,2.98080279462374,-2.18667195470519,-0.379549752126589,"Biomass","15yr","trailing","base1841_2010"
1970,-1530682596683.28,-3490644144808.59,5088633666507.98,-3772875504976.52,-651611832130.746,1708886109621.95,-0.895719491231576,-2.04264293866887,2.97774886100146,-2.20779809943635,-0.3813079341343,"Biomass","15yr","trailing","base1841_2010"
1971,-1512955620783.21,-3472585413957.22,5058362867952.65,-3714368304242.04,-645805795427.049,1708886109621.95,-0.88534608144127,-2.03207539367585,2.96003510091828,-2.1735610602299,-0.377910377871769,"Biomass","15yr","trailing","base1841_2010"
1972,-1507965824886.78,-3477696655735.76,5065813277489.24,-3729537072658.23,-650925208067.406,1708886109621.95,-0.882426170121063,-2.03506637227282,2.96439490552704,-2.18243746710733,-0.380906137865096,"Biomass","15yr","trailing","base1841_2010"
1973,-1630570057334.59,-3572075849502.27,5092301461030.7,-3842738076524.83,-687706003328.09,1708886109621.95,-0.954171286286194,-2.09029485896664,2.97989516817902,-2.24868003484149,-0.402429395063799,"Biomass","15yr","trailing","base1841_2010"
1974,-1645153273427.33,-3615988070692.97,5070832035078.63,-4327107318116.77,-736011295746.484,1708886109621.95,-0.962705041701859,-2.11599125906227,2.9673317645495,-2.53212153446202,-0.430696517223906,"Biomass","15yr","trailing","base1841_2010"
1975,-1640779951975.51,-3605921726947.29,5024047473550.44,-4420230244675.55,-733822038894.223,1708886109621.95,-0.960145876742186,-2.11010067121735,2.93995453837581,-2.58661488310267,-0.429415415551925,"Biomass","15yr","trailing","base1841_2010"
1976,-1688184061468.24,-3645636391184.3,5033707960454.15,-4491670491903.54,-778414641258.145,1708886109621.95,-0.987885647828051,-2.13334075960791,2.94560762833267,-2.62842003724708,-0.455509958724136,"Biomass","15yr","trailing","base1841_2010"
1977,-1738412294344.36,-3688997988588.1,5028420517421.78,-4514983211134.39,-807020905492.363,1708886109621.95,-1.01727802956333,-2.15871494760069,2.94251354090191,-2.64206209279401,-0.472249672431884,"Biomass","15yr","trailing","base1841_2010"
1978,-1872927117357.97,-3777343017516.36,5043616434010.34,-4754858864689.36,-875414150975.896,1708886109621.95,-1.09599294348077,-2.21041238280766,2.95140583425195,-2.78243168922548,-0.512271792746657,"Biomass","15yr","trailing","base1841_2010"
1979,-1996811310343.28,-3942200865926.2,5080978104677.31,-4915160410802.11,-999287533474.984,1708886109621.95,-1.16848706247898,-2.30688332225856,2.97326900609038,-2.87623638762531,-0.584759585702322,"Biomass","15yr","trailing","base1841_2010"
1980,-2223879672110.59,-4195033185349.44,5168813857905.91,-5401093477635.41,-1223607964872.7,1708886109621.95,-1.30136213267166,-2.45483485513115,3.02466842512365,-3.16059300103403,-0.716026631607063,"Biomass","15yr","trailing","base1841_2010"
1981,-2154208014867.02,-4123079251179.09,5227114040248.57,-5258202191197.44,-1066940672872.96,1708886109621.95,-1.260591915832,-2.41272910345747,3.05878432203123,-3.07697637753091,-0.624348613325083,"Biomass","15yr","trailing","base1841_2010"
1982,-2077301250090.46,-4014839317262.75,5166437005335,-5044628617930.1,-1031716904967.33,1708886109621.95,-1.21558788405742,-2.34938963729475,3.0232775468448,-2.9519981404999,-0.603736491951224,"Biomass","15yr","trailing","base1841_2010"
1983,-2031310680373.03,-3961095326916.76,5135470071021.16,-4989950979001.99,-978911334123.406,1708886109621.95,-1.18867528323605,-2.31793991689303,3.00515642447188,-2.92000207088458,-0.57283591259336,"Biomass","15yr","trailing","base1841_2010"
1984,-2004892809282.8,-3957067510316.8,5181828437477.76,-5007295183561.7,-983620910552.648,1708886109621.95,-1.1732161657785,-2.31558293325481,3.03228425130339,-2.93015149187996,-0.575591846065301,"Biomass","15yr","trailing","base1841_2010"
1985,-1961693610616.82,-3938727998159.56,5181041757124.46,-5013802208901.08,-968314631211.266,1708886109621.95,-1.14793700971143,-2.30485108163874,3.03182390444419,-2.93395925022192,-0.566634971025355,"Biomass","15yr","trailing","base1841_2010"
1986,-1904355547707.96,-3838560684197.26,5099288382487.5,-4972412942815.29,-912614201929.93,1708886109621.95,-1.11438412249091,-2.24623552300185,2.98398375045344,-2.90973922417528,-0.534040388526432,"Biomass","15yr","trailing","base1841_2010"
1987,-1851327561393.05,-3791827280658.19,5090195921592.55,-4956481915264.5,-882157428588.699,1708886109621.95,-1.08335339082522,-2.21888823328141,2.97866305597079,-2.90041676116204,-0.516217800368133,"Biomass","15yr","trailing","base1841_2010"
1988,-1831242713362.25,-3767311808601.98,5086937652197,-4936516173413.43,-868002576597.406,1708886109621.95,-1.07160020966369,-2.20454235504051,2.9767563932756,-2.88873327813842,-0.507934713559952,"Biomass","15yr","trailing","base1841_2010"
1989,-1816726491144.82,-3750603295990.22,5115718771154.36,-4948908072948.15,-841052918696.66,1708886109621.95,-1.06310565748979,-2.19476492603708,2.993598427859,-2.89598472659069,-0.492164406955548,"Biomass","15yr","trailing","base1841_2010"
1990,-1776871573364.16,-3751296446346.07,5146270267977.66,-4962552585028.49,-826973928094.828,1708886109621.95,-1.03978349602084,-2.19517054133932,3.01147644597342,-2.90396917447374,-0.483925712450068,"Biomass","15yr","trailing","base1841_2010"
1991,-1765827655176.92,-3741043964255.63,5139655884108.21,-4969907781899.92,-822177070389.18,1708886109621.95,-1.03332085458145,-2.1891710297085,3.00760586394212,-2.90827326286794,-0.481118704025903,"Biomass","15yr","trailing","base1841_2010"
1992,-1735539361785.11,-3670979328337.42,5038063204570.1,-4922353845905.7,-794598499165.172,1708886109621.95,-1.015596856931,-2.14817085098172,2.94815621486013,-2.88044581683366,-0.464980372121439,"Biomass","15yr","trailing","base1841_2010"
1993,-1701418452979.04,-3645237973496.64,5015638549160.68,-4891269889612.6,-787808236252.707,1708886109621.95,-0.995630102789844,-2.13310761493816,2.93503383339588,-2.86225621594799,-0.461006869806549,"Biomass","15yr","trailing","base1841_2010"
1994,-1722949241966.12,-3658655015599.88,5041347297299.22,-4909027443735.4,-784207718149.035,1708886109621.95,-1.0082294146257,-2.14095895273517,2.95007798876339,-2.87264751939578,-0.458899931208711,"Biomass","15yr","trailing","base1841_2010"
1995,-1689221197894.53,-3636516029491.25,4998952972424.99,-4916523370747.5,-772230324557.621,1708886109621.95,-0.988492555696547,-2.12800373823375,2.92526982592824,-2.87703395976175,-0.451891041895389,"Biomass","15yr","trailing","base1841_2010"
1996,-1670363482479.77,-3580059146186.04,4908962559749.06,-4872149758520.32,-756612506198.895,1708886109621.95,-0.977457463709675,-2.09496649661342,2.87260955081147,-2.85106756447226,-0.442751861542298,"Biomass","15yr","trailing","base1841_2010"
1997,-1661817630303.81,-3548587093132.29,4865048028042.09,-4832812809563.46,-744721960991.766,1708886109621.95,-0.972456631806463,-2.07654979062199,2.84691179865601,-2.82804850618898,-0.435793793862902,"Biomass","15yr","trailing","base1841_2010"
1998,-1662953376206.8,-3549653111822.97,4871621476296.13,-4849191737623.24,-745572632019.66,1708886109621.95,-0.973121243623828,-2.077173599713,2.85075842612698,-2.83763307005638,-0.436291586561377,"Biomass","15yr","trailing","base1841_2010"
1999,-1658310473643.78,-3539089014214.63,4859240690821.19,-4842149862949.41,-736877399355.578,1708886109621.95,-0.970404326131858,-2.0709917380027,2.84351348136136,-2.83351233045052,-0.4312033407063,"Biomass","15yr","trailing","base1841_2010"
2000,-1629741636481.01,-3516838522914.97,4826885390085.1,-4849162584083.35,-731241185486.871,1708886109621.95,-0.95368651386695,-2.05797127328338,2.82457991957869,-2.83761601008982,-0.427905160776712,"Biomass","15yr","trailing","base1841_2010"
2001,-1616596846955.57,-3482282688688.24,4779910563820.04,-4833137229952.47,-709606700382.348,1708886109621.95,-0.945994491881732,-2.0377500110049,2.79709135495137,-2.82823834937817,-0.415245168409339,"Biomass","15yr","trailing","base1841_2010"
2002,-1620375875039.14,-3464890831380.89,4765587047212.32,-4798262721729.73,-694945589179.449,1708886109621.95,-0.948205890325607,-2.02757270474123,2.78870956957254,-2.80783060656467,-0.406665830605405,"Biomass","15yr","trailing","base1841_2010"
2003,-1640773109165.65,-3504959196567.18,4847316041294.24,-4845547806841.6,-705448183858.584,1708886109621.95,-0.960141872490631,-2.05101977061688,2.83653545663531,-2.8355007273794,-0.412811702246586,"Biomass","15yr","trailing","base1841_2010"
2004,-1618553337724.43,-3496434674224.67,4842221412323.84,-4821952447945.71,-696458710209.941,1708886109621.95,-0.947139384310691,-2.04603142043104,2.83355419946334,-2.82169327774128,-0.407551273480721,"Biomass","15yr","trailing","base1841_2010"
2005,-1621828059163.1,-3528620525446.63,4910155654513.24,-4823592880033.19,-701116228173.852,1708886109621.95,-0.949055674354968,-2.06486582433937,2.87330772183495,-2.8226532200559,-0.410276743561896,"Biomass","15yr","trailing","base1841_2010"
2006,-1636406887676.93,-3557956893983.02,4954222858935.91,-4879729970203.68,-719226227052.289,1708886109621.95,-0.957586862262547,-2.08203277793049,2.89909481447649,-2.85550332624753,-0.420874289399778,"Biomass","15yr","trailing","base1841_2010"
2007,-1594846934799.13,-3501597137050.35,4862933199997.42,-4827937331195.01,-701736760862.256,1708886109621.95,-0.93326695431561,-2.04905237238133,2.84567425097347,-2.82519549080019,-0.410639864711346,"Biomass","15yr","trailing","base1841_2010"
2008,-1586900755979.62,-3469931235273.21,4822633793915.03,-4804012107655.21,-696935095255.066,1708886109621.95,-0.928617037170886,-2.03052223067156,2.82209198539388,-2.81119501212283,-0.407830042816163,"Biomass","15yr","trailing","base1841_2010"
2009,-1586672767587.83,-3467815661631.21,4821648869451.37,-4791275310270.86,-698704449433.957,1708886109621.95,-0.928483623720743,-2.02928424668299,2.82151563073916,-2.80374173755255,-0.408865427309564,"Biomass","15yr","trailing","base1841_2010"
2010,-1572819038977.96,-3509872210864.08,4907939389406.08,-4813825005295.97,-703384445032.408,1708886109621.95,-0.92037674724029,-2.05389475114907,2.87201081556678,-2.81693728926201,-0.411604050774346,"Biomass","15yr","trailing","base1841_2010"
1900,0,-0.000198652159492925,0.00692967594553205,-0.00244140625,0.00146484375,202664799461.691,0,-9.80200607212378e-16,3.41927950188604e-14,-1.20465234045811e-14,7.22791404274866e-15,"Biomass variability","15yr","trailing","base1841_2010"
1901,0,-4.0306235259434e-06,0.00705877388336949,-0.0029296875,0.001953125,202664799461.691,0,-1.98881282622801e-17,3.48297972914817e-14,-1.44558280854973e-14,9.63721872366489e-15,"Biomass variability","15yr","trailing","base1841_2010"
1902,0,-5.29739091981132e-05,0.00775861041207469,-0.002685546875,0.0010986328125,202664799461.691,0,-2.61386828589967e-16,3.82829698728282e-14,-1.32511757450392e-14,5.4209355320615e-15,"Biomass variability","15yr","trailing","base1841_2010"
1903,0,5.00948923938679e-05,0.00815262804203988,-0.00244140625,0.001220703125,202664799461.691,0,2.47181022688339e-16,4.02271537222769e-14,-1.20465234045811e-14,6.02326170229055e-15,"Biomass variability","15yr","trailing","base1841_2010"
1904,0,-3.62756117334906e-05,0.00800375168310857,-0.002593994140625,0.0009765625,202664799461.691,0,-1.78993154360521e-16,3.94925596569694e-14,-1.27994311173674e-14,4.81860936183244e-15,"Biomass variability","15yr","trailing","base1841_2010"
1905,0,-0.00018310546875,0.00789425545016761,-0.00201416015625,0.0009765625,202664799461.691,0,-9.03489255343583e-16,3.89522772140794e-14,-9.93838180877941e-15,4.81860936183244e-15,"Biomass variability","15yr","trailing","base1841_2010"
1906,0,-0.000200379569575472,0.00851133718000996,-0.00146484375,0.001220703125,202664799461.691,0,-9.88724090753355e-16,4.19971164337239e-14,-7.22791404274866e-15,6.02326170229055e-15,"Biomass variability","15yr","trailing","base1841_2010"
1907,0,-6.16109596108491e-05,0.00902830379851317,-0.00152587890625,0.00146484375,202664799461.691,0,-3.04004246294853e-16,4.45479620659025e-14,-7.52907712786319e-15,7.22791404274866e-15,"Biomass variability","15yr","trailing","base1841_2010"
1908,0,-5.87319428066038e-05,0.00863325727666542,-0.00244140625,0.001708984375,202664799461.691,0,-2.89798440393225e-16,4.25987014005228e-14,-1.20465234045811e-14,8.43256638320678e-15,"Biomass variability","15yr","trailing","base1841_2010"
1909,0,-5.1246499115566e-05,0.00881141859343357,-0.002197265625,0.00146484375,202664799461.691,0,-2.5286334504899e-16,4.34777949443517e-14,-1.0841871064123e-14,7.22791404274866e-15,"Biomass variability","15yr","trailing","base1841_2010"
1910,0,-5.75803360849057e-05,0.00894605303405142,-0.002197265625,0.00103759765625,202664799461.691,0,-2.84116118032573e-16,4.41421157389616e-14,-1.0841871064123e-14,5.11977244694697e-15,"Biomass variability","15yr","trailing","base1841_2010"
1911,0,-9.55833579009434e-05,0.00890913157484477,-0.00201416015625,0.00128173828125,202664799461.691,0,-4.71632755934072e-16,4.39599358078403e-14,-9.93838180877941e-15,6.32442478740508e-15,"Biomass variability","15yr","trailing","base1841_2010"
1912,0,-0.000139344413325472,0.00873835796233402,-0.00225830078125,0.001708984375,202664799461.691,0,-6.87561005638827e-16,4.31172950879701e-14,-1.11430341492375e-14,8.43256638320678e-15,"Biomass variability","15yr","trailing","base1841_2010"
1913,0,-0.000216502063679245,0.00838666221819947,-0.001953125,0.001220703125,202664799461.691,0,-1.06827660380248e-15,4.13819382570418e-14,-9.63721872366489e-15,6.02326170229055e-15,"Biomass variability","15yr","trailing","base1841_2010"
1914,0,-0.000366786740860849,0.00864872062219377,-0.00244140625,0.00146484375,202664799461.691,0,-1.80981967186749e-15,4.26750015057676e-14,-1.20465234045811e-14,7.22791404274866e-15,"Biomass variability","15yr","trailing","base1841_2010"
1915,0,-0.000266021152712264,0.00793016418291435,-0.001953125,0.001953125,202664799461.691,0,-1.31261646531049e-15,3.91294600936032e-14,-9.63721872366489e-15,9.63721872366489e-15,"Biomass variability","15yr","trailing","base1841_2010"
1916,0,-0.000338572376179245,0.00767316514302871,-0.001953125,0.001708984375,202664799461.691,0,-1.67060277403153e-15,3.78613610425186e-14,-9.63721872366489e-15,8.43256638320678e-15,"Biomass variability","15yr","trailing","base1841_2010"
1917,0,-3.51240050117925e-05,0.00656639669638718,-0.0023193359375,0.001708984375,202664799461.691,0,-1.7331083199987e-16,3.24002822089901e-14,-1.14441972343521e-14,8.43256638320678e-15,"Biomass variability","15yr","trailing","base1841_2010"
1918,0,-0.000223411704009434,0.00709628783259438,-0.00201416015625,0.001220703125,202664799461.691,0,-1.10237053796638e-15,3.50149007200225e-14,-9.93838180877941e-15,6.02326170229055e-15,"Biomass variability","15yr","trailing","base1841_2010"
1919,0,-0.000171589401533019,0.00714782685169972,-0.001953125,0.00146484375,202664799461.691,0,-8.46666031737068e-16,3.52692074335822e-14,-9.63721872366489e-15,7.22791404274866e-15,"Biomass variability","15yr","trailing","base1841_2010"
1920,0,0.000336844966096698,0.00855950799023762,-0.001708984375,0.00146484375,202664799461.691,0,1.66207929049055e-15,4.22348035424651e-14,-8.43256638320678e-15,7.22791404274866e-15,"Biomass variability","15yr","trailing","base1841_2010"
1921,0,0.000358149690448113,0.00965364104974274,-0.00177001953125,0.00146484375,202664799461.691,0,1.76720225416261e-15,4.76335361413738e-14,-8.7337294683213e-15,7.22791404274866e-15,"Biomass variability","15yr","trailing","base1841_2010"
1922,0,0.000411699403007075,0.010083733407784,-0.00146484375,0.002197265625,202664799461.691,0,2.0314302439329e-15,4.97557219337938e-14,-7.22791404274866e-15,1.0841871064123e-14,"Biomass variability","15yr","trailing","base1841_2010"
1923,0,0.000879251732016509,0.0114859967433924,-0.00146484375,0.00299072265625,202664799461.691,0,4.33845312235739e-15,5.66748481921922e-14,-7.22791404274866e-15,1.47569911706119e-14,"Biomass variability","15yr","trailing","base1841_2010"
1924,0,0.000876372715212264,0.0108208076189744,-0.001708984375,0.0029296875,202664799461.691,0,4.32424731645577e-15,5.33926347728668e-14,-8.43256638320678e-15,1.44558280854973e-14,"Biomass variability","15yr","trailing","base1841_2010"
1925,0,0.000959288399174528,0.00868452904904437,-0.0009765625,0.002685546875,202664799461.691,0,4.73337452642267e-15,4.28516894503229e-14,-4.81860936183244e-15,1.32511757450392e-14,"Biomass variability","15yr","trailing","base1841_2010"
1926,0,0.000850461563974057,0.00863273309242958,-0.001220703125,0.00225830078125,202664799461.691,0,4.19639506334111e-15,4.25961149413191e-14,-6.02326170229055e-15,1.11430341492375e-14,"Biomass variability","15yr","trailing","base1841_2010"
1927,0,0.000948923938679245,0.00892650269964209,-0.00146484375,0.00244140625,202664799461.691,0,4.68223362517681e-15,4.4045649384364e-14,-7.22791404274866e-15,1.20465234045811e-14,"Biomass variability","15yr","trailing","base1841_2010"
1928,0,0.000901132259728774,0.00861642702816769,-0.00103759765625,0.00244140625,202664799461.691,0,4.44641724720977e-15,4.25156566461183e-14,-5.11977244694697e-15,1.20465234045811e-14,"Biomass variability","15yr","trailing","base1841_2010"
1929,0,0.00097022866303066,0.00871677179726994,-0.0009765625,0.002685546875,202664799461.691,0,4.78735658884886e-15,4.30107834237767e-14,-4.81860936183244e-15,1.32511757450392e-14,"Biomass variability","15yr","trailing","base1841_2010"
1930,0,0.000957560989091981,0.00795773503410941,-0.0009765625,0.002685546875,202664799461.691,0,4.72485104288169e-15,3.92655017311658e-14,-4.81860936183244e-15,1.32511757450392e-14,"Biomass variability","15yr","trailing","base1841_2010"
1931,-190188292.57959,3457942907.32132,23848517238.3276,-836365618.065796,-40174970.5212402,202664799461.691,-0.000938437721226178,0.0170623754914822,0.117674688952758,-0.00412684205785766,-0.00019823358880255,"Biomass variability","15yr","trailing","base1841_2010"
1932,-7478964126.60291,19305766426.9963,226883458470.895,-24243583386.5587,-2404716503.13257,202664799461.691,-0.0369031235146319,0.0952595935666941,1.11950106320156,-0.119624046459737,-0.0118654868014567,"Biomass variability","15yr","trailing","base1841_2010"
1933,-11345088809.1224,62728837101.9808,517812429814.555,-36315336815.2695,-3249001216.05103,202664799461.691,-0.0559795723739728,0.309520139997662,2.55501908170508,-0.179189168083104,-0.0160314037004989,"Biomass variability","15yr","trailing","base1841_2010"
1934,-3460858995.64185,173223751233.397,864326375518.402,-15139859809.6219,18610078739.7902,202664799461.691,-0.017076764217735,0.85473033153022,4.26480759270571,-0.0747039439006465,0.0918268924313519,"Biomass variability","15yr","trailing","base1841_2010"
1935,-2582786925.16479,256354695873.583,1113407077745.84,-12426809384.8678,65415345972.0122,202664799461.691,-0.0127441318473907,1.26491969278582,5.49383553879715,-0.0613170586005822,0.322776062472444,"Biomass variability","15yr","trailing","base1841_2010"
1936,25106639970.4883,372019662808.097,1303584269937.69,-415045466.303284,145838054132.535,202664799461.691,0.123882588575694,1.83564024831267,6.43221848786867,-0.00204794057678348,0.719602291665368,"Biomass variability","15yr","trailing","base1841_2010"
1937,54818914110.3263,473297017776.923,1457726869425.33,5796070910.39026,234728965141.081,202664799461.691,0.270490555123207,2.33536864336615,7.1927975321678,0.0285992975878668,1.15821280145618,"Biomass variability","15yr","trailing","base1841_2010"
1938,87407775212.1583,572459705615.446,1573871589835.74,15842085494.9403,341357958878.85,202664799461.691,0.431292338108674,2.82466272947244,7.7658853141551,0.0781689051923142,1.68434755214299,"Biomass variability","15yr","trailing","base1841_2010"
1939,126188589330.098,653716319232.247,1637254545440.26,32086820272.7475,432533396210.217,202664799461.691,0.622646802332099,3.2256036616552,8.07863304228984,0.158324585019081,2.13423049961854,"Biomass variability","15yr","trailing","base1841_2010"
1940,99237377116.9967,632780945320.055,1618264571118.14,16953627183.3304,410390615517.954,202664799461.691,0.489662622125729,3.122303167599,7.98493164780712,0.0836535364225158,2.02497235142962,"Biomass variability","15yr","trailing","base1841_2010"
1941,126747930035.941,680333373557.747,1622218456915.68,25248054697.9241,479914177306.474,202664799461.691,0.625406732558406,3.35693902130423,8.00444113247361,0.124580365041126,2.36801940238857,"Biomass variability","15yr","trailing","base1841_2010"
1942,116626231780.558,674354663695.924,1560001556021.49,25023658295.0977,493407468277.282,202664799461.691,0.57546368234807,3.32743853637688,7.69744701677397,0.123473135747127,2.43459875413909,"Biomass variability","15yr","trailing","base1841_2010"
1943,41018662788.7063,539663002642.268,1376230822274.7,3874031684.53275,324231781963.883,202664799461.691,0.202396582424072,2.66283540148904,6.79067517363736,0.01911546403136,1.59984261117418,"Biomass variability","15yr","trailing","base1841_2010"
1944,20918232905.0353,461244729260.227,1179275557825.11,-54808651.3113403,258650678024.152,202664799461.691,0.103215915939015,2.27589956660142,5.81884748095103,-0.000270439915845872,1.2762486564572,"Biomass variability","15yr","trailing","base1841_2010"
1945,79303542229.8497,437847289364.441,943916989833.511,15293160785.4457,307650515378.508,202664799461.691,0.391303977999594,2.16045060872648,4.65752805786056,0.0754603701583435,1.51802639726126,"Biomass variability","15yr","trailing","base1841_2010"
1946,69824763330.4979,339515252591.475,675514555883.927,17000337959.1114,270120653780.783,202664799461.691,0.344533256470602,1.67525516761312,3.33316174134925,0.0838840193475477,1.33284445299956,"Biomass variability","15yr","trailing","base1841_2010"
1947,29837620824.1155,216274214268.98,478384786392.421,7013411688.07489,142622589239.578,202664799461.691,0.147226459174799,1.06715233648585,2.36047299611518,0.0346059686077878,0.703736364767859,"Biomass variability","15yr","trailing","base1841_2010"
1948,772198319.717041,88736533838.2201,298335866224.3,-11635346843.0225,26925287679.2839,202664799461.691,0.00381022418184173,0.437848773313954,1.47206553390982,-0.0574117798153785,0.132856261920184,"Biomass variability","15yr","trailing","base1841_2010"
1949,-5004977058.28735,45937164690.0687,195218030840.81,-19073390138.2637,1307587529.32025,202664799461.691,-0.0246958380122317,0.226665729875562,0.963255737352215,-0.0941129894728908,0.00645197159444267,"Biomass variability","15yr","trailing","base1841_2010"
1950,-9882380901.42236,15883452341.9593,119637135133.869,-26141705845.0458,-2108646680.16864,202664799461.691,-0.0487621971238788,0.0783730198048609,0.590320250243968,-0.128989868563668,-0.0104046025050701,"Biomass variability","15yr","trailing","base1841_2010"
1951,-12269099306.2246,-2862029333.53022,74506522443.8773,-25339870350.777,-5281655052.46454,202664799461.691,-0.0605388767009033,-0.0141219853725571,0.367634254403222,-0.125033406975871,-0.0260610380613379,"Biomass variability","15yr","trailing","base1841_2010"
1952,-22757485361.4766,-27258638084.4922,53641003104.5303,-52865205341.7958,-9657572458.17871,202664799461.691,-0.112291258382926,-0.13450109815269,0.264678440691275,-0.260850455936176,-0.0476529347169844,"Biomass variability","15yr","trailing","base1841_2010"
1953,-18984597176.2523,-17042434529.5932,59465358374.7864,-50649699442.5782,-7905535316.69952,202664799461.691,-0.0936748622685258,-0.0840917346024595,0.293417300551134,-0.249918582689799,-0.0390079349630416,"Biomass variability","15yr","trailing","base1841_2010"
1954,-113002746.989624,37324607683.4572,98821551105.4882,-4160334186.79755,30389519801.3781,202664799461.691,-0.000557584480826353,0.184169168906475,0.487610830139093,-0.0205281538671147,0.149949670007309,"Biomass variability","15yr","trailing","base1841_2010"
1955,-4402774970.28125,19051875498.9337,94706800568.2963,-13559365530.2567,11823236531.7196,202664799461.691,-0.0217244187543949,0.0940068307349792,0.467307597667933,-0.0669053805410336,0.0583388756366371,"Biomass variability","15yr","trailing","base1841_2010"
1956,1078780093.17444,40448563631.6283,120891636578.618,-3557798196.32684,30355901135.1151,202664799461.691,0.00532297713288072,0.199583567245352,0.596510281507812,-0.0175550870490431,0.149783786902042,"Biomass variability","15yr","trailing","base1841_2010"
1957,-609386138.602173,36377019282.2036,134661570004.654,-5440845246.03436,27711664388.6776,202664799461.691,-0.0030068672024979,0.179493525164837,0.664454657949163,-0.0268465232269545,0.136736445906166,"Biomass variability","15yr","trailing","base1841_2010"
1958,-8754447718.87408,16316069963.7871,143261181458.19,-23350941792.192,-814213369.965393,202664799461.691,-0.0431966860654995,0.0805076658952371,0.706887342245488,-0.11521952432892,-0.00401753719505345,"Biomass variability","15yr","trailing","base1841_2010"
1959,-7904024230.61536,15404616044.8991,151449463800.295,-30116440166.5497,4901546377.66888,202664799461.691,-0.0390004788774847,0.0760103189395303,0.747290423411306,-0.148602225184362,0.0241854845572006,"Biomass variability","15yr","trailing","base1841_2010"
1960,-7202904739.43408,19299088479.284,136162354139.315,-25047822504.7392,325661097.297699,202664799461.691,-0.0355409758308601,0.0952266428632172,0.671859911050086,-0.12359236814321,0.00160689521891668,"Biomass variability","15yr","trailing","base1841_2010"
1961,-1796101060.35419,29264236605.9849,141991167828.388,-15820129359.9302,11352867387.9453,202664799461.691,-0.00886242240944114,0.144397234663914,0.700620769889682,-0.0780605680016997,0.0560179538730959,"Biomass variability","15yr","trailing","base1841_2010"
1962,7268267466.41846,50368680837.0015,141509710459.412,552753938.177185,34919246313.5457,202664799461.691,0.0358634922577778,0.248531964952909,0.698245135984558,0.0027274294285213,0.172300500167254,"Biomass variability","15yr","trailing","base1841_2010"
1963,-1597773826.20544,15866259433.1927,102376644387.592,-11001652629.5811,10298616758.9992,202664799461.691,-0.00788382506705346,0.0782881855918538,0.505152570448938,-0.0542849703490848,0.0508160113959302,"Biomass variability","15yr","trailing","base1841_2010"
1964,-2986706322.86914,7816483162.53104,90234558392.762,-13587983946.479,5238571052.84985,202664799461.691,-0.0147371735535835,0.0385685288382236,0.445240409940152,-0.0670465911326031,0.025848450578316,"Biomass variability","15yr","trailing","base1841_2010"
1965,1754674883.08734,22252774790.1201,100759402430.357,-3863213976.02252,13911296920.7434,202664799461.691,0.00865801504626372,0.109800887224752,0.497172684639808,-0.019062086688383,0.0686419001113856,"Biomass variability","15yr","trailing","base1841_2010"
1966,2337586464.03564,19414378601.1732,95844566535.2126,-3961057481.70355,15796335613.6894,202664799461.691,0.0115342500041676,0.0957955138373351,0.472921626201444,-0.0195448715920314,0.0779431635668694,"Biomass variability","15yr","trailing","base1841_2010"
1967,-369462020.610474,4390736830.8134,76420199206.0912,-12130529473.8752,9204087218.29382,202664799461.691,-0.00182302018698768,0.0216650194926592,0.377076825423433,-0.0598551376760825,0.0454153224572856,"Biomass variability","15yr","trailing","base1841_2010"
1968,-3115063964.43127,-9067070863.43732,57948909242.5624,-14470898831.3072,-513932225.633606,202664799461.691,-0.0153705230148766,-0.0447392486880842,0.285934752342211,-0.071403119188651,-0.00253587316099633,"Biomass variability","15yr","trailing","base1841_2010"
1969,-4457298640.30896,-14868522591.6789,54460772846.1207,-16415541113.889,-1137556249.54504,202664799461.691,-0.021993452499636,-0.0733650966086465,0.268723394446282,-0.0809984820131131,-0.0056129937343168,"Biomass variability","15yr","trailing","base1841_2010"
1970,-7610610241.06726,-20253335736.6271,50421146450.2884,-22610568143.1765,-2939403134.1441,202664799461.691,-0.0375526991430293,-0.0999351431053793,0.248790843719357,-0.111566331219006,-0.0145037675114357,"Biomass variability","15yr","trailing","base1841_2010"
1971,-10481932715.8816,-22348454090.5309,49775051010.173,-26380195040.085,-3099885927.80524,202664799461.691,-0.0517205392536011,-0.11027299338559,0.245602843426106,-0.13016663530201,-0.015295630696791,"Biomass variability","15yr","trailing","base1841_2010"
1972,-9450597519.94873,-21659802257.0328,47884357996.9086,-27074971601.8164,-2727823409.58078,202664799461.691,-0.0466316673889643,-0.106875008953526,0.236273680106742,-0.133594840711025,-0.0134597789888836,"Biomass variability","15yr","trailing","base1841_2010"
1973,-6712133774.93811,-14684729676.7492,61839179271.9422,-20485351537.0706,-2115439731.2431,202664799461.691,-0.0331193862612874,-0.0724582153178749,0.305130340523843,-0.101079968457684,-0.010438121158001,"Biomass variability","15yr","trailing","base1841_2010"
1974,-997426902.849976,6107435948.03209,145631680404.469,-8369335848.97705,1459097313.94073,202664799461.691,-0.00492155966650003,0.0301356523888429,0.718583990862196,-0.0412964455159815,0.0071995596562221,"Biomass variability","15yr","trailing","base1841_2010"
1975,-2283425548.01782,10934122057.4724,203561595867.352,-9131717250.59229,426078116.881592,202664799461.691,-0.0112670061800715,0.0539517572193845,1.00442502303332,-0.0450582305109103,0.00210237849894664,"Biomass variability","15yr","trailing","base1841_2010"
1976,-1042111691.80377,21354483177.8122,258570812455.06,-12467912902.9854,2099822200.00275,202664799461.691,-0.00514204585390152,0.105368486459084,1.27585457929479,-0.0615198738809211,0.0103610602609836,"Biomass variability","15yr","trailing","base1841_2010"
1977,-398399137.286743,33847320552.9155,297046699281.005,-7381477949.00751,3519207853.9873,202664799461.691,-0.00196580332818009,0.167011344065764,1.46570445420224,-0.0364221017592293,0.0173646724213325,"Biomass variability","15yr","trailing","base1841_2010"
1978,3296017417.11743,55892303962.1429,329980754757.16,-5704815503.2569,17438896478.0813,202664799461.691,0.0162633936720741,0.275786935425399,1.62820951459573,-0.028149020048917,0.0860479793452128,"Biomass variability","15yr","trailing","base1841_2010"
1979,15405248889.9631,93703140621.5921,364544862860.66,-1422384367.87903,52643689611.2581,202664799461.691,0.0760134415590761,0.462355282567481,1.79875767192402,-0.00701840858233447,0.259757440616662,"Biomass variability","15yr","trailing","base1841_2010"
1980,1185607920.71191,66010517677.9419,369456879867.169,-10666925933.4306,18051211787.8453,202664799461.691,0.00585009298043405,0.325712792025433,1.82299482124426,-0.0526333431447572,0.0890692998280514,"Biomass variability","15yr","trailing","base1841_2010"
1981,7496422739.14832,80748122776.769,386837950738.173,-7663739164.95587,31604260175.2371,202664799461.691,0.0369892687781004,0.398431908211235,1.90875747424158,-0.0378148508537839,0.155943509969086,"Biomass variability","15yr","trailing","base1841_2010"
1982,19239437370.9908,113813431822.227,418138556425.353,-3723196136.30688,56481296225.3309,202664799461.691,0.094932309025019,0.561584607314802,2.06320267523513,-0.0183712028245471,0.278693174026047,"Biomass variability","15yr","trailing","base1841_2010"
1983,18164591104.8218,99042323550.3586,394390929595.912,-4756303393.46021,52550918837.2792,202664799461.691,0.0896287424015901,0.488700177896853,1.9460258053864,-0.0234688184928694,0.259299685869783,"Biomass variability","15yr","trailing","base1841_2010"
1984,9664613090.43384,72841611938.7381,350928237855.805,-4406705454.55865,48791515145.5381,202664799461.691,0.0476876749988381,0.359419159776225,1.73156975847767,-0.0217438127699706,0.240749825698078,"Biomass variability","15yr","trailing","base1841_2010"
1985,11169284578.921,72975394635.771,329524908263.867,-3637128618.53418,50112571051.7388,202664799461.691,0.0551121092986466,0.360079277849951,1.62596025130726,-0.0179465236597325,0.247268253711772,"Biomass variability","15yr","trailing","base1841_2010"
1986,9818817972.09119,60452635343.6383,284276816505.273,-3827836383.05347,48376206715.3401,202664799461.691,0.048448561359306,0.298288777845042,1.40269458366897,-0.0188875245884869,0.238700587590123,"Biomass variability","15yr","trailing","base1841_2010"
1987,1656575423.92346,16084671450.6038,204162074816.391,-17305169740.5986,22427058457.5039,202664799461.691,0.00817396720261032,0.0793658863962916,1.00738793988239,-0.0853881373902316,0.110660847453892,"Biomass variability","15yr","trailing","base1841_2010"
1988,-6058690147.36505,-15213115786.9547,157311055114.585,-27476325637.3492,3788003738.24188,202664799461.691,-0.0298951281300841,-0.0750654076453487,0.776213015444356,-0.135575224263565,0.0186909801223666,"Biomass variability","15yr","trailing","base1841_2010"
1989,-9445723347.80542,-18322789355.1538,132828560393.791,-24505385080.524,-189915681.762848,202664799461.691,-0.0466076169758868,-0.0904093330653472,0.655410119303421,-0.120915843035466,-0.00093709258967168,"Biomass variability","15yr","trailing","base1841_2010"
1990,-1390686763.95227,-1954763708.10858,116214243432.949,-15924435533.5156,12346199006.6601,202664799461.691,-0.00686200449040064,-0.00964530452895981,0.573430826377507,-0.078575241363144,0.0609193063593357,"Biomass variability","15yr","trailing","base1841_2010"
1991,-1359938976.09277,4590775078.98925,109450443359.505,-13939644710.9241,15280350622.0545,202664799461.691,-0.00671028703408278,0.0226520594162531,0.540056505373514,-0.0687817753647891,0.0753971615329424,"Biomass variability","15yr","trailing","base1841_2010"
1992,-543207583.375488,12847924961.9217,111919938995.163,-11984394482.7285,19707099618.8976,202664799461.691,-0.00268032527019162,0.0633949506576761,0.552241628997437,-0.0591340702211776,0.0972398742714209,"Biomass variability","15yr","trailing","base1841_2010"
1993,10419773939.3445,35145688328.7305,127299059377.188,-2740702306.4975,41353773838.7326,202664799461.691,0.0514138319383583,0.173417823036279,0.628126145809799,-0.0135233267630946,0.204050106128813,"Biomass variability","15yr","trailing","base1841_2010"
1994,16284105612.9407,46432933243.444,131186881258.775,1262906214.83951,52929984179.1069,202664799461.691,0.0803499456057182,0.229111978827981,0.647309654203532,0.00623150255098064,0.261170091301978,"Biomass variability","15yr","trailing","base1841_2010"
1995,25231579715.1899,54539071438.9003,133520984827.984,2045698169.74683,72752818059.7655,202664799461.691,0.124499073258942,0.269109739746441,0.658826718713047,0.010093998440679,0.358981028047338,"Biomass variability","15yr","trailing","base1841_2010"
1996,19203392744.2584,31280335804.901,133905625803.514,828406884.00116,56963955508.822,202664799461.691,0.0947544556097831,0.154345184205577,0.660724635749219,0.00408757162665414,0.28107473848506,"Biomass variability","15yr","trailing","base1841_2010"
1997,16030376498.5244,14729863123.2282,143582375635.389,-268382500.577271,49132412275.1484,202664799461.691,0.0790979812039562,0.0726809152963563,0.708472196537168,-0.00132426796014964,0.242431899400644,"Biomass variability","15yr","trailing","base1841_2010"
1998,15123638345.9177,8883581612.81739,152908559669.954,448540073.901733,46943698745.6479,202664799461.691,0.0746239030462539,0.0438338657547514,0.754489975941074,0.00221321154484215,0.231632226564937,"Biomass variability","15yr","trailing","base1841_2010"
1999,23342854479.1927,20046346921.6151,160056986500.204,1993595474.46802,57418718964.4104,202664799461.691,0.115179619456338,0.0989138073057641,0.789762143822408,0.00983691040458586,0.283318657788246,"Biomass variability","15yr","trailing","base1841_2010"
2000,13130920908.365,-871667523.760588,167037323935.198,-617699578.784973,42091033908.7024,202664799461.691,0.0647913251005736,-0.00430103069736763,0.824204915598935,-0.00304788784448843,0.20768793604268,"Biomass variability","15yr","trailing","base1841_2010"
2001,1188715838.80444,-24750714151.9443,171200886894.941,-12858918962.8361,20168778700.1503,202664799461.691,0.00586542824388771,-0.122126359474788,0.844749001058286,-0.0634491978725037,0.0995179170419417,"Biomass variability","15yr","trailing","base1841_2010"
2002,-4466687994.46118,-35328602479.2445,146846444245.021,-24233226607.049,3369469959.63635,202664799461.691,-0.0220397819765711,-0.174320368278471,0.724577946614645,-0.11957294345844,0.0166258273197229,"Biomass variability","15yr","trailing","base1841_2010"
2003,-19590055452.0629,-53266348141.5824,135730561572.966,-42748049359.3204,-7855093316.5152,202664799461.691,-0.0966623483905299,-0.262829797197471,0.669729335994644,-0.210929818463126,-0.0387590412216602,"Biomass variability","15yr","trailing","base1841_2010"
2004,-25217645713.2937,-51392727027.6558,100441269356.334,-51000042364.6318,-12984343025.2781,202664799461.691,-0.12443031932667,-0.253584870999615,0.495602934614801,-0.251647264350276,-0.0640680723034611,"Biomass variability","15yr","trailing","base1841_2010"
2005,-12452916281.6116,-27156958905.3181,57282801253.0457,-27969050723.3066,-4842933835.18512,202664799461.691,-0.0614458767121297,-0.133999387054146,0.282648005007271,-0.138006455968657,-0.0238962752685651,"Biomass variability","15yr","trailing","base1841_2010"
2006,-14167885461.0896,-29004898196.6816,53296475706.958,-31059380142.5454,-6202904986.15344,202664799461.691,-0.0699079736526603,-0.143117592565276,0.262978454317285,-0.153254932405844,-0.0306067210617202,"Biomass variability","15yr","trailing","base1841_2010"
2007,-16617813856.4275,-32879445322.7487,53366365259.9318,-38581185680.8568,-8204272585.48645,202664799461.691,-0.0819965475038929,-0.162235599917112,0.26332330726244,-0.190369446412669,-0.0404819811199491,"Biomass variability","15yr","trailing","base1841_2010"
2008,-18993270700.447,-33687630163.2921,49018286698.4862,-42533673376.7603,-8464495391.84271,202664799461.691,-0.0937176596572077,-0.166223390804775,0.241868774590784,-0.209872032487813,-0.0417659870600406,"Biomass variability","15yr","trailing","base1841_2010"
2009,-14142573955.6125,-24350610942.6596,38294679296.5371,-28838197870.9091,-6546137766.0293,202664799461.691,-0.0697830802052325,-0.12015214781915,0.188955750570665,-0.142295050484878,-0.0323003194605913,"Biomass variability","15yr","trailing","base1841_2010"
2010,-8095428682.36108,-20120678784.5757,49191893525.1375,-21218193492.1577,-2731713294.92334,202664799461.691,-0.0399449174393569,-0.0992805797455667,0.242725395114488,-0.104695998261743,-0.013478972678922,"Biomass variability","15yr","trailing","base1841_2010"
1900,0,8.3790416952842e-18,1.05572206319225e-16,0,0,0.00134936599730986,0,6.20961378305731e-15,7.82383775267028e-14,0,0,"Slope","15yr","trailing","base1841_2010"
1901,0,-1.36159427548368e-17,1.48364833382656e-16,0,0,0.00134936599730986,0,-1.00906223974681e-14,1.09951513287307e-13,0,0,"Slope","15yr","trailing","base1841_2010"
1902,0,6.28428127146315e-18,1.39958480774642e-16,0,0,0.00134936599730986,0,4.65721033729298e-15,1.03721659693269e-13,0,0,"Slope","15yr","trailing","base1841_2010"
1903,0,-3.35161667811368e-17,1.92854309745532e-16,0,0,0.00134936599730986,0,-2.48384551322292e-14,1.42922165024176e-13,0,0,"Slope","15yr","trailing","base1841_2010"
1904,0,-2.09476042382105e-18,1.0588495176485e-16,0,0,0.00134936599730986,0,-1.55240344576433e-15,7.84701496672845e-14,0,0,"Slope","15yr","trailing","base1841_2010"
1905,0,-1.15211823310158e-17,1.24588700780993e-16,0,0,0.00134936599730986,0,-8.5382189517038e-15,9.23312881971067e-14,0,0,"Slope","15yr","trailing","base1841_2010"
1906,0,-5.23690105955263e-18,1.04665225306219e-16,0,0,0.00134936599730986,0,-3.88100861441082e-15,7.75662240747747e-14,0,0,"Slope","15yr","trailing","base1841_2010"
1907,0,-1.46633229667474e-17,1.56693027584042e-16,0,0,0.00134936599730986,0,-1.08668241203503e-14,1.16123444563172e-13,0,0,"Slope","15yr","trailing","base1841_2010"
1908,0,3.14214063573158e-18,1.23200879030919e-16,0,0,0.00134936599730986,0,2.32860516864649e-15,9.13027890702269e-14,0,0,"Slope","15yr","trailing","base1841_2010"
1909,0,-7.33166148337368e-18,8.19899051574475e-17,0,0,0.00134936599730986,0,-5.43341206017514e-15,6.07617987417091e-14,0,0,"Slope","15yr","trailing","base1841_2010"
1910,0,1.57107031786579e-17,1.27837335802873e-16,0,0,0.00134936599730986,0,1.16430258432325e-14,9.47388151604038e-14,0,0,"Slope","15yr","trailing","base1841_2010"
1911,0,-2.09476042382105e-18,1.03654659088501e-16,0,0,0.00134936599730986,0,-1.55240344576433e-15,7.68173047899163e-14,0,0,"Slope","15yr","trailing","base1841_2010"
1912,0,1.78054636024789e-17,1.25715984206494e-16,0,0,0.00134936599730986,0,1.31954292889968e-14,9.3166705295024e-14,0,0,"Slope","15yr","trailing","base1841_2010"
1913,0,1.15211823310158e-17,1.18829038470496e-16,0,0,0.00134936599730986,0,8.5382189517038e-15,8.80628670852806e-14,0,0,"Slope","15yr","trailing","base1841_2010"
1914,0,4.1895208476421e-18,1.4169599531373e-16,0,0,0.00134936599730986,0,3.10480689152865e-15,1.05009312222347e-13,0,0,"Slope","15yr","trailing","base1841_2010"
1915,0,4.1895208476421e-18,1.12251505718591e-16,0,0,0.00134936599730986,0,3.10480689152865e-15,8.31883313662702e-14,0,0,"Slope","15yr","trailing","base1841_2010"
1916,0,5.23690105955263e-18,9.53177357601252e-17,0,0,0.00134936599730986,0,3.88100861441082e-15,7.06389044559841e-14,0,0,"Slope","15yr","trailing","base1841_2010"
1917,0,-2.40897448739421e-17,1.14905641006044e-16,0,0,0.00134936599730986,0,-1.78526396262898e-14,8.51552812469877e-14,0,0,"Slope","15yr","trailing","base1841_2010"
1918,0,2.09476042382105e-18,1.24167769351248e-16,0,0,0.00134936599730986,0,1.55240344576433e-15,9.20193406375973e-14,0,0,"Slope","15yr","trailing","base1841_2010"
1919,0,1.25685625429263e-17,1.34414784486783e-16,0,0,0.00134936599730986,0,9.31442067458596e-15,9.96132885775666e-14,0,0,"Slope","15yr","trailing","base1841_2010"
1920,0,2.09476042382105e-18,1.03654659088501e-16,0,0,0.00134936599730986,0,1.55240344576433e-15,7.68173047899163e-14,0,0,"Slope","15yr","trailing","base1841_2010"
1921,0,3.14214063573158e-18,9.29288510695973e-17,0,0,0.00134936599730986,0,2.32860516864649e-15,6.88685288163946e-14,0,0,"Slope","15yr","trailing","base1841_2010"
1922,0,-2.09476042382105e-18,1.0588495176485e-16,0,0,0.00134936599730986,0,-1.55240344576433e-15,7.84701496672845e-14,0,0,"Slope","15yr","trailing","base1841_2010"
1923,0,4.1895208476421e-18,1.01310054973014e-16,0,0,0.00134936599730986,0,3.10480689152865e-15,7.50797449876379e-14,0,0,"Slope","15yr","trailing","base1841_2010"
1924,0,-1.04738021191052e-18,9.54563966200865e-17,0,0,0.00134936599730986,0,-7.76201722882163e-16,7.07416644634526e-14,0,0,"Slope","15yr","trailing","base1841_2010"
1925,0,4.1895208476421e-18,1.10150196897689e-16,0,0,0.00134936599730986,0,3.10480689152865e-15,8.1631074976906e-14,0,0,"Slope","15yr","trailing","base1841_2010"
1926,0,-4.1895208476421e-18,1.20290228921784e-16,0,0,0.00134936599730986,0,-3.10480689152865e-15,8.91457389333942e-14,0,0,"Slope","15yr","trailing","base1841_2010"
1927,0,3.14214063573158e-18,1.15365150526607e-16,0,0,0.00134936599730986,0,2.32860516864649e-15,8.54958185967351e-14,0,0,"Slope","15yr","trailing","base1841_2010"
1928,0,1.04738021191052e-18,1.04791518233375e-16,0,0,0.00134936599730986,0,7.76201722882163e-16,7.76598183460161e-14,0,0,"Slope","15yr","trailing","base1841_2010"
1929,0,5.23690105955263e-18,1.25012623295861e-16,0,0,0.00134936599730986,0,3.88100861441082e-15,9.2645452416238e-14,0,0,"Slope","15yr","trailing","base1841_2010"
1930,0,4.1895208476421e-18,1.10150196897689e-16,0,0,0.00134936599730986,0,3.10480689152865e-15,8.1631074976906e-14,0,0,"Slope","15yr","trailing","base1841_2010"
1931,-3.36804471164909e-05,-6.77828371956823e-05,0.000101135947337314,-7.46180883188785e-05,-1.24173147464379e-05,0.00134936599730986,-0.0249602014454471,-0.0502331000861265,0.0749507157724011,-0.0552986279983632,-0.00920233262968939,"Slope","15yr","trailing","base1841_2010"
1932,-0.000182552907071587,-0.000375357746903584,0.00056146902057667,-0.000410261821614577,-7.03569098491341e-05,0.00134936599730986,-0.135287911089749,-0.278173414516082,0.416098391167431,-0.304040432642061,-0.0521407164471313,"Slope","15yr","trailing","base1841_2010"
1933,-0.000238969181318271,-0.000562057844195044,0.000863386189540347,-0.000645332461731152,-9.1841478249588e-05,0.00134936599730986,-0.177097378913273,-0.416534761744092,0.639845817414711,-0.478248646414469,-0.0680626890203888,"Slope","15yr","trailing","base1841_2010"
1934,-0.000591799572887908,-0.00108648928103055,0.00144525152905542,-0.00115685869440646,-0.000342052405998217,0.00134936599730986,-0.438576023160312,-0.805185015182395,1.07105969168981,-0.857334997852923,-0.253491200074807,"Slope","15yr","trailing","base1841_2010"
1935,-0.00101352314879233,-0.00152719074189188,0.00181183189066076,-0.00161291418753795,-0.000550761395884281,0.00134936599730986,-0.751110633299578,-1.13178392292123,1.34272828444831,-1.19531260662674,-0.408163090653162,"Slope","15yr","trailing","base1841_2010"
1936,-0.00123429919889173,-0.00180891916275569,0.00214400747086227,-0.00196756450344227,-0.000682389315843412,0.00134936599730986,-0.914725286803185,-1.34056969448022,1.58889987974843,-1.45813997637769,-0.505711065199393,"Slope","15yr","trailing","base1841_2010"
1937,-0.00138745242552585,-0.00204432042290347,0.00243492623288124,-0.00222145419406627,-0.00081313089352858,0.00134936599730986,-1.02822542460082,-1.51502292704803,1.80449651001699,-1.64629477732137,-0.602602181431622,"Slope","15yr","trailing","base1841_2010"
1938,-0.00159938011323657,-0.00224914190494274,0.00272441361972515,-0.00246009387236229,-0.000826865095993556,0.00134936599730986,-1.18528265602153,-1.66681382918103,2.0190323642041,-1.82314796524205,-0.612780444773337,"Slope","15yr","trailing","base1841_2010"
1939,-0.00168729804138545,-0.00229957948206701,0.00292554191939528,-0.00251222259672701,-0.000860471292338627,0.00134936599730986,-1.25043764608661,-1.70419255165131,2.16808629032281,-1.86177997795665,-0.637685619805218,"Slope","15yr","trailing","base1841_2010"
1940,-0.00207076638696313,-0.00290411718113667,0.00310675475813206,-0.00345949604243057,-0.00125692836075814,0.00134936599730986,-1.53462173427482,-2.15220865719635,2.30238109180591,-2.56379369965415,-0.93149550475111,"Slope","15yr","trailing","base1841_2010"
1941,-0.00254092513021931,-0.00341222715345197,0.00341906882440574,-0.00439669533216319,-0.00164117210805842,0.00134936599730986,-1.88305110347005,-2.52876325641427,2.5338335419909,-3.258341577399,-1.21625423445552,"Slope","15yr","trailing","base1841_2010"
1942,-0.00232001589290232,-0.00313966346438245,0.00333240568493415,-0.00405656568997648,-0.00139906523727285,0.00134936599730986,-1.71933774641392,-2.32676936475484,2.46960846173516,-3.00627531601046,-1.03683154908458,"Slope","15yr","trailing","base1841_2010"
1943,-0.00219821732468217,-0.00300667265392046,0.00338724079137619,-0.00388782800905968,-0.00137350035429157,0.00134936599730986,-1.62907419415089,-2.2282113673493,2.51024614384021,-2.88122571400982,-1.01788570115878,"Slope","15yr","trailing","base1841_2010"
1944,-0.00220561020659005,-0.00294699792161628,0.00344358531016615,-0.00386806233587117,-0.0013602349219447,0.00134936599730986,-1.63455297598073,-2.183987092821,2.55200243449989,-2.86657759539121,-1.00805483809175,"Slope","15yr","trailing","base1841_2010"
1945,-0.00217372854057152,-0.00292174432120565,0.00351842886964652,-0.00378273320146089,-0.00135188452447976,0.00134936599730986,-1.6109258310237,-2.16527193291556,2.60746815664613,-2.80334113131816,-1.00186645222639,"Slope","15yr","trailing","base1841_2010"
1946,-0.00216980262449984,-0.00280292341224349,0.00350745972534327,-0.00375079686842195,-0.00132838280848063,0.00134936599730986,-1.60801637867385,-2.07721509051768,2.59933904688265,-2.77967347324569,-0.984449594201229,"Slope","15yr","trailing","base1841_2010"
1947,-0.00217666216553392,-0.00290412589776314,0.00361823135269082,-0.0038193033804087,-0.00133029115373529,0.00134936599730986,-1.6130999075665,-2.15221511699042,2.68143065699316,-2.83044288059947,-0.985863847456801,"Slope","15yr","trailing","base1841_2010"
1948,-0.0027374105259248,-0.0035888396929144,0.00375506159937085,-0.00494173004394971,-0.00165876354559535,0.00134936599730986,-2.02866422555643,-2.65964882772296,2.78283401749937,-3.66226068672376,-1.22929105142883,"Slope","15yr","trailing","base1841_2010"
1949,-0.00383935338269725,-0.00498890187306774,0.00424831390393762,-0.00657250366537743,-0.00259056869604674,0.00134936599730986,-2.84530171232379,-3.69721919999004,3.14837776585981,-4.87080871941383,-1.91984139307747,"Slope","15yr","trailing","base1841_2010"
1950,-0.00410884131014255,-0.00524359362046887,0.00432393172043308,-0.00700011583595372,-0.00263158446806067,0.00134936599730986,-3.04501619155519,-3.88596839621174,3.20441728119235,-5.18770730099125,-1.95023772149815,"Slope","15yr","trailing","base1841_2010"
1951,-0.00451298595705751,-0.00562163092065613,0.00447503860124138,-0.00757681772267194,-0.00274963847940474,0.00134936599730986,-3.34452325466533,-4.16612759760034,3.31640089505957,-5.6150945983353,-2.03772622467625,"Slope","15yr","trailing","base1841_2010"
1952,-0.00556649095530071,-0.00653706776455572,0.00480588251702769,-0.00886586839033759,-0.00300366986239736,0.00134936599730986,-4.12526398797526,-4.84454757092458,3.56158560880357,-6.57039558430615,-2.22598603224445,"Slope","15yr","trailing","base1841_2010"
1953,-0.00594521723144736,-0.00694038351394759,0.00504272561859947,-0.00930860742931622,-0.0032477747419688,0.00134936599730986,-4.40593378171669,-5.14344034738103,3.73710737387247,-6.898504518325,-2.40688941950787,"Slope","15yr","trailing","base1841_2010"
1954,-0.0062276258421714,-0.00728630155654829,0.00524738424803967,-0.00969584498175813,-0.0033863560234893,0.00134936599730986,-4.61522363434901,-5.39979632736743,3.8887775877716,-7.18548192342778,-2.50959045228681,"Slope","15yr","trailing","base1841_2010"
1955,-0.0067144907247364,-0.00782959794101398,0.00548221434033373,-0.0105715757546142,-0.00377717983571468,0.00134936599730986,-4.97603373593422,-5.80242718181968,4.06280753425182,-7.83447617302497,-2.79922559427537,"Slope","15yr","trailing","base1841_2010"
1956,-0.00720866766896222,-0.00823772467035951,0.00567800275009468,-0.0109145642317294,-0.00401752292830304,0.00134936599730986,-5.34226272437103,-6.10488532153803,4.20790412787525,-8.08866108490137,-2.97734116341489,"Slope","15yr","trailing","base1841_2010"
1957,-0.00787806219687648,-0.0088034237981981,0.00595203951071607,-0.012106251158909,-0.00427587732852519,0.00134936599730986,-5.83834349804458,-6.52411859773321,4.41098969633312,-8.97180689527107,-3.16880471054533,"Slope","15yr","trailing","base1841_2010"
1958,-0.00804276719090258,-0.00906510396441845,0.00607123169405858,-0.0126373099557524,-0.0044208985077322,0.00134936599730986,-5.96040452103942,-6.71804683272804,4.49932168600837,-9.36536861084874,-3.27627827924064,"Slope","15yr","trailing","base1841_2010"
1959,-0.00871266327135989,-0.00964057627264315,0.00635713755671241,-0.0138508562794176,-0.00469487587961415,0.00134936599730986,-6.45685698967494,-7.14452290324707,4.71120331280482,-10.2647141746799,-3.47931983537009,"Slope","15yr","trailing","base1841_2010"
1960,-0.00903981666164788,-0.00993184582160008,0.0064831864030753,-0.0144832298603574,-0.00488056215962296,0.00134936599730986,-6.6993066963818,-7.36037949777933,4.80461669850906,-10.7333591399454,-3.6169298539855,"Slope","15yr","trailing","base1841_2010"
1961,-0.00927503699688326,-0.010209513341035,0.00665903241389182,-0.0147569686515526,-0.00494810071696916,0.00134936599730986,-6.8736258475271,-7.56615578085486,4.93493420403913,-10.9362238866049,-3.66698192101612,"Slope","15yr","trailing","base1841_2010"
1962,-0.00925428059781241,-0.010097204362671,0.00656643293502672,-0.0148031291727014,-0.00496089940717692,0.00134936599730986,-6.85824351307356,-7.48292485715597,4.86630976926776,-10.9704329308826,-3.67646688672096,"Slope","15yr","trailing","base1841_2010"
1963,-0.00934314509763678,-0.0102024568028272,0.00661357912496668,-0.0149965722749884,-0.00501222883920316,0.00134936599730986,-6.92409999678631,-7.56092625956717,4.90124928162686,-11.1137914434527,-3.714506552852,"Slope","15yr","trailing","base1841_2010"
1964,-0.00954963876727122,-0.0103822535570845,0.00669092560086327,-0.0152700763293479,-0.00508913186905879,0.00134936599730986,-7.07713013838326,-7.69417161673177,4.9585698870451,-11.3164822292771,-3.77149852538499,"Slope","15yr","trailing","base1841_2010"
1965,-0.00983893203017949,-0.0106438005163249,0.00679271436068638,-0.0155696283369007,-0.00523999642975082,0.00134936599730986,-7.29152212949984,-7.88800113352841,5.03400439482582,-11.5384768609412,-3.88330255853299,"Slope","15yr","trailing","base1841_2010"
1966,-0.00978986954018168,-0.0105881897314754,0.00674077247094378,-0.0155805584159887,-0.00527455832367257,0.00134936599730986,-7.25516246866977,-7.84678860485908,4.99551084315329,-11.546577019912,-3.90891599031552,"Slope","15yr","trailing","base1841_2010"
1967,-0.0098911724764722,-0.0107412701680077,0.00682383985372414,-0.0156354391005468,-0.0052998731977284,0.00134936599730986,-7.33023693808169,-7.96023479872903,5.05707114847147,-11.5872484794474,-3.9276765594319,"Slope","15yr","trailing","base1841_2010"
1968,-0.0100836632538093,-0.0108147021913962,0.00682383701376299,-0.0158638270556279,-0.00541601497020727,0.00134936599730986,-7.47288969331698,-8.01465444731577,5.05706904380812,-11.7565042303234,-4.01374792384335,"Slope","15yr","trailing","base1841_2010"
1969,-0.0102392708985913,-0.0109663062341597,0.00688345371016982,-0.0160223274956497,-0.00548261302617803,0.00134936599730986,-7.58820877286418,-8.12700650232956,5.10125030858409,-11.873967127964,-4.06310299585756,"Slope","15yr","trailing","base1841_2010"
1970,-0.0102850992531986,-0.0109916464890659,0.00688097574907591,-0.016119726040296,-0.00551085568551346,0.00134936599730986,-7.62217165224508,-8.14578588090941,5.09941391942144,-11.9461480965378,-4.08403331379334,"Slope","15yr","trailing","base1841_2010"
1971,-0.0103728587684563,-0.011094590077685,0.00689572001404566,-0.0163603311135204,-0.00561112337953851,0.00134936599730986,-7.68720924429393,-8.22207621935301,5.110340728752,-12.1244578165871,-4.15834057677829,"Slope","15yr","trailing","base1841_2010"
1972,-0.0103255426722584,-0.0110375849921089,0.0068577143936766,-0.0163164665792608,-0.00559619565766517,0.00134936599730986,-7.65214381631351,-8.17983039006003,5.08217518993982,-12.0919503024308,-4.14727780959496,"Slope","15yr","trailing","base1841_2010"
1973,-0.0110036596034151,-0.0117618212404253,0.00681089748659618,-0.0170499347762727,-0.00662863460134422,0.00134936599730986,-8.15468866516002,-8.71655374737022,5.0474797054132,-12.6355153533318,-4.91240672623978,"Slope","15yr","trailing","base1841_2010"
1974,-0.0120411373173851,-0.0129128021444755,0.00679342875147678,-0.0182315187298736,-0.00761527058356998,0.00134936599730986,-8.92355175792977,-9.56953278074212,5.03453382182474,-13.5111739633431,-5.64359158208522,"Slope","15yr","trailing","base1841_2010"
1975,-0.0125144016887884,-0.013366607317926,0.00676663050740272,-0.018521234278168,-0.00806444953106039,0.00134936599730986,-9.27428267329802,-9.90584270285015,5.01467394383205,-13.7258789054211,-5.97647306004295,"Slope","15yr","trailing","base1841_2010"
1976,-0.0128430308853423,-0.013677763050608,0.0067825751407735,-0.0187571850052164,-0.00841592925660883,0.00134936599730986,-9.51782608346926,-10.1364367250074,5.02649033271584,-13.9007393417437,-6.23695074085688,"Slope","15yr","trailing","base1841_2010"
1977,-0.013103404909004,-0.0139340003977426,0.00679774247239528,-0.0190036546546217,-0.00858343148065144,0.00134936599730986,-9.71078635086945,-10.3263313478491,5.03773067199519,-14.083395233397,-6.36108475963054,"Slope","15yr","trailing","base1841_2010"
1978,-0.0136214909130998,-0.0144406900735296,0.00684821792417389,-0.0194820714807502,-0.00902481122542975,0.00134936599730986,-10.0947340753035,-10.7018333812464,5.07513746294683,-14.4379445751488,-6.68818633596955,"Slope","15yr","trailing","base1841_2010"
1979,-0.0144734416573441,-0.0152520491536448,0.00698816631312714,-0.0204480708567216,-0.00954546035814718,0.00134936599730986,-10.7261052125211,-11.3031224916381,5.17885164370449,-15.1538358736529,-7.07403356626542,"Slope","15yr","trailing","base1841_2010"
1980,-0.0147072809041437,-0.0154908756680334,0.00697965377771334,-0.020606167049939,-0.00990094289463805,0.00134936599730986,-10.8994008545233,-11.4801141416906,5.17254309922452,-15.2709991885226,-7.3374776853551,"Slope","15yr","trailing","base1841_2010"
1981,-0.0157443106159949,-0.0167866080927498,0.00707693474118143,-0.0220649049431694,-0.0114115973331211,0.00134936599730986,-11.6679319379496,-12.4403669028389,5.24463692970641,-16.3520534733784,-8.45700673936622,"Slope","15yr","trailing","base1841_2010"
1982,-0.0158625327076387,-0.0168360218173622,0.00708632491465055,-0.0218851808664219,-0.0114685448843627,0.00134936599730986,-11.7555450035518,-12.4769868597007,5.25159588190162,-16.2188619767008,-8.49920993060945,"Slope","15yr","trailing","base1841_2010"
1983,-0.0156571944720889,-0.0166231795286911,0.00705504703392743,-0.0218745324421623,-0.0114167097325986,0.00134936599730986,-11.6033711411904,-12.3192518277707,5.22841619545222,-16.210970548963,-8.46079548125513,"Slope","15yr","trailing","base1841_2010"
1984,-0.0155217851997591,-0.016493601205491,0.00705326890682351,-0.0218444653559486,-0.011122983850052,0.00134936599730986,-11.5030208488311,-12.2232227863849,5.22709844540704,-16.1886881687388,-8.24311852546093,"Slope","15yr","trailing","base1841_2010"
1985,-0.0154930404268535,-0.0165197566062024,0.00710447200673553,-0.0217310721403455,-0.0111685464923529,0.00134936599730986,-11.4817184201624,-12.2426062603746,5.26504448822574,-16.1046537289877,-8.27688448843296,"Slope","15yr","trailing","base1841_2010"
1986,-0.0153066503732734,-0.0163125507694391,0.00705912825510766,-0.0215899352075254,-0.0105816402900098,0.00134936599730986,-11.34358684285,-12.0890483397094,5.23144074267541,-16.0000587317064,-7.84193488727719,"Slope","15yr","trailing","base1841_2010"
1987,-0.0151045725951028,-0.0162809570751806,0.00711079820786431,-0.0214957799537975,-0.0106122995453925,0.00134936599730986,-11.1938292688683,-12.0656346073925,5.26973276489893,-15.9302813296409,-7.86465611742811,"Slope","15yr","trailing","base1841_2010"
1988,-0.0149915083586489,-0.0161380876308908,0.0070796251936376,-0.021338242676062,-0.0103709926765134,0.00134936599730986,-11.1100386318734,-11.9597556653007,5.24663079383336,-15.8135322207633,-7.68582630449358,"Slope","15yr","trailing","base1841_2010"
1989,-0.0147433423190713,-0.0159082774565084,0.00704959417022228,-0.0211544948563004,-0.010276450729932,0.00134936599730986,-10.9261255644977,-11.7894459236586,5.22437513934437,-15.6773587732866,-7.6157623286932,"Slope","15yr","trailing","base1841_2010"
1990,-0.0145810592559664,-0.0157038041630081,0.00701763087229624,-0.0210012920163029,-0.0101558393146883,0.00134936599730986,-10.8058594073333,-11.637913060145,5.20068749789664,-15.563821867582,-7.52637856218051,"Slope","15yr","trailing","base1841_2010"
1991,-0.0144599783941558,-0.0156907129716224,0.0070568493086035,-0.0210242058886646,-0.0101614043867469,0.00134936599730986,-10.7161277392373,-11.6282113250992,5.22975184099217,-15.5808030812834,-7.53050277464007,"Slope","15yr","trailing","base1841_2010"
1992,-0.014423997565679,-0.015496686680115,0.00700668497625901,-0.0209623592330101,-0.00991288612227909,0.00134936599730986,-10.6894627509772,-11.4844206175416,5.19257561716224,-15.5349692187303,-7.34632867735048,"Slope","15yr","trailing","base1841_2010"
1993,-0.0144616975846577,-0.0154432042852708,0.00699127375304508,-0.0203707471992328,-0.00993058139755892,0.00134936599730986,-10.717401812028,-11.4447854148236,5.18115453256055,-15.0965321787006,-7.35944244730994,"Slope","15yr","trailing","base1841_2010"
1994,-0.0142865838345637,-0.015288703666371,0.0069803099510154,-0.0201902935848425,-0.00980618672693118,0.00134936599730986,-10.587626976703,-11.3302867397363,5.17302938189606,-14.9628000298618,-7.26725495268228,"Slope","15yr","trailing","base1841_2010"
1995,-0.0143024068235602,-0.0153490261356951,0.00699423889355328,-0.0206602042899515,-0.00987729886828126,0.00134936599730986,-10.599353216306,-11.3749910449021,5.18335196492071,-15.3110455807693,-7.31995536272067,"Slope","15yr","trailing","base1841_2010"
1996,-0.0142729788473572,-0.0152842883164054,0.00698138542180569,-0.0201677379368526,-0.00984780953476466,0.00134936599730986,-10.5775444733395,-11.3270145734194,5.17382640123139,-14.9460842922229,-7.29810114853757,"Slope","15yr","trailing","base1841_2010"
1997,-0.0144212722573897,-0.0153286084266204,0.00698274962117899,-0.0200997680133812,-0.00991115606658977,0.00134936599730986,-10.6874430555834,-11.3598597098045,5.17483739407989,-14.895712544597,-7.34504655249127,"Slope","15yr","trailing","base1841_2010"
1998,-0.0142921702462773,-0.0152382816677071,0.0069839748879421,-0.0201773605550142,-0.00983918110644999,0.00134936599730986,-10.5917670037414,-11.2929195622882,5.17574542552989,-14.9532155065715,-7.29170671712914,"Slope","15yr","trailing","base1841_2010"
1999,-0.0143585473508605,-0.0152338730538863,0.00698056162466508,-0.0199358876095277,-0.00987907568242719,0.00134936599730986,-10.6409583311615,-11.2896523880526,5.17321589441392,-14.7742626161267,-7.32127213974741,"Slope","15yr","trailing","base1841_2010"
2000,-0.014213382566808,-0.0151648392403886,0.00698913144254699,-0.0200225807917749,-0.00982287079954225,0.00134936599730986,-10.5333783385266,-11.2384922034657,5.17956689028828,-14.8385099607464,-7.27961933169015,"Slope","15yr","trailing","base1841_2010"
2001,-0.0141724127062963,-0.0151634344196526,0.00701163528401089,-0.0208427804987568,-0.00982327477533035,0.00134936599730986,-10.503016034605,-11.2374511065811,5.19624423469206,-15.4463507605124,-7.27991871361389,"Slope","15yr","trailing","base1841_2010"
2002,-0.0141071499994626,-0.0150050829492346,0.00697749026703231,-0.0197904229082462,-0.00978907598310635,0.00134936599730986,-10.454650574853,-11.1200986086423,5.17093974573455,-14.6664603581986,-7.25457437242538,"Slope","15yr","trailing","base1841_2010"
2003,-0.0141097775482345,-0.0151783942700286,0.00705712199817337,-0.0208604120878667,-0.00979067522808758,0.00134936599730986,-10.4565978217653,-11.2485376838372,5.22995392817268,-15.4594173333659,-7.25575955493658,"Slope","15yr","trailing","base1841_2010"
2004,-0.0140618327708215,-0.0149376326647878,0.00698110083480662,-0.0197884793974181,-0.00967273346542546,0.00134936599730986,-10.4210664851905,-11.070111959667,5.17361549699959,-14.6650200441311,-7.16835423799719,"Slope","15yr","trailing","base1841_2010"
2005,-0.0140370831480008,-0.0148761235319352,0.00696767491161828,-0.0196742444858271,-0.0096076902307794,0.00134936599730986,-10.4027248174221,-11.0245282314752,5.16366569597073,-14.5803618329277,-7.12015142662078,"Slope","15yr","trailing","base1841_2010"
2006,-0.0139938508014238,-0.0149009562990572,0.00701564453060265,-0.02064677193952,-0.00953594397887408,0.00134936599730986,-10.3706858104638,-11.0429315165523,5.19921544235534,-15.3010910165826,-7.06698108436497,"Slope","15yr","trailing","base1841_2010"
2007,-0.014391353376987,-0.0153301685299585,0.00701931738454923,-0.0205623583018238,-0.00983839299844419,0.00134936599730986,-10.6652705090228,-11.3610158848831,5.20193735320376,-15.238533016852,-7.29112265912903,"Slope","15yr","trailing","base1841_2010"
2008,-0.0142819866845398,-0.0152935084155565,0.00706179200086023,-0.0208514160344612,-0.00978456182808352,0.00134936599730986,-10.5842200804028,-11.3338474854459,5.23341481476399,-15.4527504591276,-7.25122898278918,"Slope","15yr","trailing","base1841_2010"
2009,-0.0142059725436653,-0.0152344081355031,0.00703606082283282,-0.0205823044497173,-0.00977304928073536,0.00134936599730986,-10.5278868535199,-11.2900489310349,5.21434572744542,-15.2533148832495,-7.24269716312639,"Slope","15yr","trailing","base1841_2010"
2010,-0.0140391882798965,-0.0150551273156711,0.00701371052812053,-0.0201545655431658,-0.0096676644119465,0.00134936599730986,-10.4042849070493,-11.1571859270839,5.19778217481638,-14.9363223790629,-7.16459761934141,"Slope","15yr","trailing","base1841_2010"
1900,0,-3.14623196468435e-18,3.83848270747128e-17,-1.52059354691092e-17,1.06793913989822e-17,0.00016455091466515,0,-1.91201122830993e-14,2.33270213981025e-13,-9.24086961172612e-14,6.49002250805721e-14,"Slope variability","15yr","trailing","base1841_2010"
1901,0,-3.90900910631743e-18,3.60709351677196e-17,-1.66153982933404e-17,9.43255890062389e-18,0.00016455091466515,0,-2.37556206495236e-14,2.19208354089806e-13,-1.00974208056829e-13,5.73230414417236e-14,"Slope variability","15yr","trailing","base1841_2010"
1902,0,-4.95153086509653e-18,3.18258942127096e-17,-1.99493199737333e-17,2.60208521396521e-18,0.00016455091466515,0,-3.00911780112106e-14,1.93410618698007e-13,-1.21234938221576e-13,1.58132528115099e-14,"Slope variability","15yr","trailing","base1841_2010"
1903,0,-3.59065257217959e-18,3.20884053166657e-17,-1.99493199737333e-17,9.83913471530595e-18,0.00016455091466515,0,-2.1820921381606e-14,1.9500593711049e-13,-1.21234938221576e-13,5.9793862193522e-14,"Slope variability","15yr","trailing","base1841_2010"
1904,0,-3.77476237505449e-18,3.34637787546771e-17,-2.08437867660338e-17,9.67650438943313e-18,0.00016455091466515,0,-2.29397836088355e-14,2.03364282859039e-13,-1.26670743875533e-13,5.88055338928026e-14,"Slope variability","15yr","trailing","base1841_2010"
1905,0,-3.63412294230283e-18,3.25511385401159e-17,-1.35525271560688e-17,8.78203759713259e-18,0.00016455091466515,0,-2.20850971852574e-14,1.97818034657269e-13,-8.23606917266143e-14,5.33697282388461e-14,"Slope variability","15yr","trailing","base1841_2010"
1906,0,-3.77425095893539e-18,3.33976662003065e-17,-1.37151574819416e-17,8.56519716263549e-18,0.00016455091466515,0,-2.29366756582043e-14,2.02962507186718e-13,-8.33490200273337e-14,5.20519571712202e-14,"Slope variability","15yr","trailing","base1841_2010"
1907,0,-4.6907086443571e-18,3.74133475244243e-17,-1.66425033476525e-17,9.0801931945661e-18,0.00016455091466515,0,-2.85061231893021e-14,2.27366390521487e-13,-1.01138929440282e-13,5.51816634568316e-14,"Slope variability","15yr","trailing","base1841_2010"
1908,0,-4.55006921160544e-18,3.79965418236595e-17,-1.52872506320456e-17,1.01372903127395e-17,0.00016455091466515,0,-2.76514367657241e-14,2.30910547662284e-13,-9.29028602676209e-14,6.16057974115075e-14,"Slope variability","15yr","trailing","base1841_2010"
1909,0,-4.42886359137947e-18,3.71835487516398e-17,-1.49077798716757e-17,7.91467585914418e-18,0.00016455091466515,0,-2.69148524661313e-14,2.25969869734883e-13,-9.05967608992757e-14,4.80986439683427e-14,"Slope variability","15yr","trailing","base1841_2010"
1910,0,-3.81311858398676e-18,3.64605939561189e-17,-1.51788304147971e-17,9.35124373768748e-18,0.00016455091466515,0,-2.3172879906175e-14,2.21576367596095e-13,-9.2243974733808e-14,5.68288772913639e-14,"Slope variability","15yr","trailing","base1841_2010"
1911,0,-3.9731918292641e-18,3.64433410829693e-17,-1.7130394325271e-17,1.04625509644851e-17,0.00016455091466515,0,-2.41456684537384e-14,2.21471519360005e-13,-1.0410391434244e-13,6.35824540129462e-14,"Slope variability","15yr","trailing","base1841_2010"
1912,0,-5.54528497936808e-18,3.65488469434519e-17,-2.25514051876985e-17,1.11130722679764e-17,0.00016455091466515,0,-3.36995086940256e-14,2.22112693921066e-13,-1.37048191033086e-13,6.75357672158237e-14,"Slope variability","15yr","trailing","base1841_2010"
1913,0,-5.56165029517918e-18,3.71115378907381e-17,-2.10335221462188e-17,1.05980762360458e-17,0.00016455091466515,0,-3.37989631142238e-14,2.25532249190214e-13,-1.27823793559705e-13,6.44060609302124e-14,"Slope variability","15yr","trailing","base1841_2010"
1914,0,-4.84464489620528e-18,3.64911542201361e-17,-2.10877322548431e-17,1.12757025938492e-17,0.00016455091466515,0,-2.94416163292912e-14,2.21762086794797e-13,-1.28153236326612e-13,6.85240955165431e-14,"Slope variability","15yr","trailing","base1841_2010"
1915,0,-4.28362141355594e-18,3.59267892964547e-17,-2.30935062739412e-17,1.36880524276295e-17,0.00016455091466515,0,-2.60321944868725e-14,2.18332358526012e-13,-1.40342618702151e-13,8.31842986438804e-14,"Slope variability","15yr","trailing","base1841_2010"
1916,0,-3.53593104743622e-18,3.41677534801234e-17,-1.47993596544271e-17,1.30104260698261e-17,0.00016455091466515,0,-2.14883706640683e-14,2.07642440333149e-13,-8.99378753654628e-14,7.90662640575497e-14,"Slope variability","15yr","trailing","base1841_2010"
1917,0,-3.17589409959197e-18,3.51946704049892e-17,-1.58835618269126e-17,1.39319979164387e-17,0.00016455091466515,0,-1.93003734197085e-14,2.13883164834471e-13,-9.65267307035919e-14,8.46667910949595e-14,"Slope variability","15yr","trailing","base1841_2010"
1918,0,-6.01118506386539e-18,3.3134136733359e-17,-1.6940658945086e-17,5.88179678573386e-18,0.00016455091466515,0,-3.65308517190424e-14,2.01361000033241e-13,-1.02950864658268e-13,3.57445402093506e-14,"Slope variability","15yr","trailing","base1841_2010"
1919,0,-5.0653209515956e-18,3.49195938820398e-17,-1.75640751942652e-17,6.1257422745431e-18,0.00016455091466515,0,-3.0782697026651e-14,2.12211484531088e-13,-1.06739456477692e-13,3.72270326604297e-14,"Slope variability","15yr","trailing","base1841_2010"
1920,0,-2.89845085498189e-18,3.30417824331632e-17,-1.06793913989822e-17,9.21571846612679e-18,0.00016455091466515,0,-1.76143102022863e-14,2.00799749429537e-13,-6.49002250805721e-14,5.60052703740977e-14,"Slope variability","15yr","trailing","base1841_2010"
1921,0,-2.98104455821604e-18,3.20372975665185e-17,-1.18720137887163e-17,1.11401773222886e-17,0.00016455091466515,0,-1.81162442292239e-14,1.94695347830258e-13,-7.21479659525141e-14,6.77004885992769e-14,"Slope variability","15yr","trailing","base1841_2010"
1922,0,2.64402133573116e-19,2.82195451086751e-17,-1.26309553094561e-17,9.64939933512099e-18,0.00016455091466515,0,1.60681047632678e-15,1.7149430719422e-13,-7.67601646892045e-14,5.86408125093494e-14,"Slope variability","15yr","trailing","base1841_2010"
1923,0,2.09680608829744e-19,2.77446393852175e-17,-1.52872506320456e-17,1.02999206386123e-17,0.00016455091466515,0,1.27425975878913e-15,1.68608235582744e-13,-9.29028602676209e-14,6.25941257122269e-14,"Slope variability","15yr","trailing","base1841_2010"
1924,0,1.018229493122e-18,2.85086019958385e-17,-1.33356867215717e-17,1.16009632455949e-17,0.00016455091466515,0,6.18792970670525e-15,1.7325094821777e-13,-8.10429206589885e-14,7.05007521179818e-14,"Slope variability","15yr","trailing","base1841_2010"
1925,0,-3.06849671458162e-20,2.84768197615255e-17,-1.45283091113058e-17,1.0842021724855e-17,0.00016455091466515,0,-1.8647703787158e-16,1.73057802926675e-13,-8.82906615309305e-14,6.58885533812914e-14,"Slope variability","15yr","trailing","base1841_2010"
1926,0,-3.9890457289561e-20,2.86059457189047e-17,-1.44198888940572e-17,1.17093834628434e-17,0.00016455091466515,0,-2.42420149233053e-16,1.73842520274749e-13,-8.76317759971176e-14,7.11596376517948e-14,"Slope variability","15yr","trailing","base1841_2010"
1927,0,4.50046184805304e-19,3.02291538258406e-17,-1.09504419421036e-17,7.80625564189563e-18,0.00016455091466515,0,2.73499655544983e-15,1.83706993591345e-13,-6.65474389151043e-14,4.74397584345298e-14,"Slope variability","15yr","trailing","base1841_2010"
1928,0,6.7762635780344e-19,2.99388569075327e-17,-1.06251812903579e-17,8.89045781438114e-18,0.00016455091466515,0,4.11803458633071e-15,1.81942816716979e-13,-6.45707823136656e-14,5.4028613772659e-14,"Slope variability","15yr","trailing","base1841_2010"
1929,0,9.17480517659903e-19,2.90364628587573e-17,-1.06251812903579e-17,8.23993651088983e-18,0.00016455091466515,0,5.57566343236023e-15,1.76458835964811e-13,-6.45707823136656e-14,5.00753005697815e-14,"Slope variability","15yr","trailing","base1841_2010"
1930,0,1.37212944753708e-18,2.93993810618764e-17,-4.49943901581484e-18,1.00559751498031e-17,0.00016455091466515,0,8.3386315434908e-15,1.78664343019316e-13,-2.73437496532359e-14,6.11116332611478e-14,"Slope variability","15yr","trailing","base1841_2010"
1931,9.03930263625803e-07,2.73157483063787e-06,4.7602229047288e-06,2.68894695556321e-07,2.7040842866419e-06,0.00016455091466515,0.00549331655472862,0.016600180170353,0.0289285715270288,0.00163411243324599,0.0164331161096523,"Slope variability","15yr","trailing","base1841_2010"
1932,1.2940898503049e-05,3.6872078351297e-05,6.35144742245409e-05,4.38788061591484e-06,3.7365777813268e-05,0.00016455091466515,0.0786437348548495,0.224077018510224,0.385986758893372,0.0266657929239949,0.227077302422201,"Slope variability","15yr","trailing","base1841_2010"
1933,1.76954236819223e-05,6.25734305387499e-05,0.000123261798627202,4.58802219519688e-06,5.68115513651098e-05,0.00016455091466515,0.107537680467661,0.380267898638441,0.749079996778089,0.0278820826036319,0.345252115314689,"Slope variability","15yr","trailing","base1841_2010"
1934,1.7523090233898e-05,9.7005775379105e-05,0.000214794807885611,3.21219945238874e-06,8.10367095418573e-05,0.00016455091466515,0.106490384873012,0.589518299406025,1.30533949521158,0.0195210063640506,0.492471948313151,"Slope variability","15yr","trailing","base1841_2010"
1935,8.24804384173036e-05,0.000216685412703967,0.000370785788269356,3.63692623904958e-05,0.000223288322222136,0.00016455091466515,0.501245700062779,1.31682897749252,2.25331952134014,0.221021332300127,1.35695582535359,"Slope variability","15yr","trailing","base1841_2010"
1936,5.79125975572012e-05,0.000224913362603564,0.000458303918920311,1.53488029555923e-05,0.000216313542571802,0.00016455091466515,0.351943334226063,1.36683143367053,2.78518001466555,0.09327692274957,1.31456906825457,"Slope variability","15yr","trailing","base1841_2010"
1937,0.000138795239701002,0.000337716607574085,0.000598556429172958,3.83150333965729e-05,0.000364018564785267,0.00016455091466515,0.843478992404514,2.05235326866044,3.63751505356856,0.232846067580611,2.21219411345127,"Slope variability","15yr","trailing","base1841_2010"
1938,0.000199679344467792,0.00041881310585625,0.00071007587298919,5.38530687628238e-05,0.00041315807712167,0.00016455091466515,1.21348061099585,2.54518856190199,4.31523504098502,0.327272983394904,2.51082212434018,"Slope variability","15yr","trailing","base1841_2010"
1939,0.000202276536070632,0.000428348553718263,0.000750143192832665,4.19231210759673e-05,0.000453563832630691,0.00016455091466515,1.22926412461609,2.60313687462585,4.55873000985231,0.254772944661402,2.7563738162967,"Slope variability","15yr","trailing","base1841_2010"
1940,0.000392590032732563,0.000620712917649761,0.000836197494895196,0.000159781144875231,0.000714658234598344,0.00016455091466515,2.38582710726013,3.77216327793055,5.08169460252958,0.971013410653931,4.34308272337852,"Slope variability","15yr","trailing","base1841_2010"
1941,0.000379569532463102,0.000605262591574154,0.0008508436146829,0.000100533748713015,0.000762937403688022,0.00016455091466515,2.30669962081646,3.67826938431685,5.17070121678941,0.610958309879919,4.63648230239589,"Slope variability","15yr","trailing","base1841_2010"
1942,0.000418434831984844,0.000681998270988634,0.000882831275116038,0.000134519504289271,0.0008478332007422,0.00016455091466515,2.54288973620312,4.14460334284046,5.36509491249284,0.817494722305306,5.15240649052292,"Slope variability","15yr","trailing","base1841_2010"
1943,0.000503969786042517,0.000766576470972929,0.000909548131312585,0.00017713082840918,0.00100296451315685,0.00016455091466515,3.06269817501812,4.65859744707504,5.52745715916229,1.07644997762322,6.09516218854099,"Slope variability","15yr","trailing","base1841_2010"
1944,0.000505548738224883,0.000711447971275281,0.000860088632545339,0.000162289799493458,0.00095593858715194,0.00016455091466515,3.07229369860169,4.32357348315584,5.22688454388457,0.986258872056148,5.80937875123461,"Slope variability","15yr","trailing","base1841_2010"
1945,0.000358258305951883,0.000548447907123216,0.000735302933653617,0.000145101838415507,0.000736158471197813,0.00016455091466515,2.17718817717249,3.33299822878087,4.46854358208771,0.881805116129437,4.47374280900138,"Slope variability","15yr","trailing","base1841_2010"
1946,0.000323495645236693,0.000486718181374362,0.000645061724718614,0.000141134947214625,0.00070267563552378,0.00016455091466515,1.96593039847263,2.95785764767581,3.92013454334953,0.857697737516839,4.27026271445333,"Slope variability","15yr","trailing","base1841_2010"
1947,0.00032217367758699,0.000430399614524377,0.000541764954367368,0.00013618556079881,0.000621967807089721,0.00016455091466515,1.95789660751866,2.61560147143644,3.29238494644545,0.827619591637876,3.77978942478311,"Slope variability","15yr","trailing","base1841_2010"
1948,0.000326209704338327,0.000427679786639022,0.000476322711207178,0.000155679223937575,0.000616102700190332,0.00016455091466515,1.98242413299338,2.59907267917242,2.89468285348923,0.946085436561518,3.74414631145662,"Slope variability","15yr","trailing","base1841_2010"
1949,0.00031380745819767,0.000415035168701798,0.000467831040546352,0.00011202667321824,0.000637374577467646,0.00016455091466515,1.90705386740784,2.52222948469394,2.84307772763438,0.680802494754932,3.8734186240451,"Slope variability","15yr","trailing","base1841_2010"
1950,0.00036288281607377,0.000492903681102721,0.000499501739529668,0.000138559359303774,0.000751186987426227,0.00016455091466515,2.20529200224875,2.99544783513205,3.03554520220153,0.84204551269577,4.56507330241733,"Slope variability","15yr","trailing","base1841_2010"
1951,0.000436873252638464,0.000589742902933408,0.000551314330646602,0.000184699798727586,0.000918660365657824,0.00016455091466515,2.65494271804853,3.58395396423956,3.35041790419999,1.12244771840642,5.58283354138285,"Slope variability","15yr","trailing","base1841_2010"
1952,0.000599436243959846,0.000827429104478098,0.000688062884105432,0.000324839401674855,0.00121824171244274,0.00016455091466515,3.64286181684045,5.02840781020186,4.18145888465947,1.97409660308411,7.40343324691803,"Slope variability","15yr","trailing","base1841_2010"
1953,0.000663603147390244,0.000950532690300123,0.000784349693314544,0.00035448424939491,0.0013906107400789,0.00016455091466515,4.03281348353871,5.77652632459926,4.766607921388,2.15425268292347,8.45094506407759,"Slope variability","15yr","trailing","base1841_2010"
1954,0.000662041728603076,0.000986252370080312,0.000848958671559333,0.000328978510910008,0.00144858753651071,0.00016455091466515,4.02332451296481,5.99360004827242,5.15924614145663,1.99925057590508,8.8032785442639,"Slope variability","15yr","trailing","base1841_2010"
1955,0.000992619640338018,0.00127134801302572,0.00100398472838171,0.000460181308583519,0.00182281701843626,0.00016455091466515,6.03229488184817,7.72616801075116,6.10136218583014,2.79658918651384,11.0775258961372,"Slope variability","15yr","trailing","base1841_2010"
1956,0.00101428325297288,0.00131325904685658,0.00109523819516635,0.000424095933562623,0.00190811548343169,0.00016455091466515,6.16394782755772,7.98086749945438,6.6559228637233,2.57729307932217,11.595897156297,"Slope variability","15yr","trailing","base1841_2010"
1957,0.00127894667030278,0.0015703168675212,0.00123815379469108,0.00057293527320092,0.00223286275000988,0.00016455091466515,7.77234616352847,9.54304551096964,7.52444188603047,3.48181153758279,13.5694338409094,"Slope variability","15yr","trailing","base1841_2010"
1958,0.00143441175328907,0.00171790701877923,0.00131713094711325,0.000643133517472255,0.00239895903261846,0.00016455091466515,8.71713023417711,10.4399724685521,8.00439760419151,3.90841654560833,14.578825268156,"Slope variability","15yr","trailing","base1841_2010"
1959,0.00137214149885686,0.00171715679822883,0.00135213826640479,0.000640214598870981,0.00245440995585858,0.00016455091466515,8.33870478112554,10.435413268429,8.21714220887989,3.89067784991518,14.9158086471482,"Slope variability","15yr","trailing","base1841_2010"
1960,0.00139467268935347,0.00173853653984309,0.00136107384751999,0.000646406823153188,0.0024829058406223,0.00016455091466515,8.47563012452128,10.5653410883853,8.27144504355802,3.92830890346969,15.0889823108845,"Slope variability","15yr","trailing","base1841_2010"
1961,0.00120568056164768,0.00156323905150544,0.00128771527519472,0.000532713240564278,0.00232552646933345,0.00016455091466515,7.32709729448275,9.50003258679255,7.8256342592512,3.23737635642023,14.1325648299539,"Slope variability","15yr","trailing","base1841_2010"
1962,0.000931663236016213,0.00128120713363796,0.00116945197060883,0.000348061143006377,0.00191810307452612,0.00016455091466515,5.66185388827577,7.78608333016641,7.10693084258198,2.11521852500582,11.6565932096417,"Slope variability","15yr","trailing","base1841_2010"
1963,0.000902451227855513,0.00121654987862752,0.00106259216257884,0.000390535216831893,0.00182153237112127,0.00016455091466515,5.48432823780981,7.39315172512483,6.45752814404677,2.37333969019016,11.0697189063213,"Slope variability","15yr","trailing","base1841_2010"
1964,0.000781484194931937,0.00106727081135356,0.000991124218495849,0.000299884384028263,0.00154945895568208,0.00016455091466515,4.74919386818485,6.48596097764262,6.02320698437151,1.8224413072301,9.41628892695691,"Slope variability","15yr","trailing","base1841_2010"
1965,0.000497651530103235,0.000766106871138878,0.000877482328446121,0.000145799054677848,0.00112593737194894,0.00016455091466515,3.02430120863153,4.65574362013031,5.33258858045086,0.886042201433759,6.84248625563797,"Slope variability","15yr","trailing","base1841_2010"
1966,0.000421493523640354,0.000647239263688251,0.000782480380358136,0.000118234274079249,0.000964272642494046,0.00016455091466515,2.56147785321076,3.93336776647727,4.75524783286943,0.718526994030074,5.86002602572145,"Slope variability","15yr","trailing","base1841_2010"
1967,0.000336959807343828,0.000540079088501848,0.000703210665037812,0.00010159477177672,0.000811973832357126,0.00016455091466515,2.04775408285951,3.28213969275634,4.27351416714273,0.617406302380382,4.93448385874633,"Slope variability","15yr","trailing","base1841_2010"
1968,0.000334289128236674,0.000513355227101541,0.00061955459877818,0.000110504982435843,0.000768754246963379,0.00016455091466515,2.0315239749164,3.11973487443802,3.76512400456073,0.671554957082516,4.67183211061296,"Slope variability","15yr","trailing","base1841_2010"
1969,0.0002338250682173,0.000379592365802101,0.000506608062236756,7.07131689576342e-05,0.000583457891497291,0.00016455091466515,1.42098917343072,2.30683838236054,3.07873136571541,0.429734280733297,3.54575902956595,"Slope variability","15yr","trailing","base1841_2010"
1970,0.000230103792833408,0.000346527033406106,0.000434715887294837,7.75772608746269e-05,0.000538821016683284,0.00016455091466515,1.3983744380981,2.10589551635897,2.64183209299964,0.47144837227123,3.27449420612307,"Slope variability","15yr","trailing","base1841_2010"
1971,0.000163432425427734,0.000241580732470324,0.000345838123559471,5.0625339633293e-05,0.00038323010916003,0.00016455091466515,0.993202777148391,1.46812148058809,2.10170891035902,0.307657600909191,2.32894548134162,"Slope variability","15yr","trailing","base1841_2010"
1972,0.000142720708699662,0.000199366731178702,0.000304899547627768,4.42521523630265e-05,0.000336548542434012,0.00016455091466515,0.867334642229669,1.21158081426895,1.85291919068465,0.268926808781809,2.04525476579007,"Slope variability","15yr","trailing","base1841_2010"
1973,0.000101103574412426,0.000141681494504401,0.000248867278748734,3.27951666540471e-05,0.000263482776462167,0.00016455091466515,0.614421224082315,0.861019185415732,1.51240288913108,0.199301029233311,1.60122340856225,"Slope variability","15yr","trailing","base1841_2010"
1974,0.000146231034529814,0.000164771720131238,0.000262886290853952,1.4246335511754e-05,0.00031387963559343,0.00016455091466515,0.888667406239488,1.00134186714512,1.59759847819083,0.0865770666832473,1.90749250000922,"Slope variability","15yr","trailing","base1841_2010"
1975,0.000392142039216068,0.000438316206849627,0.000389008463158318,0.000171829787394072,0.000732043565300816,0.00016455091466515,2.38310458507053,2.66371176204989,2.3640613845868,1.04423477525929,4.44873592340995,"Slope variability","15yr","trailing","base1841_2010"
1976,0.000386116494639539,0.000431329816978093,0.00043367957336422,8.7137476709644e-05,0.000726388898784167,0.00016455091466515,2.34648646849069,2.6212544479368,2.63553426151857,0.529547203593265,4.41437168709953,"Slope variability","15yr","trailing","base1841_2010"
1977,0.000597426833259857,0.000638355736743468,0.000540867320828967,0.000200431344794057,0.000993200444493835,0.00016455091466515,3.6306503338227,3.87938127261389,3.2869298960118,1.21805062707747,6.03582451373748,"Slope variability","15yr","trailing","base1841_2010"
1978,0.000729460017195168,0.000781592448178408,0.000630115165126469,0.000272295910106244,0.00117620668253152,0.00016455091466515,4.43303532331966,4.7498517390128,3.8293021124113,1.65478211203109,7.14798021588044,"Slope variability","15yr","trailing","base1841_2010"
1979,0.000812576521460757,0.000839512330152139,0.000732403308956411,0.000247065099394848,0.0013183155149415,0.00016455091466515,4.93814648866764,5.10183934170461,4.45092213827437,1.50145078134393,8.0115963963141,"Slope variability","15yr","trailing","base1841_2010"
1980,0.00102394228330944,0.00107119947083725,0.000811608077783027,0.000433660226467471,0.00157549426698954,0.00016455091466515,6.22264716907283,6.50983601651243,4.93226111465012,2.63541668759448,9.57450932555172,"Slope variability","15yr","trailing","base1841_2010"
1981,0.000983271400631284,0.00110935786456511,0.000924294298117979,0.000459730864096721,0.00164951080700372,0.00016455091466515,5.97548426049273,6.74173016189294,5.61707177379632,2.79385176941887,10.0243186758358,"Slope variability","15yr","trailing","base1841_2010"
1982,0.0010037516519696,0.00112569956081521,0.00105989839626789,0.000409431476697899,0.00169879252576949,0.00016455091466515,6.0999457463495,6.84104104256083,6.44115773178603,2.48817502796059,10.3238108960161,"Slope variability","15yr","trailing","base1841_2010"
1983,0.00117067456609741,0.00128726832609873,0.00110095459649237,0.00056519982601935,0.00184992017523534,0.00016455091466515,7.11436073436395,7.82291808415795,6.69066227150876,3.4348020925286,11.2422357481258,"Slope variability","15yr","trailing","base1841_2010"
1984,0.00117897703178769,0.00126460934081303,0.00110992361855965,0.000598601884438265,0.00173560682045766,0.00016455091466515,7.16481603391166,7.68521611311871,6.74516833174868,3.63779129187085,10.5475367547455,"Slope variability","15yr","trailing","base1841_2010"
1985,0.000986680635956255,0.00106855205825779,0.00110180950662262,0.000523452186571834,0.00150184918051368,0.00016455091466515,5.9962026827021,6.49374730266447,6.69585768553602,3.18109557541521,9.12695735280383,"Slope variability","15yr","trailing","base1841_2010"
1986,0.000921759644450837,0.00100180104250385,0.00103835949394522,0.000449801541889289,0.00139540256322029,0.00016455091466515,5.60166831236738,6.08809160704122,6.31026266890226,2.73350982463152,8.48006567486933,"Slope variability","15yr","trailing","base1841_2010"
1987,0.000791118654280581,0.0008942492660432,0.000926441313948813,0.000378648269348508,0.00124567912056883,0.00016455091466515,4.80774388820904,5.43448371504308,5.63011950334072,2.30110096998873,7.5701743931579,"Slope variability","15yr","trailing","base1841_2010"
1988,0.000606859583163497,0.000757646090645104,0.000809596014093094,0.000321096536358286,0.00102046939411145,0.00016455091466515,3.68797453601772,4.6043262183432,4.92003350902405,1.95135066256967,6.20154191295771,"Slope variability","15yr","trailing","base1841_2010"
1989,0.000498531388796594,0.000643800911367247,0.000735607511523014,0.000237630153749984,0.000875608429805676,0.00016455091466515,3.02964823872947,3.91247239602004,4.47039454639269,1.44411323530803,5.32120062405902,"Slope variability","15yr","trailing","base1841_2010"
1990,0.000402481134765776,0.000541448587500586,0.000671351332561796,0.000182680092850699,0.000756359900450842,0.00016455091466515,2.44593678245301,3.29046233867735,4.07990033922298,1.11017367009136,4.59650985222406,"Slope variability","15yr","trailing","base1841_2010"
1991,0.000252308715786662,0.00039921664932145,0.000551531545707862,0.00012931011891589,0.000556014699091965,0.00016455091466515,1.53331700586468,2.42609802646087,3.3517379519293,0.785836524695277,3.37898273141428,"Slope variability","15yr","trailing","base1841_2010"
1992,0.000159569441985754,0.000254635961251065,0.00045159616212757,5.57499711360095e-05,0.000399184936897027,0.00016455091466515,0.969726861199571,1.54746001727935,2.74441599456642,0.338800736838547,2.4259053054147,"Slope variability","15yr","trailing","base1841_2010"
1993,4.61537058258809e-05,6.98634067855189e-05,0.000363383766776701,-6.29353811940497e-05,0.000179195091572873,0.00016455091466515,0.280482827578326,0.424570151601323,2.20833635301367,-0.382467525763191,1.08899480709374,"Slope variability","15yr","trailing","base1841_2010"
1994,-7.89394413289863e-05,-0.000112009484424412,0.000310499992425056,-0.000177804121427202,1.31520103461352e-05,0.00016455091466515,-0.479726542326567,-0.680698035938262,1.88695391366802,-1.08054167786926,0.0799266924337591,"Slope variability","15yr","trailing","base1841_2010"
1995,-7.36858546891e-05,-0.000122897498327097,0.000315986961396557,-0.00020531373685592,-4.60467710610563e-08,0.00016455091466515,-0.44779972714856,-0.746866090517852,1.9202990274443,-1.24772163845895,-0.000279832969356375,"Slope variability","15yr","trailing","base1841_2010"
1996,-8.93085658274721e-06,-5.01266551473874e-05,0.000318664724662148,-0.000129241816904201,9.44916782734346e-05,0.00016455091466515,-0.0542741230027248,-0.304627022276916,1.93657218685542,-0.785421443370276,0.574239763210791,"Slope variability","15yr","trailing","base1841_2010"
1997,-1.24721604729263e-05,-6.26626895457396e-05,0.000321393724388306,-0.000136726577722331,6.68584461285645e-05,0.00016455091466515,-0.0757951452187689,-0.380810338692155,1.95315671773883,-0.830907430691347,0.406308565738556,"Slope variability","15yr","trailing","base1841_2010"
1998,-1.76968642598159e-05,-7.75073468043569e-05,0.000319840434981513,-0.000135779389880605,6.01019062161726e-05,0.00016455091466515,-0.107546435070433,-0.471023494230216,1.94371715059966,-0.825151231501248,0.365248083479062,"Slope variability","15yr","trailing","base1841_2010"
1999,-5.82400983442245e-05,-0.000133096809775228,0.000328531466769105,-0.000176943574328985,4.758380544298e-06,0.00016455091466515,-0.353933604457558,-0.808848799449531,1.99653382320994,-1.07531200716237,0.0289173752329545,"Slope variability","15yr","trailing","base1841_2010"
2000,-3.77145974888562e-06,-5.79675115657898e-05,0.000297557303151503,-0.000102689316362827,6.80460387169919e-05,0.00016455091466515,-0.0229197130660762,-0.35227705469611,1.80829929603863,-0.6240580100803,0.413525739771554,"Slope variability","15yr","trailing","base1841_2010"
2001,-1.6347772910683e-05,-4.1162792950753e-05,0.000268219413869679,-6.15260314355666e-05,6.91990126189433e-05,0.00016455091466515,-0.0993478094239077,-0.250152319326311,1.63000864756959,-0.373902700940727,0.420532530978383,"Slope variability","15yr","trailing","base1841_2010"
2002,2.04427395459357e-05,1.40688599534057e-05,0.000211469866543719,-1.80467426429764e-05,0.000113611089602479,0.00016455091466515,0.124233521202452,0.0854985217313131,1.2851333398787,-0.109672697229914,0.690431225093279,"Slope variability","15yr","trailing","base1841_2010"
2003,7.21158192018709e-05,6.59446309454051e-05,0.000238245375508529,2.82062947782874e-05,0.000176510318665362,0.00016455091466515,0.438258391626822,0.40075517708059,1.44785202800813,0.171413782996499,1.0726790490624,"Slope variability","15yr","trailing","base1841_2010"
2004,6.90854175033271e-05,6.14708332897171e-05,0.000225101571293737,2.34717649516541e-05,0.000160444833274881,0.00016455091466515,0.419842196829543,0.373567253726947,1.36797520543598,0.14264135206673,0.975046742227936,"Slope variability","15yr","trailing","base1841_2010"
2005,8.98612565296427e-06,-4.3110059451235e-06,0.00020318389568758,-1.86669676696314e-05,6.30935963490278e-05,0.00016455091466515,0.0546100012342711,-0.0261986142945247,1.23477828185304,-0.113441895522838,0.383429022423966,"Slope variability","15yr","trailing","base1841_2010"
2006,6.16507712408332e-05,5.01950784095505e-05,0.000216875962023738,1.13665091971539e-05,0.000135279615568906,0.00016455091466515,0.374660763000245,0.305042840458798,1.31798697360672,0.069075940539644,0.822114029838066,"Slope variability","15yr","trailing","base1841_2010"
2007,6.40471709240884e-05,5.03543531056411e-05,0.000208390039254832,1.71507498716874e-05,0.000123216088611537,0.00016455091466515,0.389224034727611,0.30601077610604,1.26641677853261,0.104227617978229,0.748802210320577,"Slope variability","15yr","trailing","base1841_2010"
2008,4.92972139410457e-05,2.62174165363634e-05,0.000232050266067378,3.00670479801461e-06,0.000107304546104194,0.00016455091466515,0.299586386629101,0.159327078732525,1.41020344092031,0.0182721852633457,0.652105436925413,"Slope variability","15yr","trailing","base1841_2010"
2009,4.04280085191519e-05,1.89573363031784e-05,0.000221274498698051,4.03478110385963e-06,8.94085106413333e-05,0.00016455091466515,0.245686926757109,0.115206508221211,1.34471752495773,0.0245199554926215,0.543348609293809,"Slope variability","15yr","trailing","base1841_2010"
2010,2.64314767875518e-05,5.6971854532737e-06,0.000222826413335715,-4.8892727968404e-06,7.02702615046388e-05,0.00016455091466515,0.160627954219143,0.0346226301134035,1.35414873742362,-0.0297128266153351,0.427042667296224,"Slope variability","15yr","trailing","base1841_2010"
