"Year","signal","snr","metric","window","align","baseline"
1900,"fishing",0,"Biomass","10yr","trailing","base1841_2010"
1900,"climate",1.18149410250201,"Biomass","10yr","trailing","base1841_2010"
1900,"combined",1.18149410250201,"Biomass","10yr","trailing","base1841_2010"
1901,"fishing",0,"Biomass","10yr","trailing","base1841_2010"
1901,"climate",-0.157827392993171,"Biomass","10yr","trailing","base1841_2010"
1901,"combined",-0.157827392993171,"Biomass","10yr","trailing","base1841_2010"
1902,"fishing",0,"Biomass","10yr","trailing","base1841_2010"
1902,"climate",1.47463813788431,"Biomass","10yr","trailing","base1841_2010"
1902,"combined",1.47463813788431,"Biomass","10yr","trailing","base1841_2010"
1903,"fishing",0,"Biomass","10yr","trailing","base1841_2010"
1903,"climate",1.8639785095878,"Biomass","10yr","trailing","base1841_2010"
1903,"combined",1.8639785095878,"Biomass","10yr","trailing","base1841_2010"
1904,"fishing",0,"Biomass","10yr","trailing","base1841_2010"
1904,"climate",0.865392750955286,"Biomass","10yr","trailing","base1841_2010"
1904,"combined",0.865392750955286,"Biomass","10yr","trailing","base1841_2010"
1905,"fishing",0,"Biomass","10yr","trailing","base1841_2010"
1905,"climate",-1.20505464565313,"Biomass","10yr","trailing","base1841_2010"
1905,"combined",-1.20505464565313,"Biomass","10yr","trailing","base1841_2010"
1906,"fishing",0,"Biomass","10yr","trailing","base1841_2010"
1906,"climate",-0.44610502729409,"Biomass","10yr","trailing","base1841_2010"
1906,"combined",-0.44610502729409,"Biomass","10yr","trailing","base1841_2010"
1907,"fishing",0,"Biomass","10yr","trailing","base1841_2010"
1907,"climate",-1.46890313911443,"Biomass","10yr","trailing","base1841_2010"
1907,"combined",-1.46890313911443,"Biomass","10yr","trailing","base1841_2010"
1908,"fishing",0,"Biomass","10yr","trailing","base1841_2010"
1908,"climate",0.16001895840484,"Biomass","10yr","trailing","base1841_2010"
1908,"combined",0.16001895840484,"Biomass","10yr","trailing","base1841_2010"
1909,"fishing",0,"Biomass","10yr","trailing","base1841_2010"
1909,"climate",0.0936111559873234,"Biomass","10yr","trailing","base1841_2010"
1909,"combined",0.0936111559873234,"Biomass","10yr","trailing","base1841_2010"
1910,"fishing",0,"Biomass","10yr","trailing","base1841_2010"
1910,"climate",-0.258303441644215,"Biomass","10yr","trailing","base1841_2010"
1910,"combined",-0.258303441644215,"Biomass","10yr","trailing","base1841_2010"
1911,"fishing",0,"Biomass","10yr","trailing","base1841_2010"
1911,"climate",0.175571663434912,"Biomass","10yr","trailing","base1841_2010"
1911,"combined",0.175571663434912,"Biomass","10yr","trailing","base1841_2010"
1912,"fishing",-9.14338288082677e-15,"Biomass","10yr","trailing","base1841_2010"
1912,"climate",1.18592101669718,"Biomass","10yr","trailing","base1841_2010"
1912,"combined",1.18592101669717,"Biomass","10yr","trailing","base1841_2010"
1913,"fishing",0,"Biomass","10yr","trailing","base1841_2010"
1913,"climate",0.803275562561493,"Biomass","10yr","trailing","base1841_2010"
1913,"combined",0.803275562561493,"Biomass","10yr","trailing","base1841_2010"
1914,"fishing",0,"Biomass","10yr","trailing","base1841_2010"
1914,"climate",-0.0877717467019684,"Biomass","10yr","trailing","base1841_2010"
1914,"combined",-0.0877717467019684,"Biomass","10yr","trailing","base1841_2010"
1915,"fishing",0,"Biomass","10yr","trailing","base1841_2010"
1915,"climate",0.129204368230709,"Biomass","10yr","trailing","base1841_2010"
1915,"combined",0.129204368230709,"Biomass","10yr","trailing","base1841_2010"
1916,"fishing",0,"Biomass","10yr","trailing","base1841_2010"
1916,"climate",-0.270202759210424,"Biomass","10yr","trailing","base1841_2010"
1916,"combined",-0.270202759210424,"Biomass","10yr","trailing","base1841_2010"
1917,"fishing",0,"Biomass","10yr","trailing","base1841_2010"
1917,"climate",-0.636772548266889,"Biomass","10yr","trailing","base1841_2010"
1917,"combined",-0.636772548266889,"Biomass","10yr","trailing","base1841_2010"
1918,"fishing",9.14338288082677e-15,"Biomass","10yr","trailing","base1841_2010"
1918,"climate",-1.00941023000426,"Biomass","10yr","trailing","base1841_2010"
1918,"combined",-1.00941023000425,"Biomass","10yr","trailing","base1841_2010"
1919,"fishing",0,"Biomass","10yr","trailing","base1841_2010"
1919,"climate",-1.47946974481893,"Biomass","10yr","trailing","base1841_2010"
1919,"combined",-1.47946974481893,"Biomass","10yr","trailing","base1841_2010"
1920,"fishing",0,"Biomass","10yr","trailing","base1841_2010"
1920,"climate",1.03403117456383,"Biomass","10yr","trailing","base1841_2010"
1920,"combined",1.03403117456383,"Biomass","10yr","trailing","base1841_2010"
1921,"fishing",9.14338288082677e-15,"Biomass","10yr","trailing","base1841_2010"
1921,"climate",-0.306788108429551,"Biomass","10yr","trailing","base1841_2010"
1921,"combined",-0.306788108429542,"Biomass","10yr","trailing","base1841_2010"
1922,"fishing",0,"Biomass","10yr","trailing","base1841_2010"
1922,"climate",1.32639352040225,"Biomass","10yr","trailing","base1841_2010"
1922,"combined",1.32639352040225,"Biomass","10yr","trailing","base1841_2010"
1923,"fishing",0,"Biomass","10yr","trailing","base1841_2010"
1923,"climate",1.71579776595705,"Biomass","10yr","trailing","base1841_2010"
1923,"combined",1.71579776595705,"Biomass","10yr","trailing","base1841_2010"
1924,"fishing",0,"Biomass","10yr","trailing","base1841_2010"
1924,"climate",0.717306508890601,"Biomass","10yr","trailing","base1841_2010"
1924,"combined",0.717306508890601,"Biomass","10yr","trailing","base1841_2010"
1925,"fishing",0,"Biomass","10yr","trailing","base1841_2010"
1925,"climate",-1.35178437603617,"Biomass","10yr","trailing","base1841_2010"
1925,"combined",-1.35178437603617,"Biomass","10yr","trailing","base1841_2010"
1926,"fishing",0,"Biomass","10yr","trailing","base1841_2010"
1926,"climate",-0.590752020468608,"Biomass","10yr","trailing","base1841_2010"
1926,"combined",-0.590752020468608,"Biomass","10yr","trailing","base1841_2010"
1927,"fishing",0,"Biomass","10yr","trailing","base1841_2010"
1927,"climate",-1.61372482974382,"Biomass","10yr","trailing","base1841_2010"
1927,"combined",-1.61372482974382,"Biomass","10yr","trailing","base1841_2010"
1928,"fishing",0,"Biomass","10yr","trailing","base1841_2010"
1928,"climate",0.0152224221750535,"Biomass","10yr","trailing","base1841_2010"
1928,"combined",0.0152224221750535,"Biomass","10yr","trailing","base1841_2010"
1929,"fishing",0,"Biomass","10yr","trailing","base1841_2010"
1929,"climate",-0.0516601957694602,"Biomass","10yr","trailing","base1841_2010"
1929,"combined",-0.0516601957694602,"Biomass","10yr","trailing","base1841_2010"
1930,"fishing",9.14338288082677e-15,"Biomass","10yr","trailing","base1841_2010"
1930,"climate",-0.403601732846976,"Biomass","10yr","trailing","base1841_2010"
1930,"combined",-0.403601732846967,"Biomass","10yr","trailing","base1841_2010"
1931,"fishing",-0.0857516001067592,"Biomass","10yr","trailing","base1841_2010"
1931,"climate",0.0313068915540131,"Biomass","10yr","trailing","base1841_2010"
1931,"combined",-0.054444708552746,"Biomass","10yr","trailing","base1841_2010"
1932,"fishing",-0.393744729345507,"Biomass","10yr","trailing","base1841_2010"
1932,"climate",1.04166202984139,"Biomass","10yr","trailing","base1841_2010"
1932,"combined",0.647917300495887,"Biomass","10yr","trailing","base1841_2010"
1933,"fishing",-0.555930717962266,"Biomass","10yr","trailing","base1841_2010"
1933,"climate",0.658629967796498,"Biomass","10yr","trailing","base1841_2010"
1933,"combined",0.102699249834231,"Biomass","10yr","trailing","base1841_2010"
1934,"fishing",-0.830541287011917,"Biomass","10yr","trailing","base1841_2010"
1934,"climate",-0.231349948879452,"Biomass","10yr","trailing","base1841_2010"
1934,"combined",-1.06189123589137,"Biomass","10yr","trailing","base1841_2010"
1935,"fishing",-1.01496575188603,"Biomass","10yr","trailing","base1841_2010"
1935,"climate",-0.0130068792654183,"Biomass","10yr","trailing","base1841_2010"
1935,"combined",-1.02797263115145,"Biomass","10yr","trailing","base1841_2010"
1936,"fishing",-1.13400899987323,"Biomass","10yr","trailing","base1841_2010"
1936,"climate",-0.412288811455589,"Biomass","10yr","trailing","base1841_2010"
1936,"combined",-1.54629781132882,"Biomass","10yr","trailing","base1841_2010"
1937,"fishing",-1.22639098152421,"Biomass","10yr","trailing","base1841_2010"
1937,"climate",-0.778488601522369,"Biomass","10yr","trailing","base1841_2010"
1937,"combined",-2.00487958304658,"Biomass","10yr","trailing","base1841_2010"
1938,"fishing",-1.31318664337987,"Biomass","10yr","trailing","base1841_2010"
1938,"climate",-1.15078610977205,"Biomass","10yr","trailing","base1841_2010"
1938,"combined",-2.46397275315193,"Biomass","10yr","trailing","base1841_2010"
1939,"fishing",-1.35549197400874,"Biomass","10yr","trailing","base1841_2010"
1939,"climate",-1.62042444426303,"Biomass","10yr","trailing","base1841_2010"
1939,"combined",-2.97591641827178,"Biomass","10yr","trailing","base1841_2010"
1940,"fishing",-1.49158294571537,"Biomass","10yr","trailing","base1841_2010"
1940,"climate",0.893204537591844,"Biomass","10yr","trailing","base1841_2010"
1940,"combined",-0.598378408123524,"Biomass","10yr","trailing","base1841_2010"
1941,"fishing",-1.58054400410059,"Biomass","10yr","trailing","base1841_2010"
1941,"climate",-0.449063557042403,"Biomass","10yr","trailing","base1841_2010"
1941,"combined",-2.029607561143,"Biomass","10yr","trailing","base1841_2010"
1942,"fishing",-1.57143207908419,"Biomass","10yr","trailing","base1841_2010"
1942,"climate",1.18481783902232,"Biomass","10yr","trailing","base1841_2010"
1942,"combined",-0.386614240061864,"Biomass","10yr","trailing","base1841_2010"
1943,"fishing",-1.57791492687882,"Biomass","10yr","trailing","base1841_2010"
1943,"climate",1.57432165885228,"Biomass","10yr","trailing","base1841_2010"
1943,"combined",-0.00359326802654014,"Biomass","10yr","trailing","base1841_2010"
1944,"fishing",-1.5839120722577,"Biomass","10yr","trailing","base1841_2010"
1944,"climate",0.575940075587636,"Biomass","10yr","trailing","base1841_2010"
1944,"combined",-1.00797199667006,"Biomass","10yr","trailing","base1841_2010"
1945,"fishing",-1.57376129039223,"Biomass","10yr","trailing","base1841_2010"
1945,"climate",-1.49184560548848,"Biomass","10yr","trailing","base1841_2010"
1945,"combined",-3.06560689588071,"Biomass","10yr","trailing","base1841_2010"
1946,"fishing",-1.56108598328487,"Biomass","10yr","trailing","base1841_2010"
1946,"climate",-0.728826855812381,"Biomass","10yr","trailing","base1841_2010"
1946,"combined",-2.28991283909726,"Biomass","10yr","trailing","base1841_2010"
1947,"fishing",-1.58509167837426,"Biomass","10yr","trailing","base1841_2010"
1947,"climate",-1.75200328261202,"Biomass","10yr","trailing","base1841_2010"
1947,"combined",-3.33709496098627,"Biomass","10yr","trailing","base1841_2010"
1948,"fishing",-1.67207443071737,"Biomass","10yr","trailing","base1841_2010"
1948,"climate",-0.123051971078595,"Biomass","10yr","trailing","base1841_2010"
1948,"combined",-1.79512640179596,"Biomass","10yr","trailing","base1841_2010"
1949,"fishing",-1.78665956606258,"Biomass","10yr","trailing","base1841_2010"
1949,"climate",-0.19038968941415,"Biomass","10yr","trailing","base1841_2010"
1949,"combined",-1.97704925547673,"Biomass","10yr","trailing","base1841_2010"
1950,"fishing",-1.79787714577816,"Biomass","10yr","trailing","base1841_2010"
1950,"climate",-0.542350795558734,"Biomass","10yr","trailing","base1841_2010"
1950,"combined",-2.3402279413369,"Biomass","10yr","trailing","base1841_2010"
1951,"fishing",-1.81255932108398,"Biomass","10yr","trailing","base1841_2010"
1951,"climate",-0.106436213653408,"Biomass","10yr","trailing","base1841_2010"
1951,"combined",-1.91899553473739,"Biomass","10yr","trailing","base1841_2010"
1952,"fishing",-1.84826378738796,"Biomass","10yr","trailing","base1841_2010"
1952,"climate",0.903946018054883,"Biomass","10yr","trailing","base1841_2010"
1952,"combined",-0.944317769333079,"Biomass","10yr","trailing","base1841_2010"
1953,"fishing",-1.8909155830335,"Biomass","10yr","trailing","base1841_2010"
1953,"climate",0.52056989390232,"Biomass","10yr","trailing","base1841_2010"
1953,"combined",-1.37034568913118,"Biomass","10yr","trailing","base1841_2010"
1954,"fishing",-1.90505825366034,"Biomass","10yr","trailing","base1841_2010"
1954,"climate",-0.368365867193662,"Biomass","10yr","trailing","base1841_2010"
1954,"combined",-2.27342412085401,"Biomass","10yr","trailing","base1841_2010"
1955,"fishing",-1.91325364611489,"Biomass","10yr","trailing","base1841_2010"
1955,"climate",-0.148704073882472,"Biomass","10yr","trailing","base1841_2010"
1955,"combined",-2.06195771999736,"Biomass","10yr","trailing","base1841_2010"
1956,"fishing",-1.93098373295103,"Biomass","10yr","trailing","base1841_2010"
1956,"climate",-0.547875877754442,"Biomass","10yr","trailing","base1841_2010"
1956,"combined",-2.47885961070547,"Biomass","10yr","trailing","base1841_2010"
1957,"fishing",-1.95482909956083,"Biomass","10yr","trailing","base1841_2010"
1957,"climate",-0.913731910444493,"Biomass","10yr","trailing","base1841_2010"
1957,"combined",-2.86856101000532,"Biomass","10yr","trailing","base1841_2010"
1958,"fishing",-1.95667282766779,"Biomass","10yr","trailing","base1841_2010"
1958,"climate",-1.2857211560127,"Biomass","10yr","trailing","base1841_2010"
1958,"combined",-3.24239398368049,"Biomass","10yr","trailing","base1841_2010"
1959,"fishing",-1.97710620540123,"Biomass","10yr","trailing","base1841_2010"
1959,"climate",-1.75498958261872,"Biomass","10yr","trailing","base1841_2010"
1959,"combined",-3.73209578801996,"Biomass","10yr","trailing","base1841_2010"
1960,"fishing",-2.00834166954096,"Biomass","10yr","trailing","base1841_2010"
1960,"climate",0.758758571404805,"Biomass","10yr","trailing","base1841_2010"
1960,"combined",-1.24958309813615,"Biomass","10yr","trailing","base1841_2010"
1961,"fishing",-2.04879866574544,"Biomass","10yr","trailing","base1841_2010"
1961,"climate",-0.584906429283524,"Biomass","10yr","trailing","base1841_2010"
1961,"combined",-2.63370509502897,"Biomass","10yr","trailing","base1841_2010"
1962,"fishing",-2.04078776036065,"Biomass","10yr","trailing","base1841_2010"
1962,"climate",1.04966861729655,"Biomass","10yr","trailing","base1841_2010"
1962,"combined",-0.991119143064094,"Biomass","10yr","trailing","base1841_2010"
1963,"fishing",-2.04674432107494,"Biomass","10yr","trailing","base1841_2010"
1963,"climate",1.439319155475,"Biomass","10yr","trailing","base1841_2010"
1963,"combined",-0.607425165599938,"Biomass","10yr","trailing","base1841_2010"
1964,"fishing",-2.04638615778806,"Biomass","10yr","trailing","base1841_2010"
1964,"climate",0.441070072815588,"Biomass","10yr","trailing","base1841_2010"
1964,"combined",-1.60531608497248,"Biomass","10yr","trailing","base1841_2010"
1965,"fishing",-2.02703500038163,"Biomass","10yr","trailing","base1841_2010"
1965,"climate",-1.62545752298827,"Biomass","10yr","trailing","base1841_2010"
1965,"combined",-3.6524925233699,"Biomass","10yr","trailing","base1841_2010"
1966,"fishing",-2.00203149757628,"Biomass","10yr","trailing","base1841_2010"
1966,"climate",-0.860537492484705,"Biomass","10yr","trailing","base1841_2010"
1966,"combined",-2.86256899006098,"Biomass","10yr","trailing","base1841_2010"
1967,"fishing",-2.01120975013696,"Biomass","10yr","trailing","base1841_2010"
1967,"climate",-1.88394414116008,"Biomass","10yr","trailing","base1841_2010"
1967,"combined",-3.89515389129703,"Biomass","10yr","trailing","base1841_2010"
1968,"fishing",-2.02831850351826,"Biomass","10yr","trailing","base1841_2010"
1968,"climate",-0.255002035195173,"Biomass","10yr","trailing","base1841_2010"
1968,"combined",-2.28332053871343,"Biomass","10yr","trailing","base1841_2010"
1969,"fishing",-2.04241877874505,"Biomass","10yr","trailing","base1841_2010"
1969,"climate",-0.322767723030426,"Biomass","10yr","trailing","base1841_2010"
1969,"combined",-2.36518650177547,"Biomass","10yr","trailing","base1841_2010"
1970,"fishing",-2.04264293866887,"Biomass","10yr","trailing","base1841_2010"
1970,"climate",-0.674735581329124,"Biomass","10yr","trailing","base1841_2010"
1970,"combined",-2.71737851999799,"Biomass","10yr","trailing","base1841_2010"
1971,"fishing",-2.03207539367585,"Biomass","10yr","trailing","base1841_2010"
1971,"climate",-0.237832911747694,"Biomass","10yr","trailing","base1841_2010"
1971,"combined",-2.26990830542355,"Biomass","10yr","trailing","base1841_2010"
1972,"fishing",-2.03506637227283,"Biomass","10yr","trailing","base1841_2010"
1972,"climate",0.772609202160598,"Biomass","10yr","trailing","base1841_2010"
1972,"combined",-1.26245717011223,"Biomass","10yr","trailing","base1841_2010"
1973,"fishing",-2.09029485896664,"Biomass","10yr","trailing","base1841_2010"
1973,"climate",0.388940871739293,"Biomass","10yr","trailing","base1841_2010"
1973,"combined",-1.70135398722735,"Biomass","10yr","trailing","base1841_2010"
1974,"fishing",-2.11599125906227,"Biomass","10yr","trailing","base1841_2010"
1974,"climate",-0.498967162121879,"Biomass","10yr","trailing","base1841_2010"
1974,"combined",-2.61495842118415,"Biomass","10yr","trailing","base1841_2010"
1975,"fishing",-2.11010067121735,"Biomass","10yr","trailing","base1841_2010"
1975,"climate",-0.278026908688673,"Biomass","10yr","trailing","base1841_2010"
1975,"combined",-2.38812757990602,"Biomass","10yr","trailing","base1841_2010"
1976,"fishing",-2.13334075960791,"Biomass","10yr","trailing","base1841_2010"
1976,"climate",-0.677097180168491,"Biomass","10yr","trailing","base1841_2010"
1976,"combined",-2.8104379397764,"Biomass","10yr","trailing","base1841_2010"
1977,"fishing",-2.15871494760069,"Biomass","10yr","trailing","base1841_2010"
1977,"climate",-1.04263339966977,"Biomass","10yr","trailing","base1841_2010"
1977,"combined",-3.20134834727046,"Biomass","10yr","trailing","base1841_2010"
1978,"fishing",-2.21041238280766,"Biomass","10yr","trailing","base1841_2010"
1978,"climate",-1.41434340193132,"Biomass","10yr","trailing","base1841_2010"
1978,"combined",-3.62475578473898,"Biomass","10yr","trailing","base1841_2010"
1979,"fishing",-2.30688332225856,"Biomass","10yr","trailing","base1841_2010"
1979,"climate",-1.88329133936761,"Biomass","10yr","trailing","base1841_2010"
1979,"combined",-4.19017466162617,"Biomass","10yr","trailing","base1841_2010"
1980,"fishing",-2.45483485513115,"Biomass","10yr","trailing","base1841_2010"
1980,"climate",0.630578587229457,"Biomass","10yr","trailing","base1841_2010"
1980,"combined",-1.82425626790169,"Biomass","10yr","trailing","base1841_2010"
1981,"fishing",-2.41272910345747,"Biomass","10yr","trailing","base1841_2010"
1981,"climate",-0.714430242692707,"Biomass","10yr","trailing","base1841_2010"
1981,"combined",-3.12715934615018,"Biomass","10yr","trailing","base1841_2010"
1982,"fishing",-2.34938963729474,"Biomass","10yr","trailing","base1841_2010"
1982,"climate",-1.02110531659678,"Biomass","10yr","trailing","base1841_2010"
1982,"combined",-3.37049495389152,"Biomass","10yr","trailing","base1841_2010"
1983,"fishing",-2.31793991689303,"Biomass","10yr","trailing","base1841_2010"
1983,"climate",-0.0320360310273445,"Biomass","10yr","trailing","base1841_2010"
1983,"combined",-2.34997594792037,"Biomass","10yr","trailing","base1841_2010"
1984,"fishing",-2.31558293325482,"Biomass","10yr","trailing","base1841_2010"
1984,"climate",0.847927020678443,"Biomass","10yr","trailing","base1841_2010"
1984,"combined",-1.46765591257638,"Biomass","10yr","trailing","base1841_2010"
1985,"fishing",-2.30485108163874,"Biomass","10yr","trailing","base1841_2010"
1985,"climate",-0.770430919146313,"Biomass","10yr","trailing","base1841_2010"
1985,"combined",-3.07528200078505,"Biomass","10yr","trailing","base1841_2010"
1986,"fishing",-2.24623552300185,"Biomass","10yr","trailing","base1841_2010"
1986,"climate",-0.242901804124536,"Biomass","10yr","trailing","base1841_2010"
1986,"combined",-2.48913732712639,"Biomass","10yr","trailing","base1841_2010"
1987,"fishing",-2.21888823328141,"Biomass","10yr","trailing","base1841_2010"
1987,"climate",-1.42376645733809,"Biomass","10yr","trailing","base1841_2010"
1987,"combined",-3.6426546906195,"Biomass","10yr","trailing","base1841_2010"
1988,"fishing",-2.20454235504051,"Biomass","10yr","trailing","base1841_2010"
1988,"climate",-1.11412086698151,"Biomass","10yr","trailing","base1841_2010"
1988,"combined",-3.31866322202202,"Biomass","10yr","trailing","base1841_2010"
1989,"fishing",-2.19476492603708,"Biomass","10yr","trailing","base1841_2010"
1989,"climate",-0.175143575356858,"Biomass","10yr","trailing","base1841_2010"
1989,"combined",-2.36990850139394,"Biomass","10yr","trailing","base1841_2010"
1990,"fishing",-2.19517054133932,"Biomass","10yr","trailing","base1841_2010"
1990,"climate",1.70749007247519,"Biomass","10yr","trailing","base1841_2010"
1990,"combined",-0.487680468864128,"Biomass","10yr","trailing","base1841_2010"
1991,"fishing",-2.18917102970849,"Biomass","10yr","trailing","base1841_2010"
1991,"climate",-0.326914850701918,"Biomass","10yr","trailing","base1841_2010"
1991,"combined",-2.51608588041041,"Biomass","10yr","trailing","base1841_2010"
1992,"fishing",-2.14817085098172,"Biomass","10yr","trailing","base1841_2010"
1992,"climate",-0.496728810186958,"Biomass","10yr","trailing","base1841_2010"
1992,"combined",-2.64489966116868,"Biomass","10yr","trailing","base1841_2010"
1993,"fishing",-2.13310761493816,"Biomass","10yr","trailing","base1841_2010"
1993,"climate",0.717742389691309,"Biomass","10yr","trailing","base1841_2010"
1993,"combined",-1.41536522524685,"Biomass","10yr","trailing","base1841_2010"
1994,"fishing",-2.14095895273517,"Biomass","10yr","trailing","base1841_2010"
1994,"climate",1.79790253353121,"Biomass","10yr","trailing","base1841_2010"
1994,"combined",-0.343056419203963,"Biomass","10yr","trailing","base1841_2010"
1995,"fishing",-2.12800373823376,"Biomass","10yr","trailing","base1841_2010"
1995,"climate",0.696252416727073,"Biomass","10yr","trailing","base1841_2010"
1995,"combined",-1.43175132150668,"Biomass","10yr","trailing","base1841_2010"
1996,"fishing",-2.09496649661342,"Biomass","10yr","trailing","base1841_2010"
1996,"climate",-0.0318533263097392,"Biomass","10yr","trailing","base1841_2010"
1996,"combined",-2.12681982292316,"Biomass","10yr","trailing","base1841_2010"
1997,"fishing",-2.07654979062199,"Biomass","10yr","trailing","base1841_2010"
1997,"climate",0.553572108336999,"Biomass","10yr","trailing","base1841_2010"
1997,"combined",-1.522977682285,"Biomass","10yr","trailing","base1841_2010"
1998,"fishing",-2.077173599713,"Biomass","10yr","trailing","base1841_2010"
1998,"climate",0.252633962406023,"Biomass","10yr","trailing","base1841_2010"
1998,"combined",-1.82453963730698,"Biomass","10yr","trailing","base1841_2010"
1999,"fishing",-2.07099173800269,"Biomass","10yr","trailing","base1841_2010"
1999,"climate",0.686142448211871,"Biomass","10yr","trailing","base1841_2010"
1999,"combined",-1.38484928979082,"Biomass","10yr","trailing","base1841_2010"
2000,"fishing",-2.05797127328338,"Biomass","10yr","trailing","base1841_2010"
2000,"climate",-0.50863094464022,"Biomass","10yr","trailing","base1841_2010"
2000,"combined",-2.5666022179236,"Biomass","10yr","trailing","base1841_2010"
2001,"fishing",-2.03775001100489,"Biomass","10yr","trailing","base1841_2010"
2001,"climate",-2.09631750728846,"Biomass","10yr","trailing","base1841_2010"
2001,"combined",-4.13406751829335,"Biomass","10yr","trailing","base1841_2010"
2002,"fishing",-2.02757270474124,"Biomass","10yr","trailing","base1841_2010"
2002,"climate",-0.255560589901164,"Biomass","10yr","trailing","base1841_2010"
2002,"combined",-2.2831332946424,"Biomass","10yr","trailing","base1841_2010"
2003,"fishing",-2.05101977061688,"Biomass","10yr","trailing","base1841_2010"
2003,"climate",-2.3755968926188,"Biomass","10yr","trailing","base1841_2010"
2003,"combined",-4.42661666323569,"Biomass","10yr","trailing","base1841_2010"
2004,"fishing",-2.04603142043104,"Biomass","10yr","trailing","base1841_2010"
2004,"climate",-0.644320047506152,"Biomass","10yr","trailing","base1841_2010"
2004,"combined",-2.69035146793719,"Biomass","10yr","trailing","base1841_2010"
2005,"fishing",-2.06486582433938,"Biomass","10yr","trailing","base1841_2010"
2005,"climate",1.63773198658586,"Biomass","10yr","trailing","base1841_2010"
2005,"combined",-0.427133837753516,"Biomass","10yr","trailing","base1841_2010"
2006,"fishing",-2.0820327779305,"Biomass","10yr","trailing","base1841_2010"
2006,"climate",-0.75978928144626,"Biomass","10yr","trailing","base1841_2010"
2006,"combined",-2.84182205937676,"Biomass","10yr","trailing","base1841_2010"
2007,"fishing",-2.04905237238133,"Biomass","10yr","trailing","base1841_2010"
2007,"climate",-0.700715567921133,"Biomass","10yr","trailing","base1841_2010"
2007,"combined",-2.74976794030246,"Biomass","10yr","trailing","base1841_2010"
2008,"fishing",-2.03052223067156,"Biomass","10yr","trailing","base1841_2010"
2008,"climate",-2.19820972779644,"Biomass","10yr","trailing","base1841_2010"
2008,"combined",-4.228731958468,"Biomass","10yr","trailing","base1841_2010"
2009,"fishing",-2.029284246683,"Biomass","10yr","trailing","base1841_2010"
2009,"climate",-0.61542117606524,"Biomass","10yr","trailing","base1841_2010"
2009,"combined",-2.64470542274824,"Biomass","10yr","trailing","base1841_2010"
2010,"fishing",-2.05389475114907,"Biomass","10yr","trailing","base1841_2010"
2010,"climate",0.997607160320761,"Biomass","10yr","trailing","base1841_2010"
2010,"combined",-1.05628759082831,"Biomass","10yr","trailing","base1841_2010"
1900,"fishing",0,"Biomass variability","10yr","trailing","base1841_2010"
1900,"climate",-0.305220400007926,"Biomass variability","10yr","trailing","base1841_2010"
1900,"combined",-0.305220400007926,"Biomass variability","10yr","trailing","base1841_2010"
1901,"fishing",7.32065268578626e-16,"Biomass variability","10yr","trailing","base1841_2010"
1901,"climate",-0.237316417876037,"Biomass variability","10yr","trailing","base1841_2010"
1901,"combined",-0.237316417876036,"Biomass variability","10yr","trailing","base1841_2010"
1902,"fishing",0,"Biomass variability","10yr","trailing","base1841_2010"
1902,"climate",-0.134625154803068,"Biomass variability","10yr","trailing","base1841_2010"
1902,"combined",-0.134625154803068,"Biomass variability","10yr","trailing","base1841_2010"
1903,"fishing",0,"Biomass variability","10yr","trailing","base1841_2010"
1903,"climate",0.458783582584174,"Biomass variability","10yr","trailing","base1841_2010"
1903,"combined",0.458783582584174,"Biomass variability","10yr","trailing","base1841_2010"
1904,"fishing",-7.32065268578626e-16,"Biomass variability","10yr","trailing","base1841_2010"
1904,"climate",0.535826729165749,"Biomass variability","10yr","trailing","base1841_2010"
1904,"combined",0.535826729165748,"Biomass variability","10yr","trailing","base1841_2010"
1905,"fishing",-7.32065268578626e-16,"Biomass variability","10yr","trailing","base1841_2010"
1905,"climate",1.01612362252935,"Biomass variability","10yr","trailing","base1841_2010"
1905,"combined",1.01612362252935,"Biomass variability","10yr","trailing","base1841_2010"
1906,"fishing",-1.46413053715725e-15,"Biomass variability","10yr","trailing","base1841_2010"
1906,"climate",1.07052554530926,"Biomass variability","10yr","trailing","base1841_2010"
1906,"combined",1.07052554530926,"Biomass variability","10yr","trailing","base1841_2010"
1907,"fishing",0,"Biomass variability","10yr","trailing","base1841_2010"
1907,"climate",1.52761574176615,"Biomass variability","10yr","trailing","base1841_2010"
1907,"combined",1.52761574176615,"Biomass variability","10yr","trailing","base1841_2010"
1908,"fishing",0,"Biomass variability","10yr","trailing","base1841_2010"
1908,"climate",1.37133944979323,"Biomass variability","10yr","trailing","base1841_2010"
1908,"combined",1.37133944979323,"Biomass variability","10yr","trailing","base1841_2010"
1909,"fishing",-7.32065268578626e-16,"Biomass variability","10yr","trailing","base1841_2010"
1909,"climate",0.827955407427846,"Biomass variability","10yr","trailing","base1841_2010"
1909,"combined",0.827955407427845,"Biomass variability","10yr","trailing","base1841_2010"
1910,"fishing",-7.32065268578626e-16,"Biomass variability","10yr","trailing","base1841_2010"
1910,"climate",0.568484517002828,"Biomass variability","10yr","trailing","base1841_2010"
1910,"combined",0.568484517002828,"Biomass variability","10yr","trailing","base1841_2010"
1911,"fishing",-1.46413053715725e-15,"Biomass variability","10yr","trailing","base1841_2010"
1911,"climate",0.514559278208589,"Biomass variability","10yr","trailing","base1841_2010"
1911,"combined",0.514559278208587,"Biomass variability","10yr","trailing","base1841_2010"
1912,"fishing",0,"Biomass variability","10yr","trailing","base1841_2010"
1912,"climate",0.331624248468966,"Biomass variability","10yr","trailing","base1841_2010"
1912,"combined",0.331624248468966,"Biomass variability","10yr","trailing","base1841_2010"
1913,"fishing",-7.32065268578626e-16,"Biomass variability","10yr","trailing","base1841_2010"
1913,"climate",-0.416372289843009,"Biomass variability","10yr","trailing","base1841_2010"
1913,"combined",-0.41637228984301,"Biomass variability","10yr","trailing","base1841_2010"
1914,"fishing",-7.32065268578626e-16,"Biomass variability","10yr","trailing","base1841_2010"
1914,"climate",-0.680245133954442,"Biomass variability","10yr","trailing","base1841_2010"
1914,"combined",-0.680245133954443,"Biomass variability","10yr","trailing","base1841_2010"
1915,"fishing",0,"Biomass variability","10yr","trailing","base1841_2010"
1915,"climate",-1.14680195308463,"Biomass variability","10yr","trailing","base1841_2010"
1915,"combined",-1.14680195308463,"Biomass variability","10yr","trailing","base1841_2010"
1916,"fishing",0,"Biomass variability","10yr","trailing","base1841_2010"
1916,"climate",-1.19560101012467,"Biomass variability","10yr","trailing","base1841_2010"
1916,"combined",-1.19560101012467,"Biomass variability","10yr","trailing","base1841_2010"
1917,"fishing",-7.32065268578626e-16,"Biomass variability","10yr","trailing","base1841_2010"
1917,"climate",-2.02110338384542,"Biomass variability","10yr","trailing","base1841_2010"
1917,"combined",-2.02110338384542,"Biomass variability","10yr","trailing","base1841_2010"
1918,"fishing",-1.46413053715725e-15,"Biomass variability","10yr","trailing","base1841_2010"
1918,"climate",-1.58791821351322,"Biomass variability","10yr","trailing","base1841_2010"
1918,"combined",-1.58791821351322,"Biomass variability","10yr","trailing","base1841_2010"
1919,"fishing",-2.19619580573588e-15,"Biomass variability","10yr","trailing","base1841_2010"
1919,"climate",-0.865830354472979,"Biomass variability","10yr","trailing","base1841_2010"
1919,"combined",-0.865830354472981,"Biomass variability","10yr","trailing","base1841_2010"
1920,"fishing",7.32065268578626e-16,"Biomass variability","10yr","trailing","base1841_2010"
1920,"climate",-0.309887088914496,"Biomass variability","10yr","trailing","base1841_2010"
1920,"combined",-0.309887088914495,"Biomass variability","10yr","trailing","base1841_2010"
1921,"fishing",7.32065268578626e-16,"Biomass variability","10yr","trailing","base1841_2010"
1921,"climate",-0.242011078998466,"Biomass variability","10yr","trailing","base1841_2010"
1921,"combined",-0.242011078998465,"Biomass variability","10yr","trailing","base1841_2010"
1922,"fishing",2.19619580573588e-15,"Biomass variability","10yr","trailing","base1841_2010"
1922,"climate",-0.137297337045686,"Biomass variability","10yr","trailing","base1841_2010"
1922,"combined",-0.137297337045684,"Biomass variability","10yr","trailing","base1841_2010"
1923,"fishing",4.39239161147176e-15,"Biomass variability","10yr","trailing","base1841_2010"
1923,"climate",0.458200825395306,"Biomass variability","10yr","trailing","base1841_2010"
1923,"combined",0.458200825395311,"Biomass variability","10yr","trailing","base1841_2010"
1924,"fishing",5.12445688005038e-15,"Biomass variability","10yr","trailing","base1841_2010"
1924,"climate",0.535436153532137,"Biomass variability","10yr","trailing","base1841_2010"
1924,"combined",0.535436153532142,"Biomass variability","10yr","trailing","base1841_2010"
1925,"fishing",5.12445688005038e-15,"Biomass variability","10yr","trailing","base1841_2010"
1925,"climate",1.01502435529516,"Biomass variability","10yr","trailing","base1841_2010"
1925,"combined",1.01502435529516,"Biomass variability","10yr","trailing","base1841_2010"
1926,"fishing",3.66032634289313e-15,"Biomass variability","10yr","trailing","base1841_2010"
1926,"climate",1.06857598972568,"Biomass variability","10yr","trailing","base1841_2010"
1926,"combined",1.06857598972568,"Biomass variability","10yr","trailing","base1841_2010"
1927,"fishing",2.92826107431451e-15,"Biomass variability","10yr","trailing","base1841_2010"
1927,"climate",1.52383425558194,"Biomass variability","10yr","trailing","base1841_2010"
1927,"combined",1.52383425558194,"Biomass variability","10yr","trailing","base1841_2010"
1928,"fishing",3.66032634289313e-15,"Biomass variability","10yr","trailing","base1841_2010"
1928,"climate",1.36711364544599,"Biomass variability","10yr","trailing","base1841_2010"
1928,"combined",1.36711364544599,"Biomass variability","10yr","trailing","base1841_2010"
1929,"fishing",2.19619580573588e-15,"Biomass variability","10yr","trailing","base1841_2010"
1929,"climate",0.822619791959098,"Biomass variability","10yr","trailing","base1841_2010"
1929,"combined",0.8226197919591,"Biomass variability","10yr","trailing","base1841_2010"
1930,"fishing",2.92826107431451e-15,"Biomass variability","10yr","trailing","base1841_2010"
1930,"climate",0.563044742614633,"Biomass variability","10yr","trailing","base1841_2010"
1930,"combined",0.563044742614636,"Biomass variability","10yr","trailing","base1841_2010"
1931,"fishing",0.0170376897451018,"Biomass variability","10yr","trailing","base1841_2010"
1931,"climate",0.508869696275899,"Biomass variability","10yr","trailing","base1841_2010"
1931,"combined",0.525907386021001,"Biomass variability","10yr","trailing","base1841_2010"
1932,"fishing",0.0535899336282111,"Biomass variability","10yr","trailing","base1841_2010"
1932,"climate",0.328369152527725,"Biomass variability","10yr","trailing","base1841_2010"
1932,"combined",0.381959086155936,"Biomass variability","10yr","trailing","base1841_2010"
1933,"fishing",0.100380139526848,"Biomass variability","10yr","trailing","base1841_2010"
1933,"climate",-0.41668213078745,"Biomass variability","10yr","trailing","base1841_2010"
1933,"combined",-0.316301991260602,"Biomass variability","10yr","trailing","base1841_2010"
1934,"fishing",0.366675193158951,"Biomass variability","10yr","trailing","base1841_2010"
1934,"climate",-0.678581555522086,"Biomass variability","10yr","trailing","base1841_2010"
1934,"combined",-0.311906362363136,"Biomass variability","10yr","trailing","base1841_2010"
1935,"fishing",0.760109466741677,"Biomass variability","10yr","trailing","base1841_2010"
1935,"climate",-1.14640611980048,"Biomass variability","10yr","trailing","base1841_2010"
1935,"combined",-0.3862966530588,"Biomass variability","10yr","trailing","base1841_2010"
1936,"fishing",1.19619443833079,"Biomass variability","10yr","trailing","base1841_2010"
1936,"climate",-1.19586534592606,"Biomass variability","10yr","trailing","base1841_2010"
1936,"combined",0.000329092404726044,"Biomass variability","10yr","trailing","base1841_2010"
1937,"fishing",1.95044540995214,"Biomass variability","10yr","trailing","base1841_2010"
1937,"climate",-2.02411364461176,"Biomass variability","10yr","trailing","base1841_2010"
1937,"combined",-0.0736682346596175,"Biomass variability","10yr","trailing","base1841_2010"
1938,"fishing",2.20800380412264,"Biomass variability","10yr","trailing","base1841_2010"
1938,"climate",-1.5926759972712,"Biomass variability","10yr","trailing","base1841_2010"
1938,"combined",0.615327806851442,"Biomass variability","10yr","trailing","base1841_2010"
1939,"fishing",2.24459854753883,"Biomass variability","10yr","trailing","base1841_2010"
1939,"climate",-0.871656189337255,"Biomass variability","10yr","trailing","base1841_2010"
1939,"combined",1.37294235820158,"Biomass variability","10yr","trailing","base1841_2010"
1940,"fishing",1.73922101652013,"Biomass variability","10yr","trailing","base1841_2010"
1940,"climate",-0.314275636858723,"Biomass variability","10yr","trailing","base1841_2010"
1940,"combined",1.42494537966141,"Biomass variability","10yr","trailing","base1841_2010"
1941,"fishing",1.43853284623351,"Biomass variability","10yr","trailing","base1841_2010"
1941,"climate",-0.246407844723914,"Biomass variability","10yr","trailing","base1841_2010"
1941,"combined",1.1921250015096,"Biomass variability","10yr","trailing","base1841_2010"
1942,"fishing",0.681321450961946,"Biomass variability","10yr","trailing","base1841_2010"
1942,"climate",-0.139805408277474,"Biomass variability","10yr","trailing","base1841_2010"
1942,"combined",0.541516042684472,"Biomass variability","10yr","trailing","base1841_2010"
1943,"fishing",-0.0235880880983351,"Biomass variability","10yr","trailing","base1841_2010"
1943,"climate",0.457650856954237,"Biomass variability","10yr","trailing","base1841_2010"
1943,"combined",0.434062768855902,"Biomass variability","10yr","trailing","base1841_2010"
1944,"fishing",-0.20143548581233,"Biomass variability","10yr","trailing","base1841_2010"
1944,"climate",0.535053123944107,"Biomass variability","10yr","trailing","base1841_2010"
1944,"combined",0.333617638131777,"Biomass variability","10yr","trailing","base1841_2010"
1945,"fishing",-0.190482009903277,"Biomass variability","10yr","trailing","base1841_2010"
1945,"climate",1.01392941348284,"Biomass variability","10yr","trailing","base1841_2010"
1945,"combined",0.823447403579559,"Biomass variability","10yr","trailing","base1841_2010"
1946,"fishing",-0.203409903851174,"Biomass variability","10yr","trailing","base1841_2010"
1946,"climate",1.06667452839079,"Biomass variability","10yr","trailing","base1841_2010"
1946,"combined",0.863264624539618,"Biomass variability","10yr","trailing","base1841_2010"
1947,"fishing",-0.118416556170504,"Biomass variability","10yr","trailing","base1841_2010"
1947,"climate",1.52020234999198,"Biomass variability","10yr","trailing","base1841_2010"
1947,"combined",1.40178579382148,"Biomass variability","10yr","trailing","base1841_2010"
1948,"fishing",-0.0581735123701498,"Biomass variability","10yr","trailing","base1841_2010"
1948,"climate",1.36307294947305,"Biomass variability","10yr","trailing","base1841_2010"
1948,"combined",1.3048994371029,"Biomass variability","10yr","trailing","base1841_2010"
1949,"fishing",0.0952542864701319,"Biomass variability","10yr","trailing","base1841_2010"
1949,"climate",0.817518826046819,"Biomass variability","10yr","trailing","base1841_2010"
1949,"combined",0.912773112516951,"Biomass variability","10yr","trailing","base1841_2010"
1950,"fishing",0.0842940557592156,"Biomass variability","10yr","trailing","base1841_2010"
1950,"climate",0.557863823594797,"Biomass variability","10yr","trailing","base1841_2010"
1950,"combined",0.642157879354013,"Biomass variability","10yr","trailing","base1841_2010"
1951,"fishing",0.10033806498746,"Biomass variability","10yr","trailing","base1841_2010"
1951,"climate",0.503443934458634,"Biomass variability","10yr","trailing","base1841_2010"
1951,"combined",0.603781999446094,"Biomass variability","10yr","trailing","base1841_2010"
1952,"fishing",-0.0514349158695641,"Biomass variability","10yr","trailing","base1841_2010"
1952,"climate",0.325308057503664,"Biomass variability","10yr","trailing","base1841_2010"
1952,"combined",0.2738731416341,"Biomass variability","10yr","trailing","base1841_2010"
1953,"fishing",-0.273957467767865,"Biomass variability","10yr","trailing","base1841_2010"
1953,"climate",-0.416908873835835,"Biomass variability","10yr","trailing","base1841_2010"
1953,"combined",-0.6908663416037,"Biomass variability","10yr","trailing","base1841_2010"
1954,"fishing",-0.396567060158513,"Biomass variability","10yr","trailing","base1841_2010"
1954,"climate",-0.676958410116241,"Biomass variability","10yr","trailing","base1841_2010"
1954,"combined",-1.07352547027475,"Biomass variability","10yr","trailing","base1841_2010"
1955,"fishing",-0.29342241060453,"Biomass variability","10yr","trailing","base1841_2010"
1955,"climate",-1.14596837658782,"Biomass variability","10yr","trailing","base1841_2010"
1955,"combined",-1.43939078719235,"Biomass variability","10yr","trailing","base1841_2010"
1956,"fishing",-0.202202092497277,"Biomass variability","10yr","trailing","base1841_2010"
1956,"climate",-1.1960569645256,"Biomass variability","10yr","trailing","base1841_2010"
1956,"combined",-1.39825905702288,"Biomass variability","10yr","trailing","base1841_2010"
1957,"fishing",0.135652194239628,"Biomass variability","10yr","trailing","base1841_2010"
1957,"climate",-2.02698288289183,"Biomass variability","10yr","trailing","base1841_2010"
1957,"combined",-1.8913306886522,"Biomass variability","10yr","trailing","base1841_2010"
1958,"fishing",0.171439236129034,"Biomass variability","10yr","trailing","base1841_2010"
1958,"climate",-1.59723706530142,"Biomass variability","10yr","trailing","base1841_2010"
1958,"combined",-1.42579782917238,"Biomass variability","10yr","trailing","base1841_2010"
1959,"fishing",0.215607659287925,"Biomass variability","10yr","trailing","base1841_2010"
1959,"climate",-0.877200911676444,"Biomass variability","10yr","trailing","base1841_2010"
1959,"combined",-0.661593252388519,"Biomass variability","10yr","trailing","base1841_2010"
1960,"fishing",0.169148305963767,"Biomass variability","10yr","trailing","base1841_2010"
1960,"climate",-0.318456381353922,"Biomass variability","10yr","trailing","base1841_2010"
1960,"combined",-0.149308075390155,"Biomass variability","10yr","trailing","base1841_2010"
1961,"fishing",0.166412489058952,"Biomass variability","10yr","trailing","base1841_2010"
1961,"climate",-0.250584547964825,"Biomass variability","10yr","trailing","base1841_2010"
1961,"combined",-0.0841720589058731,"Biomass variability","10yr","trailing","base1841_2010"
1962,"fishing",0.0257858917769523,"Biomass variability","10yr","trailing","base1841_2010"
1962,"climate",-0.142172065680438,"Biomass variability","10yr","trailing","base1841_2010"
1962,"combined",-0.116386173903486,"Biomass variability","10yr","trailing","base1841_2010"
1963,"fishing",-0.0918868743483058,"Biomass variability","10yr","trailing","base1841_2010"
1963,"climate",0.457175854866307,"Biomass variability","10yr","trailing","base1841_2010"
1963,"combined",0.365288980518002,"Biomass variability","10yr","trailing","base1841_2010"
1964,"fishing",-0.12518482084627,"Biomass variability","10yr","trailing","base1841_2010"
1964,"climate",0.534737586307921,"Biomass variability","10yr","trailing","base1841_2010"
1964,"combined",0.409552765461651,"Biomass variability","10yr","trailing","base1841_2010"
1965,"fishing",-0.110697707092045,"Biomass variability","10yr","trailing","base1841_2010"
1965,"climate",1.01287695257941,"Biomass variability","10yr","trailing","base1841_2010"
1965,"combined",0.902179245487369,"Biomass variability","10yr","trailing","base1841_2010"
1966,"fishing",-0.109704955188928,"Biomass variability","10yr","trailing","base1841_2010"
1966,"climate",1.06485177774513,"Biomass variability","10yr","trailing","base1841_2010"
1966,"combined",0.955146822556197,"Biomass variability","10yr","trailing","base1841_2010"
1967,"fishing",-0.0910694073109461,"Biomass variability","10yr","trailing","base1841_2010"
1967,"climate",1.51671758965504,"Biomass variability","10yr","trailing","base1841_2010"
1967,"combined",1.4256481823441,"Biomass variability","10yr","trailing","base1841_2010"
1968,"fishing",-0.0666063674523796,"Biomass variability","10yr","trailing","base1841_2010"
1968,"climate",1.35919876402551,"Biomass variability","10yr","trailing","base1841_2010"
1968,"combined",1.29259239657313,"Biomass variability","10yr","trailing","base1841_2010"
1969,"fishing",-0.0349597751691518,"Biomass variability","10yr","trailing","base1841_2010"
1969,"climate",0.812599049738996,"Biomass variability","10yr","trailing","base1841_2010"
1969,"combined",0.777639274569844,"Biomass variability","10yr","trailing","base1841_2010"
1970,"fishing",-0.0454669032646476,"Biomass variability","10yr","trailing","base1841_2010"
1970,"climate",0.552898062077973,"Biomass variability","10yr","trailing","base1841_2010"
1970,"combined",0.507431158813326,"Biomass variability","10yr","trailing","base1841_2010"
1971,"fishing",-0.0434460674741909,"Biomass variability","10yr","trailing","base1841_2010"
1971,"climate",0.498230879656091,"Biomass variability","10yr","trailing","base1841_2010"
1971,"combined",0.4547848121819,"Biomass variability","10yr","trailing","base1841_2010"
1972,"fishing",-0.0389721136557395,"Biomass variability","10yr","trailing","base1841_2010"
1972,"climate",0.322438536366783,"Biomass variability","10yr","trailing","base1841_2010"
1972,"combined",0.283466422711044,"Biomass variability","10yr","trailing","base1841_2010"
1973,"fishing",-0.0318571434034852,"Biomass variability","10yr","trailing","base1841_2010"
1973,"climate",-0.416993158552967,"Biomass variability","10yr","trailing","base1841_2010"
1973,"combined",-0.448850301956452,"Biomass variability","10yr","trailing","base1841_2010"
1974,"fishing",0.0107979659390085,"Biomass variability","10yr","trailing","base1841_2010"
1974,"climate",-0.675286387907792,"Biomass variability","10yr","trailing","base1841_2010"
1974,"combined",-0.664488421968784,"Biomass variability","10yr","trailing","base1841_2010"
1975,"fishing",0.0447701050026029,"Biomass variability","10yr","trailing","base1841_2010"
1975,"climate",-1.14540676325454,"Biomass variability","10yr","trailing","base1841_2010"
1975,"combined",-1.10063665825193,"Biomass variability","10yr","trailing","base1841_2010"
1976,"fishing",0.0894839227175201,"Biomass variability","10yr","trailing","base1841_2010"
1976,"climate",-1.1961068075013,"Biomass variability","10yr","trailing","base1841_2010"
1976,"combined",-1.10662288478377,"Biomass variability","10yr","trailing","base1841_2010"
1977,"fishing",0.191237010247337,"Biomass variability","10yr","trailing","base1841_2010"
1977,"climate",-2.02970708386018,"Biomass variability","10yr","trailing","base1841_2010"
1977,"combined",-1.83847007361284,"Biomass variability","10yr","trailing","base1841_2010"
1978,"fishing",0.267093705493084,"Biomass variability","10yr","trailing","base1841_2010"
1978,"climate",-1.60163381036423,"Biomass variability","10yr","trailing","base1841_2010"
1978,"combined",-1.33454010487115,"Biomass variability","10yr","trailing","base1841_2010"
1979,"fishing",0.396729508570478,"Biomass variability","10yr","trailing","base1841_2010"
1979,"climate",-0.882515545093585,"Biomass variability","10yr","trailing","base1841_2010"
1979,"combined",-0.485786036523106,"Biomass variability","10yr","trailing","base1841_2010"
1980,"fishing",0.24946616336151,"Biomass variability","10yr","trailing","base1841_2010"
1980,"climate",-0.322471963281792,"Biomass variability","10yr","trailing","base1841_2010"
1980,"combined",-0.0730057999202817,"Biomass variability","10yr","trailing","base1841_2010"
1981,"fishing",0.248649908053282,"Biomass variability","10yr","trailing","base1841_2010"
1981,"climate",-0.254588336771065,"Biomass variability","10yr","trailing","base1841_2010"
1981,"combined",-0.00593842871778235,"Biomass variability","10yr","trailing","base1841_2010"
1982,"fishing",0.133889177793742,"Biomass variability","10yr","trailing","base1841_2010"
1982,"climate",-0.72075351412334,"Biomass variability","10yr","trailing","base1841_2010"
1982,"combined",-0.586864336329598,"Biomass variability","10yr","trailing","base1841_2010"
1983,"fishing",0.0071135884328987,"Biomass variability","10yr","trailing","base1841_2010"
1983,"climate",-1.03407883850551,"Biomass variability","10yr","trailing","base1841_2010"
1983,"combined",-1.02696525007262,"Biomass variability","10yr","trailing","base1841_2010"
1984,"fishing",-0.0656458178707846,"Biomass variability","10yr","trailing","base1841_2010"
1984,"climate",-0.464975647878877,"Biomass variability","10yr","trailing","base1841_2010"
1984,"combined",-0.530621465749661,"Biomass variability","10yr","trailing","base1841_2010"
1985,"fishing",-0.112860279217078,"Biomass variability","10yr","trailing","base1841_2010"
1985,"climate",-0.584563783508746,"Biomass variability","10yr","trailing","base1841_2010"
1985,"combined",-0.697424062725824,"Biomass variability","10yr","trailing","base1841_2010"
1986,"fishing",-0.106164038502393,"Biomass variability","10yr","trailing","base1841_2010"
1986,"climate",-0.615498893290391,"Biomass variability","10yr","trailing","base1841_2010"
1986,"combined",-0.721662931792784,"Biomass variability","10yr","trailing","base1841_2010"
1987,"fishing",-0.112518572256827,"Biomass variability","10yr","trailing","base1841_2010"
1987,"climate",-0.488364675496871,"Biomass variability","10yr","trailing","base1841_2010"
1987,"combined",-0.600883247753698,"Biomass variability","10yr","trailing","base1841_2010"
1988,"fishing",-0.0931157144941702,"Biomass variability","10yr","trailing","base1841_2010"
1988,"climate",-0.59631336962488,"Biomass variability","10yr","trailing","base1841_2010"
1988,"combined",-0.68942908411905,"Biomass variability","10yr","trailing","base1841_2010"
1989,"fishing",-0.0783146349227462,"Biomass variability","10yr","trailing","base1841_2010"
1989,"climate",-1.21789019066032,"Biomass variability","10yr","trailing","base1841_2010"
1989,"combined",-1.29620482558307,"Biomass variability","10yr","trailing","base1841_2010"
1990,"fishing",0.104269007721893,"Biomass variability","10yr","trailing","base1841_2010"
1990,"climate",-0.156660934541282,"Biomass variability","10yr","trailing","base1841_2010"
1990,"combined",-0.052391926819389,"Biomass variability","10yr","trailing","base1841_2010"
1991,"fishing",0.0549884313573566,"Biomass variability","10yr","trailing","base1841_2010"
1991,"climate",-0.159342563949795,"Biomass variability","10yr","trailing","base1841_2010"
1991,"combined",-0.104354132592439,"Biomass variability","10yr","trailing","base1841_2010"
1992,"fishing",-0.0162058933678274,"Biomass variability","10yr","trailing","base1841_2010"
1992,"climate",-0.266274651129298,"Biomass variability","10yr","trailing","base1841_2010"
1992,"combined",-0.282480544497125,"Biomass variability","10yr","trailing","base1841_2010"
1993,"fishing",0.0171927315178351,"Biomass variability","10yr","trailing","base1841_2010"
1993,"climate",0.0126291756265398,"Biomass variability","10yr","trailing","base1841_2010"
1993,"combined",0.0298219071443749,"Biomass variability","10yr","trailing","base1841_2010"
1994,"fishing",0.104132645792181,"Biomass variability","10yr","trailing","base1841_2010"
1994,"climate",0.794471820450606,"Biomass variability","10yr","trailing","base1841_2010"
1994,"combined",0.898604466242787,"Biomass variability","10yr","trailing","base1841_2010"
1995,"fishing",0.0571613463840804,"Biomass variability","10yr","trailing","base1841_2010"
1995,"climate",0.911525344126195,"Biomass variability","10yr","trailing","base1841_2010"
1995,"combined",0.968686690510276,"Biomass variability","10yr","trailing","base1841_2010"
1996,"fishing",0.0218589542651639,"Biomass variability","10yr","trailing","base1841_2010"
1996,"climate",1.02172012263059,"Biomass variability","10yr","trailing","base1841_2010"
1996,"combined",1.04357907689575,"Biomass variability","10yr","trailing","base1841_2010"
1997,"fishing",-0.0174972615426908,"Biomass variability","10yr","trailing","base1841_2010"
1997,"climate",0.375320480685527,"Biomass variability","10yr","trailing","base1841_2010"
1997,"combined",0.357823219142836,"Biomass variability","10yr","trailing","base1841_2010"
1998,"fishing",-0.0627202358642364,"Biomass variability","10yr","trailing","base1841_2010"
1998,"climate",-0.416540617208305,"Biomass variability","10yr","trailing","base1841_2010"
1998,"combined",-0.479260853072541,"Biomass variability","10yr","trailing","base1841_2010"
1999,"fishing",-0.0762448454599072,"Biomass variability","10yr","trailing","base1841_2010"
1999,"climate",-0.761429800636603,"Biomass variability","10yr","trailing","base1841_2010"
1999,"combined",-0.837674646096511,"Biomass variability","10yr","trailing","base1841_2010"
2000,"fishing",-0.059498511135665,"Biomass variability","10yr","trailing","base1841_2010"
2000,"climate",-1.11563852296416,"Biomass variability","10yr","trailing","base1841_2010"
2000,"combined",-1.17513703409983,"Biomass variability","10yr","trailing","base1841_2010"
2001,"fishing",-0.134984616638918,"Biomass variability","10yr","trailing","base1841_2010"
2001,"climate",0.382647109931781,"Biomass variability","10yr","trailing","base1841_2010"
2001,"combined",0.247662493292864,"Biomass variability","10yr","trailing","base1841_2010"
2002,"fishing",-0.132675176311163,"Biomass variability","10yr","trailing","base1841_2010"
2002,"climate",0.423834436657795,"Biomass variability","10yr","trailing","base1841_2010"
2002,"combined",0.291159260346632,"Biomass variability","10yr","trailing","base1841_2010"
2003,"fishing",-0.116240623509943,"Biomass variability","10yr","trailing","base1841_2010"
2003,"climate",1.80106487467093,"Biomass variability","10yr","trailing","base1841_2010"
2003,"combined",1.68482425116099,"Biomass variability","10yr","trailing","base1841_2010"
2004,"fishing",-0.0680840690679771,"Biomass variability","10yr","trailing","base1841_2010"
2004,"climate",1.17200932711679,"Biomass variability","10yr","trailing","base1841_2010"
2004,"combined",1.10392525804881,"Biomass variability","10yr","trailing","base1841_2010"
2005,"fishing",-0.0522810044191064,"Biomass variability","10yr","trailing","base1841_2010"
2005,"climate",1.86613841726721,"Biomass variability","10yr","trailing","base1841_2010"
2005,"combined",1.81385741284811,"Biomass variability","10yr","trailing","base1841_2010"
2006,"fishing",-0.0503857088794795,"Biomass variability","10yr","trailing","base1841_2010"
2006,"climate",1.85071058960845,"Biomass variability","10yr","trailing","base1841_2010"
2006,"combined",1.80032488072897,"Biomass variability","10yr","trailing","base1841_2010"
2007,"fishing",-0.0470416668777842,"Biomass variability","10yr","trailing","base1841_2010"
2007,"climate",1.60890363065514,"Biomass variability","10yr","trailing","base1841_2010"
2007,"combined",1.56186196377736,"Biomass variability","10yr","trailing","base1841_2010"
2008,"fishing",-0.0549119683523236,"Biomass variability","10yr","trailing","base1841_2010"
2008,"climate",1.90602368636176,"Biomass variability","10yr","trailing","base1841_2010"
2008,"combined",1.85111171800944,"Biomass variability","10yr","trailing","base1841_2010"
2009,"fishing",-0.041728042448943,"Biomass variability","10yr","trailing","base1841_2010"
2009,"climate",1.31139800066075,"Biomass variability","10yr","trailing","base1841_2010"
2009,"combined",1.2696699582118,"Biomass variability","10yr","trailing","base1841_2010"
2010,"fishing",-0.0361892388099162,"Biomass variability","10yr","trailing","base1841_2010"
2010,"climate",1.8052015673634,"Biomass variability","10yr","trailing","base1841_2010"
2010,"combined",1.76901232855349,"Biomass variability","10yr","trailing","base1841_2010"
1900,"fishing",0,"Slope","10yr","trailing","base1841_2010"
1900,"climate",-1.22574280893403,"Slope","10yr","trailing","base1841_2010"
1900,"combined",-1.22574280893403,"Slope","10yr","trailing","base1841_2010"
1901,"fishing",0,"Slope","10yr","trailing","base1841_2010"
1901,"climate",1.4044719817996,"Slope","10yr","trailing","base1841_2010"
1901,"combined",1.4044719817996,"Slope","10yr","trailing","base1841_2010"
1902,"fishing",0,"Slope","10yr","trailing","base1841_2010"
1902,"climate",-1.52006692710098,"Slope","10yr","trailing","base1841_2010"
1902,"combined",-1.52006692710098,"Slope","10yr","trailing","base1841_2010"
1903,"fishing",0,"Slope","10yr","trailing","base1841_2010"
1903,"climate",-1.04789561918238,"Slope","10yr","trailing","base1841_2010"
1903,"combined",-1.04789561918238,"Slope","10yr","trailing","base1841_2010"
1904,"fishing",0,"Slope","10yr","trailing","base1841_2010"
1904,"climate",-0.314554598800802,"Slope","10yr","trailing","base1841_2010"
1904,"combined",-0.314554598800802,"Slope","10yr","trailing","base1841_2010"
1905,"fishing",0,"Slope","10yr","trailing","base1841_2010"
1905,"climate",1.24593210708674,"Slope","10yr","trailing","base1841_2010"
1905,"combined",1.24593210708674,"Slope","10yr","trailing","base1841_2010"
1906,"fishing",0,"Slope","10yr","trailing","base1841_2010"
1906,"climate",-0.0390891783203948,"Slope","10yr","trailing","base1841_2010"
1906,"combined",-0.0390891783203948,"Slope","10yr","trailing","base1841_2010"
1907,"fishing",0,"Slope","10yr","trailing","base1841_2010"
1907,"climate",2.01511782836095,"Slope","10yr","trailing","base1841_2010"
1907,"combined",2.01511782836095,"Slope","10yr","trailing","base1841_2010"
1908,"fishing",0,"Slope","10yr","trailing","base1841_2010"
1908,"climate",-0.381040911852454,"Slope","10yr","trailing","base1841_2010"
1908,"combined",-0.381040911852454,"Slope","10yr","trailing","base1841_2010"
1909,"fishing",0,"Slope","10yr","trailing","base1841_2010"
1909,"climate",0.724702203965111,"Slope","10yr","trailing","base1841_2010"
1909,"combined",0.724702203965111,"Slope","10yr","trailing","base1841_2010"
1910,"fishing",0,"Slope","10yr","trailing","base1841_2010"
1910,"climate",0.404193474827342,"Slope","10yr","trailing","base1841_2010"
1910,"combined",0.404193474827342,"Slope","10yr","trailing","base1841_2010"
1911,"fishing",0,"Slope","10yr","trailing","base1841_2010"
1911,"climate",-0.297047546293378,"Slope","10yr","trailing","base1841_2010"
1911,"combined",-0.297047546293378,"Slope","10yr","trailing","base1841_2010"
1912,"fishing",0,"Slope","10yr","trailing","base1841_2010"
1912,"climate",-1.02841292153969,"Slope","10yr","trailing","base1841_2010"
1912,"combined",-1.02841292153969,"Slope","10yr","trailing","base1841_2010"
1913,"fishing",0,"Slope","10yr","trailing","base1841_2010"
1913,"climate",-0.339211414216387,"Slope","10yr","trailing","base1841_2010"
1913,"combined",-0.339211414216387,"Slope","10yr","trailing","base1841_2010"
1914,"fishing",0,"Slope","10yr","trailing","base1841_2010"
1914,"climate",0.0973583287536553,"Slope","10yr","trailing","base1841_2010"
1914,"combined",0.0973583287536553,"Slope","10yr","trailing","base1841_2010"
1915,"fishing",0,"Slope","10yr","trailing","base1841_2010"
1915,"climate",-0.419585026947857,"Slope","10yr","trailing","base1841_2010"
1915,"combined",-0.419585026947857,"Slope","10yr","trailing","base1841_2010"
1916,"fishing",0,"Slope","10yr","trailing","base1841_2010"
1916,"climate",0.644606213705131,"Slope","10yr","trailing","base1841_2010"
1916,"combined",0.644606213705131,"Slope","10yr","trailing","base1841_2010"
1917,"fishing",0,"Slope","10yr","trailing","base1841_2010"
1917,"climate",0.407452971943091,"Slope","10yr","trailing","base1841_2010"
1917,"combined",0.407452971943091,"Slope","10yr","trailing","base1841_2010"
1918,"fishing",0,"Slope","10yr","trailing","base1841_2010"
1918,"climate",0.764558773988633,"Slope","10yr","trailing","base1841_2010"
1918,"combined",0.764558773988633,"Slope","10yr","trailing","base1841_2010"
1919,"fishing",0,"Slope","10yr","trailing","base1841_2010"
1919,"climate",1.2723996018305,"Slope","10yr","trailing","base1841_2010"
1919,"combined",1.2723996018305,"Slope","10yr","trailing","base1841_2010"
1920,"fishing",0,"Slope","10yr","trailing","base1841_2010"
1920,"climate",-1.28530451160109,"Slope","10yr","trailing","base1841_2010"
1920,"combined",-1.28530451160109,"Slope","10yr","trailing","base1841_2010"
1921,"fishing",0,"Slope","10yr","trailing","base1841_2010"
1921,"climate",1.3377754840758,"Slope","10yr","trailing","base1841_2010"
1921,"combined",1.3377754840758,"Slope","10yr","trailing","base1841_2010"
1922,"fishing",0,"Slope","10yr","trailing","base1841_2010"
1922,"climate",-1.580341562067,"Slope","10yr","trailing","base1841_2010"
1922,"combined",-1.580341562067,"Slope","10yr","trailing","base1841_2010"
1923,"fishing",0,"Slope","10yr","trailing","base1841_2010"
1923,"climate",-1.10904750121739,"Slope","10yr","trailing","base1841_2010"
1923,"combined",-1.10904750121739,"Slope","10yr","trailing","base1841_2010"
1924,"fishing",0,"Slope","10yr","trailing","base1841_2010"
1924,"climate",-0.378896171043937,"Slope","10yr","trailing","base1841_2010"
1924,"combined",-0.378896171043937,"Slope","10yr","trailing","base1841_2010"
1925,"fishing",0,"Slope","10yr","trailing","base1841_2010"
1925,"climate",1.17770630917339,"Slope","10yr","trailing","base1841_2010"
1925,"combined",1.17770630917339,"Slope","10yr","trailing","base1841_2010"
1926,"fishing",0,"Slope","10yr","trailing","base1841_2010"
1926,"climate",-0.103631848514139,"Slope","10yr","trailing","base1841_2010"
1926,"combined",-0.103631848514139,"Slope","10yr","trailing","base1841_2010"
1927,"fishing",0,"Slope","10yr","trailing","base1841_2010"
1927,"climate",1.94401934263947,"Slope","10yr","trailing","base1841_2010"
1927,"combined",1.94401934263947,"Slope","10yr","trailing","base1841_2010"
1928,"fishing",0,"Slope","10yr","trailing","base1841_2010"
1928,"climate",-0.446232268527815,"Slope","10yr","trailing","base1841_2010"
1928,"combined",-0.446232268527815,"Slope","10yr","trailing","base1841_2010"
1929,"fishing",0,"Slope","10yr","trailing","base1841_2010"
1929,"climate",0.656955897057335,"Slope","10yr","trailing","base1841_2010"
1929,"combined",0.656955897057335,"Slope","10yr","trailing","base1841_2010"
1930,"fishing",0,"Slope","10yr","trailing","base1841_2010"
1930,"climate",0.3366624125818,"Slope","10yr","trailing","base1841_2010"
1930,"combined",0.3366624125818,"Slope","10yr","trailing","base1841_2010"
1931,"fishing",-0.0502331000860295,"Slope","10yr","trailing","base1841_2010"
1931,"climate",-0.363387965672353,"Slope","10yr","trailing","base1841_2010"
1931,"combined",-0.413621065758383,"Slope","10yr","trailing","base1841_2010"
1932,"fishing",-0.278173414516147,"Slope","10yr","trailing","base1841_2010"
1932,"climate",-1.0934312052082,"Slope","10yr","trailing","base1841_2010"
1932,"combined",-1.37160461972435,"Slope","10yr","trailing","base1841_2010"
1933,"fishing",-0.416534761744181,"Slope","10yr","trailing","base1841_2010"
1933,"climate",-0.406059371962647,"Slope","10yr","trailing","base1841_2010"
1933,"combined",-0.822594133706828,"Slope","10yr","trailing","base1841_2010"
1934,"fishing",-0.805185015182358,"Slope","10yr","trailing","base1841_2010"
1934,"climate",0.0282432062453666,"Slope","10yr","trailing","base1841_2010"
1934,"combined",-0.776941808936991,"Slope","10yr","trailing","base1841_2010"
1935,"fishing",-1.13178392292124,"Slope","10yr","trailing","base1841_2010"
1935,"climate",-0.488158733396641,"Slope","10yr","trailing","base1841_2010"
1935,"combined",-1.61994265631788,"Slope","10yr","trailing","base1841_2010"
1936,"fishing",-1.34056969448008,"Slope","10yr","trailing","base1841_2010"
1936,"climate",0.573965200952942,"Slope","10yr","trailing","base1841_2010"
1936,"combined",-0.766604493527141,"Slope","10yr","trailing","base1841_2010"
1937,"fishing",-1.51502292704803,"Slope","10yr","trailing","base1841_2010"
1937,"climate",0.335313888725688,"Slope","10yr","trailing","base1841_2010"
1937,"combined",-1.17970903832235,"Slope","10yr","trailing","base1841_2010"
1938,"fishing",-1.66681382918112,"Slope","10yr","trailing","base1841_2010"
1938,"climate",0.692575896125437,"Slope","10yr","trailing","base1841_2010"
1938,"combined",-0.974237933055681,"Slope","10yr","trailing","base1841_2010"
1939,"fishing",-1.70419255165134,"Slope","10yr","trailing","base1841_2010"
1939,"climate",1.19860814998933,"Slope","10yr","trailing","base1841_2010"
1939,"combined",-0.50558440166201,"Slope","10yr","trailing","base1841_2010"
1940,"fishing",-2.15220865719645,"Slope","10yr","trailing","base1841_2010"
1940,"climate",-1.35378388261734,"Slope","10yr","trailing","base1841_2010"
1940,"combined",-3.50599253981379,"Slope","10yr","trailing","base1841_2010"
1941,"fishing",-2.5287632564143,"Slope","10yr","trailing","base1841_2010"
1941,"climate",1.26246754762944,"Slope","10yr","trailing","base1841_2010"
1941,"combined",-1.26629570878486,"Slope","10yr","trailing","base1841_2010"
1942,"fishing",-2.32676936475475,"Slope","10yr","trailing","base1841_2010"
1942,"climate",-1.64947014857256,"Slope","10yr","trailing","base1841_2010"
1942,"combined",-3.9762395133273,"Slope","10yr","trailing","base1841_2010"
1943,"fishing",-2.22821136734926,"Slope","10yr","trailing","base1841_2010"
1943,"climate",-1.1789818867441,"Slope","10yr","trailing","base1841_2010"
1943,"combined",-3.40719325409335,"Slope","10yr","trailing","base1841_2010"
1944,"fishing",-2.18398709282088,"Slope","10yr","trailing","base1841_2010"
1944,"climate",-0.451854168375109,"Slope","10yr","trailing","base1841_2010"
1944,"combined",-2.63584126119599,"Slope","10yr","trailing","base1841_2010"
1945,"fishing",-2.16527193291545,"Slope","10yr","trailing","base1841_2010"
1945,"climate",1.10106517754767,"Slope","10yr","trailing","base1841_2010"
1945,"combined",-1.06420675536778,"Slope","10yr","trailing","base1841_2010"
1946,"fishing",-2.07721509051771,"Slope","10yr","trailing","base1841_2010"
1946,"climate",-0.176697409795935,"Slope","10yr","trailing","base1841_2010"
1946,"combined",-2.25391250031365,"Slope","10yr","trailing","base1841_2010"
1947,"fishing",-2.1522151169904,"Slope","10yr","trailing","base1841_2010"
1947,"climate",1.86469416557836,"Slope","10yr","trailing","base1841_2010"
1947,"combined",-0.287520951412046,"Slope","10yr","trailing","base1841_2010"
1948,"fishing",-2.65964882772284,"Slope","10yr","trailing","base1841_2010"
1948,"climate",-0.519868267263065,"Slope","10yr","trailing","base1841_2010"
1948,"combined",-3.1795170949859,"Slope","10yr","trailing","base1841_2010"
1949,"fishing",-3.69721919999007,"Slope","10yr","trailing","base1841_2010"
1949,"climate",0.580891233700377,"Slope","10yr","trailing","base1841_2010"
1949,"combined",-3.11632796628969,"Slope","10yr","trailing","base1841_2010"
1950,"fishing",-3.88596839621176,"Slope","10yr","trailing","base1841_2010"
1950,"climate",0.260831972858483,"Slope","10yr","trailing","base1841_2010"
1950,"combined",-3.62513642335327,"Slope","10yr","trailing","base1841_2010"
1951,"fishing",-4.16612759760044,"Slope","10yr","trailing","base1841_2010"
1951,"climate",-0.438045648343953,"Slope","10yr","trailing","base1841_2010"
1951,"combined",-4.60417324594439,"Slope","10yr","trailing","base1841_2010"
1952,"fishing",-4.84454757092461,"Slope","10yr","trailing","base1841_2010"
1952,"climate",-1.16678463546683,"Slope","10yr","trailing","base1841_2010"
1952,"combined",-6.01133220639143,"Slope","10yr","trailing","base1841_2010"
1953,"fishing",-5.14344034738091,"Slope","10yr","trailing","base1841_2010"
1953,"climate",-0.481133837499706,"Slope","10yr","trailing","base1841_2010"
1953,"combined",-5.62457418488062,"Slope","10yr","trailing","base1841_2010"
1954,"fishing",-5.39979632736744,"Slope","10yr","trailing","base1841_2010"
1954,"climate",-0.0489579998092197,"Slope","10yr","trailing","base1841_2010"
1954,"combined",-5.44875432717666,"Slope","10yr","trailing","base1841_2010"
1955,"fishing",-5.80242718181979,"Slope","10yr","trailing","base1841_2010"
1955,"climate",-0.564794351103356,"Slope","10yr","trailing","base1841_2010"
1955,"combined",-6.36722153292314,"Slope","10yr","trailing","base1841_2010"
1956,"fishing",-6.10488532153806,"Slope","10yr","trailing","base1841_2010"
1956,"climate",0.495382626962932,"Slope","10yr","trailing","base1841_2010"
1956,"combined",-5.60950269457512,"Slope","10yr","trailing","base1841_2010"
1957,"fishing",-6.52411859773329,"Slope","10yr","trailing","base1841_2010"
1957,"climate",0.255332639595835,"Slope","10yr","trailing","base1841_2010"
1957,"combined",-6.26878595813745,"Slope","10yr","trailing","base1841_2010"
1958,"fishing",-6.71804683272809,"Slope","10yr","trailing","base1841_2010"
1958,"climate",0.612780607184736,"Slope","10yr","trailing","base1841_2010"
1958,"combined",-6.10526622554335,"Slope","10yr","trailing","base1841_2010"
1959,"fishing",-7.14452290324715,"Slope","10yr","trailing","base1841_2010"
1959,"climate",1.1171097724239,"Slope","10yr","trailing","base1841_2010"
1959,"combined",-6.02741313082325,"Slope","10yr","trailing","base1841_2010"
1960,"fishing",-7.36037949777927,"Slope","10yr","trailing","base1841_2010"
1960,"climate",-1.43015977736528,"Slope","10yr","trailing","base1841_2010"
1960,"combined",-8.79053927514456,"Slope","10yr","trailing","base1841_2010"
1961,"fishing",-7.56615578085496,"Slope","10yr","trailing","base1841_2010"
1961,"climate",1.17956674079232,"Slope","10yr","trailing","base1841_2010"
1961,"combined",-6.38658904006264,"Slope","10yr","trailing","base1841_2010"
1962,"fishing",-7.48292485715597,"Slope","10yr","trailing","base1841_2010"
1962,"climate",-1.7264285209858,"Slope","10yr","trailing","base1841_2010"
1962,"combined",-9.20935337814177,"Slope","10yr","trailing","base1841_2010"
1963,"fishing",-7.56092625956715,"Slope","10yr","trailing","base1841_2010"
1963,"climate",-1.2566701765915,"Slope","10yr","trailing","base1841_2010"
1963,"combined",-8.81759643615865,"Slope","10yr","trailing","base1841_2010"
1964,"fishing",-7.6941716167318,"Slope","10yr","trailing","base1841_2010"
1964,"climate",-0.53240274916313,"Slope","10yr","trailing","base1841_2010"
1964,"combined",-8.22657436589493,"Slope","10yr","trailing","base1841_2010"
1965,"fishing",-7.88800113352829,"Slope","10yr","trailing","base1841_2010"
1965,"climate",1.01703150810368,"Slope","10yr","trailing","base1841_2010"
1965,"combined",-6.87096962542462,"Slope","10yr","trailing","base1841_2010"
1966,"fishing",-7.84678860485916,"Slope","10yr","trailing","base1841_2010"
1966,"climate",-0.257260498399824,"Slope","10yr","trailing","base1841_2010"
1966,"combined",-8.10404910325899,"Slope","10yr","trailing","base1841_2010"
1967,"fishing",-7.96023479872899,"Slope","10yr","trailing","base1841_2010"
1967,"climate",1.77816423753653,"Slope","10yr","trailing","base1841_2010"
1967,"combined",-6.18207056119246,"Slope","10yr","trailing","base1841_2010"
1968,"fishing",-8.01465444731582,"Slope","10yr","trailing","base1841_2010"
1968,"climate",-0.600927949795205,"Slope","10yr","trailing","base1841_2010"
1968,"combined",-8.61558239711102,"Slope","10yr","trailing","base1841_2010"
1969,"fishing",-8.12700650232952,"Slope","10yr","trailing","base1841_2010"
1969,"climate",0.497531732990909,"Slope","10yr","trailing","base1841_2010"
1969,"combined",-7.62947476933861,"Slope","10yr","trailing","base1841_2010"
1970,"fishing",-8.14578588090932,"Slope","10yr","trailing","base1841_2010"
1970,"climate",0.177724578756466,"Slope","10yr","trailing","base1841_2010"
1970,"combined",-7.96806130215285,"Slope","10yr","trailing","base1841_2010"
1971,"fishing",-8.22207621935309,"Slope","10yr","trailing","base1841_2010"
1971,"climate",-0.519996211852713,"Slope","10yr","trailing","base1841_2010"
1971,"combined",-8.7420724312058,"Slope","10yr","trailing","base1841_2010"
1972,"fishing",-8.17983039006007,"Slope","10yr","trailing","base1841_2010"
1972,"climate",-1.24744648883177,"Slope","10yr","trailing","base1841_2010"
1972,"combined",-9.42727687889184,"Slope","10yr","trailing","base1841_2010"
1973,"fishing",-8.7165537473703,"Slope","10yr","trailing","base1841_2010"
1973,"climate",-0.563406839992158,"Slope","10yr","trailing","base1841_2010"
1973,"combined",-9.27996058736246,"Slope","10yr","trailing","base1841_2010"
1974,"fishing",-9.56953278074213,"Slope","10yr","trailing","base1841_2010"
1974,"climate",-0.133219276236497,"Slope","10yr","trailing","base1841_2010"
1974,"combined",-9.70275205697863,"Slope","10yr","trailing","base1841_2010"
1975,"fishing",-9.90584270285008,"Slope","10yr","trailing","base1841_2010"
1975,"climate",-0.648468163584594,"Slope","10yr","trailing","base1841_2010"
1975,"combined",-10.5543108664347,"Slope","10yr","trailing","base1841_2010"
1976,"fishing",-10.1364367250074,"Slope","10yr","trailing","base1841_2010"
1976,"climate",0.40988243218857,"Slope","10yr","trailing","base1841_2010"
1976,"combined",-9.72655429281885,"Slope","10yr","trailing","base1841_2010"
1977,"fishing",-10.3263313478492,"Slope","10yr","trailing","base1841_2010"
1977,"climate",0.168526243587234,"Slope","10yr","trailing","base1841_2010"
1977,"combined",-10.1578051042619,"Slope","10yr","trailing","base1841_2010"
1978,"fishing",-10.7018333812465,"Slope","10yr","trailing","base1841_2010"
1978,"climate",0.526189624246843,"Slope","10yr","trailing","base1841_2010"
1978,"combined",-10.1756437569996,"Slope","10yr","trailing","base1841_2010"
1979,"fishing",-11.3031224916381,"Slope","10yr","trailing","base1841_2010"
1979,"climate",1.02892009336584,"Slope","10yr","trailing","base1841_2010"
1979,"combined",-10.2742023982722,"Slope","10yr","trailing","base1841_2010"
1980,"fishing",-11.4801141416904,"Slope","10yr","trailing","base1841_2010"
1980,"climate",-1.51341669619275,"Slope","10yr","trailing","base1841_2010"
1980,"combined",-12.9935308378832,"Slope","10yr","trailing","base1841_2010"
1981,"fishing",-12.4403669028388,"Slope","10yr","trailing","base1841_2010"
1981,"climate",1.09009001661777,"Slope","10yr","trailing","base1841_2010"
1981,"combined",-11.350276886221,"Slope","10yr","trailing","base1841_2010"
1982,"fishing",-12.4769868597008,"Slope","10yr","trailing","base1841_2010"
1982,"climate",0.105189403917316,"Slope","10yr","trailing","base1841_2010"
1982,"combined",-12.3717974557835,"Slope","10yr","trailing","base1841_2010"
1983,"fishing",-12.3192518277708,"Slope","10yr","trailing","base1841_2010"
1983,"climate",-0.691880457689317,"Slope","10yr","trailing","base1841_2010"
1983,"combined",-13.0111322854601,"Slope","10yr","trailing","base1841_2010"
1984,"fishing",-12.223222786385,"Slope","10yr","trailing","base1841_2010"
1984,"climate",-0.890210510163238,"Slope","10yr","trailing","base1841_2010"
1984,"combined",-13.1134332965482,"Slope","10yr","trailing","base1841_2010"
1985,"fishing",-12.2426062603747,"Slope","10yr","trailing","base1841_2010"
1985,"climate",0.585620801729368,"Slope","10yr","trailing","base1841_2010"
1985,"combined",-11.6569854586454,"Slope","10yr","trailing","base1841_2010"
1986,"fishing",-12.0890483397093,"Slope","10yr","trailing","base1841_2010"
1986,"climate",-0.992881263325751,"Slope","10yr","trailing","base1841_2010"
1986,"combined",-13.0819296030351,"Slope","10yr","trailing","base1841_2010"
1987,"fishing",-12.0656346073926,"Slope","10yr","trailing","base1841_2010"
1987,"climate",1.0858599221048,"Slope","10yr","trailing","base1841_2010"
1987,"combined",-10.9797746852878,"Slope","10yr","trailing","base1841_2010"
1988,"fishing",-11.9597556653007,"Slope","10yr","trailing","base1841_2010"
1988,"climate",0.100981081769578,"Slope","10yr","trailing","base1841_2010"
1988,"combined",-11.8587745835311,"Slope","10yr","trailing","base1841_2010"
1989,"fishing",-11.7894459236587,"Slope","10yr","trailing","base1841_2010"
1989,"climate",-0.607883636625143,"Slope","10yr","trailing","base1841_2010"
1989,"combined",-12.3973295602839,"Slope","10yr","trailing","base1841_2010"
1990,"fishing",-11.637913060145,"Slope","10yr","trailing","base1841_2010"
1990,"climate",-2.0207413078323,"Slope","10yr","trailing","base1841_2010"
1990,"combined",-13.6586543679773,"Slope","10yr","trailing","base1841_2010"
1991,"fishing",-11.6282113250992,"Slope","10yr","trailing","base1841_2010"
1991,"climate",0.62313943712241,"Slope","10yr","trailing","base1841_2010"
1991,"combined",-11.0050718879768,"Slope","10yr","trailing","base1841_2010"
1992,"fishing",-11.4844206175417,"Slope","10yr","trailing","base1841_2010"
1992,"climate",-0.817579303949164,"Slope","10yr","trailing","base1841_2010"
1992,"combined",-12.3019999214909,"Slope","10yr","trailing","base1841_2010"
1993,"fishing",-11.4447854148236,"Slope","10yr","trailing","base1841_2010"
1993,"climate",-1.47032132036351,"Slope","10yr","trailing","base1841_2010"
1993,"combined",-12.9151067351871,"Slope","10yr","trailing","base1841_2010"
1994,"fishing",-11.3302867397362,"Slope","10yr","trailing","base1841_2010"
1994,"climate",-2.15021027439318,"Slope","10yr","trailing","base1841_2010"
1994,"combined",-13.4804970141294,"Slope","10yr","trailing","base1841_2010"
1995,"fishing",-11.3749910449022,"Slope","10yr","trailing","base1841_2010"
1995,"climate",-0.971807881283377,"Slope","10yr","trailing","base1841_2010"
1995,"combined",-12.3467989261856,"Slope","10yr","trailing","base1841_2010"
1996,"fishing",-11.3270145734193,"Slope","10yr","trailing","base1841_2010"
1996,"climate",-0.640292198342022,"Slope","10yr","trailing","base1841_2010"
1996,"combined",-11.9673067717613,"Slope","10yr","trailing","base1841_2010"
1997,"fishing",-11.3598597098045,"Slope","10yr","trailing","base1841_2010"
1997,"climate",-1.66293843374999,"Slope","10yr","trailing","base1841_2010"
1997,"combined",-13.0227981435544,"Slope","10yr","trailing","base1841_2010"
1998,"fishing",-11.2929195622883,"Slope","10yr","trailing","base1841_2010"
1998,"climate",-0.630415202424755,"Slope","10yr","trailing","base1841_2010"
1998,"combined",-11.9233347647131,"Slope","10yr","trailing","base1841_2010"
1999,"fishing",-11.2896523880525,"Slope","10yr","trailing","base1841_2010"
1999,"climate",-1.70616539120948,"Slope","10yr","trailing","base1841_2010"
1999,"combined",-12.995817779262,"Slope","10yr","trailing","base1841_2010"
2000,"fishing",-11.2384922034658,"Slope","10yr","trailing","base1841_2010"
2000,"climate",-0.332125090667348,"Slope","10yr","trailing","base1841_2010"
2000,"combined",-11.5706172941331,"Slope","10yr","trailing","base1841_2010"
2001,"fishing",-11.2374511065812,"Slope","10yr","trailing","base1841_2010"
2001,"climate",1.0447496146648,"Slope","10yr","trailing","base1841_2010"
2001,"combined",-10.1927014919164,"Slope","10yr","trailing","base1841_2010"
2002,"fishing",-11.1200986086422,"Slope","10yr","trailing","base1841_2010"
2002,"climate",-1.19779195583748,"Slope","10yr","trailing","base1841_2010"
2002,"combined",-12.3178905644797,"Slope","10yr","trailing","base1841_2010"
2003,"fishing",-11.2485376838372,"Slope","10yr","trailing","base1841_2010"
2003,"climate",2.56443602724498,"Slope","10yr","trailing","base1841_2010"
2003,"combined",-8.68410165659219,"Slope","10yr","trailing","base1841_2010"
2004,"fishing",-11.070111959667,"Slope","10yr","trailing","base1841_2010"
2004,"climate",-0.649659641249332,"Slope","10yr","trailing","base1841_2010"
2004,"combined",-11.7197716009163,"Slope","10yr","trailing","base1841_2010"
2005,"fishing",-11.0245282314752,"Slope","10yr","trailing","base1841_2010"
2005,"climate",-2.03503831433491,"Slope","10yr","trailing","base1841_2010"
2005,"combined",-13.0595665458101,"Slope","10yr","trailing","base1841_2010"
2006,"fishing",-11.0429315165524,"Slope","10yr","trailing","base1841_2010"
2006,"climate",0.910399877255674,"Slope","10yr","trailing","base1841_2010"
2006,"combined",-10.1325316392967,"Slope","10yr","trailing","base1841_2010"
2007,"fishing",-11.3610158848831,"Slope","10yr","trailing","base1841_2010"
2007,"climate",-1.00563662796676,"Slope","10yr","trailing","base1841_2010"
2007,"combined",-12.3666525128499,"Slope","10yr","trailing","base1841_2010"
2008,"fishing",-11.3338474854459,"Slope","10yr","trailing","base1841_2010"
2008,"climate",1.27830559222149,"Slope","10yr","trailing","base1841_2010"
2008,"combined",-10.0555418932244,"Slope","10yr","trailing","base1841_2010"
2009,"fishing",-11.290048931035,"Slope","10yr","trailing","base1841_2010"
2009,"climate",-0.877323272730923,"Slope","10yr","trailing","base1841_2010"
2009,"combined",-12.1673722037659,"Slope","10yr","trailing","base1841_2010"
2010,"fishing",-11.1571859270839,"Slope","10yr","trailing","base1841_2010"
2010,"climate",-1.32218304686465,"Slope","10yr","trailing","base1841_2010"
2010,"combined",-12.4793689739486,"Slope","10yr","trailing","base1841_2010"
1900,"fishing",-1.46615785410823e-14,"Slope variability","10yr","trailing","base1841_2010"
1900,"climate",-0.75157384174431,"Slope variability","10yr","trailing","base1841_2010"
1900,"combined",-0.751573841744324,"Slope variability","10yr","trailing","base1841_2010"
1901,"fishing",-1.92915507119504e-14,"Slope variability","10yr","trailing","base1841_2010"
1901,"climate",-0.270873453097364,"Slope variability","10yr","trailing","base1841_2010"
1901,"combined",-0.270873453097383,"Slope variability","10yr","trailing","base1841_2010"
1902,"fishing",-2.16065367973845e-14,"Slope variability","10yr","trailing","base1841_2010"
1902,"climate",0.153597416692477,"Slope variability","10yr","trailing","base1841_2010"
1902,"combined",0.153597416692455,"Slope variability","10yr","trailing","base1841_2010"
1903,"fishing",-1.23465924556483e-14,"Slope variability","10yr","trailing","base1841_2010"
1903,"climate",0.426709236219017,"Slope variability","10yr","trailing","base1841_2010"
1903,"combined",0.426709236219005,"Slope variability","10yr","trailing","base1841_2010"
1904,"fishing",-1.23465924556483e-14,"Slope variability","10yr","trailing","base1841_2010"
1904,"climate",0.448540143232733,"Slope variability","10yr","trailing","base1841_2010"
1904,"combined",0.44854014323272,"Slope variability","10yr","trailing","base1841_2010"
1905,"fishing",-1.31182544841263e-14,"Slope variability","10yr","trailing","base1841_2010"
1905,"climate",0.712151479319699,"Slope variability","10yr","trailing","base1841_2010"
1905,"combined",0.712151479319686,"Slope variability","10yr","trailing","base1841_2010"
1906,"fishing",-1.62049025980383e-14,"Slope variability","10yr","trailing","base1841_2010"
1906,"climate",0.635471102875336,"Slope variability","10yr","trailing","base1841_2010"
1906,"combined",0.63547110287532,"Slope variability","10yr","trailing","base1841_2010"
1907,"fishing",-1.85198886834724e-14,"Slope variability","10yr","trailing","base1841_2010"
1907,"climate",1.36055609760394,"Slope variability","10yr","trailing","base1841_2010"
1907,"combined",1.36055609760393,"Slope variability","10yr","trailing","base1841_2010"
1908,"fishing",-2.08348747689064e-14,"Slope variability","10yr","trailing","base1841_2010"
1908,"climate",1.35208857306885,"Slope variability","10yr","trailing","base1841_2010"
1908,"combined",1.35208857306883,"Slope variability","10yr","trailing","base1841_2010"
1909,"fishing",-1.85198886834724e-14,"Slope variability","10yr","trailing","base1841_2010"
1909,"climate",1.12245109196313,"Slope variability","10yr","trailing","base1841_2010"
1909,"combined",1.12245109196312,"Slope variability","10yr","trailing","base1841_2010"
1910,"fishing",-7.71662028478016e-15,"Slope variability","10yr","trailing","base1841_2010"
1910,"climate",0.686995853946934,"Slope variability","10yr","trailing","base1841_2010"
1910,"combined",0.686995853946926,"Slope variability","10yr","trailing","base1841_2010"
1911,"fishing",-7.71662028478016e-15,"Slope variability","10yr","trailing","base1841_2010"
1911,"climate",0.352383080642745,"Slope variability","10yr","trailing","base1841_2010"
1911,"combined",0.352383080642738,"Slope variability","10yr","trailing","base1841_2010"
1912,"fishing",-1.08032683986922e-14,"Slope variability","10yr","trailing","base1841_2010"
1912,"climate",-0.00330708264989971,"Slope variability","10yr","trailing","base1841_2010"
1912,"combined",-0.00330708264991051,"Slope variability","10yr","trailing","base1841_2010"
1913,"fishing",-3.00948191106426e-14,"Slope variability","10yr","trailing","base1841_2010"
1913,"climate",-0.326138331011547,"Slope variability","10yr","trailing","base1841_2010"
1913,"combined",-0.326138331011577,"Slope variability","10yr","trailing","base1841_2010"
1914,"fishing",-3.16381431675987e-14,"Slope variability","10yr","trailing","base1841_2010"
1914,"climate",-0.398481477380358,"Slope variability","10yr","trailing","base1841_2010"
1914,"combined",-0.39848147738039,"Slope variability","10yr","trailing","base1841_2010"
1915,"fishing",-2.54648469397745e-14,"Slope variability","10yr","trailing","base1841_2010"
1915,"climate",-0.663935581345005,"Slope variability","10yr","trailing","base1841_2010"
1915,"combined",-0.66393558134503,"Slope variability","10yr","trailing","base1841_2010"
1916,"fishing",-2.62365089682526e-14,"Slope variability","10yr","trailing","base1841_2010"
1916,"climate",-0.576007977618393,"Slope variability","10yr","trailing","base1841_2010"
1916,"combined",-0.576007977618419,"Slope variability","10yr","trailing","base1841_2010"
1917,"fishing",-1.27324234698873e-14,"Slope variability","10yr","trailing","base1841_2010"
1917,"climate",-1.92588741406685,"Slope variability","10yr","trailing","base1841_2010"
1917,"combined",-1.92588741406686,"Slope variability","10yr","trailing","base1841_2010"
1918,"fishing",-1.11890994129312e-14,"Slope variability","10yr","trailing","base1841_2010"
1918,"climate",-1.81241285299833,"Slope variability","10yr","trailing","base1841_2010"
1918,"combined",-1.81241285299834,"Slope variability","10yr","trailing","base1841_2010"
1919,"fishing",-3.47247912815107e-15,"Slope variability","10yr","trailing","base1841_2010"
1919,"climate",-1.42027680428648,"Slope variability","10yr","trailing","base1841_2010"
1919,"combined",-1.42027680428648,"Slope variability","10yr","trailing","base1841_2010"
1920,"fishing",-1.54332405695603e-15,"Slope variability","10yr","trailing","base1841_2010"
1920,"climate",-0.763567651109194,"Slope variability","10yr","trailing","base1841_2010"
1920,"combined",-0.763567651109195,"Slope variability","10yr","trailing","base1841_2010"
1921,"fishing",-3.08664811391207e-15,"Slope variability","10yr","trailing","base1841_2010"
1921,"climate",-0.285274452949581,"Slope variability","10yr","trailing","base1841_2010"
1921,"combined",-0.285274452949584,"Slope variability","10yr","trailing","base1841_2010"
1922,"fishing",3.85831014239008e-15,"Slope variability","10yr","trailing","base1841_2010"
1922,"climate",0.142599613851298,"Slope variability","10yr","trailing","base1841_2010"
1922,"combined",0.142599613851302,"Slope variability","10yr","trailing","base1841_2010"
1923,"fishing",3.08664811391207e-15,"Slope variability","10yr","trailing","base1841_2010"
1923,"climate",0.416447474362015,"Slope variability","10yr","trailing","base1841_2010"
1923,"combined",0.416447474362018,"Slope variability","10yr","trailing","base1841_2010"
1924,"fishing",3.08664811391207e-15,"Slope variability","10yr","trailing","base1841_2010"
1924,"climate",0.438422839997088,"Slope variability","10yr","trailing","base1841_2010"
1924,"combined",0.438422839997091,"Slope variability","10yr","trailing","base1841_2010"
1925,"fishing",3.85831014239008e-15,"Slope variability","10yr","trailing","base1841_2010"
1925,"climate",0.700466087367052,"Slope variability","10yr","trailing","base1841_2010"
1925,"combined",0.700466087367056,"Slope variability","10yr","trailing","base1841_2010"
1926,"fishing",3.85831014239008e-15,"Slope variability","10yr","trailing","base1841_2010"
1926,"climate",0.623214166726746,"Slope variability","10yr","trailing","base1841_2010"
1926,"combined",0.62321416672675,"Slope variability","10yr","trailing","base1841_2010"
1927,"fishing",4.6299721708681e-15,"Slope variability","10yr","trailing","base1841_2010"
1927,"climate",1.34442109050796,"Slope variability","10yr","trailing","base1841_2010"
1927,"combined",1.34442109050797,"Slope variability","10yr","trailing","base1841_2010"
1928,"fishing",6.94495825630215e-15,"Slope variability","10yr","trailing","base1841_2010"
1928,"climate",1.33567956877257,"Slope variability","10yr","trailing","base1841_2010"
1928,"combined",1.33567956877258,"Slope variability","10yr","trailing","base1841_2010"
1929,"fishing",4.6299721708681e-15,"Slope variability","10yr","trailing","base1841_2010"
1929,"climate",1.1047511897489,"Slope variability","10yr","trailing","base1841_2010"
1929,"combined",1.1047511897489,"Slope variability","10yr","trailing","base1841_2010"
1930,"fishing",6.94495825630215e-15,"Slope variability","10yr","trailing","base1841_2010"
1930,"climate",0.671344005745972,"Slope variability","10yr","trailing","base1841_2010"
1930,"combined",0.671344005745979,"Slope variability","10yr","trailing","base1841_2010"
1931,"fishing",0.0111474109711239,"Slope variability","10yr","trailing","base1841_2010"
1931,"climate",0.336751353826608,"Slope variability","10yr","trailing","base1841_2010"
1931,"combined",0.347898764797732,"Slope variability","10yr","trailing","base1841_2010"
1932,"fishing",0.219157972558859,"Slope variability","10yr","trailing","base1841_2010"
1932,"climate",-0.0157847679467905,"Slope variability","10yr","trailing","base1841_2010"
1932,"combined",0.203373204612068,"Slope variability","10yr","trailing","base1841_2010"
1933,"fishing",0.422323373172411,"Slope variability","10yr","trailing","base1841_2010"
1933,"climate",-0.335958681439249,"Slope variability","10yr","trailing","base1841_2010"
1933,"combined",0.0863646917331623,"Slope variability","10yr","trailing","base1841_2010"
1934,"fishing",0.698858528247064,"Slope variability","10yr","trailing","base1841_2010"
1934,"climate",-0.407666878833533,"Slope variability","10yr","trailing","base1841_2010"
1934,"combined",0.291191649413531,"Slope variability","10yr","trailing","base1841_2010"
1935,"fishing",1.18090270695405,"Slope variability","10yr","trailing","base1841_2010"
1935,"climate",-0.672542416092384,"Slope variability","10yr","trailing","base1841_2010"
1935,"combined",0.508360290861667,"Slope variability","10yr","trailing","base1841_2010"
1936,"fishing",1.25469011445172,"Slope variability","10yr","trailing","base1841_2010"
1936,"climate",-0.585451392352753,"Slope variability","10yr","trailing","base1841_2010"
1936,"combined",0.669238722098969,"Slope variability","10yr","trailing","base1841_2010"
1937,"fishing",1.25702997138407,"Slope variability","10yr","trailing","base1841_2010"
1937,"climate",-1.93399348164109,"Slope variability","10yr","trailing","base1841_2010"
1937,"combined",-0.676963510257024,"Slope variability","10yr","trailing","base1841_2010"
1938,"fishing",1.27507753858675,"Slope variability","10yr","trailing","base1841_2010"
1938,"climate",-1.82107138677329,"Slope variability","10yr","trailing","base1841_2010"
1938,"combined",-0.545993848186549,"Slope variability","10yr","trailing","base1841_2010"
1939,"fishing",0.544136573936605,"Slope variability","10yr","trailing","base1841_2010"
1939,"climate",-1.43242859799063,"Slope variability","10yr","trailing","base1841_2010"
1939,"combined",-0.888292024054022,"Slope variability","10yr","trailing","base1841_2010"
1940,"fishing",1.22490772194427,"Slope variability","10yr","trailing","base1841_2010"
1940,"climate",-0.774788233910185,"Slope variability","10yr","trailing","base1841_2010"
1940,"combined",0.450119488034088,"Slope variability","10yr","trailing","base1841_2010"
1941,"fishing",0.703207759620604,"Slope variability","10yr","trailing","base1841_2010"
1941,"climate",-0.29877974482696,"Slope variability","10yr","trailing","base1841_2010"
1941,"combined",0.404428014793644,"Slope variability","10yr","trailing","base1841_2010"
1942,"fishing",1.56408559829779,"Slope variability","10yr","trailing","base1841_2010"
1942,"climate",0.132088851982712,"Slope variability","10yr","trailing","base1841_2010"
1942,"combined",1.6961744502805,"Slope variability","10yr","trailing","base1841_2010"
1943,"fishing",1.60822597392174,"Slope variability","10yr","trailing","base1841_2010"
1943,"climate",0.406524628789701,"Slope variability","10yr","trailing","base1841_2010"
1943,"combined",2.01475060271144,"Slope variability","10yr","trailing","base1841_2010"
1944,"fishing",1.40026055667901,"Slope variability","10yr","trailing","base1841_2010"
1944,"climate",0.428621221695457,"Slope variability","10yr","trailing","base1841_2010"
1944,"combined",1.82888177837446,"Slope variability","10yr","trailing","base1841_2010"
1945,"fishing",1.22762976520825,"Slope variability","10yr","trailing","base1841_2010"
1945,"climate",0.689202841449433,"Slope variability","10yr","trailing","base1841_2010"
1945,"combined",1.91683260665769,"Slope variability","10yr","trailing","base1841_2010"
1946,"fishing",0.960071856149859,"Slope variability","10yr","trailing","base1841_2010"
1946,"climate",0.611436126774705,"Slope variability","10yr","trailing","base1841_2010"
1946,"combined",1.57150798292456,"Slope variability","10yr","trailing","base1841_2010"
1947,"fishing",0.659744594345474,"Slope variability","10yr","trailing","base1841_2010"
1947,"climate",1.32907215817479,"Slope variability","10yr","trailing","base1841_2010"
1947,"combined",1.98881675252026,"Slope variability","10yr","trailing","base1841_2010"
1948,"fishing",0.593584835352543,"Slope variability","10yr","trailing","base1841_2010"
1948,"climate",1.32008087575503,"Slope variability","10yr","trailing","base1841_2010"
1948,"combined",1.91366571110758,"Slope variability","10yr","trailing","base1841_2010"
1949,"fishing",0.353572682770652,"Slope variability","10yr","trailing","base1841_2010"
1949,"climate",1.08803158953423,"Slope variability","10yr","trailing","base1841_2010"
1949,"combined",1.44160427230488,"Slope variability","10yr","trailing","base1841_2010"
1950,"fishing",0.89367556608324,"Slope variability","10yr","trailing","base1841_2010"
1950,"climate",0.656550551217268,"Slope variability","10yr","trailing","base1841_2010"
1950,"combined",1.55022611730051,"Slope variability","10yr","trailing","base1841_2010"
1951,"fishing",1.62900126874715,"Slope variability","10yr","trailing","base1841_2010"
1951,"climate",0.322053900404735,"Slope variability","10yr","trailing","base1841_2010"
1951,"combined",1.95105516915189,"Slope variability","10yr","trailing","base1841_2010"
1952,"fishing",3.38230017165418,"Slope variability","10yr","trailing","base1841_2010"
1952,"climate",-0.0276551313198706,"Slope variability","10yr","trailing","base1841_2010"
1952,"combined",3.35464504033431,"Slope variability","10yr","trailing","base1841_2010"
1953,"fishing",4.54438281586018,"Slope variability","10yr","trailing","base1841_2010"
1953,"climate",-0.345426806518802,"Slope variability","10yr","trailing","base1841_2010"
1953,"combined",4.19895600934138,"Slope variability","10yr","trailing","base1841_2010"
1954,"fishing",5.11749072332947,"Slope variability","10yr","trailing","base1841_2010"
1954,"climate",-0.416594954116422,"Slope variability","10yr","trailing","base1841_2010"
1954,"combined",4.70089576921305,"Slope variability","10yr","trailing","base1841_2010"
1955,"fishing",5.30423032399335,"Slope variability","10yr","trailing","base1841_2010"
1955,"climate",-0.680874688849677,"Slope variability","10yr","trailing","base1841_2010"
1955,"combined",4.62335563514367,"Slope variability","10yr","trailing","base1841_2010"
1956,"fishing",4.97046346107297,"Slope variability","10yr","trailing","base1841_2010"
1956,"climate",-0.594531502858356,"Slope variability","10yr","trailing","base1841_2010"
1956,"combined",4.37593195821462,"Slope variability","10yr","trailing","base1841_2010"
1957,"fishing",3.63184033207868,"Slope variability","10yr","trailing","base1841_2010"
1957,"climate",-1.94153835128992,"Slope variability","10yr","trailing","base1841_2010"
1957,"combined",1.69030198078876,"Slope variability","10yr","trailing","base1841_2010"
1958,"fishing",2.95604867662142,"Slope variability","10yr","trailing","base1841_2010"
1958,"climate",-1.82911990106468,"Slope variability","10yr","trailing","base1841_2010"
1958,"combined",1.12692877555674,"Slope variability","10yr","trailing","base1841_2010"
1959,"fishing",1.72053455485565,"Slope variability","10yr","trailing","base1841_2010"
1959,"climate",-1.44364404664984,"Slope variability","10yr","trailing","base1841_2010"
1959,"combined",0.276890508205804,"Slope variability","10yr","trailing","base1841_2010"
1960,"fishing",1.95421086151477,"Slope variability","10yr","trailing","base1841_2010"
1960,"climate",-0.785297860500999,"Slope variability","10yr","trailing","base1841_2010"
1960,"combined",1.16891300101378,"Slope variability","10yr","trailing","base1841_2010"
1961,"fishing",1.05031422572633,"Slope variability","10yr","trailing","base1841_2010"
1961,"climate",-0.311451268917054,"Slope variability","10yr","trailing","base1841_2010"
1961,"combined",0.738862956809279,"Slope variability","10yr","trailing","base1841_2010"
1962,"fishing",1.9968926232324,"Slope variability","10yr","trailing","base1841_2010"
1962,"climate",0.12202508147145,"Slope variability","10yr","trailing","base1841_2010"
1962,"combined",2.11891770470385,"Slope variability","10yr","trailing","base1841_2010"
1963,"fishing",2.11794134549274,"Slope variability","10yr","trailing","base1841_2010"
1963,"climate",0.396905870599631,"Slope variability","10yr","trailing","base1841_2010"
1963,"combined",2.51484721609237,"Slope variability","10yr","trailing","base1841_2010"
1964,"fishing",1.80561863024983,"Slope variability","10yr","trailing","base1841_2010"
1964,"climate",0.419105149980271,"Slope variability","10yr","trailing","base1841_2010"
1964,"combined",2.2247237802301,"Slope variability","10yr","trailing","base1841_2010"
1965,"fishing",1.42026166542861,"Slope variability","10yr","trailing","base1841_2010"
1965,"climate",0.678340796079253,"Slope variability","10yr","trailing","base1841_2010"
1965,"combined",2.09860246150786,"Slope variability","10yr","trailing","base1841_2010"
1966,"fishing",0.93793546963454,"Slope variability","10yr","trailing","base1841_2010"
1966,"climate",0.600117415359961,"Slope variability","10yr","trailing","base1841_2010"
1966,"combined",1.5380528849945,"Slope variability","10yr","trailing","base1841_2010"
1967,"fishing",0.311936925937483,"Slope variability","10yr","trailing","base1841_2010"
1967,"climate",1.3144939767501,"Slope variability","10yr","trailing","base1841_2010"
1967,"combined",1.62643090268758,"Slope variability","10yr","trailing","base1841_2010"
1968,"fishing",-0.00276833224241896,"Slope variability","10yr","trailing","base1841_2010"
1968,"climate",1.30527524851369,"Slope variability","10yr","trailing","base1841_2010"
1968,"combined",1.30250691627127,"Slope variability","10yr","trailing","base1841_2010"
1969,"fishing",-0.483228549307025,"Slope variability","10yr","trailing","base1841_2010"
1969,"climate",1.0722791320087,"Slope variability","10yr","trailing","base1841_2010"
1969,"combined",0.58905058270168,"Slope variability","10yr","trailing","base1841_2010"
1970,"fishing",-0.286271774733215,"Slope variability","10yr","trailing","base1841_2010"
1970,"climate",0.642595829581465,"Slope variability","10yr","trailing","base1841_2010"
1970,"combined",0.35632405484825,"Slope variability","10yr","trailing","base1841_2010"
1971,"fishing",-0.400585508973344,"Slope variability","10yr","trailing","base1841_2010"
1971,"climate",0.308270471203616,"Slope variability","10yr","trailing","base1841_2010"
1971,"combined",-0.0923150377697285,"Slope variability","10yr","trailing","base1841_2010"
1972,"fishing",0.0734777348092361,"Slope variability","10yr","trailing","base1841_2010"
1972,"climate",-0.0389475983046501,"Slope variability","10yr","trailing","base1841_2010"
1972,"combined",0.034530136504586,"Slope variability","10yr","trailing","base1841_2010"
1973,"fishing",0.588688316144412,"Slope variability","10yr","trailing","base1841_2010"
1973,"climate",-0.354572775104069,"Slope variability","10yr","trailing","base1841_2010"
1973,"combined",0.234115541040343,"Slope variability","10yr","trailing","base1841_2010"
1974,"fishing",1.30783285667805,"Slope variability","10yr","trailing","base1841_2010"
1974,"climate",-0.425291948676464,"Slope variability","10yr","trailing","base1841_2010"
1974,"combined",0.882540908001583,"Slope variability","10yr","trailing","base1841_2010"
1975,"fishing",2.09690632293599,"Slope variability","10yr","trailing","base1841_2010"
1975,"climate",-0.688959243944456,"Slope variability","10yr","trailing","base1841_2010"
1975,"combined",1.40794707899153,"Slope variability","10yr","trailing","base1841_2010"
1976,"fishing",2.23085663420254,"Slope variability","10yr","trailing","base1841_2010"
1976,"climate",-0.603272187959683,"Slope variability","10yr","trailing","base1841_2010"
1976,"combined",1.62758444624286,"Slope variability","10yr","trailing","base1841_2010"
1977,"fishing",2.12209523057672,"Slope variability","10yr","trailing","base1841_2010"
1977,"climate",-1.9485432602578,"Slope variability","10yr","trailing","base1841_2010"
1977,"combined",0.173551970318919,"Slope variability","10yr","trailing","base1841_2010"
1978,"fishing",2.19089045754149,"Slope variability","10yr","trailing","base1841_2010"
1978,"climate",-1.83659276707084,"Slope variability","10yr","trailing","base1841_2010"
1978,"combined",0.354297690470647,"Slope variability","10yr","trailing","base1841_2010"
1979,"fishing",1.38327844250043,"Slope variability","10yr","trailing","base1841_2010"
1979,"climate",-1.45396146006525,"Slope variability","10yr","trailing","base1841_2010"
1979,"combined",-0.0706830175648243,"Slope variability","10yr","trailing","base1841_2010"
1980,"fishing",2.25458416529062,"Slope variability","10yr","trailing","base1841_2010"
1980,"climate",-0.795126678293863,"Slope variability","10yr","trailing","base1841_2010"
1980,"combined",1.45945748699675,"Slope variability","10yr","trailing","base1841_2010"
1981,"fishing",1.80217040894428,"Slope variability","10yr","trailing","base1841_2010"
1981,"climate",-0.323319240898125,"Slope variability","10yr","trailing","base1841_2010"
1981,"combined",1.47885116804616,"Slope variability","10yr","trailing","base1841_2010"
1982,"fishing",2.5319059140706,"Slope variability","10yr","trailing","base1841_2010"
1982,"climate",-0.725578394487431,"Slope variability","10yr","trailing","base1841_2010"
1982,"combined",1.80632751958317,"Slope variability","10yr","trailing","base1841_2010"
1983,"fishing",2.73499748793838,"Slope variability","10yr","trailing","base1841_2010"
1983,"climate",-0.692214952903544,"Slope variability","10yr","trailing","base1841_2010"
1983,"combined",2.04278253503484,"Slope variability","10yr","trailing","base1841_2010"
1984,"fishing",2.71465598802701,"Slope variability","10yr","trailing","base1841_2010"
1984,"climate",-0.495100753190186,"Slope variability","10yr","trailing","base1841_2010"
1984,"combined",2.21955523483683,"Slope variability","10yr","trailing","base1841_2010"
1985,"fishing",2.62006243203504,"Slope variability","10yr","trailing","base1841_2010"
1985,"climate",-0.557392772369946,"Slope variability","10yr","trailing","base1841_2010"
1985,"combined",2.0626696596651,"Slope variability","10yr","trailing","base1841_2010"
1986,"fishing",2.0424956653666,"Slope variability","10yr","trailing","base1841_2010"
1986,"climate",-0.356559694295008,"Slope variability","10yr","trailing","base1841_2010"
1986,"combined",1.68593597107159,"Slope variability","10yr","trailing","base1841_2010"
1987,"fishing",1.34604914399502,"Slope variability","10yr","trailing","base1841_2010"
1987,"climate",-0.0163512275565655,"Slope variability","10yr","trailing","base1841_2010"
1987,"combined",1.32969791643845,"Slope variability","10yr","trailing","base1841_2010"
1988,"fishing",0.614724815028631,"Slope variability","10yr","trailing","base1841_2010"
1988,"climate",-0.109286895497701,"Slope variability","10yr","trailing","base1841_2010"
1988,"combined",0.50543791953093,"Slope variability","10yr","trailing","base1841_2010"
1989,"fishing",-0.146353417942751,"Slope variability","10yr","trailing","base1841_2010"
1989,"climate",-0.38626911563956,"Slope variability","10yr","trailing","base1841_2010"
1989,"combined",-0.53262253358231,"Slope variability","10yr","trailing","base1841_2010"
1990,"fishing",-0.407212570141328,"Slope variability","10yr","trailing","base1841_2010"
1990,"climate",0.0524396554929731,"Slope variability","10yr","trailing","base1841_2010"
1990,"combined",-0.354772914648354,"Slope variability","10yr","trailing","base1841_2010"
1991,"fishing",0.0864560049638904,"Slope variability","10yr","trailing","base1841_2010"
1991,"climate",-0.21540807273727,"Slope variability","10yr","trailing","base1841_2010"
1991,"combined",-0.128952067773379,"Slope variability","10yr","trailing","base1841_2010"
1992,"fishing",0.0645800141015866,"Slope variability","10yr","trailing","base1841_2010"
1992,"climate",-0.174835881997625,"Slope variability","10yr","trailing","base1841_2010"
1992,"combined",-0.110255867896039,"Slope variability","10yr","trailing","base1841_2010"
1993,"fishing",-0.235925419029899,"Slope variability","10yr","trailing","base1841_2010"
1993,"climate",0.135034541056028,"Slope variability","10yr","trailing","base1841_2010"
1993,"combined",-0.10089087797387,"Slope variability","10yr","trailing","base1841_2010"
1994,"fishing",-0.659851689653238,"Slope variability","10yr","trailing","base1841_2010"
1994,"climate",0.765333625749042,"Slope variability","10yr","trailing","base1841_2010"
1994,"combined",0.105481936095804,"Slope variability","10yr","trailing","base1841_2010"
1995,"fishing",-0.457267597963676,"Slope variability","10yr","trailing","base1841_2010"
1995,"climate",0.467358935610932,"Slope variability","10yr","trailing","base1841_2010"
1995,"combined",0.0100913376472558,"Slope variability","10yr","trailing","base1841_2010"
1996,"fishing",-0.556881884120368,"Slope variability","10yr","trailing","base1841_2010"
1996,"climate",0.503214795291356,"Slope variability","10yr","trailing","base1841_2010"
1996,"combined",-0.0536670888290121,"Slope variability","10yr","trailing","base1841_2010"
1997,"fishing",-0.299510769164279,"Slope variability","10yr","trailing","base1841_2010"
1997,"climate",-0.278182696982799,"Slope variability","10yr","trailing","base1841_2010"
1997,"combined",-0.577693466147078,"Slope variability","10yr","trailing","base1841_2010"
1998,"fishing",-0.0507801798116725,"Slope variability","10yr","trailing","base1841_2010"
1998,"climate",-0.546044746262385,"Slope variability","10yr","trailing","base1841_2010"
1998,"combined",-0.596824926074057,"Slope variability","10yr","trailing","base1841_2010"
1999,"fishing",-0.0534796041588589,"Slope variability","10yr","trailing","base1841_2010"
1999,"climate",-0.536000767847457,"Slope variability","10yr","trailing","base1841_2010"
1999,"combined",-0.589480372006316,"Slope variability","10yr","trailing","base1841_2010"
2000,"fishing",-0.151202036252256,"Slope variability","10yr","trailing","base1841_2010"
2000,"climate",-0.743134451700773,"Slope variability","10yr","trailing","base1841_2010"
2000,"combined",-0.894336487953029,"Slope variability","10yr","trailing","base1841_2010"
2001,"fishing",0.19769253677121,"Slope variability","10yr","trailing","base1841_2010"
2001,"climate",-0.315497223888158,"Slope variability","10yr","trailing","base1841_2010"
2001,"combined",-0.117804687116948,"Slope variability","10yr","trailing","base1841_2010"
2002,"fishing",0.164683901378811,"Slope variability","10yr","trailing","base1841_2010"
2002,"climate",-0.259840160508306,"Slope variability","10yr","trailing","base1841_2010"
2002,"combined",-0.0951562591294946,"Slope variability","10yr","trailing","base1841_2010"
2003,"fishing",0.107375542077389,"Slope variability","10yr","trailing","base1841_2010"
2003,"climate",2.14724040607684,"Slope variability","10yr","trailing","base1841_2010"
2003,"combined",2.25461594815423,"Slope variability","10yr","trailing","base1841_2010"
2004,"fishing",0.0763175810530496,"Slope variability","10yr","trailing","base1841_2010"
2004,"climate",1.64696301184273,"Slope variability","10yr","trailing","base1841_2010"
2004,"combined",1.72328059289578,"Slope variability","10yr","trailing","base1841_2010"
2005,"fishing",-0.0950349191754284,"Slope variability","10yr","trailing","base1841_2010"
2005,"climate",2.1385672311722,"Slope variability","10yr","trailing","base1841_2010"
2005,"combined",2.04353231199677,"Slope variability","10yr","trailing","base1841_2010"
2006,"fishing",-0.00727996724797318,"Slope variability","10yr","trailing","base1841_2010"
2006,"climate",2.44931059387788,"Slope variability","10yr","trailing","base1841_2010"
2006,"combined",2.44203062662991,"Slope variability","10yr","trailing","base1841_2010"
2007,"fishing",-0.0306272966823592,"Slope variability","10yr","trailing","base1841_2010"
2007,"climate",2.22836830810413,"Slope variability","10yr","trailing","base1841_2010"
2007,"combined",2.19774101142177,"Slope variability","10yr","trailing","base1841_2010"
2008,"fishing",-0.0896003661358735,"Slope variability","10yr","trailing","base1841_2010"
2008,"climate",2.5559092746212,"Slope variability","10yr","trailing","base1841_2010"
2008,"combined",2.46630890848533,"Slope variability","10yr","trailing","base1841_2010"
2009,"fishing",-0.109587435613227,"Slope variability","10yr","trailing","base1841_2010"
2009,"climate",2.20851664610308,"Slope variability","10yr","trailing","base1841_2010"
2009,"combined",2.09892921048985,"Slope variability","10yr","trailing","base1841_2010"
2010,"fishing",-0.12167234022734,"Slope variability","10yr","trailing","base1841_2010"
2010,"climate",2.41976662133486,"Slope variability","10yr","trailing","base1841_2010"
2010,"combined",2.29809428110752,"Slope variability","10yr","trailing","base1841_2010"
