"sim_index","valid_sim_index","rmse","cor_raw","cor_log","rank","pass_corr"
446,446,1.53886830359134,0.919525806179777,0.931416189391214,1,TRUE
1512,1512,1.5500142020635,0.832213737786823,0.929800178636512,2,TRUE
1819,1819,1.55324172044129,0.984373489949948,0.934515716384681,3,TRUE
2082,2082,1.55648831423755,0.225982569196115,0.928916919289045,4,TRUE
2085,2085,1.55648831423755,0.225982569196115,0.928916919289045,5,TRUE
2088,2088,1.55648831423755,0.225982569196115,0.928916919289045,6,TRUE
2091,2091,1.55648831423755,0.225982569196115,0.928916919289045,7,TRUE
2095,2095,1.55648831423755,0.225982569196115,0.928916919289045,8,TRUE
2111,2111,1.55648831423755,0.225982569196115,0.928916919289045,9,TRUE
1776,1776,1.57508492717937,0.983608475002294,0.935142921690312,10,TRUE
173,173,1.61740950747679,0.747213236711678,0.9229622468825,11,TRUE
1767,1767,1.6223550621567,0.970300568036243,0.926572368578131,12,TRUE
71,71,1.62694918605854,0.632028662762869,0.922140583348681,13,TRUE
1806,1806,1.6273246427864,0.970287950847583,0.925764376453978,14,TRUE
1807,1807,1.62900750827492,0.929004180644131,0.932203362447964,15,TRUE
1857,1857,1.62937837486181,0.928823256640894,0.932239423020818,16,TRUE
325,325,1.63014340504478,0.976562349891254,0.921758846068623,17,TRUE
2080,2080,1.63051782512448,-0.0032402493357481,0.921995296939853,18,TRUE
2083,2083,1.63051782512448,-0.0032402493357481,0.921995296939853,19,TRUE
2086,2086,1.63051782512448,-0.0032402493357481,0.921995296939853,20,TRUE
2089,2089,1.63051782512448,-0.0032402493357481,0.921995296939853,21,TRUE
2093,2093,1.63051782512448,-0.0032402493357481,0.921995296939853,22,TRUE
2109,2109,1.63051782512448,-0.0032402493357481,0.921995296939853,23,TRUE
531,531,1.63186798831645,0.875748285106465,0.921640729775827,24,TRUE
136,136,1.63206680622676,0.780183196197924,0.924466109848178,25,TRUE
384,384,1.6382822908572,0.613106703339442,0.92091291202755,26,TRUE
892,892,1.6386509559184,0.603684661076939,0.921306618164249,27,TRUE
1366,1366,1.6422250926456,0.960420071627343,0.920582057143763,28,TRUE
479,479,1.64379513231046,0.84118377771721,0.921775072603874,29,TRUE
1952,1952,1.65384614332327,0.54079037029635,0.924579491021216,30,TRUE
2011,2011,1.65384614332327,0.54079037029635,0.924579491021216,31,TRUE
1994,1994,1.65398337528144,0.20564319054732,0.920730967421822,32,TRUE
2077,2077,1.65398337528144,0.20564319054732,0.920730967421822,33,TRUE
441,441,1.65569688864763,0.739646608240775,0.920870174846288,34,TRUE
1553,1553,1.65706892170178,0.382143159204754,0.923875851914109,35,TRUE
373,373,1.65718948812201,0.96027320016381,0.921922977819901,36,TRUE
55,55,1.65906463650839,0.830645950192603,0.921559902099428,37,TRUE
335,335,1.65913786108362,0.623604035248789,0.918914831307401,38,TRUE
1101,1101,1.65983573557674,0.559719741380377,0.91871080995462,39,TRUE
1653,1653,1.65988577038674,0.559738011616211,0.918706379318876,40,TRUE
1436,1436,1.66445535464604,0.427646522197467,0.918521082139674,41,TRUE
1569,1569,1.66584169273599,0.560202585840565,0.918650031050785,42,TRUE
812,812,1.66962505749389,0.638759007758914,0.918793587812592,43,TRUE
315,315,1.66996380525449,0.96260387204383,0.919207424542408,44,TRUE
365,365,1.67024882293844,0.820789274859878,0.919311879009867,45,TRUE
1414,1414,1.67024882293844,0.820789274859878,0.919311879009867,46,TRUE
43,43,1.6703843289013,0.54271897353207,0.919537172352777,47,TRUE
1315,1315,1.67072469322023,0.931275959489544,0.921258751259444,48,TRUE
1639,1639,1.67470294593179,0.259460677565859,0.920941251517448,49,TRUE
1087,1087,1.6747178905676,0.260542687939911,0.920927509858859,50,TRUE
620,620,1.67472731640154,0.95266127601682,0.917419489243215,51,TRUE
1805,1805,1.67484161421558,0.71801187654874,0.92940094733779,52,TRUE
163,163,1.67506703225332,0.120939933955202,0.917398239148576,53,TRUE
2098,2098,1.67740092680891,-0.00268293078219958,0.917714887633853,54,TRUE
2101,2101,1.67740092680891,-0.00268293078219958,0.917714887633853,55,TRUE
2106,2106,1.67740092680891,-0.00268293078219958,0.917714887633853,56,TRUE
757,757,1.67962426550436,0.73393590297485,0.916717021499965,57,TRUE
398,398,1.67988234152074,0.205150908370561,0.916864410639053,58,TRUE
1381,1381,1.67989723147054,0.526596840163459,0.916747916460358,59,TRUE
470,470,1.68104908140387,0.512248222436458,0.916636232080168,60,TRUE
1502,1502,1.68111593944783,0.682934705274009,0.917052871389399,61,TRUE
1500,1500,1.68132687023561,0.604806635311619,0.917627654088699,62,TRUE
348,348,1.68194841433079,0.817727641383651,0.917063495833671,63,TRUE
1769,1769,1.6829313595947,0.241922263704188,0.921775910728437,64,TRUE
1832,1832,1.68386633893099,0.965239816522059,0.930803660824591,65,TRUE
723,723,1.68475885636133,0.729249768304455,0.921876884667288,66,TRUE
323,323,1.68481181589971,0.785088355234677,0.916822407681978,67,TRUE
1003,1003,1.684876339932,0.228264759018974,0.9169231854521,68,TRUE
744,744,1.68506743582556,0.14804191777103,0.916368594646833,69,TRUE
1356,1356,1.68566545997915,0.948029816135815,0.917083758123462,70,TRUE
141,141,1.68590794212027,0.772393985446286,0.917851793364519,71,TRUE
822,822,1.68694444658504,0.55929645676188,0.916073405455108,72,TRUE
1887,1887,1.68802484060727,0.523907072581392,0.923247355286098,73,TRUE
568,568,1.6887087300593,0.94350814664597,0.915731256899117,74,TRUE
517,517,1.69015357960704,0.110752134842685,0.915981299698453,75,TRUE
26,26,1.69041496767365,0.419562532386089,0.91927013897996,76,TRUE
797,797,1.69130526997336,0.276330590578788,0.918947747007428,77,TRUE
1866,1866,1.69230718958648,0.477657402260768,0.919187893116698,78,TRUE
284,284,1.69327898448882,0.83132507770163,0.920732621345376,79,TRUE
534,534,1.69451358820636,0.343593052838838,0.915789811428139,80,TRUE
1507,1507,1.69453534168489,0.546475603807169,0.917978659629764,81,TRUE
1562,1562,1.69558134023662,0.496205096672563,0.915242621593892,82,TRUE
1296,1296,1.69686572434743,0.0449435495877041,0.91765384510647,83,TRUE
1802,1802,1.69715861838193,0.865508143181252,0.93049929601033,84,TRUE
263,263,1.69737145931066,0.24483285376566,0.915770452130712,85,TRUE
599,599,1.69802421686238,0.386290362538929,0.914790058012257,86,TRUE
810,810,1.69975194354618,0.482837819303164,0.914834819476199,87,TRUE
1757,1757,1.69996849505869,0.978420637417782,0.914932226304917,88,TRUE
1396,1396,1.70163375338823,0.714741274550837,0.914550429133065,89,TRUE
576,576,1.70191327896767,0.128844952008317,0.914483880222733,90,TRUE
1761,1761,1.70427057488336,0.71271701684618,0.916348411969365,91,TRUE
792,792,1.70458836562992,0.763010930184283,0.914170983275077,92,TRUE
1452,1452,1.70528170760469,0.868426520394643,0.915497689609096,93,TRUE
1057,1057,1.7057499142603,0.678484513385126,0.914079426590058,94,TRUE
729,729,1.70591113636699,0.42078847960221,0.914173812083017,95,TRUE
849,849,1.70630629771676,0.156157576097293,0.917327468784039,96,TRUE
1582,1582,1.7065547132664,0.55749361000162,0.915690468104527,97,TRUE
366,366,1.70699958612865,0.0499918017255098,0.91445325170048,98,TRUE
435,435,1.70914731423012,0.980265986546394,0.914646212987934,99,TRUE
453,453,1.70922570826121,0.0827512975066289,0.917099833785546,100,TRUE
2081,2081,1.70981280421434,0.010951353929057,0.915285820949509,101,TRUE
2084,2084,1.70981280421434,0.010951353929057,0.915285820949509,102,TRUE
2087,2087,1.70981280421434,0.010951353929057,0.915285820949509,103,TRUE
2090,2090,1.70981280421434,0.010951353929057,0.915285820949509,104,TRUE
2092,2092,1.70981280421434,0.010951353929057,0.915285820949509,105,TRUE
2094,2094,1.70981280421434,0.010951353929057,0.915285820949509,106,TRUE
2110,2110,1.70981280421434,0.010951353929057,0.915285820949509,107,TRUE
1774,1774,1.71031038442418,0.192347306418193,0.914901312074688,108,TRUE
1864,1864,1.71180226015504,0.796653660471057,0.920257955599863,109,TRUE
665,665,1.71251197198007,0.769857058592969,0.913652051842735,110,TRUE
1423,1423,1.71294033745641,0.941265407737942,0.914813170762688,111,TRUE
487,487,1.71418715966479,0.847895928000859,0.913535429643134,112,TRUE
837,837,1.71422972660769,0.554410197264443,0.91598296814736,113,TRUE
1454,1454,1.71490220784258,0.127405836309989,0.913142080765126,114,TRUE
527,527,1.71648723863493,0.323091120369649,0.912898658903507,115,TRUE
327,327,1.71698660972924,0.300172919569634,0.915313745556629,116,TRUE
739,739,1.7171395541351,0.939387726984124,0.912803570981927,117,TRUE
649,649,1.71798191757356,0.567872460558714,0.91268539043955,118,TRUE
409,409,1.71814361098116,0.160233138663481,0.916211233517546,119,TRUE
573,573,1.71832682930897,0.822655161341486,0.912756245107414,120,TRUE
694,694,1.71876723472915,0.815539325775219,0.916285921499292,121,TRUE
41,41,1.71922823785251,0.505797546215363,0.912661529785459,122,TRUE
1811,1811,1.72055345958112,0.978028020648176,0.912884333233397,123,TRUE
1861,1861,1.72076520119513,0.866314724278047,0.919930429904937,124,TRUE
346,346,1.72151518658402,0.489893761005774,0.912419623592524,125,TRUE
1603,1603,1.72168001334599,0.710150860710492,0.912969744462874,126,TRUE
437,437,1.72205049194165,0.249070148542351,0.91485729462449,127,TRUE
269,269,1.72310015272484,0.0342984516187914,0.915160708392891,128,TRUE
701,701,1.72346951557116,0.215194352956894,0.912238564909101,129,TRUE
894,894,1.72350810917116,0.13281651270603,0.921998802102383,130,TRUE
1836,1836,1.72396999879023,0.0300893861100748,0.915779716548063,131,TRUE
234,234,1.72437945475164,0.952781777957954,0.912244792668043,132,TRUE
1271,1271,1.72439720108746,0.560258503969407,0.91307411434843,133,TRUE
1061,1061,1.72441969611297,0.653802095408689,0.91309365739048,134,TRUE
257,257,1.72481553762347,0.958736376728219,0.911921021707793,135,TRUE
1394,1394,1.72517859597314,0.442340562171793,0.912044857868404,136,TRUE
208,208,1.72542068769334,0.0859064719906844,0.915174732602557,137,TRUE
946,946,1.72569254448037,0.910313213913788,0.912198878070102,138,TRUE
196,196,1.72571284118143,0.739880501406203,0.912463949176817,139,TRUE
1958,1958,1.72588862064955,0.745286398243801,0.914752070655313,140,TRUE
2019,2019,1.72588862064955,0.745286398243801,0.914752070655313,141,TRUE
749,749,1.7263458124202,0.806364921496357,0.912176646217302,142,TRUE
292,292,1.72642423203335,0.132752835265875,0.91194324988453,143,TRUE
397,397,1.72683137309261,0.827359497878667,0.915232771267481,144,TRUE
331,331,1.72729810397754,0.845288642441118,0.912945744821957,145,TRUE
1374,1374,1.72729810397754,0.845288642441118,0.912945744821957,146,TRUE
675,675,1.7275234685159,0.277265926297531,0.912324114080613,147,TRUE
108,108,1.72815034340585,0.980078806660634,0.911751395450268,148,TRUE
1763,1763,1.72839579418731,0.565747116342945,0.913986862388012,149,TRUE
29,29,1.72858550890437,0.845152503906045,0.912663543254151,150,TRUE
653,653,1.72885533862624,0.942746455965004,0.911508331945046,151,TRUE
2045,2045,1.72900137157198,0.685995305581837,0.923225092698905,152,TRUE
337,337,1.7291937083184,0.972935087132223,0.911552652354275,153,TRUE
1592,1592,1.73022623438446,0.055237901606652,0.917462870317442,154,TRUE
671,671,1.73040319821339,0.197748752517453,0.912482921197387,155,TRUE
1096,1096,1.73073184499417,0.464176528204416,0.912411492997716,156,TRUE
1326,1326,1.73092982289794,0.0974247117234257,0.911491129978897,157,TRUE
1838,1838,1.731189286042,0.329837655630998,0.913506204169266,158,TRUE
1648,1648,1.7319131818922,0.431387391167173,0.912222135436878,159,TRUE
405,405,1.73203557805615,0.288876877716152,0.912550457917466,160,TRUE
1433,1433,1.73203628183727,0.0538731963725665,0.912014154773155,161,TRUE
140,140,1.73291720094843,0.074794678878727,0.91902285569643,162,TRUE
282,282,1.73349172799753,0.684701023048121,0.918135911141672,163,TRUE
1788,1788,1.73434986050133,0.4339416816057,0.915498969607644,164,TRUE
614,614,1.7345353701582,0.674160092093566,0.910862538412894,165,TRUE
85,85,1.73484499256276,0.126755916499926,0.913929680760024,166,TRUE
135,135,1.73499730669941,0.242410470794535,0.911812564371439,167,TRUE
863,863,1.73506259140584,0.787618733981698,0.911885095444384,168,TRUE
1348,1348,1.73511706549662,0.976077498949746,0.912752961482703,169,TRUE
742,742,1.73538928814675,0.570685388225425,0.911799638699309,170,TRUE
895,895,1.73548803930559,0.825543230130839,0.911715777741797,171,TRUE
1869,1869,1.73552656844841,0.674732722381429,0.916833369063188,172,TRUE
213,213,1.73605292506691,0.506305346984074,0.911490455615507,173,TRUE
660,660,1.73619881385245,0.24454515872101,0.911172152492064,174,TRUE
843,843,1.7363778194331,0.0383515303413798,0.911830244645954,175,TRUE
960,960,1.73667460986751,0.908509204995399,0.912459156603427,176,TRUE
1775,1775,1.73686495507248,0.398886666711061,0.913358820438616,177,TRUE
1818,1818,1.73704495583159,0.341283673764938,0.913005261120909,178,TRUE
764,764,1.73752555930478,0.972013579205745,0.910642699054803,179,TRUE
590,590,1.73773435133844,0.964534648194062,0.91046049386466,180,TRUE
77,77,1.7380754159763,0.0747878326630662,0.911506125816391,181,TRUE
476,476,1.73813015887267,0.401458714483573,0.911058712678087,182,TRUE
1650,1650,1.73846723440159,0.284714554570326,0.911542612412338,183,TRUE
1098,1098,1.73913914704875,0.277259444731857,0.911490277924542,184,TRUE
1026,1026,1.73922787996209,0.0999782206733031,0.910572418230549,185,TRUE
1564,1564,1.73970742110896,0.197820055657378,0.911441580456865,186,TRUE
1010,1010,1.74038917002169,0.910151128829707,0.913396252032346,187,TRUE
725,725,1.74110301620507,0.893888129310388,0.91065789580413,188,TRUE
281,281,1.74221513173195,0.963521618462304,0.910069247956949,189,TRUE
34,34,1.74223468829379,0.976895772044046,0.910391556302315,190,TRUE
580,580,1.74285077904157,0.0943692437488758,0.911051769381756,191,TRUE
505,505,1.74291997074005,0.981440302667243,0.910466271268903,192,TRUE
564,564,1.7430619853306,0.816307995152408,0.910198668399854,193,TRUE
430,430,1.74309115025504,0.555747443809473,0.910158677683222,194,TRUE
24,24,1.74312834592216,0.653582704488302,0.912378731748268,195,TRUE
703,703,1.74324962820176,0.0480804199651364,0.911654517471074,196,TRUE
379,379,1.74356717541465,0.0502524189183054,0.910257580871042,197,TRUE
477,477,1.74366975308232,0.935927601517385,0.909947698386429,198,TRUE
592,592,1.74374855388775,0.230594064531782,0.915603459286184,199,TRUE
339,339,1.74382833283154,0.975194891196735,0.910069151828364,200,TRUE
518,518,1.74383204445615,0.0486376082161476,0.913836494959693,201,TRUE
271,271,1.74624103547814,0.810449900612888,0.909867468816048,202,TRUE
563,563,1.74626634980526,0.689656377091279,0.909941261827458,203,TRUE
88,88,1.74637384962899,0.0355553917424592,0.91742075007243,204,TRUE
1018,1018,1.74662814746105,0.963832121777494,0.909499932917844,205,TRUE
204,204,1.74680749987837,0.163624961809069,0.909711415897314,206,TRUE
1364,1364,1.74709283129666,0.786332515457002,0.910558240580011,207,TRUE
753,753,1.74718729923944,0.287578780845985,0.909673133203674,208,TRUE
66,66,1.7478017273219,0.0396581867015472,0.911224062297746,209,TRUE
278,278,1.74803702843298,0.887013651586754,0.910650396749186,210,TRUE
891,891,1.74808439241884,0.256240425350564,0.91020214296244,211,TRUE
689,689,1.74833560580866,0.706356038142228,0.913979636569287,212,TRUE
814,814,1.74839551223718,0.204351589178529,0.910146180515564,213,TRUE
1812,1812,1.748412919399,0.0238822450814684,0.913657014979535,214,TRUE
1860,1860,1.74853381893932,0.944220983552927,0.920318926313727,215,TRUE
178,178,1.74884398383343,0.780872142205615,0.909252965553061,216,TRUE
1862,1862,1.74884559502507,0.921131063241679,0.910290418865077,217,TRUE
1497,1497,1.74912521150758,0.873610218688196,0.910075500276821,218,TRUE
687,687,1.75018883065741,0.945439177819726,0.909195606356802,219,TRUE
555,555,1.75020680864514,0.741521197980682,0.909910583081518,220,TRUE
1291,1291,1.75035864058576,0.906336810599876,0.909907627178238,221,TRUE
21,21,1.75074406447194,0.916949506303868,0.910164067596739,222,TRUE
1219,1219,1.75106241708691,0.359400261146585,0.909115972124095,223,TRUE
1521,1521,1.75146574824907,0.0900934333353288,0.909758852514134,224,TRUE
478,478,1.7516273245575,0.275908209771938,0.90966444481315,225,TRUE
712,712,1.75166718540594,0.961366745551944,0.911088277478736,226,TRUE
1385,1385,1.75192729213646,0.968334999423467,0.909163503111725,227,TRUE
319,319,1.75198412607653,0.915062655712708,0.909439423966546,228,TRUE
683,683,1.75198627829574,0.880399387561946,0.909811503174181,229,TRUE
999,999,1.75210441355323,0.959684394508535,0.910914317976486,230,TRUE
195,195,1.75223252401486,0.0477912762373198,0.909125962286763,231,TRUE
1368,1368,1.75244511914046,0.179068657023249,0.910475522423006,232,TRUE
628,628,1.75248544351888,0.397169321221577,0.918102505152462,233,TRUE
1265,1265,1.7531516346078,0.879056326131063,0.908912718606304,234,TRUE
1120,1120,1.75325356507819,0.939890204957879,0.908772815331054,235,TRUE
554,554,1.75355658850548,0.721978719292393,0.91235325073243,236,TRUE
868,868,1.75374666442273,0.984115069956078,0.911330388339972,237,TRUE
685,685,1.75408887101608,0.155384346498657,0.913499530417523,238,TRUE
1322,1322,1.75413971002181,0.132709002791526,0.909036206535026,239,TRUE
1800,1800,1.754275253762,0.94173293672681,0.919625664574681,240,TRUE
938,938,1.75439761070629,0.700882218587974,0.909803517221796,241,TRUE
152,152,1.75458665467122,0.925788245134762,0.908661867493125,242,TRUE
56,56,1.75472900260687,0.0485852904584181,0.911678341863753,243,TRUE
1415,1415,1.75503964261271,0.0374564147095739,0.908878288987982,244,TRUE
434,434,1.75535871662867,0.873392038603938,0.909703795490922,245,TRUE
526,526,1.75556082984194,0.343214076723574,0.912133244155025,246,TRUE
1573,1573,1.75570374288307,0.0325015718736157,0.910780167750823,247,TRUE
589,589,1.75580733372986,0.90013011320537,0.909227515635919,248,TRUE
1671,1671,1.75614306569155,0.930082336648531,0.90845624199177,249,TRUE
123,123,1.75683892570982,0.0301021683658451,0.914283613674792,250,TRUE
458,458,1.75713665123388,0.0295976423722485,0.911363279194508,251,TRUE
59,59,1.75744468815899,0.0390554749509477,0.911033204872681,252,TRUE
588,588,1.75783992523078,0.383987392745683,0.908961052464385,253,TRUE
343,343,1.75792642969556,0.100986619738726,0.908288601976051,254,TRUE
1588,1588,1.75857803435223,0.924228001682496,0.908262482572302,255,TRUE
275,275,1.75867688832819,0.228811474565651,0.912538806398237,256,TRUE
1762,1762,1.75894248005822,0.0241328186714029,0.913943193169233,257,TRUE
214,214,1.75932709350211,0.880024486550547,0.908945601440461,258,TRUE
1469,1469,1.75960152331672,0.240748810237592,0.908878960090046,259,TRUE
1816,1816,1.76059572187061,0.462685777017185,0.918264843562267,260,TRUE
188,188,1.7607055503012,0.664768269104239,0.908628814463336,261,TRUE
756,756,1.76078700622597,0.347389041639617,0.908505843595221,262,TRUE
540,540,1.76112770380396,0.780824189507121,0.907989355371329,263,TRUE
370,370,1.761181846723,0.0391658408527035,0.909483435892915,264,TRUE
101,101,1.76133211917316,0.751348599229191,0.908211551733178,265,TRUE
826,826,1.76152735445159,0.0327515029103293,0.909103009877827,266,TRUE
1360,1360,1.76163157305806,0.90336928842737,0.908050086780849,267,TRUE
492,492,1.76164141037845,0.691092705587001,0.909111575379852,268,TRUE
1123,1123,1.76183702326743,0.0686227214753885,0.913224444216979,269,TRUE
673,673,1.76214803585953,0.694462296085499,0.908282941801289,270,TRUE
1829,1829,1.76256708503133,0.966573605095338,0.914863795622292,271,TRUE
536,536,1.76275745871555,0.975436800069836,0.911222043688876,272,TRUE
1539,1539,1.76327871818452,0.867217135686163,0.908991574661392,273,TRUE
1771,1771,1.76340089129097,0.506150335107159,0.917572832075566,274,TRUE
1674,1674,1.76350370363249,0.0682979157040977,0.913127793224134,275,TRUE
655,655,1.76356215453141,0.875068317946584,0.9086579500447,276,TRUE
38,38,1.76359682640723,0.115484627678256,0.908241050272527,277,TRUE
741,741,1.76378635319669,0.620171596746665,0.908303655933545,278,TRUE
392,392,1.76441035048444,0.0839495266483701,0.908161380123213,279,TRUE
562,562,1.76453512775604,0.148577400354991,0.907724294483427,280,TRUE
1792,1792,1.76458980307745,0.704272458858557,0.916745976180575,281,TRUE
650,650,1.76481116718486,0.0273907868306551,0.907660101964446,282,TRUE
1465,1465,1.7653424742194,0.189699892836614,0.907906538765417,283,TRUE
1223,1223,1.76539312022065,0.974052947568857,0.915875970751337,284,TRUE
501,501,1.76546950188687,0.855693395024477,0.907496473013745,285,TRUE
259,259,1.76575306242781,0.871567123204455,0.908446800573616,286,TRUE
360,360,1.76575827003879,0.922256268622877,0.909296404202274,287,TRUE
356,356,1.76601315943719,0.961242049892718,0.908654214434347,288,TRUE
139,139,1.76732587413865,0.970979850872905,0.912308272872098,289,TRUE
617,617,1.76741427925939,0.0577528667119589,0.907604875465828,290,TRUE
670,670,1.76762032608446,0.160965315417989,0.907495209510157,291,TRUE
185,185,1.76785338085228,0.0979995556100791,0.909325859857231,292,TRUE
1897,1897,1.76787516681947,0.822000482581687,0.90926533405031,293,TRUE
146,146,1.76803528932069,0.702124001816876,0.908691871641552,294,TRUE
1276,1276,1.76836653592346,0.761687941437965,0.91093451822179,295,TRUE
1383,1383,1.76851203594826,0.946022981155626,0.907370363080962,296,TRUE
165,165,1.76862416455919,0.331471263244805,0.910077514508113,297,TRUE
251,251,1.76892986061893,0.0605972308786428,0.907194765501319,298,TRUE
1404,1404,1.76987866800406,0.950172183963123,0.907840891541342,299,TRUE
1105,1105,1.77000226635864,0.0383769814668884,0.907392601405277,300,TRUE
17,17,1.77050570720851,0.047522373653619,0.910563248447198,301,TRUE
1019,1019,1.77063062967004,0.689924913128572,0.916412178185959,302,TRUE
954,954,1.77067550670319,0.107273753054066,0.907048656669447,303,TRUE
1831,1831,1.77091672893701,0.941790595104224,0.918339125994146,304,TRUE
1796,1796,1.7709500473407,0.954157974909774,0.915864416222661,305,TRUE
1376,1376,1.77107025245741,0.237830547170303,0.907558764230362,306,TRUE
1357,1357,1.77107228371709,0.942520033765362,0.90717388361377,307,TRUE
311,311,1.7713410833376,0.0551763814063945,0.90904217757248,308,TRUE
324,324,1.77165444689619,0.014537599081464,0.909020268438965,309,TRUE
574,574,1.77186114878513,0.246298194264756,0.90680667723993,310,TRUE
7,7,1.77191398050102,0.888752682863274,0.907416710985131,311,TRUE
1392,1392,1.77227877096854,0.886096685692912,0.910644144424571,312,TRUE
1656,1656,1.77244419508544,0.0365313473768907,0.907157203222524,313,TRUE
45,45,1.77278896542941,0.143866598796708,0.907331912680024,314,TRUE
1491,1491,1.77334353373267,0.348976475072262,0.906607118240511,315,TRUE
239,239,1.77362100627929,0.21381509829272,0.907168511365023,316,TRUE
143,143,1.77366426301652,0.121527999703382,0.906778126702748,317,TRUE
881,881,1.77378192474017,0.0221765108799347,0.912917748896824,318,TRUE
1627,1627,1.7744547139516,0.777427809454747,0.907320974930486,319,TRUE
426,426,1.77447642343842,0.804820136043887,0.906872227841266,320,TRUE
1448,1448,1.77500877182121,0.833672038658391,0.908283720965405,321,TRUE
425,425,1.7756009784742,0.315491013239856,0.907142172950826,322,TRUE
100,100,1.77579244920406,0.203576252781174,0.907824890863048,323,TRUE
1770,1770,1.77604421165045,0.932546689518542,0.908819665117513,324,TRUE
316,316,1.7761573122289,0.966088898052959,0.906521307409129,325,TRUE
571,571,1.7762817075623,0.023548067450832,0.90697449524199,326,TRUE
769,769,1.77639173776183,0.0852269244337163,0.908934211939619,327,TRUE
150,150,1.77670179434782,0.353226346239779,0.906531683918367,328,TRUE
1040,1040,1.77686052735505,0.552095127219612,0.915311318004886,329,TRUE
359,359,1.77689422066134,0.229424997797703,0.908430378694232,330,TRUE
1073,1073,1.77692056196857,0.777150853451407,0.907080515166174,331,TRUE
936,936,1.77696323165583,0.104041158447821,0.908841179475741,332,TRUE
242,242,1.77712957971034,0.74088817878621,0.907066025103806,333,TRUE
1365,1365,1.77717241524207,0.0269916871842485,0.907247342358081,334,TRUE
2076,2076,1.77779345366822,0.0637623478332446,0.91142224810115,335,TRUE
631,631,1.77805590536421,0.919804452634603,0.906741098234204,336,TRUE
1317,1317,1.7785651089639,0.0163045667691291,0.906671531788491,337,TRUE
378,378,1.77898136435137,0.141900383314171,0.91101730360057,338,TRUE
1067,1067,1.77907114666895,0.804005275326716,0.90592167194193,339,TRUE
1042,1042,1.77910406395488,0.874532584155981,0.907364628971312,340,TRUE
1547,1547,1.77973643378922,0.0284648831488551,0.90757031657974,341,TRUE
81,81,1.77998221303182,0.855787354915991,0.906204515785454,342,TRUE
1883,1883,1.78014532869007,0.0324604985568961,0.912482162264643,343,TRUE
399,399,1.78020894322617,0.854772105261077,0.90620826646745,344,TRUE
1455,1455,1.78020894322617,0.854772105261077,0.90620826646745,345,TRUE
832,832,1.78027894185221,0.0202319805554058,0.906885390890318,346,TRUE
30,30,1.78032650301748,0.257564154719569,0.906169451213599,347,TRUE
1429,1429,1.7805000459819,0.110599792442407,0.909125950430897,348,TRUE
738,738,1.78066244756734,0.162348862594536,0.906123611232132,349,TRUE
1228,1228,1.78081300015438,0.968892234309712,0.905850517954725,350,TRUE
674,674,1.78135676921412,0.389027263342305,0.905744704077097,351,TRUE
429,429,1.78158116467405,0.180553828242581,0.906849515500638,352,TRUE
779,779,1.78196590993731,0.870057886277458,0.906281034358295,353,TRUE
979,979,1.78241083861729,0.0230880273711223,0.906022188309012,354,TRUE
480,480,1.78281186457179,0.611753921127651,0.906439503962594,355,TRUE
95,95,1.78297360668516,0.0292344597127589,0.906162633757599,356,TRUE
106,106,1.78322710601881,0.0208448297140627,0.90583946229095,357,TRUE
808,808,1.78328032376922,0.026900034151685,0.905622907919791,358,TRUE
1417,1417,1.7835461115511,0.0902588382767042,0.906967777348038,359,TRUE
19,19,1.78373387035395,0.970995889274583,0.905615432610406,360,TRUE
552,552,1.78375453580421,0.0141610509314638,0.908740313872888,361,TRUE
770,770,1.78407821915289,0.160961485918983,0.905498087411042,362,TRUE
137,137,1.78445341764736,0.602052632810396,0.906271844727168,363,TRUE
1156,1156,1.78461248131526,0.084956992806786,0.906050369944007,364,TRUE
714,714,1.78480292742137,0.350643892034804,0.906729458101919,365,TRUE
467,467,1.78491937930404,0.556144715502676,0.913804183801005,366,TRUE
550,550,1.78505785331267,0.134214461876703,0.906380082086814,367,TRUE
1420,1420,1.7857248296877,0.029870327533552,0.905886012419838,368,TRUE
51,51,1.78574030520742,0.101930044571876,0.909518482891949,369,TRUE
1618,1618,1.78581246516837,0.0226619337716821,0.915224759313719,370,TRUE
658,658,1.78599918632837,0.711092878488957,0.905719426537864,371,TRUE
1726,1726,1.7860349311258,0.739540938024395,0.906605139928734,372,TRUE
1178,1178,1.78603565171015,0.729783652971264,0.906618436092822,373,TRUE
719,719,1.7866622473563,0.592191438388002,0.906289511412318,374,TRUE
561,561,1.78676892637615,0.198331389789642,0.905740758401039,375,TRUE
519,519,1.7868014597989,0.825134121741575,0.907605205652239,376,TRUE
194,194,1.78683177701584,0.175299455058708,0.90791663295667,377,TRUE
156,156,1.78684040820752,0.005155408239731,0.907005684325377,378,TRUE
805,805,1.78741566859245,0.981011855440369,0.90505205244811,379,TRUE
350,350,1.78754573290975,0.144754700819374,0.905470983219059,380,TRUE
154,154,1.78761941870263,0.490950393060096,0.905208522398335,381,TRUE
520,520,1.78783603705024,0.242829762694357,0.907091168775465,382,TRUE
332,332,1.78792831341716,0.257905310875532,0.905300293011919,383,TRUE
489,489,1.78856064631139,0.21854274391038,0.905488173186542,384,TRUE
1760,1760,1.7891574788728,0.558278310931253,0.913266802526826,385,TRUE
1704,1704,1.78917167514357,0.082418386255081,0.905558209961433,386,TRUE
504,504,1.78933598095596,0.476205286008597,0.905035850805516,387,TRUE
412,412,1.78941452133001,0.898484459093764,0.906577184177297,388,TRUE
1945,1945,1.78957430458139,0.0839332232088624,0.908341163829203,389,TRUE
2002,2002,1.78957430458139,0.0839332232088624,0.908341163829203,390,TRUE
2,2,1.78975622535184,0.762875423020374,0.905706137909842,391,TRUE
593,593,1.78990194754707,0.327645309365761,0.904770141156136,392,TRUE
545,545,1.7900358121923,0.966865787881048,0.905115689224081,393,TRUE
1557,1557,1.79006488402232,0.589303764299025,0.905144175444556,394,TRUE
364,364,1.79049309649922,0.104169092084141,0.905265667713023,395,TRUE
2020,2020,1.79052126068636,0.0951186287563672,0.907159821203389,396,TRUE
1190,1190,1.79065259500909,0.839000280065388,0.908043475078368,397,TRUE
1021,1021,1.79106142112911,0.67267435745737,0.909828963928232,398,TRUE
945,945,1.79106236476894,0.00132892278325614,0.905102086789568,399,TRUE
486,486,1.79126471533174,0.167148009239589,0.905124157184828,400,TRUE
556,556,1.79133768287696,0.088740982367908,0.905092698297297,401,TRUE
293,293,1.79135785946633,0.753231088511439,0.905356164945631,402,TRUE
1327,1327,1.79135785946633,0.753231088511439,0.905356164945631,403,TRUE
300,300,1.79141227526247,0.859644044928282,0.904874719079454,404,TRUE
104,104,1.79175064316103,0.053249980327079,0.906757184956677,405,TRUE
1490,1490,1.79199084658026,0.14925508692239,0.905177033764533,406,TRUE
1430,1430,1.79204259816979,0.0370714704311423,0.904654559215016,407,TRUE
310,310,1.79217693465861,0.920893990595771,0.908003467906881,408,TRUE
1351,1351,1.79217693465861,0.920893990595771,0.908003467906881,409,TRUE
652,652,1.79250541799122,0.0168770119004404,0.906398452735313,410,TRUE
2059,2059,1.79255782471779,0.580792973917017,0.906507498058597,411,TRUE
1015,1015,1.79256876073522,0.657951472178819,0.905086764279879,412,TRUE
513,513,1.7928383495642,0.463726190432819,0.906652151732042,413,TRUE
1408,1408,1.79306896772476,0.167071647424178,0.905524410051867,414,TRUE
667,667,1.79332857213998,0.0640703140504764,0.905007753082311,415,TRUE
1409,1409,1.79348984232684,0.920422289694155,0.905387144304393,416,TRUE
159,159,1.79412434416828,0.11888429186784,0.911235560325234,417,TRUE
20,20,1.79413499035873,0.527812943695699,0.904915459261316,418,TRUE
1214,1214,1.79481941034499,0.95445055255257,0.907085644230144,419,TRUE
432,432,1.79488149800286,0.0304305075046325,0.904315904174564,420,TRUE
823,823,1.79494059844415,0.0269663290029287,0.906703955685547,421,TRUE
16,16,1.79516282993918,0.920889916495727,0.907856699592432,422,TRUE
411,411,1.79527477497847,0.823763256922424,0.906045874772154,423,TRUE
1472,1472,1.79575800299123,0.811285028612508,0.904945185335268,424,TRUE
917,917,1.79583215824578,0.0542928890922988,0.906898093682898,425,TRUE
1486,1486,1.79589033545172,0.207218507163099,0.904376886609413,426,TRUE
529,529,1.79605802208949,0.938826075264292,0.904588831567118,427,TRUE
134,134,1.79608542203663,0.0728219115976376,0.906511945921828,428,TRUE
624,624,1.79640184514107,0.534367280241279,0.90510791045917,429,TRUE
642,642,1.79655054622136,0.0608766177335622,0.904181383747605,430,TRUE
507,507,1.7967278433458,0.0602895164293957,0.904490162339975,431,TRUE
1527,1527,1.7967386881962,0.0237141962393285,0.905174874554049,432,TRUE
427,427,1.7968496059406,0.29568819694529,0.906022883585991,433,TRUE
1377,1377,1.79704284483136,0.213557295236635,0.904270343948584,434,TRUE
1390,1390,1.79713197469437,0.0639218960987,0.904160750463772,435,TRUE
621,621,1.79736083168423,0.0306954794211525,0.904264213970614,436,TRUE
1849,1849,1.79777236765381,0.0168491183945785,0.907776434047598,437,TRUE
122,122,1.79782194378844,0.149580159682356,0.905827813534287,438,TRUE
790,790,1.79796261867686,0.974721751314072,0.904039081953996,439,TRUE
680,680,1.79897195824745,0.141308682639769,0.907213083385375,440,TRUE
261,261,1.79925164573816,0.0548741001427627,0.903989824210512,441,TRUE
18,18,1.79934882647654,0.691102846462044,0.903700157290049,442,TRUE
1487,1487,1.79961611253641,0.705020244559,0.904417144102933,443,TRUE
499,499,1.79964809555818,0.34935241701192,0.903973435590815,444,TRUE
1823,1823,1.7997173946872,0.105708362511748,0.919791959659224,445,TRUE
720,720,1.79988742379165,0.109967589972302,0.905949834334792,446,TRUE
189,189,1.79991563344779,0.0878215452926065,0.904061324766256,447,TRUE
1261,1261,1.79998513644723,0.133870978652778,0.903851505825199,448,TRUE
1352,1352,1.80006274180575,0.0411413225189903,0.904866936203956,449,TRUE
1114,1114,1.8014952168906,0.546648212089669,0.912315376690908,450,TRUE
1778,1778,1.8016049128192,0.0158312010914611,0.907090278938974,451,TRUE
121,121,1.80184449396183,0.890359177016738,0.903629895990564,452,TRUE
79,79,1.8018908132921,0.925374529870321,0.903977197425849,453,TRUE
308,308,1.80207184791822,0.100145203394838,0.903532069607232,454,TRUE
1349,1349,1.80207184791822,0.100145203394838,0.903532069607232,455,TRUE
231,231,1.80250416864632,0.21000554110625,0.903650192697023,456,TRUE
633,633,1.80257671151925,0.0234766432304792,0.905079335262466,457,TRUE
994,994,1.80278943830583,0.0381922607030587,0.90348216703891,458,TRUE
250,250,1.80284600648479,0.00163773216095096,0.904495592430361,459,TRUE
456,456,1.8029859735503,0.890167768640848,0.903586683129288,460,TRUE
1525,1525,1.8029859735503,0.890167768640848,0.903586683129288,461,TRUE
1944,1944,1.80310993168007,0.302735976620522,0.918858248088851,462,TRUE
2001,2001,1.80310993168007,0.302735976620522,0.918858248088851,463,TRUE
111,111,1.8032729072867,0.890444262155431,0.903992279582332,464,TRUE
789,789,1.80327408915666,0.649178413652048,0.907022273279489,465,TRUE
1561,1561,1.80349038558259,0.028915275561561,0.90395929609085,466,TRUE
1577,1577,1.80365764021018,0.0174554050020945,0.906436767773749,467,TRUE
611,611,1.80367485893836,0.203240521419191,0.903508648511787,468,TRUE
751,751,1.80381931717798,0.648802706890959,0.906285675647461,469,TRUE
457,457,1.80416124451226,0.169205859579838,0.904279400355739,470,TRUE
1665,1665,1.8041713545604,0.544220917630982,0.912065595821208,471,TRUE
153,153,1.80454433107709,0.0921171931127367,0.910346862712818,472,TRUE
693,693,1.80499613431718,0.525564819807038,0.909501247945603,473,TRUE
363,363,1.80504646194783,0.0830303083006529,0.903121801068356,474,TRUE
2046,2046,1.80510868468012,0.155760095738958,0.913797408416423,475,TRUE
317,317,1.8052426042667,0.645556781143641,0.903261046045808,476,TRUE
1017,1017,1.80548882446545,0.12832639276562,0.913481250756648,477,TRUE
63,63,1.8061576028557,0.0308420957264138,0.907250351977783,478,TRUE
1446,1446,1.80645641690883,0.0571465518059718,0.903062546130088,479,TRUE
442,442,1.8065819627065,0.253813697046374,0.903444056832363,480,TRUE
344,344,1.80724962059012,0.259502798567586,0.903345371839693,481,TRUE
1391,1391,1.80724962059012,0.259502798567586,0.903345371839693,482,TRUE
2038,2038,1.80761690486588,0.984512791606238,0.905610458804512,483,TRUE
1134,1134,1.8077891655751,0.601264060951333,0.905777812293127,484,TRUE
871,871,1.80789952318031,0.798263662129507,0.903219990024005,485,TRUE
1961,1961,1.80821978733378,0.0321221444388913,0.904734112175512,486,TRUE
2023,2023,1.80821978733378,0.0321221444388913,0.904734112175512,487,TRUE
471,471,1.80833920731824,0.932950025948456,0.903409364131905,488,TRUE
801,801,1.80848451081075,0.590530156950668,0.903116654615337,489,TRUE
698,698,1.80879493062211,0.975464759304899,0.902608541839741,490,TRUE
322,322,1.8089572126516,0.114184156820348,0.904036414399151,491,TRUE
1363,1363,1.8089572126516,0.114184156820348,0.904036414399151,492,TRUE
14,14,1.80903416503299,0.087158911714247,0.902806776029351,493,TRUE
482,482,1.80932249420415,0.968221380932298,0.90585071920975,494,TRUE
641,641,1.80932401971666,0.0234576829369258,0.902723466745933,495,TRUE
314,314,1.80938108267251,0.714807312295467,0.903484826431685,496,TRUE
503,503,1.80953694503111,0.108589852832621,0.910418141336255,497,TRUE
385,385,1.80975452172395,0.342055063584493,0.9026966764604,498,TRUE
98,98,1.8097652579101,0.226903744948804,0.903550341684203,499,TRUE
897,897,1.81003409470191,0.0873495341849673,0.904188288858411,500,TRUE
1783,1783,1.81006005944798,0.0562146139747123,0.915132873350628,501,TRUE
1685,1685,1.81116625926814,0.601229286226328,0.905484790189869,502,TRUE
1697,1697,1.81118062114195,0.0253609237655752,0.910927320705407,503,TRUE
1060,1060,1.81134320650262,0.152276122226786,0.902387221688937,504,TRUE
377,377,1.81156365267188,0.838108677894396,0.903250272194118,505,TRUE
1427,1427,1.81156365267188,0.838108677894396,0.903250272194118,506,TRUE
1148,1148,1.81166907080061,0.0253899503146335,0.910888869133631,507,TRUE
935,935,1.81178321741948,0.930818074481849,0.903991374584263,508,TRUE
657,657,1.8117890273817,0.0548609466394701,0.902418515954237,509,TRUE
1459,1459,1.81199458266373,0.679465618420603,0.904010500744601,510,TRUE
1335,1335,1.81206561666615,0.917803976229982,0.902350402167823,511,TRUE
514,514,1.81211482580143,0.461600363489243,0.905931320543755,512,TRUE
1843,1843,1.81212978049774,0.0160055324431289,0.906312649273891,513,TRUE
1599,1599,1.81213095721928,0.33160922009857,0.90426796722321,514,TRUE
262,262,1.81216827757024,0.859232425222161,0.902366226318314,515,TRUE
1827,1827,1.81229380758552,0.864547729297904,0.915109806910941,516,TRUE
299,299,1.81251227047756,0.917643820630417,0.902197291019299,517,TRUE
1337,1337,1.81310141338255,0.148218789639976,0.902218579962134,518,TRUE
659,659,1.81312526751284,0.860002911757647,0.902255511796855,519,TRUE
301,301,1.81328743001213,0.190589116689973,0.902170432878677,520,TRUE
1413,1413,1.81342196946398,0.0856119763328519,0.902798011473643,521,TRUE
65,65,1.8134354999874,0.893297184612127,0.903388150321157,522,TRUE
625,625,1.81366675177948,0.702182339944483,0.902184252833961,523,TRUE
1336,1336,1.81405545391998,0.713659693564478,0.9020782426831,524,TRUE
39,39,1.81413207597932,0.228847982619275,0.902564211617058,525,TRUE
1786,1786,1.81442879890848,0.0340490114965441,0.90739809368555,526,TRUE
733,733,1.81453115415224,0.200875645942601,0.902493583183601,527,TRUE
1875,1875,1.81454001164984,0.111180344504876,0.905633869513656,528,TRUE
222,222,1.81459379377325,0.933262789860011,0.901984069294726,529,TRUE
768,768,1.81484402531474,0.631441426766492,0.901907258290144,530,TRUE
354,354,1.81519623562721,0.205134152784522,0.903893676445621,531,TRUE
1978,1978,1.81524832363233,0.338750689412438,0.90437095316898,532,TRUE
2044,2044,1.81524832363233,0.338750689412438,0.90437095316898,533,TRUE
97,97,1.81541632194619,0.290805952808711,0.902230786638897,534,TRUE
304,304,1.81551792980023,0.550025717970785,0.904335212035246,535,TRUE
175,175,1.81566574877006,0.970489010847348,0.901938574664173,536,TRUE
1401,1401,1.81587746163778,0.0455714052939885,0.901819345549376,537,TRUE
395,395,1.81606375328091,0.869305797416736,0.9023283226537,538,TRUE
502,502,1.81609948207669,0.141402001733271,0.905475613475408,539,TRUE
184,184,1.81625494366774,0.718483215623233,0.902801726065988,540,TRUE
944,944,1.81640494920116,0.294650300683571,0.904606713145578,541,TRUE
1339,1339,1.8164412197879,0.983789481215242,0.901901447188204,542,TRUE
1591,1591,1.81663404792285,0.295401050989151,0.902380928293523,543,TRUE
1450,1450,1.81680800176222,0.866031837468197,0.902240290134406,544,TRUE
400,400,1.81699824433856,0.968035922809165,0.904815237047513,545,TRUE
23,23,1.81701513963002,0.0971816095921052,0.903277003506739,546,TRUE
422,422,1.81756625742004,0.226852574331303,0.901923336141476,547,TRUE
1797,1797,1.81771830955967,0.0395881697042636,0.913326406566946,548,TRUE
160,160,1.81777706381219,0.409337751754859,0.908639557962657,549,TRUE
1471,1471,1.81781535124695,0.726292282473985,0.902227844813099,550,TRUE
334,334,1.81801553073916,0.0359362241893266,0.9041659965319,551,TRUE
699,699,1.81854886410057,0.410510090887943,0.901952349153773,552,TRUE
375,375,1.81855081223238,0.0729192196474073,0.904052136327888,553,TRUE
748,748,1.81860936724898,0.943530513247367,0.901868637802498,554,TRUE
908,908,1.81901224372178,0.516621756686282,0.904680605685549,555,TRUE
533,533,1.81920264394576,0.96676823614958,0.901575091445449,556,TRUE
890,890,1.81921783791372,0.0663443856262156,0.902332391322746,557,TRUE
255,255,1.81924003140414,0.0106035180859333,0.903219358068942,558,TRUE
1520,1520,1.8193691306601,0.953388664080299,0.901993139463479,559,TRUE
1330,1330,1.81947746660764,0.8517053393386,0.90192309305568,560,TRUE
927,927,1.81948351385316,0.981149589983119,0.902382744502555,561,TRUE
13,13,1.81953463672477,0.0770908685154325,0.901893368855693,562,TRUE
2052,2052,1.81966828583042,0.0207262733489541,0.901473327520468,563,TRUE
1981,1981,1.82026431691564,0.823929061705854,0.909610005022211,564,TRUE
2051,2051,1.82026431691564,0.823929061705854,0.909610005022211,565,TRUE
546,546,1.82035664696559,0.71995016666095,0.902065317940391,566,TRUE
11,11,1.82043811917516,0.462748761056024,0.906184146020201,567,TRUE
859,859,1.82046971318387,0.33173211334839,0.903593684589189,568,TRUE
993,993,1.82052652933858,0.00593401280028655,0.901837840473376,569,TRUE
268,268,1.82087350879706,0.937057314726007,0.901939248573256,570,TRUE
439,439,1.82089195081759,0.976272438520112,0.901440492436174,571,TRUE
138,138,1.82090110111858,0.49412475155776,0.901321858689271,572,TRUE
192,192,1.82098145295548,0.915161539579211,0.902495071980383,573,TRUE
862,862,1.82104923535735,0.194816280893436,0.902919281757351,574,TRUE
82,82,1.82129366695247,0.105977480923932,0.901151173739629,575,TRUE
53,53,1.82135867759389,0.00941132610595581,0.901960509834758,576,TRUE
549,549,1.82149961980115,0.674648373242336,0.902112955306038,577,TRUE
1412,1412,1.82157838194098,0.12593671986223,0.901254283067519,578,TRUE
1398,1398,1.82188544647357,0.0984122393095983,0.90137580952664,579,TRUE
217,217,1.82216510220195,0.94255428269332,0.902120007352525,580,TRUE
280,280,1.82243563969492,0.0368303718209528,0.911845385125578,581,TRUE
1782,1782,1.82244347122926,0.639042186729605,0.906470551487101,582,TRUE
431,431,1.82258452639292,0.733270075085742,0.902048913708631,583,TRUE
1493,1493,1.82258452639292,0.733270075085742,0.902048913708631,584,TRUE
220,220,1.82273604752775,0.608791628473372,0.905163557020434,585,TRUE
421,421,1.8231078193088,0.291081229992677,0.901446761324515,586,TRUE
669,669,1.82327809616508,0.924502712576059,0.901637095347444,587,TRUE
496,496,1.82336035274753,0.233199023472419,0.901085669811155,588,TRUE
383,383,1.82391593230259,0.126851621838518,0.901286238402362,589,TRUE
1435,1435,1.82391593230259,0.126851621838518,0.901286238402362,590,TRUE
860,860,1.8240554065963,0.150568484907138,0.902519263574121,591,TRUE
1343,1343,1.82406397549382,0.231090661387234,0.901459059358948,592,TRUE
124,124,1.82408240743197,0.693899699920178,0.903222586841435,593,TRUE
543,543,1.82410751771831,0.891339529906376,0.902484895449226,594,TRUE
1969,1969,1.82416335255424,0.0677619903203889,0.904634489284617,595,TRUE
2034,2034,1.82416335255424,0.0677619903203889,0.904634489284617,596,TRUE
353,353,1.82417654166619,0.0645306574520748,0.904078897329693,597,TRUE
1587,1587,1.82418006769376,0.850510781690412,0.901108076218544,598,TRUE
569,569,1.82419886762556,0.224237884285256,0.900847906232074,599,TRUE
602,602,1.82439429176148,0.892571951131738,0.900879965801057,600,TRUE
493,493,1.82448577376504,0.674970113111986,0.900860265916251,601,TRUE
459,459,1.82458875075903,0.715677217041411,0.903018415515577,602,TRUE
1482,1482,1.82512002850179,0.281251691757522,0.901250670552061,603,TRUE
252,252,1.8252690498997,0.0462732471379168,0.900816358866314,604,TRUE
8,8,1.82531719477079,0.174013037785904,0.900797249960544,605,TRUE
1411,1411,1.82593447483037,0.0980832622784396,0.901190449102423,606,TRUE
70,70,1.82598275470756,0.120520575291043,0.901041684121017,607,TRUE
105,105,1.82626538996116,0.804471287912104,0.901870822270037,608,TRUE
594,594,1.82642057391953,0.922953085596368,0.901130406745988,609,TRUE
102,102,1.82659330640563,0.177454170258576,0.900622654538078,610,TRUE
1492,1492,1.82670698330928,0.263425371102297,0.900940061277694,611,TRUE
906,906,1.82679709911687,0.875030535648742,0.901150164615226,612,TRUE
848,848,1.82691331558414,0.295676197623585,0.901294885869811,613,TRUE
240,240,1.82693531087598,0.908346267995129,0.902271629647174,614,TRUE
288,288,1.82695309576526,0.296927924994724,0.901164627363709,615,TRUE
485,485,1.82707676388865,0.128428225000239,0.901483660135477,616,TRUE
821,821,1.82721694132526,0.0267162661117155,0.901425170051538,617,TRUE
307,307,1.82752206517036,0.0722627035836305,0.900691109693502,618,TRUE
682,682,1.82770381670939,0.780861254235491,0.902096416214056,619,TRUE
148,148,1.82772938178286,0.207107305509295,0.900573199123877,620,TRUE
732,732,1.82779810265503,0.0790253297115287,0.901119594817276,621,TRUE
1526,1526,1.82822654136489,0.10872763182042,0.900791747908349,622,TRUE
1608,1608,1.82835909911527,0.494764092441636,0.901843869437469,623,TRUE
367,367,1.82847296241646,0.131274873340337,0.908558487322597,624,TRUE
260,260,1.82851441956898,0.881674357795668,0.900610124407732,625,TRUE
1457,1457,1.82852281567939,0.919444495715702,0.904001117200005,626,TRUE
572,572,1.8286700339503,0.675511412422472,0.902880683418657,627,TRUE
494,494,1.82873763828786,0.531868366574499,0.901511075066954,628,TRUE
1494,1494,1.82879209619568,0.0255729245095775,0.900524199234784,629,TRUE
404,404,1.82880657855909,0.25235555412082,0.900432813677558,630,TRUE
166,166,1.82884759263374,0.695216573746739,0.900701486542051,631,TRUE
416,416,1.82924154647117,0.206905008303607,0.901464598576797,632,TRUE
498,498,1.82959545745394,0.936364690333834,0.901902921171662,633,TRUE
172,172,1.8297053670991,0.921030899401345,0.900456913291674,634,TRUE
707,707,1.8298903109371,0.730574702043755,0.901092293215301,635,TRUE
656,656,1.83024745334342,0.881259278085996,0.900305293702417,636,TRUE
988,988,1.83029815477162,0.359761000515958,0.900172338950344,637,TRUE
1234,1234,1.83030616012699,0.050419091445154,0.90108019431556,638,TRUE
637,637,1.830448166988,0.0543156369974956,0.902219592317811,639,TRUE
202,202,1.83047200561268,0.232504163998819,0.904540795538443,640,TRUE
273,273,1.8308771031781,0.0879417313203375,0.900229224319662,641,TRUE
228,228,1.8311170356484,0.844001751872297,0.900286414379685,642,TRUE
158,158,1.83123796921867,0.532857374674203,0.900325435840029,643,TRUE
528,528,1.83139603522232,0.158887214944524,0.899995408574897,644,TRUE
512,512,1.83147992199053,0.532590773517927,0.900296887688636,645,TRUE
1528,1528,1.83172713088061,0.655254311385809,0.902445211029774,646,TRUE
511,511,1.83177685292392,0.579227790572377,0.900155059391388,647,TRUE
84,84,1.83177883074797,0.219310446798041,0.900089360910268,648,TRUE
608,608,1.83201810000946,0.828115507858723,0.900206170884274,649,TRUE
1605,1605,1.83213827761776,0.626306069507337,0.900111867703908,650,TRUE
42,42,1.83232130153445,0.65476400456259,0.900756862330726,651,TRUE
560,560,1.83237224098831,0.239725575659479,0.900876545003743,652,TRUE
1725,1725,1.83244995377914,0.934720139930082,0.902569167935118,653,TRUE
1463,1463,1.83261041597497,0.919327691283838,0.900862006467472,654,TRUE
394,394,1.83300491425915,0.741460266496051,0.899815449478456,655,TRUE
264,264,1.83309238555305,0.26937791049768,0.904378238348412,656,TRUE
1622,1622,1.83337047159921,0.907383475358809,0.900347735611086,657,TRUE
885,885,1.8334566083801,0.907059110931571,0.900339422760464,658,TRUE
1177,1177,1.83351915691556,0.934694965083665,0.90248930513001,659,TRUE
1001,1001,1.83379321161238,0.0406791918492313,0.899857203586633,660,TRUE
1467,1467,1.83397584069249,0.950992635786789,0.901277975193984,661,TRUE
74,74,1.83400151602615,0.286721080331234,0.902129675512953,662,TRUE
174,174,1.83409822690369,0.969317371258854,0.90007632438265,663,TRUE
1157,1157,1.83413459384876,0.635576676924075,0.903175739936111,664,TRUE
1705,1705,1.83437075499202,0.635581860083087,0.903148560842502,665,TRUE
116,116,1.83501369434859,0.181617529407509,0.899638307556906,666,TRUE
198,198,1.83543143117972,0.617089917289843,0.902367525710086,667,TRUE
1059,1059,1.83565631643505,0.560909952412926,0.910807791252751,668,TRUE
393,393,1.83603097741891,0.164738354750655,0.899602514902995,669,TRUE
754,754,1.83611118951147,0.898682606658834,0.89945803614022,670,TRUE
677,677,1.83624361631932,0.0878718634582209,0.899595655020222,671,TRUE
381,381,1.83663600412367,0.0695585591306573,0.899905980146312,672,TRUE
521,521,1.83704610585797,0.704151084160594,0.899853751061249,673,TRUE
841,841,1.83719735411857,0.339530314861659,0.9013211306405,674,TRUE
678,678,1.83723664847866,0.928056937788825,0.90764607781984,675,TRUE
644,644,1.83725358836003,0.0462621523602898,0.899345312740147,676,TRUE
939,939,1.83753946498908,0.088529237873386,0.899810824671452,677,TRUE
407,407,1.83759257713223,0.95440065747388,0.90125656653069,678,TRUE
1814,1814,1.83772582156117,0.333587716628056,0.907686682715096,679,TRUE
403,403,1.83773960993691,0.219331595746739,0.899419095796475,680,TRUE
254,254,1.83787356487336,0.0836253134235773,0.899312984650832,681,TRUE
401,401,1.83788765120889,0.105608782833182,0.899280845234517,682,TRUE
132,132,1.83797480444263,0.0787389198736956,0.899339064203295,683,TRUE
558,558,1.83821463288576,0.91470174918128,0.900238154294449,684,TRUE
305,305,1.83823782520184,0.0158943464801783,0.905049920934434,685,TRUE
831,831,1.83876491515195,0.78867983816112,0.903149726623724,686,TRUE
376,376,1.83893964305124,0.817053870012155,0.899905485462566,687,TRUE
1426,1426,1.83893964305124,0.817053870012155,0.899905485462566,688,TRUE
643,643,1.83934305613369,0.616929600083064,0.899239777635295,689,TRUE
128,128,1.83948130264024,0.44532255077762,0.899365072652583,690,TRUE
464,464,1.83951956500986,0.44477754563933,0.899361093828407,691,TRUE
1534,1534,1.83951956500986,0.44477754563933,0.899361093828407,692,TRUE
180,180,1.83953290854624,0.827413579016328,0.903285576488303,693,TRUE
1586,1586,1.83976733937092,0.338833873398164,0.901062700273146,694,TRUE
1119,1119,1.83987873499897,0.781857322671262,0.899423027928404,695,TRUE
110,110,1.83992064050315,0.85005226173195,0.89937901779466,696,TRUE
763,763,1.84030813848575,0.102273704511333,0.899135496982497,697,TRUE
1670,1670,1.84049655352491,0.781848997845908,0.899358477291676,698,TRUE
1432,1432,1.84064529330599,0.0588319923699212,0.899493816704679,699,TRUE
1913,1913,1.84089134508646,0.0673533743162696,0.902570913089477,700,TRUE
64,64,1.84092218301772,0.817995163405444,0.899714946836957,701,TRUE
1407,1407,1.84125175991357,0.0749244163870043,0.898935206068665,702,TRUE
1602,1602,1.84127585374425,0.109855182730308,0.901934980167893,703,TRUE
1488,1488,1.84129821530013,0.264500873788203,0.899577810198694,704,TRUE
818,818,1.84163795109181,0.187741454326106,0.903012868805776,705,TRUE
710,710,1.8417911069845,0.789740369461104,0.901535364908485,706,TRUE
176,176,1.84181572600612,0.328498535894545,0.898983944900129,707,TRUE
1787,1787,1.84203950503008,0.885048972687128,0.907767330867756,708,TRUE
1505,1505,1.84207652056416,0.969730413076913,0.898916360884867,709,TRUE
133,133,1.8421192930547,0.967856767224797,0.904406375248033,710,TRUE
586,586,1.84223609143781,0.420082793362846,0.899777762099385,711,TRUE
761,761,1.84273122031979,0.1036065669518,0.898928902786066,712,TRUE
1462,1462,1.84293936859191,0.195363281112425,0.89886262722067,713,TRUE
1483,1483,1.84297108002615,0.163897172674586,0.898846718368468,714,TRUE
58,58,1.84306475942032,0.304452795192772,0.899828810985358,715,TRUE
32,32,1.84313375780171,0.0119978214044157,0.905358021839027,716,TRUE
566,566,1.84345858115002,0.550933440571631,0.900986992787728,717,TRUE
1437,1437,1.8436765884293,0.213358042248251,0.898998722006165,718,TRUE
244,244,1.84386186069822,0.645387483347025,0.898672576197195,719,TRUE
627,627,1.84392911120517,0.869847217586206,0.899742273680286,720,TRUE
1464,1464,1.84409585421698,0.194895967308407,0.898867999998841,721,TRUE
450,450,1.84413585128804,0.123857481362659,0.898537989566157,722,TRUE
1517,1517,1.84413585128804,0.123857481362659,0.898537989566157,723,TRUE
865,865,1.84424332515388,0.0597624985995641,0.901089927502626,724,TRUE
705,705,1.84433789458154,0.16587271388962,0.89855731547116,725,TRUE
306,306,1.84460045263047,0.0764047273995004,0.899137178431193,726,TRUE
369,369,1.84463745740268,0.30445641101916,0.899669700881228,727,TRUE
1988,1988,1.84488347131642,0.971005162121111,0.903590840484352,728,TRUE
2065,2065,1.84488347131642,0.971005162121111,0.903590840484352,729,TRUE
734,734,1.84519437019101,0.162786664715809,0.898649092310617,730,TRUE
1449,1449,1.84526942045498,0.641271370719221,0.898420505873521,731,TRUE
68,68,1.84543534128803,0.0693981851486137,0.898941377576877,732,TRUE
708,708,1.84553014435084,0.296309558863739,0.898714489212974,733,TRUE
107,107,1.84561652824962,0.364927758835016,0.898517125837592,734,TRUE
1425,1425,1.84577816076117,0.0542981956282453,0.899816361566318,735,TRUE
347,347,1.84589326071445,0.667732553008449,0.8991677406896,736,TRUE
1848,1848,1.84593282968762,0.057761340520398,0.902311400790667,737,TRUE
530,530,1.84594384028895,0.885216832054245,0.898474694813173,738,TRUE
472,472,1.8461237058942,0.078836598598424,0.898283374440517,739,TRUE
691,691,1.84638683698887,0.0849409288903815,0.899088799811574,740,TRUE
1508,1508,1.84652898494101,0.150381945550238,0.898438784339981,741,TRUE
22,22,1.84676908117167,0.896215845967967,0.898732770658232,742,TRUE
867,867,1.84715482893373,0.638363491020161,0.898413772315749,743,TRUE
912,912,1.84715610815162,0.690400049440675,0.898498601920578,744,TRUE
1037,1037,1.8473483735853,0.647429499776099,0.899862008364768,745,TRUE
1600,1600,1.84742473488262,0.147846123700005,0.901663557837045,746,TRUE
318,318,1.84743631078187,0.167452796588248,0.898754418471934,747,TRUE
209,209,1.84752571889893,0.33024779846495,0.898416083263584,748,TRUE
276,276,1.84765122534964,0.0476878628321557,0.899503834055541,749,TRUE
1331,1331,1.8477417864631,0.464958458300218,0.89823512970236,750,TRUE
390,390,1.84774854779685,0.347517058482259,0.89900550158685,751,TRUE
1444,1444,1.84774854779685,0.347517058482259,0.89900550158685,752,TRUE
295,295,1.84776731511747,0.660169485855773,0.898306936333089,753,TRUE
1835,1835,1.84779815000534,0.0616049159181921,0.902562762751715,754,TRUE
771,771,1.84795728128068,0.0986851312827093,0.898195706861028,755,TRUE
1790,1790,1.84798902096487,0.969414169068412,0.921065681374691,756,TRUE
681,681,1.84839040315025,0.0470820330563506,0.899421495266448,757,TRUE
647,647,1.84848982202389,0.0507723390412765,0.899968439049711,758,TRUE
50,50,1.84850753783643,0.156703379872132,0.898261033336925,759,TRUE
76,76,1.84872645807254,0.711653085447369,0.898306150708539,760,TRUE
389,389,1.84882215471943,0.529180862953802,0.899453789025144,761,TRUE
727,727,1.84906426831786,0.890102120241593,0.899218858296638,762,TRUE
1669,1669,1.84927646005344,0.359871137794068,0.90149646890563,763,TRUE
433,433,1.84955408359843,0.420786564110965,0.898053083630548,764,TRUE
36,36,1.8496426728861,0.140346683562105,0.898144717878102,765,TRUE
2055,2055,1.84972217212784,0.863251266023677,0.898592997803382,766,TRUE
1660,1660,1.8497317266747,0.0145346908858977,0.899516450713205,767,TRUE
109,109,1.84984256408923,0.048777657394167,0.898579038676449,768,TRUE
537,537,1.84995731537383,0.318652859534782,0.898100776317745,769,TRUE
1118,1118,1.84997619710659,0.343058168685629,0.901347926809104,770,TRUE
622,622,1.84998698305721,0.805233918167952,0.899770072805711,771,TRUE
1358,1358,1.85004315915741,0.442577408823022,0.898353666118583,772,TRUE
1765,1765,1.85015950787097,0.282059848253611,0.91307378621716,773,TRUE
117,117,1.85019349654074,0.852633467188082,0.898748431159796,774,TRUE
713,713,1.85033114566718,0.189473027940874,0.898347091539731,775,TRUE
25,25,1.85042453833445,0.969334320755207,0.897880029051171,776,TRUE
1419,1419,1.85044538691394,0.264626505132355,0.899165151212564,777,TRUE
1170,1170,1.85074406666786,0.981268163191742,0.900310655828734,778,TRUE
842,842,1.85078348531179,0.83884287001023,0.898169139417333,779,TRUE
187,187,1.85079285461665,0.00778369803913311,0.905421993571448,780,TRUE
61,61,1.85084184587236,0.758933255281174,0.897748172616292,781,TRUE
1718,1718,1.85091559096684,0.981199799069683,0.900228580876076,782,TRUE
836,836,1.85099106683564,0.159245002635516,0.898186249142938,783,TRUE
1109,1109,1.85099449193346,0.0145049788570406,0.899408863011123,784,TRUE
75,75,1.85102123760828,0.331164256330549,0.8986820002657,785,TRUE
532,532,1.8512030538311,0.958639065206083,0.897982354474301,786,TRUE
1729,1729,1.85187069773558,0.121153495530394,0.904353960444082,787,TRUE
648,648,1.85214570702919,0.0694620196354706,0.897612089935625,788,TRUE
1025,1025,1.85226284363191,0.468462843231979,0.898426190494127,789,TRUE
372,372,1.85230177993221,0.694316966691428,0.897563872574253,790,TRUE
1422,1422,1.85230177993221,0.694316966691428,0.897563872574253,791,TRUE
788,788,1.85264656367126,0.0367018108913654,0.899181139287942,792,TRUE
1990,1990,1.85264918413579,-0.0133816138593083,0.901237832796621,793,TRUE
2068,2068,1.85264918413579,-0.0133816138593083,0.901237832796621,794,TRUE
33,33,1.8528161951179,0.934190574624773,0.897519013668685,795,TRUE
1181,1181,1.85292334868467,0.121188793866497,0.904321894076436,796,TRUE
1581,1581,1.85298044248859,0.152208695441154,0.897944753840718,797,TRUE
910,910,1.85307772594871,-0.00446430686926178,0.898786864458686,798,TRUE
114,114,1.85333879161237,0.13149691994795,0.89795502189124,799,TRUE
1299,1299,1.85340170933721,0.0139213571516874,0.901848853767039,800,TRUE
249,249,1.85353725746661,0.156122084713596,0.901885265039261,801,TRUE
755,755,1.85361949895364,0.085404211819391,0.897731517712574,802,TRUE
272,272,1.85382470520966,0.865792361203855,0.897508574201466,803,TRUE
1589,1589,1.85391373542272,0.938831382044987,0.8983867768742,804,TRUE
438,438,1.85394554509024,0.867569884995937,0.897607560736182,805,TRUE
78,78,1.85394774669936,0.165630871937733,0.897514062587458,806,TRUE
461,461,1.85411328279521,0.0448172366908556,0.897799725956631,807,TRUE
1478,1478,1.85411585707843,0.293204022700313,0.897864912494708,808,TRUE
1355,1355,1.8542297541118,0.498882170022462,0.899797326081217,809,TRUE
765,765,1.85448835007484,0.0235704402137943,0.897509314692602,810,TRUE
918,918,1.85449551310161,0.135842734640613,0.900165458078307,811,TRUE
1901,1901,1.85470634909634,0.0075480341898588,0.898618908465573,812,TRUE
289,289,1.85484399450961,0.447566277832992,0.897502256919113,813,TRUE
1755,1755,1.85559800740811,0.0741265743038553,0.902979194165604,814,TRUE
635,635,1.85589023719028,0.416832816798657,0.897235853770603,815,TRUE
1611,1611,1.85606198474621,0.0727958126310558,0.898311181954971,816,TRUE
31,31,1.85644732092224,0.116665132932171,0.897175746232153,817,TRUE
795,795,1.85657376432505,0.557271688767268,0.897068756129045,818,TRUE
491,491,1.85674807637566,0.901259796428614,0.897922537263603,819,TRUE
342,342,1.85684746357841,0.909779202832489,0.897429830310939,820,TRUE
629,629,1.85686099331783,0.202598863567076,0.897557132235635,821,TRUE
54,54,1.85692400921552,0.0235613881538513,0.89946277456373,822,TRUE
661,661,1.85702112122374,0.132468591735712,0.897553433525749,823,TRUE
1055,1055,1.85727713408354,0.880533869594146,0.897476021086159,824,TRUE
73,73,1.85737557943429,0.197282285299999,0.897645779944416,825,TRUE
1863,1863,1.85755034349433,0.777131032014061,0.915342258760416,826,TRUE
1388,1388,1.85758547770622,0.905157616904844,0.897289821448044,827,TRUE
1421,1421,1.85769155725666,0.920598444096697,0.897339648401961,828,TRUE
481,481,1.85769807155398,0.459082890978098,0.897120894223375,829,TRUE
852,852,1.85777973345469,0.0428560180314469,0.906061462988332,830,TRUE
899,899,1.85782299433881,0.5598052620228,0.897483076597029,831,TRUE
436,436,1.85793092743988,0.0411622838822913,0.897468753326977,832,TRUE
225,225,1.85793670097892,0.053320308494082,0.898518011447268,833,TRUE
1570,1570,1.85802783134487,0.0265500841546661,0.902429341999877,834,TRUE
326,326,1.85824363838187,0.95381949150081,0.897053794491944,835,TRUE
1367,1367,1.85824363838187,0.95381949150081,0.897053794491944,836,TRUE
676,676,1.85829132398132,0.86433357160694,0.896930681851724,837,TRUE
357,357,1.85831675571168,0.159885961908603,0.897135463661034,838,TRUE
1706,1706,1.85841304756062,0.00661525735563763,0.899985918871872,839,TRUE
1047,1047,1.85844056080219,0.0404065893836798,0.898085516643349,840,TRUE
212,212,1.85844322794337,0.0459485435082362,0.908094546978675,841,TRUE
1590,1590,1.85860949593434,0.560373495986474,0.901030497702874,842,TRUE
1158,1158,1.85863578524055,0.0065121619715163,0.900092829133017,843,TRUE
794,794,1.85877463247546,0.032479680265048,0.901675566856372,844,TRUE
256,256,1.85894286957375,0.00793347388824782,0.902664893750973,845,TRUE
144,144,1.85901027744371,0.958426177495387,0.898035164882535,846,TRUE
37,37,1.85908152126675,0.921978608807385,0.897482714779799,847,TRUE
1447,1447,1.85909192773159,0.11445819440881,0.897103595010488,848,TRUE
451,451,1.85909439018575,0.859704454057409,0.897885720769308,849,TRUE
286,286,1.85910965368213,0.333356495759749,0.896853483366361,850,TRUE
294,294,1.8592142558378,0.138378882535479,0.896909348797646,851,TRUE
1380,1380,1.85921473954545,0.0335970197850226,0.897248747779884,852,TRUE
345,345,1.85929355145597,0.914087099998076,0.897486301313668,853,TRUE
1393,1393,1.85929355145597,0.914087099998076,0.897486301313668,854,TRUE
1361,1361,1.85999208734333,0.797277001975713,0.896729938535501,855,TRUE
1953,1953,1.86006224011474,0.905184703747346,0.897274006954585,856,TRUE
2012,2012,1.86006224011474,0.905184703747346,0.897274006954585,857,TRUE
320,320,1.86021504320531,0.902120064898808,0.896746571360312,858,TRUE
388,388,1.86025652494217,0.197929779159354,0.897342154578028,859,TRUE
1442,1442,1.86025652494217,0.197929779159354,0.897342154578028,860,TRUE
267,267,1.86046225056761,0.366456364906701,0.898549297765485,861,TRUE
371,371,1.86047416676628,0.922833263587919,0.897131129447884,862,TRUE
235,235,1.86054094714892,0.214040105178378,0.896599751058606,863,TRUE
846,846,1.86061651403686,0.560431853987354,0.900859453714424,864,TRUE
40,40,1.86085190210824,0.927884488280748,0.897415002386881,865,TRUE
449,449,1.86104628095036,0.0653313131688754,0.896732478299943,866,TRUE
1777,1777,1.86109337658821,0.921335191053577,0.910631718876883,867,TRUE
333,333,1.86126223953241,0.115914048963784,0.896600247223333,868,TRUE
684,684,1.86149623450938,0.934365526068313,0.89672958023106,869,TRUE
581,581,1.86153599271622,0.3476106507126,0.896658808280405,870,TRUE
605,605,1.86167906590132,0.0531406843251813,0.897223914344155,871,TRUE
1095,1095,1.86168645752283,0.0157650298491519,0.897691303147838,872,TRUE
758,758,1.86214230976384,0.969064774973308,0.896412972250399,873,TRUE
1359,1359,1.8623132296451,0.113269328119742,0.897486028573377,874,TRUE
349,349,1.86259370610916,0.142223895273111,0.896372110498152,875,TRUE
1320,1320,1.86261109252489,0.179849229037254,0.896531792532921,876,TRUE
1344,1344,1.86277574702889,0.01337487671331,0.898299142696752,877,TRUE
697,697,1.86290587654312,0.311153291051978,0.896405219310442,878,TRUE
1531,1531,1.86299083336141,0.0566298361806133,0.896457486983486,879,TRUE
668,668,1.86301600298116,0.237565627156841,0.896793811272102,880,TRUE
640,640,1.86319234834188,0.176624225939324,0.899899418095309,881,TRUE
312,312,1.86355694775814,0.823359448770435,0.896277669710567,882,TRUE
248,248,1.86362631121667,0.281467508143323,0.896993258877114,883,TRUE
666,666,1.86371156619451,0.305536008928816,0.896875636905582,884,TRUE
1550,1550,1.86383034640752,0.031037260075693,0.901197993311418,885,TRUE
447,447,1.86383470619949,0.133924964412908,0.896876882494001,886,TRUE
1809,1809,1.86412142648608,0.0583525801910015,0.901417938692259,887,TRUE
1321,1321,1.86446674080134,0.0297372597426547,0.896282068636512,888,TRUE
1780,1780,1.8645367375817,0.0352767081442615,0.901531001072013,889,TRUE
904,904,1.86467491878399,0.389726920489943,0.896386842131054,890,TRUE
246,246,1.86484803573558,0.0207910759993682,0.902195136533708,891,TRUE
1842,1842,1.86486619620661,0.0506515674946652,0.901054601330884,892,TRUE
1395,1395,1.86497655361775,0.572367049783985,0.897279670776636,893,TRUE
1499,1499,1.86502024787587,0.0361648343858972,0.896526777500675,894,TRUE
598,598,1.86510839690597,0.42597635052738,0.898821185051489,895,TRUE
1759,1759,1.86516177772271,0.972731746131677,0.903423238885057,896,TRUE
1647,1647,1.86520524264297,0.0153187333648459,0.897294376974572,897,TRUE
696,696,1.86537928707524,0.927112648511488,0.89603459651806,898,TRUE
338,338,1.86540915036791,0.884795523318987,0.896023943813263,899,TRUE
1259,1259,1.86554154556525,0.525053943318315,0.901226956302026,900,TRUE
1378,1378,1.86573262626253,0.10581672039089,0.896055856035819,901,TRUE
149,149,1.86577911017073,0.704803330825924,0.896296350991818,902,TRUE
1048,1048,1.86586626247247,0.145519668635907,0.896984907585042,903,TRUE
265,265,1.86590190639769,0.121320744878666,0.896462165730443,904,TRUE
1496,1496,1.86592438458078,0.30953205974537,0.896172935992818,905,TRUE
12,12,1.8660980994141,0.0162339038447264,0.906807696871087,906,TRUE
145,145,1.86626437600232,0.674682178045997,0.897547430720619,907,TRUE
752,752,1.86643969644051,0.0757330423204932,0.896144470562253,908,TRUE
1495,1495,1.86647609260552,0.952397204945008,0.898897507789847,909,TRUE
391,391,1.86651762334045,0.701937885522116,0.896337873186913,910,TRUE
1305,1305,1.86664007515344,0.0216873745476421,0.895886077988766,911,TRUE
802,802,1.86681809782585,0.139039762287397,0.895875485897473,912,TRUE
374,374,1.86684891155378,0.889732553584477,0.89606039915404,913,TRUE
1402,1402,1.86696614823338,0.140510016951837,0.896641079579621,914,TRUE
463,463,1.86702512440586,0.451424408826072,0.896123439446558,915,TRUE
483,483,1.86706945432745,0.733936616396547,0.900604427587604,916,TRUE
452,452,1.86720922678365,0.101069459477615,0.896029954070255,917,TRUE
1519,1519,1.86720922678365,0.101069459477615,0.896029954070255,918,TRUE
1730,1730,1.86732775342904,-0.0171800854049996,0.897775126192517,919,TRUE
179,179,1.8673513521346,0.225582850904796,0.896020034077374,920,TRUE
241,241,1.86740665374842,0.14860374890858,0.896126591152368,921,TRUE
662,662,1.86761716951622,0.668564307941206,0.895937079969971,922,TRUE
1460,1460,1.86766549434922,0.07471692938486,0.896023176144151,923,TRUE
700,700,1.8676945646672,0.932846309774174,0.896059571766372,924,TRUE
1342,1342,1.86772563833421,0.410457918237716,0.896609427146989,925,TRUE
834,834,1.86793357630066,0.028229785036828,0.897125770984517,926,TRUE
1182,1182,1.86853530491885,-0.0170040556734582,0.897406279243406,927,TRUE
772,772,1.86859639623452,0.879710825522919,0.898465610121734,928,TRUE
151,151,1.86876482821594,0.0402347964621915,0.897888394533454,929,TRUE
983,983,1.86899564670964,0.0916869113738238,0.898776059495424,930,TRUE
266,266,1.8691415433702,0.648588066243164,0.895759813778049,931,TRUE
616,616,1.86952830235244,0.205009277963757,0.895542919053199,932,TRUE
636,636,1.86956665529613,0.241738132113596,0.895873857857342,933,TRUE
547,547,1.87018757334483,0.0643367360670963,0.896214365045624,934,TRUE
497,497,1.87036325706885,0.703498494501209,0.895731717069406,935,TRUE
1136,1136,1.87062188785032,0.234684678033096,0.895779545019564,936,TRUE
709,709,1.87063306127426,0.201980100404496,0.896044218991086,937,TRUE
957,957,1.87095772201931,0.571666546927813,0.895731350011431,938,TRUE
1687,1687,1.8709847681438,0.232506032116365,0.895735492321921,939,TRUE
1384,1384,1.87105472410619,0.856070571820048,0.89536993268857,940,TRUE
1323,1323,1.87108966242532,0.353640574102723,0.89572819234946,941,TRUE
1995,1995,1.87110218792667,0.0472726201025189,0.89981391920492,942,TRUE
1428,1428,1.87120583233456,0.926749168155452,0.897050180234972,943,TRUE
1288,1288,1.87125542788617,0.0397676611661575,0.897980032025904,944,TRUE
975,975,1.87142326784964,0.323119902709822,0.895564101078447,945,TRUE
866,866,1.87182417708826,0.0117398552936184,0.895269495813856,946,TRUE
245,245,1.87209608699995,0.282854093067477,0.895646953359819,947,TRUE
352,352,1.87249481178353,0.0943487921787732,0.89590093518716,948,TRUE
161,161,1.87250818332114,0.925628547303428,0.895453319495776,949,TRUE
553,553,1.8725377796034,0.146213881662249,0.898928221487782,950,TRUE
1050,1050,1.87274097988403,0.106783381922367,0.895218416532885,951,TRUE
118,118,1.87275477308231,0.0906759774678617,0.895416648999181,952,TRUE
639,639,1.87286715781716,0.230446293930465,0.895860370787759,953,TRUE
3,3,1.87307591947357,0.0636547368688436,0.89591898902531,954,TRUE
716,716,1.87321830253986,0.671601900072572,0.899419175758515,955,TRUE
1840,1840,1.87330983645481,0.044549563897556,0.90167860307387,956,TRUE
762,762,1.87339379824805,0.101402071050215,0.895272615640128,957,TRUE
1926,1926,1.87340619755841,0.261535014521803,0.898012265499283,958,TRUE
587,587,1.87347035733869,0.141444748081414,0.899834028476099,959,TRUE
786,786,1.87371050401812,0.0379438615832206,0.896127371802325,960,TRUE
688,688,1.87415460508548,0.177945727983288,0.895105035991161,961,TRUE
1416,1416,1.87416656800427,0.319207760721724,0.89577339703365,962,TRUE
773,773,1.87429061364911,0.057643196255311,0.895650722593885,963,TRUE
1400,1400,1.87451072151634,0.0850067701133063,0.8957253329049,964,TRUE
1821,1821,1.87475720453597,0.043886144585479,0.901556757096486,965,TRUE
1529,1529,1.87477711107091,0.6581886803465,0.895117437133803,966,TRUE
1522,1522,1.87493472633645,0.0963613356886298,0.894951776870437,967,TRUE
226,226,1.87496798530467,0.200905802733749,0.894950038761546,968,TRUE
341,341,1.87505833494261,0.142159816988425,0.895002850041798,969,TRUE
279,279,1.87506760098024,0.934073529398094,0.895584226101107,970,TRUE
62,62,1.87521926183107,0.531649043926808,0.894947756281035,971,TRUE
998,998,1.87522202269122,0.959281207029253,0.895460131578835,972,TRUE
157,157,1.87529878436721,0.405749743108209,0.894879845796627,973,TRUE
1405,1405,1.87564083131078,0.129440032913564,0.895172313087112,974,TRUE
510,510,1.87584350204192,0.016503591908873,0.902636442192461,975,TRUE
747,747,1.87589401523125,0.0540814744047537,0.895963710225062,976,TRUE
1063,1063,1.87600921750702,0.0638870814093958,0.895072098350979,977,TRUE
1533,1533,1.87644726467812,0.291924934640469,0.895107681426308,978,TRUE
704,704,1.87653347471795,0.0260979453975424,0.895035463754905,979,TRUE
1518,1518,1.87678454808162,0.860106194085034,0.896228286112185,980,TRUE
926,926,1.87692184438845,0.973621275804355,0.895102882630536,981,TRUE
2099,2099,1.87693593971235,0.0188499870432601,0.897079205522939,982,TRUE
2102,2102,1.87693593971235,0.0188499870432601,0.897079205522939,983,TRUE
2105,2105,1.87693593971235,0.0188499870432601,0.897079205522939,984,TRUE
2107,2107,1.87693593971235,0.0188499870432601,0.897079205522939,985,TRUE
1122,1122,1.87714106522567,0.312278718523018,0.8973291721984,986,TRUE
759,759,1.87737908981333,0.882388531114522,0.89706447474825,987,TRUE
454,454,1.87753614149619,0.0320203936479617,0.894702438873772,988,TRUE
1673,1673,1.87757319197792,0.2988787737179,0.897213384888646,989,TRUE
651,651,1.877743205198,-0.00663713856249768,0.89685031660999,990,TRUE
60,60,1.87777974838884,0.924684091985179,0.895520341356278,991,TRUE
1810,1810,1.87781432664179,0.288785435167492,0.902899702294775,992,TRUE
1034,1034,1.87792496155743,0.255246850602723,0.897362823478446,993,TRUE
718,718,1.87798112490807,0.0363363557672495,0.896060836597927,994,TRUE
1443,1443,1.87816810424524,0.430553510128127,0.895259992570617,995,TRUE
420,420,1.8782680025612,0.721428549677427,0.895436856102875,996,TRUE
874,874,1.87827891718373,0.0722586382568359,0.896021017243222,997,TRUE
844,844,1.87853813305522,0.895533054387063,0.895460990295737,998,TRUE
243,243,1.87856928658206,0.300300106928048,0.894672872264547,999,TRUE
330,330,1.87897355885987,0.172619119568954,0.894630275012659,1000,TRUE
1373,1373,1.87897355885987,0.172619119568954,0.894630275012659,1001,TRUE
606,606,1.87930907822137,0.200419240590748,0.894435210694161,1002,TRUE
362,362,1.87952187877154,0.0629626974514339,0.898436650657246,1003,TRUE
368,368,1.8798011226651,0.219969392920533,0.895313382659752,1004,TRUE
44,44,1.87985165353064,0.0306236391599736,0.894379016223798,1005,TRUE
928,928,1.88010486836013,0.237674624356601,0.895237720734831,1006,TRUE
1514,1514,1.88010591327623,0.105844583195596,0.895166064925169,1007,TRUE
1859,1859,1.88025373024511,0.420573389257024,0.903776927093091,1008,TRUE
1579,1579,1.88054891941073,0.0281725048487694,0.895742675103416,1009,TRUE
1345,1345,1.88057829628119,0.0541449970362815,0.895228985970609,1010,TRUE
1503,1503,1.88067588425652,0.75971795955162,0.89438152928467,1011,TRUE
919,919,1.88068251555487,0.76720935237634,0.895984246608159,1012,TRUE
1418,1418,1.8807428584237,0.15347117026633,0.894991926922247,1013,TRUE
387,387,1.8807835717864,0.588799031476825,0.894404289049169,1014,TRUE
1441,1441,1.8807835717864,0.588799031476825,0.894404289049169,1015,TRUE
47,47,1.88088198053052,0.0941009095507004,0.894983290786699,1016,TRUE
634,634,1.88100372197014,0.292671193186498,0.894378818404762,1017,TRUE
618,618,1.88112920636252,0.0491904213330994,0.900184148293237,1018,TRUE
1559,1559,1.88127541763801,0.882221862992115,0.894306031467774,1019,TRUE
1397,1397,1.88134279880052,0.228517272706343,0.894960339441789,1020,TRUE
1549,1549,1.88136806708734,0.884385191970617,0.894431471410049,1021,TRUE
1574,1574,1.88138012932954,0.795208494173029,0.894410480544981,1022,TRUE
1007,1007,1.88159263116542,0.341320974585163,0.896477272917518,1023,TRUE
182,182,1.88164290627405,0.210110411919407,0.897809981455648,1024,TRUE
1295,1295,1.88187808792432,0.00309055669581987,0.894212326208,1025,TRUE
828,828,1.88194343065237,0.743117710602081,0.894327975984055,1026,TRUE
1545,1545,1.8821448559311,0.0340654655466219,0.895281103106054,1027,TRUE
445,445,1.88217971087277,0.260628061032464,0.895860481755538,1028,TRUE
28,28,1.88221596657645,0.142390196816636,0.894234059983149,1029,TRUE
970,970,1.88224565624251,0.330750500954024,0.894126030573843,1030,TRUE
67,67,1.8824016750411,0.223120335075979,0.894191531447515,1031,TRUE
87,87,1.88252321335859,0.157885825299204,0.894401667019685,1032,TRUE
1083,1083,1.88254463337581,0.782986456667582,0.894158116855905,1033,TRUE
1353,1353,1.88260741878518,0.820547549447493,0.894216810301424,1034,TRUE
72,72,1.88305642955478,0.511340445280645,0.894091189409357,1035,TRUE
1927,1927,1.88309551585436,0.00989864125089338,0.894409378745466,1036,TRUE
1552,1552,1.88325276739495,0.984899009136536,0.895182805589393,1037,TRUE
743,743,1.88329533272844,0.665733555950524,0.894454071077658,1038,TRUE
380,380,1.88492516321582,0.23686269172397,0.893889576227732,1039,TRUE
1431,1431,1.88492516321582,0.23686269172397,0.893889576227732,1040,TRUE
1764,1764,1.88513869989747,0.312784885558462,0.910175690133558,1041,TRUE
905,905,1.88518398907387,0.0511977611067334,0.896172950920357,1042,TRUE
516,516,1.88536873734538,0.0671280464376846,0.894144944124077,1043,TRUE
601,601,1.88563296983784,0.0196445816150192,0.896630303349452,1044,TRUE
270,270,1.88594351428843,0.317696920152851,0.893847237810478,1045,TRUE
162,162,1.88601673867592,0.0611860461152769,0.894055367095663,1046,TRUE
490,490,1.88606733496302,0.906211569546821,0.895064576829514,1047,TRUE
500,500,1.88613210480205,0.0109805489861462,0.895681832552805,1048,TRUE
1346,1346,1.88615889357089,0.0513155576074923,0.893667110816346,1049,TRUE
413,413,1.88624897714059,0.621748492285733,0.894476120549264,1050,TRUE
1737,1737,1.88651656480595,0.838894106615461,0.898479253777346,1051,TRUE
1756,1756,1.88655782082129,0.316887781114868,0.902541352874248,1052,TRUE
147,147,1.88665727179473,0.26805145235337,0.895258066754408,1053,TRUE
1262,1262,1.88675243083078,0.0194479248618489,0.894037298840614,1054,TRUE
672,672,1.88691253230822,0.305294030935111,0.893723899235118,1055,TRUE
126,126,1.88695787642746,0.0144334371376021,0.894955911813549,1056,TRUE
913,913,1.88703473912823,0.193054720214926,0.901950720681628,1057,TRUE
722,722,1.88725169231364,0.0605673902339142,0.896342747078287,1058,TRUE
1298,1298,1.88753784466336,0.011742290894029,0.896836749307489,1059,TRUE
408,408,1.88806573194255,0.168665497177312,0.893748988026742,1060,TRUE
1341,1341,1.88811642618345,0.824495402223523,0.898004179872877,1061,TRUE
724,724,1.88826047524513,0.498501204702801,0.893475965378424,1062,TRUE
1930,1930,1.88868549841445,0.0601859491569006,0.910224690538835,1063,TRUE
1791,1791,1.88869517824112,0.407489803084158,0.910763358243897,1064,TRUE
607,607,1.88878903195793,0.18321424813773,0.894228947705996,1065,TRUE
94,94,1.88881174458635,0.974248590185267,0.89327627556039,1066,TRUE
224,224,1.88882080270324,0.0808532350057544,0.893266361564255,1067,TRUE
1839,1839,1.88889291335668,0.0482776586991895,0.909104239293936,1068,TRUE
604,604,1.88892626069785,0.0812861889155462,0.893251165745059,1069,TRUE
1227,1227,1.88898530347728,0.560097265512175,0.893849938998006,1070,TRUE
177,177,1.88906462644092,0.279755621033224,0.893245567097528,1071,TRUE
6,6,1.88909985444734,0.917100334108388,0.893355716400892,1072,TRUE
1820,1820,1.88927416510543,0.0479803823865985,0.909307878757102,1073,TRUE
1867,1867,1.88941564721584,0.0152666540948184,0.898504968047011,1074,TRUE
227,227,1.88967731420745,0.177388779354536,0.894159498901846,1075,TRUE
933,933,1.88974701554185,0.454108360714328,0.895683155822112,1076,TRUE
57,57,1.88996906407146,0.22617695507206,0.894017672852424,1077,TRUE
164,164,1.89007357378522,0.679008117861795,0.895735549386648,1078,TRUE
89,89,1.89022712188422,0.0616545051559954,0.893230010198352,1079,TRUE
237,237,1.89027807629585,0.833825142983008,0.899009800563459,1080,TRUE
1874,1874,1.89045602895503,0.269243993258398,0.914552541617314,1081,TRUE
1187,1187,1.89048494686112,0.419067839154128,0.893728288077937,1082,TRUE
1248,1248,1.89058772898936,0.751394059317109,0.89774060118221,1083,TRUE
181,181,1.89082347031544,0.0671011113514978,0.893749778651575,1084,TRUE
49,49,1.89095594674696,0.346323947407895,0.893079472063954,1085,TRUE
1784,1784,1.89114318126731,0.0360206375834608,0.899567602827859,1086,TRUE
1445,1445,1.89149799753684,0.548498411896028,0.893642363323132,1087,TRUE
1440,1440,1.89153502929327,0.103149332258643,0.90099705789925,1088,TRUE
1735,1735,1.89167275644018,0.417483352300507,0.893636654347901,1089,TRUE
1635,1635,1.89197166795826,0.783537023116361,0.892933105733635,1090,TRUE
223,223,1.89203614165817,0.12085790541805,0.894350214160348,1091,TRUE
1479,1479,1.89219770495575,0.952020625622018,0.892960900654297,1092,TRUE
291,291,1.89235192623477,0.41723411540466,0.892937495557955,1093,TRUE
1325,1325,1.89235192623477,0.41723411540466,0.892937495557955,1094,TRUE
1,1,1.89237206942535,0.417160608081331,0.892934977166464,1095,TRUE
355,355,1.89243788288916,0.346445945249463,0.892905615962957,1096,TRUE
321,321,1.89264772938422,0.779970204543899,0.893171264726539,1097,TRUE
1278,1278,1.89297812716337,0.389567638320883,0.896938660650028,1098,TRUE
1794,1794,1.89330620504208,0.150579030630806,0.902982767879995,1099,TRUE
1572,1572,1.89384889847244,0.622483251808973,0.898684078914358,1100,TRUE
473,473,1.89406813552389,0.941753545195397,0.897033133708649,1101,TRUE
1023,1023,1.89438725853049,0.270841111361137,0.892665770269648,1102,TRUE
303,303,1.89451134951381,0.260427495546287,0.894126412365151,1103,TRUE
1131,1131,1.89465291477261,0.100942781081224,0.895332854117806,1104,TRUE
1002,1002,1.89484693899786,0.576664272972022,0.892936737676769,1105,TRUE
508,508,1.89491082209181,0.387003215088722,0.892697575314016,1106,TRUE
127,127,1.89492524729857,0.852134546841298,0.89256078579501,1107,TRUE
92,92,1.89535361502654,0.0189304181299569,0.892466649265528,1108,TRUE
695,695,1.89545994876326,0.0662494745225363,0.893125500971662,1109,TRUE
800,800,1.89550165969902,0.56005502759893,0.906720227297053,1110,TRUE
1064,1064,1.89580897628252,0.0114214428204393,0.892613832950256,1111,TRUE
1584,1584,1.89593524395537,0.141276743086645,0.894213984705854,1112,TRUE
1215,1215,1.8962062857369,0.03149441238113,0.892639305811506,1113,TRUE
1606,1606,1.89622339273984,0.0149988244107714,0.893457026659612,1114,TRUE
1568,1568,1.89624866658593,-0.00123032079226572,0.895442937500005,1115,TRUE
210,210,1.89632050851208,0.097038626053871,0.893644649027708,1116,TRUE
336,336,1.89636516628725,0.192742384716415,0.892726610370859,1117,TRUE
829,829,1.89667806489725,0.0239197713268628,0.900017499393781,1118,TRUE
1597,1597,1.89672736680766,-0.00394496249607825,0.895048357141174,1119,TRUE
582,582,1.89679960784529,0.0936148624698479,0.893560705885327,1120,TRUE
1556,1556,1.89681154318307,0.560020945569918,0.906550416490026,1121,TRUE
996,996,1.89685773134487,0.02428687894451,0.892347538348207,1122,TRUE
825,825,1.89695682444867,0.622549403767791,0.898397170970724,1123,TRUE
978,978,1.89708613865122,0.103657876771525,0.892335672257536,1124,TRUE
730,730,1.89714080479462,0.107041288178715,0.892942411901027,1125,TRUE
205,205,1.89747349493919,0.84828798559235,0.892424330026691,1126,TRUE
515,515,1.89770345500819,0.841236834120503,0.892323861781845,1127,TRUE
807,807,1.8978484629217,0.133500355467292,0.892445692484745,1128,TRUE
796,796,1.89791679854062,0.984029698669745,0.893600569899018,1129,TRUE
766,766,1.89805844893549,0.388146561345981,0.892376809705148,1130,TRUE
542,542,1.89826486275444,0.226985501343654,0.892195589073261,1131,TRUE
931,931,1.89837743680106,0.668537336677889,0.895546492571401,1132,TRUE
277,277,1.89875077457194,0.388832359088439,0.897642048570206,1133,TRUE
1468,1468,1.89880796474823,0.134663952087712,0.892356002152065,1134,TRUE
1772,1772,1.89897079583203,0.529909173983157,0.916800211391366,1135,TRUE
1439,1439,1.89906859491195,0.369880218535425,0.892036232523074,1136,TRUE
418,418,1.89920965977264,0.970133817353308,0.892033044555221,1137,TRUE
1682,1682,1.89929141579789,0.0980053196279687,0.894914880579788,1138,TRUE
767,767,1.89932114786812,0.381659997921886,0.892126274947502,1139,TRUE
216,216,1.89936874324966,0.696953811103821,0.892089981678712,1140,TRUE
130,130,1.8993915470943,0.2419741023527,0.892399089195896,1141,TRUE
839,839,1.89949592165245,0.14093179757019,0.893871213855669,1142,TRUE
1799,1799,1.89961076377295,0.0533768726049471,0.907590885618953,1143,TRUE
1329,1329,1.89968796834557,0.111794588527168,0.892582125829144,1144,TRUE
1779,1779,1.899894992478,0.0433815058886901,0.905020800980665,1145,TRUE
495,495,1.90042368041563,0.217470938352582,0.893074822599997,1146,TRUE
776,776,1.90084425312794,0.0420217389424907,0.891977042183454,1147,TRUE
119,119,1.90084524142013,0.0161529545132827,0.892014370086119,1148,TRUE
396,396,1.90091439698318,0.152964021115844,0.892002434039751,1149,TRUE
1347,1347,1.90094173566943,0.218614792134717,0.893618007580234,1150,TRUE
1403,1403,1.90110888430732,0.284282079002355,0.891927980219828,1151,TRUE
1865,1865,1.90122470936891,0.071597845895418,0.900125286339152,1152,TRUE
1387,1387,1.90142556179869,0.0972782403909905,0.891752056842834,1153,TRUE
804,804,1.90164409723308,0.839170226654671,0.891846406246993,1154,TRUE
717,717,1.90166942390888,0.0291981440175432,0.891962038875217,1155,TRUE
630,630,1.90167581296038,0.0151284143550695,0.892958053234285,1156,TRUE
1475,1475,1.90178542063948,0.302913300540699,0.891764961258797,1157,TRUE
52,52,1.90183802884494,0.197918458644916,0.894899150188208,1158,TRUE
462,462,1.90210632967161,0.786606105245184,0.891697932689715,1159,TRUE
1532,1532,1.90210632967161,0.786606105245184,0.891697932689715,1160,TRUE
361,361,1.90296525835945,0.203511971354595,0.894756910741869,1161,TRUE
201,201,1.90335000138006,0.0694414960106224,0.897517227099802,1162,TRUE
902,902,1.90447339075797,0.185359505135094,0.891379270097971,1163,TRUE
80,80,1.90456516075087,0.148642002109248,0.891510690995351,1164,TRUE
577,577,1.90503199653956,0.84852540501079,0.89136019380246,1165,TRUE
1068,1068,1.90509206988415,0.0288745164163581,0.892448890456948,1166,TRUE
997,997,1.90520338293448,0.00713272863558111,0.894684649865148,1167,TRUE
1379,1379,1.90522493296537,0.797442831141011,0.891340659706727,1168,TRUE
1014,1014,1.90529713729053,0.561656950876911,0.895347040061251,1169,TRUE
706,706,1.90544249569784,0.16881097693049,0.892032056795313,1170,TRUE
987,987,1.9056289345346,0.351785015900047,0.891396349267824,1171,TRUE
597,597,1.90568427484449,0.0368477400655971,0.894922853725871,1172,TRUE
646,646,1.90579302536478,0.0260998424381595,0.893852119663312,1173,TRUE
1424,1424,1.9060791658606,0.844415153759798,0.892190881011117,1174,TRUE
129,129,1.90618627847181,0.153286648210111,0.891283112345249,1175,TRUE
466,466,1.90646687120584,0.275029612252555,0.891282776748875,1176,TRUE
811,811,1.90685251558776,0.547772523576083,0.895216107611536,1177,TRUE
1297,1297,1.90712453875951,0.0635248430010246,0.892904949186945,1178,TRUE
1594,1594,1.90713327957602,0.0925719161659176,0.892366646722241,1179,TRUE
1824,1824,1.90725309326858,0.0298163076690692,0.897549551072382,1180,TRUE
1781,1781,1.90731102979738,0.147036895419337,0.906410577167805,1181,TRUE
1410,1410,1.90746333303833,0.185920178371427,0.894080853137403,1182,TRUE
686,686,1.90750839308307,0.96530704193696,0.893217757738613,1183,TRUE
415,415,1.90754480218,0.0189079008875021,0.89100861868629,1184,TRUE
880,880,1.90765773435456,0.201257302158361,0.893584237579112,1185,TRUE
1936,1936,1.90775225100882,0.0163683826753338,0.892159893841984,1186,TRUE
1216,1216,1.90779648732682,0.560251651776537,0.89140974369897,1187,TRUE
785,785,1.90791008171788,0.0306249536483406,0.892004278246999,1188,TRUE
274,274,1.90796902698456,0.457254435632816,0.891258109092711,1189,TRUE
1834,1834,1.90797771754978,0.0261111548649067,0.899128126343213,1190,TRUE
1758,1758,1.90816787177606,0.183913017634895,0.897276692522742,1191,TRUE
1069,1069,1.90850254806216,0.0366665210101705,0.890934414018172,1192,TRUE
544,544,1.90850570341219,0.0648201723081289,0.89143641682757,1193,TRUE
827,827,1.90855948779297,0.795078317764329,0.891545969491241,1194,TRUE
1551,1551,1.90863915634956,0.522388474806359,0.891749316083478,1195,TRUE
679,679,1.90889555160287,0.422362965571069,0.891103680331734,1196,TRUE
570,570,1.90903082708093,0.071544577935641,0.894589218015387,1197,TRUE
99,99,1.9091003317102,0.531673244073373,0.891714455630259,1198,TRUE
869,869,1.90917110634993,0.0137542321985005,0.891547578966616,1199,TRUE
1498,1498,1.90924206784104,0.183181338806597,0.891041952345266,1200,TRUE
1451,1451,1.9093503002394,0.103817701657479,0.891064751771959,1201,TRUE
1947,1947,1.90935913226778,0.387811729494272,0.900023011474153,1202,TRUE
2004,2004,1.90935913226778,0.387811729494272,0.900023011474153,1203,TRUE
2049,2049,1.90974163315611,0.0382003148288175,0.901645539412931,1204,TRUE
309,309,1.9100825126626,0.049133638626788,0.890871117079641,1205,TRUE
1350,1350,1.9100825126626,0.049133638626788,0.890871117079641,1206,TRUE
914,914,1.91010447281279,0.309282162857851,0.898421372841615,1207,TRUE
1141,1141,1.91020241542904,0.0425325153757726,0.893382995868658,1208,TRUE
1681,1681,1.91027699172838,0.326490320511535,0.898028758893426,1209,TRUE
1691,1691,1.91041660650057,0.0427432321126703,0.89335447967721,1210,TRUE
539,539,1.91044186521947,0.280489498493699,0.890660024574211,1211,TRUE
1130,1130,1.91049636346003,0.326595243851912,0.898000871991739,1212,TRUE
603,603,1.91056078811922,0.121429840850774,0.8912565935777,1213,TRUE
1822,1822,1.91057419773213,0.151113040875007,0.906343685486974,1214,TRUE
736,736,1.91058684837678,0.146601497178309,0.890876987942243,1215,TRUE
215,215,1.91061423460614,0.0449123196432607,0.892714935519373,1216,TRUE
1302,1302,1.91094737717682,0.0195777653049871,0.895262314662823,1217,TRUE
1801,1801,1.91096158639288,0.933899495177684,0.920721522465798,1218,TRUE
1013,1013,1.91106211560374,0.0172942038108022,0.893939100188369,1219,TRUE
15,15,1.91126375309193,0.0474153695943524,0.890741620143924,1220,TRUE
1456,1456,1.91158894363693,0.15554893136072,0.891071543368807,1221,TRUE
575,575,1.9117710742747,0.0343924942795173,0.891123173432753,1222,TRUE
1258,1258,1.91183513250167,0.560743433532463,0.911450710079527,1223,TRUE
2058,2058,1.91199542935984,0.967847590672054,0.890691447574951,1224,TRUE
1328,1328,1.91217672950639,0.440209131141229,0.89227214103437,1225,TRUE
1813,1813,1.91220136639489,0.250733836539032,0.907442633616421,1226,TRUE
465,465,1.91293455230241,0.153314521027883,0.890510802228101,1227,TRUE
737,737,1.91297801583477,0.872295069181585,0.89050014795615,1228,TRUE
1461,1461,1.91324214431715,0.12965467261251,0.892947972566079,1229,TRUE
715,715,1.91377151636423,0.0684393497045285,0.890537678406722,1230,TRUE
591,591,1.91401324531401,0.696270117463966,0.890331749671449,1231,TRUE
1162,1162,1.91481317402789,0.457271823172269,0.898874995289257,1232,TRUE
1246,1246,1.91506277643143,0.403805532125895,0.900253739976467,1233,TRUE
1030,1030,1.91510046683716,0.285696935114861,0.890459594475679,1234,TRUE
735,735,1.91519272862535,0.0710162650201135,0.890095372224742,1235,TRUE
386,386,1.9152395293387,0.203378307946547,0.89352384564445,1236,TRUE
1516,1516,1.91536889326864,0.0479591624374712,0.890143673464932,1237,TRUE
1841,1841,1.9156219342361,0.0250019672989029,0.898174382560311,1238,TRUE
27,27,1.91580066108686,0.0556264402490996,0.89032847468153,1239,TRUE
1710,1710,1.9158224906807,0.447356851319782,0.898601913463134,1240,TRUE
509,509,1.91608919773566,0.031680978864616,0.892058739094619,1241,TRUE
1032,1032,1.91642962250254,0.0715204956741667,0.892426015678461,1242,TRUE
1617,1617,1.91657581191199,0.170397722578843,0.893873327309113,1243,TRUE
1911,1911,1.91709221304958,0.561385290498431,0.902908036292294,1244,TRUE
1850,1850,1.91727808042377,0.751220921879573,0.908644023112012,1245,TRUE
2096,2096,1.91727808042377,0.751220921879573,0.908644023112012,1246,TRUE
285,285,1.91744970750016,0.0524511804859071,0.89150753209045,1247,TRUE
1712,1712,1.91774090662558,0.55968553179363,0.889960130009243,1248,TRUE
1164,1164,1.91796328809355,0.559506673241119,0.889930448481645,1249,TRUE
728,728,1.91814650196367,0.225810774048812,0.890018268260751,1250,TRUE
948,948,1.91858554209848,0.832598174334762,0.896470669766879,1251,TRUE
424,424,1.91870116541329,0.538098686732328,0.889817099598795,1252,TRUE
548,548,1.91872233647624,0.918708960921953,0.89222329183265,1253,TRUE
402,402,1.91905924356892,0.0323824318044322,0.896109838247802,1254,TRUE
1578,1578,1.91988322169971,0.293299933168533,0.889704763904564,1255,TRUE
596,596,1.92045356471073,0.0342228586439208,0.893927495648851,1256,TRUE
410,410,1.92054011166041,0.0618888104476374,0.889453699973242,1257,TRUE
851,851,1.92061423474899,0.0893670016599198,0.890630531268624,1258,TRUE
968,968,1.92083566049776,0.0635371848528486,0.889796497784737,1259,TRUE
2074,2074,1.92120116287373,0.0861232055662109,0.900533071738408,1260,TRUE
1955,1955,1.92153232444496,0.278411011121936,0.9139192782963,1261,TRUE
2014,2014,1.92153232444496,0.278411011121936,0.9139192782963,1262,TRUE
287,287,1.92220268906825,0.678946045828531,0.889930342978597,1263,TRUE
1029,1029,1.92224199776212,0.596881337075486,0.893440631203223,1264,TRUE
1009,1009,1.92226853584482,0.214957220768714,0.889758892369774,1265,TRUE
803,803,1.92244154670821,0.00886121881466903,0.895514806215638,1266,TRUE
221,221,1.92245802550105,0.0256658303311325,0.889197487728629,1267,TRUE
207,207,1.92268882143212,0.221417381451797,0.88921495617098,1268,TRUE
930,930,1.92278508585262,0.204690624475981,0.889217337062853,1269,TRUE
750,750,1.92301218652305,0.109873132941821,0.889196004681146,1270,TRUE
1555,1555,1.92344465701677,0.154127320002944,0.88927039570123,1271,TRUE
1274,1274,1.92351786272338,0.125609728210678,0.889494617596869,1272,TRUE
1251,1251,1.92362480904963,0.0251804538180223,0.890609113718693,1273,TRUE
1795,1795,1.92362780808247,0.887895563329295,0.899150863906532,1274,TRUE
103,103,1.92378216812479,0.177871241659061,0.889078595068957,1275,TRUE
10,10,1.92393884345822,0.163102405104215,0.892827842841763,1276,TRUE
780,780,1.92439808120771,0.350303830505614,0.889644301338581,1277,TRUE
820,820,1.92466781511902,0.00358904861605177,0.889224910124772,1278,TRUE
579,579,1.92466873116061,0.217623972431694,0.888970174305456,1279,TRUE
1535,1535,1.92479955652812,0.123711727074816,0.889192663772779,1280,TRUE
799,799,1.925729803684,0.17116411866999,0.88898549205405,1281,TRUE
1220,1220,1.92598199645933,0.378690025197765,0.893313028739697,1282,TRUE
833,833,1.92623199647571,0.304337053651408,0.888930834307037,1283,TRUE
1195,1195,1.9264411997966,0.416945140327753,0.88914935255385,1284,TRUE
200,200,1.92644287912072,0.788469066749732,0.890470342682446,1285,TRUE
1971,1971,1.92666059118407,0.457748712453942,0.889837226388691,1286,TRUE
2036,2036,1.92666059118407,0.457748712453942,0.889837226388691,1287,TRUE
1506,1506,1.92674986161324,0.278282426521384,0.89123242712136,1288,TRUE
428,428,1.92691402332963,0.168313707818757,0.888704283598458,1289,TRUE
1742,1742,1.92694673202826,0.404907129444232,0.88906271594401,1290,TRUE
328,328,1.92697643764658,0.0541369876063538,0.888829280366633,1291,TRUE
638,638,1.92790899949382,0.0350501473618631,0.888586272969836,1292,TRUE
1066,1066,1.92813034697158,0.772230862025972,0.888619257132652,1293,TRUE
1362,1362,1.92828644636661,0.610481995195288,0.888658796957972,1294,TRUE
911,911,1.92856635313214,0.279306112959612,0.889268780859863,1295,TRUE
600,600,1.92856709483413,0.0277287451587052,0.888427216864701,1296,TRUE
1959,1959,1.92867390763408,0.51925878689083,0.889494956046705,1297,TRUE
2021,2021,1.92867390763408,0.51925878689083,0.889494956046705,1298,TRUE
893,893,1.9288819023254,0.388145197966479,0.88929727505488,1299,TRUE
1980,1980,1.92889417204595,0.0126824632183103,0.895337294769034,1300,TRUE
2050,2050,1.92889417204595,0.0126824632183103,0.895337294769034,1301,TRUE
1273,1273,1.92914356978818,0.423843542288209,0.890669394998518,1302,TRUE
90,90,1.9293834334641,0.137666077793574,0.891532138683847,1303,TRUE
623,623,1.92965254488244,0.0680880457212079,0.888649894331254,1304,TRUE
1172,1172,1.9302119031987,0.166146297129258,0.890233335115311,1305,TRUE
813,813,1.93051095539061,0.0277742532524389,0.88845918423278,1306,TRUE
986,986,1.93093277273599,0.875083517479858,0.888793149546422,1307,TRUE
1583,1583,1.93107702638208,0.63428217446282,0.888190705262517,1308,TRUE
1538,1538,1.93110471452717,0.0119343747978548,0.889827654098003,1309,TRUE
1540,1540,1.93132193527446,0.32123014549704,0.888871342529386,1310,TRUE
2104,2104,1.93164366074206,0.0174165965122826,0.904082739117534,1311,TRUE
1720,1720,1.93192969666873,0.16459524075421,0.890075263457672,1312,TRUE
838,838,1.93295991610941,0.655279654283292,0.88795314252859,1313,TRUE
247,247,1.93298129751682,0.0332095648471631,0.887968762690325,1314,TRUE
1011,1011,1.93301933592273,0.572231201617059,0.88842557483373,1315,TRUE
1833,1833,1.9331453495219,0.408992286441316,0.898823996721953,1316,TRUE
711,711,1.93355306555437,0.90701635635889,0.888403057390481,1317,TRUE
48,48,1.93363161414279,0.0278507221407791,0.896085961502729,1318,TRUE
1501,1501,1.93364788348335,0.925676246610019,0.887814452416271,1319,TRUE
845,845,1.93370183223685,0.117675813807792,0.888011651465084,1320,TRUE
9,9,1.93383549013044,0.0674076067023239,0.887872241934997,1321,TRUE
475,475,1.93407080745647,0.116230446703471,0.887869805906756,1322,TRUE
125,125,1.93410008479102,0.0463373694940026,0.887763167086643,1323,TRUE
1137,1137,1.93412664523445,0.0112537991785849,0.888254438294424,1324,TRUE
784,784,1.93415656518645,0.0126423907859115,0.899115899638692,1325,TRUE
1789,1789,1.93441014997561,0.76837511747444,0.899273406296749,1326,TRUE
559,559,1.93466320894136,0.18945684067562,0.887679936056227,1327,TRUE
1372,1372,1.93509655776376,0.903242064537774,0.888609256680694,1328,TRUE
1284,1284,1.93520754349948,0.0256454904625527,0.892999830818754,1329,TRUE
1340,1340,1.93522951217092,0.180654818798399,0.887860228828048,1330,TRUE
1477,1477,1.93534712078486,0.0173916636022675,0.887711449708657,1331,TRUE
1324,1324,1.93541081916893,0.555486768546362,0.891127580473397,1332,TRUE
1035,1035,1.93542809785107,0.0378025626293302,0.888496124633944,1333,TRUE
193,193,1.93565924357265,0.163416975269786,0.887548191599734,1334,TRUE
1523,1523,1.93566867011411,0.025683760405051,0.888680162347037,1335,TRUE
1286,1286,1.93584866515822,0.0347720808052963,0.887654490496462,1336,TRUE
211,211,1.9358555356103,0.0276874121632486,0.887649229501292,1337,TRUE
1481,1481,1.93624077929758,0.498843944158279,0.887714335217942,1338,TRUE
1621,1621,1.93649940533314,0.885710642807869,0.887511297658391,1339,TRUE
1804,1804,1.93676430629031,0.0273497198485966,0.894586463039601,1340,TRUE
535,535,1.9368328159039,0.0789825724110682,0.888006993282432,1341,TRUE
414,414,1.93688251724552,0.025950427860294,0.88766229969537,1342,TRUE
460,460,1.93759539538512,0.0461217662515572,0.887339282339152,1343,TRUE
230,230,1.93764561076228,0.3889146403267,0.88878390868522,1344,TRUE
981,981,1.93776570901004,0.558822816715696,0.888826669594029,1345,TRUE
1960,1960,1.93846009673201,0.0127816808141131,0.888424459833095,1346,TRUE
2022,2022,1.93846009673201,0.0127816808141131,0.888424459833095,1347,TRUE
663,663,1.93866690999678,0.705946800578932,0.887244751219937,1348,TRUE
1530,1530,1.93885283008319,0.0453539782323534,0.887188619711644,1349,TRUE
1607,1607,1.93929443158558,0.878818350062609,0.887641202335947,1350,TRUE
113,113,1.93944619662319,0.0718068879841282,0.888350242556112,1351,TRUE
444,444,1.93950261939481,0.0722546828261631,0.888344076463067,1352,TRUE
1510,1510,1.93950261939481,0.0722546828261631,0.888344076463067,1353,TRUE
302,302,1.93965687270906,0.0678595173940888,0.887112232919223,1354,TRUE
1489,1489,1.94004283658183,0.133808892403191,0.887142812766148,1355,TRUE
1803,1803,1.94012202704656,0.335439552485223,0.89787521239995,1356,TRUE
1773,1773,1.9405733219159,0.0413578087477461,0.894305673740038,1357,TRUE
1473,1473,1.9405956648366,0.564377422563983,0.886967936511216,1358,TRUE
1844,1844,1.94101994180847,0.633263332878334,0.907172466373455,1359,TRUE
5,5,1.94105388607354,0.0319476740542843,0.886931412538279,1360,TRUE
1202,1202,1.94121146076328,0.0574177601878697,0.88736271628619,1361,TRUE
1093,1093,1.94143280928357,0.903337115823156,0.887699822680524,1362,TRUE
791,791,1.94144933847772,0.484649986669339,0.886966604595294,1363,TRUE
907,907,1.94146514744758,0.14004042400277,0.895288499569549,1364,TRUE
298,298,1.94147235177885,0.0329579426812357,0.886913064642674,1365,TRUE
1231,1231,1.94159113640984,0.33016905423508,0.887194013654879,1366,TRUE
1657,1657,1.94181884796369,0.739827974253734,0.888010714031437,1367,TRUE
1645,1645,1.9418323338315,0.972270471645728,0.888093597695694,1368,TRUE
1081,1081,1.94189901872026,0.0143260179814761,0.887128480836537,1369,TRUE
1106,1106,1.94200033412649,0.737418249232529,0.887976192516044,1370,TRUE
1749,1749,1.94220516224589,0.0553713616722234,0.887238833342256,1371,TRUE
419,419,1.94225064316887,0.0166333332902321,0.886874270462769,1372,TRUE
1793,1793,1.94290277268892,0.700122547375057,0.898449183809257,1373,TRUE
1458,1458,1.94296741585952,0.0181219746838871,0.888457463182509,1374,TRUE
925,925,1.94297536101328,0.906425604113408,0.886849285168018,1375,TRUE
1224,1224,1.94311650499048,0.560078129015446,0.887158520719666,1376,TRUE
585,585,1.94340536933575,0.0277671101678934,0.886742144157709,1377,TRUE
1474,1474,1.94348196711106,0.035572576444623,0.887830074949274,1378,TRUE
1133,1133,1.94349238357873,0.11928360679698,0.889070324196957,1379,TRUE
1233,1233,1.94354553304916,0.541801616991755,0.888106708512197,1380,TRUE
967,967,1.94360033689552,0.133724346640239,0.889339577776072,1381,TRUE
567,567,1.94364107328075,0.641221219641365,0.887181809192178,1382,TRUE
626,626,1.94377889348347,0.933318492634157,0.889514650879466,1383,TRUE
1837,1837,1.94385510593063,0.0354673841624455,0.892409875150396,1384,TRUE
233,233,1.94392518544138,0.60681781862628,0.886594062827942,1385,TRUE
740,740,1.94408356301053,0.061525400651205,0.886505464031322,1386,TRUE
1684,1684,1.94432323713583,0.119313027829764,0.888967345624305,1387,TRUE
340,340,1.94439288289743,0.266874377656367,0.887167534709028,1388,TRUE
1386,1386,1.94439288289743,0.266874377656367,0.887167534709028,1389,TRUE
1634,1634,1.94446464183479,0.0142862109907598,0.886780417500725,1390,TRUE
615,615,1.94451500716252,0.637109490058027,0.8865239760121,1391,TRUE
1664,1664,1.94454638243472,0.164352937962306,0.886662933351828,1392,TRUE
297,297,1.94485184927169,0.097722481658555,0.887651046926731,1393,TRUE
1113,1113,1.94497793953735,0.165911001042384,0.886607971403359,1394,TRUE
474,474,1.94534548190816,0.942847035777679,0.888887857279076,1395,TRUE
1222,1222,1.94593482565901,0.907509752166609,0.886427685694771,1396,TRUE
964,964,1.9464310140046,9.90371016638387e-05,0.892457479195313,1397,TRUE
1369,1369,1.94660925196858,0.0423472974635751,0.886267284136098,1398,TRUE
1382,1382,1.94662809391852,0.107846385471963,0.886753425063086,1399,TRUE
793,793,1.94667157408959,0.611757997416665,0.886564565757116,1400,TRUE
1111,1111,1.94676640054332,0.0177352707351728,0.8895498258014,1401,TRUE
1338,1338,1.94681452987753,0.0595674474520284,0.88618424899569,1402,TRUE
1511,1511,1.9469119905033,0.151644709528762,0.889058467716643,1403,TRUE
1613,1613,1.94693533544231,0.0264190130263826,0.887692251132199,1404,TRUE
1817,1817,1.94717286845385,0.0350858012098932,0.892117596380059,1405,TRUE
1662,1662,1.94733113175268,0.0176903032377643,0.889434417326074,1406,TRUE
760,760,1.94745463743428,0.25296621298379,0.88623571676507,1407,TRUE
876,876,1.9474658749047,0.0249955579296329,0.88766440994993,1408,TRUE
1033,1033,1.94759146856841,0.54862875462091,0.888087609229329,1409,TRUE
1933,1933,1.94762342788316,0.0115584613892351,0.895314150741874,1410,TRUE
1585,1585,1.94789918191353,0.139741803838717,0.893032770323841,1411,TRUE
870,870,1.94801690145607,0.940376144430194,0.88628469622568,1412,TRUE
1899,1899,1.94806464483437,0.0127634311626224,0.887847524741858,1413,TRUE
1536,1536,1.94829746533293,0.0674797675536943,0.886833947323902,1414,TRUE
183,183,1.94833292154386,0.0152484384198572,0.889719141249599,1415,TRUE
840,840,1.94835960381381,0.413325124556563,0.891031411572044,1416,TRUE
1004,1004,1.94865350851247,0.0899968923815899,0.889657715381191,1417,TRUE
155,155,1.94912290882284,0.137566762232009,0.889168972087208,1418,TRUE
1825,1825,1.94920840353148,0.0349011487961676,0.896262595846374,1419,TRUE
721,721,1.94949299280521,0.196130734422165,0.88634662725737,1420,TRUE
506,506,1.94953839986041,0.13795738078126,0.889129927658476,1421,TRUE
199,199,1.94955113429568,0.621185106504807,0.886532896198703,1422,TRUE
613,613,1.94966667032885,0.048141523054421,0.886675830673733,1423,TRUE
2048,2048,1.95022454323372,0.00929683471784159,0.885944043065364,1424,TRUE
1476,1476,1.95023380414193,0.0289303104433511,0.885864355221411,1425,TRUE
1485,1485,1.95055916934988,0.392778458271581,0.885772194962507,1426,TRUE
787,787,1.9506416794196,0.027318744606616,0.886787358781684,1427,TRUE
1546,1546,1.95119056983376,0.026747503778173,0.886736971461155,1428,TRUE
972,972,1.95151234357293,0.771131690450079,0.888525691549185,1429,TRUE
35,35,1.95154806999755,0.238315271060155,0.886156428448329,1430,TRUE
1504,1504,1.95173614307048,0.0958956210084058,0.88578702428149,1431,TRUE
484,484,1.95179761330377,0.0580059153164406,0.905095790102215,1432,TRUE
1480,1480,1.95191389035763,0.134120619150535,0.887600867231205,1433,TRUE
1252,1252,1.95211309355857,0.104237313547362,0.887016018999049,1434,TRUE
1006,1006,1.9522993831866,0.553015711878777,0.886044610205947,1435,TRUE
238,238,1.95238643801284,0.0214600256595336,0.886763028031493,1436,TRUE
2026,2026,1.95246248170323,0.0150282961704116,0.889796823575482,1437,TRUE
1306,1306,1.95267128833531,0.574387107146976,0.88659222825386,1438,TRUE
232,232,1.95323975181011,0.0407258244513949,0.887188856190039,1439,TRUE
538,538,1.95375202410215,0.0844199886225483,0.885593108810312,1440,TRUE
956,956,1.95381587045943,0.354157765308989,0.885361283422709,1441,TRUE
382,382,1.95425558272771,0.0650074271716199,0.885246679228711,1442,TRUE
229,229,1.9553605301628,0.0687171338864094,0.885362697762094,1443,TRUE
1785,1785,1.95568862972992,0.0238023580679641,0.894013196054802,1444,TRUE
1434,1434,1.95588217056289,0.0609595907204005,0.885037460409399,1445,TRUE
915,915,1.95589963485185,0.600814648131035,0.885441862680698,1446,TRUE
609,609,1.95624168706868,0.0671506067594956,0.885245620286436,1447,TRUE
745,745,1.95625481518768,0.158342200171133,0.88509661368464,1448,TRUE
884,884,1.95627521862143,0.898431440655082,0.885104133185864,1449,TRUE
816,816,1.95628398188731,0.0345644533786758,0.893307106641592,1450,TRUE
903,903,1.95673566538532,0.841856952466873,0.885438469740413,1451,TRUE
985,985,1.95750714371004,0.119829743517828,0.884858581533526,1452,TRUE
1643,1643,1.95782785685741,0.57606056093537,0.886595118157393,1453,TRUE
1179,1179,1.95809857792134,0.0852831881136291,0.885092135292372,1454,TRUE
1888,1888,1.95822121794898,0.78893621006919,0.885938217030735,1455,TRUE
1575,1575,1.95825446838246,0.318142404554275,0.885269605224803,1456,TRUE
995,995,1.95832005580556,0.0223972716217703,0.885269591835387,1457,TRUE
1218,1218,1.95834808380173,0.554244652741949,0.885151556759367,1458,TRUE
1754,1754,1.95858738757503,0.377115599191841,0.884792464556927,1459,TRUE
1208,1208,1.95870382652973,0.377164935206655,0.88477822706107,1460,TRUE
1334,1334,1.95875272749234,0.026586453259067,0.884839633867626,1461,TRUE
1727,1727,1.95875417706777,0.0842722913383485,0.885018876682653,1462,TRUE
1091,1091,1.95875603225296,0.574811065157344,0.886425357287958,1463,TRUE
746,746,1.95889137551525,0.080845046425651,0.884977505537236,1464,TRUE
1438,1438,1.95892604874707,0.140082129836725,0.886664944876427,1465,TRUE
1016,1016,1.95904986108085,0.839397704979584,0.884821242255485,1466,TRUE
1333,1333,1.95930770302626,0.0675423346227498,0.886249533548541,1467,TRUE
965,965,1.9595003439497,0.278167633805751,0.891107193611136,1468,TRUE
1290,1290,1.96019614362615,0.917396759231779,0.885740020731665,1469,TRUE
1626,1626,1.96020502875392,0.00462409017424015,0.885324544959683,1470,TRUE
1616,1616,1.96020891318386,0.655867464200463,0.887966983294739,1471,TRUE
610,610,1.96081044542184,0.678799062269284,0.884979494324811,1472,TRUE
1072,1072,1.96206876700191,0.00556830983221574,0.885224489818371,1473,TRUE
69,69,1.96207119292047,0.058220371908653,0.884252331419001,1474,TRUE
1084,1084,1.96208449358371,0.0175127699899108,0.894012434269893,1475,TRUE
1830,1830,1.96216865103661,0.132300891644674,0.908693754198333,1476,TRUE
1826,1826,1.96322816655408,0.693940489810226,0.898019252738482,1477,TRUE
186,186,1.96349206022834,0.132169798828753,0.884253309998154,1478,TRUE
1963,1963,1.96352937308487,0.0274368859659138,0.897957936585505,1479,TRUE
2025,2025,1.96352937308487,0.0274368859659138,0.897957936585505,1480,TRUE
1470,1470,1.96367603646051,0.0450612529284798,0.88410232956899,1481,TRUE
169,169,1.96443453829203,0.796289867451561,0.88572997576076,1482,TRUE
524,524,1.96451747453295,0.714288103511521,0.88549163459895,1483,TRUE
775,775,1.96549065959112,0.336621146825787,0.88421195801858,1484,TRUE
1537,1537,1.96550512756244,0.336587461767612,0.884209996877425,1485,TRUE
1636,1636,1.96562671638176,0.0173217936788843,0.893591257200541,1486,TRUE
522,522,1.96564278559122,0.0187791634954282,0.892511197150971,1487,TRUE
1244,1244,1.96579810551622,0.55852319302801,0.885013466541038,1488,TRUE
1828,1828,1.96676833792619,0.859045025461076,0.897946006227984,1489,TRUE
1548,1548,1.96699974942784,0.177720482020824,0.88466168201443,1490,TRUE
1161,1161,1.96721575752875,0.889190668987104,0.887192742793817,1491,TRUE
1766,1766,1.96764142390968,0.177829184169469,0.906078842480183,1492,TRUE
1012,1012,1.9682176247452,0.0629192655483007,0.883534014510303,1493,TRUE
1709,1709,1.96898587525349,0.871206345758625,0.886831219985734,1494,TRUE
468,468,1.96914621376059,0.251940641916813,0.883360099592775,1495,TRUE
898,898,1.96947889722278,0.964918453101211,0.885500839134924,1496,TRUE
443,443,1.96952645159022,0.0332005928017661,0.88363704220776,1497,TRUE
1509,1509,1.96952645159022,0.0332005928017661,0.88363704220776,1498,TRUE
1031,1031,1.96953399107499,0.110004723478206,0.885072599692062,1499,TRUE
1976,1976,1.96963884167671,0.782430546340797,0.887617970252171,1500,TRUE
2042,2042,1.96963884167671,0.782430546340797,0.887617970252171,1501,TRUE
2027,2027,1.97025601064094,0.0220040538083072,0.890388171504709,1502,TRUE
523,523,1.97038578071943,0.0609387826947284,0.887185683964149,1503,TRUE
1991,1991,1.97053857665974,0.834704625597122,0.885472784334738,1504,TRUE
2069,2069,1.97053857665974,0.834704625597122,0.885472784334738,1505,TRUE
1045,1045,1.97054911201454,0.027495777712366,0.884142055115765,1506,TRUE
1171,1171,1.97060363363165,0.0137756417625237,0.883652570623652,1507,TRUE
171,171,1.97064384169869,0.679421197454774,0.88507748109474,1508,TRUE
1719,1719,1.9706854214624,0.0137749731969997,0.883644015135119,1509,TRUE
120,120,1.97145832989929,0.569790699907262,0.883338570486165,1510,TRUE
131,131,1.97157465450326,0.293670656143407,0.883053273711491,1511,TRUE
726,726,1.97198896415899,0.0513121873657537,0.884870856318731,1512,TRUE
879,879,1.9720207955018,0.655912261640767,0.887109662527262,1513,TRUE
191,191,1.97209014179186,0.776016543082217,0.885194735103791,1514,TRUE
883,883,1.97211168648315,0.011838447695591,0.884005403337315,1515,TRUE
112,112,1.97211472587564,0.0312719644780636,0.883336190146069,1516,TRUE
1950,1950,1.97241094281662,0.0265344115432627,0.883716613815174,1517,TRUE
2007,2007,1.97241094281662,0.0265344115432627,0.883716613815174,1518,TRUE
1798,1798,1.9724429789321,0.0920381480444163,0.887605164727198,1519,TRUE
1632,1632,1.97254519401954,0.0605931334888658,0.88906921784244,1520,TRUE
1036,1036,1.97269637132422,0.0179310410396673,0.889020810830214,1521,TRUE
203,203,1.97278633466108,0.222265373143948,0.885336537999928,1522,TRUE
632,632,1.97301694711524,0.0472246079993533,0.887645570445165,1523,TRUE
525,525,1.97338162238426,0.618640573234826,0.884324590023255,1524,TRUE
91,91,1.97352109593589,0.010741929903443,0.883921230803557,1525,TRUE
440,440,1.97419044814192,0.0905287362689281,0.88972809187207,1526,TRUE
1071,1071,1.97495588613184,0.259046401986345,0.882943421399406,1527,TRUE
455,455,1.97503461368083,0.564444261225593,0.882868627389343,1528,TRUE
1375,1375,1.97551141977016,0.618786811846898,0.883650054935097,1529,TRUE
1406,1406,1.97565283444369,0.0180052495964559,0.882543042223911,1530,TRUE
1484,1484,1.97615730765922,0.0209477272381994,0.883031645898594,1531,TRUE
1661,1661,1.97624504725376,0.274870118013652,0.882663539789096,1532,TRUE
900,900,1.97640981847812,0.15275934188584,0.882975232589633,1533,TRUE
942,942,1.97679831724712,0.751522144517468,0.885437902527316,1534,TRUE
1086,1086,1.97723682246767,0.968501238667175,0.886282929361687,1535,TRUE
1110,1110,1.97732688155853,0.275290274084509,0.882525161326592,1536,TRUE
619,619,1.97745601607025,0.856550235892469,0.882660606190505,1537,TRUE
1753,1753,1.97760352687288,0.0680406791309721,0.882379148084846,1538,TRUE
1121,1121,1.9778086402592,0.909041591931409,0.883355497674901,1539,TRUE
1625,1625,1.97805463612957,0.240891068476929,0.882492859695632,1540,TRUE
253,253,1.97816184452696,0.428789686289881,0.882375132400431,1541,TRUE
1213,1213,1.97829299606307,0.0129200350589464,0.882880878287932,1542,TRUE
1207,1207,1.97861243047528,0.067493602411197,0.882255717953739,1543,TRUE
1049,1049,1.9786301905786,0.178463716113334,0.882442208536416,1544,TRUE
1102,1102,1.97915270773382,0.0303163342272895,0.888215560995094,1545,TRUE
1371,1371,1.9791871494138,0.776562285303159,0.88671104162086,1546,TRUE
1654,1654,1.97926352823773,0.0302043069251741,0.8881988403867,1547,TRUE
1237,1237,1.97942996822337,0.559438768582369,0.88915980536499,1548,TRUE
1996,1996,1.97946363796897,0.0144076527033994,0.887481987557811,1549,TRUE
1056,1056,1.97948938765271,0.0300432559276713,0.888877098084921,1550,TRUE
645,645,1.98007445044504,0.438784515561282,0.882159661868603,1551,TRUE
612,612,1.9806946910127,0.57811056063402,0.883991171773904,1552,TRUE
1619,1619,1.98076642537099,0.0264114038224097,0.881967266292818,1553,TRUE
1672,1672,1.98076939132344,0.926140996347294,0.882851477135134,1554,TRUE
1638,1638,1.98130048905504,0.9690822898612,0.885926710618877,1555,TRUE
1524,1524,1.98181431420068,0.496438616913119,0.881950249312399,1556,TRUE
329,329,1.98200942520523,0.776226601056917,0.886526599330752,1557,TRUE
1154,1154,1.98263258059443,0.0176086072964407,0.884255636557612,1558,TRUE
1702,1702,1.9828382517131,0.0176097395751737,0.884236751518734,1559,TRUE
1676,1676,1.98288708870376,0.128502690763018,0.883013323394324,1560,TRUE
857,857,1.98309173661949,0.97842033922532,0.881803414812126,1561,TRUE
1985,1985,1.98318594526213,0.0939836873239524,0.897138125216475,1562,TRUE
2061,2061,1.98318594526213,0.0939836873239524,0.897138125216475,1563,TRUE
190,190,1.98349983731734,0.144704855303252,0.882335103401925,1564,TRUE
1125,1125,1.98417263990697,0.12275276066347,0.882931899256982,1565,TRUE
882,882,1.98433525722088,0.0263884608261835,0.881528265065775,1566,TRUE
1194,1194,1.98485527938771,0.0711132519752398,0.883348365532791,1567,TRUE
96,96,1.9850965265705,0.00836034841317904,0.881659447728758,1568,TRUE
557,557,1.98537559738848,0.580305897328503,0.881719798563301,1569,TRUE
1292,1292,1.98544984212959,0.0467648026770797,0.882075759103259,1570,TRUE
1205,1205,1.98560836109972,0.00275828358991553,0.885763935505046,1571,TRUE
1623,1623,1.98571294044441,0.283735423061625,0.882450909030931,1572,TRUE
83,83,1.98741696138908,0.0101898189170208,0.894574121710216,1573,TRUE
1079,1079,1.98764993858032,0.0356696675930527,0.885979203456069,1574,TRUE
1065,1065,1.98860335032554,0.255670913472516,0.881178471209676,1575,TRUE
830,830,1.98894290340196,0.560651939061017,0.884862480483073,1576,TRUE
1667,1667,1.98934079933806,0.103082267658361,0.885303360859662,1577,TRUE
1116,1116,1.98944855371447,0.101881588437143,0.885273848167639,1578,TRUE
1741,1741,1.98949448662238,0.0638517443044861,0.882643318057759,1579,TRUE
934,934,1.98992467007374,0.0203046501829329,0.883436666928144,1580,TRUE
1267,1267,1.99026604013436,0.0190693421120265,0.88088756740915,1581,TRUE
2100,2100,1.99067530017696,0.230989249036765,0.881162487812302,1582,TRUE
2103,2103,1.99067530017696,0.230989249036765,0.881162487812302,1583,TRUE
2108,2108,1.99067530017696,0.230989249036765,0.881162487812302,1584,TRUE
1576,1576,1.99075223879453,0.560652481921903,0.88470424193065,1585,TRUE
551,551,1.9909009237427,0.128398760383114,0.880882338912837,1586,TRUE
809,809,1.99090191882542,0.892842524371689,0.881775664195359,1587,TRUE
565,565,1.99157107777783,0.0745353768918864,0.88057471151762,1588,TRUE
1052,1052,1.99160093992928,0.628962523077319,0.881048505662373,1589,TRUE
702,702,1.99168691691527,0.0466538162103992,0.880649924742746,1590,TRUE
932,932,1.99369138465622,0.0281954826477853,0.883408746559105,1591,TRUE
1241,1241,1.99374755399906,0.0649416717117895,0.885849801617568,1592,TRUE
1558,1558,1.99408233625279,0.00615823536805875,0.893215576397257,1593,TRUE
1165,1165,1.99434197584625,0.316312795010882,0.880878900843861,1594,TRUE
1876,1876,1.99455636369306,0.587047516598228,0.893122382125719,1595,TRUE
1186,1186,1.99488288602185,0.517768860992468,0.880142731733193,1596,TRUE
1089,1089,1.99501111977149,0.190584037869982,0.880343700728541,1597,TRUE
1641,1641,1.99570684225606,0.18887320365039,0.880248128297202,1598,TRUE
886,886,1.99580571526644,0.284084121197151,0.881362365342325,1599,TRUE
1544,1544,1.99599736721372,0.0105867288183313,0.898684777380418,1600,TRUE
984,984,1.99630224276618,0.896870728266637,0.882935244641474,1601,TRUE
1734,1734,1.99676849560564,0.519956443927367,0.879896380777847,1602,TRUE
901,901,1.99783899396496,0.16522311893844,0.880728746014097,1603,TRUE
1169,1169,1.99788398964296,0.974128272102172,0.880366667446897,1604,TRUE
969,969,1.9979154607222,0.0302229427975468,0.881858494691459,1605,TRUE
664,664,1.99794784062093,0.0469829242196869,0.880400618984809,1606,TRUE
971,971,1.99812881706453,0.142701482376067,0.88410378741714,1607,TRUE
982,982,1.99854276482931,0.0173969965164211,0.881313136050575,1608,TRUE
1713,1713,1.99859839472274,0.310393770339382,0.880330391861764,1609,TRUE
115,115,1.99883154867033,0.0955829087866672,0.881396283225064,1610,TRUE
595,595,1.99892869884879,0.905927571323232,0.879657475214351,1611,TRUE
197,197,1.99897460050598,0.0620572890237331,0.879586890985839,1612,TRUE
1541,1541,1.99933407177727,0.0471363568191077,0.87985136804503,1613,TRUE
853,853,1.99969067142625,0.0382936043466062,0.879545471619241,1614,TRUE
584,584,2.0002424726696,0.0471240998489058,0.885174391829301,1615,TRUE
966,966,2.00080596469225,0.0129834274065253,0.879452772135108,1616,TRUE
916,916,2.00085877338961,0.0205631052176844,0.881166788252116,1617,TRUE
218,218,2.00174777910642,0.929998404825363,0.879360603595456,1618,TRUE
731,731,2.00287979528714,0.0657258988084218,0.879141491126318,1619,TRUE
1264,1264,2.00313265965627,0.752738549134472,0.879052724933235,1620,TRUE
1254,1254,2.00348592991952,0.112392452299676,0.879328099956044,1621,TRUE
290,290,2.00421761350467,0.358404562744762,0.887758813845737,1622,TRUE
781,781,2.00469898116389,0.0474715907195047,0.879101526661141,1623,TRUE
1314,1314,2.00488748928,0.624255986288024,0.879005349231775,1624,TRUE
1000,1000,2.00623824160734,0.624603471284677,0.878794492432559,1625,TRUE
448,448,2.00677279657835,0.10547468622415,0.879761402360552,1626,TRUE
1041,1041,2.008636182527,0.360611053482441,0.879182386499627,1627,TRUE
1039,1039,2.00877856193198,0.0189042890150693,0.883646415248881,1628,TRUE
488,488,2.01014419238981,0.0342535091630773,0.883036443953477,1629,TRUE
1389,1389,2.01042367835378,0.0364536487747056,0.87887887245422,1630,TRUE
1453,1453,2.01080082133521,0.151207884808162,0.878322745115865,1631,TRUE
1310,1310,2.01112952896536,0.0245852616847071,0.888082737680591,1632,TRUE
1107,1107,2.01216347925792,0.500062034248238,0.878184516782543,1633,TRUE
1285,1285,2.01221243166109,0.558564908290232,0.880180683163202,1634,TRUE
1280,1280,2.01297072291598,0.0100023878178716,0.879958834108552,1635,TRUE
423,423,2.0132878166601,0.0101773877038884,0.879002081084752,1636,TRUE
1717,1717,2.013352206918,0.974106095474977,0.878198875414216,1637,TRUE
86,86,2.01339429288968,0.40342557584808,0.878411564079758,1638,TRUE
1058,1058,2.01420789183529,0.0389968416054175,0.877648671106938,1639,TRUE
417,417,2.01506520755427,0.0516304386321088,0.881509504762083,1640,TRUE
1721,1721,2.01628500988619,0.146464284366355,0.878758755798564,1641,TRUE
1370,1370,2.01639979830998,0.0549709068287743,0.880282685404337,1642,TRUE
991,991,2.0164807418483,0.0189626197990201,0.877438451982031,1643,TRUE
1173,1173,2.0165499982133,0.146045160883781,0.878730030835872,1644,TRUE
1658,1658,2.01677576263585,0.499318628696787,0.877563835844067,1645,TRUE
1633,1633,2.01678007683554,0.0278818090353175,0.880378416996082,1646,TRUE
961,961,2.01763536664184,0.084189794231409,0.878870553735516,1647,TRUE
1193,1193,2.01787634079906,0.0972235231661142,0.884432050096873,1648,TRUE
219,219,2.01858365660326,0.00218856571505265,0.885653059749258,1649,TRUE
990,990,2.01947337094672,0.00257722152131868,0.883103329756616,1650,TRUE
1332,1332,2.01957806234969,0.203423853661352,0.877972576760146,1651,TRUE
46,46,2.01970388603048,0.067410670446864,0.876873496234448,1652,TRUE
1740,1740,2.02017173959,0.094763305623205,0.884267581133798,1653,TRUE
351,351,2.02030462011463,0.0665346969034894,0.87679478966451,1654,TRUE
1399,1399,2.02030462011463,0.0665346969034894,0.87679478966451,1655,TRUE
1637,1637,2.02053074329409,0.557438433712761,0.877149378193895,1656,TRUE
1984,1984,2.02064133055116,0.749373416573717,0.900424813890075,1657,TRUE
2057,2057,2.02064133055116,0.749373416573717,0.900424813890075,1658,TRUE
1935,1935,2.02087831762321,0.050642336743164,0.891079370309655,1659,TRUE
1085,1085,2.02114022509285,0.557440636884025,0.877067445225774,1660,TRUE
1080,1080,2.02115895389364,0.0251448882920081,0.879593442515259,1661,TRUE
1242,1242,2.0219706196779,0.153636994207334,0.881004736684975,1662,TRUE
1620,1620,2.02295285440569,0.00796789183623304,0.879335514746588,1663,TRUE
1027,1027,2.0237521600127,0.0153373008696691,0.876593211224358,1664,TRUE
1028,1028,2.02435182436292,0.132085520797396,0.877782062089983,1665,TRUE
962,962,2.02440083301236,0.550527406478677,0.876484997715168,1666,TRUE
1022,1022,2.02452362877029,0.0352047421318024,0.878911614730747,1667,TRUE
953,953,2.02480122090243,0.541014709577283,0.876416986246339,1668,TRUE
950,950,2.02504588717067,0.55983630215976,0.87622684751218,1669,TRUE
1275,1275,2.02516668265122,0.04580426719624,0.877506647782416,1670,TRUE
1008,1008,2.02560641618363,0.955317106874346,0.876962856755731,1671,TRUE
2015,2015,2.0257849137516,0.403887958789735,0.882244891348072,1672,TRUE
1852,1852,2.02594858770264,0.0150795738062363,0.88376732233539,1673,TRUE
1851,1851,2.02596824660783,0.0267651313779279,0.881400511702904,1674,TRUE
2097,2097,2.02596824660783,0.0267651313779279,0.881400511702904,1675,TRUE
1062,1062,2.02602604608919,0.729126084846305,0.88212987043445,1676,TRUE
941,941,2.02642021010379,0.5598059482089,0.886631985294461,1677,TRUE
168,168,2.02685810247886,0.0155931664747866,0.884492916520535,1678,TRUE
1601,1601,2.02696684474497,0.577300945472293,0.876653243208884,1679,TRUE
1554,1554,2.02697306896034,0.0185248773795652,0.876571472801651,1680,TRUE
1845,1845,2.02701432219135,0.0279177495473114,0.881401268837202,1681,TRUE
2072,2072,2.02705928668525,0.217991991489033,0.88043957380948,1682,TRUE
1238,1238,2.02993864956071,0.260654140881735,0.875743432807162,1683,TRUE
989,989,2.03039710786657,0.136047419123525,0.875826613108994,1684,TRUE
406,406,2.03192863303546,0.387604402077803,0.875851101035699,1685,TRUE
1311,1311,2.03219928796902,0.614979871464158,0.88890766579892,1686,TRUE
692,692,2.03273483099973,0.060150352459634,0.875264781125872,1687,TRUE
1987,1987,2.03283994493213,0.744111035492862,0.875160698230792,1688,TRUE
2064,2064,2.03283994493213,0.744111035492862,0.875160698230792,1689,TRUE
1566,1566,2.03359396447282,0.759255353404405,0.875530984987319,1690,TRUE
1906,1906,2.03385251974052,0.0187651511497561,0.880998488080361,1691,TRUE
1948,1948,2.03399222764504,0.0302747356002614,0.881792726219297,1692,TRUE
2005,2005,2.03399222764504,0.0302747356002614,0.881792726219297,1693,TRUE
824,824,2.03406493381592,0.170350429128204,0.875344173379738,1694,TRUE
1515,1515,2.03413933239444,0.0719645621930846,0.875594986564681,1695,TRUE
283,283,2.03416719803098,0.0598569573301484,0.875064312097164,1696,TRUE
1044,1044,2.03456302003809,0.264475397260797,0.875494020611252,1697,TRUE
861,861,2.0346043774911,0.57906963824434,0.87511066050098,1698,TRUE
2016,2016,2.03568990609921,0.923967963043747,0.875099158820029,1699,TRUE
1929,1929,2.03570061681487,0.0197939677692891,0.887446464726622,1700,TRUE
817,817,2.03598040483807,0.760980116550883,0.875228669284099,1701,TRUE
1005,1005,2.03748627788828,0.112755656650992,0.874640846771701,1702,TRUE
1316,1316,2.038262562575,0.0259534408735636,0.888461553274879,1703,TRUE
798,798,2.03828517205527,0.0185729057914178,0.874875841517305,1704,TRUE
1051,1051,2.04056443104698,0.0439368822379972,0.874353357859481,1705,TRUE
1847,1847,2.04075529384381,0.0154453322112942,0.88247984343853,1706,TRUE
778,778,2.04182385969727,0.0172441256826683,0.874052123179978,1707,TRUE
1226,1226,2.04257638247996,0.0143927277358145,0.87966128966112,1708,TRUE
1571,1571,2.04299351471997,0.175675084064656,0.874184821980809,1709,TRUE
1115,1115,2.04304700072486,0.540415735185371,0.873828901116922,1710,TRUE
1884,1884,2.04414819442685,0.492819677265511,0.878278750616831,1711,TRUE
1666,1666,2.04512693989188,0.535457919730789,0.873543457743599,1712,TRUE
1986,1986,2.04592615304947,0.171066455930651,0.87451581675736,1713,TRUE
2063,2063,2.04592615304947,0.171066455930651,0.87451581675736,1714,TRUE
1918,1918,2.04627966641269,0.101400287615416,0.882597372529002,1715,TRUE
1199,1199,2.04671162518981,0.458805114247367,0.873869536407622,1716,TRUE
1698,1698,2.04672675436324,0.0185139523331445,0.873693983689837,1717,TRUE
1679,1679,2.04757476952211,-0.00496384704424633,0.87766557492014,1718,TRUE
815,815,2.04774436133098,0.0368816056213417,0.875903262095256,1719,TRUE
1149,1149,2.04793590055899,0.0183905166725686,0.873531161444039,1720,TRUE
1989,1989,2.04853587484228,0.0169413913091366,0.879420904584689,1721,TRUE
2067,2067,2.04853587484228,0.0169413913091366,0.879420904584689,1722,TRUE
1846,1846,2.04883411634369,0.0222831351873024,0.895973057667469,1723,TRUE
1768,1768,2.0497176822122,0.0406574071402943,0.884644530974219,1724,TRUE
1128,1128,2.04980898166586,-0.00496242283628189,0.877347966054179,1725,TRUE
1466,1466,2.051121947953,0.287306815913391,0.873072992653099,1726,TRUE
929,929,2.05179739839849,0.180980189849288,0.872739722789475,1727,TRUE
1977,1977,2.05349652972511,0.0151656063521477,0.877881537860057,1728,TRUE
2043,2043,2.05349652972511,0.0151656063521477,0.877881537860057,1729,TRUE
1815,1815,2.05419320356159,0.0335486539089778,0.883528434281758,1730,TRUE
1904,1904,2.05533872534912,0.0196480414543664,0.888349264655488,1731,TRUE
1746,1746,2.0556003461412,0.444167753487533,0.872724894382314,1732,TRUE
583,583,2.05644701668415,0.45704147156905,0.876412334213416,1733,TRUE
1174,1174,2.05689170124483,0.527925689500264,0.875966238731036,1734,TRUE
1184,1184,2.05743756040699,0.895837893632574,0.88665100348096,1735,TRUE
1732,1732,2.05755178901859,0.895917292867922,0.8866348885006,1736,TRUE
889,889,2.05763151797236,0.952674699022478,0.880757531280258,1737,TRUE
1565,1565,2.05789911808602,0.0366134951353782,0.874719298272093,1738,TRUE
835,835,2.05867657687576,0.030580193031283,0.871857497736553,1739,TRUE
1053,1053,2.05917932778145,0.186102716173004,0.871664526151094,1740,TRUE
976,976,2.05923662858498,0.0199105085940345,0.875867848378486,1741,TRUE
887,887,2.06192548615576,0.146762583415267,0.872588901048415,1742,TRUE
2054,2054,2.06193525453192,0.470691011082664,0.888955799656383,1743,TRUE
854,854,2.0627887615649,0.213961030945298,0.875093532176172,1744,TRUE
1624,1624,2.06339565745725,0.129032267131626,0.873329006316618,1745,TRUE
1965,1965,2.06344920985986,0.0068342427181848,0.881695817630985,1746,TRUE
2029,2029,2.06344920985986,0.0068342427181848,0.881695817630985,1747,TRUE
1143,1143,2.06458300345999,0.0159471662175155,0.875126378316645,1748,TRUE
952,952,2.06537978001587,0.325108247775866,0.874507002904204,1749,TRUE
1104,1104,2.06550179606058,0.611866265254505,0.889139156532984,1750,TRUE
1693,1693,2.06568370589634,0.0158697917425623,0.874858817098146,1751,TRUE
1722,1722,2.06656826394107,0.527879353457492,0.874480544145453,1752,TRUE
920,920,2.06769030674285,-0.00552690811287523,0.884144344751888,1753,TRUE
1580,1580,2.06782117016062,0.0282058402866738,0.87061769152352,1754,TRUE
1739,1739,2.06788768356484,0.0115164559341315,0.871478830548151,1755,TRUE
1192,1192,2.06792649017268,0.0115253342041837,0.871478917757298,1756,TRUE
1604,1604,2.0684572300078,0.118281444464934,0.871179431865284,1757,TRUE
943,943,2.06852651727973,0.103584550018505,0.870912836382099,1758,TRUE
873,873,2.06872978145333,0.0211961409819565,0.873924115908166,1759,TRUE
1610,1610,2.06918654210353,0.0211068067486791,0.87386699709718,1760,TRUE
1313,1313,2.071940695034,0.0942656202561161,0.870154243265868,1761,TRUE
1701,1701,2.07293287090536,0.071074723905154,0.872444122959718,1762,TRUE
1153,1153,2.07320168686919,0.0700597187590534,0.872405474077527,1763,TRUE
1708,1708,2.07342851275716,0.0188436833520562,0.8821088364678,1764,TRUE
963,963,2.07355326221559,0.894767542701761,0.870565931116345,1765,TRUE
909,909,2.07375296186197,0.0778190092552181,0.880176846906335,1766,TRUE
877,877,2.07379696803816,0.0110476297524243,0.870041607657416,1767,TRUE
864,864,2.0738729914632,0.110910472353227,0.870495387064648,1768,TRUE
973,973,2.07496449713434,0.0210747121708984,0.870015915795234,1769,TRUE
1307,1307,2.07555200681011,0.227166070841206,0.87753204662132,1770,TRUE
1954,1954,2.07614520080977,0.44062538811633,0.891427139343175,1771,TRUE
2013,2013,2.07614520080977,0.44062538811633,0.891427139343175,1772,TRUE
2066,2066,2.0764846948346,0.11681282054765,0.881340247622785,1773,TRUE
855,855,2.0770716636759,0.00967642728514963,0.87004118061851,1774,TRUE
1168,1168,2.07733351140001,0.894988860055256,0.869897189331321,1775,TRUE
1900,1900,2.07833629151818,-0.0118846646629264,0.880435726863211,1776,TRUE
167,167,2.07836339459252,-0.0018677571866986,0.883397058345878,1777,TRUE
2060,2060,2.07931953965381,0.0128555652158458,0.872907623104893,1778,TRUE
296,296,2.08042776004353,0.15013900251379,0.873235570535941,1779,TRUE
170,170,2.08053168535599,0.0120286229121046,0.882548765613899,1780,TRUE
959,959,2.08066443821418,0.0120737287165145,0.870393713438257,1781,TRUE
1628,1628,2.08170149384735,0.57045889772963,0.871490019567266,1782,TRUE
1975,1975,2.08260830728543,0.56470937976898,0.90888591539783,1783,TRUE
2041,2041,2.08260830728543,0.56470937976898,0.90888591539783,1784,TRUE
1716,1716,2.08315875334666,0.893122655145751,0.869169259626683,1785,TRUE
782,782,2.08336223828665,0.181210739249618,0.874529458467814,1786,TRUE
1543,1543,2.08358923301737,0.115588934817798,0.87430954705735,1787,TRUE
1956,1956,2.08372792656385,0.0671923898718623,0.885207741273542,1788,TRUE
2017,2017,2.08372792656385,0.0671923898718623,0.885207741273542,1789,TRUE
783,783,2.08375208995508,0.114880777140269,0.871800730600184,1790,TRUE
1279,1279,2.08411505165426,0.0148998578387463,0.869187006873731,1791,TRUE
1916,1916,2.08447261037305,0.425108459827059,0.87037105966935,1792,TRUE
1078,1078,2.08486668859901,0.0105397681469344,0.886829497033068,1793,TRUE
1932,1932,2.08502906446381,0.00970152218563084,0.872425836088317,1794,TRUE
1138,1138,2.0850454726207,0.89056005158525,0.869160212824391,1795,TRUE
1688,1688,2.08663134221212,0.890298401010877,0.868921562349466,1796,TRUE
1117,1117,2.0871711350573,0.189669168475982,0.878997924275731,1797,TRUE
1668,1668,2.08812618907744,0.189521622236758,0.878882416921949,1798,TRUE
1934,1934,2.08826131655015,0.320976139470386,0.880286872679229,1799,TRUE
654,654,2.0883570386062,0.107863427874503,0.870079685660794,1800,TRUE
1992,1992,2.08871000362497,0.0191593596660242,0.873849182500703,1801,TRUE
2071,2071,2.08871000362497,0.0191593596660242,0.873849182500703,1802,TRUE
1304,1304,2.09083107230344,0.90446434977295,0.873426453015749,1803,TRUE
774,774,2.09186574388477,0.0948465918773564,0.867871132448015,1804,TRUE
1890,1890,2.09235707755601,0.251038565321929,0.901825535607258,1805,TRUE
1898,1898,2.09244205884833,0.166571520612989,0.871559615253038,1806,TRUE
806,806,2.09304767555406,0.37147039800959,0.868232154176161,1807,TRUE
1629,1629,2.09305740111869,0.0360747252167442,0.868150447544035,1808,TRUE
258,258,2.093743297974,0.107002545600741,0.869254118214613,1809,TRUE
1724,1724,2.09451248876001,0.101382213832365,0.881143028431492,1810,TRUE
1075,1075,2.09499914784137,0.0347938319877953,0.867922949188972,1811,TRUE
1354,1354,2.09503745148709,0.0405561153058034,0.876826406678796,1812,TRUE
1287,1287,2.09533506882153,0.0158290197581297,0.867931899867355,1813,TRUE
1723,1723,2.09553515196686,0.0273345248856172,0.87466020651169,1814,TRUE
1983,1983,2.09553625438891,0.0325677743107579,0.872327807563872,1815,TRUE
2056,2056,2.09553625438891,0.0325677743107579,0.872327807563872,1816,TRUE
1176,1176,2.09554159390883,0.0998588594713192,0.881107207842361,1817,TRUE
1204,1204,2.0961054446517,0.0089739685019211,0.871149693015444,1818,TRUE
1751,1751,2.09672658124619,0.00901442379046609,0.871097911836809,1819,TRUE
1175,1175,2.09704174064916,0.027024598632787,0.874520989900382,1820,TRUE
922,922,2.0984260129549,0.601798243755412,0.870921540636211,1821,TRUE
2075,2075,2.09896564316986,0.538882977059365,0.877327886778572,1822,TRUE
1253,1253,2.09943764803439,0.0507929854127505,0.866294335560465,1823,TRUE
1092,1092,2.09991423606399,0.00650487864011158,0.879391040226625,1824,TRUE
923,923,2.10007751903947,0.00796493618563514,0.874719280255287,1825,TRUE
1853,1853,2.10050625185853,0.638201961971468,0.900802118155659,1826,TRUE
1940,1940,2.10050625185853,0.638201961971468,0.900802118155659,1827,TRUE
1997,1997,2.10050625185853,0.638201961971468,0.900802118155659,1828,TRUE
1560,1560,2.10091163248475,0.368176357238958,0.867078207562763,1829,TRUE
1644,1644,2.10171384339606,0.0065538794109205,0.8793151616461,1830,TRUE
1659,1659,2.10310273931372,0.559409095065283,0.872480682122419,1831,TRUE
1902,1902,2.10421306439246,0.036269204055759,0.882945033152125,1832,TRUE
578,578,2.10425650276638,0.0816009782299117,0.869647003474666,1833,TRUE
1108,1108,2.10435423789719,0.559309705726872,0.872383637594129,1834,TRUE
1877,1877,2.1047106267466,0.0109706638202518,0.87207696805974,1835,TRUE
1614,1614,2.10565701677505,0.00799167757267238,0.866029641942876,1836,TRUE
1696,1696,2.10844577452705,0.211483256908476,0.870896185657334,1837,TRUE
93,93,2.10852971214395,0.0114213596388461,0.874999442072113,1838,TRUE
888,888,2.10892290810382,0.206315407665222,0.865149748024286,1839,TRUE
951,951,2.10927446046881,0.0707832710104266,0.871043079659941,1840,TRUE
142,142,2.10981385575479,0.00414313903560463,0.874811100895891,1841,TRUE
1074,1074,2.11007823666677,0.568576929604287,0.868087733932678,1842,TRUE
1147,1147,2.11009965936788,0.204864737192446,0.870743083571778,1843,TRUE
1905,1905,2.11053682285457,0.0124936802894918,0.869066632958982,1844,TRUE
872,872,2.1122758516698,0.0155425339990613,0.866212336197903,1845,TRUE
206,206,2.11348334877926,0.0822985250532178,0.868593298438528,1846,TRUE
1615,1615,2.11435734427118,0.62864883541524,0.865780025998149,1847,TRUE
1856,1856,2.11490034406707,0.0152010334566101,0.885177985459398,1848,TRUE
1132,1132,2.11509772312011,0.549806736721123,0.864514135135696,1849,TRUE
1972,1972,2.11608382759299,0.0249312489383008,0.866944934322734,1850,TRUE
2037,2037,2.11608382759299,0.0249312489383008,0.866944934322734,1851,TRUE
1263,1263,2.11625091967609,0.149848554120524,0.863996671620189,1852,TRUE
1683,1683,2.11733787765673,0.546941437745394,0.864263942285605,1853,TRUE
1609,1609,2.11755951979579,0.0152857730060044,0.865565202973894,1854,TRUE
947,947,2.11887308849493,0.028008501423502,0.863683232543553,1855,TRUE
1090,1090,2.11927493873208,0.560014167742227,0.894722566103252,1856,TRUE
992,992,2.11959077491143,0.0717437447792734,0.871385469774745,1857,TRUE
1293,1293,2.1197340554402,0.0441778215190725,0.864680636365112,1858,TRUE
1595,1595,2.11993252684844,0.0555021613529352,0.870631511131615,1859,TRUE
949,949,2.12055687922714,0.20700250616745,0.864043112096914,1860,TRUE
1642,1642,2.12083178386745,0.560013804400136,0.894591198880031,1861,TRUE
878,878,2.12095084690461,0.624161828355066,0.864796613621656,1862,TRUE
1160,1160,2.12236374750018,0.0193927949085877,0.879047889238081,1863,TRUE
924,924,2.12242396637523,0.451577877099704,0.865637417639674,1864,TRUE
1239,1239,2.12473458154364,0.0580225934346371,0.867456205554121,1865,TRUE
1542,1542,2.12657300870516,0.0648554471551181,0.871924996737409,1866,TRUE
1596,1596,2.12784119670723,0.00751217148608865,0.864672377361363,1867,TRUE
1043,1043,2.12995594086968,0.0147546965364629,0.867572458830404,1868,TRUE
1655,1655,2.13009441238339,0.104281331243399,0.862856400473929,1869,TRUE
896,896,2.13165756903869,0.00297724189367082,0.871444040823181,1870,TRUE
1103,1103,2.13219498857255,0.101016862532235,0.862606977535948,1871,TRUE
1966,1966,2.13333890549866,0.0145696124288781,0.872244362624583,1872,TRUE
2031,2031,2.13333890549866,0.0145696124288781,0.872244362624583,1873,TRUE
958,958,2.13389595140913,0.0351298993996529,0.864181063149774,1874,TRUE
1854,1854,2.13539275889225,0.022262978466771,0.866769415730063,1875,TRUE
1941,1941,2.13539275889225,0.022262978466771,0.866769415730063,1876,TRUE
1998,1998,2.13539275889225,0.022262978466771,0.866769415730063,1877,TRUE
1707,1707,2.1362739199874,0.692873989922359,0.862419414986028,1878,TRUE
1159,1159,2.13629229465296,0.693188242180929,0.862364211395604,1879,TRUE
858,858,2.13638852822961,0.0070906085833222,0.86275162596349,1880,TRUE
937,937,2.13776658980544,0.0769145268232001,0.862021471592562,1881,TRUE
1879,1879,2.13889653703203,0.0126944976983471,0.866073325629396,1882,TRUE
1151,1151,2.1391742445055,0.499777806111946,0.865175315209271,1883,TRUE
1212,1212,2.14311870204948,0.0136110312512713,0.863810732884291,1884,TRUE
1957,1957,2.14489270534594,0.114990425127057,0.86747651432293,1885,TRUE
2018,2018,2.14489270534594,0.114990425127057,0.86747651432293,1886,TRUE
1150,1150,2.14540383569989,0.0068024358831084,0.862589563667164,1887,TRUE
1699,1699,2.1468304740243,0.00683693551034511,0.862450307019126,1888,TRUE
1270,1270,2.14771217831311,0.40526363667639,0.861941381088273,1889,TRUE
940,940,2.14780840238064,0.177312780526804,0.861856570836777,1890,TRUE
1858,1858,2.1494564440613,0.345139597655483,0.883812568664749,1891,TRUE
1255,1255,2.14961357261081,0.0337047670344649,0.860422057109199,1892,TRUE
1312,1312,2.15273039336515,0.0124305850603305,0.885237988600718,1893,TRUE
1892,1892,2.15398076274912,0.0367334763431495,0.859553836655709,1894,TRUE
1808,1808,2.15425941821965,0.37014804759213,0.883776994201604,1895,TRUE
1210,1210,2.15624226045369,0.0151610259866865,0.858704847016202,1896,TRUE
1714,1714,2.15650436838014,0.0113833450160877,0.863433125963374,1897,TRUE
1236,1236,2.1568804070591,0.0797957537057271,0.862328550344052,1898,TRUE
1038,1038,2.15711971273368,0.0913403703775804,0.860683016613084,1899,TRUE
1247,1247,2.15728377131394,0.293451075491195,0.861094677475493,1900,TRUE
1166,1166,2.15760330681782,0.0113652365552909,0.863318659281719,1901,TRUE
690,690,2.15871802826019,0.0121753125487701,0.880572680302184,1902,TRUE
1593,1593,2.1602161145989,0.515190320926248,0.861377648918312,1903,TRUE
1563,1563,2.16502005097017,0.0153172600232919,0.86790850673937,1904,TRUE
1925,1925,2.16667438055899,0.0127277412241724,0.862485089032757,1905,TRUE
974,974,2.16897025919076,0.404190059523658,0.859035929037666,1906,TRUE
1112,1112,2.16898283501847,0.0152092388796949,0.857077474626441,1907,TRUE
1663,1663,2.1691859084702,0.0151266185643665,0.857052741753568,1908,TRUE
2062,2062,2.1710599740609,-0.0171086947918328,0.860874811143945,1909,TRUE
1082,1082,2.17227144733001,0.159562513234518,0.856740255299836,1910,TRUE
1703,1703,2.17253930486795,0.0117423682972455,0.862246917134065,1911,TRUE
1155,1155,2.17296944474438,0.0117373041158519,0.862202754449579,1912,TRUE
1088,1088,2.17459624506311,0.0135828545256219,0.856872151753128,1913,TRUE
1243,1243,2.17561154606088,0.00506633126334027,0.86830763244139,1914,TRUE
1640,1640,2.17670740704803,0.0135807479989457,0.85663030788981,1915,TRUE
358,358,2.17993743812809,0.0166664883081392,0.867341085675187,1916,TRUE
4,4,2.18080906891881,0.0175729503329426,0.864429676918313,1917,TRUE
1982,1982,2.18200516006298,0.89418091813045,0.872342207176673,1918,TRUE
2053,2053,2.18200516006298,0.89418091813045,0.872342207176673,1919,TRUE
1289,1289,2.18268680464279,0.0960917237697154,0.860811807799596,1920,TRUE
1301,1301,2.18558459950516,0.12693861895577,0.866765949596049,1921,TRUE
1973,1973,2.1861424110586,-0.0165995489558138,0.862842206869172,1922,TRUE
2039,2039,2.1861424110586,-0.0165995489558138,0.862842206869172,1923,TRUE
1319,1319,2.18665164207646,0.557197276219123,0.854517049979011,1924,TRUE
1855,1855,2.18718254074742,0.0143296047174992,0.861162050193109,1925,TRUE
1942,1942,2.18718254074742,0.0143296047174992,0.861162050193109,1926,TRUE
1999,1999,2.18718254074742,0.0143296047174992,0.861162050193109,1927,TRUE
1282,1282,2.18734054045891,0.0134452753320588,0.862727585022893,1928,TRUE
1256,1256,2.18792134987043,0.152416277025746,0.853801213808366,1929,TRUE
1567,1567,2.18918606545412,0.114825453550333,0.864978850511955,1930,TRUE
921,921,2.18951688395546,0.0194864341575339,0.865623727784246,1931,TRUE
847,847,2.19009965174789,0.0121944782430984,0.868285945308616,1932,TRUE
1949,1949,2.19018207346434,0.0161627333389501,0.859509729228564,1933,TRUE
2006,2006,2.19018207346434,0.0161627333389501,0.859509729228564,1934,TRUE
1200,1200,2.19131496687741,0.0135758777227476,0.862856386717629,1935,TRUE
819,819,2.19132028547906,0.1202352484731,0.8646389904542,1936,TRUE
1225,1225,2.19214930972524,0.0446639513465051,0.854885084660415,1937,TRUE
1970,1970,2.19294253700703,0.0332044893145456,0.860809217522618,1938,TRUE
2035,2035,2.19294253700703,0.0332044893145456,0.860809217522618,1939,TRUE
850,850,2.19324646837202,0.463215570800303,0.856570841903332,1940,TRUE
1891,1891,2.19439939209388,0.181665480817717,0.860420092173503,1941,TRUE
1747,1747,2.19510545860915,0.0135503959913994,0.862498645955138,1942,TRUE
1024,1024,2.19518095043608,0.603519769690061,0.853383503432524,1943,TRUE
977,977,2.1958272005497,0.700335376127555,0.85300244248992,1944,TRUE
1206,1206,2.19588646164548,0.857269182226805,0.858640444027196,1945,TRUE
1951,1951,2.19930702934743,0.0105424624106829,0.86316670284315,1946,TRUE
2010,2010,2.19930702934743,0.0105424624106829,0.86316670284315,1947,TRUE
1752,1752,2.19955575346468,0.857023070948331,0.858133527739022,1948,TRUE
236,236,2.19977298437858,0.01644574978404,0.889366865930586,1949,TRUE
1598,1598,2.20080443586539,0.0068452345890032,0.854243387219128,1950,TRUE
1738,1738,2.20162461091469,0.0316382066921968,0.857192538177337,1951,TRUE
1974,1974,2.20256644591247,0.0214743819007781,0.858512755074763,1952,TRUE
2040,2040,2.20256644591247,0.0214743819007781,0.858512755074763,1953,TRUE
777,777,2.20282942110155,0.0647321305727527,0.860063647338275,1954,TRUE
1191,1191,2.20371940944279,0.0316875586891998,0.857374206758147,1955,TRUE
1893,1893,2.20779003045527,0.713512695679884,0.852058943970296,1956,TRUE
1046,1046,2.2091513422454,0.0145655768351335,0.851135419714018,1957,TRUE
1744,1744,2.21080786834097,0.57463921999141,0.862346598882841,1958,TRUE
1943,1943,2.21141952724441,0.15430527795696,0.851305186714158,1959,TRUE
2000,2000,2.21141952724441,0.15430527795696,0.851305186714158,1960,TRUE
1197,1197,2.21149270665972,0.575136534456744,0.862382013075925,1961,TRUE
1895,1895,2.21562454667102,0.0185902670968729,0.849856618082968,1962,TRUE
1894,1894,2.21624173373657,0.0934176323879985,0.856067770439174,1963,TRUE
1167,1167,2.21859948325834,0.653207506499295,0.855732463737324,1964,TRUE
1715,1715,2.22107020221058,0.655367887345141,0.855241605298546,1965,TRUE
1257,1257,2.2221908941063,0.007658187564256,0.869937883545507,1966,TRUE
1189,1189,2.22299248528362,0.0109585074606419,0.853714797973047,1967,TRUE
1196,1196,2.22316473185739,0.0982383271274475,0.861493035776242,1968,TRUE
1743,1743,2.22586159977805,0.0925122127275465,0.861135069676312,1969,TRUE
1230,1230,2.22718764106534,0.0254308858888028,0.854189220617703,1970,TRUE
1198,1198,2.22781696348937,0.0134849078832306,0.849092217583653,1971,TRUE
1922,1922,2.22859050127152,0.393028767960031,0.881773842458928,1972,TRUE
1745,1745,2.22986305538247,0.013458527191288,0.848774189387655,1973,TRUE
1180,1180,2.23099550592928,0.0677651677510247,0.84954203870245,1974,TRUE
1728,1728,2.23243877836062,0.0665131752520746,0.849352336343035,1975,TRUE
1209,1209,2.2332168108449,-0.0113958123685461,0.857350845738533,1976,TRUE
1235,1235,2.23387996820512,0.0105312306635753,0.847428244336481,1977,TRUE
1993,1993,2.23434124962964,0.55984021509194,0.860290090891565,1978,TRUE
2073,2073,2.23434124962964,0.55984021509194,0.860290090891565,1979,TRUE
1240,1240,2.2345348679769,0.62794695897881,0.867201251109304,1980,TRUE
1964,1964,2.23491385788217,0.0101819412872496,0.876275780533596,1981,TRUE
2028,2028,2.23491385788217,0.0101819412872496,0.876275780533596,1982,TRUE
1513,1513,2.23512839298696,0.0146756398168643,0.868783642361633,1983,TRUE
1054,1054,2.23736875567596,0.0180465379680894,0.869561006857662,1984,TRUE
1690,1690,2.2427044867516,0.0145905837344895,0.852869421215512,1985,TRUE
1140,1140,2.24289748192808,0.014592517537887,0.85276428732634,1986,TRUE
875,875,2.24372833717615,-0.0263634978307428,0.849252334916957,1987,TRUE
1146,1146,2.24541314161261,0.559914443632423,0.858004473409768,1988,TRUE
1303,1303,2.24557457919338,0.125935154317819,0.848758267329747,1989,TRUE
1938,1938,2.24679594005847,0.478380804191435,0.867111379288223,1990,TRUE
1076,1076,2.24696171415559,0.0628364677716308,0.861644790931071,1991,TRUE
1946,1946,2.24804338548168,-0.00323597163043295,0.857404810920314,1992,TRUE
2003,2003,2.24804338548168,-0.00323597163043295,0.857404810920314,1993,TRUE
2030,2030,2.24807422438141,-0.00384969059408163,0.857715700376782,1994,TRUE
1649,1649,2.24888527129605,0.0128900522641055,0.857459055410631,1995,TRUE
1097,1097,2.24895618167575,0.0129009726872598,0.857471613867588,1996,TRUE
1652,1652,2.24897844314746,0.803304433646431,0.847584825048729,1997,TRUE
1630,1630,2.24917126691004,0.0628530779687014,0.861481114772774,1998,TRUE
1100,1100,2.25000729570651,0.806684958022618,0.84747807446478,1999,TRUE
1612,1612,2.25019269330104,-0.026918436744515,0.849535963035938,2000,TRUE
1318,1318,2.25350127424753,0.0117754085660782,0.853949965085814,2001,TRUE
1731,1731,2.2545646598241,-0.000828393452710787,0.844491206958693,2002,TRUE
1183,1183,2.25479887103496,-0.00141552183509026,0.844451081771166,2003,TRUE
1979,1979,2.25689953851873,0.0124166858612078,0.844899432284243,2004,TRUE
2047,2047,2.25689953851873,0.0124166858612078,0.844899432284243,2005,TRUE
1127,1127,2.25984827671755,0.00770910617757899,0.846149037851034,2006,TRUE
1870,1870,2.26010885210688,0.0196315142764517,0.85015900061533,2007,TRUE
1678,1678,2.26155788410877,0.00775757408292029,0.845950766473655,2008,TRUE
1917,1917,2.26214392226202,0.0153855589893297,0.84680941173695,2009,TRUE
2078,2078,2.26240107975071,0.00629164878578807,0.879744045595948,2010,TRUE
1260,1260,2.26526048182253,0.559672652553891,0.852441938964756,2011,TRUE
1651,1651,2.27030171903894,0.0199512203180635,0.849125458300002,2012,TRUE
1135,1135,2.27047853174789,-0.0261838923985534,0.844161893171459,2013,TRUE
1686,1686,2.2708666986595,-0.0262364755275465,0.844118790645921,2014,TRUE
1020,1020,2.27337492482789,0.0143309523230706,0.842285338888617,2015,TRUE
856,856,2.27361270429699,0.011170384689263,0.857696860085215,2016,TRUE
1700,1700,2.27435425114195,0.071726264550588,0.845885641688355,2017,TRUE
1152,1152,2.2745509397438,0.0743904649964215,0.845805882147368,2018,TRUE
1281,1281,2.27581309777203,0.0113777141496923,0.852857182494333,2019,TRUE
541,541,2.27948280797614,0.904809200135245,0.844035928276023,2020,TRUE
1163,1163,2.28551682373885,0.0284360508672403,0.860835802174696,2021,TRUE
1711,1711,2.28552986308947,0.0289480206268943,0.860863234361033,2022,TRUE
313,313,2.28746732337984,0.0204256190852061,0.869884714426497,2023,TRUE
1962,1962,2.28778189185489,0.0630203887474391,0.868779971721698,2024,TRUE
2024,2024,2.28778189185489,0.0630203887474391,0.868779971721698,2025,TRUE
2009,2009,2.28868922668936,0.0155167320251361,0.849485548864616,2026,TRUE
1921,1921,2.29146501557347,0.564621601136673,0.896382639133211,2027,TRUE
1308,1308,2.29188041956776,0.544717629904272,0.841956483991985,2028,TRUE
1099,1099,2.29200446462377,0.0200373602194724,0.846382633894894,2029,TRUE
1145,1145,2.29862114852335,0.279577206584924,0.840971996163,2030,TRUE
1695,1695,2.29869736690319,0.283162950018333,0.840888076841782,2031,TRUE
1889,1889,2.29933519576832,0.12260525154668,0.867688341269802,2032,TRUE
1217,1217,2.30104155618365,0.0742807568278015,0.837220497248135,2033,TRUE
1249,1249,2.30190307315018,0.0084466282552202,0.849493845174858,2034,TRUE
2008,2008,2.30201957387052,0.539591143601344,0.850512141131969,2035,TRUE
1139,1139,2.30453614284221,0.00986814837014478,0.841695009233088,2036,TRUE
1689,1689,2.3061308037269,0.00981474772114792,0.841391734677337,2037,TRUE
1266,1266,2.30674666140754,0.0165224515344705,0.852496682539153,2038,TRUE
1675,1675,2.31011097279458,0.299593263996694,0.843572861980748,2039,TRUE
1124,1124,2.31036944515653,0.298872977812821,0.843552227287207,2040,TRUE
1221,1221,2.31154867366546,0.965363306227145,0.838447626699557,2041,TRUE
980,980,2.31194466404373,0.0133888347386276,0.880300304146267,2042,TRUE
1909,1909,2.31540240460781,0.0127127654330712,0.849470730346637,2043,TRUE
1878,1878,2.31713470096309,0.010494300087768,0.8407557018977,2044,TRUE
1294,1294,2.31738041006458,0.012522051618043,0.836358084519428,2045,TRUE
1931,1931,2.31938662054276,-0.00692682827995932,0.851193908195074,2046,TRUE
1750,1750,2.3193985825675,-0.00877963225162546,0.879714282167038,2047,TRUE
1646,1646,2.3212772283488,0.350267444853911,0.835620628341264,2048,TRUE
1094,1094,2.32203077893182,0.349018954919979,0.835519441002432,2049,TRUE
1077,1077,2.32314183735677,0.0652299146107732,0.840821847710957,2050,TRUE
1126,1126,2.32600183924118,0.0724292154746871,0.84225977934914,2051,TRUE
1677,1677,2.326349347308,0.072423152588712,0.842272106349881,2052,TRUE
1245,1245,2.32641028766575,0.0392545086132669,0.841553251375113,2053,TRUE
1631,1631,2.32679544553048,0.0635444628891498,0.840451554091404,2054,TRUE
1272,1272,2.33422704736285,-0.00396894871051082,0.860651847131589,2055,TRUE
1203,1203,2.33867450000642,-0.00872295944208937,0.879646856831317,2056,TRUE
1211,1211,2.33939693114556,0.043367477023249,0.848835820429634,2057,TRUE
1070,1070,2.34363474846102,0.0704697580165103,0.834554290545461,2058,TRUE
1144,1144,2.34797876003666,0.00792920704031148,0.832651228461128,2059,TRUE
1694,1694,2.34870114153472,0.00789836934027958,0.832536372844467,2060,TRUE
1277,1277,2.35131171248585,0.559774825223738,0.833663092816207,2061,TRUE
1692,1692,2.35156755504739,-0.0417745421660454,0.833208538744429,2062,TRUE
1142,1142,2.3520899083295,-0.0418155906053975,0.833176969214851,2063,TRUE
469,469,2.35287753343318,0.00597930962099804,0.848397501269554,2064,TRUE
1309,1309,2.35500336072655,0.00969484855527832,0.852420808967253,2065,TRUE
1968,1968,2.35946084496427,0.00985842984360697,0.837378643068659,2066,TRUE
2033,2033,2.35946084496427,0.00985842984360697,0.837378643068659,2067,TRUE
1733,1733,2.36050911292211,-0.0179672256314665,0.828713320452339,2068,TRUE
1920,1920,2.36163585519682,0.0195340571103498,0.83705319193917,2069,TRUE
1185,1185,2.36231412570246,-0.0181333685913331,0.828441609630743,2070,TRUE
955,955,2.36256357234714,0.0487005803841858,0.840773085794763,2071,TRUE
2070,2070,2.36646957731715,0.00958596555082955,0.836967980635178,2072,TRUE
1919,1919,2.36965349792187,-0.0566790410211547,0.834952631999436,2073,TRUE
1872,1872,2.37342644529401,0.0141464094915792,0.832391943976354,2074,TRUE
1283,1283,2.38169477328787,0.0587695236180029,0.829383140789943,2075,TRUE
1967,1967,2.3929989253179,0.859860583455681,0.83434040877816,2076,TRUE
2032,2032,2.3929989253179,0.859860583455681,0.83434040877816,2077,TRUE
1268,1268,2.39801363263292,0.0591242459126402,0.828473747857891,2078,TRUE
1868,1868,2.4003567706347,0.578687084068035,0.887040321769757,2079,TRUE
1873,1873,2.4033254975961,0.0697642887280615,0.823634811877444,2080,TRUE
1129,1129,2.40825571808385,0.00678478887050809,0.826763499932921,2081,TRUE
1680,1680,2.40838387300607,0.00678471601389391,0.826707333333048,2082,TRUE
1188,1188,2.41528542975456,0.0272871518005531,0.824073148540335,2083,TRUE
1924,1924,2.41913618887829,-0.0320621923073433,0.833366726872603,2084,TRUE
1736,1736,2.41921389766447,0.026811183997027,0.823619496563849,2085,TRUE
1882,1882,2.42378270118954,0.0103930764659407,0.832816968204381,2086,TRUE
1910,1910,2.44431232738175,0.909898238560773,0.830929377586831,2087,TRUE
1908,1908,2.44950653809533,-0.00940735338551936,0.832426723452407,2088,TRUE
2079,2079,2.45296746989938,0.0148087363959524,0.850045721067147,2089,TRUE
1914,1914,2.45386387262507,0.0261773998702312,0.825753937747419,2090,TRUE
1250,1250,2.45400486561439,-0.0147564664478795,0.814177505962703,2091,TRUE
1881,1881,2.48743615800561,0.0143289693076703,0.819572100902172,2092,TRUE
1871,1871,2.49777472385327,-0.0466991791368608,0.808313406186089,2093,TRUE
1229,1229,2.50545747505943,0.00598709696725179,0.807163891805408,2094,TRUE
1232,1232,2.50597716518636,0.260047784512497,0.80870185793269,2095,TRUE
1896,1896,2.52425989336891,0.583696594615285,0.812159762314861,2096,TRUE
1269,1269,2.52867632364951,-0.0371268720901851,0.802191891911113,2097,TRUE
1907,1907,2.53113903457396,0.00752462709952639,0.846951912006535,2098,TRUE
1201,1201,2.56479968201467,0.598225554041146,0.797300476392863,2099,TRUE
1748,1748,2.56681093560162,0.589990684486589,0.797009948179475,2100,TRUE
1937,1937,2.57354729314402,0.765161211546992,0.833181999887944,2101,TRUE
1928,1928,2.5857133788937,0.00285090975236084,0.799514326736938,2102,TRUE
1903,1903,2.5932994981494,0.0483506558021082,0.836832156371547,2103,TRUE
1880,1880,2.62005768281356,0.518106954361421,0.81128423142799,2104,TRUE
1886,1886,2.64598663485256,-0.0458171936078844,0.786250949113159,2105,TRUE
1300,1300,2.66045252795419,0.0111066560496116,0.789413735803355,2106,TRUE
1915,1915,2.66259990452107,0.0140714519328067,0.814949614516642,2107,TRUE
1912,1912,2.6785249299943,-0.0615489998901761,0.785983747088979,2108,TRUE
1885,1885,2.73615473851237,0.0122118405742679,0.790261395901635,2109,TRUE
1923,1923,3.15997789201105,0.55677649723934,0.709752296514024,2110,TRUE
1939,1939,3.17738340761762,-0.0163669874473034,0.696347084806951,2111,TRUE
