"decade","start_year","end_year","metric_name","metric_category","comparison","n_sims","diff_median","diff_mean","diff_sd","diff_q05","diff_q25","diff_q75","diff_q95","z_median","value_median","value_q25","value_q75","n_valid","prop_outside_b0_50","prop_outside_b0_90","prop_outside_b0_98","prop_below_b0_q05","prop_above_b0_q95","b0_median","b0_sd"
"1841-1850",1841,1850,"spectrum_slope","structural","absolute",2111,0.000186720443710486,0.000190884313714532,0.000131213765128036,-3.69109787657917e-05,0.000128760816851869,0.000249661605114637,0.000430151239214527,0.0158995119871488,-1.15979043883123,-1.16802258995102,-1.15101080002143,2111,0.503079109426812,0.10279488394126,0.0213169114163903,0.0487920416864045,0.0540028422548555,-1.15995027326598,0.0117437845803952
"1851-1860",1851,1860,"spectrum_slope","structural","absolute",2111,-0.000186720443710708,-0.000190884313714532,0.000131213765128041,-0.000430151239214416,-0.000249661605114526,-0.000128760816851869,3.69109787659028e-05,-0.0158995119871677,-1.16013527390861,-1.16827986719383,-1.15139070369894,2111,0.493131217432496,0.0971103742302226,0.019895783988631,0.0511605873993368,0.0459497868308858,-1.15995027326598,0.0117437845803952
"1861-1870",1861,1870,"spectrum_slope","structural","absolute",2111,0.000181123831624275,0.000275257078192361,0.000366919843563344,-0.000176491916393462,3.27825907235901e-05,0.000450412059085026,0.000967871260086239,0.015422952488982,-1.15971186385995,-1.16798736688031,-1.15086229332634,2111,0.507816200852676,0.104689720511606,0.0203694931312174,0.0487920416864045,0.0558976788252013,-1.15995027326598,0.0117437845803952
"1871-1880",1871,1880,"spectrum_slope","structural","absolute",2111,-0.000229788377896112,-0.000145665885736157,0.000477163261174269,-0.00074823709988614,-0.00041812197901181,1.50615109122398e-05,0.000850173489847728,-0.0195668079845159,-1.16003858160341,-1.16826462780354,-1.15142370531583,2111,0.498815727143534,0.0966366650876362,0.0184746565608716,0.0502131691141639,0.0464234959734723,-1.15995027326598,0.0117437845803952
"1881-1890",1881,1890,"spectrum_slope","structural","absolute",2111,0.000146997122628445,0.00029538946653442,0.000682431126776166,-0.000533816079420601,-9.87931775157103e-05,0.000552203280640651,0.00169171450727112,0.0125170145639284,-1.15963122907965,-1.16794226835674,-1.15100356835979,2111,0.504026527711985,0.104689720511606,0.0184746565608716,0.0487920416864045,0.0558976788252013,-1.15995027326598,0.0117437845803952
"1891-1900",1891,1900,"spectrum_slope","structural","absolute",2111,-0.000301903351842991,-0.000130253971252978,0.000861460304189054,-0.00116250294316589,-0.000596220648339862,0.000120604400329016,0.00160926137698914,-0.0257075008295862,-1.16005174229254,-1.16818151979434,-1.15148277902462,2111,0.493604926575083,0.098531501657982,0.0161061108479394,0.0506868782567504,0.0478446234012316,-1.15995027326598,0.0117437845803952
"1901-1910",1901,1910,"spectrum_slope","structural","absolute",2111,8.56690396322524e-05,0.000321416083099767,0.001297186829068,-0.000950102164058775,-0.000242673055448117,0.000615427890853226,0.00237388972035679,0.00729484086205619,-1.15956480906583,-1.16789261871731,-1.15093735032764,2111,0.501657981999053,0.105637138796779,0.0184746565608716,0.0497394599715775,0.0558976788252013,-1.15995027326598,0.0117437845803952
"1911-1920",1911,1920,"spectrum_slope","structural","absolute",2111,-0.000367198525182522,-5.32420032095879e-06,0.00527905836611623,-0.00160880304599509,-0.000766510795793707,0.000224489869939282,0.00234584008832528,-0.031267477930029,-1.1599333340262,-1.16813612416273,-1.15141660112564,2111,0.495026054002842,0.0975840833728091,0.0161061108479394,0.0516342965419233,0.0459497868308858,-1.15995027326598,0.0117437845803952
"1921-1930",1921,1930,"spectrum_slope","structural","absolute",2111,1.72905389808076e-05,0.000505939853445777,0.00642249985971463,-0.00138746702092596,-0.000408658598814005,0.000693050064747625,0.00308623470352065,0.00147231404513942,-1.1596426363182,-1.16788158380642,-1.15085290447704,2111,0.503552818569398,0.105637138796779,0.019895783988631,0.049265750828991,0.0563713879677878,-1.15995027326598,0.0117437845803952
"1931-1940",1931,1940,"spectrum_slope","structural","absolute",2111,-0.0017433129054838,-0.00133326386409014,0.0105216493696018,-0.00707195294808438,-0.00280383435936649,-0.000706733493859857,0.00217574235783513,-0.148445579323214,-1.16175278949986,-1.16975799609517,-1.15313682412685,2111,0.490762671719564,0.101847465656087,0.0213169114163903,0.0663192799621033,0.0355281856939839,-1.15995027326598,0.0117437845803952
"1941-1950",1941,1950,"spectrum_slope","structural","absolute",2111,-0.00391823763225863,-0.00297214217333236,0.0149159914612639,-0.0121447566450911,-0.00578507796256411,-0.00148257057906864,0.00319119005733148,-0.333643520573397,-1.16384843648484,-1.17214743371937,-1.15484593850316,2111,0.520606347702511,0.126480341070583,0.0270014211274278,0.0947418285172904,0.0317385125532923,-1.15995027326598,0.0117437845803952
"1951-1960",1951,1960,"spectrum_slope","structural","absolute",2111,-0.0085909101429924,-0.00712529031842231,0.0184294383039519,-0.0185101810073411,-0.0118167556482345,-0.00428486912366965,0.00116004594628105,-0.731528246638129,-1.1685724939078,-1.17680788102242,-1.1593753954385,2111,0.593557555660824,0.224064424443392,0.0525817148270962,0.204642349597347,0.0194220748460445,-1.15995027326598,0.0117437845803952
"1961-1970",1961,1970,"spectrum_slope","structural","absolute",2111,-0.00989278866774579,-0.00814338461344802,0.0193359098992303,-0.0203403725471086,-0.0130938239353358,-0.00500422166034387,0.00113460315890423,-0.842385059094201,-1.16964859896588,-1.17812181000364,-1.16002307058528,2111,0.625769777356703,0.268593083846518,0.0653718616769304,0.249171009000474,0.0194220748460445,-1.15995027326598,0.0117437845803952
"1971-1980",1971,1980,"spectrum_slope","structural","absolute",2111,-0.0123372884872628,-0.0104118840540493,0.0198128114805364,-0.0228949471888944,-0.0156517007769671,-0.00748919093324585,-0.000346748729409763,-1.05053770382151,-1.17192784940133,-1.18036289000023,-1.16282789202541,2111,0.684983420180009,0.326385599242065,0.0994789199431549,0.310753197536712,0.0156324017053529,-1.15995027326598,0.0117437845803952
"1981-1990",1981,1990,"spectrum_slope","structural","absolute",2111,-0.014130237816494,-0.0121728652701247,0.0210842495089154,-0.0247686079323094,-0.01801254588357,-0.0095876023366932,-0.00100108099222473,-1.2032098953929,-1.17385260114752,-1.18237048679102,-1.16486226229697,2111,0.721459024159166,0.397441970630033,0.137375651350071,0.377072477498816,0.0203694931312174,-1.15995027326598,0.0117437845803952
"1991-2000",1991,2000,"spectrum_slope","structural","absolute",2111,-0.0141479427354667,-0.011839120998866,0.0234288243519314,-0.0253567656544259,-0.0179458835607677,-0.00985978958178879,-0.000793779712440879,-1.20471749448512,-1.17406404954978,-1.18185727412512,-1.16570402518026,2111,0.729512079583136,0.384178114637613,0.117006158218854,0.366650876361914,0.0175272382756987,-1.15995027326598,0.0117437845803952
"2001-2010",2001,2010,"spectrum_slope","structural","absolute",2111,-0.011983087780419,-0.00926432713214884,0.0250605471763746,-0.0222917918917543,-0.0155819529701913,-0.00756826535234911,0.00187444934181979,-1.02037700865386,-1.17193928740208,-1.18003045377023,-1.16324987938228,2111,0.679298910468972,0.339649455234486,0.0928469919469446,0.314069161534818,0.0255802936996684,-1.15995027326598,0.0117437845803952
"1841-1850",1841,1850,"spectrum_intercept","structural","absolute",2111,-0.000893734468045082,-0.00107223501827299,0.000648286122252927,-0.00234621410629998,-0.00133453876959777,-0.000666465185804377,-0.000410474928339788,-0.0178957090347902,11.7227062815173,11.6854040195271,11.7503572032169,2111,0.502131691141639,0.101847465656087,0.0194220748460445,0.0535291331122691,0.0483183325438181,11.7239144996379,0.0499412717488655
"1851-1860",1851,1860,"spectrum_intercept","structural","absolute",2111,0.000893734468045082,0.00107223501827299,0.000648286122252921,0.0004104749283389,0.000666465185804377,0.00133453876959777,0.00234621410630087,0.0178957090347902,11.7247991171145,11.6875948651696,11.7522879485145,2111,0.502131691141639,0.0994789199431549,0.0208432022738039,0.0473709142586452,0.0521080056845097,11.7239144996379,0.0499412717488655
"1861-1870",1861,1870,"spectrum_intercept","structural","absolute",2111,-0.00136661305782404,-0.00133055210627265,0.00154365199695589,-0.00390637348193312,-0.00197466272484537,-0.000768238362272911,0.00112052275580066,-0.0273644024264377,11.72259296732,11.6848949234287,11.749917591584,2111,0.50071056371388,0.100426338228328,0.0184746565608716,0.0525817148270962,0.0478446234012316,11.7239144996379,0.0499412717488655
"1871-1880",1871,1880,"spectrum_intercept","structural","absolute",2111,0.00120251844787234,0.00177310941954693,0.00244518954362438,-0.000470088230682286,0.000589470210162091,0.00233237297838862,0.00656658426746493,0.0240786508985858,11.7253251090136,11.6883991561943,11.7528480032673,2111,0.498815727143534,0.0980577925153956,0.0222643297015632,0.0464234959734723,0.0516342965419233,11.7239144996379,0.0499412717488655
"1881-1890",1881,1890,"spectrum_intercept","structural","absolute",2111,-0.00128128908416691,-0.000733506922024749,0.00329967840995638,-0.00439068370479667,-0.00213867566726922,-5.88384261748232e-05,0.00525717274642812,-0.0256559162251614,11.7227271586744,11.6854716471459,11.7501024682572,2111,0.495499763145429,0.0980577925153956,0.0180009474182852,0.0516342965419233,0.0464234959734723,11.7239144996379,0.0499412717488655
"1891-1900",1891,1900,"spectrum_intercept","structural","absolute",2111,0.00130908612698732,0.0023531149801628,0.00442470307421226,-0.00140146144437736,0.000419672354299294,0.00315871755818353,0.0106303604466795,0.0262125108381339,11.7258805979396,11.6890014766904,11.7530860216337,2111,0.49928943628612,0.100426338228328,0.0222643297015632,0.0454760776882994,0.0549502605400284,11.7239144996379,0.0499412717488655
"1901-1910",1901,1910,"spectrum_intercept","structural","absolute",2111,-0.0011915555638673,-0.000175357839239024,0.00517642960115322,-0.00515716406709554,-0.00234665590165761,0.000681987894882496,0.00911513931660757,-0.0238591353832387,11.7235312202866,11.6860152219216,11.7505618680288,2111,0.493604926575083,0.0980577925153956,0.0184746565608716,0.0506868782567504,0.0473709142586452,11.7239144996379,0.0499412717488655
"1911-1920",1911,1920,"spectrum_intercept","structural","absolute",2111,0.0013903171172327,0.00258635518287746,0.0150699361562006,-0.00234767512667844,0.000214204362334769,0.00399685905472147,0.0145318884810877,0.0278390411086054,11.726445643302,11.6898872053076,11.7532436776857,2111,0.495973472288015,0.103268593083847,0.0236854571293226,0.0454760776882994,0.0577925153955471,11.7239144996379,0.0499412717488655
"1921-1930",1921,1930,"spectrum_intercept","structural","absolute",2111,-0.00115652440350367,-9.42079767867283e-05,0.0168520299471656,-0.00600202874470668,-0.0025830778011251,0.00135223536558637,0.0125712983634383,-0.0231576882807343,11.7240564837269,11.6865674287572,11.7507624161782,2111,0.493604926575083,0.0999526290857414,0.0189483657034581,0.0497394599715775,0.0502131691141639,11.7239144996379,0.0499412717488655
"1931-1940",1931,1940,"spectrum_intercept","structural","absolute",2111,0.000359322613359581,0.00202955248781398,0.0293030958818078,-0.00846468784868559,-0.00190684986072576,0.00507480060378462,0.0244528004087536,0.00719490314877181,11.7264033548274,11.6911947828653,11.7525814503141,2111,0.4860255802937,0.101373756513501,0.0217906205589768,0.0473709142586452,0.0540028422548555,11.7239144996379,0.0499412717488655
"1941-1950",1941,1950,"spectrum_intercept","structural","absolute",2111,-0.0041975546102524,-0.00198246071280378,0.0420326074377321,-0.0187647307092238,-0.00895560619844993,0.00248764804262436,0.0365932300051242,-0.0840498141769438,11.7229620787538,11.6879700100037,11.7497592587565,2111,0.46991946944576,0.0980577925153956,0.0203694931312174,0.0521080056845097,0.0459497868308858,11.7239144996379,0.0499412717488655
"1951-1960",1951,1960,"spectrum_intercept","structural","absolute",2111,-0.0067649048529379,-0.00581201150276314,0.0514138748233766,-0.025338405436651,-0.0139915599192149,0.00171803516301328,0.037617311562709,-0.135457200348359,11.7197618240381,11.6858941468173,11.7463885505491,2111,0.437233538607295,0.0947418285172904,0.0236854571293226,0.054476551397442,0.0402652771198484,11.7239144996379,0.0499412717488655
"1961-1970",1961,1970,"spectrum_intercept","structural","absolute",2111,-0.0112380948643676,-0.0105498675656831,0.054296670985126,-0.0316808589149735,-0.0189433521497637,-0.0022071589283863,0.0354111428920794,-0.225026205197164,11.7148878548258,11.6808904745588,11.7420566618009,2111,0.435338702036949,0.0871624822359072,0.0246328754144955,0.0596873519658929,0.0274751302700142,11.7239144996379,0.0499412717488655
"1971-1980",1971,1980,"spectrum_intercept","structural","absolute",2111,-0.0118656349034083,-0.0111525904115071,0.0554926594733209,-0.0332777343089274,-0.0204301330375047,-0.00221740047467112,0.036351486047165,-0.237591765045067,11.7139173304626,11.6809787103884,11.7412666799851,2111,0.434864992894363,0.0847939365229749,0.0236854571293226,0.0601610611084794,0.0246328754144955,11.7239144996379,0.0499412717488655
"1981-1990",1981,1990,"spectrum_intercept","structural","absolute",2111,-0.0188076636773555,-0.0194142612096908,0.0593676083702509,-0.0460466927020624,-0.0281134465213873,-0.00867350584322324,0.0302669895505812,-0.37659560957782,11.7071825641757,11.6720551383483,11.7341791095084,2111,0.437233538607295,0.0881099005210801,0.0274751302700142,0.0753197536712459,0.0127901468498342,11.7239144996379,0.0499412717488655
"1991-2000",1991,2000,"spectrum_intercept","structural","absolute",2111,-0.00688647188136038,-0.00807773823193719,0.0651176731075394,-0.0325238132191696,-0.0155187030204402,0.00354608592267525,0.0411464978286675,-0.137891400042627,11.7196837392829,11.6854717271313,11.745530921079,2111,0.44197063003316,0.0833728090952155,0.024159166271909,0.0521080056845097,0.0312648034107058,11.7239144996379,0.0499412717488655
"2001-2010",2001,2010,"spectrum_intercept","structural","absolute",2111,-0.0182778207521661,-0.020521995159966,0.0697185497521294,-0.0450375090903261,-0.0264174127407255,-0.00801711799195282,0.0309436188803476,-0.365986289738033,11.7094520037459,11.6723724776288,11.7361032926889,2111,0.437233538607295,0.0975840833728091,0.0317385125532923,0.0852676456655613,0.0123164377072477,11.7239144996379,0.0499412717488655
"1841-1850",1841,1850,"mean_tl","structural","absolute",2111,0.000519596061427485,0.000716283265363021,0.000591587429809229,0.000150967294713311,0.000290229439857237,0.000935041690172111,0.00190112664219511,0.00615714252865965,3.52703926307465,3.48478402180715,3.58439293045509,2111,0.502131691141639,0.100900047370914,0.0213169114163903,0.0497394599715775,0.0511605873993368,3.52624380179621,0.0843891560101007
"1851-1860",1851,1860,"mean_tl","structural","absolute",2111,-0.000519596061427929,-0.000716283265363026,0.000591587429809222,-0.00190112664219488,-0.000935041690171889,-0.000290229439857237,-0.000150967294712867,-0.00615714252866491,3.52569448162728,3.48428258940768,3.58271715266543,2111,0.499763145428707,0.0999526290857414,0.0203694931312174,0.0506868782567504,0.049265750828991,3.52624380179621,0.0843891560101007
"1861-1870",1861,1870,"mean_tl","structural","absolute",2111,-0.000808484197039494,-0.00119238488507897,0.00176179120666205,-0.0049292611721341,-0.0016910571747395,-0.000293678954479626,0.00112800497153964,-0.00958042757226681,3.52547725992742,3.48352064910144,3.58365681679286,2111,0.507816200852676,0.102321174798674,0.0203694931312174,0.0540028422548555,0.0483183325438181,3.52624380179621,0.0843891560101007
"1871-1880",1871,1880,"mean_tl","structural","absolute",2111,-0.000918345490448669,-0.00210927338017617,0.00265198367393643,-0.0079184419957754,-0.00270117136570902,-0.000395583794620125,-0.000143269515398003,-0.0108822689296567,3.52481241201674,3.48357430110002,3.5818061539306,2111,0.499763145428707,0.0999526290857414,0.0194220748460445,0.0525817148270962,0.0473709142586452,3.52624380179621,0.0843891560101007
"1881-1890",1881,1890,"mean_tl","structural","absolute",2111,-0.00117620534498597,-0.00258355656197031,0.0037258753751332,-0.011012788878326,-0.00343474224301832,-0.000411137279130447,0.00103531043076255,-0.0139378730703882,3.524166334623,3.48269236288267,3.58227872506216,2111,0.504026527711985,0.101847465656087,0.0184746565608716,0.0554239696826149,0.0464234959734723,3.52624380179621,0.0843891560101007
"1891-1900",1891,1900,"mean_tl","structural","absolute",2111,-0.00129220260158958,-0.00345666555186642,0.00466358384237595,-0.0138939145933465,-0.00452443487952148,-0.000495979642013644,-0.000131294699470264,-0.0153124247555564,3.52374785749804,3.48294452693817,3.58101868712328,2111,0.49265750828991,0.098531501657982,0.0175272382756987,0.054476551397442,0.04405495026054,3.52624380179621,0.0843891560101007
"1901-1910",1901,1910,"mean_tl","structural","absolute",2111,-0.00150996822988603,-0.00385842824437079,0.00578438528561365,-0.0169083594345911,-0.00506815607950184,-0.000512853896590171,0.000982283648751858,-0.0178929177785034,3.5231688532883,3.48240559613968,3.58063778365781,2111,0.497394599715774,0.10279488394126,0.0180009474182852,0.0577925153955471,0.0450023685457129,3.52624380179621,0.0843891560101007
"1911-1920",1911,1920,"mean_tl","structural","absolute",2111,-0.00162110750162281,-0.004619213730401,0.00719717926887838,-0.0197943070565096,-0.00612456841888021,-0.000553879356238962,-7.29348008214892e-05,-0.0192099030049403,3.52256724232348,3.48261910143246,3.5792350268585,2111,0.488867835149218,0.0994789199431549,0.0170535291331123,0.0558976788252013,0.0435812411179536,3.52624380179621,0.0843891560101007
"1921-1930",1921,1930,"mean_tl","structural","absolute",2111,-0.0018439072339973,-0.00484644907620718,0.00932914597157568,-0.022518933929897,-0.00665356115079585,-0.000546661673779258,0.00101043581973781,-0.0218500494752738,3.52227406789377,3.48216894020775,3.5795221318696,2111,0.493604926575083,0.101847465656087,0.0184746565608716,0.05873993368072,0.0431075319753671,3.52624380179621,0.0843891560101007
"1931-1940",1931,1940,"mean_tl","structural","absolute",2111,-0.00474375624916901,-0.011238832274505,0.0212509103639286,-0.0424857887754886,-0.0153048820863821,-0.00170471401492667,-0.000567969187268424,-0.0562128651766729,3.51731794254676,3.47790909877372,3.57112642331758,2111,0.498342018000947,0.0975840833728091,0.0208432022738039,0.0648981525343439,0.0326859308384652,3.52624380179621,0.0843891560101007
"1941-1950",1941,1950,"mean_tl","structural","absolute",2111,-0.00566043088036894,-0.0162288854465201,0.0380234313734361,-0.0657219517669387,-0.0191993028108808,-0.00215511183928552,0.000106937309508837,-0.0670753346519004,3.51202740407693,3.47459588506252,3.56328826509958,2111,0.50734249171009,0.102321174798674,0.0246328754144955,0.0705826622453813,0.0317385125532923,3.52624380179621,0.0843891560101007
"1951-1960",1951,1960,"mean_tl","structural","absolute",2111,-0.00668407366135604,-0.0193685377626268,0.045283089770015,-0.0781503643790789,-0.0224151013842788,-0.00258497663756185,-0.000898564298311033,-0.0792053621268117,3.50907602588886,3.47231651347388,3.559686764824,2111,0.516816674561819,0.103742302226433,0.0260540028422549,0.0743723353860729,0.02936996684036,3.52624380179621,0.0843891560101007
"1961-1970",1961,1970,"mean_tl","structural","absolute",2111,-0.00651759225846282,-0.0197756878732959,0.0465635002535227,-0.0790311972196993,-0.0230997480518176,-0.00244015599331582,6.66304192982192e-05,-0.0772325801869937,3.50866823397147,3.4716782464906,3.55911394933097,2111,0.523922311700616,0.104689720511606,0.0288962576977736,0.0762671719564188,0.0284225485551871,3.52624380179621,0.0843891560101007
"1971-1980",1971,1980,"mean_tl","structural","absolute",2111,-0.00798725839480063,-0.0251272550211177,0.0521942921046045,-0.124363509107121,-0.0291082120749995,-0.00305900412469584,-0.00103610445070967,-0.0946479236484439,3.50483952236005,3.4707934514451,3.55335379485088,2111,0.508763619137849,0.0928469919469446,0.025106584557082,0.0753197536712459,0.0175272382756987,3.52624380179621,0.0843891560101007
"1981-1990",1981,1990,"mean_tl","structural","absolute",2111,-0.00971848192910718,-0.0290216627529401,0.0584097270291637,-0.142830590616014,-0.0323816721401291,-0.00406000192560829,0.0010727244334372,-0.115162686636467,3.50064671920217,3.46717611139588,3.5479598450403,2111,0.531501657981999,0.107531975367125,0.0279488394126007,0.0937944102321175,0.0137375651350071,3.52624380179621,0.0843891560101007
"1991-2000",1991,2000,"mean_tl","structural","absolute",2111,-0.0162169337087898,-0.0335443650465976,0.0588555393682527,-0.144705349114716,-0.0363482700128623,-0.00877076189042136,-0.00537846398917607,-0.192168454757964,3.49759936373495,3.46499215300289,3.54051034375053,2111,0.526764566556135,0.11747986736144,0.0322122216958787,0.103268593083847,0.0142112742775936,3.52624380179621,0.0843891560101007
"2001-2010",2001,2010,"mean_tl","structural","absolute",2111,-0.00458647692945702,-0.0230536700720961,0.0609624409979759,-0.129988819786949,-0.0278312295750942,7.96639203013427e-05,0.00603531268696855,-0.0543491266686925,3.50579282818603,3.47170208824297,3.55428443893301,2111,0.510658455708195,0.0961629559450497,0.0274751302700142,0.0772145902415917,0.0189483657034581,3.52624380179621,0.0843891560101007
"1841-1850",1841,1850,"htl_indicator","structural","absolute",2111,0.000102127829523929,5.68306154691709e-05,0.000475271540663873,-0.000750640897557206,-0.000196392423106505,0.000322677356791992,0.000756092895472571,0.00141569992052312,0.184290607131421,0.142481896711543,0.231672938672325,2111,0.505447655139744,0.101847465656087,0.0213169114163903,0.0511605873993368,0.0506868782567504,0.184168323519962,0.0721394612257883
"1851-1860",1851,1860,"htl_indicator","structural","absolute",2111,-0.000102127829523901,-5.68306154691691e-05,0.000475271540663874,-0.000756092895472626,-0.000322677356791951,0.000196392423106477,0.00075064089755722,-0.00141569992052274,0.183965824386049,0.143082269089886,0.231094083128011,2111,0.497394599715774,0.0990052108005685,0.019895783988631,0.049265750828991,0.0497394599715775,0.184168323519962,0.0721394612257883
"1861-1870",1861,1870,"htl_indicator","structural","absolute",2111,0.000180311387949397,0.000403201648838251,0.00123089872955471,-0.00109030138634299,-0.000398871653970935,0.00106463354654098,0.00250716087528806,0.0024994834295344,0.184133320228639,0.143333668849991,0.231591019775601,2111,0.500236854571293,0.0975840833728091,0.0203694931312174,0.0459497868308858,0.0516342965419233,0.184168323519962,0.0721394612257883
"1871-1880",1871,1880,"htl_indicator","structural","absolute",2111,0.000245076935876859,0.00074628245855244,0.00185177851599087,-0.00136984989082711,-0.000190282474387293,0.00160646525249167,0.00412571965529753,0.00339726595836079,0.184686436149935,0.144091879983223,0.23146828368201,2111,0.495499763145429,0.0956892468024633,0.0175272382756987,0.0450023685457129,0.0506868782567504,0.184168323519962,0.0721394612257883
"1881-1890",1881,1890,"htl_indicator","structural","absolute",2111,0.000618545031748574,0.00116570740225364,0.00256865939033197,-0.00173121100868494,-0.000254127059600873,0.0023680044133941,0.0056746904323034,0.00857429513941889,0.184394633400787,0.144467643824612,0.231836680522268,2111,0.499763145428707,0.0952155376598768,0.0184746565608716,0.0435812411179536,0.0516342965419233,0.184168323519962,0.0721394612257883
"1891-1900",1891,1900,"htl_indicator","structural","absolute",2111,0.000542884282943079,0.00150887010485311,0.00331428157507795,-0.00208445226383797,-0.000106473554297187,0.00290797523940284,0.007565448724025,0.00752548291487669,0.18494022475173,0.145406350035651,0.231638649070895,2111,0.494552344860256,0.0918995736617717,0.01468498342018,0.0412126954050213,0.0506868782567504,0.184168323519962,0.0721394612257883
"1901-1910",1901,1910,"htl_indicator","structural","absolute",2111,0.000953609391495192,0.00195436858081867,0.00410376091341791,-0.00237893144730959,-0.000146537791772955,0.00357676473202129,0.00901557380185374,0.0132189702458479,0.184673985178176,0.145335959483727,0.232254393305888,2111,0.496920890573188,0.0909521553765988,0.0151586925627665,0.0383704405495026,0.0525817148270962,0.184168323519962,0.0721394612257883
"1911-1920",1911,1920,"htl_indicator","structural","absolute",2111,0.000858416551143215,0.00235677340710895,0.00540898668106778,-0.00270556086871609,-2.57124063379327e-05,0.0042155999946961,0.0110990926468222,0.0118994034132923,0.185332092390646,0.146303011807007,0.232325326577819,2111,0.494078635717669,0.0843202273803884,0.0127901468498342,0.0341070582662245,0.0502131691141639,0.184168323519962,0.0721394612257883
"1921-1930",1921,1930,"htl_indicator","structural","absolute",2111,0.00124759991769058,0.00292478503907456,0.00765783811466866,-0.00309425056235624,-4.09163704917365e-05,0.00480359222188204,0.0125898268978226,0.0172942782839164,0.185687757979426,0.146631262244681,0.23274037413562,2111,0.490288962576978,0.0843202273803884,0.0137375651350071,0.0322122216958787,0.0521080056845097,0.184168323519962,0.0721394612257883
"1931-1940",1931,1940,"htl_indicator","structural","absolute",2111,0.00321112670789075,0.00751136121497412,0.0195766597306725,-0.00562626388769588,0.000579499035845213,0.0105402274756432,0.02922192401754,0.0445127625480913,0.189954760685676,0.151152303771254,0.234856142945425,2111,0.473235433443865,0.0677404073898626,0.0127901468498342,0.0170535291331123,0.0506868782567504,0.184168323519962,0.0721394612257883
"1941-1950",1941,1950,"htl_indicator","structural","absolute",2111,0.00478533567111325,0.0107929487504035,0.0316341217086908,-0.0127831038075868,0.000963982590259538,0.0142882313137879,0.0529300305840608,0.0663345080459597,0.19193447424525,0.15541599111199,0.235497369472928,2111,0.453813358597821,0.0672666982472762,0.0156324017053529,0.0104216011369019,0.0568450971103742,0.184168323519962,0.0721394612257883
"1951-1960",1951,1960,"htl_indicator","structural","absolute",2111,0.00521227758706089,0.0116149258707539,0.0356198576234519,-0.0171233286635065,0.00101995318026818,0.0158077415015428,0.0599894140086792,0.0722527933878942,0.192836958235868,0.156913010454189,0.234702736086672,2111,0.436759829464709,0.0625296068214116,0.0127901468498342,0.00663192799621033,0.0558976788252013,0.184168323519962,0.0721394612257883
"1961-1970",1961,1970,"htl_indicator","structural","absolute",2111,0.00576089568351651,0.013156802403293,0.0379799251484406,-0.0178694284368728,0.0012508853088011,0.0172761380629329,0.0662514808552611,0.0798577586473174,0.193767893169597,0.158009625576978,0.23549014297046,2111,0.435338702036949,0.063950734249171,0.0156324017053529,0.00521080056845097,0.05873993368072,0.184168323519962,0.0721394612257883
"1971-1980",1971,1980,"htl_indicator","structural","absolute",2111,0.00583223634297828,0.0165359148771267,0.0447789862806819,-0.0171821755400698,0.000980092932030219,0.0211663185594659,0.0862511978402192,0.0808466856263875,0.196590621661356,0.162181741614116,0.235822381318436,2111,0.413548081477973,0.05873993368072,0.0132638559924207,0.00284225485551871,0.0558976788252013,0.184168323519962,0.0721394612257883
"1981-1990",1981,1990,"htl_indicator","structural","absolute",2111,0.00515451235862657,0.0190166330645438,0.0548424673710488,-0.0196620417720794,-0.00037786441175236,0.0214835298851293,0.107052199578437,0.0714520495584731,0.197833393522447,0.162262912598613,0.239338137366865,2111,0.427759355755566,0.0677404073898626,0.0189483657034581,0.00189483657034581,0.0658455708195168,0.184168323519962,0.0721394612257883
"1991-2000",1991,2000,"htl_indicator","structural","absolute",2111,0.00123296679762272,0.016643305208613,0.0597709828111474,-0.0215831555079524,-0.00475714600696454,0.0191591425390544,0.105498859000542,0.0170914334079052,0.195927639501767,0.161839775839677,0.233494363490353,2111,0.394599715774514,0.0577925153955471,0.0156324017053529,0.000947418285172904,0.0568450971103742,0.184168323519962,0.0721394612257883
"2001-2010",2001,2010,"htl_indicator","structural","absolute",2111,0.0096741712379616,0.0254515142643264,0.0642309400253731,-0.01491432566015,0.00339686420995369,0.0255579426460128,0.118031366608278,0.134103735647298,0.202276199673313,0.166367507886666,0.244611526223176,2111,0.436759829464709,0.0843202273803884,0.024159166271909,0.000947418285172904,0.0833728090952155,0.184168323519962,0.0721394612257883
"1841-1850",1841,1850,"large_fish_indicator","structural","absolute",2111,-0.000242525653056491,-0.000340993883099908,0.000421425703352849,-0.0010092225500718,-0.00046070719272806,-0.000123141049589548,3.34022377160292e-05,-0.00470582947877094,0.929811551752866,0.910217389188033,0.942088264317153,2111,0.501657981999053,0.100426338228328,0.0208432022738039,0.0516342965419233,0.0487920416864045,0.930062637309673,0.0515372803350779
"1851-1860",1851,1860,"large_fish_indicator","structural","absolute",2111,0.000242525653056602,0.00034099388309991,0.000421425703352847,-3.34022377159737e-05,0.000123141049589492,0.00046070719272806,0.00100922255007185,0.00470582947877309,0.930338970633885,0.910932906414839,0.942369397338199,2111,0.498342018000947,0.0990052108005685,0.0203694931312174,0.0478446234012316,0.0511605873993368,0.930062637309673,0.0515372803350779
"1861-1870",1861,1870,"large_fish_indicator","structural","absolute",2111,-0.00042321310185045,-0.000164232953621957,0.00119953639082198,-0.00110348870733568,-0.000705253941364892,-8.80413836618077e-05,0.00182896886860295,-0.00821178570345317,0.929473192919656,0.909808820984869,0.941791044177791,2111,0.498815727143534,0.0918995736617717,0.019895783988631,0.0473709142586452,0.0445286594031265,0.930062637309673,0.0515372803350779
"1871-1880",1871,1880,"large_fish_indicator","structural","absolute",2111,0.000662579478804215,0.00123039318836195,0.00174954994527357,6.17226421376627e-05,0.000321138079596051,0.00146335402830006,0.00420140835675847,0.0128563143902113,0.930803079891874,0.911646777847716,0.942708324053159,2111,0.501657981999053,0.101373756513501,0.0189483657034581,0.0459497868308858,0.0554239696826149,0.930062637309673,0.0515372803350779
"1881-1890",1881,1890,"large_fish_indicator","structural","absolute",2111,-0.000107353727212156,0.000651592609641427,0.00248287219976973,-0.00100795360312422,-0.000507426599603233,0.00081696842304213,0.0048951797077465,-0.00208303050751182,0.92997708799612,0.910605649253123,0.942082748540851,2111,0.496920890573188,0.0918995736617717,0.0194220748460445,0.0459497868308858,0.0459497868308858,0.930062637309673,0.0515372803350779
"1891-1900",1891,1900,"large_fish_indicator","structural","absolute",2111,0.00100398911240862,0.00203049124096174,0.00306778053143647,6.77015405474157e-05,0.000430478631845088,0.00239730818386585,0.00732417470561492,0.0194808322418456,0.931207252828241,0.912460053254416,0.942936935880369,2111,0.502131691141639,0.10279488394126,0.0208432022738039,0.0450023685457129,0.0577925153955471,0.930062637309673,0.0515372803350779
"1901-1910",1901,1910,"large_fish_indicator","structural","absolute",2111,0.000188988596965145,0.00143597600257232,0.0037439260892492,-0.000945180424720027,-0.000369711758831881,0.00171137721089071,0.00793611505952929,0.00366702697030975,0.930366996351968,0.911117845077704,0.942321134084803,2111,0.497868308858361,0.0914258645191852,0.0189483657034581,0.0445286594031265,0.0468972051160587,0.930062637309673,0.0515372803350779
"1911-1920",1911,1920,"large_fish_indicator","structural","absolute",2111,0.00132666419740157,0.00281339953379342,0.00434722731052701,7.81665779235885e-05,0.000531471667995886,0.00330079786509835,0.0103578286756935,0.0257418355950499,0.931640551872922,0.913102650181321,0.943472366336665,2111,0.503079109426812,0.0994789199431549,0.0203694931312174,0.0416864045476078,0.0577925153955471,0.930062637309673,0.0515372803350779
"1921-1930",1921,1930,"large_fish_indicator","structural","absolute",2111,0.00050476284151546,0.00221939442711456,0.00505616881693678,-0.00089640030218302,-0.000259777630499891,0.00259384800538914,0.0109968709446073,0.00979413035056689,0.930721981407701,0.911749381795205,0.942771271081229,2111,0.501184272856466,0.0904784462340123,0.0189483657034581,0.0421601136901942,0.0483183325438181,0.930062637309673,0.0515372803350779
"1931-1940",1931,1940,"large_fish_indicator","structural","absolute",2111,0.00261431523701694,0.00679518604267577,0.0138145962270854,0.000188339237473301,0.00113408309383844,0.00676671228052361,0.0249574819952768,0.0507266821225247,0.933098575387354,0.916854686887559,0.944512590207429,2111,0.487920416864045,0.103742302226433,0.0180009474182852,0.0336333491236381,0.0701089531027949,0.930062637309673,0.0515372803350779
"1941-1950",1941,1950,"large_fish_indicator","structural","absolute",2111,0.00313117567254073,0.0110634759696978,0.0242297454495672,-0.000439320671763999,0.00092975532474604,0.010241409823475,0.0470054902435387,0.0607555472889313,0.934959256817755,0.92102572786014,0.945496888973463,2111,0.491236380862151,0.100426338228328,0.0189483657034581,0.0217906205589768,0.078635717669351,0.930062637309673,0.0515372803350779
"1951-1960",1951,1960,"large_fish_indicator","structural","absolute",2111,0.0043682092891163,0.0131552043519571,0.0258385402841265,0.000366109430218198,0.00198490441985771,0.0121862139035041,0.0533598225968912,0.0847582422028421,0.936361057860322,0.92313594464311,0.946188020741189,2111,0.496447181430602,0.118427285646613,0.0208432022738039,0.0180009474182852,0.100426338228328,0.930062637309673,0.0515372803350779
"1961-1970",1961,1970,"large_fish_indicator","structural","absolute",2111,0.00375712857087085,0.0133023668772313,0.0275911848776616,-0.000409980798765697,0.00133731083569277,0.0122790653069886,0.0560430153541591,0.072901180396856,0.935751717193335,0.922979946866836,0.945927203675462,2111,0.489815253434391,0.108005684509711,0.0213169114163903,0.0165798199905258,0.0914258645191852,0.930062637309673,0.0515372803350779
"1971-1980",1971,1980,"large_fish_indicator","structural","absolute",2111,0.0049037202089488,0.0148506566239332,0.0284531380895303,0.000384366291353355,0.00224658233273367,0.0141913963254313,0.059410471678739,0.0951489907318835,0.937277143518727,0.924696198763885,0.946798016528021,2111,0.511132164850782,0.129322595926101,0.0236854571293226,0.0151586925627665,0.114163903363335,0.930062637309673,0.0515372803350779
"1981-1990",1981,1990,"large_fish_indicator","structural","absolute",2111,0.00382696720662801,0.0140214770808209,0.0287049460925906,-0.000759026115370154,0.00124425233166281,0.0133170495741473,0.0607495167157099,0.0742562894616551,0.936159192097421,0.923271098742823,0.946550924399641,2111,0.498815727143534,0.112742775935576,0.025106584557082,0.0156324017053529,0.0971103742302226,0.930062637309673,0.0515372803350779
"1991-2000",1991,2000,"large_fish_indicator","structural","absolute",2111,0.00423945618469146,0.0147392950621656,0.029210282685412,-0.000637876147379868,0.00151586942877058,0.0141730430451256,0.0616461066158964,0.0822599903822623,0.936673832970572,0.924650963420409,0.946689060532679,2111,0.501657981999053,0.109900521080057,0.0246328754144955,0.01468498342018,0.0952155376598768,0.930062637309673,0.0515372803350779
"2001-2010",2001,2010,"large_fish_indicator","structural","absolute",2111,0.00530238420794971,0.0158120683603927,0.0294348955418823,0.000305642317354471,0.00230521357984043,0.0153460861515056,0.0638542297769708,0.10288443964205,0.937844964857744,0.925221804626033,0.947647214365911,2111,0.522974893415443,0.142112742775936,0.02936996684036,0.0132638559924207,0.128848886783515,0.930062637309673,0.0515372803350779
"1841-1850",1841,1850,"fish_lfi","structural","absolute",2111,0.000702386437320457,0.000631791614879523,0.000582236790299565,-0.000228624913546971,0.00043261346961268,0.000896732655684906,0.0013372508504384,0.0162736651726538,0.487808249193826,0.46341753616105,0.514110063714259,2111,0.502131691141639,0.104689720511606,0.0236854571293226,0.0506868782567504,0.0540028422548555,0.487265092732339,0.0431609247129371
"1851-1860",1851,1860,"fish_lfi","structural","absolute",2111,-0.000702386437320457,-0.000631791614879522,0.000582236790299562,-0.00133725085043834,-0.000896732655684906,-0.000432613469612653,0.00022862491354711,-0.0162736651726538,0.486555949682278,0.462130038105975,0.512213202000098,2111,0.50071056371388,0.098531501657982,0.0194220748460445,0.0506868782567504,0.0478446234012316,0.487265092732339,0.0431609247129371
"1861-1870",1861,1870,"fish_lfi","structural","absolute",2111,-0.000387160328960856,-0.000316747829718324,0.00122379587596971,-0.0019737561008806,-0.000924629506336455,0.000127945973644378,0.00145656638295105,-0.00897015834428608,0.486860272281593,0.462564606094495,0.512811094480308,2111,0.498815727143534,0.100426338228328,0.0208432022738039,0.049265750828991,0.0511605873993368,0.487265092732339,0.0431609247129371
"1871-1880",1871,1880,"fish_lfi","structural","absolute",2111,-0.000621283332842892,-0.000297782765660002,0.00192153493974295,-0.00201924573300782,-0.0011870752133204,5.4783071692821e-05,0.00302601942273487,-0.014394578822744,0.486691103832034,0.462630065358292,0.51234961949888,2111,0.497394599715774,0.0961629559450497,0.0184746565608716,0.0483183325438181,0.0478446234012316,0.487265092732339,0.0431609247129371
"1881-1890",1881,1890,"fish_lfi","structural","absolute",2111,-0.000173696981270122,0.000246625837039493,0.00236524706466708,-0.00217052389213043,-0.000840678564152708,0.000776475293357087,0.00426247002697669,-0.00402440361102962,0.487213951714417,0.463128711403618,0.512965226435357,2111,0.495499763145429,0.0990052108005685,0.0194220748460445,0.0473709142586452,0.0516342965419233,0.487265092732339,0.0431609247129371
"1891-1900",1891,1900,"fish_lfi","structural","absolute",2111,-0.000582115515003423,0.000101196079667592,0.00322325598522199,-0.00248383874923833,-0.00133437805431541,0.000499714136176749,0.00581947090716164,-0.0134870955354888,0.487301911844785,0.462945461375119,0.512606023169967,2111,0.495499763145429,0.0947418285172904,0.0170535291331123,0.0454760776882994,0.049265750828991,0.487265092732339,0.0431609247129371
"1901-1910",1901,1910,"fish_lfi","structural","absolute",2111,-0.000140899006309425,0.0006402737280981,0.00363240456707821,-0.00260141094500099,-0.000941533102799652,0.00127502757956743,0.00692768708021144,-0.00326450388277228,0.487872489200363,0.463342470067852,0.513319433768286,2111,0.497394599715774,0.0961629559450497,0.0184746565608716,0.0450023685457129,0.0511605873993368,0.487265092732339,0.0431609247129371
"1911-1920",1911,1920,"fish_lfi","structural","absolute",2111,-0.000495227671628351,0.000448683908413876,0.00493267678703724,-0.00303920037479688,-0.00149495724619281,0.000998053168117075,0.00842767440015238,-0.0114739819622055,0.48773410065551,0.463207240741702,0.512616292281165,2111,0.494552344860256,0.0937944102321175,0.0170535291331123,0.0445286594031265,0.049265750828991,0.487265092732339,0.0431609247129371
"1921-1930",1921,1930,"fish_lfi","structural","absolute",2111,-8.50486458129351e-05,0.000995395753887257,0.00484925420428318,-0.00305911663380198,-0.00107197635734957,0.00179150754350621,0.00935662743773907,-0.00197050101170429,0.48835234412607,0.46344243483129,0.513431095771265,2111,0.495499763145429,0.0942681193747039,0.0184746565608716,0.0435812411179536,0.0506868782567504,0.487265092732339,0.0431609247129371
"1931-1940",1931,1940,"fish_lfi","structural","absolute",2111,-0.00315515709606917,-0.00730392095403482,0.0153629144997979,-0.0355311984095792,-0.00831106277130911,-0.000736922002253448,0.00476514808347014,-0.0731021663009792,0.480860974236126,0.45623230538103,0.507941833473665,2111,0.525343439128375,0.108953102794884,0.0255802936996684,0.0734249171009,0.0355281856939839,0.487265092732339,0.0431609247129371
"1941-1950",1941,1950,"fish_lfi","structural","absolute",2111,-0.00233275195209426,-0.00377039280916441,0.0112416739905367,-0.0226234971226666,-0.00626237799419194,0.000111360523301213,0.0078960364453452,-0.0540477751023494,0.482514779321729,0.459127373843192,0.508553459183082,2111,0.501184272856466,0.0947418285172904,0.0161061108479394,0.0573188062529607,0.0374230222643297,0.487265092732339,0.0431609247129371
"1951-1960",1951,1960,"fish_lfi","structural","absolute",2111,-0.00253664479397608,-0.00245173153444757,0.0118018409403882,-0.0188555385767041,-0.00571749901895174,-5.40283712426037e-05,0.0115306280591067,-0.0587717897808558,0.483416519182262,0.460457148760045,0.508144734203104,2111,0.487446707721459,0.0772145902415917,0.0132638559924207,0.0402652771198484,0.0369493131217433,0.487265092732339,0.0431609247129371
"1961-1970",1961,1970,"fish_lfi","structural","absolute",2111,-0.00203302049903747,-0.0015669746262342,0.0129906084402853,-0.0173620628651943,-0.00510051202033968,0.000712666234098602,0.0139670348654339,-0.0471032655708624,0.483646832185184,0.461416179665197,0.509588552552875,2111,0.489815253434391,0.0767408810990052,0.0137375651350071,0.0393178588346755,0.0374230222643297,0.487265092732339,0.0431609247129371
"1971-1980",1971,1980,"fish_lfi","structural","absolute",2111,-0.00216421637229436,-0.00119755037523584,0.0146597940847338,-0.0179025570122613,-0.0052232841707742,0.000547243345853293,0.0169498531518403,-0.0501429565443405,0.484735563508551,0.461578791063294,0.509408243969328,2111,0.482709616295595,0.0762671719564188,0.0113690194220748,0.0393178588346755,0.0369493131217433,0.487265092732339,0.0431609247129371
"1981-1990",1981,1990,"fish_lfi","structural","absolute",2111,0.00117436489501327,0.00261695765297842,0.0155605929277024,-0.013867042502881,-0.00196757377343779,0.00447939265346417,0.0223960439735059,0.0272089836541723,0.488534170402296,0.465349130007522,0.513300506056808,2111,0.480814779725249,0.0857413548081478,0.0165798199905258,0.0355281856939839,0.0502131691141639,0.487265092732339,0.0431609247129371
"1991-2000",1991,2000,"fish_lfi","structural","absolute",2111,-0.00811409336462865,-0.0070336425153219,0.0151345067767632,-0.025761481295299,-0.0128640413292897,-0.00331062646343414,0.0124441842419195,-0.187996281789498,0.478097854648018,0.456472036112469,0.502888973658415,2111,0.505447655139744,0.0715300805305542,0.0104216011369019,0.0468972051160587,0.0246328754144955,0.487265092732339,0.0431609247129371
"2001-2010",2001,2010,"fish_lfi","structural","absolute",2111,0.00497370578387246,0.00717202326230344,0.0160437333735846,-0.00906805839254937,0.0012364644446734,0.00962850004380766,0.0297264462079188,0.115236311940778,0.491957054666807,0.47008879690594,0.517945658643732,2111,0.474656560871625,0.0928469919469446,0.0184746565608716,0.025106584557082,0.0677404073898626,0.487265092732339,0.0431609247129371
"1841-1850",1841,1850,"shannon_diversity","structural","absolute",2111,-0.00024521512853104,-0.000676849587466251,0.00203970808400818,-0.00357206649194497,-0.00115813813413945,0.000318035920094939,0.00133929525398435,-0.00158005814286842,1.80742535706698,1.71050104357509,1.87230461223575,2111,0.499763145428707,0.101847465656087,0.0213169114163903,0.0506868782567504,0.0511605873993368,1.80795661158603,0.155193737418978
"1851-1860",1851,1860,"shannon_diversity","structural","absolute",2111,0.00024521512853104,0.000676849587466256,0.00203970808400817,-0.00133929525398435,-0.000318035920094939,0.00115813813413967,0.00357206649194464,0.00158005814286842,1.80854402802569,1.7108795879809,1.8725646290565,2111,0.498342018000947,0.098531501657982,0.019895783988631,0.0487920416864045,0.0497394599715775,1.80795661158603,0.155193737418978
"1861-1870",1861,1870,"shannon_diversity","structural","absolute",2111,-0.00187608602679989,-0.0011239771390417,0.00578961223056191,-0.00622729321945459,-0.00327285258455945,-0.000934016999148302,0.00702082297692974,-0.0120886709605749,1.80631417477148,1.70857465693975,1.87110164153443,2111,0.498342018000947,0.0994789199431549,0.019895783988631,0.0511605873993368,0.0483183325438181,1.80795661158603,0.155193737418978
"1871-1880",1871,1880,"shannon_diversity","structural","absolute",2111,-0.0001752888038411,0.00135541963802055,0.00947281230617911,-0.00638667879857979,-0.00154845124347791,0.00142143030188568,0.0147239493047439,-0.001129483745648,1.80865679170216,1.71353573738173,1.87140621870484,2111,0.493604926575083,0.0966366650876362,0.0170535291331123,0.049265750828991,0.0473709142586452,1.80795661158603,0.155193737418978
"1881-1890",1881,1890,"shannon_diversity","structural","absolute",2111,-0.00245405778849417,-0.000449917510863327,0.0134810297794033,-0.0110672857261456,-0.00440807840721813,-0.0011882946671391,0.017942300549639,-0.0158128660943896,1.80588755492951,1.70988992024674,1.86972950281289,2111,0.494078635717669,0.0994789199431549,0.0175272382756987,0.0525817148270962,0.0468972051160587,1.80795661158603,0.155193737418978
"1891-1900",1891,1900,"shannon_diversity","structural","absolute",2111,-0.000612986895997647,0.00207253430004991,0.0174509417525986,-0.0113081219166619,-0.0027587406136349,0.00136286235890903,0.0255044110985552,-0.00394981721680405,1.80801697445668,1.7120610253771,1.87088158921526,2111,0.493604926575083,0.0990052108005685,0.0156324017053529,0.0497394599715775,0.049265750828991,1.80795661158603,0.155193737418978
"1901-1910",1901,1910,"shannon_diversity","structural","absolute",2111,-0.0029236610846386,0.00022290986486774,0.0208216723842324,-0.016059471402564,-0.00538679513787321,-0.00142223144153608,0.0276570506537991,-0.0188387826291312,1.80555895565671,1.71051060341865,1.86989026519969,2111,0.492183799147324,0.102321174798674,0.0165798199905258,0.0530554239696826,0.049265750828991,1.80795661158603,0.155193737418978
"1911-1920",1911,1920,"shannon_diversity","structural","absolute",2111,-0.00106715662144108,0.00234776296384101,0.0242980257517211,-0.0163637129200452,-0.00403436844279992,0.00122565159981336,0.0346980487340472,-0.00687628662850012,1.80770979497403,1.71376566539011,1.8710889915788,2111,0.492183799147324,0.0975840833728091,0.0161061108479394,0.0487920416864045,0.0487920416864045,1.80795661158603,0.155193737418978
"1921-1930",1921,1930,"shannon_diversity","structural","absolute",2111,-0.00341772616477609,-0.000209768253261251,0.0302119607204009,-0.0213345739846023,-0.00636693328834903,-0.00162047502635654,0.0346056293435021,-0.0220223201117273,1.8059514745411,1.71078591374279,1.86930296361587,2111,0.49265750828991,0.0999526290857414,0.0175272382756987,0.0525817148270962,0.0473709142586452,1.80795661158603,0.155193737418978
"1931-1940",1931,1940,"shannon_diversity","structural","absolute",2111,-0.00717295483590363,-0.00522592259394164,0.0519472900859364,-0.0401471776120074,-0.0178905533517321,-0.00135518400545509,0.0563833063094784,-0.046219357528189,1.80300243693452,1.70560268119895,1.8646632863557,2111,0.480814779725249,0.0914258645191852,0.01468498342018,0.0530554239696826,0.0383704405495026,1.80795661158603,0.155193737418978
"1941-1950",1941,1950,"shannon_diversity","structural","absolute",2111,-0.0131897439100357,-0.013000039621081,0.0718138827886109,-0.060567608609252,-0.0294952051665015,-0.00551474374137884,0.0764919374547619,-0.0849888927826204,1.79764344671634,1.70044278542432,1.85815490715116,2111,0.474656560871625,0.0852676456655613,0.0165798199905258,0.0563713879677878,0.0288962576977736,1.80795661158603,0.155193737418978
"1951-1960",1951,1960,"shannon_diversity","structural","absolute",2111,-0.0144878335588232,-0.0160214147314051,0.080959254009289,-0.0779264477729226,-0.035392365935686,-0.00391983082575198,0.0841539433222096,-0.0933532099926832,1.79554225451972,1.69825657398019,1.85366089955034,2111,0.465182378019896,0.0828990999526291,0.0165798199905258,0.0577925153955471,0.025106584557082,1.80795661158603,0.155193737418978
"1961-1970",1961,1970,"shannon_diversity","structural","absolute",2111,-0.018317311833014,-0.0192240425839217,0.0845676461536838,-0.0811058040665752,-0.0393031570728426,-0.0071852382983838,0.0808934649562829,-0.11802867910554,1.79128862599508,1.69437023800624,1.8512662622881,2111,0.461866414021791,0.0833728090952155,0.0175272382756987,0.0592136428233065,0.024159166271909,1.80795661158603,0.155193737418978
"1971-1980",1971,1980,"shannon_diversity","structural","absolute",2111,-0.0194498277414159,-0.0204198490357471,0.0998136129938244,-0.0998861463637676,-0.0459602600647336,-0.00501883909320033,0.0901003691153699,-0.1253261121543,1.79093668710796,1.69661322816962,1.85114208561699,2111,0.457603031738513,0.0710563713879678,0.0137375651350071,0.0558976788252013,0.0151586925627665,1.80795661158603,0.155193737418978
"1981-1990",1981,1990,"shannon_diversity","structural","absolute",2111,-0.032772229510075,-0.0391860162160819,0.113506175664007,-0.142220977462716,-0.0637773563548972,-0.0159842776839041,0.0787264641576051,-0.211169793672791,1.77618881274792,1.67715340379635,1.84008145565825,2111,0.455708195168167,0.0800568450971104,0.0165798199905258,0.0715300805305542,0.00852676456655613,1.80795661158603,0.155193737418978
"1991-2000",1991,2000,"shannon_diversity","structural","absolute",2111,-0.0187419721626991,-0.0271265975588339,0.127676751233449,-0.126445509982354,-0.0510424805286942,-0.00105021749250023,0.0809110851565131,-0.120765002985276,1.78729870410461,1.68950820828834,1.84553823351776,2111,0.438654666035054,0.0558976788252013,0.0137375651350071,0.0473709142586452,0.00852676456655613,1.80795661158603,0.155193737418978
"2001-2010",2001,2010,"shannon_diversity","structural","absolute",2111,-0.0279430099779494,-0.0368862885219223,0.130495717880012,-0.13408278755985,-0.0560481009238084,-0.012609046685193,0.0713307331138144,-0.180052432802178,1.78201034064142,1.68229249423927,1.84374615224765,2111,0.455708195168167,0.0753197536712459,0.0156324017053529,0.0658455708195168,0.00947418285172904,1.80795661158603,0.155193737418978
"1841-1850",1841,1850,"w_statistic","structural","absolute",2111,0.000452823933578483,0.00106867852417834,0.00143538110744511,4.67706711637511e-05,0.000248155181599014,0.0013280424483087,0.00464653013038818,0.0026349700372955,0.319513344490776,0.277765951231821,0.406662761129419,2111,0.501184272856466,0.100900047370914,0.0213169114163903,0.049265750828991,0.0516342965419233,0.318683333894042,0.171851644295453
"1851-1860",1851,1860,"w_statistic","structural","absolute",2111,-0.000452823933578428,-0.00106867852417834,0.00143538110744511,-0.00464653013038818,-0.0013280424483087,-0.000248155181599041,-4.67706711637789e-05,-0.00263497003729518,0.317781218215303,0.276960082161038,0.403555519918582,2111,0.502131691141639,0.0994789199431549,0.0194220748460445,0.0502131691141639,0.049265750828991,0.318683333894042,0.171851644295453
"1861-1870",1861,1870,"w_statistic","structural","absolute",2111,-0.00106240591541312,-0.00277693251135434,0.00416321258415335,-0.0129159893181645,-0.00351269880337132,-0.000326625652986023,1.86546419115863e-05,-0.00618211085363023,0.317460970266,0.276722207536012,0.400711159833878,2111,0.501184272856466,0.0966366650876362,0.0184746565608716,0.0502131691141639,0.0464234959734723,0.318683333894042,0.171851644295453
"1871-1880",1871,1880,"w_statistic","structural","absolute",2111,-0.00169360446425409,-0.00466361274187234,0.00694643384436323,-0.0216193317227351,-0.00587209642594247,-0.000672907353887475,-0.00015331549631814,-0.00985503787989595,0.316100598501135,0.276138730240126,0.39757082635509,2111,0.502605400284226,0.0961629559450497,0.0180009474182852,0.0506868782567504,0.0454760776882994,0.318683333894042,0.171851644295453
"1881-1890",1881,1890,"w_statistic","structural","absolute",2111,-0.00231355130345695,-0.00634417813784326,0.00972759515372564,-0.0295334551676163,-0.00798290904667931,-0.000754767501109338,-0.000173362549043668,-0.0134624915166911,0.315911591347067,0.275788213219098,0.395271242918225,2111,0.500236854571293,0.0952155376598768,0.0180009474182852,0.0511605873993368,0.04405495026054,0.318683333894042,0.171851644295453
"1891-1900",1891,1900,"w_statistic","structural","absolute",2111,-0.00286639692096868,-0.00821802591616098,0.012721173779047,-0.0380280213075089,-0.010216770704311,-0.00108955540642502,-0.000267736180274494,-0.0166794849867173,0.315127783681653,0.275456513432695,0.393552287066705,2111,0.499763145428707,0.0947418285172904,0.0180009474182852,0.0525817148270962,0.0421601136901942,0.318683333894042,0.171851644295453
"1901-1910",1901,1910,"w_statistic","structural","absolute",2111,-0.00346794933720565,-0.00993002482346767,0.016326244293888,-0.0455419885322748,-0.0122322105243653,-0.0011172592407119,-0.000313692315923486,-0.0201799019812894,0.314341581805596,0.275024182050132,0.392458668188295,2111,0.49928943628612,0.0942681193747039,0.0175272382756987,0.054476551397442,0.039791567977262,0.318683333894042,0.171851644295453
"1911-1920",1911,1920,"w_statistic","structural","absolute",2111,-0.00395975326520998,-0.0120428949705988,0.0251853710562789,-0.0537147260001916,-0.014380098015129,-0.0014807615493693,-0.000353257275513885,-0.0230416955359603,0.313802612931128,0.274675618442693,0.390323948739014,2111,0.49928943628612,0.093320701089531,0.0165798199905258,0.0563713879677878,0.0369493131217433,0.318683333894042,0.171851644295453
"1921-1930",1921,1930,"w_statistic","structural","absolute",2111,-0.00454017061160147,-0.0138502965300458,0.0301636911282167,-0.0609188762207201,-0.0163113862227228,-0.00148369158504326,-0.000400007077621278,-0.0264191281393611,0.313172366532168,0.274352861490631,0.387525937208265,2111,0.498342018000947,0.0928469919469446,0.0161061108479394,0.0577925153955471,0.0350544765513974,0.318683333894042,0.171851644295453
"1931-1940",1931,1940,"w_statistic","structural","absolute",2111,-0.0135309651373594,-0.0323241288444073,0.0544354856076114,-0.116473108827769,-0.0395359370935331,-0.00496473473382764,-0.00110070271464421,-0.0787363146441387,0.299703063226908,0.266006305439922,0.362471868526877,2111,0.518711511132165,0.0956892468024633,0.0165798199905258,0.0663192799621033,0.02936996684036,0.318683333894042,0.171851644295453
"1941-1950",1941,1950,"w_statistic","structural","absolute",2111,-0.0182503752136352,-0.0443205133452231,0.0723404108437223,-0.162962699216802,-0.0537009584123477,-0.00710051568359356,-0.00152140355623143,-0.106198432307453,0.291388832085056,0.260397281912337,0.346871862311265,2111,0.547607768829938,0.104689720511606,0.0180009474182852,0.0810042633822833,0.0236854571293226,0.318683333894042,0.171851644295453
"1951-1960",1951,1960,"w_statistic","structural","absolute",2111,-0.0209370973152898,-0.05108650890392,0.0810882747961575,-0.186766063179099,-0.0623962597842839,-0.00847927897868463,-0.00185931512215698,-0.121832394453521,0.287163254541922,0.257878845724197,0.341011992578522,2111,0.567029843675983,0.11084793936523,0.0194220748460445,0.0885836096636665,0.0222643297015632,0.318683333894042,0.171851644295453
"1961-1970",1961,1970,"w_statistic","structural","absolute",2111,-0.0222572001258831,-0.0548315165235077,0.0858618551850549,-0.1938190117441,-0.067421235644527,-0.00926351819038879,-0.00195239486101495,-0.129514036465184,0.285878230797068,0.256172964543038,0.337876480092524,2111,0.571766935101848,0.112742775935576,0.019895783988631,0.0928469919469446,0.019895783988631,0.318683333894042,0.171851644295453
"1971-1980",1971,1980,"w_statistic","structural","absolute",2111,-0.0235559857373678,-0.0681013154533346,0.107994436524474,-0.280024419334188,-0.0773614887058213,-0.0101839053314595,-0.00249798600092582,-0.137071634280494,0.283252944028538,0.254360144136718,0.328442221153267,2111,0.557555660824254,0.107058266224538,0.0175272382756987,0.098531501657982,0.00852676456655613,0.318683333894042,0.171851644295453
"1981-1990",1981,1990,"w_statistic","structural","absolute",2111,-0.0266032284701489,-0.0786106348353762,0.130200705010269,-0.32615105865042,-0.0831494145554145,-0.0121819487526525,-0.00406251350940437,-0.154803456081059,0.278143947590781,0.249184248511177,0.319374287855847,2111,0.579819990525817,0.117953576504027,0.0213169114163903,0.111321648507816,0.00663192799621033,0.318683333894042,0.171851644295453
"1991-2000",1991,2000,"w_statistic","structural","absolute",2111,-0.0266331735051236,-0.0803674642105209,0.133876315511488,-0.336173560320498,-0.0854934464052934,-0.0120337948260912,-0.00340124912458908,-0.154977705417441,0.278137330423502,0.250844325290518,0.316886826285755,2111,0.575082899099953,0.111321648507816,0.0203694931312174,0.107058266224538,0.00426338228327807,0.318683333894042,0.171851644295453
"2001-2010",2001,2010,"w_statistic","structural","absolute",2111,-0.0249262617208554,-0.0792942496922385,0.135972880720604,-0.337572645649899,-0.0829498303642712,-0.0107260898642318,-0.00282500531313154,-0.145045232607733,0.278916372931154,0.250757703697787,0.319986866470873,2111,0.566556134533396,0.112742775935576,0.0227380388441497,0.10942681193747,0.00331596399810516,0.318683333894042,0.171851644295453
"1841-1850",1841,1850,"production_biomass_ratio","structural","absolute",2111,-0.0031200119486372,-0.00286403151962989,0.00370284079567781,-0.00847994686614939,-0.00506053214881574,-0.000340517060078094,0.00295659381016877,-0.00417379333471465,2.34969652893138,1.7719364740065,2.86850768520075,2111,0.502605400284226,0.10279488394126,0.0213169114163903,0.0521080056845097,0.0506868782567504,2.34704440684899,0.747524301859213
"1851-1860",1851,1860,"production_biomass_ratio","structural","absolute",2111,0.0031200119486372,0.00286403151962989,0.0037028407956778,-0.00295659381016833,0.000340517060077872,0.00506053214881508,0.00847994686614995,0.00417379333471465,2.34986003674732,1.78084767642947,2.87038281572891,2111,0.498815727143534,0.0994789199431549,0.0203694931312174,0.049265750828991,0.0502131691141639,2.34704440684899,0.747524301859213
"1861-1870",1861,1870,"production_biomass_ratio","structural","absolute",2111,-0.00571435860868119,-0.00357405455665422,0.0102949829914045,-0.016302927692163,-0.00990530315489946,0.000419748692153221,0.0167958809574799,-0.0076443783760189,2.3467427185931,1.76870899990407,2.86803089482332,2111,0.502131691141639,0.102321174798674,0.0203694931312174,0.0521080056845097,0.0502131691141639,2.34704440684899,0.747524301859213
"1871-1880",1871,1880,"production_biomass_ratio","structural","absolute",2111,0.0062370159147318,0.01036230662772,0.0124878335308145,-0.00152208878354498,0.00297639070518274,0.0139061242832047,0.0355945310306558,0.00834356274333736,2.35727483699683,1.7867937366586,2.88090134077709,2111,0.50071056371388,0.0961629559450497,0.019895783988631,0.0450023685457129,0.0511605873993368,2.34704440684899,0.747524301859213
"1881-1890",1881,1890,"production_biomass_ratio","structural","absolute",2111,-0.00272176070566355,0.00356172842817434,0.0194714236575057,-0.0151994605270873,-0.00847025359576192,0.0097687373255001,0.0438047307652836,-0.00364103307262933,2.35384693724211,1.77671243131476,2.87730111125261,2111,0.505921364282331,0.101847465656087,0.0208432022738039,0.0502131691141639,0.0516342965419233,2.34704440684899,0.747524301859213
"1891-1900",1891,1900,"production_biomass_ratio","structural","absolute",2111,0.00871771091673534,0.0170297841646133,0.0227380714443176,-0.000681828586745592,0.00419273764032724,0.0233191396045611,0.062022077175548,0.0116621103756132,2.36656011126217,1.79461499121936,2.8870828358697,2111,0.499763145428707,0.0947418285172904,0.0208432022738039,0.0426338228327807,0.0521080056845097,2.34704440684899,0.747524301859213
"1901-1910",1901,1910,"production_biomass_ratio","structural","absolute",2111,-8.56251359282467e-06,0.00958891676884313,0.0317972658897012,-0.0143698678456521,-0.00739762027406543,0.0188616038795435,0.0691366097772022,-1.14544952873483e-05,2.36262976742178,1.78696541351913,2.88289797601066,2111,0.504973945997158,0.101847465656087,0.0208432022738039,0.0478446234012316,0.0540028422548555,2.34704440684899,0.747524301859213
"1911-1920",1911,1920,"production_biomass_ratio","structural","absolute",2111,0.0113544819256475,0.0221528236878796,0.042822935194847,-0.000271033058896197,0.00519039576060421,0.0321042613610496,0.0869674407071849,0.0151894485535882,2.37719276684348,1.79999406631476,2.88939878595264,2111,0.500236854571293,0.0928469919469446,0.0189483657034581,0.0388441496920891,0.0540028422548555,2.34704440684899,0.747524301859213
"1921-1930",1921,1930,"production_biomass_ratio","structural","absolute",2111,0.00256882407176962,0.0133718109107498,0.066050328160027,-0.0137053054166524,-0.00639035005521693,0.0274109647014482,0.0936287332192625,0.00343644222051449,2.37258963450719,1.788689646472,2.88697910700568,2111,0.508763619137849,0.0994789199431549,0.0213169114163903,0.0450023685457129,0.054476551397442,2.34704440684899,0.747524301859213
"1931-1940",1931,1940,"production_biomass_ratio","structural","absolute",2111,0.027221127278017,0.0530626713028774,0.122462585273135,0.00226379718646263,0.0109548400753889,0.0733507157883673,0.215177287039671,0.036415039899457,2.41306976093517,1.82093369550977,2.93043661425759,2111,0.51539554713406,0.0928469919469446,0.0232117479867361,0.0364756039791568,0.0563713879677878,2.34704440684899,0.747524301859213
"1941-1950",1941,1950,"production_biomass_ratio","structural","absolute",2111,0.0291450173413406,0.0703588330689045,0.170167406021977,-0.00803288623891485,0.00514260186034177,0.0974658381561421,0.336323522586325,0.0389887221978633,2.42972376956543,1.83154191474824,2.95117129901163,2111,0.526764566556135,0.0952155376598768,0.0255802936996684,0.0360018948365703,0.0592136428233065,2.34704440684899,0.747524301859213
"1951-1960",1951,1960,"production_biomass_ratio","structural","absolute",2111,0.0447499952541919,0.0928136085685029,0.189713480044066,0.00415625516788798,0.0189212310503918,0.119603898205677,0.393582774007826,0.0598642681487297,2.45499055947272,1.85073986972497,2.97632516397797,2111,0.527711984841307,0.0956892468024633,0.0255802936996684,0.0322122216958787,0.0634770251065846,2.34704440684899,0.747524301859213
"1961-1970",1961,1970,"production_biomass_ratio","structural","absolute",2111,0.0379708457727799,0.0898398405296706,0.200752180798142,-0.00745018468196068,0.00922968737806706,0.122628118172456,0.426647183998496,0.0507954666869562,2.45360894772459,1.83939877605748,2.98474990054837,2111,0.536238749407864,0.0990052108005685,0.0274751302700142,0.0341070582662245,0.0648981525343439,2.34704440684899,0.747524301859213
"1971-1980",1971,1980,"production_biomass_ratio","structural","absolute",2111,0.0694613190520328,0.133868786529585,0.228218336424809,0.00752337687698257,0.0314582244601729,0.177994686299928,0.516428534835146,0.092921820573955,2.5059005714091,1.88885835356768,3.03883323001803,2111,0.535291331122691,0.093320701089531,0.0255802936996684,0.024159166271909,0.069161534817622,2.34704440684899,0.747524301859213
"1981-1990",1981,1990,"production_biomass_ratio","structural","absolute",2111,0.0743008197565231,0.139840296957853,0.255194556797595,-0.0167592599967799,0.0216626772484787,0.194239919940392,0.576245337550607,0.099395858531589,2.51008594756707,1.87119044830427,3.07325170468942,2111,0.556134533396495,0.107531975367125,0.0288962576977736,0.0307910942681194,0.0767408810990052,2.34704440684899,0.747524301859213
"1991-2000",1991,2000,"production_biomass_ratio","structural","absolute",2111,0.0881338631865449,0.144995291747339,0.25575351042831,0.00928755615454457,0.0465810983973152,0.185289478775937,0.565956932589892,0.117901000632811,2.51547697197012,1.9213210459747,3.03359729339226,2111,0.523922311700616,0.0937944102321175,0.0279488394126007,0.0246328754144955,0.069161534817622,2.34704440684899,0.747524301859213
"2001-2010",2001,2010,"production_biomass_ratio","structural","absolute",2111,0.0434864456832829,0.1066806214556,0.262799580072271,-0.0231503854564052,0.00310508960237388,0.151524459220423,0.54668964451336,0.058173955783277,2.49749007476792,1.84224706978852,3.02090225808242,2111,0.547134059687352,0.10942681193747,0.0303173851255329,0.0364756039791568,0.0729512079583136,2.34704440684899,0.747524301859213
"1841-1850",1841,1850,"fish_pb_ratio","structural","absolute",2111,0.00066734416195588,0.000976886813409408,0.00118339612476532,-1.26201591504893e-05,0.000316125681903173,0.00121699749569995,0.003009916857174,0.00610531303674446,0.236624063529075,0.213430710288108,0.275274759369616,2111,0.498815727143534,0.100900047370914,0.0203694931312174,0.049265750828991,0.0516342965419233,0.23610023050491,0.109305478349678
"1851-1860",1851,1860,"fish_pb_ratio","structural","absolute",2111,-0.00066734416195588,-0.000976886813409409,0.00118339612476532,-0.003009916857174,-0.00121699749570003,-0.000316125681903159,1.26201591505448e-05,-0.00610531303674446,0.235571764159978,0.212181429051838,0.273085802379705,2111,0.499763145428707,0.101373756513501,0.019895783988631,0.0521080056845097,0.049265750828991,0.23610023050491,0.109305478349678
"1861-1870",1861,1870,"fish_pb_ratio","structural","absolute",2111,0.00108190670292721,0.000418426794077632,0.00271404679905128,-0.0039855476769885,0.000288788389859213,0.00168511731017101,0.00239278485747531,0.0098980098643006,0.237553559487773,0.214153567209811,0.274738721123595,2111,0.484130743723354,0.093320701089531,0.0189483657034581,0.04405495026054,0.049265750828991,0.23610023050491,0.109305478349678
"1871-1880",1871,1880,"fish_pb_ratio","structural","absolute",2111,-0.00152310199752007,-0.00312479293539774,0.00460855958575635,-0.0108803203233157,-0.00365021220850739,-0.000743265650135494,-3.61835494467333e-05,-0.0139343610266955,0.234365992093526,0.211767816618997,0.270569068448224,2111,0.498342018000947,0.100900047370914,0.019895783988631,0.0525817148270962,0.0483183325438181,0.23610023050491,0.109305478349678
"1881-1890",1881,1890,"fish_pb_ratio","structural","absolute",2111,0.000329959503213628,-0.00170107996569259,0.00610365180264246,-0.0121763885476518,-0.00211394542916343,0.00120705277885863,0.00225986354164115,0.00301869136108675,0.236085390499758,0.213646166795734,0.272881012681091,2111,0.483183325438181,0.093320701089531,0.0184746565608716,0.0450023685457129,0.0483183325438181,0.23610023050491,0.109305478349678
"1891-1900",1891,1900,"fish_pb_ratio","structural","absolute",2111,-0.00230687781260916,-0.00516731354949279,0.00801948290323616,-0.0188213868017083,-0.00599892939363507,-0.00100241897889304,-6.60307609832433e-05,-0.0211048691011556,0.233472035348739,0.211467583358881,0.268541404147845,2111,0.495973472288015,0.100426338228328,0.0180009474182852,0.0530554239696826,0.0473709142586452,0.23610023050491,0.109305478349678
"1901-1910",1901,1910,"fish_pb_ratio","structural","absolute",2111,-0.000432651580444143,-0.00370925333004672,0.00939753607768539,-0.0200158309375404,-0.0045207924090845,0.000929266506226142,0.00225265908287359,-0.00395818752158105,0.234953976443416,0.213384854334199,0.270661715149467,2111,0.479867361440076,0.0937944102321175,0.0170535291331123,0.0468972051160587,0.0468972051160587,0.23610023050491,0.109305478349678
"1911-1920",1911,1920,"fish_pb_ratio","structural","absolute",2111,-0.00307655921819358,-0.00714519004902414,0.0112812905117165,-0.0270342007825957,-0.0082496443038267,-0.00125725667864066,-4.43329443328422e-05,-0.0281464320420555,0.232307916577194,0.211043512182393,0.266197905760528,2111,0.492183799147324,0.0971103742302226,0.0180009474182852,0.0530554239696826,0.04405495026054,0.23610023050491,0.109305478349678
"1921-1930",1921,1930,"fish_pb_ratio","structural","absolute",2111,-0.00115112523918681,-0.0056954570326221,0.0127678315486161,-0.0281519476534615,-0.00676860308416879,0.000683456392051265,0.00222777043058499,-0.0105312675683488,0.233968270344032,0.213057320125413,0.268572471428273,2111,0.474656560871625,0.0918995736617717,0.0165798199905258,0.0478446234012316,0.04405495026054,0.23610023050491,0.109305478349678
"1931-1940",1931,1940,"fish_pb_ratio","structural","absolute",2111,-0.00579968935722783,-0.0149042762483896,0.0298780385108736,-0.0568708888663626,-0.0150859241755052,-0.00218525036991833,-0.000347763198440265,-0.0530594572641098,0.229134143565599,0.209542341337095,0.259276530436097,2111,0.483183325438181,0.0895310279488394,0.0161061108479394,0.0582662245381336,0.0312648034107058,0.23610023050491,0.109305478349678
"1941-1950",1941,1950,"fish_pb_ratio","structural","absolute",2111,-0.0078754199341009,-0.0253254525621898,0.0551486294635016,-0.105677713906222,-0.0233177017145086,-0.0019625360802317,0.00131852503327559,-0.0720496360567283,0.22585359928432,0.20819875929649,0.247884560721693,2111,0.466129796305069,0.0833728090952155,0.0123164377072477,0.0634770251065846,0.019895783988631,0.23610023050491,0.109305478349678
"1951-1960",1951,1960,"fish_pb_ratio","structural","absolute",2111,-0.0107813041936095,-0.0309511630660065,0.0603886842135743,-0.125248662186763,-0.0291573014903125,-0.00455843840398522,-0.000694174121339042,-0.0986346188351069,0.222722015998994,0.205270875212879,0.244081910883151,2111,0.489815253434391,0.102321174798674,0.0175272382756987,0.0866887730933207,0.0156324017053529,0.23610023050491,0.109305478349678
"1961-1970",1961,1970,"fish_pb_ratio","structural","absolute",2111,-0.00963685325141878,-0.0313344711512712,0.0644283444382919,-0.133261649927282,-0.0292052808185487,-0.0030264984183116,0.00119746552405864,-0.0881644122226848,0.223668284253944,0.206627183309734,0.244277534203615,2111,0.465656087162482,0.0876361913784936,0.0161061108479394,0.0738986262434865,0.0137375651350071,0.23610023050491,0.109305478349678
"1971-1980",1971,1980,"fish_pb_ratio","structural","absolute",2111,-0.0123228280848036,-0.0352777334768615,0.066769965339576,-0.140498750837693,-0.0332556157372742,-0.00548739579117934,-0.000781212178105839,-0.112737515729831,0.220210967837841,0.20383546746206,0.240767562615592,2111,0.495026054002842,0.104689720511606,0.019895783988631,0.0928469919469446,0.0118427285646613,0.23610023050491,0.109305478349678
"1981-1990",1981,1990,"fish_pb_ratio","structural","absolute",2111,-0.011214903723103,-0.0349042092775916,0.0675640896454925,-0.142348959782498,-0.0333558107108672,-0.0039871419235665,2.65552816612613e-05,-0.10260147883188,0.220854703298361,0.205647046546768,0.240632894077596,2111,0.478919943154903,0.0980577925153956,0.0208432022738039,0.0862150639507342,0.0118427285646613,0.23610023050491,0.109305478349678
"1991-2000",1991,2000,"fish_pb_ratio","structural","absolute",2111,-0.00965966121931025,-0.0335844987715075,0.0686468329148775,-0.14341675301802,-0.033538517358696,-0.00201262684912973,0.00325951172358813,-0.0883730748463322,0.222089183367436,0.206750280800427,0.242062046489262,2111,0.457603031738513,0.0814779725248697,0.0170535291331123,0.0696352439602084,0.0118427285646613,0.23610023050491,0.109305478349678
"2001-2010",2001,2010,"fish_pb_ratio","structural","absolute",2111,-0.0148269784548463,-0.0392471505702198,0.0694280730360163,-0.150144733314385,-0.0389222006754092,-0.00651044456385019,-0.00194056971660757,-0.135647166809091,0.216469830262132,0.202471969256954,0.235252104515517,2111,0.539081004263382,0.122690667929891,0.0274751302700142,0.11084793936523,0.0118427285646613,0.23610023050491,0.109305478349678
"1841-1850",1841,1850,"marine_mammal_pb_ratio","structural","absolute",2111,-4.89404010365149e-06,-5.55478521045279e-06,1.72949818921511e-05,-2.92854824064154e-05,-1.25251503044952e-05,-1.6313465394944e-06,2.32106849227106e-05,-0.00182879318044118,0.00230598051700451,0.00075667395301326,0.0044948206501076,2111,0.501657981999053,0.104216011369019,0.0213169114163903,0.0525817148270962,0.0516342965419233,0.00232164966191529,0.00267610364911294
"1851-1860",1851,1860,"marine_mammal_pb_ratio","structural","absolute",2111,4.89404010365127e-06,5.55478521045286e-06,1.72949818921512e-05,-2.32106849227115e-05,1.63134653949431e-06,1.25251503044952e-05,2.92854824064162e-05,0.00182879318044109,0.00233714030085253,0.000766307159953717,0.00449977020407296,2111,0.499763145428707,0.0999526290857414,0.0189483657034581,0.0502131691141639,0.0497394599715775,0.00232164966191529,0.00267610364911294
"1861-1870",1861,1870,"marine_mammal_pb_ratio","structural","absolute",2111,5.08794410930308e-05,5.53458321558123e-05,4.27920762519969e-05,5.08254373402079e-06,2.01318014820276e-05,8.06685842437486e-05,0.00013028630296686,0.0190125076470398,0.0023761382780765,0.000782812786117711,0.0045907170280426,2111,0.509711037423022,0.0975840833728091,0.0208432022738039,0.0445286594031265,0.0530554239696826,0.00232164966191529,0.00267610364911294
"1871-1880",1871,1880,"marine_mammal_pb_ratio","structural","absolute",2111,5.96167381551925e-05,6.35329577806e-05,6.3467228713037e-05,4.19330137909026e-06,2.25828617791741e-05,9.0716556339571e-05,0.000175556422540048,0.0222774398797871,0.00241565869252239,0.000788271779128941,0.00459937187930002,2111,0.510658455708195,0.0961629559450497,0.0194220748460445,0.0445286594031265,0.0516342965419233,0.00232164966191529,0.00267610364911294
"1881-1890",1881,1890,"marine_mammal_pb_ratio","structural","absolute",2111,0.000107950657205417,0.000112942565969366,9.13466460330915e-05,1.09731857518899e-05,4.21200286666745e-05,0.000164766908737194,0.000272045594941045,0.0403387429486149,0.00246396821202264,0.000811696165276627,0.0046698989956407,2111,0.519658929417338,0.0966366650876362,0.0208432022738039,0.0431075319753671,0.0535291331122691,0.00232164966191529,0.00267610364911294
"1891-1900",1891,1900,"marine_mammal_pb_ratio","structural","absolute",2111,0.000114795836138444,0.000120821577966249,0.00011377272426529,9.75921732282892e-06,4.47776788936341e-05,0.000170710261562971,0.000320791548256021,0.0428966330121389,0.00252176916067963,0.000818242426785677,0.00467607641952129,2111,0.52202747513027,0.0952155376598768,0.0194220748460445,0.0426338228327807,0.0525817148270962,0.00232164966191529,0.00267610364911294
"1901-1910",1901,1910,"marine_mammal_pb_ratio","structural","absolute",2111,0.000165274912399969,0.000170672709241683,0.000141465126296045,1.68834248899184e-05,6.41107903202188e-05,0.000246702056089215,0.000421917036741027,0.0617595332881644,0.00258022757335819,0.000839464792216929,0.00473992839306821,2111,0.531027948839413,0.0952155376598768,0.0208432022738039,0.0412126954050213,0.0540028422548555,0.00232164966191529,0.00267610364911294
"1911-1920",1911,1920,"marine_mammal_pb_ratio","structural","absolute",2111,0.000170143629571781,0.00017834213709826,0.000164281036661377,1.56367857983465e-05,6.67569805213005e-05,0.000251567252872205,0.000469139277232412,0.0635788638561062,0.00262091882213814,0.000849170535594368,0.00474512073813537,2111,0.533870203694931,0.0928469919469446,0.0194220748460445,0.0402652771198484,0.0525817148270962,0.00232164966191529,0.00267610364911294
"1921-1930",1921,1930,"marine_mammal_pb_ratio","structural","absolute",2111,0.000221996799102989,0.000228640161505074,0.000191910321607798,2.26358547646301e-05,8.67525935123298e-05,0.000330195637521146,0.000569237929492801,0.0829552320129959,0.00267277831218052,0.000875743559434912,0.00481329175747675,2111,0.538607295120796,0.0928469919469446,0.019895783988631,0.0378967314069162,0.0549502605400284,0.00232164966191529,0.00267610364911294
"1931-1940",1931,1940,"marine_mammal_pb_ratio","structural","absolute",2111,0.000583388696133437,0.00115100378872467,0.00184111158289016,4.29818911621544e-05,0.000234398684601122,0.00123647745308674,0.00464756888204492,0.217999290246779,0.0034543894652759,0.00119180002085751,0.00624378975871855,2111,0.598768356229275,0.157271435338702,0.0478446234012316,0.0288962576977736,0.128375177640928,0.00232164966191529,0.00267610364911294
"1941-1950",1941,1950,"marine_mammal_pb_ratio","structural","absolute",2111,0.00101261922161929,0.0020717878103361,0.00313114153753791,6.33104849970293e-05,0.000378986253871035,0.00243269037864115,0.00822786718955,0.378393124629139,0.00424909597208823,0.00147341408039366,0.0073310859468918,2111,0.645191852202748,0.232591189009948,0.0857413548081478,0.0265277119848413,0.206063477025107,0.00232164966191529,0.00267610364911294
"1951-1960",1951,1960,"marine_mammal_pb_ratio","structural","absolute",2111,0.00128222419785087,0.00265837456808412,0.00367683005083628,7.0146936477303e-05,0.000446751765683447,0.00344609846488832,0.00972666875060499,0.479138466208472,0.0048925838057149,0.00165904176153706,0.00815506999013567,2111,0.683088583609664,0.290857413548081,0.101847465656087,0.0255802936996684,0.265277119848413,0.00232164966191529,0.00267610364911294
"1961-1970",1961,1970,"marine_mammal_pb_ratio","structural","absolute",2111,0.00153086392376747,0.00303684166724021,0.00397179597174085,8.5489104855172e-05,0.000532984956018909,0.00403251426826692,0.010706982185389,0.572049563280148,0.00529119134495295,0.00180730845016276,0.00870113952307278,2111,0.696826148744671,0.332543818095689,0.120795831359545,0.024159166271909,0.30838465182378,0.00232164966191529,0.00267610364911294
"1971-1980",1971,1980,"marine_mammal_pb_ratio","structural","absolute",2111,0.00183628518894017,0.00326523830428539,0.00395661517083417,0.000135176334023564,0.000756477964911316,0.00429130550558383,0.0110458176232349,0.686178649899773,0.00545154102668893,0.00223555229849919,0.00889267689126625,2111,0.672666982472762,0.325911890099479,0.120322122216959,0.00805305542396968,0.317858834675509,0.00232164966191529,0.00267610364911294
"1981-1990",1981,1990,"marine_mammal_pb_ratio","structural","absolute",2111,0.00222776159027267,0.00351824969754216,0.00390475147942947,0.000148375855660782,0.000873745181662525,0.00472551645683147,0.0111399899676725,0.832464613622539,0.00571925664446295,0.00289228806525223,0.00902696335131032,2111,0.693983893889152,0.335386072951208,0.121269540502132,0.00615821885362387,0.329227854097584,0.00232164966191529,0.00267610364911294
"1991-2000",1991,2000,"marine_mammal_pb_ratio","structural","absolute",2111,0.00233399681877108,0.00356722069654899,0.00381691882576213,0.000167831598041501,0.000957432995504605,0.00485754693852834,0.010957622490838,0.872162339281865,0.0058231396673118,0.00298786095839793,0.00903047294794408,2111,0.704405495026054,0.3391757460919,0.121743249644718,0.00521080056845097,0.333964945523449,0.00232164966191529,0.00267610364911294
"2001-2010",2001,2010,"marine_mammal_pb_ratio","structural","absolute",2111,0.00233316728817001,0.00353397093122582,0.00372176264183003,0.000152980807542246,0.000908823986093199,0.0048357353636609,0.01075049891101,0.871852362274308,0.00583403570002769,0.00306972804215557,0.00898039931277122,2111,0.712458550450024,0.338228327806727,0.117953576504027,0.00426338228327807,0.333964945523449,0.00232164966191529,0.00267610364911294
"1841-1850",1841,1850,"spectrum_mle_exponent","structural","absolute",2111,0.000223539468192868,0.000189947773499839,0.000222383141404276,-0.000187152409827585,-1.83087056404574e-06,0.000403764812124452,0.000461166907133603,0.00686577879712324,-1.4600586429301,-1.48370199562427,-1.43883389740178,2111,0.494552344860256,0.10279488394126,0.0217906205589768,0.0502131691141639,0.0525817148270962,-1.4602261625899,0.0325585013438725
"1851-1860",1851,1860,"spectrum_mle_exponent","structural","absolute",2111,-0.000223536783317213,-0.000189947785437498,0.000222383127060401,-0.000461166905788124,-0.000403764810869234,1.83087136651494e-06,0.000187152408062663,-0.00686569633400165,-1.46035445343497,-1.48431459981455,-1.43910721418441,2111,0.504500236854571,0.100900047370914,0.0194220748460445,0.0506868782567504,0.0502131691141639,-1.4602261625899,0.0325585013438725
"1861-1870",1861,1870,"spectrum_mle_exponent","structural","absolute",2111,0.000432956011966912,0.000365186847458234,0.000356849639410449,-0.000220585889575076,8.36203517680101e-05,0.000674697970975302,0.000805022721771964,0.0132977868788913,-1.45981564760476,-1.48348031337149,-1.43864753255054,2111,0.490288962576978,0.105637138796779,0.0236854571293226,0.0497394599715775,0.0558976788252013,-1.4602261625899,0.0325585013438725
"1871-1880",1871,1880,"spectrum_mle_exponent","structural","absolute",2111,-0.000238339199228443,-0.000210867611004484,0.000237256016073124,-0.000507294713171014,-0.000419802138069469,-1.95214281994982e-05,0.000171644976815877,-0.00732033691327439,-1.46036135008405,-1.48438274787127,-1.43913937395775,2111,0.505447655139744,0.0990052108005685,0.0203694931312174,0.0502131691141639,0.0487920416864045,-1.4602261625899,0.0325585013438725
"1881-1890",1881,1890,"spectrum_mle_exponent","structural","absolute",2111,0.000413703020640144,0.000346111122680644,0.000400974914217787,-0.000308564911369769,5.65094661644228e-05,0.000653482389328275,0.000799503811559243,0.0127064515737609,-1.4598258407839,-1.48354965521983,-1.43866025220733,2111,0.491236380862151,0.104216011369019,0.0232117479867361,0.0497394599715775,0.054476551397442,-1.4602261625899,0.0325585013438725
"1891-1900",1891,1900,"spectrum_mle_exponent","structural","absolute",2111,-0.000257804200187728,-0.000225303354888688,0.000368716253808692,-0.000582120496586791,-0.000438229943706903,-4.01604897620755e-05,0.000176651375407455,-0.00791818387047003,-1.46039543018021,-1.48444063077836,-1.43913065667681,2111,0.507816200852676,0.098531501657982,0.0203694931312174,0.0502131691141639,0.0483183325438181,-1.4602261625899,0.0325585013438725
"1901-1910",1901,1910,"spectrum_mle_exponent","structural","absolute",2111,0.000396123499567747,0.000345431311403908,0.000853723518049721,-0.000373427055240572,3.12117013656632e-05,0.000638902473109049,0.000791810909598678,0.0121665151409771,-1.45978758672631,-1.4836045169993,-1.43868151907864,2111,0.492183799147324,0.102321174798674,0.0222643297015632,0.0497394599715775,0.0525817148270962,-1.4602261625899,0.0325585013438725
"1911-1920",1911,1920,"spectrum_mle_exponent","structural","absolute",2111,-0.000275105837651113,-6.54591033511204e-05,0.00773500933748666,-0.000671240571627263,-0.0004538183637256,-5.11519816934758e-05,0.000183454965386076,-0.00844958540153716,-1.46037091317508,-1.48438691988436,-1.43897077988232,2111,0.508289909995263,0.0990052108005685,0.0208432022738039,0.0502131691141639,0.0487920416864045,-1.4602261625899,0.0325585013438725
"1921-1930",1921,1930,"spectrum_mle_exponent","structural","absolute",2111,0.000384692040481527,0.000575189273634226,0.00911914144588725,-0.000451759021795395,6.71666943441451e-06,0.000623885477556985,0.000788029505898291,0.0118154099422001,-1.45983449415984,-1.48342718800713,-1.43866280190345,2111,0.490762671719564,0.103268593083847,0.0232117479867361,0.0497394599715775,0.0535291331122691,-1.4602261625899,0.0325585013438725
"1931-1940",1931,1940,"spectrum_mle_exponent","structural","absolute",2111,-0.000371001840538066,0.000294225507504871,0.0148101661129691,-0.00132135712536519,-0.000559769153547607,-0.000111679310252355,0.00015772321457852,-0.0113949299023215,-1.46044308081572,-1.48461345893715,-1.43902568181456,2111,0.510658455708195,0.101847465656087,0.0217906205589768,0.0506868782567504,0.0511605873993368,-1.4602261625899,0.0325585013438725
"1941-1950",1941,1950,"spectrum_mle_exponent","structural","absolute",2111,0.000246996935845845,0.00129966143582626,0.0213093368141086,-0.00156885241517291,-0.000218699249646459,0.000561472997552825,0.0007779784184474,0.00758625015436497,-1.46003174415024,-1.48382936935175,-1.4388849081289,2111,0.496447181430602,0.103268593083847,0.0246328754144955,0.049265750828991,0.0540028422548555,-1.4602261625899,0.0325585013438725
"1951-1960",1951,1960,"spectrum_mle_exponent","structural","absolute",2111,-0.000410229950626118,0.00124363556123353,0.0256396899461362,-0.00216639460034906,-0.000695973258674432,-0.00011284872426931,0.000216617710782296,-0.0125997798944552,-1.46049135381319,-1.48480264795561,-1.43907237438467,2111,0.515869256276646,0.100426338228328,0.0232117479867361,0.049265750828991,0.0511605873993368,-1.4602261625899,0.0325585013438725
"1961-1970",1961,1970,"spectrum_mle_exponent","structural","absolute",2111,0.00022316660583499,0.00190353505949482,0.0270125491949676,-0.00190003926251769,-0.00027075898377571,0.000552429646363928,0.000783387093479915,0.00685432672339479,-1.4601302327366,-1.48387100292283,-1.43883556387348,2111,0.497394599715774,0.104689720511606,0.0260540028422549,0.049265750828991,0.0554239696826149,-1.4602261625899,0.0325585013438725
"1971-1980",1971,1980,"spectrum_mle_exponent","structural","absolute",2111,-0.000488311488725968,0.00137236910525178,0.0275338533577752,-0.00275339571847566,-0.00089226792309971,-0.000172270511948791,0.00031852318284209,-0.0149979719142653,-1.46059638855989,-1.48485459976199,-1.43940893656037,2111,0.517290383704405,0.101847465656087,0.0246328754144955,0.0502131691141639,0.0516342965419233,-1.4602261625899,0.0325585013438725
"1981-1990",1981,1990,"spectrum_mle_exponent","structural","absolute",2111,-0.000469437438044507,0.00177027776529478,0.0293416855278387,-0.0029174961145052,-0.000913827566447312,-0.000100097293457058,0.00147788134344629,-0.0144182753710454,-1.46062379174882,-1.48497982785973,-1.4390916824903,2111,0.522501184272856,0.109900521080057,0.0312648034107058,0.0506868782567504,0.0592136428233065,-1.4602261625899,0.0325585013438725
"1991-2000",1991,2000,"spectrum_mle_exponent","structural","absolute",2111,0.00160043614039407,0.00421877504497699,0.0330937493581718,-0.00318176444865592,0.000568356144333926,0.00260268853381573,0.0036271863601578,0.0491557066306822,-1.45866947768393,-1.48150290705508,-1.43820389303615,2111,0.45665561345334,0.0952155376598768,0.025106584557082,0.0407389862624349,0.054476551397442,-1.4602261625899,0.0325585013438725
"2001-2010",2001,2010,"spectrum_mle_exponent","structural","absolute",2111,-0.00123905405700375,0.00215485951724528,0.0359352771298702,-0.00359563013208575,-0.00178430548722075,-0.000661620572108279,0.00107689932066335,-0.0380562374145315,-1.46116514598329,-1.48586994379038,-1.43939558422744,2111,0.531975367124585,0.11747986736144,0.0350544765513974,0.0577925153955471,0.0596873519658929,-1.4602261625899,0.0325585013438725
"1841-1850",1841,1850,"spectrum_lcd_exponent","structural","absolute",2111,0.00026188377234293,0.000293451285102575,0.000130482454501994,0.000113158291160209,0.000202298408347179,0.000393416832398685,0.000503809048585824,0.00933369104396363,-2.07442810766298,-2.09345736695777,-2.05325524786165,2111,0.499763145428707,0.098531501657982,0.0208432022738039,0.0478446234012316,0.0506868782567504,-2.07477133455583,0.0280579002571869
"1851-1860",1851,1860,"spectrum_lcd_exponent","structural","absolute",2111,-0.000261883772343374,-0.000293451285102567,0.000130482454502003,-0.000503809048586268,-0.000393416832398685,-0.000202298408346735,-0.000113158291160209,-0.00933369104397946,-2.07509492908317,-2.09389108171474,-2.05375387139465,2111,0.501657981999053,0.0999526290857414,0.0208432022738039,0.0511605873993368,0.0487920416864045,-2.07477133455583,0.0280579002571869
"1861-1870",1861,1870,"spectrum_lcd_exponent","structural","absolute",2111,-0.000213584048032622,-0.000255231273336222,0.000379358951139533,-0.000914420381973979,-0.000454463506528668,-4.38617654463513e-05,0.000326181774689349,-0.00761226057812055,-2.07490985976055,-2.09399794525101,-2.05379902571431,2111,0.503079109426812,0.0994789199431549,0.0203694931312174,0.049265750828991,0.0502131691141639,-2.07477133455583,0.0280579002571869
"1871-1880",1871,1880,"spectrum_lcd_exponent","structural","absolute",2111,-0.000738490745688214,-0.000886690497759974,0.000534840719603615,-0.00182264771612606,-0.00121394555709964,-0.000556795721676107,-0.000179530716741594,-0.0263202427451446,-2.0757557641336,-2.09441005572148,-2.05451056140674,2111,0.502605400284226,0.0966366650876362,0.019895783988631,0.0497394599715775,0.0468972051160587,-2.07477133455583,0.0280579002571869
"1881-1890",1881,1890,"spectrum_lcd_exponent","structural","absolute",2111,-0.000654388640970005,-0.000842524644633932,0.000765937298777277,-0.00222275337318356,-0.00127463652881898,-0.000364104119706443,0.0002353352108313,-0.0233227944704232,-2.07554795623193,-2.09444120813698,-2.05456508409348,2111,0.500236854571293,0.0952155376598768,0.0189483657034581,0.049265750828991,0.0459497868308858,-2.07477133455583,0.0280579002571869
"1891-1900",1891,1900,"spectrum_lcd_exponent","structural","absolute",2111,-0.00120157650097985,-0.00146855257489335,0.000953860996899927,-0.00313316595092439,-0.0020531138757407,-0.000887458051214596,-0.000227185482656544,-0.0428248903148792,-2.07644799399212,-2.09495727037449,-2.05521897958472,2111,0.499763145428707,0.0937944102321175,0.0184746565608716,0.0506868782567504,0.0431075319753671,-2.07477133455583,0.0280579002571869
"1901-1910",1901,1910,"spectrum_lcd_exponent","structural","absolute",2111,-0.00108978050742525,-0.00141000352897339,0.00125958861455779,-0.00351443932485529,-0.00207133797215886,-0.000698080047092375,0.000198048003034579,-0.0388404156204138,-2.07628141117392,-2.0949800572667,-2.05543255812338,2111,0.500236854571293,0.0918995736617717,0.0189483657034581,0.0497394599715775,0.0421601136901942,-2.07477133455583,0.0280579002571869
"1911-1920",1911,1920,"spectrum_lcd_exponent","structural","absolute",2111,-0.00165237922569794,-0.00197452901210327,0.00315837501249944,-0.00441219114403313,-0.0028532281065865,-0.0012137948272597,-0.000265850218560404,-0.0588917634802231,-2.07705683431957,-2.09545309031218,-2.05609146735208,2111,0.502605400284226,0.0909521553765988,0.0194220748460445,0.0506868782567504,0.0402652771198484,-2.07477133455583,0.0280579002571869
"1921-1930",1921,1930,"spectrum_lcd_exponent","structural","absolute",2111,-0.00154004677386732,-0.00187208473387323,0.00374982449196729,-0.0048293961021848,-0.00288463563959618,-0.00101707062162459,0.000210765722880701,-0.0548881690985713,-2.0769072042547,-2.09549099330035,-2.05618015892525,2111,0.49928943628612,0.0904784462340123,0.0203694931312174,0.0497394599715775,0.0407389862624349,-2.07477133455583,0.0280579002571869
"1931-1940",1931,1940,"spectrum_lcd_exponent","structural","absolute",2111,-0.00665846023931449,-0.00987996516082035,0.0119160294777642,-0.0356120441381014,-0.011718548908374,-0.0037498206320663,-0.00167455894478219,-0.23731142310298,-2.08546418098432,-2.10249794753524,-2.06334804390613,2111,0.551871151113216,0.133112269066793,0.0360018948365703,0.103742302226433,0.02936996684036,-2.07477133455583,0.0280579002571869
"1941-1950",1941,1950,"spectrum_lcd_exponent","structural","absolute",2111,-0.0103773247350887,-0.0162325036267073,0.0192160115268554,-0.0582518529492815,-0.0219531750522577,-0.00543446314848617,-0.00210460792236988,-0.369853932046486,-2.09223346700858,-2.10858593793267,-2.06885938390761,2111,0.620558976788252,0.198484130743723,0.0909521553765988,0.171009000473709,0.0274751302700142,-2.07477133455583,0.0280579002571869
"1951-1960",1951,1960,"spectrum_lcd_exponent","structural","absolute",2111,-0.0140864985445317,-0.0214342029806594,0.0242318716429812,-0.0732587545974728,-0.0305285657936143,-0.00706880149156386,-0.00282945299293336,-0.502051059252857,-2.09768684077623,-2.11483050559991,-2.07318230636128,2111,0.671719564187589,0.25106584557082,0.121743249644718,0.22690667929891,0.024159166271909,-2.07477133455583,0.0280579002571869
"1961-1970",1961,1970,"spectrum_lcd_exponent","structural","absolute",2111,-0.0156811518132081,-0.0234586312900448,0.025753715536667,-0.0764075376042059,-0.0341258705976473,-0.0076576259684038,-0.00277918585611747,-0.558885435812019,-2.09961886627326,-2.11741840670712,-2.0747127173842,2111,0.69019422074846,0.279488394126007,0.141165324490763,0.256750355281857,0.0227380388441497,-2.07477133455583,0.0280579002571869
"1971-1980",1971,1980,"spectrum_lcd_exponent","structural","absolute",2111,-0.0199723105585172,-0.0265643332293877,0.0259126278192006,-0.0794051611976411,-0.0379355038311968,-0.00936852130730514,-0.00378866009597623,-0.711824847028652,-2.10232989113026,-2.12022731107477,-2.07896005742525,2111,0.695405021316911,0.29512079583136,0.157745144481288,0.284699194694458,0.0104216011369019,-2.07477133455583,0.0280579002571869
"1981-1990",1981,1990,"spectrum_lcd_exponent","structural","absolute",2111,-0.022145117138741,-0.0292982642775067,0.0274783231039565,-0.0817606294128344,-0.0427479111052933,-0.0102085162702568,-0.00403200070961951,-0.789264946262992,-2.10447278830857,-2.12264358437661,-2.08389478356123,2111,0.716248223590715,0.324017053529133,0.177167219327333,0.313595452392231,0.0104216011369019,-2.07477133455583,0.0280579002571869
"1991-2000",1991,2000,"spectrum_lcd_exponent","structural","absolute",2111,-0.0230547715820606,-0.0300824090089078,0.0274423964188415,-0.080172705586772,-0.0436667956770933,-0.0113780329644553,-0.00534872344514237,-0.821685563450359,-2.105318226501,-2.12340673958748,-2.08543943387473,2111,0.724774988157271,0.336333491236381,0.188536238749408,0.326385599242065,0.00994789199431549,-2.07477133455583,0.0280579002571869
"2001-2010",2001,2010,"spectrum_lcd_exponent","structural","absolute",2111,-0.0213476239431354,-0.028114443928906,0.0275359059032455,-0.0757583206346031,-0.0422436290193613,-0.00954190190042681,-0.00348527993234637,-0.760841821642277,-2.10398492456227,-2.12148289399238,-2.08393395527303,2111,0.716721932733302,0.317858834675509,0.177640928469919,0.305542396968261,0.0123164377072477,-2.07477133455583,0.0280579002571869
"1841-1850",1841,1850,"spectrum_lbnbiom_slope","structural","absolute",2111,0.000215895644531727,0.000226548815675835,0.000141656279268961,2.37784666512475e-07,0.000148538975903056,0.000300979319542871,0.000483442175991833,0.0142484681569169,-1.12518365916208,-1.13489588883209,-1.11332118232626,2111,0.502605400284226,0.104689720511606,0.0208432022738039,0.0502131691141639,0.054476551397442,-1.12537184378399,0.0151522003736887
"1851-1860",1851,1860,"spectrum_lbnbiom_slope","structural","absolute",2111,-0.000215895644531727,-0.000226548815675833,0.000141656279268969,-0.000483442175991833,-0.000300979319542982,-0.000148538975903056,-2.37784666512475e-07,-0.0142484681569169,-1.12557434283449,-1.13533811247152,-1.11393004811422,2111,0.50071056371388,0.0994789199431549,0.019895783988631,0.0511605873993368,0.0483183325438181,-1.12537184378399,0.0151522003736887
"1861-1870",1861,1870,"spectrum_lbnbiom_slope","structural","absolute",2111,6.293189407236e-05,0.000122120545603129,0.000403212658971651,-0.00045515164832266,-0.000130459335296429,0.000345625198593935,0.000838476580108272,0.00415331717640424,-1.12531917470775,-1.13506565803263,-1.11348245159873,2111,0.502605400284226,0.102321174798674,0.0208432022738039,0.0497394599715775,0.0525817148270962,-1.12537184378399,0.0151522003736887
"1871-1880",1871,1880,"spectrum_lbnbiom_slope","structural","absolute",2111,-0.000365894492178276,-0.000356103726309189,0.000550427121057349,-0.00120689465559942,-0.00066365232650778,-0.000104985825001958,0.000661351651894959,-0.0241479444011076,-1.12574165191472,-1.13546631113481,-1.11416298595824,2111,0.495499763145429,0.0990052108005685,0.0194220748460445,0.0516342965419233,0.0473709142586452,-1.12537184378399,0.0151522003736887
"1881-1890",1881,1890,"spectrum_lbnbiom_slope","structural","absolute",2111,-9.826559796422e-05,-2.45913021250714e-05,0.000788803264919206,-0.00121242299266022,-0.000466153715505069,0.000358973888085035,0.00141727361832167,-0.00648523617301518,-1.1254577939487,-1.13522772631017,-1.11381289820335,2111,0.496447181430602,0.0999526290857414,0.019895783988631,0.0497394599715775,0.0502131691141639,-1.12537184378399,0.0151522003736887
"1891-1900",1891,1900,"spectrum_lbnbiom_slope","structural","absolute",2111,-0.000541778258683179,-0.000504045636623283,0.000997964486078154,-0.0020276674431704,-0.0010456582576579,-7.56038454272634e-05,0.00129017105477047,-0.0357557480314186,-1.12594538855737,-1.13556348308192,-1.11429905138354,2111,0.493131217432496,0.0980577925153956,0.0194220748460445,0.0506868782567504,0.0473709142586452,-1.12537184378399,0.0151522003736887
"1901-1910",1901,1910,"spectrum_lbnbiom_slope","structural","absolute",2111,-0.000257835787173422,-0.000159529661584788,0.00143978766351123,-0.0020357497139335,-0.000837049697620329,0.000330357025471129,0.00202087375889126,-0.0170163923928267,-1.12570772987683,-1.13531733447911,-1.11401504449193,2111,0.495499763145429,0.0994789199431549,0.0213169114163903,0.0502131691141639,0.049265750828991,-1.12537184378399,0.0151522003736887
"1911-1920",1911,1920,"spectrum_lbnbiom_slope","structural","absolute",2111,-0.000712994067451955,-0.000538725189184952,0.00530351492039219,-0.00284494325847695,-0.00142434557581972,-4.61167885869029e-05,0.00193572784658369,-0.0470554803835651,-1.12613930290868,-1.1357174704471,-1.11462644994628,2111,0.497394599715774,0.0990052108005685,0.019895783988631,0.0516342965419233,0.0473709142586452,-1.12537184378399,0.0151522003736887
"1921-1930",1921,1930,"spectrum_lbnbiom_slope","structural","absolute",2111,-0.000403115725794212,-0.000132821286953076,0.00645959627570324,-0.00287144572563125,-0.00120615749431485,0.00035639906206586,0.00259787728813343,-0.0266044347258112,-1.12577917852252,-1.13534823807685,-1.11438669188872,2111,0.495499763145429,0.10279488394126,0.0227380388441497,0.0497394599715775,0.0530554239696826,-1.12537184378399,0.0151522003736887
"1931-1940",1931,1940,"spectrum_lbnbiom_slope","structural","absolute",2111,-0.00306187277680858,-0.00313239435258456,0.0107933416539217,-0.012097314661802,-0.00485104853557239,-0.00159974121678363,0.00110627110674089,-0.202074464519716,-1.12892961628689,-1.13872124146194,-1.11764306755724,2111,0.514448128848887,0.111321648507816,0.0288962576977736,0.0772145902415917,0.0341070582662245,-1.12537184378399,0.0151522003736887
"1941-1950",1941,1950,"spectrum_lbnbiom_slope","structural","absolute",2111,-0.00754976775939609,-0.00711787638065105,0.0156194593130957,-0.0215721153105666,-0.0102871218411817,-0.00373172604135974,0.00113958860311103,-0.498262138382622,-1.13325159826527,-1.14343895483645,-1.12184051300877,2111,0.569872098531502,0.208432022738039,0.0473709142586452,0.179062055897679,0.02936996684036,-1.12537184378399,0.0151522003736887
"1951-1960",1951,1960,"spectrum_lbnbiom_slope","structural","absolute",2111,-0.0150016076016857,-0.0136447211902551,0.0195658581317372,-0.0313469312947422,-0.0193129994098646,-0.00841648893067848,-0.00152009576241185,-0.990061326520965,-1.14011512519358,-1.15054741827847,-1.12863979530601,2111,0.699668403600189,0.360966366650876,0.127901468498342,0.343439128375178,0.0175272382756987,-1.12537184378399,0.0151522003736887
"1961-1970",1961,1970,"spectrum_lbnbiom_slope","structural","absolute",2111,-0.0169216668460697,-0.0157180592022102,0.020573153034029,-0.0349338606790459,-0.0219210792907155,-0.0101572726389997,-0.00167333872272579,-1.11677950586329,-1.14229925291381,-1.15298884724498,-1.1306798212681,2111,0.734249171009,0.4126006631928,0.162008526764567,0.395547134059687,0.0170535291331123,-1.12537184378399,0.0151522003736887
"1971-1980",1971,1980,"spectrum_lbnbiom_slope","structural","absolute",2111,-0.0202576110541179,-0.0190562441069056,0.0209773333671503,-0.0385569996287177,-0.0256121681636483,-0.014056571517874,-0.00427722350907189,-1.3369418668258,-1.14591783664332,-1.15619649183051,-1.13429217971486,2111,0.781146376125059,0.491710090004737,0.230222643297016,0.479393652297489,0.0123164377072477,-1.12537184378399,0.0151522003736887
"1981-1990",1981,1990,"spectrum_lbnbiom_slope","structural","absolute",2111,-0.0234454120502843,-0.0220947801771202,0.0221578937396642,-0.0424614780890631,-0.0292817046771059,-0.017024002148332,-0.00651079362298368,-1.54732721796608,-1.14912107450476,-1.1589707634507,-1.13781933133337,2111,0.834675509237328,0.567029843675983,0.297963050686878,0.556608242539081,0.0104216011369019,-1.12537184378399,0.0151522003736887
"1991-2000",1991,2000,"spectrum_lbnbiom_slope","structural","absolute",2111,-0.0230948595653706,-0.0216011178974396,0.0242732159508519,-0.041844660347689,-0.0289322790300526,-0.0170897350414491,-0.00663386059536086,-1.52419180025326,-1.14901736511414,-1.15824731523138,-1.13853203194987,2111,0.84509711037423,0.570345807674088,0.275698720985315,0.558503079109427,0.0118427285646613,-1.12537184378399,0.0151522003736887
"2001-2010",2001,2010,"spectrum_lbnbiom_slope","structural","absolute",2111,-0.0208331762682645,-0.019020462643787,0.0257856593016681,-0.0385603378099594,-0.0268024598172961,-0.0145634991625915,-0.004156749703912,-1.37492745307412,-1.14666456479879,-1.15594480755095,-1.13615282034923,2111,0.807200378967314,0.511132164850782,0.227380388441497,0.497394599715774,0.0137375651350071,-1.12537184378399,0.0151522003736887
"1841-1850",1841,1850,"mean_weight","structural","absolute",2111,-0.0401286107204442,1.9276746665338,9.02351329937597,-0.508608585219392,-0.273340158438707,0.311674505905103,9.48571231232827,-9.76622448495535e-05,261.098024974079,227.149849236305,294.609024412278,2111,0.50071056371388,0.0990052108005685,0.0203694931312174,0.0487920416864045,0.0502131691141639,261.10741319016,410.891750258878
"1851-1860",1851,1860,"mean_weight","structural","absolute",2111,0.040128610720501,-1.9276746665338,9.02351329937599,-9.48571231232825,-0.311674505905131,0.273340158438707,0.508608585219392,9.76622448496918e-05,261.021135732638,227.380954925981,294.686121991073,2111,0.49928943628612,0.100426338228328,0.0184746565608716,0.0506868782567504,0.0497394599715775,261.10741319016,410.891750258878
"1861-1870",1861,1870,"mean_weight","structural","absolute",2111,-1.25962224977445,-6.6410688211101,25.3317969449239,-29.9779113667214,-1.83290652058568,-0.59776316426732,0.785265106496567,-0.00306558174745742,259.509743152475,225.84283384662,293.574930387495,2111,0.497868308858361,0.0966366650876362,0.0156324017053529,0.0473709142586452,0.049265750828991,261.10741319016,410.891750258878
"1871-1880",1871,1880,"mean_weight","structural","absolute",2111,0.361121866422366,-8.79071299193406,41.4421042979526,-44.1539444698835,-0.800070310346037,0.928942982112218,1.99700217670491,0.000878873489659611,261.279117449889,227.627942887099,294.974203063844,2111,0.49928943628612,0.0966366650876362,0.0161061108479394,0.0487920416864045,0.0478446234012316,261.10741319016,410.891750258878
"1881-1890",1881,1890,"mean_weight","structural","absolute",2111,-1.07601956287402,-13.3578140737543,56.7303414680784,-63.6229655315887,-2.27479319182632,-0.131905074918961,2.32151579356275,-0.00261874219230756,259.615616796498,225.875896813762,293.613790371894,2111,0.496447181430602,0.0923732828043581,0.0151586925627665,0.0487920416864045,0.0435812411179536,261.10741319016,410.891750258878
"1891-1900",1891,1900,"mean_weight","structural","absolute",2111,0.527350645620288,-15.3002050440853,72.1725412947991,-76.8997993968511,-1.25569992641228,1.45976752219883,3.56280728403145,0.00128342962663046,261.211654653631,227.310970633978,294.501317918976,2111,0.498815727143534,0.0914258645191852,0.01468498342018,0.0483183325438181,0.0431075319753671,261.10741319016,410.891750258878
"1901-1910",1901,1910,"mean_weight","structural","absolute",2111,-0.920662042658108,-19.7880478376385,88.3859931014166,-95.1162547173096,-2.76530167641576,0.365036520414719,3.73848884000157,-0.00224064377558823,259.471692281652,225.848489960206,293.217737154033,2111,0.495026054002842,0.089057318806253,0.0127901468498342,0.0483183325438181,0.0407389862624349,261.10741319016,410.891750258878
"1911-1920",1911,1920,"mean_weight","structural","absolute",2111,0.705647557494586,-21.767984075348,107.36086853869,-107.366050676145,-1.76402346631112,2.03068683109211,5.14047098982317,0.0017173563524943,261.152420781009,227.537702013282,294.273268127663,2111,0.494078635717669,0.0871624822359072,0.0127901468498342,0.0478446234012316,0.0393178588346755,261.10741319016,410.891750258878
"1921-1930",1921,1930,"mean_weight","structural","absolute",2111,-0.782618287171772,-26.048238822035,120.756048350069,-124.431246694005,-3.23115477176012,0.931140415451651,5.3011932391225,-0.00190468240522885,259.39534032277,226.01577903464,293.15094526298,2111,0.493131217432496,0.0857413548081478,0.0118427285646613,0.0478446234012316,0.0378967314069162,261.10741319016,410.891750258878
"1931-1940",1931,1940,"mean_weight","structural","absolute",2111,1.29989596304,-27.077652857684,135.339961679729,-136.838933733002,-2.77465800166621,4.36140060083379,14.3154683299278,0.00316359713287262,261.851675033952,229.888188634201,294.489362477242,2111,0.488394126006632,0.0757934628138323,0.00947418285172904,0.0407389862624349,0.0350544765513974,261.10741319016,410.891750258878
"1941-1950",1941,1950,"mean_weight","structural","absolute",2111,0.806070552854464,-28.6585727851255,150.67115019231,-181.666314829596,-3.85746098412878,6.54886759287476,33.6062997040166,0.00196175891179759,262.480525789641,231.967509120365,293.281474259967,2111,0.458550450023685,0.0667929891046897,0.00805305542396968,0.0331596399810516,0.0336333491236381,261.10741319016,410.891750258878
"1951-1960",1951,1960,"mean_weight","structural","absolute",2111,2.56831533094314,-29.9843076514752,160.494700703645,-194.336858289035,-3.85358844807178,8.48609329638488,38.9251706864265,0.00625058869963925,263.016471859676,233.448617886108,293.346940682466,2111,0.44860255802937,0.0615821885362388,0.00710563713879678,0.0298436759829465,0.0317385125532923,261.10741319016,410.891750258878
"1961-1970",1961,1970,"mean_weight","structural","absolute",2111,1.50107915454862,-33.5087732948828,173.516617611096,-210.434429138951,-5.11866840221066,7.95865516526285,42.1144565216148,0.00365322290750028,261.97507197406,233.343523192406,292.65498378016,2111,0.437707247749882,0.0577925153955471,0.00615821885362387,0.0270014211274278,0.0307910942681194,261.10741319016,410.891750258878
"1971-1980",1971,1980,"mean_weight","structural","absolute",2111,3.13685828104519,-57.8039551362502,285.426512214886,-311.42992632537,-4.81171813757328,9.57048945244418,45.3208567667117,0.00763426931562594,262.638637418947,234.430030703523,290.723925655453,2111,0.418285172903837,0.0383704405495026,0.00331596399810516,0.0265277119848413,0.0118427285646613,261.10741319016,410.891750258878
"1981-1990",1981,1990,"mean_weight","structural","absolute",2111,0.825654777291106,-75.5474039770223,353.736521525988,-409.158470717642,-8.15267988416169,8.23449347523173,44.4574526657462,0.00200942164638475,257.665840603187,230.425237223144,282.540385605892,2111,0.378967314069162,0.0322122216958787,0.00236854571293226,0.0270014211274278,0.00521080056845097,261.10741319016,410.891750258878
"1991-2000",1991,2000,"mean_weight","structural","absolute",2111,0.579298994265969,-77.0535316013419,359.508895319561,-410.36882158555,-8.65030999224408,7.814671716608,46.0090303858594,0.00140985793436103,257.784244379186,230.762847561592,281.603033851163,2111,0.364282330648982,0.0303173851255329,0.00236854571293226,0.0255802936996684,0.00473709142586452,261.10741319016,410.891750258878
"2001-2010",2001,2010,"mean_weight","structural","absolute",2111,3.66115533513153,-74.6208757693779,363.424288985967,-403.159832627787,-4.60996844584169,11.4195586832404,47.913671717719,0.00891026732180641,260.642243995664,233.395187905163,285.602093853009,2111,0.384651823780199,0.0298436759829465,0.00189483657034581,0.025106584557082,0.00473709142586452,261.10741319016,410.891750258878
"1841-1850",1841,1850,"mean_max_weight","structural","absolute",2111,11807.30826869,26117.2395704443,33703.9275757407,378.06792727203,5956.27452956274,30622.3788762426,107340.861908058,0.00163114373825805,1757480.31056871,1066237.02474963,4772407.29647096,2111,0.496920890573188,0.101373756513501,0.0208432022738039,0.0502131691141639,0.0511605873993368,1747142.67544964,7238668.17604891
"1851-1860",1851,1860,"mean_max_weight","structural","absolute",2111,-11807.30826869,-26117.2395704443,33703.9275757407,-107340.861908056,-30622.3788762423,-5956.27452956256,-378.067927272001,-0.00163114373825805,1736805.04033057,1054733.35275011,4709056.60815886,2111,0.501657981999053,0.0999526290857414,0.0203694931312174,0.0502131691141639,0.0497394599715775,1747142.67544964,7238668.17604891
"1861-1870",1861,1870,"mean_max_weight","structural","absolute",2111,-32211.9016503417,-74332.2000167922,95990.8501032668,-313371.979875589,-87739.2436589422,-17196.6716073209,-1280.15102384458,-0.0044499762755977,1714648.29268183,1042626.05032512,4647622.54850258,2111,0.502605400284226,0.0990052108005685,0.019895783988631,0.0497394599715775,0.049265750828991,1747142.67544964,7238668.17604891
"1871-1880",1871,1880,"mean_max_weight","structural","absolute",2111,-52665.8110428641,-120665.202526541,154461.726940936,-498293.486356204,-142811.579630966,-27164.0726173535,-1255.58937370927,-0.00727562166989823,1692439.6601663,1031654.00538075,4599437.08647873,2111,0.503079109426812,0.0980577925153956,0.0194220748460445,0.0506868782567504,0.0473709142586452,1747142.67544964,7238668.17604891
"1881-1890",1881,1890,"mean_max_weight","structural","absolute",2111,-72027.4243872575,-168215.453567548,216060.042498537,-693516.142503064,-200527.435727887,-38715.0512561834,-2342.63650221858,-0.00995036968617788,1677562.16837762,1022339.4009193,4537419.8091211,2111,0.506395073424917,0.0980577925153956,0.0184746565608716,0.0511605873993368,0.0468972051160587,1747142.67544964,7238668.17604891
"1891-1900",1891,1900,"mean_max_weight","structural","absolute",2111,-92533.0301871279,-214314.61072471,274984.455590325,-888430.327655839,-254157.974385952,-47845.4324845444,-2219.97893109813,-0.0127831567819752,1658093.44519056,1011802.38754867,4483125.88170799,2111,0.507816200852676,0.0961629559450497,0.0180009474182852,0.0511605873993368,0.0450023685457129,1747142.67544964,7238668.17604891
"1901-1910",1901,1910,"mean_max_weight","structural","absolute",2111,-110940.525509916,-261831.100073548,337178.060267592,-1078666.41980846,-310856.648740216,-58956.5685811105,-3333.66963583115,-0.0153260962944804,1634882.51611648,1002039.86485219,4430162.20898167,2111,0.509711037423022,0.0952155376598768,0.0180009474182852,0.0521080056845097,0.0431075319753671,1747142.67544964,7238668.17604891
"1911-1920",1911,1920,"mean_max_weight","structural","absolute",2111,-131489.162820379,-308756.282088783,400991.623001262,-1280939.61817535,-361531.881238995,-67909.544462055,-3421.06318583875,-0.0181648280626326,1609497.11672749,991977.785869718,4371537.36442117,2111,0.513500710563714,0.0956892468024633,0.0170535291331123,0.0530554239696826,0.0426338228327807,1747142.67544964,7238668.17604891
"1921-1930",1921,1930,"mean_max_weight","structural","absolute",2111,-149163.336164561,-356796.922764347,465472.513173608,-1478779.25877794,-420831.32154011,-78604.8051339744,-4489.20693341561,-0.020606461373393,1585094.63660857,982632.992782389,4321621.926485,2111,0.517290383704405,0.0947418285172904,0.0175272382756987,0.0525817148270962,0.0421601136901942,1747142.67544964,7238668.17604891
"1931-1940",1931,1940,"mean_max_weight","structural","absolute",2111,-518835.628871468,-1364978.08577811,2581833.85201741,-5360493.39278837,-1284283.85727639,-228156.406573001,-31138.7975317178,-0.0716755646554122,1222866.86740235,647569.816913426,3103251.72952059,2111,0.613927048792042,0.134059687351966,0.0336333491236381,0.109900521080057,0.024159166271909,1747142.67544964,7238668.17604891
"1941-1950",1941,1950,"mean_max_weight","structural","absolute",2111,-750047.424941869,-1949540.16950028,3570391.15338651,-7852191.62110772,-1887171.48352417,-333101.558439893,-55077.2247925609,-0.103616771303816,961654.924480022,439011.287744507,2346145.68185963,2111,0.693036475603979,0.222169587873046,0.116532449076267,0.205116058739934,0.0170535291331123,1747142.67544964,7238668.17604891
"1951-1960",1951,1960,"mean_max_weight","structural","absolute",2111,-883952.834109477,-2241764.9199653,3975655.76778112,-9285241.36487408,-2219477.65224133,-396093.362338907,-66984.174241547,-0.122115396452938,788805.623410906,324528.676574995,1965789.91012984,2111,0.732354334438655,0.264803410705827,0.150165798199905,0.252013263855992,0.0127901468498342,1747142.67544964,7238668.17604891
"1961-1970",1961,1970,"mean_max_weight","structural","absolute",2111,-953321.610345981,-2408311.24455426,4209077.09480483,-10038585.0092801,-2397203.99925342,-434315.985536694,-74459.3683738735,-0.13169848198047,722106.937769978,282014.815209255,1798055.7848663,2111,0.747039317858835,0.303173851255329,0.174798673614401,0.290383704405495,0.0127901468498342,1747142.67544964,7238668.17604891
"1971-1980",1971,1980,"mean_max_weight","structural","absolute",2111,-1021261.59208299,-2486516.84797281,4241693.71578909,-10283980.5745215,-2537920.23844059,-458309.70095418,-74598.2602134958,-0.141084183892018,677319.420866892,267218.861949267,1618430.95014584,2111,0.769777356702984,0.315490288962577,0.185220274751303,0.303173851255329,0.0123164377072477,1747142.67544964,7238668.17604891
"1981-1990",1981,1990,"mean_max_weight","structural","absolute",2111,-1042666.04155901,-2537515.45317455,4252519.74586774,-10339385.9271239,-2664061.77827542,-464765.232544555,-77206.1124655031,-0.144041143508823,621839.191196951,239893.760635144,1513441.44892467,2111,0.789199431549029,0.333964945523449,0.205116058739934,0.321648507816201,0.0123164377072477,1747142.67544964,7238668.17604891
"1991-2000",1991,2000,"mean_max_weight","structural","absolute",2111,-1082332.79458837,-2616013.13258041,4307591.48737603,-10562919.4496145,-2797806.77726863,-488463.220973425,-86933.814742283,-0.149520984836625,598393.234966815,229940.447434073,1458111.81703592,2111,0.796778777830412,0.336807200378967,0.208432022738039,0.325438180956892,0.0113690194220748,1747142.67544964,7238668.17604891
"2001-2010",2001,2010,"mean_max_weight","structural","absolute",2111,-1078118.40751265,-2586980.23131021,4282431.09960158,-10501416.1040954,-2765450.66354712,-479629.227368008,-77821.0333224622,-0.148938780075581,604971.007722076,234538.925447397,1463252.33992962,2111,0.794883941260066,0.334912363808621,0.208432022738039,0.323543344386547,0.0113690194220748,1747142.67544964,7238668.17604891
"1841-1850",1841,1850,"predator_prey_ratio","structural","absolute",2111,2.69407046524783e-05,0.000717221289863927,0.00271079835255418,1.00149654664564e-06,8.8731175582567e-06,0.000155812485799501,0.00350394526241432,0.00013463144920988,0.0049042996216064,0.00342456403945746,0.0147950320966766,2111,0.495973472288015,0.0999526290857414,0.0203694931312174,0.049265750828991,0.0506868782567504,0.00488253211909796,0.200107068672193
"1851-1860",1851,1860,"predator_prey_ratio","structural","absolute",2111,-2.6648496874373e-05,-0.000710704297627401,0.0026802644024323,-0.00349903597471729,-0.000154845576721943,-8.84989065448507e-06,-9.99252019340301e-07,-0.000133171192058325,0.00485826572126233,0.00341203510347824,0.0143464021761928,2111,0.502605400284226,0.100426338228328,0.0194220748460445,0.0506868782567504,0.0497394599715775,0.00488253211909796,0.200107068672193
"1861-1870",1861,1870,"predator_prey_ratio","structural","absolute",2111,-4.63399403963921e-05,-0.00178751570472458,0.00716482338797359,-0.00793172664326382,-0.00032295241185516,-4.83936085876298e-06,1.74530045565491e-05,-0.000231575729452638,0.00483557862809012,0.0034206159578269,0.0141058178450921,2111,0.49928943628612,0.101373756513501,0.0189483657034581,0.0516342965419233,0.0497394599715775,0.00488253211909796,0.200107068672193
"1871-1880",1871,1880,"predator_prey_ratio","structural","absolute",2111,-0.00011647825925441,-0.00335727241523238,0.0128824953677624,-0.0163329385094259,-0.000693756841461674,-3.36320283909201e-05,2.88777755128099e-06,-0.000582079683777789,0.00476840930477096,0.00339492922408527,0.013763183301316,2111,0.506395073424917,0.100900047370914,0.0170535291331123,0.0535291331122691,0.0473709142586452,0.00488253211909796,0.200107068672193
"1881-1890",1881,1890,"predator_prey_ratio","structural","absolute",2111,-0.000129993820692601,-0.00435388852868051,0.0170272573355132,-0.0203607535725835,-0.000841968044420423,-2.70547830878458e-05,2.13585120153088e-05,-0.000649621332995245,0.00478245852471965,0.00340484800065983,0.0135855397900939,2111,0.502605400284226,0.0994789199431549,0.0137375651350071,0.0530554239696826,0.0464234959734723,0.00488253211909796,0.200107068672193
"1891-1900",1891,1900,"predator_prey_ratio","structural","absolute",2111,-0.000198390512150563,-0.00582925270672632,0.0223653994935606,-0.0282863060496107,-0.00118880665030374,-5.52039709259215e-05,8.79091185773803e-06,-0.000991421809669095,0.00472073598827972,0.00337472823969774,0.0132610130794684,2111,0.507816200852676,0.098531501657982,0.0123164377072477,0.0540028422548555,0.0445286594031265,0.00488253211909796,0.200107068672193
"1901-1910",1901,1910,"predator_prey_ratio","structural","absolute",2111,-0.000212047708175302,-0.00676564811359426,0.0262030961115671,-0.0321509689064399,-0.00134447151710823,-4.82748978480939e-05,2.58208260226773e-05,-0.00105967125290646,0.00473872064256347,0.00338244946541531,0.0130941498259418,2111,0.505447655139744,0.0980577925153956,0.0118427285646613,0.0540028422548555,0.04405495026054,0.00488253211909796,0.200107068672193
"1911-1920",1911,1920,"predator_prey_ratio","structural","absolute",2111,-0.000274351919614243,-0.00816322394564217,0.0312044738191865,-0.0399511156056344,-0.0016727151503276,-7.56676665197432e-05,1.46319520498038e-05,-0.00137102562860323,0.00466816745677257,0.00335904733646871,0.0127519202090777,2111,0.508763619137849,0.098531501657982,0.0118427285646613,0.0558976788252013,0.0426338228327807,0.00488253211909796,0.200107068672193
"1921-1930",1921,1930,"predator_prey_ratio","structural","absolute",2111,-0.000290245842345396,-0.00904209370528156,0.0347643050489793,-0.0430491161767844,-0.00185242790557838,-6.88990079703935e-05,3.22840767648029e-05,-0.00145045272149214,0.00465277922735268,0.00337122211420531,0.0124291044711126,2111,0.504500236854571,0.0956892468024633,0.0118427285646613,0.0563713879677878,0.0393178588346755,0.00488253211909796,0.200107068672193
"1931-1940",1931,1940,"predator_prey_ratio","structural","absolute",2111,-0.00123401749680687,-0.0224911406749793,0.0862841398907263,-0.124159206925175,-0.00464870716359116,-0.000600040651081122,-0.000164090162659102,-0.00616678613601796,0.00369724049111694,0.00284787732821961,0.00983760851559097,2111,0.641402179062056,0.245381335859782,0.0426338228327807,0.218379914732354,0.0270014211274278,0.00488253211909796,0.200107068672193
"1941-1950",1941,1950,"predator_prey_ratio","structural","absolute",2111,-0.00261182810985573,-0.0426490501977872,0.160693747976559,-0.232235392202889,-0.00855820856649582,-0.00147218449973952,-0.000421367907899648,-0.0130521531657351,0.00241284515422766,0.0017046347947664,0.00521642765873522,2111,0.827569872098532,0.585504500236855,0.428706774040739,0.580293699668404,0.00521080056845097,0.00488253211909796,0.200107068672193
"1951-1960",1951,1960,"predator_prey_ratio","structural","absolute",2111,-0.00313135682782346,-0.0505252794335769,0.184490364016013,-0.281204408194558,-0.0106928316731182,-0.00185006037808851,-0.000732997789968297,-0.0156484068683907,0.00170194397285,0.00128186141319725,0.00305426051789767,2111,0.862150639507342,0.716721932733302,0.628138323069635,0.715300805305542,0.00142112742775936,0.00488253211909796,0.200107068672193
"1961-1970",1961,1970,"predator_prey_ratio","structural","absolute",2111,-0.00323414327274091,-0.0521295752823631,0.188552775994001,-0.285338910124173,-0.0112536689605396,-0.00191388376709502,-0.000848086259500477,-0.0161620641099838,0.00151810825714342,0.00123275580321306,0.00242275216546673,2111,0.898626243486499,0.792515395547134,0.709142586451919,0.791094268119375,0.00142112742775936,0.00488253211909796,0.200107068672193
"1971-1980",1971,1980,"predator_prey_ratio","structural","absolute",2111,-0.00328010287707155,-0.0526393632561536,0.189537287751527,-0.285407077390909,-0.0113875747672388,-0.00196965830580586,-0.000931469976126301,-0.0163917391766149,0.00145341514223487,0.00119212669907105,0.00224466258807814,2111,0.910942681193747,0.813358597820938,0.739459971577451,0.811937470393179,0.00142112742775936,0.00488253211909796,0.200107068672193
"1981-1990",1981,1990,"predator_prey_ratio","structural","absolute",2111,-0.0035318144616163,-0.0530016671278679,0.189929212758187,-0.285692403295953,-0.0116103127852984,-0.00214561333047805,-0.0010911880169708,-0.0176496236992107,0.00130634304789391,0.00101985261324096,0.00203448644772194,2111,0.921837991473235,0.842728564661298,0.772619611558503,0.841307437233539,0.00142112742775936,0.00488253211909796,0.200107068672193
"1991-2000",1991,2000,"predator_prey_ratio","structural","absolute",2111,-0.00354023342071111,-0.0531882238096979,0.190145573047648,-0.28580551822875,-0.0117213184104853,-0.00215698697424392,-0.00112385558076084,-0.017691695971573,0.00128656871020306,0.00100971757191229,0.00199882686041614,2111,0.926101373756513,0.847939365229749,0.778777830412127,0.84651823780199,0.00142112742775936,0.00488253211909796,0.200107068672193
"2001-2010",2001,2010,"predator_prey_ratio","structural","absolute",2111,-0.00349346405368187,-0.0531876453120312,0.190189524965007,-0.285720891239655,-0.011641835244667,-0.00211524604700454,-0.00107999745134479,-0.0174579742577946,0.00133587619906497,0.00105079353143949,0.00204439368243326,2111,0.922311700615822,0.842728564661298,0.769777356702984,0.841307437233539,0.00142112742775936,0.00488253211909796,0.200107068672193
"1841-1850",1841,1850,"consumer_ltl_ratio","structural","absolute",2111,0.000132457839538469,0.00136271169741443,0.00484684575532158,-0.000228375763041508,-4.20749508892038e-05,0.000614298594821053,0.00661967957264054,0.000488054135364804,0.209789377172683,0.176928547703687,0.262781412380971,2111,0.502131691141639,0.101373756513501,0.0217906205589768,0.0511605873993368,0.0502131691141639,0.209477172412484,0.271399891816225
"1851-1860",1851,1860,"consumer_ltl_ratio","structural","absolute",2111,-0.000132432540521477,-0.0013580673431825,0.00482035234597278,-0.0065966300805903,-0.000613447052812868,4.20272029152124e-05,0.000228716296114886,-0.000487960918610651,0.209448931853907,0.176827572470075,0.261615063376629,2111,0.500236854571293,0.0990052108005685,0.0189483657034581,0.0497394599715775,0.049265750828991,0.209477172412484,0.271399891816225
"1861-1870",1861,1870,"consumer_ltl_ratio","structural","absolute",2111,-0.00133630411686458,-0.00487688801186698,0.014020616149128,-0.0201641038951781,-0.00282145094233412,-0.000854706665623581,-0.000358152211525777,-0.00492374594522479,0.208142810673648,0.175892888136503,0.259891371586345,2111,0.502605400284226,0.0994789199431549,0.0194220748460445,0.0516342965419233,0.0478446234012316,0.209477172412484,0.271399891816225
"1871-1880",1871,1880,"consumer_ltl_ratio","structural","absolute",2111,-0.000440948358296223,-0.00652044341059362,0.0233212552369775,-0.0317025032182318,-0.00300021490234217,-3.70506583335928e-06,0.000346372210232218,-0.00162471825373757,0.209105579917963,0.176470877255221,0.259771457328315,2111,0.495973472288015,0.0966366650876362,0.0180009474182852,0.0497394599715775,0.0468972051160587,0.209477172412484,0.271399891816225
"1881-1890",1881,1890,"consumer_ltl_ratio","structural","absolute",2111,-0.00166820896203146,-0.0100239119646891,0.0330654450170069,-0.043846844529731,-0.00517315955685192,-0.000972963545749175,-0.000355414452300057,-0.00614668248711413,0.207681734689153,0.175603422410337,0.257974161554171,2111,0.499763145428707,0.0971103742302226,0.0175272382756987,0.0516342965419233,0.0454760776882994,0.209477172412484,0.271399891816225
"1891-1900",1891,1900,"consumer_ltl_ratio","structural","absolute",2111,-0.000847534586446597,-0.011703700870235,0.0442372992260334,-0.0549714574014743,-0.00530341747885688,-0.000122399040488191,0.000428844263589925,-0.00312282580797967,0.208189480667341,0.175836616866011,0.257704827181426,2111,0.494552344860256,0.0937944102321175,0.0170535291331123,0.0502131691141639,0.0435812411179536,0.209477172412484,0.271399891816225
"1901-1910",1901,1910,"consumer_ltl_ratio","structural","absolute",2111,-0.00201479766435103,-0.015385786550201,0.0592582544883442,-0.066369883453074,-0.00749493824923225,-0.00108370500087904,-0.000299880084146109,-0.00742372316682914,0.206657155945986,0.175298170928427,0.255336067419268,2111,0.494552344860256,0.0942681193747039,0.0180009474182852,0.0516342965419233,0.0426338228327807,0.209477172412484,0.271399891816225
"1911-1920",1911,1920,"consumer_ltl_ratio","structural","absolute",2111,-0.00122095874864508,-0.0173150715185186,0.0762458359317202,-0.0769369724902499,-0.00753368807621327,-0.000217101232713651,0.000511440145694125,-0.00449874441907236,0.207770241443742,0.17569127493765,0.255898233652902,2111,0.489815253434391,0.0914258645191852,0.0165798199905258,0.0502131691141639,0.0412126954050213,0.209477172412484,0.271399891816225
"1921-1930",1921,1930,"consumer_ltl_ratio","structural","absolute",2111,-0.00236284956463065,-0.0209951550667172,0.0862381442823106,-0.0877798649650418,-0.00970991263083583,-0.00118017827468812,-0.000239755853109536,-0.0087061551455246,0.206521177704031,0.174961360522192,0.253445378537068,2111,0.489815253434391,0.0909521553765988,0.0189483657034581,0.0525817148270962,0.0383704405495026,0.209477172412484,0.271399891816225
"1931-1940",1931,1940,"consumer_ltl_ratio","structural","absolute",2111,-0.00569776469470018,-0.0330388325622466,0.102937407735126,-0.138439321380228,-0.0225030815074163,-0.00160788874275075,-0.000135961303929788,-0.020993982925234,0.201913803925968,0.172072450812458,0.242598452997134,2111,0.471814306016106,0.0942681193747039,0.0180009474182852,0.0606347702510658,0.0336333491236381,0.209477172412484,0.271399891816225
"1941-1950",1941,1950,"consumer_ltl_ratio","structural","absolute",2111,-0.00809792172935586,-0.0398095972465803,0.114602246445042,-0.157807156511514,-0.0297066432430033,-0.00311568813078758,-0.00109185479007472,-0.0298376011691238,0.198481462269524,0.169846893228373,0.234069628759129,2111,0.467550923732828,0.0947418285172904,0.0194220748460445,0.0630033159639981,0.0317385125532923,0.209477172412484,0.271399891816225
"1951-1960",1951,1960,"consumer_ltl_ratio","structural","absolute",2111,-0.00847019114891578,-0.0436648238219707,0.121203149894049,-0.173114598643251,-0.0341608706319719,-0.00270874870755135,-0.000471693999141029,-0.0312092650156665,0.197457094724782,0.169069747030879,0.228692581746962,2111,0.466129796305069,0.0918995736617717,0.0184746565608716,0.0630033159639981,0.0288962576977736,0.209477172412484,0.271399891816225
"1961-1970",1961,1970,"consumer_ltl_ratio","structural","absolute",2111,-0.00986488204982811,-0.0476926454803164,0.12801634709917,-0.18927648798831,-0.0370399575271159,-0.00384760262946908,-0.00136928724098399,-0.0363481428964901,0.196227831727481,0.167640561846511,0.22633528693828,2111,0.470866887730933,0.0928469919469446,0.0194220748460445,0.0658455708195168,0.0270014211274278,0.209477172412484,0.271399891816225
"1971-1980",1971,1980,"consumer_ltl_ratio","structural","absolute",2111,-0.00843691214962589,-0.0634074850485612,0.189456649615289,-0.269839775741095,-0.0406397819781794,-0.00242647150153061,-6.49532905410699e-05,-0.0310866452199577,0.196871830461391,0.167789866132284,0.22538834313903,2111,0.445760303173851,0.078635717669351,0.0170535291331123,0.0672666982472762,0.0113690194220748,0.209477172412484,0.271399891816225
"1981-1990",1981,1990,"consumer_ltl_ratio","structural","absolute",2111,-0.0118031800442192,-0.0769176868458287,0.228854704010695,-0.334495144786417,-0.044861219834655,-0.00544310988939009,-0.00267863125350941,-0.0434899953910503,0.190183022762687,0.163089280405843,0.216619698232432,2111,0.459024159166272,0.0923732828043581,0.025106584557082,0.0847939365229749,0.00757934628138323,0.209477172412484,0.271399891816225
"1991-2000",1991,2000,"consumer_ltl_ratio","structural","absolute",2111,-0.0137312927913846,-0.0799413646756828,0.233357270218824,-0.353314689181847,-0.0461709350865564,-0.00679751545449472,-0.00169078980134243,-0.0505943193252359,0.188144781719923,0.162783810584568,0.212968998036742,2111,0.461392704879204,0.0847939365229749,0.0232117479867361,0.0776882993841781,0.00710563713879678,0.209477172412484,0.271399891816225
"2001-2010",2001,2010,"consumer_ltl_ratio","structural","absolute",2111,-0.0107108572238095,-0.0779573839157913,0.235900784430036,-0.346979601890357,-0.0436533260655199,-0.00460336567304138,-0.00180970680716409,-0.0394652228935385,0.191092500794966,0.163526153243541,0.217227831252031,2111,0.443865466603505,0.0909521553765988,0.0284225485551871,0.0847939365229749,0.00615821885362387,0.209477172412484,0.271399891816225
