"decade","start_year","end_year","metric_name","metric_category","comparison","n_sims","diff_median","diff_mean","diff_sd","diff_q05","diff_q25","diff_q75","diff_q95","z_median","value_median","value_q25","value_q75","n_valid","prop_outside_b0_50","prop_outside_b0_90","prop_outside_b0_98","prop_below_b0_q05","prop_above_b0_q95","b0_median","b0_sd"
"1841-1850",1841,1850,"spectrum_slope","structural","climate",2111,0.000186720443710486,0.000190884313714532,0.000131213765128037,-3.69109787657917e-05,0.000128760816851869,0.000249661605114748,0.000430151239214527,0.0158995119871488,-1.15979043883123,-1.16802258995102,-1.15101080002143,2111,0.503079109426812,0.10279488394126,0.0213169114163903,NA,NA,-1.15995027326598,0.0117437845803952
"1851-1860",1851,1860,"spectrum_slope","structural","climate",2111,-0.000186720443710708,-0.000190884313714533,0.00013121376512804,-0.000430151239214527,-0.000249661605114526,-0.00012876081685198,3.69109787659028e-05,-0.0158995119871677,-1.16013527390861,-1.16827986719383,-1.15139070369894,2111,0.493131217432496,0.0971103742302226,0.019895783988631,NA,NA,-1.15995027326598,0.0117437845803952
"1861-1870",1861,1870,"spectrum_slope","structural","climate",2111,0.000181123831624275,0.000275257078192364,0.000366919843563345,-0.000176491916393351,3.27825907235901e-05,0.000450412059085026,0.000967871260086239,0.015422952488982,-1.15971186385995,-1.16798736688031,-1.15086229332634,2111,0.507816200852676,0.104689720511606,0.0203694931312174,NA,NA,-1.15995027326598,0.0117437845803952
"1871-1880",1871,1880,"spectrum_slope","structural","climate",2111,-0.000229788377896112,-0.000145665885736154,0.000477163261174269,-0.00074823709988614,-0.000418121979011921,1.50615109124619e-05,0.000850173489847728,-0.0195668079845159,-1.16003858160341,-1.16826462780354,-1.15142370531583,2111,0.498815727143534,0.0966366650876362,0.0184746565608716,NA,NA,-1.15995027326598,0.0117437845803952
"1881-1890",1881,1890,"spectrum_slope","structural","climate",2111,0.000146997122628445,0.000295389466534418,0.000682431126776165,-0.000533816079420713,-9.87931775157103e-05,0.000552203280640651,0.00169171450727112,0.0125170145639284,-1.15963122907965,-1.16794226835674,-1.15100356835979,2111,0.504026527711985,0.104689720511606,0.0184746565608716,NA,NA,-1.15995027326598,0.0117437845803952
"1891-1900",1891,1900,"spectrum_slope","structural","climate",2111,-0.000301903351842991,-0.000130253971252982,0.00086146030418905,-0.001162502943166,-0.000596220648339862,0.000120604400329016,0.00160926137698891,-0.0257075008295862,-1.16005174229254,-1.16818151979434,-1.15148277902462,2111,0.493604926575083,0.098531501657982,0.0161061108479394,NA,NA,-1.15995027326598,0.0117437845803952
"1901-1910",1901,1910,"spectrum_slope","structural","climate",2111,8.56690396322524e-05,0.000321416083099765,0.001297186829068,-0.000950102164058775,-0.000242673055448117,0.000615427890853226,0.00237388972035668,0.00729484086205619,-1.15956480906583,-1.16789261871731,-1.15093735032764,2111,0.501657981999053,0.105637138796779,0.0184746565608716,NA,NA,-1.15995027326598,0.0117437845803952
"1911-1920",1911,1920,"spectrum_slope","structural","climate",2111,-0.000367198525182522,-5.32420032096331e-06,0.00527905836611623,-0.00160880304599509,-0.000766510795793707,0.000224489869939282,0.00234584008832539,-0.031267477930029,-1.1599333340262,-1.16813612416273,-1.15141660112564,2111,0.495026054002842,0.0975840833728091,0.0161061108479394,NA,NA,-1.15995027326598,0.0117437845803952
"1921-1930",1921,1930,"spectrum_slope","structural","climate",2111,1.72905389808076e-05,0.000505939853445777,0.00642249985971462,-0.00138746702092596,-0.000408658598814005,0.000693050064747625,0.00308623470352065,0.00147231404513942,-1.1596426363182,-1.16788158380642,-1.15085290447704,2111,0.503552818569398,0.105637138796779,0.019895783988631,NA,NA,-1.15995027326598,0.0117437845803952
"1931-1940",1931,1940,"spectrum_slope","structural","climate",2111,-0.000438198415127156,0.00038638438209776,0.0102959401357646,-0.00204357919608744,-0.000935904847770175,0.000314846935780544,0.00302455985499206,-0.0373132197825455,-1.16175278949986,-1.16975799609517,-1.15313682412685,2111,0.499763145428707,0.0999526290857414,0.0194220748460445,NA,NA,-1.15995027326598,0.0117437845803952
"1941-1950",1941,1950,"spectrum_slope","structural","climate",2111,-5.51677673232831e-05,0.00120859210775354,0.0144478992012223,-0.00181524506952935,-0.000563061247991548,0.000751217072765376,0.00374259256636011,-0.00469761403963241,-1.16384843648484,-1.17214743371937,-1.15484593850316,2111,0.503552818569398,0.105637138796779,0.0232117479867361,NA,NA,-1.15995027326598,0.0117437845803952
"1951-1960",1951,1960,"spectrum_slope","structural","climate",2111,-0.000507721583256737,0.00106805832923468,0.0176094582097567,-0.00243942257928043,-0.00111465235159292,0.000417295607964552,0.00369095576361833,-0.043233216667165,-1.1685724939078,-1.17680788102242,-1.1593753954385,2111,0.498342018000947,0.0994789199431549,0.0203694931312174,NA,NA,-1.15995027326598,0.0117437845803952
"1961-1970",1961,1970,"spectrum_slope","structural","climate",2111,-0.000121111963673926,0.00153821180487534,0.0181987049523702,-0.00224845131760765,-0.000743876013726386,0.000849310155803584,0.0044405228844735,-0.0103128563747761,-1.16964859896588,-1.17812181000364,-1.16002307058528,2111,0.502131691141639,0.104216011369019,0.0227380388441497,NA,NA,-1.15995027326598,0.0117437845803952
"1971-1980",1971,1980,"spectrum_slope","structural","climate",2111,-0.000572835606760247,0.00120491505916064,0.0187554217543047,-0.00283636558158784,-0.00128170036877384,0.000503907478703658,0.00432529668241866,-0.0487777686008074,-1.17192784940133,-1.18036289000023,-1.16282789202541,2111,0.498342018000947,0.098531501657982,0.0217906205589768,NA,NA,-1.15995027326598,0.0117437845803952
"1981-1990",1981,1990,"spectrum_slope","structural","climate",2111,-0.000395958090334325,0.0015933109520224,0.0200086164419796,-0.0029500111815034,-0.00116858590877267,0.000834720102828368,0.00494749864731669,-0.0337163959048881,-1.17385260114752,-1.18237048679102,-1.16486226229697,2111,0.512553292278541,0.108953102794884,0.0265277119848413,NA,NA,-1.15995027326598,0.0117437845803952
"1991-2000",1991,2000,"spectrum_slope","structural","climate",2111,-0.00153927576799151,0.000476370676540893,0.0221958315009721,-0.00510982872246879,-0.00285542707838549,-0.000471858150739246,0.00388677824132144,-0.131071526172333,-1.17406404954978,-1.18185727412512,-1.16570402518026,2111,0.481762198010422,0.0918995736617717,0.0232117479867361,NA,NA,-1.15995027326598,0.0117437845803952
"2001-2010",2001,2010,"spectrum_slope","structural","climate",2111,-7.75888123241142e-05,0.00243422265700239,0.0234920559171933,-0.00302072066341286,-0.0009679481684296,0.00122711423714339,0.00603303827513268,-0.00660679798688057,-1.17193928740208,-1.18003045377023,-1.16324987938228,2111,0.514921837991473,0.113216485078162,0.0307910942681194,NA,NA,-1.15995027326598,0.0117437845803952
"1841-1850",1841,1850,"spectrum_intercept","structural","climate",2111,-0.000893734468045082,-0.00107223501827299,0.000648286122252923,-0.00234621410629998,-0.00133453876959777,-0.000666465185804377,-0.000410474928339788,-0.0178957090347902,11.7227062815173,11.6854040195271,11.7503572032169,2111,0.502131691141639,0.101847465656087,0.0194220748460445,NA,NA,11.7239144996379,0.0499412717488655
"1851-1860",1851,1860,"spectrum_intercept","structural","climate",2111,0.000893734468045082,0.00107223501827299,0.000648286122252919,0.000410474928338012,0.000666465185804377,0.00133453876959777,0.00234621410629998,0.0178957090347902,11.7247991171145,11.6875948651696,11.7522879485145,2111,0.502131691141639,0.0994789199431549,0.0208432022738039,NA,NA,11.7239144996379,0.0499412717488655
"1861-1870",1861,1870,"spectrum_intercept","structural","climate",2111,-0.00136661305782404,-0.00133055210627264,0.00154365199695588,-0.00390637348193312,-0.00197466272484537,-0.000768238362272911,0.00112052275580066,-0.0273644024264377,11.72259296732,11.6848949234287,11.749917591584,2111,0.50071056371388,0.100426338228328,0.0184746565608716,NA,NA,11.7239144996379,0.0499412717488655
"1871-1880",1871,1880,"spectrum_intercept","structural","climate",2111,0.00120251844787234,0.00177310941954693,0.00244518954362438,-0.000470088230682286,0.000589470210162091,0.00233237297838862,0.00656658426746493,0.0240786508985858,11.7253251090136,11.6883991561943,11.7528480032673,2111,0.498815727143534,0.0980577925153956,0.0222643297015632,NA,NA,11.7239144996379,0.0499412717488655
"1881-1890",1881,1890,"spectrum_intercept","structural","climate",2111,-0.00128128908416691,-0.000733506922024747,0.0032996784099564,-0.00439068370479667,-0.00213867566726922,-5.88384261748232e-05,0.00525717274642812,-0.0256559162251614,11.7227271586744,11.6854716471459,11.7501024682572,2111,0.495499763145429,0.0980577925153956,0.0180009474182852,NA,NA,11.7239144996379,0.0499412717488655
"1891-1900",1891,1900,"spectrum_intercept","structural","climate",2111,0.00130908612698732,0.00235311498016281,0.00442470307421227,-0.00140146144437736,0.000419672354299294,0.00315871755818353,0.0106303604466795,0.0262125108381339,11.7258805979396,11.6890014766904,11.7530860216337,2111,0.49928943628612,0.100426338228328,0.0222643297015632,NA,NA,11.7239144996379,0.0499412717488655
"1901-1910",1901,1910,"spectrum_intercept","structural","climate",2111,-0.0011915555638673,-0.00017535783923903,0.00517642960115323,-0.00515716406709466,-0.0023466559016585,0.000681987894882496,0.00911513931660668,-0.0238591353832387,11.7235312202866,11.6860152219216,11.7505618680288,2111,0.493604926575083,0.0980577925153956,0.0184746565608716,NA,NA,11.7239144996379,0.0499412717488655
"1911-1920",1911,1920,"spectrum_intercept","structural","climate",2111,0.0013903171172327,0.00258635518287746,0.0150699361562006,-0.00234767512667755,0.000214204362333881,0.00399685905472147,0.0145318884810877,0.0278390411086054,11.726445643302,11.6898872053076,11.7532436776857,2111,0.495973472288015,0.103268593083847,0.0236854571293226,NA,NA,11.7239144996379,0.0499412717488655
"1921-1930",1921,1930,"spectrum_intercept","structural","climate",2111,-0.00115652440350367,-9.42079767867291e-05,0.0168520299471656,-0.00600202874470668,-0.0025830778011251,0.00135223536558637,0.0125712983634383,-0.0231576882807343,11.7240564837269,11.6865674287572,11.7507624161782,2111,0.493604926575083,0.0999526290857414,0.0189483657034581,NA,NA,11.7239144996379,0.0499412717488655
"1931-1940",1931,1940,"spectrum_intercept","structural","climate",2111,0.00146312922354319,0.00193790027588494,0.0278947429986223,-0.00363144341039146,5.67586365551875e-06,0.00467779299101423,0.0179389703201398,0.0292969956972798,11.7264033548274,11.6911947828653,11.7525814503141,2111,0.498342018000947,0.103742302226433,0.025106584557082,NA,NA,11.7239144996379,0.0499412717488655
"1941-1950",1941,1950,"spectrum_intercept","structural","climate",2111,-0.00113617510130659,-0.00185778273827669,0.0386918532780478,-0.00725010571488927,-0.00283995318909724,0.00197394408461804,0.0148323710971283,-0.0227502236430814,11.7229620787538,11.6879700100037,11.7497592587565,2111,0.493131217432496,0.101373756513501,0.0227380388441497,NA,NA,11.7239144996379,0.0499412717488655
"1951-1960",1951,1960,"spectrum_intercept","structural","climate",2111,0.00149347599232641,0.000111280885003615,0.0486153693862338,-0.0051590818322893,-0.000225403014970205,0.00523357920380008,0.0205170506615264,0.0299046447963219,11.7197618240381,11.6858941468173,11.7463885505491,2111,0.498342018000947,0.105163429654192,0.0274751302700142,NA,NA,11.7239144996379,0.0499412717488655
"1961-1970",1961,1970,"spectrum_intercept","structural","climate",2111,-0.00112327244759491,-0.00260153058133223,0.0505248921835583,-0.00835204221907215,-0.00308935411727607,0.00249322335827262,0.0177888808194933,-0.0224918671123034,11.7148878548258,11.6808904745588,11.7420566618009,2111,0.495499763145429,0.107531975367125,0.0246328754144955,NA,NA,11.7239144996379,0.0499412717488655
"1971-1980",1971,1980,"spectrum_intercept","structural","climate",2111,0.00158377768010887,-1.70288167543286e-05,0.0517036725551213,-0.00648241832355811,-0.000467010802516654,0.00582383911408346,0.0231871023062302,0.0317128023505898,11.7139173304626,11.6809787103884,11.7412666799851,2111,0.496920890573188,0.108953102794884,0.0274751302700142,NA,NA,11.7239144996379,0.0499412717488655
"1981-1990",1981,1990,"spectrum_intercept","structural","climate",2111,-0.000984134412782112,-0.00365041296280339,0.0551046317532746,-0.01189094578318,-0.00391082728437997,0.00279058070408311,0.0200144746018287,-0.0197058340390474,11.7071825641757,11.6720551383483,11.7341791095084,2111,0.498815727143534,0.112742775935576,0.02936996684036,NA,NA,11.7239144996379,0.0499412717488655
"1991-2000",1991,2000,"spectrum_intercept","structural","climate",2111,0.00964085704152318,0.00649299304246407,0.0601973429568286,-0.00123830128593116,0.00593849042803019,0.0156361384026171,0.033794851077352,0.193043883423777,11.7196837392829,11.6854717271313,11.745530921079,2111,0.516816674561819,0.137849360492658,0.0355281856939839,NA,NA,11.7239144996379,0.0499412717488655
"2001-2010",2001,2010,"spectrum_intercept","structural","climate",2111,-0.00222111179335904,-0.00658948038405089,0.0635132401898135,-0.0151246031069228,-0.00556812754204472,0.00185413427489856,0.0202505264430526,-0.0444744740287776,11.7094520037459,11.6723724776288,11.7361032926889,2111,0.492183799147324,0.10942681193747,0.0288962576977736,NA,NA,11.7239144996379,0.0499412717488655
"1841-1850",1841,1850,"mean_tl","structural","climate",2111,0.000519596061427485,0.000716283265363023,0.000591587429809225,0.000150967294713311,0.000290229439857237,0.000935041690172111,0.00190112664219511,0.00615714252865965,3.52703926307465,3.48478402180715,3.58439293045509,2111,0.502131691141639,0.100900047370914,0.0213169114163903,NA,NA,3.52624380179621,0.0843891560101007
"1851-1860",1851,1860,"mean_tl","structural","climate",2111,-0.000519596061427929,-0.000716283265363033,0.000591587429809223,-0.00190112664219511,-0.000935041690171889,-0.000290229439857459,-0.000150967294713089,-0.00615714252866491,3.52569448162728,3.48428258940768,3.58271715266543,2111,0.499763145428707,0.0999526290857414,0.0203694931312174,NA,NA,3.52624380179621,0.0843891560101007
"1861-1870",1861,1870,"mean_tl","structural","climate",2111,-0.000808484197039938,-0.00119238488507897,0.00176179120666205,-0.00492926117213432,-0.0016910571747395,-0.000293678954479182,0.00112800497153964,-0.00958042757227207,3.52547725992742,3.48352064910144,3.58365681679286,2111,0.507816200852676,0.102321174798674,0.0203694931312174,NA,NA,3.52624380179621,0.0843891560101007
"1871-1880",1871,1880,"mean_tl","structural","climate",2111,-0.000918345490448669,-0.00210927338017617,0.00265198367393643,-0.0079184419957754,-0.00270117136570902,-0.000395583794620347,-0.000143269515398003,-0.0108822689296567,3.52481241201674,3.48357430110002,3.5818061539306,2111,0.499763145428707,0.0999526290857414,0.0194220748460445,NA,NA,3.52624380179621,0.0843891560101007
"1881-1890",1881,1890,"mean_tl","structural","climate",2111,-0.00117620534498597,-0.0025835565619703,0.00372587537513319,-0.011012788878326,-0.00343474224301832,-0.000411137279130447,0.00103531043076277,-0.0139378730703882,3.524166334623,3.48269236288267,3.58227872506216,2111,0.504026527711985,0.101847465656087,0.0184746565608716,NA,NA,3.52624380179621,0.0843891560101007
"1891-1900",1891,1900,"mean_tl","structural","climate",2111,-0.00129220260158913,-0.00345666555186642,0.00466358384237595,-0.0138939145933465,-0.00452443487952148,-0.000495979642013644,-0.000131294699470264,-0.0153124247555511,3.52374785749804,3.48294452693817,3.58101868712328,2111,0.49265750828991,0.098531501657982,0.0175272382756987,NA,NA,3.52624380179621,0.0843891560101007
"1901-1910",1901,1910,"mean_tl","structural","climate",2111,-0.00150996822988603,-0.00385842824437079,0.00578438528561365,-0.0169083594345911,-0.00506815607950184,-0.000512853896590171,0.000982283648751636,-0.0178929177785034,3.5231688532883,3.48240559613968,3.58063778365781,2111,0.497394599715774,0.10279488394126,0.0180009474182852,NA,NA,3.52624380179621,0.0843891560101007
"1911-1920",1911,1920,"mean_tl","structural","climate",2111,-0.00162110750162281,-0.004619213730401,0.00719717926887838,-0.0197943070565096,-0.00612456841888021,-0.000553879356238962,-7.29348008212671e-05,-0.0192099030049403,3.52256724232348,3.48261910143246,3.5792350268585,2111,0.488867835149218,0.0994789199431549,0.0170535291331123,NA,NA,3.52624380179621,0.0843891560101007
"1921-1930",1921,1930,"mean_tl","structural","climate",2111,-0.0018439072339973,-0.00484644907620719,0.00932914597157567,-0.0225189339298972,-0.00665356115079563,-0.000546661673779258,0.00101043581973781,-0.0218500494752738,3.52227406789377,3.48216894020775,3.5795221318696,2111,0.493604926575083,0.101847465656087,0.0184746565608716,NA,NA,3.52624380179621,0.0843891560101007
"1931-1940",1931,1940,"mean_tl","structural","climate",2111,-0.00192414786767303,-0.00527190036053509,0.013957241911403,-0.0255767465489849,-0.00774993430947246,-0.000595209449045786,-2.60520472581405e-05,-0.022800890050882,3.51731794254676,3.47790909877372,3.57112642331758,2111,0.491236380862151,0.0990052108005685,0.0180009474182852,NA,NA,3.52624380179621,0.0843891560101007
"1941-1950",1941,1950,"mean_tl","structural","climate",2111,-0.00214310161275844,-0.00524700515439144,0.0184752925808697,-0.0278923498539623,-0.00817309048260673,-0.000595023990935362,0.00101177313356415,-0.0253954620958873,3.51202740407693,3.47459588506252,3.56328826509958,2111,0.494078635717669,0.10279488394126,0.0213169114163903,NA,NA,3.52624380179621,0.0843891560101007
"1951-1960",1951,1960,"mean_tl","structural","climate",2111,-0.00222740753667505,-0.00575076014506004,0.0218310009486108,-0.0304698487491288,-0.009123738608809,-0.000648957517513704,2.63162755036461e-05,-0.0263944758069206,3.50907602588886,3.47231651347388,3.559686764824,2111,0.488394126006632,0.0994789199431549,0.0217906205589768,NA,NA,3.52624380179621,0.0843891560101007
"1961-1970",1961,1970,"mean_tl","structural","climate",2111,-0.00236589011763355,-0.00596378483345568,0.023351646879896,-0.0329422400623396,-0.00950175784221474,-0.000623256255645188,0.00108069461907601,-0.0280354755218831,3.50866823397147,3.4716782464906,3.55911394933097,2111,0.494078635717669,0.0990052108005685,0.0222643297015632,NA,NA,3.52624380179621,0.0843891560101007
"1971-1980",1971,1980,"mean_tl","structural","climate",2111,-0.00248806738208973,-0.00647857433047955,0.0248537598317922,-0.0351104932038944,-0.0104256916733356,-0.000675219990543985,0.000122034687398687,-0.0294832594580272,3.50483952236005,3.4707934514451,3.55335379485088,2111,0.491236380862151,0.0966366650876362,0.0222643297015632,NA,NA,3.52624380179621,0.0843891560101007
"1981-1990",1981,1990,"mean_tl","structural","climate",2111,-0.0028877502359097,-0.00604977983726935,0.0269281586227434,-0.0378780978086672,-0.0106623387874187,-0.000506540320649229,0.00467191052624427,-0.034219446815703,3.50064671920217,3.46717611139588,3.5479598450403,2111,0.507816200852676,0.104689720511606,0.0236854571293226,NA,NA,3.52624380179621,0.0843891560101007
"1991-2000",1991,2000,"mean_tl","structural","climate",2111,-0.0110519116080821,-0.013706392224056,0.0299734412532848,-0.0474902594240925,-0.0197433358480161,-0.0062743134885459,-0.00405461407245911,-0.13096364664151,3.49759936373495,3.46499215300289,3.54051034375053,2111,0.498815727143534,0.107531975367125,0.0255802936996684,NA,NA,3.52624380179621,0.0843891560101007
"2001-2010",2001,2010,"mean_tl","structural","climate",2111,-0.000898727008509237,-0.00406257979336941,0.0318408612576248,-0.0398701740124001,-0.0099984614970563,0.00166618672380192,0.00744175872142772,-0.0106497925918546,3.50579282818603,3.47170208824297,3.55428443893301,2111,0.502131691141639,0.0999526290857414,0.0246328754144955,NA,NA,3.52624380179621,0.0843891560101007
"1841-1850",1841,1850,"htl_indicator","structural","climate",2111,0.000102127829523929,5.68306154691717e-05,0.000475271540663874,-0.000750640897557206,-0.000196392423106505,0.000322677356791992,0.000756092895472599,0.00141569992052312,0.184290607131421,0.142481896711543,0.231672938672325,2111,0.505447655139744,0.101847465656087,0.0213169114163903,NA,NA,0.184168323519962,0.0721394612257883
"1851-1860",1851,1860,"htl_indicator","structural","climate",2111,-0.000102127829523901,-5.68306154691715e-05,0.000475271540663874,-0.000756092895472626,-0.000322677356791978,0.000196392423106505,0.000750640897557213,-0.00141569992052274,0.183965824386049,0.143082269089886,0.231094083128011,2111,0.497394599715774,0.0990052108005685,0.019895783988631,NA,NA,0.184168323519962,0.0721394612257883
"1861-1870",1861,1870,"htl_indicator","structural","climate",2111,0.000180311387949397,0.000403201648838251,0.00123089872955471,-0.00109030138634303,-0.000398871653970935,0.00106463354654098,0.00250716087528813,0.0024994834295344,0.184133320228639,0.143333668849991,0.231591019775601,2111,0.500236854571293,0.0975840833728091,0.0203694931312174,NA,NA,0.184168323519962,0.0721394612257883
"1871-1880",1871,1880,"htl_indicator","structural","climate",2111,0.000245076935876914,0.000746282458552441,0.00185177851599087,-0.00136984989082709,-0.000190282474387293,0.00160646525249167,0.00412571965529752,0.00339726595836156,0.184686436149935,0.144091879983223,0.23146828368201,2111,0.495499763145429,0.0956892468024633,0.0175272382756987,NA,NA,0.184168323519962,0.0721394612257883
"1881-1890",1881,1890,"htl_indicator","structural","climate",2111,0.000618545031748519,0.00116570740225364,0.00256865939033197,-0.00173121100868492,-0.000254127059600845,0.00236800441339396,0.00567469043230339,0.00857429513941812,0.184394633400787,0.144467643824612,0.231836680522268,2111,0.499763145428707,0.0952155376598768,0.0184746565608716,NA,NA,0.184168323519962,0.0721394612257883
"1891-1900",1891,1900,"htl_indicator","structural","climate",2111,0.000542884282943107,0.0015088701048531,0.00331428157507795,-0.00208445226383805,-0.000106473554297215,0.00290797523940284,0.00756544872402495,0.00752548291487707,0.18494022475173,0.145406350035651,0.231638649070895,2111,0.494552344860256,0.0918995736617717,0.01468498342018,NA,NA,0.184168323519962,0.0721394612257883
"1901-1910",1901,1910,"htl_indicator","structural","climate",2111,0.000953609391495192,0.00195436858081867,0.0041037609134179,-0.00237893144730961,-0.000146537791772969,0.0035767647320213,0.00901557380185374,0.0132189702458479,0.184673985178176,0.145335959483727,0.232254393305888,2111,0.496920890573188,0.0909521553765988,0.0151586925627665,NA,NA,0.184168323519962,0.0721394612257883
"1911-1920",1911,1920,"htl_indicator","structural","climate",2111,0.000858416551143187,0.00235677340710894,0.00540898668106778,-0.00270556086871596,-2.57124063379605e-05,0.00421559999469609,0.0110990926468222,0.011899403413292,0.185332092390646,0.146303011807007,0.232325326577819,2111,0.494078635717669,0.0843202273803884,0.0127901468498342,NA,NA,0.184168323519962,0.0721394612257883
"1921-1930",1921,1930,"htl_indicator","structural","climate",2111,0.00124759991769063,0.00292478503907456,0.00765783811466865,-0.00309425056235618,-4.09163704917365e-05,0.00480359222188204,0.0125898268978226,0.0172942782839172,0.185687757979426,0.146631262244681,0.23274037413562,2111,0.490288962576978,0.0843202273803884,0.0137375651350071,NA,NA,0.184168323519962,0.0721394612257883
"1931-1940",1931,1940,"htl_indicator","structural","climate",2111,0.00114135687888045,0.00355115221717027,0.0119224370430957,-0.00333928570889852,6.30697071198894e-05,0.00549608972104154,0.0146088054881696,0.0158215331731981,0.189954760685676,0.151152303771254,0.234856142945425,2111,0.489815253434391,0.0810042633822833,0.0132638559924207,NA,NA,0.184168323519962,0.0721394612257883
"1941-1950",1941,1950,"htl_indicator","structural","climate",2111,0.00154503438116646,0.00436079704162648,0.0168592089958544,-0.0036279115720303,5.71132393048929e-05,0.00607121341936216,0.0161731334542384,0.0214173263136895,0.19193447424525,0.15541599111199,0.235497369472928,2111,0.4860255802937,0.0828990999526291,0.01468498342018,NA,NA,0.184168323519962,0.0721394612257883
"1951-1960",1951,1960,"htl_indicator","structural","climate",2111,0.00142275798109348,0.00499816321897618,0.0206615345249308,-0.00394551594834541,0.000162747999415624,0.00676643603597455,0.0180104209544776,0.01972232612939,0.192836958235868,0.156913010454189,0.234702736086672,2111,0.483657034580767,0.0805305542396968,0.0142112742775936,NA,NA,0.184168323519962,0.0721394612257883
"1961-1970",1961,1970,"htl_indicator","structural","climate",2111,0.00185120861859997,0.00557646262321102,0.0224599714572365,-0.00413077859580273,0.000158800298428477,0.00730473694908738,0.0195434568954892,0.0256615254278917,0.193767893169597,0.158009625576978,0.23549014297046,2111,0.484130743723354,0.0781620085267646,0.0156324017053529,NA,NA,0.184168323519962,0.0721394612257883
"1971-1980",1971,1980,"htl_indicator","structural","climate",2111,0.00170816975984661,0.00609598927142424,0.023955866219894,-0.0045016836938355,0.000242390858115005,0.00801572965094006,0.0213530520772437,0.0236787152388099,0.196590621661356,0.162181741614116,0.235822381318436,2111,0.478919943154903,0.0748460445286594,0.0137375651350071,NA,NA,0.184168323519962,0.0721394612257883
"1981-1990",1981,1990,"htl_indicator","structural","climate",2111,0.002697697657528,0.00692650364212648,0.0262744807615383,-0.00472062135614733,-0.000193928371771859,0.00898269271243379,0.0230784567505795,0.0373955892058095,0.197833393522447,0.162262912598613,0.239338137366865,2111,0.485551871151113,0.0819516816674562,0.0175272382756987,NA,NA,0.184168323519962,0.0721394612257883
"1991-2000",1991,2000,"htl_indicator","structural","climate",2111,-0.0019766558931775,0.00281644106914274,0.029966003946356,-0.0133718506101037,-0.0053017989396193,0.00544936106160798,0.0221029127129972,-0.0274004803971406,0.195927639501767,0.161839775839677,0.233494363490353,2111,0.452392231170062,0.0677404073898626,0.0123164377072477,NA,NA,0.184168323519962,0.0721394612257883
"2001-2010",2001,2010,"htl_indicator","structural","climate",2111,0.00487878104876135,0.00998136350926649,0.0321288932022724,-0.0035057668544812,0.0019820981282667,0.0112185237194873,0.0270390164838337,0.0676298514829675,0.202276199673313,0.166367507886666,0.244611526223176,2111,0.48460445286594,0.0814779725248697,0.0180009474182852,NA,NA,0.184168323519962,0.0721394612257883
"1841-1850",1841,1850,"large_fish_indicator","structural","climate",2111,-0.000242525653056491,-0.000340993883099908,0.000421425703352849,-0.0010092225500718,-0.00046070719272806,-0.000123141049589548,3.34022377160292e-05,-0.00470582947877094,0.929811551752866,0.910217389188033,0.942088264317153,2111,0.501657981999053,0.100426338228328,0.0208432022738039,NA,NA,0.930062637309673,0.0515372803350779
"1851-1860",1851,1860,"large_fish_indicator","structural","climate",2111,0.000242525653056602,0.00034099388309991,0.000421425703352848,-3.34022377159737e-05,0.000123141049589548,0.00046070719272806,0.00100922255007185,0.00470582947877309,0.930338970633885,0.910932906414839,0.942369397338199,2111,0.498342018000947,0.0990052108005685,0.0203694931312174,NA,NA,0.930062637309673,0.0515372803350779
"1861-1870",1861,1870,"large_fish_indicator","structural","climate",2111,-0.00042321310185045,-0.000164232953621957,0.00119953639082199,-0.00110348870733568,-0.000705253941364892,-8.80413836618077e-05,0.00182896886860295,-0.00821178570345317,0.929473192919656,0.909808820984869,0.941791044177791,2111,0.498815727143534,0.0918995736617717,0.019895783988631,NA,NA,0.930062637309673,0.0515372803350779
"1871-1880",1871,1880,"large_fish_indicator","structural","climate",2111,0.000662579478804215,0.00123039318836195,0.00174954994527357,6.17226421376071e-05,0.000321138079596051,0.00146335402830006,0.00420140835675847,0.0128563143902113,0.930803079891874,0.911646777847716,0.942708324053159,2111,0.501657981999053,0.101373756513501,0.0189483657034581,NA,NA,0.930062637309673,0.0515372803350779
"1881-1890",1881,1890,"large_fish_indicator","structural","climate",2111,-0.000107353727212156,0.000651592609641425,0.00248287219976972,-0.00100795360312428,-0.000507426599603233,0.00081696842304213,0.0048951797077465,-0.00208303050751182,0.92997708799612,0.910605649253123,0.942082748540851,2111,0.496920890573188,0.0918995736617717,0.0194220748460445,NA,NA,0.930062637309673,0.0515372803350779
"1891-1900",1891,1900,"large_fish_indicator","structural","climate",2111,0.00100398911240862,0.00203049124096174,0.00306778053143647,6.77015405474157e-05,0.000430478631845088,0.00239730818386585,0.00732417470561492,0.0194808322418456,0.931207252828241,0.912460053254416,0.942936935880369,2111,0.502131691141639,0.10279488394126,0.0208432022738039,NA,NA,0.930062637309673,0.0515372803350779
"1901-1910",1901,1910,"large_fish_indicator","structural","climate",2111,0.000188988596965145,0.00143597600257232,0.0037439260892492,-0.000945180424720027,-0.000369711758831881,0.00171137721089071,0.00793611505952929,0.00366702697030975,0.930366996351968,0.911117845077704,0.942321134084803,2111,0.497868308858361,0.0914258645191852,0.0189483657034581,NA,NA,0.930062637309673,0.0515372803350779
"1911-1920",1911,1920,"large_fish_indicator","structural","climate",2111,0.00132666419740157,0.00281339953379342,0.00434722731052701,7.81665779235885e-05,0.000531471667995942,0.00330079786509835,0.0103578286756935,0.0257418355950499,0.931640551872922,0.913102650181321,0.943472366336665,2111,0.503079109426812,0.0994789199431549,0.0203694931312174,NA,NA,0.930062637309673,0.0515372803350779
"1921-1930",1921,1930,"large_fish_indicator","structural","climate",2111,0.000504762841515571,0.00221939442711456,0.00505616881693677,-0.00089640030218302,-0.000259777630499891,0.00259384800538914,0.0109968709446073,0.00979413035056905,0.930721981407701,0.911749381795205,0.942771271081229,2111,0.501184272856466,0.0904784462340123,0.0189483657034581,NA,NA,0.930062637309673,0.0515372803350779
"1931-1940",1931,1940,"large_fish_indicator","structural","climate",2111,0.0016421656704505,0.00360463191641512,0.005672776036989,7.75253837683731e-05,0.000627257114515667,0.0041844012032039,0.0135797191456873,0.0318636462726341,0.933098575387354,0.916854686887559,0.944512590207429,2111,0.501657981999053,0.101847465656087,0.019895783988631,NA,NA,0.930062637309673,0.0515372803350779
"1941-1950",1941,1950,"large_fish_indicator","structural","climate",2111,0.000838327817142992,0.00302490897728862,0.00640145788563069,-0.000863958847380053,-0.000161935179058992,0.00345274569555148,0.0151160863696852,0.016266434932004,0.934959256817755,0.92102572786014,0.945496888973463,2111,0.499763145428707,0.0923732828043581,0.0194220748460445,NA,NA,0.930062637309673,0.0515372803350779
"1951-1960",1951,1960,"large_fish_indicator","structural","climate",2111,0.00194825188478198,0.00441730693977443,0.00710889586636306,9.32568965096303e-05,0.000728196579916573,0.0050295504785221,0.0179775589994706,0.0378027686388399,0.936361057860322,0.92313594464311,0.946188020741189,2111,0.501657981999053,0.105637138796779,0.0213169114163903,NA,NA,0.930062637309673,0.0515372803350779
"1961-1970",1961,1970,"large_fish_indicator","structural","climate",2111,0.00113634333369717,0.00378927574616377,0.0076983172971686,-0.000881384649422556,-7.42886872160953e-05,0.00428323049432366,0.0184783710710959,0.0220489580806175,0.935751717193335,0.922979946866836,0.945927203675462,2111,0.496920890573188,0.093320701089531,0.019895783988631,NA,NA,0.930062637309673,0.0515372803350779
"1971-1980",1971,1980,"large_fish_indicator","structural","climate",2111,0.00224060642245494,0.00514282812795399,0.00824350717236755,9.5308142774253e-05,0.000829947693469446,0.00583656805510446,0.0213117808077065,0.0434754493812494,0.937277143518727,0.924696198763885,0.946798016528021,2111,0.503552818569398,0.107058266224538,0.0213169114163903,NA,NA,0.930062637309673,0.0515372803350779
"1981-1990",1981,1990,"large_fish_indicator","structural","climate",2111,0.00143291267577339,0.00455271169371165,0.00884013340837184,-0.000896448459706989,0.000126227602593509,0.00518725347459675,0.0217054571819888,0.0278034204842995,0.936159192097421,0.923271098742823,0.946550924399641,2111,0.501657981999053,0.0975840833728091,0.0246328754144955,NA,NA,0.930062637309673,0.0515372803350779
"1991-2000",1991,2000,"large_fish_indicator","structural","climate",2111,0.00174253709338823,0.00498653854636487,0.00919230658910638,-0.000836413281478154,0.00021032074600108,0.00572455054848364,0.0233720925863303,0.033811196129459,0.936673832970572,0.924650963420409,0.946689060532679,2111,0.498815727143534,0.0956892468024633,0.0213169114163903,NA,NA,0.930062637309673,0.0515372803350779
"2001-2010",2001,2010,"large_fish_indicator","structural","climate",2111,0.00247055201766666,0.00594219489241889,0.0098507950672254,-9.39729227246722e-05,0.000779779307115536,0.00672361311453551,0.0257588135215946,0.0479371825910093,0.937844964857744,0.925221804626033,0.947647214365911,2111,0.507816200852676,0.10942681193747,0.0274751302700142,NA,NA,0.930062637309673,0.0515372803350779
"1841-1850",1841,1850,"fish_lfi","structural","climate",2111,0.000702386437320568,0.000631791614879524,0.000582236790299565,-0.000228624913546999,0.00043261346961268,0.000896732655684823,0.0013372508504384,0.0162736651726564,0.487808249193826,0.46341753616105,0.514110063714259,2111,0.502131691141639,0.104689720511606,0.0236854571293226,NA,NA,0.487265092732339,0.0431609247129371
"1851-1860",1851,1860,"fish_lfi","structural","climate",2111,-0.000702386437320568,-0.000631791614879523,0.000582236790299565,-0.00133725085043834,-0.000896732655684768,-0.000432613469612653,0.000228624913547054,-0.0162736651726564,0.486555949682278,0.462130038105975,0.512213202000098,2111,0.50071056371388,0.098531501657982,0.0194220748460445,NA,NA,0.487265092732339,0.0431609247129371
"1861-1870",1861,1870,"fish_lfi","structural","climate",2111,-0.000387160328960967,-0.000316747829718323,0.00122379587596971,-0.00197375610088066,-0.000924629506336455,0.000127945973644322,0.00145656638295122,-0.00897015834428865,0.486860272281593,0.462564606094495,0.512811094480308,2111,0.498815727143534,0.100426338228328,0.0208432022738039,NA,NA,0.487265092732339,0.0431609247129371
"1871-1880",1871,1880,"fish_lfi","structural","climate",2111,-0.000621283332842892,-0.00029778276566,0.00192153493974294,-0.00201924573300793,-0.0011870752133204,5.4783071692821e-05,0.00302601942273489,-0.014394578822744,0.486691103832034,0.462630065358292,0.51234961949888,2111,0.497394599715774,0.0961629559450497,0.0184746565608716,NA,NA,0.487265092732339,0.0431609247129371
"1881-1890",1881,1890,"fish_lfi","structural","climate",2111,-0.000173696981270233,0.000246625837039493,0.00236524706466708,-0.0021705238921304,-0.000840678564152736,0.00077647529335706,0.00426247002697669,-0.00402440361103219,0.487213951714417,0.463128711403618,0.512965226435357,2111,0.495499763145429,0.0990052108005685,0.0194220748460445,NA,NA,0.487265092732339,0.0431609247129371
"1891-1900",1891,1900,"fish_lfi","structural","climate",2111,-0.000582115515003423,0.000101196079667594,0.00322325598522199,-0.00248383874923835,-0.00133437805431524,0.000499714136176804,0.00581947090716164,-0.0134870955354888,0.487301911844785,0.462945461375119,0.512606023169967,2111,0.495499763145429,0.0947418285172904,0.0170535291331123,NA,NA,0.487265092732339,0.0431609247129371
"1901-1910",1901,1910,"fish_lfi","structural","climate",2111,-0.000140899006309425,0.0006402737280981,0.00363240456707821,-0.00260141094500099,-0.000941533102799708,0.00127502757956738,0.00692768708021146,-0.00326450388277228,0.487872489200363,0.463342470067852,0.513319433768286,2111,0.497394599715774,0.0961629559450497,0.0184746565608716,NA,NA,0.487265092732339,0.0431609247129371
"1911-1920",1911,1920,"fish_lfi","structural","climate",2111,-0.000495227671628351,0.000448683908413874,0.00493267678703724,-0.00303920037479699,-0.00149495724619286,0.000998053168117075,0.00842767440015238,-0.0114739819622055,0.48773410065551,0.463207240741702,0.512616292281165,2111,0.494552344860256,0.0937944102321175,0.0170535291331123,NA,NA,0.487265092732339,0.0431609247129371
"1921-1930",1921,1930,"fish_lfi","structural","climate",2111,-8.50486458129351e-05,0.000995395753887256,0.00484925420428318,-0.00305911663380196,-0.00107197635734968,0.00179150754350632,0.0093566274377391,-0.00197050101170429,0.48835234412607,0.46344243483129,0.513431095771265,2111,0.495499763145429,0.0942681193747039,0.0184746565608716,NA,NA,0.487265092732339,0.0431609247129371
"1931-1940",1931,1940,"fish_lfi","structural","climate",2111,-0.000432965172485367,0.000798235948464427,0.00587736903802228,-0.00355987111513717,-0.00165022054131261,0.0015231809505265,0.0109980101403243,-0.0100314155770529,0.480860974236126,0.45623230538103,0.507941833473665,2111,0.493604926575083,0.0909521553765988,0.0170535291331123,NA,NA,0.487265092732339,0.0431609247129371
"1941-1950",1941,1950,"fish_lfi","structural","climate",2111,7.02406120722809e-06,0.00134436266202103,0.0062513865251441,-0.00356287387602933,-0.00121226836566382,0.00229624381874594,0.012159380287017,0.000162741212194712,0.482514779321729,0.459127373843192,0.508553459183082,2111,0.493131217432496,0.0923732828043581,0.0170535291331123,NA,NA,0.487265092732339,0.0431609247129371
"1951-1960",1951,1960,"fish_lfi","structural","climate",2111,-0.000393096791068748,0.00136678286478263,0.00744321797351928,-0.00387525629645324,-0.00176030902555269,0.00199201929717169,0.0137311355211152,-0.00910770085866395,0.483416519182262,0.460457148760045,0.508144734203104,2111,0.491710090004737,0.089057318806253,0.0161061108479394,NA,NA,0.487265092732339,0.0431609247129371
"1961-1970",1961,1970,"fish_lfi","structural","climate",2111,6.36218628091711e-06,0.00205146912289317,0.008480962995796,-0.00390653120723888,-0.00134273348287767,0.00281210742202903,0.0154097517577524,0.000147406162477564,0.483646832185184,0.461416179665197,0.509588552552875,2111,0.491710090004737,0.0895310279488394,0.0165798199905258,NA,NA,0.487265092732339,0.0431609247129371
"1971-1980",1971,1980,"fish_lfi","structural","climate",2111,-0.000327750358801393,0.00187696972047489,0.00965957385566247,-0.00438836037113677,-0.00192561170343572,0.00253635639622019,0.0164182165543613,-0.00759368250289486,0.484735563508551,0.461578791063294,0.509408243969328,2111,0.491236380862151,0.0885836096636665,0.0137375651350071,NA,NA,0.487265092732339,0.0431609247129371
"1981-1990",1981,1990,"fish_lfi","structural","climate",2111,0.00333833919002524,0.00572765260481442,0.0102682492539953,-0.00178764492769429,0.00127906566491659,0.00678261509733433,0.022611533451587,0.0773463314845199,0.488534170402296,0.465349130007522,0.513300506056808,2111,0.491236380862151,0.0952155376598768,0.019895783988631,NA,NA,0.487265092732339,0.0431609247129371
"1991-2000",1991,2000,"fish_lfi","structural","climate",2111,-0.00507615135584583,-0.00347126111392791,0.0104840551196371,-0.0126185954093433,-0.00817569107049959,-0.00158203921338473,0.0118918716661721,-0.117609884162753,0.478097854648018,0.456472036112469,0.502888973658415,2111,0.499763145428707,0.0800568450971104,0.0142112742775936,NA,NA,0.487265092732339,0.0431609247129371
"2001-2010",2001,2010,"fish_lfi","structural","climate",2111,0.00737766593735378,0.00993844980212837,0.0114500819039421,0.000958487278246933,0.00450267862954576,0.011276099829293,0.0292962803521619,0.170933917343583,0.491957054666807,0.47008879690594,0.517945658643732,2111,0.493604926575083,0.108005684509711,0.0213169114163903,NA,NA,0.487265092732339,0.0431609247129371
"1841-1850",1841,1850,"shannon_diversity","structural","climate",2111,-0.00024521512853104,-0.00067684958746625,0.00203970808400818,-0.00357206649194497,-0.00115813813413945,0.000318035920094939,0.00133929525398435,-0.00158005814286842,1.80742535706698,1.71050104357509,1.87230461223575,2111,0.499763145428707,0.101847465656087,0.0213169114163903,NA,NA,1.80795661158603,0.155193737418978
"1851-1860",1851,1860,"shannon_diversity","structural","climate",2111,0.00024521512853104,0.000676849587466252,0.00203970808400817,-0.00133929525398424,-0.000318035920094939,0.00115813813413967,0.00357206649194486,0.00158005814286842,1.80854402802569,1.7108795879809,1.8725646290565,2111,0.498342018000947,0.098531501657982,0.019895783988631,NA,NA,1.80795661158603,0.155193737418978
"1861-1870",1861,1870,"shannon_diversity","structural","climate",2111,-0.00187608602679989,-0.0011239771390417,0.00578961223056191,-0.00622729321945459,-0.00327285258455945,-0.000934016999148302,0.00702082297692974,-0.0120886709605749,1.80631417477148,1.70857465693975,1.87110164153443,2111,0.498342018000947,0.0994789199431549,0.019895783988631,NA,NA,1.80795661158603,0.155193737418978
"1871-1880",1871,1880,"shannon_diversity","structural","climate",2111,-0.000175288803841323,0.00135541963802055,0.0094728123061791,-0.00638667879858001,-0.0015484512434778,0.0014214303018858,0.0147239493047439,-0.00112948374564944,1.80865679170216,1.71353573738173,1.87140621870484,2111,0.493604926575083,0.0966366650876362,0.0170535291331123,NA,NA,1.80795661158603,0.155193737418978
"1881-1890",1881,1890,"shannon_diversity","structural","climate",2111,-0.00245405778849417,-0.000449917510863319,0.0134810297794033,-0.0110672857261457,-0.00440807840721857,-0.00118829466713921,0.017942300549639,-0.0158128660943896,1.80588755492951,1.70988992024674,1.86972950281289,2111,0.494078635717669,0.0994789199431549,0.0175272382756987,NA,NA,1.80795661158603,0.155193737418978
"1891-1900",1891,1900,"shannon_diversity","structural","climate",2111,-0.000612986895997869,0.00207253430004992,0.0174509417525986,-0.0113081219166619,-0.00275874061363501,0.00136286235890926,0.0255044110985552,-0.00394981721680548,1.80801697445668,1.7120610253771,1.87088158921526,2111,0.493604926575083,0.0990052108005685,0.0156324017053529,NA,NA,1.80795661158603,0.155193737418978
"1901-1910",1901,1910,"shannon_diversity","structural","climate",2111,-0.0029236610846386,0.000222909864867741,0.0208216723842324,-0.016059471402564,-0.00538679513787321,-0.00142223144153597,0.0276570506537991,-0.0188387826291312,1.80555895565671,1.71051060341865,1.86989026519969,2111,0.492183799147324,0.102321174798674,0.0165798199905258,NA,NA,1.80795661158603,0.155193737418978
"1911-1920",1911,1920,"shannon_diversity","structural","climate",2111,-0.00106715662144108,0.00234776296384101,0.0242980257517211,-0.0163637129200452,-0.00403436844279992,0.00122565159981336,0.0346980487340472,-0.00687628662850012,1.80770979497403,1.71376566539011,1.8710889915788,2111,0.492183799147324,0.0975840833728091,0.0161061108479394,NA,NA,1.80795661158603,0.155193737418978
"1921-1930",1921,1930,"shannon_diversity","structural","climate",2111,-0.00341772616477609,-0.000209768253261243,0.0302119607204008,-0.0213345739846023,-0.00636693328834903,-0.00162047502635665,0.0346056293435023,-0.0220223201117273,1.8059514745411,1.71078591374279,1.86930296361587,2111,0.49265750828991,0.0999526290857414,0.0175272382756987,NA,NA,1.80795661158603,0.155193737418978
"1931-1940",1931,1940,"shannon_diversity","structural","climate",2111,-0.00155149743267868,0.000478158717835853,0.0472557633164464,-0.0217622941218583,-0.00529925537657916,0.00113572294776743,0.0392645693816754,-0.00999716521092658,1.80300243693452,1.70560268119895,1.8646632863557,2111,0.492183799147324,0.098531501657982,0.0170535291331123,NA,NA,1.80795661158603,0.155193737418978
"1941-1950",1941,1950,"shannon_diversity","structural","climate",2111,-0.00389485500947151,-0.00324289874216889,0.064152013029612,-0.0269939957027444,-0.00752246528842537,-0.00181746026521601,0.0392438391957314,-0.0250967279623953,1.79764344671634,1.70044278542432,1.85815490715116,2111,0.49265750828991,0.104216011369019,0.0203694931312174,NA,NA,1.80795661158603,0.155193737418978
"1951-1960",1951,1960,"shannon_diversity","structural","climate",2111,-0.00197352084674973,-0.00164755957149678,0.0721514206218919,-0.0270137731552038,-0.0063918594014768,0.00100912592104807,0.0457222712781027,-0.0127164979693852,1.79554225451972,1.69825657398019,1.85366089955034,2111,0.493131217432496,0.102321174798674,0.0194220748460445,NA,NA,1.80795661158603,0.155193737418978
"1961-1970",1961,1970,"shannon_diversity","structural","climate",2111,-0.00433769873728429,-0.00394631700284826,0.0747737687857036,-0.0316242896454121,-0.00859621461185944,-0.0019799516729635,0.0454437117323908,-0.0279502176403791,1.79128862599508,1.69437023800624,1.8512662622881,2111,0.489341544291805,0.10279488394126,0.0189483657034581,NA,NA,1.80795661158603,0.155193737418978
"1971-1980",1971,1980,"shannon_diversity","structural","climate",2111,-0.0024335280874237,-0.00265198092189011,0.0796052682986365,-0.0321686783816683,-0.00756685795988221,0.000833569983311633,0.0512933308883476,-0.0156805817547513,1.79093668710796,1.69661322816962,1.85114208561699,2111,0.489815253434391,0.101847465656087,0.0189483657034581,NA,NA,1.80795661158603,0.155193737418978
"1981-1990",1981,1990,"shannon_diversity","structural","climate",2111,-0.0112450733372293,-0.012736430624688,0.0853967946065245,-0.046546214309811,-0.021190465096715,-0.00565115717875508,0.0446229046750848,-0.0724582932549069,1.77618881274792,1.67715340379635,1.84008145565825,2111,0.487920416864045,0.10279488394126,0.0213169114163903,NA,NA,1.80795661158603,0.155193737418978
"1991-2000",1991,2000,"shannon_diversity","structural","climate",2111,-0.00113047369597541,-0.00156532086994132,0.099698554032768,-0.0389056602442611,-0.00940234648149652,0.0109868114684378,0.0617464416931248,-0.00728427393254572,1.78729870410461,1.68950820828834,1.84553823351776,2111,0.478919943154903,0.0866887730933207,0.019895783988631,NA,NA,1.80795661158603,0.155193737418978
"2001-2010",2001,2010,"shannon_diversity","structural","climate",2111,-0.00784035032097274,-0.0118360191861992,0.100867851822369,-0.0482375465719228,-0.019741022098076,-0.00228633120798394,0.0511809487135078,-0.0505197596975583,1.78201034064142,1.68229249423927,1.84374615224765,2111,0.496447181430602,0.10942681193747,0.0222643297015632,NA,NA,1.80795661158603,0.155193737418978
"1841-1850",1841,1850,"w_statistic","structural","climate",2111,0.000452823933578483,0.00106867852417834,0.00143538110744511,4.67706711637372e-05,0.000248155181598986,0.00132804244830867,0.00464653013038824,0.0026349700372955,0.319513344490776,0.277765951231821,0.406662761129419,2111,0.501184272856466,0.100900047370914,0.0213169114163903,NA,NA,0.318683333894042,0.171851644295453
"1851-1860",1851,1860,"w_statistic","structural","climate",2111,-0.000452823933578428,-0.00106867852417834,0.00143538110744511,-0.00464653013038818,-0.0013280424483087,-0.000248155181599041,-4.67706711637789e-05,-0.00263497003729518,0.317781218215303,0.276960082161038,0.403555519918582,2111,0.502131691141639,0.0994789199431549,0.0194220748460445,NA,NA,0.318683333894042,0.171851644295453
"1861-1870",1861,1870,"w_statistic","structural","climate",2111,-0.00106240591541309,-0.00277693251135434,0.00416321258415335,-0.0129159893181645,-0.00351269880337132,-0.000326625652986051,1.86546419115308e-05,-0.00618211085363007,0.317460970266,0.276722207536012,0.400711159833878,2111,0.501184272856466,0.0966366650876362,0.0184746565608716,NA,NA,0.318683333894042,0.171851644295453
"1871-1880",1871,1880,"w_statistic","structural","climate",2111,-0.00169360446425409,-0.00466361274187234,0.00694643384436324,-0.021619331722735,-0.00587209642594247,-0.000672907353887475,-0.00015331549631814,-0.00985503787989595,0.316100598501135,0.276138730240126,0.39757082635509,2111,0.502605400284226,0.0961629559450497,0.0180009474182852,NA,NA,0.318683333894042,0.171851644295453
"1881-1890",1881,1890,"w_statistic","structural","climate",2111,-0.0023135513034569,-0.00634417813784326,0.00972759515372564,-0.0295334551676163,-0.00798290904667931,-0.000754767501109338,-0.000173362549043668,-0.0134624915166908,0.315911591347067,0.275788213219098,0.395271242918225,2111,0.500236854571293,0.0952155376598768,0.0180009474182852,NA,NA,0.318683333894042,0.171851644295453
"1891-1900",1891,1900,"w_statistic","structural","climate",2111,-0.00286639692096874,-0.00821802591616098,0.012721173779047,-0.0380280213075089,-0.010216770704311,-0.00108955540642502,-0.00026773618027448,-0.0166794849867176,0.315127783681653,0.275456513432695,0.393552287066705,2111,0.499763145428707,0.0947418285172904,0.0180009474182852,NA,NA,0.318683333894042,0.171851644295453
"1901-1910",1901,1910,"w_statistic","structural","climate",2111,-0.00346794933720565,-0.00993002482346767,0.016326244293888,-0.0455419885322747,-0.0122322105243652,-0.00111725924071192,-0.000313692315923486,-0.0201799019812894,0.314341581805596,0.275024182050132,0.392458668188295,2111,0.49928943628612,0.0942681193747039,0.0175272382756987,NA,NA,0.318683333894042,0.171851644295453
"1911-1920",1911,1920,"w_statistic","structural","climate",2111,-0.00395975326520995,-0.0120428949705988,0.0251853710562789,-0.0537147260001916,-0.014380098015129,-0.0014807615493693,-0.000353257275513885,-0.0230416955359601,0.313802612931128,0.274675618442693,0.390323948739014,2111,0.49928943628612,0.093320701089531,0.0165798199905258,NA,NA,0.318683333894042,0.171851644295453
"1921-1930",1921,1930,"w_statistic","structural","climate",2111,-0.00454017061160145,-0.0138502965300458,0.0301636911282166,-0.0609188762207201,-0.0163113862227229,-0.00148369158504325,-0.000400007077621306,-0.0264191281393609,0.313172366532168,0.274352861490631,0.387525937208265,2111,0.498342018000947,0.0928469919469446,0.0161061108479394,NA,NA,0.318683333894042,0.171851644295453
"1931-1940",1931,1940,"w_statistic","structural","climate",2111,-0.00500019321152684,-0.0161903123596934,0.0376741903461176,-0.0687705150105064,-0.0183330008477819,-0.00185843562927958,-0.000417724938697295,-0.029095987018491,0.299703063226908,0.266006305439922,0.362471868526877,2111,0.498342018000947,0.0928469919469446,0.0156324017053529,NA,NA,0.318683333894042,0.171851644295453
"1941-1950",1941,1950,"w_statistic","structural","climate",2111,-0.00556345512896567,-0.0184553409788676,0.0469250729253237,-0.0756667208502611,-0.0203196759235814,-0.00183511144627782,-0.000460398178339094,-0.0323735926518154,0.291388832085056,0.260397281912337,0.346871862311265,2111,0.497394599715774,0.0914258645191852,0.0161061108479394,NA,NA,0.318683333894042,0.171851644295453
"1951-1960",1951,1960,"w_statistic","structural","climate",2111,-0.00598397478850682,-0.0206940199554511,0.0532797886130759,-0.0832625972685663,-0.0222433357483348,-0.00220667572978228,-0.000481944214591551,-0.0348205850053955,0.287163254541922,0.257878845724197,0.341011992578522,2111,0.497394599715774,0.0909521553765988,0.0170535291331123,NA,NA,0.318683333894042,0.171851644295453
"1961-1970",1961,1970,"w_statistic","structural","climate",2111,-0.00652834326385598,-0.0223299351565959,0.0562127161843652,-0.0898642687567001,-0.024257913976159,-0.00217297613363088,-0.000551719705619902,-0.0379882502179161,0.285878230797068,0.256172964543038,0.337876480092524,2111,0.499763145428707,0.0914258645191852,0.0175272382756987,NA,NA,0.318683333894042,0.171851644295453
"1971-1980",1971,1980,"w_statistic","structural","climate",2111,-0.00696166972388751,-0.0241540093752036,0.0588176933225919,-0.0974018083205486,-0.0260381277620391,-0.00254125445149606,-0.000547053954781523,-0.0405097649919414,0.283252944028538,0.254360144136718,0.328442221153267,2111,0.496447181430602,0.0904784462340123,0.0170535291331123,NA,NA,0.318683333894042,0.171851644295453
"1981-1990",1981,1990,"w_statistic","structural","climate",2111,-0.00857052648470358,-0.0269127625063878,0.0622358339490927,-0.102697744449691,-0.0287697349172694,-0.00362439560428085,-0.00152121879336227,-0.049871658312264,0.278143947590781,0.249184248511177,0.319374287855847,2111,0.503552818569398,0.0961629559450497,0.0180009474182852,NA,NA,0.318683333894042,0.171851644295453
"1991-2000",1991,2000,"w_statistic","structural","climate",2111,-0.0105157325949252,-0.0311644468707959,0.069190218156642,-0.119676986863444,-0.0333056157241939,-0.00517098057844101,-0.000907271174346039,-0.0611907592623683,0.278137330423502,0.250844325290518,0.316886826285755,2111,0.49928943628612,0.0862150639507342,0.0175272382756987,NA,NA,0.318683333894042,0.171851644295453
"2001-2010",2001,2010,"w_statistic","structural","climate",2111,-0.00865112476005969,-0.0297239810776389,0.0710925696154268,-0.114481626698953,-0.0311539911251874,-0.00326945828499008,-0.000950568218744674,-0.0503406574637505,0.278916372931154,0.250757703697787,0.319986866470873,2111,0.50071056371388,0.0961629559450497,0.0189483657034581,NA,NA,0.318683333894042,0.171851644295453
"1841-1850",1841,1850,"production_biomass_ratio","structural","climate",2111,-0.00312001194863765,-0.00286403151962989,0.0037028407956778,-0.00847994686614961,-0.00506053214881574,-0.000340517060078094,0.00295659381016833,-0.00417379333471524,2.34969652893138,1.7719364740065,2.86850768520075,2111,0.502605400284226,0.10279488394126,0.0213169114163903,NA,NA,2.34704440684899,0.747524301859213
"1851-1860",1851,1860,"production_biomass_ratio","structural","climate",2111,0.0031200119486372,0.00286403151962988,0.0037028407956778,-0.00295659381016833,0.000340517060078094,0.00506053214881552,0.00847994686614972,0.00417379333471465,2.34986003674732,1.78084767642947,2.87038281572891,2111,0.498815727143534,0.0994789199431549,0.0203694931312174,NA,NA,2.34704440684899,0.747524301859213
"1861-1870",1861,1870,"production_biomass_ratio","structural","climate",2111,-0.00571435860868075,-0.00357405455665423,0.0102949829914044,-0.0163029276921631,-0.0099053031548999,0.000419748692153221,0.0167958809574795,-0.0076443783760183,2.3467427185931,1.76870899990407,2.86803089482332,2111,0.502131691141639,0.102321174798674,0.0203694931312174,NA,NA,2.34704440684899,0.747524301859213
"1871-1880",1871,1880,"production_biomass_ratio","structural","climate",2111,0.0062370159147318,0.0103623066277199,0.0124878335308145,-0.00152208878354521,0.00297639070518274,0.0139061242832053,0.035594531030656,0.00834356274333736,2.35727483699683,1.7867937366586,2.88090134077709,2111,0.50071056371388,0.0961629559450497,0.019895783988631,NA,NA,2.34704440684899,0.747524301859213
"1881-1890",1881,1890,"production_biomass_ratio","structural","climate",2111,-0.00272176070566355,0.00356172842817436,0.0194714236575057,-0.0151994605270871,-0.00847025359576181,0.00976873732550021,0.0438047307652835,-0.00364103307262933,2.35384693724211,1.77671243131476,2.87730111125261,2111,0.505921364282331,0.101847465656087,0.0208432022738039,NA,NA,2.34704440684899,0.747524301859213
"1891-1900",1891,1900,"production_biomass_ratio","structural","climate",2111,0.00871771091673534,0.0170297841646133,0.0227380714443176,-0.00068182858674537,0.00419273764032746,0.0233191396045611,0.0620220771755481,0.0116621103756132,2.36656011126217,1.79461499121936,2.8870828358697,2111,0.499763145428707,0.0947418285172904,0.0208432022738039,NA,NA,2.34704440684899,0.747524301859213
"1901-1910",1901,1910,"production_biomass_ratio","structural","climate",2111,-8.56251359260263e-06,0.00958891676884312,0.0317972658897012,-0.0143698678456522,-0.00739762027406543,0.0188616038795426,0.069136609777202,-1.14544952870512e-05,2.36262976742178,1.78696541351913,2.88289797601066,2111,0.504973945997158,0.101847465656087,0.0208432022738039,NA,NA,2.34704440684899,0.747524301859213
"1911-1920",1911,1920,"production_biomass_ratio","structural","climate",2111,0.0113544819256475,0.0221528236878796,0.042822935194847,-0.000271033058896419,0.00519039576060454,0.0321042613610505,0.086967440707185,0.0151894485535882,2.37719276684348,1.79999406631476,2.88939878595264,2111,0.500236854571293,0.0928469919469446,0.0189483657034581,NA,NA,2.34704440684899,0.747524301859213
"1921-1930",1921,1930,"production_biomass_ratio","structural","climate",2111,0.00256882407176917,0.0133718109107497,0.066050328160027,-0.0137053054166526,-0.00639035005521715,0.0274109647014479,0.0936287332192621,0.00343644222051389,2.37258963450719,1.788689646472,2.88697910700568,2111,0.508763619137849,0.0994789199431549,0.0213169114163903,NA,NA,2.34704440684899,0.747524301859213
"1931-1940",1931,1940,"production_biomass_ratio","structural","climate",2111,0.0138254742563428,0.0244725188098664,0.0942054894690962,6.35310381060794e-05,0.00605447939490866,0.0405526816309083,0.111161050659705,0.0184950164455613,2.41306976093517,1.82093369550977,2.93043661425759,2111,0.502605400284226,0.0947418285172904,0.0222643297015632,NA,NA,2.34704440684899,0.747524301859213
"1941-1950",1941,1950,"production_biomass_ratio","structural","climate",2111,0.00467590436304999,0.0154494648502791,0.114240431585715,-0.0132523612908803,-0.00553221842950591,0.03572781620008,0.114903800158212,0.00625518709080128,2.42972376956543,1.83154191474824,2.95117129901163,2111,0.510184746565609,0.0999526290857414,0.025106584557082,NA,NA,2.34704440684899,0.747524301859213
"1951-1960",1951,1960,"production_biomass_ratio","structural","climate",2111,0.0163430438835919,0.0276926912212756,0.123448995797279,0.000437523548104668,0.00676114590784582,0.0478278839863093,0.132454843387659,0.0218628930764446,2.45499055947272,1.85073986972497,2.97632516397797,2111,0.504973945997158,0.0956892468024633,0.024159166271909,NA,NA,2.34704440684899,0.747524301859213
"1961-1970",1961,1970,"production_biomass_ratio","structural","climate",2111,0.00679131840781633,0.019309666620832,0.128693152108123,-0.0130390094957256,-0.00476222666125459,0.0423280636643106,0.134796368213415,0.00908508043273674,2.45360894772459,1.83939877605748,2.98474990054837,2111,0.508289909995263,0.0999526290857414,0.0260540028422549,NA,NA,2.34704440684899,0.747524301859213
"1971-1980",1971,1980,"production_biomass_ratio","structural","climate",2111,0.0187180338732391,0.0308168606969103,0.138117169910818,0.000496314815594978,0.00735291379527658,0.0547846157914182,0.150127371278296,0.0250400339182076,2.5059005714091,1.88885835356768,3.03883323001803,2111,0.504026527711985,0.0975840833728091,0.0260540028422549,NA,NA,2.34704440684899,0.747524301859213
"1981-1990",1981,1990,"production_biomass_ratio","structural","climate",2111,0.0110389822001653,0.0180038562446728,0.151927443734963,-0.0345804930326342,-0.0121955708247869,0.049795609359863,0.160087499729484,0.014767389063753,2.51008594756707,1.87119044830427,3.07325170468942,2111,0.515869256276646,0.108953102794884,0.0298436759829465,NA,NA,2.34704440684899,0.747524301859213
"1991-2000",1991,2000,"production_biomass_ratio","structural","climate",2111,0.0497483339862015,0.0511212816908051,0.166619606712137,-0.00627163248289619,0.0241581091253282,0.0862296319690624,0.184089129865377,0.0665507915427892,2.51547697197012,1.9213210459747,3.03359729339226,2111,0.49928943628612,0.0895310279488394,0.0246328754144955,NA,NA,2.34704440684899,0.747524301859213
"2001-2010",2001,2010,"production_biomass_ratio","structural","climate",2111,0.00757105519514312,0.0166468632455124,0.171789277380669,-0.0343686797626559,-0.0116058905229881,0.0519175666689162,0.168830502483701,0.0101281726578155,2.49749007476792,1.84224706978852,3.02090225808242,2111,0.51539554713406,0.107058266224538,0.0298436759829465,NA,NA,2.34704440684899,0.747524301859213
"1841-1850",1841,1850,"fish_pb_ratio","structural","climate",2111,0.000667344161955907,0.000976886813409409,0.00118339612476532,-1.26201591504893e-05,0.000316125681903187,0.00121699749569998,0.003009916857174,0.00610531303674472,0.236624063529075,0.213430710288108,0.275274759369616,2111,0.498815727143534,0.100900047370914,0.0203694931312174,NA,NA,0.23610023050491,0.109305478349678
"1851-1860",1851,1860,"fish_pb_ratio","structural","climate",2111,-0.000667344161955907,-0.000976886813409409,0.00118339612476532,-0.00300991685717406,-0.00121699749569998,-0.000316125681903201,1.26201591505171e-05,-0.00610531303674472,0.235571764159978,0.212181429051838,0.273085802379705,2111,0.499763145428707,0.101373756513501,0.019895783988631,NA,NA,0.23610023050491,0.109305478349678
"1861-1870",1861,1870,"fish_pb_ratio","structural","climate",2111,0.00108190670292721,0.000418426794077633,0.00271404679905128,-0.00398554767698855,0.000288788389859157,0.00168511731017101,0.00239278485747529,0.0098980098643006,0.237553559487773,0.214153567209811,0.274738721123595,2111,0.484130743723354,0.093320701089531,0.0189483657034581,NA,NA,0.23610023050491,0.109305478349678
"1871-1880",1871,1880,"fish_pb_ratio","structural","climate",2111,-0.00152310199752007,-0.00312479293539774,0.00460855958575634,-0.0108803203233157,-0.00365021220850734,-0.000743265650135522,-3.61835494467749e-05,-0.0139343610266955,0.234365992093526,0.211767816618997,0.270569068448224,2111,0.498342018000947,0.100900047370914,0.019895783988631,NA,NA,0.23610023050491,0.109305478349678
"1881-1890",1881,1890,"fish_pb_ratio","structural","climate",2111,0.0003299595032136,-0.00170107996569259,0.00610365180264245,-0.0121763885476519,-0.00211394542916343,0.0012070527788586,0.00225986354164116,0.0030186913610865,0.236085390499758,0.213646166795734,0.272881012681091,2111,0.483183325438181,0.093320701089531,0.0184746565608716,NA,NA,0.23610023050491,0.109305478349678
"1891-1900",1891,1900,"fish_pb_ratio","structural","climate",2111,-0.00230687781260921,-0.00516731354949279,0.00801948290323616,-0.0188213868017083,-0.00599892939363504,-0.0010024189788931,-6.60307609832572e-05,-0.0211048691011562,0.233472035348739,0.211467583358881,0.268541404147845,2111,0.495973472288015,0.100426338228328,0.0180009474182852,NA,NA,0.23610023050491,0.109305478349678
"1901-1910",1901,1910,"fish_pb_ratio","structural","climate",2111,-0.000432651580444088,-0.00370925333004672,0.00939753607768539,-0.0200158309375404,-0.0045207924090845,0.000929266506226142,0.0022526590828736,-0.00395818752158054,0.234953976443416,0.213384854334199,0.270661715149467,2111,0.479867361440076,0.0937944102321175,0.0170535291331123,NA,NA,0.23610023050491,0.109305478349678
"1911-1920",1911,1920,"fish_pb_ratio","structural","climate",2111,-0.00307655921819361,-0.00714519004902414,0.0112812905117165,-0.0270342007825957,-0.00824964430382671,-0.00125725667864061,-4.43329443328561e-05,-0.0281464320420557,0.232307916577194,0.211043512182393,0.266197905760528,2111,0.492183799147324,0.0971103742302226,0.0180009474182852,NA,NA,0.23610023050491,0.109305478349678
"1921-1930",1921,1930,"fish_pb_ratio","structural","climate",2111,-0.00115112523918678,-0.00569545703262209,0.0127678315486161,-0.0281519476534615,-0.00676860308416877,0.000683456392051265,0.00222777043058496,-0.0105312675683485,0.233968270344032,0.213057320125413,0.268572471428273,2111,0.474656560871625,0.0918995736617717,0.0165798199905258,NA,NA,0.23610023050491,0.109305478349678
"1931-1940",1931,1940,"fish_pb_ratio","structural","climate",2111,-0.00383095337436881,-0.00912184202676788,0.0146944568469218,-0.0355097145729297,-0.0104260227460158,-0.00148405125762037,-5.41990946557047e-05,-0.0350481369480242,0.229134143565599,0.209542341337095,0.259276530436097,2111,0.489815253434391,0.098531501657982,0.0184746565608716,NA,NA,0.23610023050491,0.109305478349678
"1941-1950",1941,1950,"fish_pb_ratio","structural","climate",2111,-0.00193343362061163,-0.00770720146345477,0.0162255302134747,-0.0364634428577595,-0.00900549875561195,0.000493566065909321,0.00216320699679565,-0.0176883505731195,0.22585359928432,0.20819875929649,0.247884560721693,2111,0.473709142586452,0.093320701089531,0.0175272382756987,NA,NA,0.23610023050491,0.109305478349678
"1951-1960",1951,1960,"fish_pb_ratio","structural","climate",2111,-0.00454624234807324,-0.0111866721441921,0.0184589009333348,-0.04432258948638,-0.0124077140800945,-0.00168850812172505,-3.15289915458344e-05,-0.0415920813550571,0.222722015998994,0.205270875212879,0.244081910883151,2111,0.489815253434391,0.0999526290857414,0.0208432022738039,NA,NA,0.23610023050491,0.109305478349678
"1961-1970",1961,1970,"fish_pb_ratio","structural","climate",2111,-0.00266395546946188,-0.009684463332861,0.0197946410893215,-0.0443032405904755,-0.0111538431108348,0.000268002025526404,0.0021254914774915,-0.0243716555627674,0.223668284253944,0.206627183309734,0.244277534203615,2111,0.46991946944576,0.0947418285172904,0.0189483657034581,NA,NA,0.23610023050491,0.109305478349678
"1971-1980",1971,1980,"fish_pb_ratio","structural","climate",2111,-0.00524458725163651,-0.0130091202333151,0.0214785153966319,-0.0517553256948731,-0.0144105770425482,-0.00191548615431394,2.06390876764107e-06,-0.0479810100172528,0.220210967837841,0.20383546746206,0.240767562615592,2111,0.490762671719564,0.0990052108005685,0.0213169114163903,NA,NA,0.23610023050491,0.109305478349678
"1981-1990",1981,1990,"fish_pb_ratio","structural","climate",2111,-0.00443567269173406,-0.0127755525659549,0.0229170030293335,-0.0568545796146724,-0.0143784564916171,-0.00102250892131603,0.00084898555201357,-0.0405805158049255,0.220854703298361,0.205647046546768,0.240632894077596,2111,0.48460445286594,0.098531501657982,0.0213169114163903,NA,NA,0.23610023050491,0.109305478349678
"1991-2000",1991,2000,"fish_pb_ratio","structural","climate",2111,-0.00303177822356568,-0.0112788154916075,0.0234052298641605,-0.0549052595341696,-0.0130685020640385,0.00081200766270606,0.00369025534839085,-0.0277367453977626,0.222089183367436,0.206750280800427,0.242062046489262,2111,0.471814306016106,0.0881099005210801,0.0194220748460445,NA,NA,0.23610023050491,0.109305478349678
"2001-2010",2001,2010,"fish_pb_ratio","structural","climate",2111,-0.00735086710629762,-0.0165775296554553,0.0254877836556874,-0.0687568856877339,-0.0183723336987492,-0.00343708126639718,-0.000935147887875395,-0.0672506741407922,0.216469830262132,0.202471969256954,0.235252104515517,2111,0.506395073424917,0.107531975367125,0.0255802936996684,NA,NA,0.23610023050491,0.109305478349678
"1841-1850",1841,1850,"marine_mammal_pb_ratio","structural","climate",2111,-4.89404010365138e-06,-5.55478521045284e-06,1.72949818921511e-05,-2.92854824064158e-05,-1.25251503044954e-05,-1.63134653949443e-06,2.32106849227106e-05,-0.00182879318044113,0.00230598051700451,0.00075667395301326,0.0044948206501076,2111,0.501657981999053,0.104216011369019,0.0213169114163903,NA,NA,0.00232164966191529,0.00267610364911294
"1851-1860",1851,1860,"marine_mammal_pb_ratio","structural","climate",2111,4.89404010365138e-06,5.55478521045285e-06,1.72949818921511e-05,-2.32106849227119e-05,1.6313465394944e-06,1.25251503044956e-05,2.9285482406416e-05,0.00182879318044113,0.00233714030085253,0.000766307159953717,0.00449977020407296,2111,0.499763145428707,0.0999526290857414,0.0189483657034581,NA,NA,0.00232164966191529,0.00267610364911294
"1861-1870",1861,1870,"marine_mammal_pb_ratio","structural","climate",2111,5.08794410930269e-05,5.53458321558123e-05,4.27920762519969e-05,5.08254373402081e-06,2.01318014820274e-05,8.06685842437481e-05,0.00013028630296686,0.0190125076470383,0.0023761382780765,0.000782812786117711,0.0045907170280426,2111,0.509711037423022,0.0975840833728091,0.0208432022738039,NA,NA,0.00232164966191529,0.00267610364911294
"1871-1880",1871,1880,"marine_mammal_pb_ratio","structural","climate",2111,5.96167381551921e-05,6.35329577806e-05,6.34672287130371e-05,4.19330137909027e-06,2.25828617791736e-05,9.07165563395684e-05,0.00017555642254005,0.022277439879787,0.00241565869252239,0.000788271779128941,0.00459937187930002,2111,0.510658455708195,0.0961629559450497,0.0194220748460445,NA,NA,0.00232164966191529,0.00267610364911294
"1881-1890",1881,1890,"marine_mammal_pb_ratio","structural","climate",2111,0.000107950657205417,0.000112942565969366,9.13466460330914e-05,1.097318575189e-05,4.21200286666743e-05,0.000164766908737194,0.000272045594941045,0.0403387429486149,0.00246396821202264,0.000811696165276627,0.0046698989956407,2111,0.519658929417338,0.0966366650876362,0.0208432022738039,NA,NA,0.00232164966191529,0.00267610364911294
"1891-1900",1891,1900,"marine_mammal_pb_ratio","structural","climate",2111,0.000114795836138443,0.000120821577966249,0.00011377272426529,9.75921732282892e-06,4.47776788936332e-05,0.000170710261562973,0.000320791548256021,0.0428966330121388,0.00252176916067963,0.000818242426785677,0.00467607641952129,2111,0.52202747513027,0.0952155376598768,0.0194220748460445,NA,NA,0.00232164966191529,0.00267610364911294
"1901-1910",1901,1910,"marine_mammal_pb_ratio","structural","climate",2111,0.000165274912399969,0.000170672709241683,0.000141465126296045,1.68834248899185e-05,6.41107903202189e-05,0.000246702056089217,0.000421917036741027,0.0617595332881644,0.00258022757335819,0.000839464792216929,0.00473992839306821,2111,0.531027948839413,0.0952155376598768,0.0208432022738039,NA,NA,0.00232164966191529,0.00267610364911294
"1911-1920",1911,1920,"marine_mammal_pb_ratio","structural","climate",2111,0.000170143629571781,0.00017834213709826,0.000164281036661377,1.56367857983465e-05,6.67569805213003e-05,0.000251567252872205,0.000469139277232411,0.0635788638561062,0.00262091882213814,0.000849170535594368,0.00474512073813537,2111,0.533870203694931,0.0928469919469446,0.0194220748460445,NA,NA,0.00232164966191529,0.00267610364911294
"1921-1930",1921,1930,"marine_mammal_pb_ratio","structural","climate",2111,0.00022199679910299,0.000228640161505074,0.000191910321607798,2.26358547646301e-05,8.67525935123298e-05,0.000330195637521146,0.0005692379294928,0.0829552320129962,0.00267277831218052,0.000875743559434912,0.00481329175747675,2111,0.538607295120796,0.0928469919469446,0.019895783988631,NA,NA,0.00232164966191529,0.00267610364911294
"1931-1940",1931,1940,"marine_mammal_pb_ratio","structural","climate",2111,0.000226228037354055,0.00023607492861919,0.00021480865264797,2.13909190516648e-05,8.996752861675e-05,0.000334031707413487,0.000614945430568101,0.084536350985151,0.0034543894652759,0.00119180002085751,0.00624378975871855,2111,0.538607295120796,0.0895310279488394,0.0194220748460445,NA,NA,0.00232164966191529,0.00267610364911294
"1941-1950",1941,1950,"marine_mammal_pb_ratio","structural","climate",2111,0.000276674225778611,0.000286765751963836,0.000242491496409203,2.83291483831288e-05,0.000110303809411781,0.000410374277158232,0.000712261633741889,0.103386961813053,0.00424909597208823,0.00147341408039366,0.0073310859468918,2111,0.541923259118901,0.0900047370914259,0.0175272382756987,NA,NA,0.00232164966191529,0.00267610364911294
"1951-1960",1951,1960,"marine_mammal_pb_ratio","structural","climate",2111,0.000282369400374705,0.000293878803823269,0.000265589674703792,2.79633057358319e-05,0.000114587066476472,0.000415808388857668,0.000767340949318456,0.105515121011215,0.0048925838057149,0.00165904176153706,0.00815506999013567,2111,0.540502131691142,0.0876361913784936,0.0161061108479394,NA,NA,0.00232164966191529,0.00267610364911294
"1961-1970",1961,1970,"marine_mammal_pb_ratio","structural","climate",2111,0.000332333347789075,0.000344830636279434,0.000294036037151407,3.44200503919489e-05,0.000134153682808331,0.000493101059201349,0.000859249342755553,0.124185529173818,0.00529119134495295,0.00180730845016276,0.00870113952307278,2111,0.546186641402179,0.0881099005210801,0.0161061108479394,NA,NA,0.00232164966191529,0.00267610364911294
"1971-1980",1971,1980,"marine_mammal_pb_ratio","structural","climate",2111,0.000338657041577746,0.000351464715135826,0.000318860867418236,3.38329128524767e-05,0.000138228422822158,0.000495837081339674,0.000908345988469309,0.12654855191801,0.00545154102668893,0.00223555229849919,0.00889267689126625,2111,0.546186641402179,0.0866887730933207,0.0161061108479394,NA,NA,0.00232164966191529,0.00267610364911294
"1981-1990",1981,1990,"marine_mammal_pb_ratio","structural","climate",2111,0.000361672456028587,0.000376643660639799,0.000353372427134777,3.00978345979442e-05,0.000144708488446497,0.000538461916479364,0.000982214332723104,0.135148896848025,0.00571925664446295,0.00289228806525223,0.00902696335131032,2111,0.549028896257698,0.0871624822359072,0.01468498342018,NA,NA,0.00232164966191529,0.00267610364911294
"1991-2000",1991,2000,"marine_mammal_pb_ratio","structural","climate",2111,0.000414647572839606,0.000431197543030174,0.000372578942798839,4.39111840616162e-05,0.000171697117596404,0.000610552684732312,0.0010659358109101,0.154944511576392,0.0058231396673118,0.00298786095839793,0.00903047294794408,2111,0.546660350544765,0.0918995736617717,0.0151586925627665,NA,NA,0.00232164966191529,0.00267610364911294
"2001-2010",2001,2010,"marine_mammal_pb_ratio","structural","climate",2111,0.000412260114838726,0.00042847848238078,0.00040317485202011,3.51589230458104e-05,0.000164478666250738,0.00061502473765375,0.0011233221595323,0.154052371990666,0.00583403570002769,0.00306972804215557,0.00898039931277122,2111,0.552818569398389,0.0862150639507342,0.0127901468498342,NA,NA,0.00232164966191529,0.00267610364911294
"1841-1850",1841,1850,"spectrum_mle_exponent","structural","climate",2111,0.000223536785491918,0.000189947797803704,0.000222383128551622,-0.000187152408384961,-1.83087027239015e-06,0.000403764810631202,0.000461166908962252,0.00686569640079542,-1.4600586429301,-1.48370199562427,-1.43883389740178,2111,0.494552344860256,0.10279488394126,0.0217906205589768,NA,NA,-1.4602261625899,0.0325585013438725
"1851-1860",1851,1860,"spectrum_mle_exponent","structural","climate",2111,-0.00022353678549214,-0.000189947797803704,0.000222383128551624,-0.000461166908962363,-0.000403764810631091,1.83087027250117e-06,0.00018715240838485,-0.00686569640080224,-1.46035445343497,-1.48431459981455,-1.43910721418441,2111,0.504500236854571,0.100900047370914,0.0194220748460445,NA,NA,-1.4602261625899,0.0325585013438725
"1861-1870",1861,1870,"spectrum_mle_exponent","structural","climate",2111,0.00043295600927773,0.000365186842203764,0.000356849647027797,-0.000220585888894065,8.36203508706168e-05,0.000674699311919658,0.000805022721515947,0.0132977867962959,-1.45981564760476,-1.48348031337149,-1.43864753255054,2111,0.490288962576978,0.105637138796779,0.0236854571293226,NA,NA,-1.4602261625899,0.0325585013438725
"1871-1880",1871,1880,"spectrum_mle_exponent","structural","climate",2111,-0.0002383391992129,-0.000210867645630833,0.000237255993087271,-0.000507294714451434,-0.000419802141118586,-1.95214283345013e-05,0.00017164497587252,-0.007320336912797,-1.46036135008405,-1.48438274787127,-1.43913937395775,2111,0.505447655139744,0.0990052108005685,0.0203694931312174,NA,NA,-1.4602261625899,0.0325585013438725
"1881-1890",1881,1890,"spectrum_mle_exponent","structural","climate",2111,0.000413705702394962,0.000346111116165113,0.000400974902870681,-0.000308564914785814,5.65094655617937e-05,0.00065348239048435,0.000799503795689605,0.0127065339410293,-1.4598258407839,-1.48354965521983,-1.43866025220733,2111,0.491236380862151,0.104216011369019,0.0232117479867361,NA,NA,-1.4602261625899,0.0325585013438725
"1891-1900",1891,1900,"spectrum_mle_exponent","structural","climate",2111,-0.000257804203371181,-0.000225303364792904,0.000368716261764605,-0.000582122023117804,-0.000438229945296187,-4.01604910603703e-05,0.00017665137658085,-0.00791818396824645,-1.46039543018021,-1.48444063077836,-1.43913065667681,2111,0.507816200852676,0.098531501657982,0.0203694931312174,NA,NA,-1.4602261625899,0.0325585013438725
"1901-1910",1901,1910,"spectrum_mle_exponent","structural","climate",2111,0.000396123503000112,0.000345431300458307,0.000853723529115,-0.000373427057423492,3.12103680463194e-05,0.000638902472773872,0.000791810919151592,0.0121665152463985,-1.45978758672631,-1.4836045169993,-1.43868151907864,2111,0.492183799147324,0.102321174798674,0.0222643297015632,NA,NA,-1.4602261625899,0.0325585013438725
"1911-1920",1911,1920,"spectrum_mle_exponent","structural","climate",2111,-0.000275105837651113,-6.54591176065429e-05,0.00773500933808517,-0.000671240566467279,-0.00045381836453573,-5.11519824628603e-05,0.00018345495840566,-0.00844958540153716,-1.46037091317508,-1.48438691988436,-1.43897077988232,2111,0.508289909995263,0.0990052108005685,0.0208432022738039,NA,NA,-1.4602261625899,0.0325585013438725
"1921-1930",1921,1930,"spectrum_mle_exponent","structural","climate",2111,0.000384692042080248,0.000575189265255015,0.0091191414472354,-0.000451759020286269,6.71666720464259e-06,0.000623885480661057,0.000788029504364629,0.0118154099913032,-1.45983449415984,-1.48342718800713,-1.43866280190345,2111,0.490762671719564,0.103268593083847,0.0232117479867361,NA,NA,-1.4602261625899,0.0325585013438725
"1931-1940",1931,1940,"spectrum_mle_exponent","structural","climate",2111,-0.000289291476787357,0.000460838626213466,0.0147996698599329,-0.000771188793305622,-0.000467346459563589,-5.73991415547814e-05,0.000185718716465,-0.00888528233323619,-1.46044308081572,-1.48461345893715,-1.43902568181456,2111,0.509237328280436,0.101847465656087,0.0232117479867361,NA,NA,-1.4602261625899,0.0325585013438725
"1941-1950",1941,1950,"spectrum_mle_exponent","structural","climate",2111,0.000375810205918148,0.00162418804734604,0.0214280543939556,-0.000538840005323227,-1.12327790330324e-05,0.000614919802066516,0.000789876317589977,0.0115426137692568,-1.46003174415024,-1.48382936935175,-1.4388849081289,2111,0.495026054002842,0.106110847939365,0.0265277119848413,NA,NA,-1.4602261625899,0.0325585013438725
"1951-1960",1951,1960,"spectrum_mle_exponent","structural","climate",2111,-0.000301349161364817,0.0015871185148084,0.0260688924369998,-0.000863666273217656,-0.000478231096214254,-5.97148868171082e-05,0.000191950244987749,-0.0092556213869325,-1.46049135381319,-1.48480264795561,-1.43907237438467,2111,0.511605873993368,0.103742302226433,0.0255802936996684,NA,NA,-1.4602261625899,0.0325585013438725
"1961-1970",1961,1970,"spectrum_mle_exponent","structural","climate",2111,0.000367744233507272,0.00224005736311734,0.0269888393527694,-0.000623522511095875,-2.41661892679268e-05,0.000608828753857926,0.00078830340934799,0.0112948759411029,-1.4601302327366,-1.48387100292283,-1.43883556387348,2111,0.495973472288015,0.107058266224538,0.0279488394126007,NA,NA,-1.4602261625899,0.0325585013438725
"1971-1980",1971,1980,"spectrum_mle_exponent","structural","climate",2111,-0.000317540773119074,0.00185418431674346,0.0278135287504432,-0.000974275996564522,-0.00049048333213686,-6.54914024501574e-05,0.000213712467921123,-0.00975292965008769,-1.46059638855989,-1.48485459976199,-1.43940893656037,2111,0.512079583135954,0.105163429654192,0.0265277119848413,NA,NA,-1.4602261625899,0.0325585013438725
"1981-1990",1981,1990,"spectrum_mle_exponent","structural","climate",2111,-0.000345050106316247,0.00222032996430672,0.0293866214816759,-0.00122802201476468,-0.0005743877662715,1.16648552237475e-05,0.0018141642942725,-0.0105978497803673,-1.46062379174882,-1.48497982785973,-1.4390916824903,2111,0.516816674561819,0.114163903363335,0.0336333491236381,NA,NA,-1.4602261625899,0.0325585013438725
"1991-2000",1991,2000,"spectrum_mle_exponent","structural","climate",2111,0.00182330731652702,0.0044848427741229,0.0324931731896074,-0.00196682670053738,0.000916868849957897,0.0027574490004515,0.00351200476251023,0.0560009595426348,-1.45866947768393,-1.48150290705508,-1.43820389303615,2111,0.446234012316438,0.0971103742302226,0.024159166271909,NA,NA,-1.4602261625899,0.0325585013438725
"2001-2010",2001,2010,"spectrum_mle_exponent","structural","climate",2111,-0.00107551289442687,0.00229748388536983,0.0345103978986058,-0.00268974208694472,-0.00151423614444746,-0.000512621384376244,0.00121905240375475,-0.0330332432401493,-1.46116514598329,-1.48586994379038,-1.43939558422744,2111,0.529606821411653,0.117006158218854,0.0350544765513974,NA,NA,-1.4602261625899,0.0325585013438725
"1841-1850",1841,1850,"spectrum_lcd_exponent","structural","climate",2111,0.00026188377234293,0.00029345128510257,0.000130482454501993,0.000113158291160209,0.000202298408347179,0.000393416832398685,0.000503809048585824,0.00933369104396363,-2.07442810766298,-2.09345736695777,-2.05325524786165,2111,0.499763145428707,0.098531501657982,0.0208432022738039,NA,NA,-2.07477133455583,0.0280579002571869
"1851-1860",1851,1860,"spectrum_lcd_exponent","structural","climate",2111,-0.000261883772343374,-0.000293451285102564,0.000130482454502003,-0.000503809048586046,-0.000393416832398907,-0.000202298408346957,-0.000113158291160209,-0.00933369104397946,-2.07509492908317,-2.09389108171474,-2.05375387139465,2111,0.501657981999053,0.0999526290857414,0.0208432022738039,NA,NA,-2.07477133455583,0.0280579002571869
"1861-1870",1861,1870,"spectrum_lcd_exponent","structural","climate",2111,-0.000213584048032622,-0.000255231273336223,0.00037935895113953,-0.000914420381973979,-0.000454463506528668,-4.38617654463513e-05,0.000326181774689349,-0.00761226057812055,-2.07490985976055,-2.09399794525101,-2.05379902571431,2111,0.503079109426812,0.0994789199431549,0.0203694931312174,NA,NA,-2.07477133455583,0.0280579002571869
"1871-1880",1871,1880,"spectrum_lcd_exponent","structural","climate",2111,-0.000738490745688214,-0.000886690497759968,0.000534840719603615,-0.00182264771612606,-0.00121394555709964,-0.000556795721676107,-0.000179530716741594,-0.0263202427451446,-2.0757557641336,-2.09441005572148,-2.05451056140674,2111,0.502605400284226,0.0966366650876362,0.019895783988631,NA,NA,-2.07477133455583,0.0280579002571869
"1881-1890",1881,1890,"spectrum_lcd_exponent","structural","climate",2111,-0.000654388640970005,-0.000842524644633931,0.000765937298777279,-0.00222275337318356,-0.00127463652881898,-0.000364104119706665,0.0002353352108313,-0.0233227944704232,-2.07554795623193,-2.09444120813698,-2.05456508409348,2111,0.500236854571293,0.0952155376598768,0.0189483657034581,NA,NA,-2.07477133455583,0.0280579002571869
"1891-1900",1891,1900,"spectrum_lcd_exponent","structural","climate",2111,-0.00120157650097985,-0.00146855257489335,0.00095386099689993,-0.00313316595092439,-0.0020531138757407,-0.000887458051214596,-0.000227185482656544,-0.0428248903148792,-2.07644799399212,-2.09495727037449,-2.05521897958472,2111,0.499763145428707,0.0937944102321175,0.0184746565608716,NA,NA,-2.07477133455583,0.0280579002571869
"1901-1910",1901,1910,"spectrum_lcd_exponent","structural","climate",2111,-0.00108978050742525,-0.00141000352897339,0.00125958861455779,-0.00351443932485529,-0.00207133797215886,-0.000698080047092375,0.000198048003034579,-0.0388404156204138,-2.07628141117392,-2.0949800572667,-2.05543255812338,2111,0.500236854571293,0.0918995736617717,0.0189483657034581,NA,NA,-2.07477133455583,0.0280579002571869
"1911-1920",1911,1920,"spectrum_lcd_exponent","structural","climate",2111,-0.00165237922569794,-0.00197452901210328,0.00315837501249944,-0.00441219114403313,-0.0028532281065865,-0.0012137948272597,-0.000265850218560404,-0.0588917634802231,-2.07705683431957,-2.09545309031218,-2.05609146735208,2111,0.502605400284226,0.0909521553765988,0.0194220748460445,NA,NA,-2.07477133455583,0.0280579002571869
"1921-1930",1921,1930,"spectrum_lcd_exponent","structural","climate",2111,-0.00154004677386732,-0.00187208473387322,0.00374982449196729,-0.0048293961021848,-0.00288463563959618,-0.00101707062162459,0.000210765722880701,-0.0548881690985713,-2.0769072042547,-2.09549099330035,-2.05618015892525,2111,0.49928943628612,0.0904784462340123,0.0203694931312174,NA,NA,-2.07477133455583,0.0280579002571869
"1931-1940",1931,1940,"spectrum_lcd_exponent","structural","climate",2111,-0.00209858008050912,-0.00229463940468925,0.00609149270832104,-0.0057112249927439,-0.00366160047128283,-0.00153837208735785,-0.000225640751676304,-0.0747946233065525,-2.08546418098432,-2.10249794753524,-2.06334804390613,2111,0.504026527711985,0.0918995736617717,0.0208432022738039,NA,NA,-2.07477133455583,0.0280579002571869
"1941-1950",1941,1950,"spectrum_lcd_exponent","structural","climate",2111,-0.00198706888824951,-0.00200383495046713,0.008505859072126,-0.00611109448287239,-0.00366833781923104,-0.00134577679050896,0.000180715816819665,-0.0708202990970621,-2.09223346700858,-2.10858593793267,-2.06885938390761,2111,0.504500236854571,0.0900047370914259,0.0217906205589768,NA,NA,-2.07477133455583,0.0280579002571869
"1951-1960",1951,1960,"spectrum_lcd_exponent","structural","climate",2111,-0.00254427752030617,-0.00245306401973199,0.0103627394948646,-0.00698218800070949,-0.00447311704829012,-0.00184764541191695,-0.000251961047799565,-0.0906795411269048,-2.09768684077623,-2.11483050559991,-2.07318230636128,2111,0.50734249171009,0.0881099005210801,0.0208432022738039,NA,NA,-2.07477133455583,0.0280579002571869
"1961-1970",1961,1970,"spectrum_lcd_exponent","structural","climate",2111,-0.00242592991108781,-0.00236784059910916,0.0107030466772754,-0.00738326780242549,-0.00438290329969027,-0.00167055291778317,0.000147398254388698,-0.0864615630125929,-2.09961886627326,-2.11741840670712,-2.0747127173842,2111,0.505447655139744,0.0871624822359072,0.0208432022738039,NA,NA,-2.07477133455583,0.0280579002571869
"1971-1980",1971,1980,"spectrum_lcd_exponent","structural","climate",2111,-0.00297371915687972,-0.00290920801045571,0.0110505715446583,-0.00825596594059341,-0.00518609428943151,-0.00214732480476232,-0.000242274086347694,-0.105985092598582,-2.10232989113026,-2.12022731107477,-2.07896005742525,2111,0.505921364282331,0.0866887730933207,0.0222643297015632,NA,NA,-2.07477133455583,0.0280579002571869
"1981-1990",1981,1990,"spectrum_lcd_exponent","structural","climate",2111,-0.00305472425621245,-0.0029205065905478,0.0116872449047337,-0.00896402047293754,-0.00528887718638194,-0.00210254916174457,0.000340774570166014,-0.108872161787303,-2.10447278830857,-2.12264358437661,-2.08389478356123,2111,0.505921364282331,0.0871624822359072,0.0222643297015632,NA,NA,-2.07477133455583,0.0280579002571869
"1991-2000",1991,2000,"spectrum_lcd_exponent","structural","climate",2111,-0.00472151800636311,-0.0045235037590832,0.012822082788452,-0.0110131274704155,-0.00741864642623447,-0.00368991592015577,-0.00152110955020701,-0.168277667362287,-2.105318226501,-2.12340673958748,-2.08543943387473,2111,0.506395073424917,0.0923732828043581,0.0232117479867361,NA,NA,-2.07477133455583,0.0280579002571869
"2001-2010",2001,2010,"spectrum_lcd_exponent","structural","climate",2111,-0.00314226480781343,-0.00280697161490071,0.01356476589042,-0.00991302938462724,-0.00562948833599752,-0.00204687008093773,0.000625229807668326,-0.111992158322986,-2.10398492456227,-2.12148289399238,-2.08393395527303,2111,0.503079109426812,0.089057318806253,0.0236854571293226,NA,NA,-2.07477133455583,0.0280579002571869
"1841-1850",1841,1850,"spectrum_lbnbiom_slope","structural","climate",2111,0.000215895644531727,0.000226548815675834,0.000141656279268961,2.37784666401453e-07,0.000148538975903056,0.000300979319542871,0.000483442175991833,0.0142484681569169,-1.12518365916208,-1.13489588883209,-1.11332118232626,2111,0.502605400284226,0.104689720511606,0.0208432022738039,NA,NA,-1.12537184378399,0.0151522003736887
"1851-1860",1851,1860,"spectrum_lbnbiom_slope","structural","climate",2111,-0.000215895644531505,-0.000226548815675834,0.000141656279268967,-0.000483442175991833,-0.000300979319542982,-0.000148538975903056,-2.37784666512475e-07,-0.0142484681569022,-1.12557434283449,-1.13533811247152,-1.11393004811422,2111,0.50071056371388,0.0994789199431549,0.019895783988631,NA,NA,-1.12537184378399,0.0151522003736887
"1861-1870",1861,1870,"spectrum_lbnbiom_slope","structural","climate",2111,6.293189407236e-05,0.000122120545603127,0.000403212658971649,-0.00045515164832266,-0.000130459335296207,0.000345625198593935,0.000838476580108161,0.00415331717640424,-1.12531917470775,-1.13506565803263,-1.11348245159873,2111,0.502605400284226,0.102321174798674,0.0208432022738039,NA,NA,-1.12537184378399,0.0151522003736887
"1871-1880",1871,1880,"spectrum_lbnbiom_slope","structural","climate",2111,-0.000365894492178276,-0.000356103726309187,0.000550427121057347,-0.00120689465559942,-0.00066365232650778,-0.000104985825001958,0.000661351651894959,-0.0241479444011076,-1.12574165191472,-1.13546631113481,-1.11416298595824,2111,0.495499763145429,0.0990052108005685,0.0194220748460445,NA,NA,-1.12537184378399,0.0151522003736887
"1881-1890",1881,1890,"spectrum_lbnbiom_slope","structural","climate",2111,-9.82655979639979e-05,-2.45913021250685e-05,0.000788803264919204,-0.00121242299266022,-0.000466153715505069,0.000358973888085035,0.00141727361832167,-0.00648523617300053,-1.1254577939487,-1.13522772631017,-1.11381289820335,2111,0.496447181430602,0.0999526290857414,0.019895783988631,NA,NA,-1.12537184378399,0.0151522003736887
"1891-1900",1891,1900,"spectrum_lbnbiom_slope","structural","climate",2111,-0.000541778258683179,-0.000504045636623284,0.000997964486078153,-0.0020276674431704,-0.0010456582576579,-7.56038454272634e-05,0.00129017105477047,-0.0357557480314186,-1.12594538855737,-1.13556348308192,-1.11429905138354,2111,0.493131217432496,0.0980577925153956,0.0194220748460445,NA,NA,-1.12537184378399,0.0151522003736887
"1901-1910",1901,1910,"spectrum_lbnbiom_slope","structural","climate",2111,-0.000257835787173422,-0.000159529661584783,0.00143978766351123,-0.0020357497139335,-0.000837049697620329,0.000330357025471018,0.00202087375889126,-0.0170163923928267,-1.12570772987683,-1.13531733447911,-1.11401504449193,2111,0.495499763145429,0.0994789199431549,0.0213169114163903,NA,NA,-1.12537184378399,0.0151522003736887
"1911-1920",1911,1920,"spectrum_lbnbiom_slope","structural","climate",2111,-0.000712994067451955,-0.000538725189184951,0.00530351492039219,-0.00284494325847684,-0.00142434557581972,-4.61167885869029e-05,0.00193572784658369,-0.0470554803835651,-1.12613930290868,-1.1357174704471,-1.11462644994628,2111,0.497394599715774,0.0990052108005685,0.019895783988631,NA,NA,-1.12537184378399,0.0151522003736887
"1921-1930",1921,1930,"spectrum_lbnbiom_slope","structural","climate",2111,-0.000403115725794212,-0.000132821286953077,0.00645959627570323,-0.00287144572563125,-0.00120615749431485,0.00035639906206586,0.00259787728813354,-0.0266044347258112,-1.12577917852252,-1.13534823807685,-1.11438669188872,2111,0.495499763145429,0.10279488394126,0.0227380388441497,NA,NA,-1.12537184378399,0.0151522003736887
"1931-1940",1931,1940,"spectrum_lbnbiom_slope","structural","climate",2111,-0.000876328491855372,-0.000305600590908832,0.0102797779070833,-0.00364761341215769,-0.00179738391213102,-9.53645429790928e-06,0.00253469989924904,-0.0578350648911091,-1.12892961628689,-1.13872124146194,-1.11764306755724,2111,0.492183799147324,0.100426338228328,0.025106584557082,NA,NA,-1.12537184378399,0.0151522003736887
"1941-1950",1941,1950,"spectrum_lbnbiom_slope","structural","climate",2111,-0.000551917976750582,0.000407772426960441,0.0143667433338669,-0.00368883453765623,-0.00158668801171646,0.000388220522734684,0.00317347644904364,-0.0364249391599236,-1.13325159826527,-1.14343895483645,-1.12184051300877,2111,0.494552344860256,0.101373756513501,0.0255802936996684,NA,NA,-1.12537184378399,0.0151522003736887
"1951-1960",1951,1960,"spectrum_lbnbiom_slope","structural","climate",2111,-0.0010362302494018,0.000215319045696688,0.0175170431250949,-0.00444861406549746,-0.00218366098918221,1.86913063501271e-05,0.00310063757733126,-0.0683881036315482,-1.14011512519358,-1.15054741827847,-1.12863979530601,2111,0.486972998578873,0.101847465656087,0.0255802936996684,NA,NA,-1.12537184378399,0.0151522003736887
"1961-1970",1961,1970,"spectrum_lbnbiom_slope","structural","climate",2111,-0.000683717065565581,0.000581878438085094,0.0181099186407173,-0.00445537726757983,-0.00197063897191263,0.000403865478889154,0.00372151115612263,-0.0451232856419213,-1.14229925291381,-1.15298884724498,-1.1306798212681,2111,0.488867835149218,0.101373756513501,0.0265277119848413,NA,NA,-1.12537184378399,0.0151522003736887
"1971-1980",1971,1980,"spectrum_lbnbiom_slope","structural","climate",2111,-0.00120030223190515,0.000199031712756948,0.0186709524376745,-0.00521617926207407,-0.00256290629545497,2.29883716146295e-05,0.00362934239150392,-0.079216364772303,-1.14591783664332,-1.15619649183051,-1.13429217971486,2111,0.489341544291805,0.102321174798674,0.0265277119848413,NA,NA,-1.12537184378399,0.0151522003736887
"1981-1990",1981,1990,"spectrum_lbnbiom_slope","structural","climate",2111,-0.00113934065136823,0.000468213282285805,0.019923665194114,-0.00554345952090807,-0.00264205803237372,0.000258778848973518,0.00414497909291145,-0.075193082408457,-1.14912107450476,-1.1589707634507,-1.13781933133337,2111,0.498342018000947,0.10279488394126,0.02936996684036,NA,NA,-1.12537184378399,0.0151522003736887
"1991-2000",1991,2000,"spectrum_lbnbiom_slope","structural","climate",2111,-0.0024118585096049,-0.000741046008379307,0.0221063791684609,-0.00743616456322382,-0.00431419344553852,-0.00111076447013547,0.00299348954544898,-0.159175462977181,-1.14901736511414,-1.15824731523138,-1.13853203194987,2111,0.48460445286594,0.10279488394126,0.0279488394126007,NA,NA,-1.12537184378399,0.0151522003736887
"2001-2010",2001,2010,"spectrum_lbnbiom_slope","structural","climate",2111,-0.000891619300447788,0.00116154269188704,0.0234157468889877,-0.00593331790042029,-0.00267210457398392,0.000623171277821966,0.00494336416773578,-0.0588442126198421,-1.14666456479879,-1.15594480755095,-1.13615282034923,2111,0.495973472288015,0.107058266224538,0.0312648034107058,NA,NA,-1.12537184378399,0.0151522003736887
"1841-1850",1841,1850,"mean_weight","structural","climate",2111,-0.040128610720501,1.9276746665338,9.02351329937598,-0.508608585219392,-0.273340158438707,0.311674505905074,9.48571231232822,-9.76622448496918e-05,261.098024974079,227.149849236305,294.609024412278,2111,0.50071056371388,0.0990052108005685,0.0203694931312174,NA,NA,261.10741319016,410.891750258878
"1851-1860",1851,1860,"mean_weight","structural","climate",2111,0.040128610720501,-1.9276746665338,9.02351329937599,-9.48571231232825,-0.311674505905074,0.273340158438707,0.508608585219406,9.76622448496918e-05,261.021135732638,227.380954925981,294.686121991073,2111,0.49928943628612,0.100426338228328,0.0184746565608716,NA,NA,261.10741319016,410.891750258878
"1861-1870",1861,1870,"mean_weight","structural","climate",2111,-1.25962224977445,-6.64106882111009,25.3317969449239,-29.9779113667213,-1.83290652058572,-0.59776316426732,0.785265106496574,-0.00306558174745742,259.509743152475,225.84283384662,293.574930387495,2111,0.497868308858361,0.0966366650876362,0.0156324017053529,NA,NA,261.10741319016,410.891750258878
"1871-1880",1871,1880,"mean_weight","structural","climate",2111,0.361121866422366,-8.79071299193406,41.4421042979526,-44.1539444698835,-0.800070310346065,0.928942982112218,1.9970021767049,0.000878873489659611,261.279117449889,227.627942887099,294.974203063844,2111,0.49928943628612,0.0966366650876362,0.0161061108479394,NA,NA,261.10741319016,410.891750258878
"1881-1890",1881,1890,"mean_weight","structural","climate",2111,-1.07601956287402,-13.3578140737543,56.7303414680784,-63.6229655315887,-2.27479319182632,-0.131905074918961,2.32151579356275,-0.00261874219230756,259.615616796498,225.875896813762,293.613790371894,2111,0.496447181430602,0.0923732828043581,0.0151586925627665,NA,NA,261.10741319016,410.891750258878
"1891-1900",1891,1900,"mean_weight","structural","climate",2111,0.527350645620288,-15.3002050440853,72.1725412947991,-76.8997993968511,-1.25569992641228,1.4597675221988,3.56280728403144,0.00128342962663046,261.211654653631,227.310970633978,294.501317918976,2111,0.498815727143534,0.0914258645191852,0.01468498342018,NA,NA,261.10741319016,410.891750258878
"1901-1910",1901,1910,"mean_weight","structural","climate",2111,-0.920662042658108,-19.7880478376385,88.3859931014166,-95.1162547173095,-2.76530167641575,0.365036520414677,3.73848884000157,-0.00224064377558823,259.471692281652,225.848489960206,293.217737154033,2111,0.495026054002842,0.089057318806253,0.0127901468498342,NA,NA,261.10741319016,410.891750258878
"1911-1920",1911,1920,"mean_weight","structural","climate",2111,0.705647557494615,-21.767984075348,107.36086853869,-107.366050676145,-1.76402346631109,2.03068683109211,5.14047098982314,0.00171735635249437,261.152420781009,227.537702013282,294.273268127663,2111,0.494078635717669,0.0871624822359072,0.0127901468498342,NA,NA,261.10741319016,410.891750258878
"1921-1930",1921,1930,"mean_weight","structural","climate",2111,-0.782618287171829,-26.048238822035,120.756048350069,-124.431246694005,-3.23115477176015,0.931140415451623,5.3011932391225,-0.00190468240522899,259.39534032277,226.01577903464,293.15094526298,2111,0.493131217432496,0.0857413548081478,0.0118427285646613,NA,NA,261.10741319016,410.891750258878
"1931-1940",1931,1940,"mean_weight","structural","climate",2111,0.86964823560885,-27.6769265331031,133.512721543002,-135.731098334219,-2.14352541891422,2.5493457967773,6.65970068986375,0.00211648989073384,261.851675033952,229.888188634201,294.489362477242,2111,0.493604926575083,0.0814779725248697,0.0118427285646613,NA,NA,261.10741319016,410.891750258878
"1941-1950",1941,1950,"mean_weight","structural","climate",2111,-0.645182048267031,-31.788995102492,146.894944277592,-151.72735253967,-3.63993403313239,1.49209820472395,6.7703728058442,-0.00157019956682153,262.480525789641,231.967509120365,293.281474259967,2111,0.490288962576978,0.0781620085267646,0.0113690194220748,NA,NA,261.10741319016,410.891750258878
"1951-1960",1951,1960,"mean_weight","structural","climate",2111,1.0078383223223,-32.7216917377765,156.304753166477,-162.147610232757,-2.49989748216669,2.98384675640946,8.19810910363067,0.00245280739194039,263.016471859676,233.448617886108,293.346940682466,2111,0.490762671719564,0.0772145902415917,0.0113690194220748,NA,NA,261.10741319016,410.891750258878
"1961-1970",1961,1970,"mean_weight","structural","climate",2111,-0.476428566061315,-36.2672941126429,165.961537389857,-177.151364175163,-4.03059777219643,1.97647263475906,8.30904265195035,-0.00115949898181491,261.97507197406,233.343523192406,292.65498378016,2111,0.487446707721459,0.0772145902415917,0.0104216011369019,NA,NA,261.10741319016,410.891750258878
"1971-1980",1971,1980,"mean_weight","structural","climate",2111,1.15747363616737,-37.1925398312554,175.746690868498,-186.756460073409,-2.7626460374955,3.503084556179,9.65601131880504,0.00281697949749079,262.638637418947,234.430030703523,290.723925655453,2111,0.487920416864045,0.0767408810990052,0.0104216011369019,NA,NA,261.10741319016,410.891750258878
"1981-1990",1981,1990,"mean_weight","structural","climate",2111,-0.169400127594884,-40.0041331744607,183.698018785411,-198.931442061803,-3.82246289009403,2.68403121609285,9.99720281530075,-0.000412274345951591,257.665840603187,230.425237223144,282.540385605892,2111,0.494552344860256,0.0753197536712459,0.00900047370914259,NA,NA,261.10741319016,410.891750258878
"1991-2000",1991,2000,"mean_weight","structural","climate",2111,-0.762769766181833,-43.8458415728943,197.707671859839,-214.859589320618,-5.03630331366301,2.38813158710431,10.3743626086407,-0.00185637644392047,257.784244379186,230.762847561592,281.603033851163,2111,0.482235907153008,0.0715300805305542,0.00805305542396968,NA,NA,261.10741319016,410.891750258878
"2001-2010",2001,2010,"mean_weight","structural","climate",2111,1.74493816559863,-42.0137780953743,200.54714889818,-217.509132188169,-2.43584786741616,4.76797185305142,12.2452346647147,0.00424671014810895,260.642243995664,233.395187905163,285.602093853009,2111,0.491236380862151,0.0701089531027949,0.00757934628138323,NA,NA,261.10741319016,410.891750258878
"1841-1850",1841,1850,"mean_max_weight","structural","climate",2111,11807.30826869,26117.2395704444,33703.9275757408,378.067927272001,5956.27452956274,30622.3788762426,107340.861908058,0.00163114373825805,1757480.31056871,1066237.02474963,4772407.29647096,2111,0.496920890573188,0.101373756513501,0.0208432022738039,NA,NA,1747142.67544964,7238668.17604891
"1851-1860",1851,1860,"mean_max_weight","structural","climate",2111,-11807.30826869,-26117.2395704443,33703.9275757407,-107340.861908056,-30622.3788762423,-5956.27452956268,-378.06792727203,-0.00163114373825805,1736805.04033057,1054733.35275011,4709056.60815886,2111,0.501657981999053,0.0999526290857414,0.0203694931312174,NA,NA,1747142.67544964,7238668.17604891
"1861-1870",1861,1870,"mean_max_weight","structural","climate",2111,-32211.9016503417,-74332.2000167922,95990.8501032669,-313371.979875589,-87739.2436589422,-17196.6716073208,-1280.15102384458,-0.0044499762755977,1714648.29268183,1042626.05032512,4647622.54850258,2111,0.502605400284226,0.0990052108005685,0.019895783988631,NA,NA,1747142.67544964,7238668.17604891
"1871-1880",1871,1880,"mean_max_weight","structural","climate",2111,-52665.8110428641,-120665.202526541,154461.726940936,-498293.486356204,-142811.579630966,-27164.0726173534,-1255.58937370927,-0.00727562166989823,1692439.6601663,1031654.00538075,4599437.08647873,2111,0.503079109426812,0.0980577925153956,0.0194220748460445,NA,NA,1747142.67544964,7238668.17604891
"1881-1890",1881,1890,"mean_max_weight","structural","climate",2111,-72027.4243872575,-168215.453567548,216060.042498537,-693516.142503064,-200527.435727887,-38715.0512561834,-2342.63650221856,-0.00995036968617788,1677562.16837762,1022339.4009193,4537419.8091211,2111,0.506395073424917,0.0980577925153956,0.0184746565608716,NA,NA,1747142.67544964,7238668.17604891
"1891-1900",1891,1900,"mean_max_weight","structural","climate",2111,-92533.0301871276,-214314.61072471,274984.455590325,-888430.327655839,-254157.974385952,-47845.4324845444,-2219.97893109813,-0.0127831567819752,1658093.44519056,1011802.38754867,4483125.88170799,2111,0.507816200852676,0.0961629559450497,0.0180009474182852,NA,NA,1747142.67544964,7238668.17604891
"1901-1910",1901,1910,"mean_max_weight","structural","climate",2111,-110940.525509916,-261831.100073548,337178.060267592,-1078666.41980846,-310856.648740215,-58956.5685811105,-3333.66963583115,-0.0153260962944804,1634882.51611648,1002039.86485219,4430162.20898167,2111,0.509711037423022,0.0952155376598768,0.0180009474182852,NA,NA,1747142.67544964,7238668.17604891
"1911-1920",1911,1920,"mean_max_weight","structural","climate",2111,-131489.162820379,-308756.282088783,400991.623001262,-1280939.61817535,-361531.881238995,-67909.5444620551,-3421.06318583875,-0.0181648280626326,1609497.11672749,991977.785869718,4371537.36442117,2111,0.513500710563714,0.0956892468024633,0.0170535291331123,NA,NA,1747142.67544964,7238668.17604891
"1921-1930",1921,1930,"mean_max_weight","structural","climate",2111,-149163.336164561,-356796.922764347,465472.513173608,-1478779.25877794,-420831.32154011,-78604.8051339744,-4489.20693341561,-0.020606461373393,1585094.63660857,982632.992782389,4321621.926485,2111,0.517290383704405,0.0947418285172904,0.0175272382756987,NA,NA,1747142.67544964,7238668.17604891
"1931-1940",1931,1940,"mean_max_weight","structural","climate",2111,-169436.353375919,-404614.721622759,532213.852349956,-1670654.29690067,-472869.916317498,-87404.5071661269,-4399.65054919216,-0.0234071170628521,1222866.86740235,647569.816913426,3103251.72952059,2111,0.520606347702511,0.0928469919469446,0.0170535291331123,NA,NA,1747142.67544964,7238668.17604891
"1941-1950",1941,1950,"mean_max_weight","structural","climate",2111,-186453.671434745,-452962.01537226,601609.559775607,-1872004.24909151,-529449.072823071,-97686.5217301681,-5730.80410671659,-0.0257580078130501,961654.924480022,439011.287744507,2346145.68185963,2111,0.526764566556135,0.0918995736617717,0.0170535291331123,NA,NA,1747142.67544964,7238668.17604891
"1951-1960",1951,1960,"mean_max_weight","structural","climate",2111,-206489.868612749,-498341.920496845,663379.037420506,-2059345.66147454,-581665.735393981,-106420.262751957,-5658.86395013757,-0.0285259475349315,788805.623410906,324528.676574995,1965789.91012984,2111,0.532922785409758,0.0928469919469446,0.0170535291331123,NA,NA,1747142.67544964,7238668.17604891
"1961-1970",1961,1970,"mean_max_weight","structural","climate",2111,-222434.020557037,-543686.057276524,721057.746282539,-2249571.21829612,-637433.765979564,-116362.673367663,-6894.34658498771,-0.0307285836492713,722106.937769978,282014.815209255,1798055.7848663,2111,0.53671245855045,0.0918995736617717,0.0165798199905258,NA,NA,1747142.67544964,7238668.17604891
"1971-1980",1971,1980,"mean_max_weight","structural","climate",2111,-242636.937477674,-588483.202145264,778697.64428312,-2421165.61997611,-684873.511674009,-125032.336934302,-6854.77278736248,-0.0335195551967009,677319.420866892,267218.861949267,1618430.95014584,2111,0.540502131691142,0.0909521553765988,0.0165798199905258,NA,NA,1747142.67544964,7238668.17604891
"1981-1990",1981,1990,"mean_max_weight","structural","climate",2111,-254311.157515886,-635465.749349545,836751.78525117,-2617272.360089,-744459.649394528,-137415.725938779,-8749.08356054817,-0.0351323132005612,621839.191196951,239893.760635144,1513441.44892467,2111,0.543818095689247,0.0904784462340123,0.0170535291331123,NA,NA,1747142.67544964,7238668.17604891
"1991-2000",1991,2000,"mean_max_weight","structural","climate",2111,-312938.001081471,-756519.967896873,1009442.23911634,-3178251.60458525,-874650.524746165,-162491.187697783,-16882.1741458849,-0.0432314333894889,598393.234966815,229940.447434073,1458111.81703592,2111,0.562292752250118,0.0966366650876362,0.0165798199905258,NA,NA,1747142.67544964,7238668.17604891
"2001-2010",2001,2010,"mean_max_weight","structural","climate",2111,-283428.503639768,-703894.742497477,928621.43047812,-2910491.52620241,-825659.136368104,-147252.442790779,-6268.00756169093,-0.039154786038897,604971.007722076,234538.925447397,1463252.33992962,2111,0.55139744197063,0.0928469919469446,0.0161061108479394,NA,NA,1747142.67544964,7238668.17604891
"1841-1850",1841,1850,"predator_prey_ratio","structural","climate",2111,2.69407046524783e-05,0.000717221289863927,0.00271079835255418,1.00149654664585e-06,8.87311755825627e-06,0.0001558124857995,0.00350394526241427,0.00013463144920988,0.0049042996216064,0.00342456403945746,0.0147950320966766,2111,0.495973472288015,0.0999526290857414,0.0203694931312174,NA,NA,0.00488253211909796,0.200107068672193
"1851-1860",1851,1860,"predator_prey_ratio","structural","climate",2111,-2.6648496874373e-05,-0.000710704297627401,0.00268026440243229,-0.00349903597471729,-0.000154845576721942,-8.84989065448464e-06,-9.99252019340301e-07,-0.000133171192058325,0.00485826572126233,0.00341203510347824,0.0143464021761928,2111,0.502605400284226,0.100426338228328,0.0194220748460445,NA,NA,0.00488253211909796,0.200107068672193
"1861-1870",1861,1870,"predator_prey_ratio","structural","climate",2111,-4.63399403963938e-05,-0.00178751570472458,0.00716482338797359,-0.00793172664326382,-0.000322952411855162,-4.83936085876342e-06,1.74530045565487e-05,-0.000231575729452647,0.00483557862809012,0.0034206159578269,0.0141058178450921,2111,0.49928943628612,0.101373756513501,0.0189483657034581,NA,NA,0.00488253211909796,0.200107068672193
"1871-1880",1871,1880,"predator_prey_ratio","structural","climate",2111,-0.000116478259254409,-0.00335727241523238,0.0128824953677624,-0.0163329385094259,-0.000693756841461676,-3.36320283909196e-05,2.88777755128055e-06,-0.000582079683777785,0.00476840930477096,0.00339492922408527,0.013763183301316,2111,0.506395073424917,0.100900047370914,0.0170535291331123,NA,NA,0.00488253211909796,0.200107068672193
"1881-1890",1881,1890,"predator_prey_ratio","structural","climate",2111,-0.000129993820692601,-0.00435388852868051,0.0170272573355132,-0.0203607535725835,-0.000841968044420422,-2.7054783087846e-05,2.13585120153088e-05,-0.000649621332995245,0.00478245852471965,0.00340484800065983,0.0135855397900939,2111,0.502605400284226,0.0994789199431549,0.0137375651350071,NA,NA,0.00488253211909796,0.200107068672193
"1891-1900",1891,1900,"predator_prey_ratio","structural","climate",2111,-0.000198390512150563,-0.00582925270672632,0.0223653994935605,-0.0282863060496107,-0.00118880665030374,-5.52039709259212e-05,8.79091185773716e-06,-0.000991421809669095,0.00472073598827972,0.00337472823969774,0.0132610130794684,2111,0.507816200852676,0.098531501657982,0.0123164377072477,NA,NA,0.00488253211909796,0.200107068672193
"1901-1910",1901,1910,"predator_prey_ratio","structural","climate",2111,-0.000212047708175302,-0.00676564811359426,0.0262030961115671,-0.0321509689064399,-0.00134447151710823,-4.82748978480939e-05,2.58208260226771e-05,-0.00105967125290646,0.00473872064256347,0.00338244946541531,0.0130941498259418,2111,0.505447655139744,0.0980577925153956,0.0118427285646613,NA,NA,0.00488253211909796,0.200107068672193
"1911-1920",1911,1920,"predator_prey_ratio","structural","climate",2111,-0.000274351919614244,-0.00816322394564217,0.0312044738191865,-0.0399511156056345,-0.0016727151503276,-7.56676665197432e-05,1.46319520498038e-05,-0.00137102562860324,0.00466816745677257,0.00335904733646871,0.0127519202090777,2111,0.508763619137849,0.098531501657982,0.0118427285646613,NA,NA,0.00488253211909796,0.200107068672193
"1921-1930",1921,1930,"predator_prey_ratio","structural","climate",2111,-0.000290245842345397,-0.00904209370528156,0.0347643050489793,-0.0430491161767844,-0.00185242790557838,-6.8899007970394e-05,3.22840767648029e-05,-0.00145045272149214,0.00465277922735268,0.00337122211420531,0.0124291044711126,2111,0.504500236854571,0.0956892468024633,0.0118427285646613,NA,NA,0.00488253211909796,0.200107068672193
"1931-1940",1931,1940,"predator_prey_ratio","structural","climate",2111,-0.000353673599106045,-0.0103620999313839,0.0394523077641099,-0.0505259749429539,-0.00216499513203156,-9.5664394993873e-05,1.93983675092668e-05,-0.00176742181799394,0.00369724049111694,0.00284787732821961,0.00983760851559097,2111,0.512553292278541,0.0999526290857414,0.0127901468498342,NA,NA,0.00488253211909796,0.200107068672193
"1941-1950",1941,1950,"predator_prey_ratio","structural","climate",2111,-0.000365786192162749,-0.011193041341323,0.0427673363708737,-0.0545154735236066,-0.00233847811697202,-8.83889041171798e-05,3.70207722957614e-05,-0.00182795237864368,0.00241284515422766,0.0017046347947664,0.00521642765873522,2111,0.508289909995263,0.101373756513501,0.0132638559924207,NA,NA,0.00488253211909796,0.200107068672193
"1951-1960",1951,1960,"predator_prey_ratio","structural","climate",2111,-0.000426400167981874,-0.0124457028140637,0.0471805566064975,-0.0619540235386184,-0.00263275341918405,-0.000114743222035372,2.54812190938287e-05,-0.00213086009810271,0.00170194397285,0.00128186141319725,0.00305426051789767,2111,0.51539554713406,0.101847465656087,0.01468498342018,NA,NA,0.00488253211909796,0.200107068672193
"1961-1970",1961,1970,"predator_prey_ratio","structural","climate",2111,-0.000436525032973714,-0.0132220680610657,0.0502702807040076,-0.0655877351865876,-0.00274819875929833,-0.000106868319838708,4.26656599988712e-05,-0.00218145733616643,0.00151810825714342,0.00123275580321306,0.00242275216546673,2111,0.513500710563714,0.101373756513501,0.0132638559924207,NA,NA,0.00488253211909796,0.200107068672193
"1971-1980",1971,1980,"predator_prey_ratio","structural","climate",2111,-0.000495076364306199,-0.014407602696289,0.054423644820462,-0.0721813838552487,-0.00302039330791119,-0.00013301284560965,2.97601156539896e-05,-0.00247405735135331,0.00145341514223487,0.00119212669907105,0.00224466258807814,2111,0.517764092846992,0.102321174798674,0.0123164377072477,NA,NA,0.00488253211909796,0.200107068672193
"1981-1990",1981,1990,"predator_prey_ratio","structural","climate",2111,-0.000465605437603687,-0.0148648100612329,0.0568099726344166,-0.0743805907155707,-0.00300325287039866,-9.48212138249496e-05,6.75316805936665e-05,-0.00232678156095737,0.00130634304789391,0.00101985261324096,0.00203448644772194,2111,0.500236854571293,0.10279488394126,0.0127901468498342,NA,NA,0.00488253211909796,0.200107068672193
"1991-2000",1991,2000,"predator_prey_ratio","structural","climate",2111,-0.000591693886524855,-0.0164518566179878,0.0616913856127819,-0.0808798522304805,-0.00344439507717489,-0.00017658089386971,1.77812260817721e-05,-0.00295688648307644,0.00128656871020306,0.00100971757191229,0.00199882686041614,2111,0.523448602558029,0.113216485078162,0.0156324017053529,NA,NA,0.00488253211909796,0.200107068672193
"2001-2010",2001,2010,"predator_prey_ratio","structural","climate",2111,-0.000515532706706547,-0.0166363900257473,0.0632832902963292,-0.0830648632469917,-0.00331178082365959,-0.000109757415127693,7.39059479833036e-05,-0.00257628433681707,0.00133587619906497,0.00105079353143949,0.00204439368243326,2111,0.505921364282331,0.105637138796779,0.0142112742775936,NA,NA,0.00488253211909796,0.200107068672193
"1841-1850",1841,1850,"consumer_ltl_ratio","structural","climate",2111,0.000132457839538469,0.00136271169741443,0.00484684575532158,-0.000228375763041508,-4.20749508892038e-05,0.000614298594821053,0.00661967957264054,0.000488054135364804,0.209789377172683,0.176928547703687,0.262781412380971,2111,0.502131691141639,0.101373756513501,0.0217906205589768,NA,NA,0.209477172412484,0.271399891816225
"1851-1860",1851,1860,"consumer_ltl_ratio","structural","climate",2111,-0.000132432540521477,-0.0013580673431825,0.00482035234597279,-0.00659663008059036,-0.000613447052812868,4.20272029152124e-05,0.000228716296114873,-0.000487960918610651,0.209448931853907,0.176827572470075,0.261615063376629,2111,0.500236854571293,0.0990052108005685,0.0189483657034581,NA,NA,0.209477172412484,0.271399891816225
"1861-1870",1861,1870,"consumer_ltl_ratio","structural","climate",2111,-0.00133630411686458,-0.00487688801186698,0.014020616149128,-0.0201641038951781,-0.00282145094233414,-0.000854706665623609,-0.000358152211525721,-0.00492374594522479,0.208142810673648,0.175892888136503,0.259891371586345,2111,0.502605400284226,0.0994789199431549,0.0194220748460445,NA,NA,0.209477172412484,0.271399891816225
"1871-1880",1871,1880,"consumer_ltl_ratio","structural","climate",2111,-0.000440948358296223,-0.00652044341059362,0.0233212552369775,-0.0317025032182318,-0.0030002149023422,-3.70506583338703e-06,0.000346372210232204,-0.00162471825373757,0.209105579917963,0.176470877255221,0.259771457328315,2111,0.495973472288015,0.0966366650876362,0.0180009474182852,NA,NA,0.209477172412484,0.271399891816225
"1881-1890",1881,1890,"consumer_ltl_ratio","structural","climate",2111,-0.00166820896203149,-0.0100239119646891,0.0330654450170069,-0.043846844529731,-0.00517315955685192,-0.000972963545749203,-0.000355414452300043,-0.00614668248711423,0.207681734689153,0.175603422410337,0.257974161554171,2111,0.499763145428707,0.0971103742302226,0.0175272382756987,NA,NA,0.209477172412484,0.271399891816225
"1891-1900",1891,1900,"consumer_ltl_ratio","structural","climate",2111,-0.000847534586446624,-0.011703700870235,0.0442372992260334,-0.0549714574014744,-0.00530341747885688,-0.000122399040488191,0.000428844263589939,-0.00312282580797977,0.208189480667341,0.175836616866011,0.257704827181426,2111,0.494552344860256,0.0937944102321175,0.0170535291331123,NA,NA,0.209477172412484,0.271399891816225
"1901-1910",1901,1910,"consumer_ltl_ratio","structural","climate",2111,-0.00201479766435103,-0.015385786550201,0.0592582544883442,-0.066369883453074,-0.00749493824923225,-0.00108370500087906,-0.000299880084146081,-0.00742372316682914,0.206657155945986,0.175298170928427,0.255336067419268,2111,0.494552344860256,0.0942681193747039,0.0180009474182852,NA,NA,0.209477172412484,0.271399891816225
"1911-1920",1911,1920,"consumer_ltl_ratio","structural","climate",2111,-0.00122095874864508,-0.0173150715185186,0.0762458359317203,-0.0769369724902499,-0.0075336880762133,-0.000217101232713651,0.000511440145694139,-0.00449874441907236,0.207770241443742,0.17569127493765,0.255898233652902,2111,0.489815253434391,0.0914258645191852,0.0165798199905258,NA,NA,0.209477172412484,0.271399891816225
"1921-1930",1921,1930,"consumer_ltl_ratio","structural","climate",2111,-0.00236284956463065,-0.0209951550667172,0.0862381442823106,-0.0877798649650418,-0.00970991263083583,-0.00118017827468815,-0.000239755853109508,-0.0087061551455246,0.206521177704031,0.174961360522192,0.253445378537068,2111,0.489815253434391,0.0909521553765988,0.0189483657034581,NA,NA,0.209477172412484,0.271399891816225
"1931-1940",1931,1940,"consumer_ltl_ratio","structural","climate",2111,-0.00157448425820206,-0.0229940719755302,0.0989495574775752,-0.0977915919990785,-0.00967700994054234,-0.000316666926984732,0.000597153482676471,-0.0058013444576765,0.201913803925968,0.172072450812458,0.242598452997134,2111,0.483183325438181,0.0876361913784936,0.0165798199905258,NA,NA,0.209477172412484,0.271399891816225
"1941-1950",1941,1950,"consumer_ltl_ratio","structural","climate",2111,-0.00271521871407604,-0.0265123399774346,0.109469552997825,-0.108186869616357,-0.011802091431785,-0.00127795433208983,-0.000210515319342339,-0.0100044944598379,0.198481462269524,0.169846893228373,0.234069628759129,2111,0.483657034580767,0.0904784462340123,0.0184746565608716,NA,NA,0.209477172412484,0.271399891816225
"1951-1960",1951,1960,"consumer_ltl_ratio","structural","climate",2111,-0.00189545587779957,-0.027696930676417,0.115180829233472,-0.117806188619839,-0.0117129176732091,-0.00040490666271345,0.000665249665806555,-0.00698399643830019,0.197457094724782,0.169069747030879,0.228692581746962,2111,0.479393652297489,0.0866887730933207,0.0156324017053529,NA,NA,0.209477172412484,0.271399891816225
"1961-1970",1961,1970,"consumer_ltl_ratio","structural","climate",2111,-0.00301897663571357,-0.0306907479903424,0.120505826631253,-0.128225780757459,-0.0137960915404297,-0.00136198831261471,-0.000162132879101426,-0.0111237208515832,0.196227831727481,0.167640561846511,0.22633528693828,2111,0.479867361440076,0.0862150639507342,0.0180009474182852,NA,NA,0.209477172412484,0.271399891816225
"1971-1980",1971,1980,"consumer_ltl_ratio","structural","climate",2111,-0.00221852717194274,-0.0319306452991346,0.126933454192447,-0.13811858931485,-0.0136700655982033,-0.000487890437841185,0.000733018816909181,-0.0081743848794346,0.196871830461391,0.167789866132284,0.22538834313903,2111,0.475603979156798,0.0843202273803884,0.0156324017053529,NA,NA,0.209477172412484,0.271399891816225
"1981-1990",1981,1990,"consumer_ltl_ratio","structural","climate",2111,-0.00491901724321714,-0.0365874811649627,0.133231273315855,-0.149141250968661,-0.0174560232344817,-0.00311540158196814,-0.00151938422914205,-0.0181246101842516,0.190183022762687,0.163089280405843,0.216619698232432,2111,0.482235907153008,0.0937944102321175,0.0189483657034581,NA,NA,0.209477172412484,0.271399891816225
"1991-2000",1991,2000,"consumer_ltl_ratio","structural","climate",2111,-0.00757140785712171,-0.0413403114437838,0.142519631301347,-0.163378459049603,-0.0219943541260304,-0.00379242595101532,-4.48882830206762e-05,-0.0278976082357785,0.188144781719923,0.162783810584568,0.212968998036742,2111,0.47134059687352,0.0876361913784936,0.0175272382756987,NA,NA,0.209477172412484,0.271399891816225
"2001-2010",2001,2010,"consumer_ltl_ratio","structural","climate",2111,-0.00420209405837377,-0.0390533219188044,0.143944643414091,-0.169327792922119,-0.0181516426375296,-0.00202401403623542,-0.00024739914910589,-0.0154830351267021,0.191092500794966,0.163526153243541,0.217227831252031,2111,0.47797252486973,0.0947418285172904,0.0203694931312174,NA,NA,0.209477172412484,0.271399891816225
