"time","size_class","median","q05","q25","q75","q95"
0,"1g-10g",9.91967411904484,3.06948511800361,5.9594410961901,17.1408484704065,24.3013507556032
0,"10g-100g",1.07999422977928,0.570066731471878,0.882587919867674,1.3788656245045,1.73759792623499
0,"100g-1kg",3.03158834023416,1.17090363722204,2.41837578446202,3.6470897921266,4.67588291278272
0,"1kg-10kg",2.80524100373589,1.30240972327267,2.39738486287977,3.23404583348495,3.68509343000189
0,"10kg-100kg",0.141248836538919,0.0760025234197119,0.118950889175106,0.164759194951437,0.23176155174752
0,">100kg",2.67192996108623,0.987382399060409,1.8746932140327,6.54283350847993,26.6669942613229
365,"1g-10g",10.0994369440844,3.12662128938937,6.09841809284811,17.3115954556328,24.5003845235974
365,"10g-100g",1.10815390994326,0.579432272120658,0.902623897111879,1.39833915046132,1.75264136120056
365,"100g-1kg",3.00485572909321,1.16562460830008,2.39386486921464,3.61078736867115,4.64683345127688
365,"1kg-10kg",2.80541467395894,1.30257609689785,2.39734624064563,3.23380338281362,3.68362128406835
365,"10kg-100kg",0.141030212636032,0.0759856337632489,0.118765747992121,0.164630330296507,0.231486354960919
365,">100kg",2.66613825219121,0.986210888024034,1.87391631366507,6.53504484953321,26.6296150503768
730,"1g-10g",10.4848645605653,3.25597820421391,6.37950907198171,17.6393081018716,24.7649801486468
730,"10g-100g",1.14006205476621,0.598592377637964,0.93375680177158,1.42795167246591,1.77884966834138
730,"100g-1kg",3.0040883572258,1.18576874546082,2.40411929715327,3.60634590163352,4.65126597522595
730,"1kg-10kg",2.80506020988519,1.30261959573952,2.39701871467602,3.23349280003481,3.6821103343967
730,"10kg-100kg",0.14082293739127,0.0758117330994017,0.118571540621933,0.164442147242495,0.231305918995267
730,">100kg",2.66110720646316,0.985381834181672,1.87314174422546,6.52825567804058,26.5923441904191
1095,"1g-10g",10.6348665714704,3.35411989904958,6.55157957430332,17.7701493805005,24.7627691880468
1095,"10g-100g",1.14207725353239,0.607631359830769,0.943280904027271,1.43442035841036,1.78366875151642
1095,"100g-1kg",3.04067005824047,1.22726847191351,2.43447767618088,3.63732948385544,4.68336180357992
1095,"1kg-10kg",2.80599941380417,1.30420213482182,2.39730299873648,3.23268734933555,3.68120364279626
1095,"10kg-100kg",0.140724881414142,0.0760179230965946,0.118624809652401,0.164483887880096,0.231398802203638
1095,">100kg",2.65922142521647,0.984866004462293,1.87250882999781,6.52154483793746,26.5551804665029
1460,"1g-10g",10.3419845738091,3.30842008842125,6.34992548239187,17.4953271632009,24.4341119030533
1460,"10g-100g",1.11073723816286,0.592273385565769,0.918608233449002,1.40711407480732,1.76497050545957
1460,"100g-1kg",3.05158726828353,1.21380095634398,2.44340069950951,3.66216546209452,4.70259835523685
1460,"1kg-10kg",2.80523071765125,1.3050190128448,2.39508828510948,3.23042891169451,3.6791376811645
1460,"10kg-100kg",0.140737082542485,0.0761639772505798,0.118537578567402,0.164547811195656,0.231503109418784
1460,">100kg",2.65738153155248,0.984282067553894,1.87201217616753,6.51393305761327,26.5180401614439
1825,"1g-10g",10.1521453211334,3.20771006795381,6.18206830115067,17.3091321858731,24.3138681308861
1825,"10g-100g",1.10399658959717,0.585616099273622,0.904916330971205,1.39643529079203,1.75212319262091
1825,"100g-1kg",3.05118902632947,1.2142901507939,2.44260335977498,3.65671828049437,4.69997212336374
1825,"1kg-10kg",2.80326605322468,1.30638541596095,2.39412868108929,3.2288032607462,3.67784506423914
1825,"10kg-100kg",0.140650058780069,0.0761761969887205,0.118442812782329,0.164451617397129,0.23148912255376
1825,">100kg",2.65554983430736,0.983913240388067,1.87145201348493,6.50604741265908,26.4766806834318
2190,"1g-10g",9.93118695679078,3.0700133554054,5.98918183426502,17.2161218472225,24.382576653439
2190,"10g-100g",1.09105052857946,0.577902326092373,0.890010433070069,1.38929369533659,1.74713287081518
2190,"100g-1kg",3.03481487543045,1.22131020591698,2.43038557124954,3.64393814686862,4.68261697074699
2190,"1kg-10kg",2.80321282160628,1.31042316171412,2.39336406879253,3.22920500392514,3.67813108535029
2190,"10kg-100kg",0.140715578896816,0.0764212520721119,0.118474767520124,0.164650168636309,0.231723704239205
2190,">100kg",2.65323087824532,0.983247408326275,1.87086516166389,6.49419711671151,26.4150520473803
2555,"1g-10g",9.9356082916099,3.05442559278104,5.97177827868055,17.1875403874296,24.4429339345798
2555,"10g-100g",1.09874306864782,0.575662954926352,0.893460836814578,1.39364709657027,1.75322753252136
2555,"100g-1kg",3.01660326136711,1.20792974331782,2.41069713789534,3.61666778291706,4.66498706126089
2555,"1kg-10kg",2.80115548462937,1.31251159167232,2.39279265688297,3.22768626579129,3.67717062259601
2555,"10kg-100kg",0.140608939485819,0.0763565680084766,0.118257217309716,0.164402725769989,0.231543529926523
2555,">100kg",2.65149992990712,0.982971077184366,1.87046852320296,6.48032161716116,26.3537006632317
2920,"1g-10g",10.085547450246,3.08467712948477,6.07204801035019,17.370773294502,24.5928331403907
2920,"10g-100g",1.11783560954485,0.585702192246333,0.910311154637314,1.41284279201036,1.77046033069854
2920,"100g-1kg",3.0123150589625,1.22394571239075,2.4171966211648,3.60630853386128,4.65812032378118
2920,"1kg-10kg",2.798845841857,1.31445611643797,2.39236306594409,3.22617961210221,3.67623906474089
2920,"10kg-100kg",0.140400570558397,0.0762481761012457,0.118061693825495,0.16417125501935,0.231289600551922
2920,">100kg",2.648279182448,0.982767809452812,1.87011944385944,6.46951788562718,26.2925470555429
3285,"1g-10g",10.1076781759916,3.11362415325462,6.12791497607938,17.3627322322436,24.5091792977593
3285,"10g-100g",1.12083533084137,0.590087718539779,0.917838144220183,1.41425486732622,1.77132998834105
3285,"100g-1kg",3.01260945187188,1.20803385487928,2.41879172710958,3.60563698786902,4.65539253981785
3285,"1kg-10kg",2.79663676971934,1.31532018016113,2.3905756577421,3.22320190342107,3.67436048959902
3285,"10kg-100kg",0.139970022602241,0.0761318218774397,0.117808190878839,0.163702855288048,0.230981887055069
3285,">100kg",2.64670585103902,0.982584693064643,1.86967244446459,6.45678223023247,26.2315473027757
3650,"1g-10g",10.1609604504501,3.14227443971397,6.16873676454852,17.3722081834406,24.4379438442605
3650,"10g-100g",1.12241723750813,0.593107106432904,0.920767372990351,1.4134261401014,1.76887583500173
3650,"100g-1kg",3.0268889116722,1.21508239916848,2.42785268691993,3.61652565206993,4.66350847530922
3650,"1kg-10kg",2.79503061239231,1.31657873524125,2.38910842951267,3.22113075430041,3.67288522590286
3650,"10kg-100kg",0.139793594873573,0.0761706190636297,0.117731055502401,0.163437522069958,0.230857302024246
3650,">100kg",2.64504644383795,0.982293546175811,1.86915873394389,6.44942916433396,26.1706880049908
4015,"1g-10g",10.3072187621589,3.20406356755551,6.28977505056543,17.4652976312148,24.5126334641784
4015,"10g-100g",1.13337647863038,0.603629270914339,0.93150216644738,1.42455085542282,1.77517882797652
4015,"100g-1kg",3.04261101913874,1.22996465267623,2.44077352135745,3.63667418049566,4.67274796516297
4015,"1kg-10kg",2.79456729939267,1.31808532871335,2.38825994834284,3.21946177863918,3.67116078832735
4015,"10kg-100kg",0.139642747970807,0.0759488899196468,0.117768830286831,0.163255978484537,0.230796504190763
4015,">100kg",2.64331596169534,0.982031663996108,1.86866877187214,6.44209916628865,26.1100266898311
4380,"1g-10g",10.4909421380795,3.28098607783095,6.41956843877544,17.6115079923535,24.5854368510211
4380,"10g-100g",1.13890762322771,0.613584540191514,0.941215131899875,1.43380504543229,1.78085061260837
4380,"100g-1kg",3.07058875312322,1.23950537497144,2.45760022821338,3.66059322774516,4.68788315397686
4380,"1kg-10kg",2.79326430541572,1.31976914103084,2.38724032145488,3.21957629969339,3.67006128306289
4380,"10kg-100kg",0.139720667884461,0.0761173791085496,0.117989834338939,0.163041172529342,0.2307443148363
4380,">100kg",2.64017194502963,0.981825213688438,1.8669866019874,6.43479666115929,26.0275403933413
4745,"1g-10g",10.421445387767,3.29091329007044,6.43118940233015,17.5676277630327,24.4993387102682
4745,"10g-100g",1.13190167176896,0.611069905433374,0.935672406576624,1.42583530380745,1.7745916577878
4745,"100g-1kg",3.0935505577051,1.26374120182026,2.48686087096478,3.6930042100019,4.71080637531596
4745,"1kg-10kg",2.79583420113003,1.32386966869716,2.38831779049434,3.22238537614705,3.67352508791078
4745,"10kg-100kg",0.14004800202596,0.0766057821460201,0.118504315552949,0.16320833692824,0.230984012547356
4745,">100kg",2.63868157832425,0.981414537131833,1.86610875635798,6.42756802613821,25.9120240953374
5110,"1g-10g",10.3068662546322,3.23800543570985,6.31884064416725,17.4740240202856,24.394045017786
5110,"10g-100g",1.11941000004038,0.603369636673085,0.924497656475798,1.41666945906615,1.76521339043749
5110,"100g-1kg",3.10908947653827,1.28081182228255,2.50339392589358,3.71337138145552,4.73501229600249
5110,"1kg-10kg",2.80060803531085,1.32978169590753,2.39137191749366,3.22694060065973,3.67816105361804
5110,"10kg-100kg",0.14040447832616,0.0773879309460592,0.119010921591548,0.1636861042156,0.231375561803383
5110,">100kg",2.63711203516955,0.9808976026398,1.86518401913426,6.42037350772132,25.7757149568666
5475,"1g-10g",10.2293269045173,3.19021422044954,6.25596202328325,17.4407674987541,24.4088866538501
5475,"10g-100g",1.12120829310716,0.601141864999571,0.919279565959685,1.41839589783061,1.76600900811851
5475,"100g-1kg",3.11044909209571,1.28431589126923,2.50652482798226,3.71843386766769,4.7327475040785
5475,"1kg-10kg",2.80440887480063,1.33551246476056,2.39524060508165,3.23052252372646,3.68103456808496
5475,"10kg-100kg",0.140869841588523,0.0778774447536672,0.11955052510463,0.163975979469865,0.231690208390746
5475,">100kg",2.6337146452653,0.98064988637529,1.86359275890685,6.41320051913577,25.5870979912243
5840,"1g-10g",10.0362352870748,3.10547841249478,6.11216448599445,17.2990798193163,24.3867046132423
5840,"10g-100g",1.10288554166406,0.590268275122837,0.903805601378227,1.40396957293219,1.75683769544563
5840,"100g-1kg",3.09146957401986,1.27375448512382,2.49119964549217,3.7038946599454,4.7233896498616
5840,"1kg-10kg",2.80982244260201,1.34230966598746,2.39981510472227,3.23552745559304,3.68519528787308
5840,"10kg-100kg",0.141373614103717,0.0784433178942899,0.119935901365442,0.164475062831741,0.232058478478412
5840,">100kg",2.62875715197083,0.980053468945597,1.86074548723681,6.40598911187897,25.4719576134273
6205,"1g-10g",9.87476238037961,3.01799681864256,5.9588837367477,17.1278261812548,24.2862746831076
6205,"10g-100g",1.08300474593343,0.576878858698993,0.883853460580448,1.38289559797624,1.74001812139905
6205,"100g-1kg",3.04332762213711,1.21174172541482,2.44054662425802,3.65786066516675,4.68671209235792
6205,"1kg-10kg",2.81137348409282,1.3441203344272,2.40119020098632,3.2363972958672,3.68548820388746
6205,"10kg-100kg",0.141516507694279,0.0786182611835566,0.120109257365468,0.164669858336843,0.231976230460159
6205,">100kg",2.62378907104581,0.979582956338958,1.85775347208142,6.39853645277802,25.362674939007
6570,"1g-10g",9.74250760585518,2.92640550896377,5.82294713624936,17.0153521766771,24.2496839274093
6570,"10g-100g",1.07245597476263,0.561931314140448,0.869218124497111,1.36778044100653,1.72972618985022
6570,"100g-1kg",2.98294419341205,1.15771041876634,2.37831925315901,3.59823429227535,4.6411433007347
6570,"1kg-10kg",2.81022180848285,1.3425381476796,2.40146472630223,3.23595045625113,3.68432572586929
6570,"10kg-100kg",0.141416586897929,0.0787878923380534,0.11983732018788,0.164787238295737,0.231795645279454
6570,">100kg",2.61917369818638,0.9789780950997,1.85636474645428,6.39042647508761,25.2537526429542
6935,"1g-10g",9.88861823493163,2.94859401847117,5.94086212741763,17.2088222293757,24.469523348498
6935,"10g-100g",1.09464739545664,0.573431214366652,0.88969503302258,1.38747881360754,1.7471669185783
6935,"100g-1kg",2.94358987585423,1.17018370596905,2.3526139874386,3.55425723873716,4.6129758519745
6935,"1kg-10kg",2.80684285069633,1.33941492438109,2.40091602934791,3.23390424754256,3.68149942200338
6935,"10kg-100kg",0.141057797014194,0.0783015046039498,0.119355834431774,0.164415578219443,0.231549218580605
6935,">100kg",2.61577185580487,0.978511797568174,1.85542495063533,6.38237398094518,25.1638181770303
7300,"1g-10g",10.0564281340589,3.0066763273217,6.0631191945891,17.3795752002682,24.7830446291397
7300,"10g-100g",1.10657265074704,0.585132344953265,0.90396005090014,1.40488486636927,1.76703923426634
7300,"100g-1kg",2.92784198463847,1.17839600232556,2.34586592243367,3.53988793100787,4.60383512746311
7300,"1kg-10kg",2.80320318314995,1.33544084978119,2.39744953305352,3.22890647831246,3.67736851188602
7300,"10kg-100kg",0.140635376331135,0.0777009885101593,0.118858193994695,0.163949890861016,0.231318263124604
7300,">100kg",2.61108777784356,0.977925676051359,1.85450000492121,6.37193175028304,25.1331157460606
7665,"1g-10g",10.2662127657362,3.14113595294565,6.24303144137285,17.5199806543847,24.7479677638612
7665,"10g-100g",1.12943041834553,0.597284177020598,0.925275768922342,1.41933959887627,1.77940439706428
7665,"100g-1kg",2.94268685238703,1.20218987646494,2.36761723523768,3.5539781470853,4.6170456910411
7665,"1kg-10kg",2.79657462120324,1.32979990029889,2.39089331823076,3.22226990943941,3.67188529888449
7665,"10kg-100kg",0.139963419217535,0.0772077263909477,0.11809237802125,0.16347037256612,0.230945245716675
7665,">100kg",2.6090850078561,0.977390978593962,1.85348597475262,6.36456418049172,25.1025257972657
8030,"1g-10g",10.5149531284807,3.23853777363443,6.43703062915002,17.7415917533537,24.9124646667331
8030,"10g-100g",1.14978027929442,0.61351325041415,0.947091688753502,1.44078799060638,1.79747571508649
8030,"100g-1kg",2.99313504599818,1.23213174914708,2.40828450968449,3.59724377031095,4.65836386747291
8030,"1kg-10kg",2.79139273422507,1.32632129854575,2.38577848202379,3.21722429426613,3.66798093197649
8030,"10kg-100kg",0.139402973258396,0.0769698957998146,0.117578685663641,0.162927056747509,0.230718129427591
8030,">100kg",2.60648367625871,0.976818179034939,1.85251538974116,6.35628507907367,25.0720197886949
8395,"1g-10g",10.5999948737297,3.31008519700196,6.55847056326646,17.7844370023083,24.9023018724995
8395,"10g-100g",1.14868040931041,0.617628847869367,0.949662746990726,1.44537135340768,1.79550058466991
8395,"100g-1kg",3.05765926705808,1.27190476194879,2.46523102456364,3.65921690707416,4.7133954565702
8395,"1kg-10kg",2.78830636018411,1.32688048762167,2.38304256872057,3.21559646594262,3.66779106002886
8395,"10kg-100kg",0.13931112578682,0.0771138408363231,0.11747816774665,0.162889344298246,0.230760061772527
8395,">100kg",2.59976277669883,0.976187698482419,1.8516628949047,6.34808866955071,25.0416574149275
8760,"1g-10g",10.3472940005692,3.23080333080264,6.34950786623141,17.5220427063189,24.5088029397038
8760,"10g-100g",1.11677181093249,0.601269894314418,0.923549526377596,1.41453064556409,1.77156950883493
8760,"100g-1kg",3.08687353718045,1.26114547694531,2.48511199780654,3.69287518409503,4.74495826835906
8760,"1kg-10kg",2.78583318392583,1.32846292917273,2.38152891553326,3.21483274118969,3.66875268586384
8760,"10kg-100kg",0.139448539447849,0.0773837536412349,0.117579812300092,0.163035629445431,0.230821501601608
8760,">100kg",2.59305498432773,0.975534946249527,1.85078352735861,6.3398540571911,24.9907007680071
9125,"1g-10g",10.0942385506676,3.13927516933794,6.17894247724484,17.3340026092186,24.3241862143921
9125,"10g-100g",1.1096498602445,0.592368977744022,0.906885753650151,1.40263633672386,1.75636211278587
9125,"100g-1kg",3.09524712348461,1.26317323108033,2.49015224114473,3.69753568295915,4.74556203871751
9125,"1kg-10kg",2.78716632583697,1.33125960638863,2.3823938699879,3.21645562807814,3.67142492803217
9125,"10kg-100kg",0.139734533296597,0.0777559880807173,0.117964428721945,0.163216901567665,0.230816473150817
9125,">100kg",2.590365507998,0.975268434199001,1.85005048699347,6.33163373346153,24.9374243299463
9490,"1g-10g",9.89541836791913,3.01400541671346,5.96558062020091,17.2083362297261,24.3583292225193
9490,"10g-100g",1.0938089538574,0.583525938032873,0.89098090176156,1.3942999507577,1.75004136845027
9490,"100g-1kg",3.07868880873381,1.27230598012335,2.47820598220147,3.6818427558421,4.72491611293468
9490,"1kg-10kg",2.79125820884498,1.33594416798977,2.38570422967374,3.22103918381461,3.67604719624151
9490,"10kg-100kg",0.140292620120174,0.0782699954758242,0.118352296755477,0.163683891614496,0.231013896690935
9490,">100kg",2.58847990830396,0.97484595381857,1.84946203663923,6.32337095851953,24.8842158245772
9855,"1g-10g",9.89484611484705,2.97148698410442,5.96515617188544,17.1725697611603,24.3498282382994
9855,"10g-100g",1.10217064294283,0.583149741317505,0.894700630487209,1.40022216352582,1.75655351952817
9855,"100g-1kg",3.05622627087017,1.26020236590169,2.45412143695789,3.65181736210164,4.69705627064269
9855,"1kg-10kg",2.79471495785644,1.33951158762174,2.3889616183417,3.224090244064,3.67904528141646
9855,"10kg-100kg",0.140603907633507,0.0785451595509657,0.118618397582131,0.163732891297128,0.230917384895475
9855,">100kg",2.58655756529173,0.974743082254187,1.8489798521664,6.31432470195131,24.8311490380623
10220,"1g-10g",9.98694556827269,3.00205521965675,6.04548914410731,17.3251468735513,24.5445712783524
10220,"10g-100g",1.12093910236135,0.593565996348988,0.910536948861409,1.41784655380426,1.77336145466765
10220,"100g-1kg",3.04505881637515,1.26493674033153,2.45423953046261,3.64009113668121,4.67698834586279
10220,"1kg-10kg",2.79708702601882,1.3435539688829,2.39207187596074,3.22692664080319,3.6805982362047
10220,"10kg-100kg",0.140851502711361,0.0788004480076862,0.119004901323307,0.16382542088363,0.230771085563362
10220,">100kg",2.58467659685237,0.974650741449096,1.84850335673545,6.30305351014599,24.7781772544658
10585,"1g-10g",10.0640220299442,3.04809361281786,6.1039666785207,17.3362428258585,24.472088760617
10585,"10g-100g",1.12385120865047,0.596177678812083,0.918116611761124,1.41811961270788,1.77257506839436
10585,"100g-1kg",3.04165607385569,1.25857121444215,2.45479121639502,3.63646399883883,4.66948081544028
10585,"1kg-10kg",2.79798451155231,1.34669375675857,2.39432130692812,3.2271889203886,3.68068408659269
10585,"10kg-100kg",0.140771337962427,0.0789483857381459,0.119285311144025,0.163602152072458,0.23056982145885
10585,">100kg",2.57954269752062,0.974510891879302,1.84800847732979,6.29303407551094,24.7252571640241
10950,"1g-10g",10.1200004488772,3.08076862498233,6.14807237553185,17.3494505383853,24.3989861818731
10950,"10g-100g",1.12444567185802,0.599965678021651,0.92178489232662,1.41713646440839,1.77004260409341
10950,"100g-1kg",3.04897757136504,1.2635516145803,2.46211766552831,3.64065256336636,4.6748232980645
10950,"1kg-10kg",2.79919563277136,1.34954977315966,2.39621605147537,3.22766938249612,3.68079335112607
10950,"10kg-100kg",0.140783583283032,0.0791023831569983,0.119493756638527,0.163639529864453,0.230497683814842
10950,">100kg",2.57383836435671,0.974245506097044,1.84757775993882,6.28526589670625,24.6724878013372
11315,"1g-10g",10.2538028065734,3.14709982986642,6.26823456265066,17.424252702989,24.4767311158651
11315,"10g-100g",1.1349146229505,0.610004519193821,0.932042212964679,1.43077405631495,1.77517795613619
11315,"100g-1kg",3.06205044506635,1.27516345305777,2.47382190974449,3.65022798257144,4.68287964147663
11315,"1kg-10kg",2.79987770418302,1.3520572919122,2.39855352636447,3.22793485737396,3.6809391037968
11315,"10kg-100kg",0.140864395320296,0.0788292350330398,0.119688413645957,0.163592092977296,0.230526631377117
11315,">100kg",2.57224667091878,0.973992365104623,1.8472243719697,6.27712971861925,24.6199212458722
11680,"1g-10g",10.366852605089,3.21962982548525,6.4025933785449,17.5326645366689,24.5670585436484
11680,"10g-100g",1.14335549950671,0.616496855857405,0.942370106675531,1.43833787797226,1.78005159351552
11680,"100g-1kg",3.08235821254875,1.28573675948989,2.49151391704558,3.6776178363557,4.69755721641573
11680,"1kg-10kg",2.80165644469584,1.35424544707467,2.39959434639914,3.22893271661251,3.68144116968483
11680,"10kg-100kg",0.140766740950517,0.0791943133387258,0.119835758512325,0.163505189501795,0.230566913112735
11680,">100kg",2.57074096774867,0.973790856377656,1.84694653956422,6.26906765472826,24.5675472757324
12045,"1g-10g",10.3494079310951,3.22942486077998,6.40179053213989,17.4723212757515,24.4473427788067
12045,"10g-100g",1.13547654321716,0.614287527971604,0.936287199653601,1.43404858544702,1.7758841057832
12045,"100g-1kg",3.10972296635905,1.31037427872815,2.51611240288264,3.70876788743168,4.71974462531455
12045,"1kg-10kg",2.8068945172668,1.35646995821567,2.40340503498104,3.23169915621468,3.68362695720641
12045,"10kg-100kg",0.1410780218233,0.0797996604946491,0.120267854647292,0.163754608407309,0.230709659721653
12045,">100kg",2.56926174509237,0.973449321402182,1.84654754779197,6.26111476779102,24.5153740424548
12410,"1g-10g",10.1921143176019,3.19030767831274,6.28409536909924,17.4589469783932,24.3645678074188
12410,"10g-100g",1.12354051951557,0.608526610664712,0.924317909194121,1.42212733740988,1.7657794664705
12410,"100g-1kg",3.11751946061685,1.32577772250207,2.5273015140175,3.72543931517517,4.73921887545759
12410,"1kg-10kg",2.81174278243193,1.36054485649702,2.40742352073076,3.23615539841979,3.68686083989668
12410,"10kg-100kg",0.141614334760652,0.0804980299263297,0.120753585946808,0.16427312372485,0.231012709860083
12410,">100kg",2.56778829666007,0.97306118399215,1.84610081642965,6.25011855652164,24.4633998284929
12775,"1g-10g",10.1395418309976,3.14065834239432,6.22398049251957,17.4086234626059,24.3547629628814
12775,"10g-100g",1.12335479410447,0.605525753942418,0.919900478016866,1.42518402056352,1.76660559278725
12775,"100g-1kg",3.11971576161965,1.32921139111567,2.53002816542134,3.72831167469796,4.73904452441421
12775,"1kg-10kg",2.8165401485113,1.36591812726141,2.41160934002201,3.23940214682383,3.68868350048062
12775,"10kg-100kg",0.142087525932524,0.0810545931841608,0.121233731060772,0.164566203008782,0.231294092298282
12775,">100kg",2.56644121797348,0.972940687576488,1.84560406787311,6.23675363170269,24.4116342334027
13140,"1g-10g",9.99954935069553,3.04857838331572,6.1043620704382,17.271598160057,24.292363251255
13140,"10g-100g",1.1079110299417,0.594842068957194,0.903002317829366,1.41061188613209,1.75643632126803
13140,"100g-1kg",3.10248545172258,1.31469909312486,2.51698005455981,3.71515553068454,4.72993858363935
13140,"1kg-10kg",2.82130032082673,1.37208767168339,2.417366635882,3.24596152481877,3.69187951337517
13140,"10kg-100kg",0.142601614382307,0.0815240609569078,0.121762548292691,0.165094556090722,0.231721771464905
13140,">100kg",2.56491739027724,0.972528703916741,1.84521745264875,6.22304720870278,24.3401571449671
13505,"1g-10g",9.81699641331475,2.94530148262812,5.9497730541534,17.1188030367822,24.1452956467075
13505,"10g-100g",1.08561762510068,0.579368753200548,0.884424182149082,1.38682786084056,1.73947159596768
13505,"100g-1kg",3.05433080961153,1.25165251506554,2.46525229550928,3.67032789607837,4.69369828639787
13505,"1kg-10kg",2.82302031719335,1.37529591564625,2.41847790615699,3.24745831115294,3.69243399669777
13505,"10kg-100kg",0.142637972256461,0.0813496672991098,0.121827461891864,0.165152930998787,0.231748899090324
13505,">100kg",2.56330806634914,0.972214033329236,1.84464666187812,6.20876612179177,24.2660445681461
13870,"1g-10g",9.70409462149444,2.8669281190181,5.81391728290179,16.9906455768786,24.0992726164423
13870,"10g-100g",1.07409148771471,0.568213101205013,0.870706697190675,1.3732113392263,1.73042309172202
13870,"100g-1kg",2.99290077649468,1.20414527580126,2.40957945037849,3.6113953477281,4.64952107540301
13870,"1kg-10kg",2.82239353348292,1.37585075437198,2.41671042459253,3.24730985782502,3.69186286406374
13870,"10kg-100kg",0.142471535640935,0.0816942752253714,0.121589194789797,0.165049834990449,0.231690417922841
13870,">100kg",2.56152878838386,0.97175649584065,1.84404172040137,6.19093835684788,24.1919519129036
14235,"1g-10g",9.83779441498084,2.90538736731177,5.91683975210768,17.1296180853584,24.4423773038249
14235,"10g-100g",1.09778758778647,0.582445241398877,0.888689329310944,1.39485562322877,1.74888810161429
14235,"100g-1kg",2.95136102888869,1.20519685530582,2.3797059443059,3.5641743030942,4.61769574705342
14235,"1kg-10kg",2.81998304388467,1.37505469766544,2.4144407249852,3.24560082546392,3.68857870992152
14235,"10kg-100kg",0.141979400602542,0.0810782333374089,0.120988425806428,0.164798384280123,0.231429765134569
14235,">100kg",2.55977232000558,0.971284144018885,1.84254220681,6.17314670265139,24.1181196582433
14600,"1g-10g",9.97643375126471,2.92315856899885,6.03290867919155,17.3491038939793,24.7726243049355
14600,"10g-100g",1.10961658387418,0.590895825452488,0.904012028981981,1.40930597597498,1.7696035922051
14600,"100g-1kg",2.93452204591815,1.20832557739704,2.37383136803798,3.54918332208282,4.60744897909942
14600,"1kg-10kg",2.81526729603156,1.37247396830624,2.40891511741339,3.24146523253723,3.68354192590701
14600,"10kg-100kg",0.141378247117803,0.0803901595116594,0.12012889759144,0.164232087455952,0.231168334596553
14600,">100kg",2.55791013443971,0.970700037001838,1.84144965343941,6.15527827467408,24.0443931764253
14965,"1g-10g",10.2070250697914,3.05246821128524,6.22119828889865,17.4535526127657,24.7398084861613
14965,"10g-100g",1.12998145310559,0.603637052588329,0.92579471112565,1.42134717446986,1.78158022695158
14965,"100g-1kg",2.95062297345718,1.2336522082072,2.3901392736294,3.56407716557902,4.62072470007437
14965,"1kg-10kg",2.80861254546723,1.36844866436117,2.40160845740386,3.23489567861123,3.67705057964256
14965,"10kg-100kg",0.140901630207748,0.0798163177789222,0.119406818493856,0.163740127080678,0.2306158160357
14965,">100kg",2.55622333724596,0.970288880169478,1.84059907417948,6.13750187776488,23.9711043114894
15330,"1g-10g",10.3988878955597,3.1768738855733,6.44019445494256,17.6515336461426,24.8777849854583
15330,"10g-100g",1.15166859606806,0.621538373411719,0.947330865793509,1.44518403566453,1.79819993078463
15330,"100g-1kg",2.998193824229,1.27003513862627,2.43070097174256,3.60642237638853,4.66431087927411
15330,"1kg-10kg",2.8041473641603,1.36594656091105,2.39567345353627,3.22909998973876,3.67203482641952
15330,"10kg-100kg",0.140290817358755,0.0795590756641232,0.118974580167284,0.163278963971864,0.23031569959026
15330,">100kg",2.5528606017271,0.969860545486214,1.8397833524996,6.1197996289872,23.8981040062294
15695,"1g-10g",10.5237653073331,3.24904839832338,6.53666031828093,17.7244886421075,24.8357852444043
15695,"10g-100g",1.15355547065111,0.627362944332232,0.950785993768689,1.45013044143597,1.79756009690509
15695,"100g-1kg",3.06498686316122,1.31231212953441,2.48819881167587,3.67221572476447,4.71764697605821
15695,"1kg-10kg",2.80087752002478,1.365301008028,2.39153403050584,3.22703421327818,3.67120353926957
15695,"10kg-100kg",0.140161638555427,0.0798003489896761,0.118812775603815,0.163193358925909,0.23041815998655
15695,">100kg",2.54977523650096,0.969395688515703,1.8390697429986,6.10470627562388,23.825362185381
16060,"1g-10g",10.2702361457259,3.13842095248507,6.33339993967514,17.4949011867236,24.4654927600118
16060,"10g-100g",1.11946703581472,0.607344999546886,0.924247079750659,1.41707403097694,1.77321918917163
16060,"100g-1kg",3.09723682949226,1.30347825164592,2.50827565166618,3.70702723140771,4.74949391443405
16060,"1kg-10kg",2.79871828869033,1.36557460240326,2.39011656613659,3.22595800320803,3.6721849390609
16060,"10kg-100kg",0.140318214017422,0.0800770819896957,0.119017725875397,0.163295457210051,0.230585720700977
16060,">100kg",2.54613114528626,0.968928588833932,1.8382978340314,6.09357409921797,23.752768501178
16425,"1g-10g",10.0751561763533,3.07270309760001,6.17818055362689,17.3182962778499,24.2748660939748
16425,"10g-100g",1.11235169499414,0.597379253429018,0.90792826126564,1.40954477523741,1.75604100978307
16425,"100g-1kg",3.10163514807655,1.30602027993174,2.52083571130367,3.71208264970263,4.75107249997544
16425,"1kg-10kg",2.80051515548147,1.36751492389409,2.39117808456541,3.22677912413362,3.67447644851722
16425,"10kg-100kg",0.140643812721154,0.0803426156019371,0.119405880411313,0.16340366906088,0.230725280320077
16425,">100kg",2.54213983361992,0.968633918087907,1.83745648855116,6.08251064716155,23.680493195504
16790,"1g-10g",9.87338265966234,2.93777778054862,5.97037685642532,17.1681003476067,24.2637118019546
16790,"10g-100g",1.09802940751971,0.588753692422537,0.894106221566349,1.40037534592008,1.74995608272807
16790,"100g-1kg",3.08812519324477,1.30775641083426,2.50963713248654,3.69800905439999,4.73243769253653
16790,"1kg-10kg",2.80347413169483,1.3717850543092,2.39330013547724,3.2316102502616,3.67915685646975
16790,"10kg-100kg",0.141173739851499,0.0807970157234373,0.120050704980654,0.163844821465457,0.231074804111309
16790,">100kg",2.53757439847773,0.96817462488348,1.83662962339145,6.07133573326906,23.6082238246012
17155,"1g-10g",9.88884813571194,2.90487530719581,5.98015965914492,17.1282153042214,24.3183521996018
17155,"10g-100g",1.10528100972462,0.589757976116491,0.897093536869915,1.40839083652283,1.75645095207133
17155,"100g-1kg",3.06415607995564,1.2989178241713,2.48535763016845,3.67421997848395,4.70695672669884
17155,"1kg-10kg",2.8052532214297,1.37554905317737,2.39643836005969,3.23424615963502,3.68140837579641
17155,"10kg-100kg",0.141496196852201,0.0809770258696559,0.12035271989992,0.163935296536432,0.230947775954069
17155,">100kg",2.53437025072723,0.967585092245824,1.83559279179399,6.06018477972846,23.5372720203007
17520,"1g-10g",9.98091323640916,2.93158030024325,6.04056906563419,17.244658237929,24.5375273033089
17520,"10g-100g",1.12625175484341,0.599735909443311,0.91243577763916,1.42389101932251,1.77294503029507
17520,"100g-1kg",3.05495503347803,1.30164064805358,2.48381443726637,3.66262971542179,4.68199560783904
17520,"1kg-10kg",2.80787524724772,1.3794994237496,2.40013599988441,3.23684135465755,3.68281105466053
17520,"10kg-100kg",0.141736990332928,0.081185895191426,0.120580913238345,0.164053248062377,0.230780780960495
17520,">100kg",2.532910859698,0.966950703443624,1.83435691270279,6.04907425069859,23.4655656127737
17885,"1g-10g",10.0124807272654,2.96629155144907,6.0983279620379,17.2302712009682,24.460731617252
17885,"10g-100g",1.12614864026999,0.604959321829729,0.920769662287078,1.42577183980697,1.77548635304718
17885,"100g-1kg",3.05766693832296,1.30278984805355,2.4774481309506,3.65988354377315,4.6743394071628
17885,"1kg-10kg",2.81035690430916,1.38248161451277,2.401782519695,3.23685816673596,3.6824723391768
17885,"10kg-100kg",0.141749325035382,0.0813593013587267,0.120712168614045,0.163989085859865,0.230506922919984
17885,">100kg",2.53140150334227,0.966283127518393,1.83305900269823,6.04132722819034,23.3941171173249
18250,"1g-10g",10.04196857469,3.00910932538677,6.12831502861123,17.2584815793793,24.3769802983996
18250,"10g-100g",1.12752707491566,0.607962184888221,0.922799856109812,1.42534370835242,1.77193056736404
18250,"100g-1kg",3.06182744599529,1.30859669855002,2.48749793871954,3.66541087951999,4.68021624678582
18250,"1kg-10kg",2.81327044320464,1.38531314495999,2.40359622480464,3.23695872844653,3.68267802180914
18250,"10kg-100kg",0.141700457354013,0.0815371323509615,0.120976418275731,0.163889970067705,0.230355929468069
18250,">100kg",2.52984683362316,0.965496625276575,1.83195109480512,6.03333098471278,23.3229513007699
18615,"1g-10g",10.1889914809713,3.07305235347082,6.26280549194689,17.3725984367286,24.4592343137741
18615,"10g-100g",1.13726433562758,0.618154512784779,0.933681645908508,1.4351525181158,1.78001034197344
18615,"100g-1kg",3.07498895459473,1.31952525892696,2.49978410088983,3.67627710752978,4.68604291825632
18615,"1kg-10kg",2.81535059836905,1.38814044279326,2.40786612311778,3.23623222972916,3.6832681312421
18615,"10kg-100kg",0.141846295145075,0.0815144535924158,0.121102108723831,0.163759294270875,0.230352380606588
18615,">100kg",2.52833293372459,0.964722999009758,1.83117983326797,6.01736570212147,23.2521227793558
18980,"1g-10g",10.3394002422004,3.15046887208684,6.39204039116271,17.4716976008704,24.4914971738885
18980,"10g-100g",1.14557436746533,0.626207136764499,0.943835890887804,1.44405426196162,1.78523947854551
18980,"100g-1kg",3.0976337853097,1.33782660008319,2.51075048347232,3.69638451844047,4.70079114726932
18980,"1kg-10kg",2.81614238892034,1.39161036566893,2.40978857872004,3.23678767848841,3.68385622502401
18980,"10kg-100kg",0.141919963988019,0.081813501767709,0.121304717856697,0.163734279606788,0.230360666549401
18980,">100kg",2.52688135930996,0.963999063953868,1.83050099178302,6.00220092658545,23.1816427296676
19345,"1g-10g",10.3069426635643,3.1481231439872,6.38493613732922,17.4375066792081,24.375395942814
19345,"10g-100g",1.13841992193577,0.624343136338975,0.936978659050308,1.43818025853009,1.77864146820166
19345,"100g-1kg",3.11838697186063,1.35260534096205,2.53222760435381,3.72743937018025,4.72494679665329
19345,"1kg-10kg",2.81962598574665,1.39751943417727,2.41406586279929,3.24108791323109,3.68634866402156
19345,"10kg-100kg",0.142112350187089,0.0823042730196323,0.121847370208086,0.164034295209646,0.230725923405493
19345,">100kg",2.52538990732068,0.96312755359359,1.82986414848083,5.97916122965631,23.1114315515406
19710,"1g-10g",10.2318797415961,3.10721174760173,6.28906603333093,17.4207628861723,24.3215116385115
19710,"10g-100g",1.12574667962823,0.616688118513531,0.925243856445285,1.43052996230899,1.76757180799469
19710,"100g-1kg",3.13003768123098,1.36444395345353,2.55375744174581,3.74282551797765,4.74474679503719
19710,"1kg-10kg",2.82622231737876,1.40487901383824,2.4191684935877,3.24619432018564,3.6913997329745
19710,"10kg-100kg",0.14281448900056,0.082939596836222,0.122423870164445,0.164487419194541,0.231265043539281
19710,">100kg",2.52389519047312,0.962198133429374,1.82924995190035,5.95867219532642,23.0414849581937
20075,"1g-10g",10.1851365266136,3.0576214639028,6.21872352136013,17.3942951952394,24.296246473237
20075,"10g-100g",1.12569234493243,0.613721704471877,0.922064817916269,1.42960272811085,1.76992782640576
20075,"100g-1kg",3.13374520982312,1.37033801250236,2.5577462802213,3.74506039766702,4.74548144972506
20075,"1kg-10kg",2.83201095933062,1.4123506663451,2.42406003807344,3.2478417235711,3.69460885483444
20075,"10kg-100kg",0.143160459759435,0.0835668834337111,0.122936341884238,0.164788841652644,0.231499351653156
20075,">100kg",2.52258901727249,0.961528639247332,1.82874192454166,5.94136105973383,22.9719327536022
20440,"1g-10g",10.0204645583689,2.97267214220168,6.11705859270909,17.2495594451484,24.242688754976
20440,"10g-100g",1.10875322568472,0.602826525406903,0.906128697380955,1.41698703357997,1.75940472186037
20440,"100g-1kg",3.11975019738206,1.3553715444662,2.54195021957403,3.73326973519008,4.73574929826573
20440,"1kg-10kg",2.83844733942057,1.42020596884637,2.42884317097498,3.25393586073539,3.69863099479522
20440,"10kg-100kg",0.143715500258806,0.0841008499448823,0.123495960254046,0.165364612422196,0.231978364889116
20440,">100kg",2.52107048801573,0.960568344881561,1.82810871964799,5.9245134313169,22.9024106753305
20805,"1g-10g",9.85951235024221,2.87035190999701,5.97681431829968,17.1097236810404,24.0737446284891
20805,"10g-100g",1.08967355432997,0.587597514366778,0.886123474291967,1.39475224960579,1.74306937425581
20805,"100g-1kg",3.06997502528313,1.28637754238005,2.48906043195595,3.68899290300853,4.69879106799557
20805,"1kg-10kg",2.83905310086741,1.42325897949734,2.43129304011762,3.25399943116819,3.69850972577934
20805,"10kg-100kg",0.143632586441628,0.0839939648866206,0.123418414958978,0.165473743298011,0.232007374041697
20805,">100kg",2.51956920275601,0.959709690745767,1.82717879173831,5.90764709283127,22.8330075749779
21170,"1g-10g",9.72017611696464,2.78528320016893,5.83924379931694,16.9948703527695,24.0805693995357
21170,"10g-100g",1.07593907153839,0.577256743270682,0.872280841336127,1.37691431630351,1.73267629205473
21170,"100g-1kg",3.00620178148508,1.24315380387971,2.43382594962053,3.62659726204007,4.6537532194453
21170,"1kg-10kg",2.83565235817822,1.42227352930878,2.43058349269103,3.2537502246171,3.69718167829725
21170,"10kg-100kg",0.143387367979517,0.0841150415247009,0.123032951307206,0.165320054971918,0.231950422266231
21170,">100kg",2.5179380672311,0.958717679363153,1.82605920990848,5.89718257160564,22.7832990048755
21535,"1g-10g",9.85655500274379,2.84052088567307,5.9200086282011,17.139123712701,24.4209294010946
21535,"10g-100g",1.10300700939222,0.588646284089028,0.891249777250235,1.39930660735639,1.75216516307152
21535,"100g-1kg",2.96449397513031,1.25002613825094,2.40465014313613,3.58598923761074,4.62131180563041
21535,"1kg-10kg",2.83407595471803,1.42051635223765,2.4279873074862,3.25214339981595,3.6944680982526
21535,"10kg-100kg",0.142884672564166,0.0834508095081138,0.122531286878737,0.164914294136877,0.23169136299673
21535,">100kg",2.5163804644466,0.95783120204134,1.82541139931396,5.88772142710278,22.734603684973
21900,"1g-10g",10.0291055379752,2.87893972911955,6.02919383662919,17.3787494968242,24.761500677901
21900,"10g-100g",1.11336000465812,0.596187732378211,0.90741144167188,1.41221192890362,1.76874921495315
21900,"100g-1kg",2.94473764731432,1.25579473220064,2.39231000456153,3.56678843992575,4.61115218609971
21900,"1kg-10kg",2.83085122658487,1.41643695850971,2.42233763420862,3.24884493142062,3.69026262130479
21900,"10kg-100kg",0.142198209895926,0.0827519652051592,0.121788670305203,0.164675932813612,0.231431347802983
21900,">100kg",2.51471097310917,0.956992317187239,1.82465861995517,5.88208245898967,22.6969624091342
22265,"1g-10g",10.2375135407803,3.00057434494522,6.21293391345475,17.4635935292739,24.7716630259274
22265,"10g-100g",1.13671083340374,0.611652307840332,0.928511145055132,1.42723292516706,1.78205294865688
22265,"100g-1kg",2.96511108534523,1.27632046150876,2.40870332175458,3.58286948825205,4.62711068445683
22265,"1kg-10kg",2.82503279856899,1.41217663740425,2.41416687017603,3.24213125939686,3.6831721266016
22265,"10kg-100kg",0.141635405944197,0.0822590257113626,0.120910005534331,0.16399193311649,0.230880679709408
22265,">100kg",2.51324943907371,0.957012814089788,1.82388539169659,5.87638603507262,22.6689887723587
22630,"1g-10g",10.4921402879707,3.12596308677464,6.42864513037864,17.688141383312,24.8924702257396
22630,"10g-100g",1.15428816842245,0.629734886063841,0.948691448024162,1.45194297060088,1.80114133401988
22630,"100g-1kg",3.01371980648438,1.30933534871969,2.45358558314535,3.63264618546895,4.66723464823492
22630,"1kg-10kg",2.81880376820897,1.41013108047305,2.40931265053292,3.23676979728267,3.67818369075654
22630,"10kg-100kg",0.141213404924158,0.0820605567543436,0.120301755684076,0.163464563970047,0.230552831923427
22630,">100kg",2.5117844560204,0.956965056569687,1.82301114691658,5.87075710060733,22.6410786572495
22995,"1g-10g",10.6114027985387,3.19034969900854,6.52528815507575,17.7075526593618,24.8014461040715
22995,"10g-100g",1.15728810034338,0.637699389177109,0.951899316202613,1.45469497884248,1.80141761759291
22995,"100g-1kg",3.07657484487465,1.35216897765853,2.50334589194423,3.6925591834661,4.72226758897824
22995,"1kg-10kg",2.81596176545246,1.41131812816905,2.40639145933054,3.23417001880861,3.67681280468195
22995,"10kg-100kg",0.141049882034665,0.0822483174855499,0.12032997178202,0.16342581555014,0.230651562183139
22995,">100kg",2.50885118364972,0.956732774079949,1.82213259274753,5.8646303987701,22.6036301280283
23360,"1g-10g",10.3617163645458,3.09779214984351,6.32053829657199,17.4639206262411,24.4416872013621
23360,"10g-100g",1.12330877514881,0.621098260284571,0.92470613722182,1.42480957667638,1.77326144642605
23360,"100g-1kg",3.1080421000049,1.33948397705652,2.52382508757908,3.72760836209144,4.75508943715241
23360,"1kg-10kg",2.81574505307921,1.41333131520519,2.40317031471798,3.23304361518512,3.67741435775139
23360,"10kg-100kg",0.141144187782416,0.0825307356329286,0.120374512069686,0.163572970916008,0.230854540649636
23360,">100kg",2.50718403715131,0.956464398588711,1.82126960296554,5.85223133813502,22.5544985436905
23725,"1g-10g",10.1406689918851,2.99673077635749,6.17091859716494,17.2814354399614,24.1980777661501
23725,"10g-100g",1.11379085493425,0.610798265431918,0.910124045554369,1.41679717118294,1.75826211830399
23725,"100g-1kg",3.11537899906835,1.3447827603311,2.53394781600063,3.73983472209191,4.75629426199986
23725,"1kg-10kg",2.81895805532685,1.41637347309463,2.40331139163349,3.23496433313256,3.67994409638554
23725,"10kg-100kg",0.141430906991477,0.0827157829748007,0.120699572130139,0.163657772504732,0.230971369194469
23725,">100kg",2.50375008057903,0.956232528868459,1.8204617812445,5.84468795503932,22.5056479375821
24090,"1g-10g",9.98020344309274,2.85119124084253,5.95176592333352,17.1690428424047,24.2630463927572
24090,"10g-100g",1.09890248886315,0.600563885072877,0.894927508612282,1.40748627996305,1.75587102717112
24090,"100g-1kg",3.10107198680199,1.34537783644898,2.52789162004465,3.72977655626901,4.73956447349947
24090,"1kg-10kg",2.82452369486829,1.42105130633664,2.4076459480213,3.23899748215787,3.68502061564914
24090,"10kg-100kg",0.142038476903487,0.0832430295288486,0.121412377950892,0.164150832347554,0.231345576461719
24090,">100kg",2.49879352352881,0.955670076348028,1.81948591504671,5.83888617423464,22.4777483826227
24455,"1g-10g",9.99222923874633,2.84131139892521,5.95672138098571,17.1780861479558,24.3315635814157
24455,"10g-100g",1.10616179740362,0.601497813709909,0.89916168577633,1.41258334425061,1.76108214321325
24455,"100g-1kg",3.07478788899586,1.34050134412717,2.50754620349226,3.70208944946812,4.70966359735665
24455,"1kg-10kg",2.82778772205191,1.42519590690266,2.41217161580697,3.24096484487486,3.68766604445221
24455,"10kg-100kg",0.142318058306828,0.0834009844943547,0.121807779009213,0.164252153291899,0.231281455782504
24455,">100kg",2.49390045454489,0.955463659025211,1.81871721322512,5.83296519333448,22.4498250842018
24820,"1g-10g",10.133792892363,2.8933187516147,6.03252071605472,17.3532535164396,24.529337113868
24820,"10g-100g",1.12674944190308,0.610310230925089,0.914482786474094,1.42769050188241,1.77608947960017
24820,"100g-1kg",3.06973168645837,1.35401274360584,2.50244603466156,3.68810979458597,4.68999451878777
24820,"1kg-10kg",2.83021521811037,1.4298158638123,2.41573868353634,3.24225699592244,3.68817585640003
24820,"10kg-100kg",0.142403030418439,0.0836244968537827,0.122053631582068,0.164333264910466,0.231030602242988
24820,">100kg",2.49161564493716,0.955309963309645,1.81721181984926,5.82709220358085,22.4219487615286
25185,"1g-10g",10.2051674848108,2.94206150742015,6.10159045578637,17.3299253877934,24.4510431910272
25185,"10g-100g",1.12810471880437,0.614681120427293,0.92324161461536,1.42976979427011,1.77795752151585
25185,"100g-1kg",3.06715612890669,1.34751978981604,2.50385216300259,3.67994893043058,4.68311500781406
25185,"1kg-10kg",2.83173239923607,1.43383616204546,2.4176610256835,3.24288518020947,3.68701639121736
25185,"10kg-100kg",0.142460438969017,0.0837888303143,0.122198223785584,0.164138279850517,0.230726742449636
25185,">100kg",2.49014991696455,0.955169628718308,1.81619558312762,5.81881324029125,22.3941270243563
25550,"1g-10g",10.2824325798885,2.99132270067857,6.12996553398727,17.3262258274897,24.3808379311916
25550,"10g-100g",1.12933628517807,0.618851406603964,0.924936696238058,1.42878718835811,1.77270749514677
25550,"100g-1kg",3.07035604864824,1.35153158031694,2.50514829077405,3.6843686630947,4.68546351700945
25550,"1kg-10kg",2.83456289565016,1.43778969665011,2.42031977518345,3.2435739874888,3.68963696016698
25550,"10kg-100kg",0.142564479703032,0.0839997539104473,0.122386846292774,0.164150155210609,0.230650130340444
25550,">100kg",2.48636807327937,0.954921955418419,1.81558108272757,5.80775733092374,22.3663898878027
25915,"1g-10g",10.4261408306249,3.05498880375496,6.26118069402118,17.427454689909,24.4543820822494
25915,"10g-100g",1.13963921254961,0.627410508098256,0.93636024659065,1.43991273078265,1.78144302598853
25915,"100g-1kg",3.08339953225033,1.3647732492753,2.51809250130908,3.69567095681287,4.69299069012026
25915,"1kg-10kg",2.83502728652467,1.44197405584485,2.42407830830636,3.24376279372348,3.68956171896502
25915,"10kg-100kg",0.142627215606349,0.0839419491762568,0.122553611089169,0.164093500982069,0.230648173367992
25915,">100kg",2.48256076593615,0.954702879910925,1.81502541221188,5.79682826237051,22.3387602220489
26280,"1g-10g",10.5918955993457,3.12163482859386,6.39033352300059,17.4530226131078,24.4809074870545
26280,"10g-100g",1.14919999789297,0.635298605117992,0.94641691264258,1.44764920415605,1.78708642931265
26280,"100g-1kg",3.10656337116115,1.37775309680175,2.53973852756224,3.71642859725495,4.70682224895488
26280,"1kg-10kg",2.83523765735751,1.44636264596394,2.42657363320325,3.24349176757933,3.6893547030292
26280,"10kg-100kg",0.14280215030966,0.0839720384876916,0.122705401253574,0.164040386635408,0.230663706068263
26280,">100kg",2.47976570365195,0.954548067706425,1.81456075994743,5.78601235325978,22.3049849907334
26645,"1g-10g",10.5226259230591,3.1271713023188,6.38869926093519,17.490358745945,24.3749029167344
26645,"10g-100g",1.14227481869967,0.634008223308064,0.940251925992114,1.44310397809206,1.77942736698984
26645,"100g-1kg",3.13125392081753,1.39469975632174,2.55796783001298,3.74354893814277,4.73665984797226
26645,"1kg-10kg",2.83850996122486,1.45198547224452,2.42904332454633,3.24636484191214,3.69236126083099
26645,"10kg-100kg",0.143159899747235,0.0843757019628188,0.123187892637022,0.16433361930991,0.231033920926222
26645,">100kg",2.4759288474186,0.954208070970771,1.81405090352299,5.77532465650726,22.2425535483573
27010,"1g-10g",10.4184279507825,3.07189277167616,6.28136246319855,17.4463716879375,24.3111950420334
27010,"10g-100g",1.12915651517884,0.62906896112468,0.928740761350088,1.43589376840244,1.76944745524273
27010,"100g-1kg",3.14070334221334,1.40997216649119,2.57496310220263,3.76464124892095,4.75185575908184
27010,"1kg-10kg",2.8444325022046,1.45857830862186,2.43281651351797,3.25110743580886,3.69686849635105
27010,"10kg-100kg",0.143667795218157,0.0851384720073262,0.123710720817382,0.164917129823465,0.231570887117009
27010,">100kg",2.47204786874131,0.953764624547655,1.81352741438245,5.76470255531518,22.1728377360644
27375,"1g-10g",10.4487023722186,3.00546416110733,6.21564797610979,17.441667049049,24.3130213960504
27375,"10g-100g",1.12940989632991,0.625083579151902,0.924653432498634,1.43593648135442,1.77298076471155
27375,"100g-1kg",3.1459358977947,1.41643006588311,2.58174260306199,3.76843538987251,4.75340375004355
27375,"1kg-10kg",2.84986691818263,1.46549447076011,2.43809555362312,3.25440687702381,3.69912729083723
27375,"10kg-100kg",0.144030303441271,0.0857443711357232,0.12417895473331,0.165157585948128,0.232198322938138
27375,">100kg",2.46845754998265,0.953576456229408,1.81323027082799,5.75921186463168,22.1036379597084
27740,"1g-10g",10.3015445464384,2.94850269893056,6.09988027011971,17.3065495006445,24.2508429800772
27740,"10g-100g",1.11241717637663,0.61158907411916,0.908722134359338,1.42370966387765,1.76539401975153
27740,"100g-1kg",3.12867952836043,1.40161775014159,2.57030680807436,3.75760180669666,4.7485044758037
27740,"1kg-10kg",2.85545829692827,1.47222162669656,2.44369959817485,3.25940591353247,3.70275790243876
27740,"10kg-100kg",0.144549542356624,0.0862775221994632,0.124694292910468,0.165769838597541,0.232481694052259
27740,">100kg",2.46452731375268,0.953034567093012,1.81267062617076,5.75381429636074,22.034282768246
28105,"1g-10g",10.0679004725519,2.87150785781045,5.94403075494648,17.1371845459958,24.0858361016731
28105,"10g-100g",1.09288280606095,0.596218288861175,0.890295810005164,1.40200866437822,1.74766125522721
28105,"100g-1kg",3.07786666513418,1.33545484918099,2.52008162729857,3.7145022096094,4.71537197953461
28105,"1kg-10kg",2.85827863285888,1.47450727444647,2.44521434004628,3.2607281923603,3.70221409858366
28105,"10kg-100kg",0.144674686989561,0.0864033289796245,0.124656652954888,0.165979449462269,0.232441311936267
28105,">100kg",2.4606752824765,0.9525979736662,1.81211636113628,5.74834489570088,21.9674301230536
28470,"1g-10g",9.94220457754195,2.79473757518089,5.8077093664165,17.0145834115408,24.0826824911182
28470,"10g-100g",1.07796893074403,0.584122049153052,0.875742099374866,1.38807083938742,1.73743478261318
28470,"100g-1kg",3.01769552200517,1.2847457942805,2.45480851191753,3.65186223584199,4.66775416683849
28470,"1kg-10kg",2.85914549855696,1.47254526717692,2.44520095302082,3.25992259216433,3.70084669111101
28470,"10kg-100kg",0.144511308745273,0.0862823601715958,0.124336755044186,0.165883537036673,0.23229277219573
28470,">100kg",2.45851235858089,0.952006341136063,1.81058020264823,5.74275085391324,21.9276574470274
28835,"1g-10g",10.2066519641126,2.82865604424019,5.9193493169905,17.2960281836085,24.4633780396937
28835,"10g-100g",1.10543210286908,0.596811417327896,0.894382155482689,1.40533098829256,1.75329156189837
28835,"100g-1kg",2.97614410198638,1.29355193084708,2.42196716552006,3.60697248315034,4.63326750541345
28835,"1kg-10kg",2.85588181927425,1.46891777260951,2.4440799885524,3.25803186194508,3.70112889335268
28835,"10kg-100kg",0.14420309964983,0.0858219963325912,0.123847361428531,0.165577719738113,0.232094404284699
28835,">100kg",2.45687200934581,0.951532319983309,1.80954211318616,5.7372240692351,21.8932689770428
29200,"1g-10g",10.3389879858332,2.89051689229767,6.03623472800025,17.4399150220021,24.76715709826
29200,"10g-100g",1.11840157480392,0.607476416021521,0.90815904165722,1.41879318538943,1.77112734814795
29200,"100g-1kg",2.96308585451829,1.30153270771528,2.41256679200164,3.59381302916697,4.62694885060171
29200,"1kg-10kg",2.84913591496947,1.46430950887682,2.43711756820195,3.25542477540607,3.69562080380308
29200,"10kg-100kg",0.143535739522078,0.0853460632117622,0.123147797029317,0.165152464570888,0.231851562162071
29200,">100kg",2.45511455747009,0.950941615583145,1.80876244404357,5.73164246853028,21.8589164527822
29565,"1g-10g",10.4934335096692,3.00560766607904,6.22695413057545,17.5655791227199,24.7763230397818
29565,"10g-100g",1.14147865509437,0.624175890873555,0.929246349499976,1.43618983535326,1.78374821636417
29565,"100g-1kg",2.98681244422595,1.32737842115684,2.42884205399918,3.60933217165947,4.64919474922052
29565,"1kg-10kg",2.84082581404071,1.4598136330777,2.4295664046927,3.2490326998468,3.68900403142145
29565,"10kg-100kg",0.142699630355683,0.0845570691467665,0.122350501597616,0.164522967142116,0.231554862810259
29565,">100kg",2.45351356207219,0.950667022715413,1.80791658130181,5.72624210943253,21.8084924688827
29930,"1g-10g",10.7715965882041,3.10609960924236,6.41812544150747,17.8943460055273,24.8825330202434
29930,"10g-100g",1.16146428660945,0.63996271609165,0.950235109074116,1.45558627435933,1.80199180591386
29930,"100g-1kg",3.02912498471083,1.36289421058242,2.47378910185231,3.65543823974791,4.69094796318468
29930,"1kg-10kg",2.83465548936041,1.45832966428181,2.42168805843658,3.24469687697624,3.68485555005497
29930,"10kg-100kg",0.142051014961926,0.0840778334937784,0.121701432190161,0.16395924345486,0.231392649066752
29930,">100kg",2.45197289704272,0.950368103163328,1.80661769435745,5.72088340186863,21.7340103412135
30295,"1g-10g",10.8241598753356,3.17548344988803,6.52645151875695,17.918810720713,24.9027319899196
30295,"10g-100g",1.16238859001947,0.645267271694551,0.954624789897159,1.4585090259088,1.80337268466189
30295,"100g-1kg",3.0889081209668,1.40162968913894,2.529787220429,3.71886649329156,4.74090516629893
30295,"1kg-10kg",2.83273410252923,1.46018346060533,2.41809421212053,3.24282464594728,3.68393352907954
30295,"10kg-100kg",0.141997094966293,0.0843476825763264,0.121543946280642,0.163862362417495,0.231487720844044
30295,">100kg",2.45047477700926,0.949957549783016,1.8052945415196,5.71558119746234,21.6567041874289
30660,"1g-10g",10.5099796165285,3.09882348479047,6.35443465031389,17.5837079113744,24.4894696999383
30660,"10g-100g",1.12935912856795,0.625427803216065,0.928749375221182,1.43373217351263,1.77575441555943
30660,"100g-1kg",3.11834432058588,1.38912168449482,2.54925997848999,3.75271849727303,4.76576622324775
30660,"1kg-10kg",2.8296124646215,1.46284015802451,2.41787033012195,3.24137933588318,3.68381839416577
30660,"10kg-100kg",0.14219877200789,0.0846491065838285,0.121523155889449,0.163997561417822,0.231616781462485
30660,">100kg",2.44890696628981,0.949510870558172,1.80457362065007,5.70660011170045,21.5796261392551
31025,"1g-10g",10.2952379459171,2.98567559589046,6.1627164549853,17.3930203989061,24.3492105450107
31025,"10g-100g",1.11711723956956,0.619104503761036,0.913330352055559,1.42214453256564,1.76401931579
31025,"100g-1kg",3.12434511085585,1.38813495591854,2.55591815421091,3.7613487528213,4.7715430488696
31025,"1kg-10kg",2.83075736467456,1.4660315974856,2.41848527074895,3.24311857777989,3.68527041524673
31025,"10kg-100kg",0.14250415355301,0.0848666892046677,0.121945461591118,0.164107721694586,0.231765761447719
31025,">100kg",2.44739840715651,0.949276139940405,1.80418700458795,5.69615191284529,21.5030298728405
31390,"1g-10g",10.2273161025071,2.87219032497375,5.96809896683525,17.3098866932899,24.4064662073074
31390,"10g-100g",1.10173830629704,0.608096813665588,0.897704336096091,1.4142541039729,1.75971596807227
31390,"100g-1kg",3.1153044940297,1.39776825714946,2.54819850207302,3.74738562951764,4.75575754140682
31390,"1kg-10kg",2.83530950174801,1.47108642690555,2.423259137785,3.24670099087913,3.6895718333369
31390,"10kg-100kg",0.143014717713845,0.085372260764032,0.122569760720048,0.164673063897767,0.231992953515818
31390,">100kg",2.44568001106142,0.948727354485211,1.80347261533048,5.68556710460003,21.4263752677384
31755,"1g-10g",10.2286227870649,2.86074857578435,5.95152760227354,17.3068290532539,24.5166049093002
31755,"10g-100g",1.11186151813975,0.610430109243735,0.900676775923842,1.41691108423589,1.76408179506281
31755,"100g-1kg",3.09113670439428,1.39058503681423,2.53258775280583,3.72623837199868,4.73037865925164
31755,"1kg-10kg",2.838031908168,1.47513609366833,2.42552065186693,3.24854816471485,3.69439681245614
31755,"10kg-100kg",0.143213503333921,0.0856675128347636,0.122866473660814,0.164774162103174,0.232536806047888
31755,">100kg",2.44385590793749,0.948534350049847,1.80255654925047,5.67509161050986,21.3664980349408
32120,"1g-10g",10.3639997702874,2.89287636325894,6.019291148849,17.5154493661737,24.6384590803554
32120,"10g-100g",1.13129122778761,0.620209640759941,0.916205119665779,1.43577642235426,1.77884306747243
32120,"100g-1kg",3.08488338940895,1.40524438665534,2.52231322634225,3.70897490772804,4.71537228244051
32120,"1kg-10kg",2.84138076258329,1.47934656788139,2.42782443773619,3.25150308722747,3.69633990416849
32120,"10kg-100kg",0.143295501814675,0.0859676001258755,0.12302359777157,0.164846010377696,0.232487741689503
32120,">100kg",2.4406562087037,0.948393927456433,1.80149836454839,5.66840227390484,21.3197505385628
32485,"1g-10g",10.4210478035241,2.9535704735865,6.10020893500553,17.5156885994829,24.5945155233914
32485,"10g-100g",1.13333296486554,0.621770405003657,0.925534221423372,1.43580359511141,1.78098602616749
32485,"100g-1kg",3.07960624613861,1.40052346441053,2.51911882701813,3.69904477274768,4.71304879399829
32485,"1kg-10kg",2.84321957008177,1.48275835407897,2.4287436222642,3.25202359267326,3.69581644220633
32485,"10kg-100kg",0.143380972229248,0.0861914316970485,0.12320284115429,0.164614352314557,0.232247158207427
32485,">100kg",2.43643978833864,0.948266815586686,1.8004376901275,5.66331192373451,21.2731248226929
32850,"1g-10g",10.4298024002092,2.96943542164925,6.11746808660707,17.5318940437252,24.5422625932939
32850,"10g-100g",1.13630446335536,0.625309682388002,0.927293975843521,1.43737448409863,1.77992740505651
32850,"100g-1kg",3.08570409211024,1.41512484033202,2.52733618459138,3.70514026740785,4.71444725683097
32850,"1kg-10kg",2.84494185423447,1.48381167102489,2.43013768894827,3.25257239678165,3.69569743199345
32850,"10kg-100kg",0.143419837437157,0.0864693390797241,0.123351499565233,0.164618975542578,0.232042530320277
32850,">100kg",2.39632010868255,0.934549870817796,1.78584774673179,5.55961781327574,20.9773496125793
33215,"1g-10g",10.622683282104,3.01639589720692,6.24392972580419,17.6445664588668,24.6219274045212
33215,"10g-100g",1.15313665225535,0.63573869462304,0.943936536694475,1.4597895997006,1.7906682345469
33215,"100g-1kg",3.11121199796751,1.45725039913599,2.56090733232327,3.72446244489745,4.73109730274151
33215,"1kg-10kg",2.8479536272732,1.48536636806009,2.43182760594517,3.25310037165536,3.69616321875463
33215,"10kg-100kg",0.143511907978926,0.0865330165954572,0.123513228801107,0.164621132088786,0.231904902588502
33215,">100kg",2.26728192124824,0.910962206833997,1.71576698136652,5.2749022164306,19.5301663251642
33580,"1g-10g",10.6947929564389,3.08377488965877,6.37164863560743,17.709210665102,24.598985481459
33580,"10g-100g",1.16962676574087,0.642824104620797,0.959441131286305,1.48700490582632,1.80627986143792
33580,"100g-1kg",3.16703939372106,1.50077074472696,2.62565337964006,3.75821802036149,4.74445464941352
33580,"1kg-10kg",2.85038852456113,1.48901996577996,2.43526684810019,3.25632221380198,3.69518589021491
33580,"10kg-100kg",0.143618047591136,0.0871962841825436,0.123892683434519,0.164746131228436,0.231833442743477
33580,">100kg",2.19797953697279,0.905300924780268,1.67808599147265,5.07907226287972,19.1053460119584
33945,"1g-10g",10.5824871483035,3.10998220449043,6.34653896495938,17.5926495970233,24.4048944621953
33945,"10g-100g",1.16699754394465,0.641874396952359,0.956177888202671,1.48841296699936,1.81776859555099
33945,"100g-1kg",3.22168436275141,1.59361509760128,2.70335452888135,3.81883084589227,4.76999708719658
33945,"1kg-10kg",2.8568397727108,1.52989749989455,2.44199422330812,3.2610907512928,3.70195066896599
33945,"10kg-100kg",0.144189016720631,0.0883012937648972,0.124674054021125,0.165361061581357,0.231935479368671
33945,">100kg",2.11630372181281,0.883238784484301,1.62559860934627,4.69356375331006,18.2535856476295
34310,"1g-10g",10.5019777547817,3.0712354587578,6.23214972020496,17.5126791164571,24.2687603834022
34310,"10g-100g",1.15681030532744,0.635934341362435,0.943472013135614,1.49106263335912,1.82061760214959
34310,"100g-1kg",3.28709938687199,1.71939526537672,2.77000126330623,3.89025164331034,4.85680226464898
34310,"1kg-10kg",2.86856167351839,1.54695956000783,2.45217733369355,3.27609160644209,3.71280177945376
34310,"10kg-100kg",0.144909837816141,0.0915100084989653,0.125945933944364,0.166186785917734,0.232093477324455
34310,">100kg",2.06876064006425,0.870737958459357,1.59430081895886,4.42027639570873,18.0640296617969
34675,"1g-10g",10.3302457587948,2.99461047761402,6.13158352509509,17.4179563986378,24.2258503277239
34675,"10g-100g",1.15785353895019,0.633852654748787,0.939407965486529,1.49686387548517,1.83176214549811
34675,"100g-1kg",3.32712123707308,1.76852435201956,2.80972941959569,3.93629646141401,4.89427664701712
34675,"1kg-10kg",2.87754335505958,1.58948069279885,2.46024567703845,3.28686087138125,3.71920649029141
34675,"10kg-100kg",0.146373169336477,0.0945534429685035,0.127666266865499,0.167094545857032,0.232596106401696
34675,">100kg",2.02600146992302,0.857324902764593,1.56263747747649,4.26918563965574,17.7635158002096
35040,"1g-10g",10.1563639873659,2.90684771273635,5.89267231291449,17.2507182860573,24.1440097725487
35040,"10g-100g",1.14278262208499,0.623422862712252,0.923215764408771,1.48667227371307,1.82357398439002
35040,"100g-1kg",3.35775219183224,1.7909611778655,2.8246241215364,3.96271580108429,4.92159891911063
35040,"1kg-10kg",2.89185720987563,1.62152035541028,2.47853971752883,3.30319343157876,3.726341850773
35040,"10kg-100kg",0.147813612252984,0.0979090162858478,0.129907450892069,0.168179007592983,0.2328023657868
35040,">100kg",1.9834872119207,0.842876154886695,1.53733708085097,4.19503350393525,17.5814469089194
35405,"1g-10g",9.89267442223411,2.79967384333434,5.70659022044619,17.0042240035947,23.9700107283864
35405,"10g-100g",1.12428338683417,0.608684891450943,0.905404693121359,1.46467999125169,1.80524719519392
35405,"100g-1kg",3.33072622854019,1.759162920083,2.79867192369705,3.96463583203557,4.90888584368246
35405,"1kg-10kg",2.9096803155927,1.66707970107511,2.49630050813032,3.31186882973207,3.73010248256757
35405,"10kg-100kg",0.149240213316716,0.101070419458053,0.131685204365464,0.169752169819057,0.232839998783356
35405,">100kg",1.95633416109037,0.83108450948834,1.51865059146107,4.12778291490845,17.2454043364669
35770,"1g-10g",9.70679000317441,2.6784527219819,5.53759954878605,16.8965276008883,23.8875845819736
35770,"10g-100g",1.11213880416674,0.595844277475836,0.888105019897574,1.45220818877561,1.78842820104037
35770,"100g-1kg",3.28549623300566,1.71643127159543,2.75381918575516,3.93873282998196,4.8857163390168
35770,"1kg-10kg",2.9227590458601,1.70141617863129,2.513930834103,3.32091766282879,3.7342273233332
35770,"10kg-100kg",0.150921546665175,0.104498998894959,0.133019126837485,0.171090298578185,0.236159970282846
35770,">100kg",1.94237278483909,0.82498824148328,1.50875724609762,4.06178958949278,17.0846330891613
36135,"1g-10g",9.85473129338379,2.73225051132354,5.59097829855457,17.053834289283,24.1585952286937
36135,"10g-100g",1.13009619787221,0.603551868866645,0.902851731350132,1.47380664061564,1.81044145071347
36135,"100g-1kg",3.25666533803759,1.72034644473397,2.72415921894138,3.90253293748459,4.85373579312465
36135,"1kg-10kg",2.9273187220125,1.72476812784706,2.52510698972359,3.33240717188286,3.74033502132189
36135,"10kg-100kg",0.151902700501871,0.106319120175416,0.133697333477803,0.171497402751077,0.24284373470948
36135,">100kg",1.90484956753356,0.81717874482983,1.48369325391829,3.86324434960332,16.8519999524633
36500,"1g-10g",10.0153402691977,2.76321951269945,5.62620336498934,17.119655153181,24.4309412698704
36500,"10g-100g",1.14663008632298,0.610757363462562,0.917205964317617,1.48834641544676,1.82600263074019
36500,"100g-1kg",3.24993401063291,1.72654385019584,2.70884970033324,3.88544088346466,4.8718712806624
36500,"1kg-10kg",2.93675951244046,1.73620752196986,2.53179905341702,3.33776526405244,3.7540142594616
36500,"10kg-100kg",0.152983575091755,0.10808993020574,0.13454254705238,0.172374621889303,0.243970228027404
36500,">100kg",1.88236616179602,0.814009453710927,1.46277175002982,3.8001284965964,16.791900657251
36865,"1g-10g",10.2756981974414,2.90072151168847,5.79893328226298,17.2427195846044,24.4399132569799
36865,"10g-100g",1.16673750893226,0.625291929167803,0.936074651082396,1.50135641360576,1.8379073251836
36865,"100g-1kg",3.2760281371908,1.76762042755886,2.72638813885052,3.89605723321086,4.88524600392774
36865,"1kg-10kg",2.9400155555828,1.78265690904284,2.53297077099835,3.34094986642788,3.75139565044913
36865,"10kg-100kg",0.154181766738802,0.108614966551794,0.135022268320153,0.173723570511616,0.245519901203678
36865,">100kg",1.88205837405111,0.814277260588325,1.46329866368659,3.79933371049046,16.7565217849447
37230,"1g-10g",10.5046841846122,3.00521727697611,5.96665641746439,17.427765310478,24.5078345797836
37230,"10g-100g",1.18820121468886,0.639559178785222,0.957792681676484,1.52252129440103,1.85334673757198
37230,"100g-1kg",3.31146749990098,1.81082488162869,2.76284371919663,3.9250713931489,4.91130740155916
37230,"1kg-10kg",2.9439019714302,1.81276606792543,2.54105080405696,3.34227208462665,3.75373845479374
37230,"10kg-100kg",0.154548809702444,0.109740720431174,0.135695800852715,0.175364853155165,0.247113673115869
37230,">100kg",1.88178375458707,0.81626989940739,1.46436797295873,3.79806923947418,16.7146794750042
37595,"1g-10g",10.5493938864412,3.04175165439503,6.06057677294334,17.4575705413799,24.3724589296102
37595,"10g-100g",1.18179761404794,0.645241676033695,0.96219254895677,1.52468874582223,1.85686296526283
37595,"100g-1kg",3.36431226066646,1.85113176263086,2.81519678610161,3.96422038080429,4.95948740764815
37595,"1kg-10kg",2.95598483980595,1.8362420208642,2.54349471728269,3.34468053123663,3.76467383863973
37595,"10kg-100kg",0.155331427180677,0.110472468399841,0.13614785187248,0.17669353171341,0.248025923804667
37595,">100kg",1.88376138564574,0.816701137869808,1.46504316753868,3.79234995301752,16.6657988462115
37960,"1g-10g",10.2890610194955,2.95387433491402,5.86637924728606,17.0670733614332,24.0371067541241
37960,"10g-100g",1.14836920404045,0.631254448591407,0.934286314448818,1.49901428737252,1.83530454293621
37960,"100g-1kg",3.38774214839944,1.85471881848329,2.83934896215172,3.98237856094695,4.9741423032024
37960,"1kg-10kg",2.96205547437657,1.85708850659572,2.54331210450536,3.35732604555763,3.76544055808876
37960,"10kg-100kg",0.156105154701951,0.111495961046934,0.136396286625235,0.177810472962898,0.250812506587965
37960,">100kg",1.88382437219493,0.818357589982913,1.46667365350909,3.78594595129834,16.6170346954585
38325,"1g-10g",10.0525142556637,2.85178586230696,5.69776692392852,16.978368983728,23.8304980319019
38325,"10g-100g",1.13512028596325,0.622464692934779,0.917520957818465,1.48215136564014,1.82359783340043
38325,"100g-1kg",3.37690772274889,1.8437625493346,2.84479237469611,3.97942209308938,4.95737766337627
38325,"1kg-10kg",2.9660008952761,1.86743274093147,2.54622163590597,3.36022412988697,3.76702037727153
38325,"10kg-100kg",0.1571198537932,0.11252409485641,0.137021777181844,0.178678651982195,0.251986432233672
38325,">100kg",1.88386312142625,0.819541887763356,1.46784771432758,3.78006067824637,16.5774883426975
38690,"1g-10g",9.78502826228347,2.7160273537232,5.47596611110519,16.8409769799529,23.8629519154953
38690,"10g-100g",1.11823873022382,0.612502391305798,0.902458786527954,1.47398435989731,1.81851052013268
38690,"100g-1kg",3.35968455955411,1.82884285839069,2.82242816080705,3.96493652765665,4.92496541697291
38690,"1kg-10kg",2.96942045948171,1.877383318371,2.55055212737186,3.36448853841118,3.77468717407334
38690,"10kg-100kg",0.15778733602274,0.113409214633411,0.137693730182603,0.17945811290268,0.252919562426139
38690,">100kg",1.88298473827432,0.819934165219977,1.46805354921568,3.77585071830453,16.5415996533223
39055,"1g-10g",9.87282801054217,2.70804082718138,5.47753143109904,16.8789875135359,23.9589916140717
39055,"10g-100g",1.12646286633448,0.613779395176306,0.905866641436607,1.48005104986631,1.8226596782276
39055,"100g-1kg",3.32873279704622,1.82159806236255,2.79857951249034,3.93428778545986,4.8938499842291
39055,"1kg-10kg",2.9714677868457,1.88730065029998,2.553484542897,3.36677816978028,3.77597611318921
39055,"10kg-100kg",0.158138499664439,0.113750069196675,0.138191019796267,0.179654786386099,0.252696549617528
39055,">100kg",1.85383948514256,0.816027046529664,1.45111640957381,3.70626694393655,16.4753925336857
39420,"1g-10g",9.98744211505227,2.75972887913457,5.53278291427326,17.0295148724751,24.1704451854999
39420,"10g-100g",1.15074568656767,0.62093200968536,0.923868727205516,1.50002134819402,1.83790775626806
39420,"100g-1kg",3.32484020755345,1.83083334537678,2.79267910613991,3.92386984143697,4.88533139443301
39420,"1kg-10kg",2.97088804723591,1.89340276220039,2.55697348359358,3.36708430640928,3.77355852862606
39420,"10kg-100kg",0.158219834111576,0.11394272472562,0.138364398531158,0.179690434940938,0.252851146957058
39420,">100kg",1.81845557625636,0.808498635780375,1.4218025219656,3.57810340106537,16.3556341193223
39785,"1g-10g",10.087690746617,2.78386507729182,5.60695132963231,17.0053833541153,24.117216642088
39785,"10g-100g",1.15877244519682,0.622289933055794,0.932938961184045,1.505089660874,1.83875753232864
39785,"100g-1kg",3.32877233420004,1.84516837855769,2.79455695038291,3.92246393915887,4.88680556552353
39785,"1kg-10kg",2.9673507001721,1.89607094427986,2.56016994991543,3.36635954720257,3.77237197923407
39785,"10kg-100kg",0.158151042266617,0.113931592390965,0.138348187938223,0.179377756046738,0.252481763787046
39785,">100kg",1.81710046432133,0.810275625394871,1.42177480651897,3.53044584168483,16.3147042296816
40150,"1g-10g",10.1144492754117,2.77633786146414,5.63812743823426,17.0059237950064,24.0411767855854
40150,"10g-100g",1.15857203071806,0.624985974397414,0.936500530523446,1.50660086117798,1.83786694757089
40150,"100g-1kg",3.33829598147381,1.85480208489291,2.8069333031981,3.93491354435832,4.89476859153618
40150,"1kg-10kg",2.96623191405417,1.89852443324885,2.56070036275962,3.36455463252663,3.77192939643026
40150,"10kg-100kg",0.158212421017398,0.115016971621384,0.138489866854182,0.179357421604351,0.251120459201875
40150,">100kg",1.80863779585511,0.811510556736018,1.41083725421128,3.51357620369772,16.158633137031
40515,"1g-10g",10.263805767212,2.79281202985203,5.73717635145823,17.0801780158272,24.1128872290605
40515,"10g-100g",1.16972690451144,0.634770954998197,0.947445403481527,1.51821109732415,1.84562627306711
40515,"100g-1kg",3.35444049637997,1.87246314109634,2.8248592012076,3.95595359375799,4.90855142004234
40515,"1kg-10kg",2.96490185322376,1.91183585329173,2.56097526616743,3.36261966713699,3.77068595416794
40515,"10kg-100kg",0.158253566877143,0.115045255568521,0.138606848806727,0.178980461873298,0.251002232219108
40515,">100kg",1.79820310013857,0.813188894712185,1.39755415039797,3.4952015561706,15.9765418196567
40880,"1g-10g",10.4321571429861,2.8471683406695,5.84517035487051,17.0992157356482,24.1417140575076
40880,"10g-100g",1.1791814013019,0.642825405236871,0.957407059651929,1.53016698674456,1.85611348029135
40880,"100g-1kg",3.38193949538897,1.89293885288995,2.85144746761087,3.9842084747512,4.92583220143699
40880,"1kg-10kg",2.96391469503907,1.91712103450871,2.56138679853959,3.36331962372511,3.76189622698095
40880,"10kg-100kg",0.158050051483422,0.115349237603256,0.138776364187565,0.178879772573212,0.250277309537637
40880,">100kg",1.78900283250218,0.811887153520561,1.38952288900099,3.48611024330436,15.9025493112814
41245,"1g-10g",10.4500762632642,2.85557613658989,5.82070572549734,17.026768033348,23.9635116004625
41245,"10g-100g",1.16941239518013,0.641436818109541,0.951814778528858,1.52819237892039,1.8503600820142
41245,"100g-1kg",3.41893513750984,1.9131132985556,2.88085442985903,4.01177872923898,4.94116963491671
41245,"1kg-10kg",2.96540971776726,1.9216882861109,2.56309896173152,3.36679660625214,3.76430328358444
41245,"10kg-100kg",0.158457266926656,0.11581055964973,0.139441036431342,0.179150669887414,0.250748049018913
41245,">100kg",1.78073903509079,0.810549508777299,1.38149130855033,3.45280296898819,15.8527626824087
41610,"1g-10g",10.28585810706,2.80092595941425,5.70721409352673,16.9885794437654,23.8791986164881
41610,"10g-100g",1.15511375114634,0.638608668741738,0.940606091679966,1.51909893478243,1.8426320562733
41610,"100g-1kg",3.43640575278279,1.92892618516268,2.90218793242545,4.03414693133937,4.95251405280927
41610,"1kg-10kg",2.96761374781475,1.94246263315305,2.56456507194631,3.36303750637627,3.76685558431205
41610,"10kg-100kg",0.158804575535848,0.116681497868373,0.139919322328313,0.179289568084388,0.249535422864135
41610,">100kg",1.77308656089535,0.808040651909695,1.37390938149801,3.41209115091644,15.8098984394575
41975,"1g-10g",10.2307305209593,2.75337128188916,5.63339778988794,16.9329313270011,23.906502290926
41975,"10g-100g",1.15422212022057,0.63590912802903,0.936871832635063,1.52046260926952,1.84682743393415
41975,"100g-1kg",3.44632900013983,1.94085241151419,2.9142140374526,4.04482719451391,4.95629694744965
41975,"1kg-10kg",2.97446194742338,1.95296587316188,2.56844876077455,3.36327645656537,3.76912376156612
41975,"10kg-100kg",0.159294764076497,0.117531996424211,0.140313322321404,0.179724695317221,0.249520395864701
41975,">100kg",1.77020182258941,0.807503545583055,1.36874175801868,3.38348004912511,15.7753735124013
42340,"1g-10g",10.0075661885277,2.68286588086636,5.4886654712555,16.8303678727258,23.799407913833
42340,"10g-100g",1.13799940521639,0.624664920775899,0.920261143374402,1.50650322465803,1.83740660578192
42340,"100g-1kg",3.4340266726598,1.92746307088277,2.90230957876693,4.03577480696519,4.95438682506655
42340,"1kg-10kg",2.98090650441491,1.96545849878518,2.57369260959134,3.36451953491806,3.77044103685879
42340,"10kg-100kg",0.159679742836324,0.118306143680139,0.14074717939352,0.180266847529696,0.250385033838095
42340,">100kg",1.75905024112314,0.804752904376789,1.36738261380689,3.32627224792507,15.7294498318741
42705,"1g-10g",9.82063512660685,2.60161248398565,5.35081976077496,16.6801627125706,23.7386698960951
42705,"10g-100g",1.1222953409075,0.611632614784886,0.899898164821531,1.48626027019683,1.82335850837066
42705,"100g-1kg",3.38793602056432,1.87174683773982,2.85663634410863,4.00326905390708,4.92827005768243
42705,"1kg-10kg",2.98518374114019,1.97352820927365,2.57599618384325,3.36748574295558,3.76714772154986
42705,"10kg-100kg",0.159807558409037,0.11831593943648,0.140900852116403,0.180179430243803,0.250109334467169
42705,">100kg",1.75780783364154,0.804641517392832,1.36900811710045,3.31590343860907,15.7063042521642
43070,"1g-10g",9.65325705618178,2.53233672587088,5.2332431982513,16.5948693368097,23.7051009753173
43070,"10g-100g",1.11034044152416,0.598250896034931,0.885697970521744,1.4704193624395,1.81268582235927
43070,"100g-1kg",3.3344093548351,1.80646216232761,2.79528766288306,3.94444863707404,4.89726739777832
43070,"1kg-10kg",2.98495127543567,1.9734394424395,2.57669966386753,3.3677755232246,3.76466100821021
43070,"10kg-100kg",0.159734922781756,0.117987434420969,0.140782044471663,0.180272350492507,0.250264321648662
43070,">100kg",1.75266289665714,0.803639549565026,1.36627703965894,3.28676734338187,15.6665649539721
43435,"1g-10g",9.87014428493548,2.56355014225362,5.34585625482127,16.8090552623628,24.07277693029
43435,"10g-100g",1.13379599311296,0.607129232867647,0.902977126078421,1.48908110930384,1.83091462220869
43435,"100g-1kg",3.29461389855599,1.79741356391003,2.7573410197057,3.91007649026334,4.86519517719414
43435,"1kg-10kg",2.98332687391344,1.97803613913725,2.57457279588859,3.36663306258076,3.76094841258043
43435,"10kg-100kg",0.159383864414812,0.117429457258508,0.140356101357944,0.18013349538635,0.249812039990464
43435,">100kg",1.74005483633893,0.802596133217996,1.35693918552787,3.2545814016298,15.6202457230009
43800,"1g-10g",10.0422388468822,2.61764168811964,5.39761228638879,16.9701889435713,24.3307249405524
43800,"10g-100g",1.15108270018833,0.613932465214422,0.918646381056748,1.50480998041558,1.85092900258483
43800,"100g-1kg",3.28846716376082,1.79628891323256,2.74134458348746,3.90015694576419,4.8616055768933
43800,"1kg-10kg",2.97809000099921,1.98095264352299,2.56903476787676,3.36477482268479,3.75611727851839
43800,"10kg-100kg",0.158912025010553,0.116802944047597,0.139858186243066,0.179581897934343,0.248215441020757
43800,">100kg",1.73189395099264,0.801808764930024,1.35481841471199,3.23276797563507,15.58261148439
44165,"1g-10g",10.2470575941229,2.72036121874125,5.60062672943902,17.1108076148092,24.3669830221483
44165,"10g-100g",1.17251112995262,0.626105592069999,0.938223998403984,1.52448577749402,1.8712265868709
44165,"100g-1kg",3.3039071649687,1.83287116614305,2.75864830669914,3.91183121036923,4.88353236301301
44165,"1kg-10kg",2.97050159454426,1.98474860275346,2.56137768571665,3.35806728549522,3.74955444932841
44165,"10kg-100kg",0.158109827578493,0.115955677800373,0.13924629070636,0.178826309814492,0.247908769486004
44165,">100kg",1.73126959966569,0.802182064225959,1.35604884699151,3.22305311009986,15.561248784166
44530,"1g-10g",10.4715480954505,2.79803676201302,5.80192968601057,17.2578782763372,24.488467386796
44530,"10g-100g",1.19371966409093,0.645767072183123,0.960909295817554,1.54581026666774,1.88669743314993
44530,"100g-1kg",3.35371037798474,1.87911973145944,2.79966258953279,3.94505388021571,4.9184491970327
44530,"1kg-10kg",2.96306270252649,1.98630913201376,2.55518027320445,3.35425674353162,3.74503749116865
44530,"10kg-100kg",0.157528588495016,0.115350897529361,0.138655546020737,0.178485062269295,0.247654643595754
44530,">100kg",1.73117320137186,0.802397349043216,1.35637195892141,3.20622539208598,15.5365269052114
44895,"1g-10g",10.5511579058878,2.86186414523813,5.86604115527631,17.2696683198339,24.4092229689162
44895,"10g-100g",1.19477524218894,0.651718787139818,0.967002196208175,1.55250149464765,1.88523407612589
44895,"100g-1kg",3.41680864435033,1.93479579263875,2.86789658243305,4.00776828621197,4.98053365839422
44895,"1kg-10kg",2.96225745299215,1.98933648173506,2.55124346725758,3.35489716569122,3.74373285465245
44895,"10kg-100kg",0.157263111552714,0.115160713861187,0.138320907346088,0.17843822668242,0.247354231820903
44895,">100kg",1.72773380109013,0.802475303716307,1.35569442818587,3.19901813466582,15.5133061357647
45260,"1g-10g",10.2219671005719,2.76930312731815,5.6728141828732,17.023883447999,24.0068509186351
45260,"10g-100g",1.16186486962693,0.634592646238664,0.94022974861391,1.52671064876096,1.85987945934138
45260,"100g-1kg",3.45107191397058,1.94296626500512,2.89762025595265,4.0475381868384,5.00268559169229
45260,"1kg-10kg",2.9626436841526,1.99267271295187,2.54893064978718,3.35366697445084,3.74521325956216
45260,"10kg-100kg",0.157297139720795,0.115440467165789,0.138520820642524,0.178494428544611,0.246905567089162
45260,">100kg",1.72632716921257,0.80236134067388,1.35527699771769,3.18513621699642,15.4906552159135
45625,"1g-10g",10.0040000134659,2.68945416484642,5.52374674459373,16.8926798217796,23.8242617593595
45625,"10g-100g",1.14502571278372,0.629918329893981,0.923905615311857,1.51147324326458,1.84795724205075
45625,"100g-1kg",3.45818003473604,1.94081278341587,2.90977590026984,4.05311672891851,4.9983986508508
45625,"1kg-10kg",2.96473986140641,1.99586786531857,2.55129941570081,3.35285435174116,3.74930508415903
45625,"10kg-100kg",0.15745513380912,0.115932523681032,0.138689319013591,0.178500705386881,0.24687461139216
45625,">100kg",1.73083135647703,0.802607156594683,1.35583571425753,3.17436656016325,15.3813221935565
45990,"1g-10g",9.78555413936961,2.56248222016901,5.29705164002952,16.7431460809957,23.851741737672
45990,"10g-100g",1.12814214591244,0.618118929314288,0.907606271441585,1.50435363669118,1.84129748765883
45990,"100g-1kg",3.43871349065611,1.93050617191171,2.89252100803085,4.04101689185467,4.98197501775372
45990,"1kg-10kg",2.96986415596915,2.00408842615931,2.55725936508913,3.3580784493928,3.75665193266299
45990,"10kg-100kg",0.157992304537282,0.116444930621971,0.139174361589855,0.178789663301389,0.247160093744653
45990,">100kg",1.73034134314838,0.802210900606157,1.35597739028061,3.16634080898566,15.3527117598849
46355,"1g-10g",9.84849290974756,2.5494295497379,5.30793766158839,16.8393916430047,23.956349580379
46355,"10g-100g",1.13741244805129,0.617110702033218,0.910363704861084,1.50815378218932,1.84314750744375
46355,"100g-1kg",3.41068412234493,1.91811353915412,2.87247208281066,4.01154075944449,4.95750488128419
46355,"1kg-10kg",2.97393281736586,2.01211088127195,2.56002368178672,3.35812547905696,3.7606281745487
46355,"10kg-100kg",0.158148361704641,0.116778442388079,0.139287269047006,0.178757754959098,0.247065077002226
46355,">100kg",1.72553735112437,0.801809517239256,1.35418905760116,3.13642040407081,15.3276130513622
46720,"1g-10g",10.0336361942684,2.57507354434676,5.38452982698415,16.9156554685127,24.0881587609144
46720,"10g-100g",1.15793510294088,0.626354343714856,0.926784630447729,1.525410800197,1.86430418846973
46720,"100g-1kg",3.39970996305006,1.92246031038322,2.86651749556598,4.00101988830657,4.94934896613165
46720,"1kg-10kg",2.97670575975977,2.01694700300024,2.56373115234473,3.35852407368641,3.7624806142472
46720,"10kg-100kg",0.158178450582484,0.117117661485249,0.139514656519253,0.17854822720855,0.246884063463488
46720,">100kg",1.72684629185325,0.801828522675084,1.35419433398031,3.128276468008,15.3080401051011
47085,"1g-10g",10.0921704787472,2.60322463639252,5.44582245517343,16.8979078862798,24.0671674052686
47085,"10g-100g",1.16509918559719,0.630008859867244,0.933965221362224,1.52514051008955,1.86370394326746
47085,"100g-1kg",3.39781200045337,1.93592826779295,2.86636951981431,3.99571096347834,4.94760751630758
47085,"1kg-10kg",2.97726115302762,2.0198572882628,2.56561400634216,3.36390141893536,3.76208536533017
47085,"10kg-100kg",0.157882071669995,0.117308400727841,0.139605322286604,0.178289758846532,0.246690101941838
47085,">100kg",1.72877865289347,0.802328022071685,1.3557337771636,3.12044062782339,15.2888500159586
47450,"1g-10g",10.1281431354764,2.63724134750973,5.48020913134981,16.9087233714343,23.9960481686787
47450,"10g-100g",1.16415093354034,0.63480312855921,0.938197989216268,1.52580572580902,1.86051565832244
47450,"100g-1kg",3.40643087706994,1.93923267229224,2.87498375177098,4.00002282296645,4.95842758467271
47450,"1kg-10kg",2.98143977727584,2.02262545596471,2.56664833684266,3.36901321755659,3.76225027645479
47450,"10kg-100kg",0.157781391613926,0.117553021460031,0.139629730022365,0.178060474472756,0.246351206048712
47450,">100kg",1.72811155084111,0.802219927919266,1.35674232173028,3.10232013439455,15.2600986740408
47815,"1g-10g",10.3140724752149,2.68097553807946,5.57673787618034,17.0220577640397,24.1050876489565
47815,"10g-100g",1.17459652024908,0.641968808025753,0.949559625352642,1.5366686539681,1.86500492351236
47815,"100g-1kg",3.41922984849881,1.94911847641854,2.88847595931798,4.01392734592045,4.96633597100864
47815,"1kg-10kg",2.98437763177605,2.0245092379747,2.56703408283612,3.36857777460313,3.76177352664269
47815,"10kg-100kg",0.157630894090238,0.11753764826781,0.139458910072119,0.177708351336352,0.246275931179017
47815,">100kg",1.72844908052994,0.802373902690411,1.35735466973949,3.09868532964967,15.227483813507
48180,"1g-10g",10.509126106815,2.75190528380891,5.68526960077019,17.0687264992731,24.1069648200328
48180,"10g-100g",1.18618116857398,0.657430117058302,0.962411701304959,1.54585195956436,1.87413176449243
48180,"100g-1kg",3.4420316847079,1.96349596232,2.91383117466793,4.0384688108709,4.98130506986792
48180,"1kg-10kg",2.98659199661697,2.02829488465176,2.56803902818807,3.3631012573956,3.76213835182763
48180,"10kg-100kg",0.157377458353588,0.117650517444933,0.139630143439438,0.177569532093388,0.246270048897787
48180,">100kg",1.71632406489701,0.799459561726975,1.35294084725305,2.99448995900916,13.3283885210768
48545,"1g-10g",10.5613554308266,2.76045017399546,5.67566332676196,17.0323293403263,23.9357809733558
48545,"10g-100g",1.1775105802502,0.661485435106294,0.962421111168421,1.54234478763325,1.86951385942728
48545,"100g-1kg",3.46984631861364,1.97852882317735,2.94697905952886,4.07304699152244,5.00498725048445
48545,"1kg-10kg",2.99006006148319,2.03202046566415,2.57124950088261,3.36813730681766,3.76512526065673
48545,"10kg-100kg",0.157665575843292,0.118280551686223,0.139969904167333,0.177696352027873,0.246486141902912
48545,">100kg",1.70345777863708,0.795662381640838,1.3477539915346,2.83750432043439,11.0327631620607
48910,"1g-10g",10.503549900837,2.70188748075293,5.59468119649803,17.0317554020521,23.8875277916126
48910,"10g-100g",1.16482531172723,0.65956154741605,0.952850512875506,1.53953217923972,1.8592243080401
48910,"100g-1kg",3.48707292911829,1.98573089187186,2.96111898564051,4.0960022552945,5.01711941908934
48910,"1kg-10kg",2.99426728940967,2.03727988988646,2.57764666612792,3.3718720476091,3.76892128036414
48910,"10kg-100kg",0.15808075402825,0.119010725664328,0.140334683669149,0.178132636167857,0.246856263490766
48910,">100kg",1.69797745390195,0.793969457806787,1.34365691469268,2.7020376114306,10.5285664452157
49275,"1g-10g",10.4410343434038,2.65906345688747,5.49923217038086,16.983138852315,23.7791545431025
49275,"10g-100g",1.16806367704054,0.66356835679285,0.950233186225418,1.54396942444897,1.86260534155527
49275,"100g-1kg",3.49459417962485,1.99083159182015,2.96785831569972,4.1115373737062,5.01309752724925
49275,"1kg-10kg",2.99812885122583,2.04153303092237,2.58248700353911,3.37666484747525,3.77155694656208
49275,"10kg-100kg",0.158353702826837,0.119551010909283,0.140729144223255,0.178231076806909,0.247139772030834
49275,">100kg",1.69636739253446,0.78609787494848,1.34310592216839,2.65913135771345,10.0421041336044
49640,"1g-10g",10.1749768220188,2.59124280969066,5.3202616795073,16.75387748798,23.5585131826997
49640,"10g-100g",1.15382346989508,0.651930808335127,0.93580789054078,1.5305098919889,1.85412961383765
49640,"100g-1kg",3.48155776775929,1.9784040829718,2.94282358370943,4.10484724852431,5.01588365335612
49640,"1kg-10kg",3.00244974075772,2.04677715363217,2.58832321100882,3.38235338199284,3.77612402090843
49640,"10kg-100kg",0.158694424503552,0.120076004293579,0.141216729031546,0.178504191871276,0.247518377423414
49640,">100kg",1.69427618557068,0.785460714602496,1.34295445515683,2.6220128473846,9.9918015035504
50005,"1g-10g",9.69183220569742,2.49639490344417,5.07874350349391,16.3682136833655,23.1137601509383
50005,"10g-100g",1.1382821228455,0.639656237563815,0.917320850141237,1.50822405030584,1.83283294374505
50005,"100g-1kg",3.43310715825567,1.9204455380508,2.89338268638647,4.06325400581589,4.98058668565567
50005,"1kg-10kg",3.0058663315611,2.04621971449913,2.58951230350895,3.38321085658378,3.77546766919109
50005,"10kg-100kg",0.158737048739258,0.120040539838039,0.141274354596111,0.178516038309393,0.247577534666656
50005,">100kg",1.68272496782313,0.784552840002687,1.34100698042114,2.52985072476702,9.57089944425513
50370,"1g-10g",8.85116949282174,2.26411047004244,4.74952843390295,15.8454691052659,22.7811158299947
50370,"10g-100g",1.12575407243661,0.630994777842683,0.906705131946125,1.49091835832374,1.81838177747906
50370,"100g-1kg",3.37275172830786,1.85054618822247,2.8241140048102,4.01365186822902,4.92768043770691
50370,"1kg-10kg",3.00364265328846,2.04479073153123,2.58796415434182,3.38667834652274,3.77129044481287
50370,"10kg-100kg",0.158632299544303,0.119617078056581,0.140997730122571,0.17842939836287,0.247766714542485
50370,">100kg",1.67893256250885,0.780206640300478,1.3392615557153,2.4252969180619,9.32594848862005
50735,"1g-10g",8.35123264694747,1.97628880661605,4.59703815706946,15.6329892523599,22.6605717919109
50735,"10g-100g",1.14887316297608,0.641773371584935,0.920708086308407,1.50878722984027,1.84154919513204
50735,"100g-1kg",3.32070009440885,1.83427902697898,2.78050932878014,3.9697962191508,4.90821214343798
50735,"1kg-10kg",3.00203496001904,2.04191814693982,2.58393823318965,3.37949420229069,3.76649536230717
50735,"10kg-100kg",0.158273879834437,0.118907315890925,0.14036356252088,0.178085394432526,0.247487628450698
50735,">100kg",1.67252587811624,0.779542377867954,1.33767944733994,2.38273459145133,9.21416888394416
51100,"1g-10g",8.81954458584219,2.0427164390281,4.76027531017399,16.0728740389823,23.0876904863335
51100,"10g-100g",1.16615977526941,0.648672611527677,0.935063021125531,1.52324755838124,1.8584653534474
51100,"100g-1kg",3.29852149002129,1.83413257801348,2.75925899635138,3.93170225336697,4.90128437356156
51100,"1kg-10kg",3.00032991583667,2.03881029039172,2.57809121071845,3.37325598123973,3.75876388157412
51100,"10kg-100kg",0.157509487197292,0.117690809678981,0.139874091800428,0.17750642239411,0.24713365552477
51100,">100kg",1.66183293336412,0.774132184163878,1.33316439750861,2.32241552637639,9.12365734031725
51465,"1g-10g",9.38767934553497,2.11297963436755,4.84846971948902,16.4438565102469,23.4266970039778
51465,"10g-100g",1.16461947539567,0.648174631479455,0.936451117347961,1.52789342654775,1.8581018328192
51465,"100g-1kg",3.29538202421307,1.84847564642149,2.76033481322005,3.92988211383983,4.92056297175203
51465,"1kg-10kg",2.99641846075167,2.03316402154727,2.5707303178724,3.36777213000551,3.75464202132411
51465,"10kg-100kg",0.156590856872515,0.116943888555569,0.139294637105795,0.177019242925527,0.24653056037236
51465,">100kg",1.65459751847577,0.774118279825711,1.33204917691057,2.29618062627886,9.08532739379076
51830,"1g-10g",9.72847686174928,2.12025939329992,4.85978236238767,16.729516245577,23.675601235242
51830,"10g-100g",1.16983670809869,0.654435916538784,0.941089051993922,1.53894817762836,1.87218770660782
51830,"100g-1kg",3.30968494078721,1.86410747201161,2.77665684770628,3.9538321128487,4.94328847190713
51830,"1kg-10kg",2.9899304750736,2.02683073598967,2.55797539159959,3.36153831709891,3.75056513667404
51830,"10kg-100kg",0.155858319021206,0.115547752045095,0.138541553270018,0.176601967223266,0.246450785328922
51830,">100kg",1.65378770135526,0.773700123723213,1.33264783511762,2.28855857906035,9.02630639433963
52195,"1g-10g",10.0262440698734,2.17437548519742,5.00703452456956,17.0015904082512,24.0209116578019
52195,"10g-100g",1.19329195075252,0.667871373938465,0.962351931124458,1.56494588379999,1.89804477500142
52195,"100g-1kg",3.34938697693675,1.90662303559897,2.81729604968709,3.99372127497661,4.98063878360778
52195,"1kg-10kg",2.98324950638544,2.02261925850896,2.54639432280957,3.35428236208841,3.74581931837659
52195,"10kg-100kg",0.155300494945609,0.115118409767311,0.13782745874285,0.17622983806317,0.2435262604966
52195,">100kg",1.65046584715504,0.774916025046457,1.33309924749388,2.28390356902037,9.00688123015055
52560,"1g-10g",10.1571342855061,2.17831860931656,4.99675972250309,17.0328665811526,24.0530543953324
52560,"10g-100g",1.18603550664378,0.666015838970597,0.957358192913347,1.56397221880635,1.8992136296142
52560,"100g-1kg",3.3896348995554,1.92012522261328,2.85229310029109,4.03535875357376,5.0174262869541
52560,"1kg-10kg",2.97311735112372,2.01761184877561,2.53983735172035,3.34782836799704,3.74499260457325
52560,"10kg-100kg",0.155016187653466,0.114784657266053,0.137421403219662,0.176069609611214,0.243476337135246
52560,">100kg",1.65034847177435,0.775718533943836,1.33313229161577,2.28195545872481,8.96556841016704
52925,"1g-10g",10.2567802564245,2.18013200453723,5.01032940721625,17.115657094881,24.1292399716551
52925,"10g-100g",1.17019412223519,0.658203823039603,0.945739357829764,1.55017694886278,1.87584210879608
52925,"100g-1kg",3.41124492271241,1.90897481596712,2.86592331373065,4.05475551841817,5.03290703482511
52925,"1kg-10kg",2.96683197964654,2.01356547810574,2.53333555113249,3.34453017546079,3.74254630217935
52925,"10kg-100kg",0.154958322246487,0.114702012971053,0.13735338776791,0.175941148923709,0.243432900560866
52925,">100kg",1.65013319779983,0.776659693972219,1.33367427997393,2.28065689067769,8.93823377360341
53290,"1g-10g",10.2334499430241,2.15789213519555,4.90198024241804,17.1076028707786,24.1137636296649
53290,"10g-100g",1.15287895642369,0.64568636575155,0.928204990050892,1.53557772863887,1.86690945853784
53290,"100g-1kg",3.41303079546837,1.88481150349696,2.8581368956029,4.04688269830999,5.02037856453328
53290,"1kg-10kg",2.96336175242915,2.01019903618262,2.53024548586478,3.3422523879804,3.74332583434254
53290,"10kg-100kg",0.155032145826188,0.114733671322038,0.137365218625344,0.176130430351555,0.244252379000275
53290,">100kg",1.64942851307156,0.776484483362572,1.33414381915836,2.28264837588847,8.91617363899092
53655,"1g-10g",10.1017941111857,2.16376418506661,4.90607943238758,17.0984074785954,24.132038686342
53655,"10g-100g",1.15000010663489,0.641303553324686,0.925135433982701,1.53167646178609,1.86310022803964
53655,"100g-1kg",3.38092237191696,1.84173493381723,2.82305408301764,4.01561857777134,4.98585200688244
53655,"1kg-10kg",2.96408917565395,2.00803937099148,2.52567884887078,3.34020443906528,3.74631609046477
53655,"10kg-100kg",0.15470857192561,0.114216306305345,0.137124663426641,0.175746963653025,0.246191955652065
53655,">100kg",1.64778124414855,0.776440494218548,1.3341498234274,2.28057376885275,8.85391136691262
54020,"1g-10g",10.2451668900397,2.20181091344582,5.00271135574333,17.2748729720515,24.2923572062433
54020,"10g-100g",1.16574012354832,0.645955983988247,0.936067250153656,1.53746879424762,1.87697865941877
54020,"100g-1kg",3.35401723685436,1.82855628075957,2.79683971011994,3.9824801000278,4.95625171472195
54020,"1kg-10kg",2.96096706797842,2.00200541972362,2.52040653716027,3.34088955704936,3.74744199450383
54020,"10kg-100kg",0.154378715565056,0.113808698250536,0.136791243082644,0.175348585108298,0.245856649134936
54020,">100kg",1.64688711432413,0.776517201493629,1.33555747644943,2.28068623173623,8.84939466157877
54385,"1g-10g",10.513548430158,2.32571267964078,5.30642865247058,17.6459227532875,24.6841990590713
54385,"10g-100g",1.20209582795746,0.666194903553229,0.969390168959852,1.57020071804523,1.90183584299661
54385,"100g-1kg",3.362810316009,1.87457042085393,2.82066079901007,3.9921811051201,4.96315464976164
54385,"1kg-10kg",2.95247978053406,1.99877351636364,2.51749272449698,3.34207162053124,3.74901777573232
54385,"10kg-100kg",0.15415702904947,0.113721024035367,0.13675977483823,0.175109260333001,0.245677111714492
54385,">100kg",1.6464300515676,0.776745216274277,1.33587910218249,2.27903773972246,8.85067339088501
54750,"1g-10g",10.7071168496055,2.39336176530451,5.42793058017835,17.7814078358827,24.7140870194479
54750,"10g-100g",1.20966064920594,0.680259629121742,0.980260060802471,1.58674941846471,1.91399496587085
54750,"100g-1kg",3.40426679647886,1.91951963731305,2.86207785177487,4.02110164488651,4.99647439176331
54750,"1kg-10kg",2.9550916520258,1.99960717489955,2.51351052372172,3.34219721527098,3.74934487384639
54750,"10kg-100kg",0.154289965611518,0.113822731777168,0.136875190097266,0.174937789113881,0.245642025439878
54750,">100kg",1.64547335089838,0.776938036098679,1.33584210216317,2.27742096692682,8.82988637444069
55115,"1g-10g",10.5320027305264,2.43777107918964,5.43726662040238,17.5649627500378,24.3548221196852
55115,"10g-100g",1.19577155335477,0.675680562960052,0.973393712741732,1.57581123968323,1.89748784441691
55115,"100g-1kg",3.43104613948233,1.92905272742223,2.86858451852141,4.03875841141601,5.0323568446273
55115,"1kg-10kg",2.96502996228413,1.99917178735877,2.51134197916216,3.34533724573583,3.74661518076179
55115,"10kg-100kg",0.154365092699468,0.113827818653142,0.137003296293279,0.174805130015989,0.245643978186984
55115,">100kg",1.64545103618054,0.777149233540848,1.33657487888729,2.27804743428729,8.8057456145552
55480,"1g-10g",10.4785193746559,2.45242344794592,5.54046102234413,17.5795602678217,24.3113045750988
55480,"10g-100g",1.20834047535648,0.686685092977633,0.983968165567189,1.58121757043957,1.9013688547888
55480,"100g-1kg",3.45701700636149,1.94953872577813,2.90251188038384,4.0598402799264,5.02975730108893
55480,"1kg-10kg",2.96374117596467,1.99743458589901,2.51241600715334,3.3481426763082,3.74224048560468
55480,"10kg-100kg",0.154358399846109,0.113781474986167,0.136789832474891,0.174392262287916,0.245475458769961
55480,">100kg",1.64551246559653,0.7773782348894,1.33605317010184,2.27424844606967,8.77364444285703
55845,"1g-10g",10.7375434915681,2.52058748610244,5.73366647346088,17.7668193375317,24.4907960667022
55845,"10g-100g",1.232003499038,0.705973282642437,1.00455120285695,1.60407259301448,1.92168062646341
55845,"100g-1kg",3.4961899361234,2.0005453905481,2.9509169604815,4.09165467335272,5.05430976700175
55845,"1kg-10kg",2.9696196748287,1.9997003110932,2.51772738327186,3.35634234470683,3.74924211031211
55845,"10kg-100kg",0.154690683901329,0.114538689176547,0.137296879909625,0.174372621032414,0.24588629287088
55845,">100kg",1.64504377692154,0.777834251209635,1.33632436713092,2.27201537418964,8.76441027624972
56210,"1g-10g",10.9536546625648,2.62975187104614,5.81673147422918,17.8821746220236,24.4393503399967
56210,"10g-100g",1.23079564643523,0.710339863636166,1.00679243654825,1.60977995491826,1.9233806395582
56210,"100g-1kg",3.55003991396975,2.05303314390167,3.00788953006547,4.13799639404647,5.10295487729357
56210,"1kg-10kg",2.98077910526016,2.00866772222722,2.52698549977188,3.36983989237941,3.76859639306754
56210,"10kg-100kg",0.155572467241659,0.11524396261766,0.138110414994625,0.175026278191848,0.246124719328891
56210,">100kg",1.64434533686504,0.777851435528623,1.33529602147837,2.27081956791987,8.75499955519578
56575,"1g-10g",10.8892583898464,2.62119634455804,5.83517821600683,17.7196877029427,24.2012150228879
56575,"10g-100g",1.22094282321919,0.709903005594018,1.00207548877066,1.60485621500769,1.91442710101075
56575,"100g-1kg",3.5999403035184,2.09280566768855,3.05366187382933,4.18490483380712,5.13397196266419
56575,"1kg-10kg",2.98901473226447,2.0160479954446,2.53943746051838,3.37897700256055,3.77689886465777
56575,"10kg-100kg",0.156460873943923,0.11647779577173,0.139048036649518,0.175633544262793,0.247360097442603
56575,">100kg",1.64302961680199,0.77826049132111,1.33505387447223,2.26913027360136,8.74432764628348
56940,"1g-10g",10.7819093516769,2.5650553550253,5.79051487338745,17.553048039019,23.9582406471726
56940,"10g-100g",1.20700664101592,0.701877132465655,0.991363528414431,1.59053695429237,1.90199791542988
56940,"100g-1kg",3.60201171031415,2.08113691058925,3.07014983401972,4.202157355536,5.13400335460272
56940,"1kg-10kg",2.9991355732976,2.02875006210829,2.55204147680282,3.39255096649021,3.78899972721967
56940,"10kg-100kg",0.157434759079902,0.117591607050707,0.140121328799363,0.176459919765597,0.249100487994226
56940,">100kg",1.6434674341772,0.778193930526699,1.33452558348141,2.26756531081507,8.71486489794622
57305,"1g-10g",10.7977067782045,2.56192491755481,5.80472126228136,17.5135851901966,23.9573488275655
57305,"10g-100g",1.20926428414463,0.701314794161431,0.992392997043365,1.59023595456488,1.89824580717831
57305,"100g-1kg",3.60491824048663,2.0900052101122,3.07449956633308,4.20230247358572,5.11201794643235
57305,"1kg-10kg",3.01415495003395,2.03981470300684,2.56819928565159,3.40369209610011,3.8019167875536
57305,"10kg-100kg",0.158303224344903,0.118773403531557,0.141151193762728,0.176972966473702,0.250308886771856
57305,">100kg",1.64370898894947,0.778565838053587,1.33568015475274,2.26947829531237,8.70135582337022
57670,"1g-10g",10.8067687671611,2.60327145658481,5.82344328797982,17.4677406055828,23.8725327199578
57670,"10g-100g",1.20340777905923,0.699127425008634,0.989486446951694,1.58390759084315,1.88948889271957
57670,"100g-1kg",3.58964880875191,2.07321608132734,3.06346923730066,4.19365176104918,5.09024239398346
57670,"1kg-10kg",3.02891750580126,2.04963344793893,2.58090167508328,3.41794507251998,3.80454745110062
57670,"10kg-100kg",0.159173900644417,0.119904556143424,0.142329660687357,0.177491752155241,0.250708136523842
57670,">100kg",1.64446190488105,0.778495002536971,1.33637968567977,2.263736488457,8.6786390975723
58035,"1g-10g",10.6183294028268,2.58174327363353,5.71460862573497,17.3906318745261,23.7437977546942
58035,"10g-100g",1.1819970179132,0.685960055078446,0.970299666585046,1.56503186049715,1.87187831984099
58035,"100g-1kg",3.55627612174692,2.02589595540585,3.02943560820134,4.17309342077949,5.06901876006774
58035,"1kg-10kg",3.04020802932699,2.05968869005054,2.59477335422048,3.42978606471502,3.82807111958775
58035,"10kg-100kg",0.159890246558835,0.121065074466901,0.143161105567276,0.178255128609471,0.250971106700432
58035,">100kg",1.64510933332208,0.77846134317815,1.3374283920385,2.26513332584155,8.66195884382249
58400,"1g-10g",10.2904853613685,2.46630422892689,5.46411132706826,17.0755484441061,23.5596890442078
58400,"10g-100g",1.14434573602858,0.666563323998088,0.938296823099022,1.53795571611526,1.8498683769948
58400,"100g-1kg",3.50727139816967,1.99084111673503,2.97535890507279,4.13640937649908,5.05198492718022
58400,"1kg-10kg",3.05163885136698,2.0704491854071,2.60676517966752,3.44071293197686,3.8381718521126
58400,"10kg-100kg",0.160516896213341,0.121851897889397,0.143689201679323,0.179026556590354,0.252123698730933
58400,">100kg",1.64532688165999,0.778187401951133,1.33862369915606,2.2629325372043,8.63610530228857
58765,"1g-10g",10.2420053959229,2.41086164572121,5.36930750750812,17.0832406888682,23.7428149855943
58765,"10g-100g",1.13758373209184,0.657680670913017,0.929092172493426,1.53286543726811,1.85025691602973
58765,"100g-1kg",3.4418944919961,1.93741091176633,2.90904602594482,4.07330751722511,5.00253463604331
58765,"1kg-10kg",3.05895520646112,2.0756288657694,2.61477402802754,3.44524024493629,3.83867480277134
58765,"10kg-100kg",0.160433858323787,0.1219326532369,0.143858169477451,0.179184832299066,0.252315597016577
58765,">100kg",1.6448749998335,0.778042240297232,1.3398154480669,2.26499433373795,8.62823682865723
59130,"1g-10g",10.0951327028996,2.34276615443415,5.1721579291843,17.0881087708812,23.9077865430674
59130,"10g-100g",1.12766483268449,0.642330363269944,0.910330077158911,1.524200175811,1.85460010394256
59130,"100g-1kg",3.37046804788423,1.88652188409389,2.83254466371289,4.013798902873,4.98659029599314
59130,"1kg-10kg",3.05751815072236,2.07695082007176,2.61887088975271,3.44583837777777,3.836383574472
59130,"10kg-100kg",0.160213703696777,0.121766924458276,0.143473881162059,0.179250079932085,0.251984076172257
59130,">100kg",1.64375255230887,0.77761246390636,1.3406962890895,2.26692955767886,8.58806965712201
59495,"1g-10g",10.1757108277223,2.38060820903746,5.24875886068854,17.0855667918384,24.0854449589637
59495,"10g-100g",1.15005090752914,0.646800483653321,0.92085902944949,1.53052703846312,1.863585556621
59495,"100g-1kg",3.32237223002733,1.84911410130383,2.77572737347163,3.95321001361638,4.9581313675479
59495,"1kg-10kg",3.05225310308981,2.06973885228184,2.61404058557064,3.43778929641527,3.83101743362077
59495,"10kg-100kg",0.159089285620837,0.120312899855831,0.142248537012066,0.177882720833877,0.251665470695165
59495,">100kg",1.64033656307378,0.777867369649641,1.33685584987302,2.26874065207611,8.51766783029229
59860,"1g-10g",10.380457312615,2.49614443305233,5.4885005087972,17.5201577308954,24.5555598086739
59860,"10g-100g",1.19682863848144,0.6721383416906,0.956419356780563,1.56447735044857,1.89828594331268
59860,"100g-1kg",3.30713088539206,1.86624258105826,2.76170544054549,3.93341556372643,4.95524830845018
59860,"1kg-10kg",3.04406315843181,2.05908543438,2.60663529133048,3.42941808072426,3.82193970020134
59860,"10kg-100kg",0.157861705256888,0.118967907017725,0.140874721986782,0.176689709195166,0.251089835504138
59860,">100kg",1.64040035785439,0.777863172294904,1.33641823834412,2.27033336324389,8.49611790355556
60225,"1g-10g",10.5678766558966,2.57562266712344,5.55876016261013,17.6760989998856,24.6031713326096
60225,"10g-100g",1.20261828110497,0.680616121024133,0.964993948637967,1.57218511346165,1.90523399262895
60225,"100g-1kg",3.32946984777621,1.88107009608392,2.77768809554091,3.95235838288199,5.01238722046674
60225,"1kg-10kg",3.03135812712637,2.05045370914573,2.59689514071737,3.42031227807729,3.81360767599792
60225,"10kg-100kg",0.15656019357476,0.117838789708651,0.139330405425892,0.1758250842326,0.25081722201396
60225,">100kg",1.6404646867311,0.766437633437846,1.33500853261652,2.27182796370365,8.47733374176603
60590,"1g-10g",10.4755790634807,2.59387430364515,5.56518845599647,17.493593945599,24.3208333369672
60590,"10g-100g",1.18667008562701,0.676901820703426,0.957626917484811,1.55807844096499,1.88989078654143
60590,"100g-1kg",3.35231741739123,1.88453270094193,2.79825727612817,3.97860026190014,5.04039345641465
60590,"1kg-10kg",3.022644408738,2.03882711216245,2.58371373856415,3.41003280951825,3.80423344134778
60590,"10kg-100kg",0.155285908562873,0.116581253883268,0.137906013189081,0.174438182978268,0.249265516709257
60590,">100kg",1.63350290788771,0.758500254012946,1.33093265595563,2.26897670696906,8.3182968730605
60955,"1g-10g",10.2700415458046,2.49219215095052,5.34359156777068,17.3405684307276,24.1509039564444
60955,"10g-100g",1.15736101561364,0.660129669876883,0.932816179080299,1.53824268162703,1.8693251284651
60955,"100g-1kg",3.35746447977898,1.86791415766315,2.79389986971331,3.97991540501132,5.06560739159255
60955,"1kg-10kg",3.01624705537473,2.03000128726891,2.57219272427075,3.40370094425252,3.79754098635824
60955,"10kg-100kg",0.15437611967416,0.115629047090592,0.137058288199878,0.174210598204397,0.248625986425992
60955,">100kg",1.63258251466141,0.758087572978153,1.33196525611941,2.26955204945814,8.30673790909912
61320,"1g-10g",10.2750020099322,2.43851978083104,5.27721792855788,17.3314344862938,24.2977754012043
61320,"10g-100g",1.15322714896242,0.654389426569161,0.929896081171827,1.53510502965791,1.86962057756318
61320,"100g-1kg",3.34988104555858,1.86019554371124,2.78632469032863,3.97842080904587,5.07581635391557
61320,"1kg-10kg",3.00696576801761,2.02189374839815,2.56070954230309,3.39486474886118,3.79202954091588
61320,"10kg-100kg",0.153694570855116,0.114563683084142,0.13623478846571,0.173536161376059,0.247606635899192
61320,">100kg",1.62850828391441,0.754740138001401,1.32587364349121,2.25868835468864,8.2653504200879
61685,"1g-10g",10.4670338031607,2.48818318322952,5.43688722478514,17.6646157802914,24.7386800994303
61685,"10g-100g",1.19077385540191,0.672119323984538,0.956977292445992,1.56810162485742,1.90191961791313
61685,"100g-1kg",3.35782155823661,1.87282825856537,2.80059282566859,3.98859662089152,5.0589816441982
61685,"1kg-10kg",3.00096612524158,2.01619888480967,2.55174129866517,3.38679479941667,3.79349810459599
61685,"10kg-100kg",0.153319986211689,0.113976501932512,0.135584449527877,0.173081594902233,0.247405372701254
61685,">100kg",1.62869602297067,0.748616577077865,1.32582526352194,2.25698256836119,8.2459602582822
