"time","size_class","median","q05","q25","q75","q95"
0,"1g-10g",0.749999090274189,0.232075269659619,0.450576838215282,1.29597208588244,1.83735783458291
0,"10g-100g",0.0816553729603596,0.0431011669202554,0.0667300285315706,0.104252211471671,0.131374967392986
0,"100g-1kg",0.229209999237394,0.0885287815079785,0.182846696022539,0.275746359549422,0.353530558436666
0,"1kg-10kg",0.212096503932768,0.0984715925035667,0.181259630570411,0.244517249650566,0.278619709368329
0,"10kg-100kg",0.0106794333800834,0.00574634032723802,0.00899354732806741,0.012456986474046,0.0175228491264098
0,">100kg",0.202017225167069,0.074653248903237,0.141740362454881,0.494685522960298,2.01621758903759
365,"1g-10g",0.763590459670684,0.236395177354852,0.461084504073219,1.30888179259759,1.85240622661052
365,"10g-100g",0.0837844483969054,0.0438092695133663,0.0682448932867603,0.105724550842579,0.132512359851989
365,"100g-1kg",0.227188820537796,0.0881296487500383,0.180993493597065,0.273001633841743,0.351334209096872
365,"1kg-10kg",0.2121096346574,0.0984841715526398,0.181256710450242,0.244498918626709,0.278508404491006
365,"10kg-100kg",0.0106629038322062,0.00574506334708421,0.00897954931592062,0.0124472433743427,0.0175020422594583
365,">100kg",0.201579330096094,0.0745646741979612,0.141681623169501,0.49409664402593,2.01339145040962
730,"1g-10g",0.792731574414787,0.246175495465587,0.482337014599723,1.33365923826777,1.87241156909416
730,"10g-100g",0.0861969348659522,0.0452579120327761,0.0705987659938827,0.107963471627439,0.134493897378057
730,"100g-1kg",0.227130801675931,0.0896526911769975,0.181768802496628,0.272665826818475,0.35166933995798
730,"1kg-10kg",0.212082834610377,0.0984874603796003,0.181231947118675,0.244475436322878,0.278394165770501
730,"10kg-100kg",0.0106472323249427,0.0057319151994618,0.00896486583446571,0.0124330153747511,0.0174883999957641
730,">100kg",0.201198946660723,0.0745019917327815,0.141623060119134,0.493583333570155,2.01057350389983
1095,"1g-10g",0.804072811069141,0.253595717235111,0.49534678877733,1.34355178501521,1.87224440448585
1095,"10g-100g",0.0863492984641126,0.0459413244453464,0.0713188569909985,0.108452551058415,0.134858254911768
1095,"100g-1kg",0.229896642786478,0.0927903705717661,0.184064115465548,0.275008409669585,0.354096016659068
1095,"1kg-10kg",0.212153845217818,0.0986071117771967,0.181253441049238,0.244414538425986,0.27832561332943
1095,"10kg-100kg",0.0106398185840517,0.00574750465416186,0.00896889335834515,0.0124361712687707,0.0174954226379341
1095,">100kg",0.201056367962824,0.0744629912761508,0.141575207227067,0.493075945533823,2.00776365764946
1460,"1g-10g",0.781928814283812,0.250140481106824,0.480100281314621,1.32277323821132,1.84739553729536
1460,"10g-100g",0.0839797666897574,0.0447801505409447,0.0694534246928941,0.106387998572589,0.133444532307167
1460,"100g-1kg",0.230722062805559,0.0917721290142126,0.184738760549515,0.276886189207687,0.355550439059398
1460,"1kg-10kg",0.212095726230393,0.0986688736623906,0.181085992684953,0.244243784210082,0.278169411691577
1460,"10kg-100kg",0.0106407410775779,0.00575854740428703,0.00896229805757141,0.0124410043336418,0.0175033090176204
1460,">100kg",0.20091725869798,0.0744188414235628,0.141537656606308,0.492500439902287,2.00495558203402
1825,"1g-10g",0.767575594097697,0.242526075348568,0.467409064676245,1.30869555159243,1.83830423866455
1825,"10g-100g",0.0834701249181168,0.0442768115599575,0.0684182178625855,0.105580605285211,0.132473182560611
1825,"100g-1kg",0.230691952834236,0.0918091156518782,0.184678475900206,0.276474342891402,0.355351876940114
1825,"1kg-10kg",0.211947183393709,0.098772183618117,0.181013439682352,0.244120873243683,0.278071680505405
1825,"10kg-100kg",0.0106341614518905,0.00575947130484857,0.00895513307899037,0.012433731386918,0.0175022515094889
1825,">100kg",0.200778769141669,0.0743909554229222,0.141495304257097,0.491904228124472,2.00182850643546
2190,"1g-10g",0.750869544054455,0.232115208226757,0.45282545306216,1.30166329745415,1.84349909978502
2190,"10g-100g",0.0824913090951982,0.0436935945309413,0.0672912242001517,0.105040649029551,0.132095878148232
2190,"100g-1kg",0.229453948628565,0.0923398825795821,0.183754722743673,0.275508072379099,0.354039701911184
2190,"1kg-10kg",0.211943158698452,0.0990774663930643,0.180955629463982,0.244151247932923,0.278093305769561
2190,"10kg-100kg",0.0106391152464775,0.00577799924108972,0.00895754908822499,0.0124487432962782,0.0175199875811146
2190,">100kg",0.200603439295543,0.0743406137045727,0.141450934016036,0.49100826006408,1.99716893592753
2555,"1g-10g",0.751203828936433,0.23093666066084,0.45150961841888,1.29950233242787,1.84806254666883
2555,"10g-100g",0.0830729207473483,0.043524281878414,0.0675520996723098,0.105369797641257,0.132556678642312
2555,"100g-1kg",0.228077018921397,0.091328222856048,0.182266134819577,0.273446235678652,0.352706753276227
2555,"1kg-10kg",0.211787609146869,0.0992353667988593,0.180912426591872,0.244036420348359,0.278020687840453
2555,"10kg-100kg",0.0106310525359211,0.00577310865816335,0.00894110071926278,0.0124300348263822,0.0175063651002769
2555,">100kg",0.200472567085087,0.0743197210721577,0.141420945280389,0.489959171967539,1.99253032766819
2920,"1g-10g",0.762540313504779,0.233223895577524,0.459090735160395,1.31335606511741,1.8593960105147
2920,"10g-100g",0.0845164548929209,0.0442833208112128,0.0688261055404683,0.106821131016172,0.133859602790893
2920,"100g-1kg",0.227752799812607,0.0925391459257378,0.182757542751012,0.272663001544696,0.352187578270968
2920,"1kg-10kg",0.211612983452784,0.0993823869315521,0.18087994641062,0.243922506435199,0.277950255330726
2920,"10kg-100kg",0.0106152983383404,0.00576491344621983,0.00892631773007049,0.0124125339639222,0.0174871662034524
2920,">100kg",0.200229055288696,0.0743043525618702,0.141394552357906,0.48914233174428,1.98790667273929
3285,"1g-10g",0.764213556393313,0.235412499883773,0.463314681730659,1.3127481026676,1.85307117513014
3285,"10g-100g",0.0847432555132306,0.0446148983097259,0.0693952003788579,0.106927894120442,0.133925355196961
3285,"100g-1kg",0.227775058045243,0.0913360944429008,0.18287814429428,0.272612227811887,0.351981338079364
3285,"1kg-10kg",0.211445961625886,0.0994477163968688,0.180744805426213,0.243697370127781,0.277808221466457
3285,"10kg-100kg",0.0105827457996621,0.00575611622556955,0.00890715107428195,0.0123771195573455,0.017463900838085
3285,">100kg",0.20011010005778,0.0742905076388522,0.141360755971506,0.488179424107855,1.98329465035496
3650,"1g-10g",0.768242081614207,0.237578668703709,0.466401104111858,1.31346455309651,1.84768525975851
3650,"10g-100g",0.0848628590956401,0.0448431858669433,0.0696166712544599,0.106865236349909,0.133739803459091
3650,"100g-1kg",0.228854688457626,0.0918690153575621,0.183563218373652,0.273435489558894,0.352594961486967
3650,"1kg-10kg",0.21132452451821,0.099542872261247,0.180633872362879,0.243540776278258,0.277696680863736
3650,"10kg-100kg",0.0105694065876666,0.00575904957337902,0.00890131908207515,0.0123570584474945,0.0174544813089092
3650,">100kg",0.199984636874589,0.0742684948288406,0.141321915741619,0.487623479157605,1.97869324738288
4015,"1g-10g",0.779300267539489,0.242250373551454,0.47555247373465,1.32050278845656,1.85333233508771
4015,"10g-100g",0.085691456968225,0.0456387375850829,0.0704282992606255,0.107706345268458,0.134216355303474
4015,"100g-1kg",0.230043393465027,0.0929942213328885,0.184540126884701,0.274958863997239,0.35329353372853
4015,"1kg-10kg",0.211289494705328,0.0996567816215677,0.180569721051268,0.243414589650291,0.277566300914017
4015,"10kg-100kg",0.0105580014710783,0.00574228524682164,0.00890417512891884,0.0123433324397369,0.0174498845530827
4015,">100kg",0.199853799911891,0.0742486946424455,0.141284871066192,0.487069278303855,1.97410681332884
4380,"1g-10g",0.793191083220422,0.248066271537198,0.485365792389365,1.33155734897203,1.8588367975575
4380,"10g-100g",0.0861096514942134,0.0463914279266921,0.0711626696810458,0.108406028948087,0.134645183233007
4380,"100g-1kg",0.232158712454792,0.0937155689251673,0.185812347593043,0.276767316922411,0.354437863441918
4380,"1kg-10kg",0.211190978939022,0.0997840900080285,0.180492629885851,0.243423248270064,0.277483170365755
4380,"10kg-100kg",0.0105638927799715,0.00575502424780913,0.00892088463328749,0.0123270915563119,0.0174459386605162
4380,">100kg",0.199616089518304,0.074233085506391,0.141157686859524,0.486517156113346,1.96787025287483
4745,"1g-10g",0.787936626381836,0.248816840563884,0.486244421262607,1.32823968634756,1.8523271555608
4745,"10g-100g",0.0855799509055137,0.0462013033562332,0.0707435995684403,0.107803458853886,0.134171960991514
4745,"100g-1kg",0.233894790912692,0.0955479726786096,0.188024663762005,0.279217821537355,0.356171024727678
4745,"1kg-10kg",0.211385281637346,0.100094119549572,0.180574094336165,0.243635634761744,0.277745059058229
4745,"10kg-100kg",0.0105886416079464,0.00579195104897156,0.00895978313316156,0.0123397303935958,0.0174640615406709
4745,">100kg",0.19950340701888,0.0742020353892043,0.14109131538244,0.485970619037161,1.95913638547404
5110,"1g-10g",0.779273615421575,0.244816624209738,0.477750042777548,1.32116256656882,1.84436619105475
5110,"10g-100g",0.0846354901984375,0.0456191073590889,0.0698987076587787,0.107110454715336,0.133462896167743
5110,"100g-1kg",0.235069645534816,0.0968386350192761,0.189274682261327,0.280757726969564,0.358001167359005
5110,"1kg-10kg",0.21174621801991,0.10054111155518,0.180805008421001,0.243980042672681,0.278095571587296
5110,"10kg-100kg",0.0106155937938394,0.00585108715379199,0.00899808621283098,0.0123758530551453,0.0174936654956288
5110,">100kg",0.19938473820738,0.0741629514037726,0.141021398561766,0.485426661422941,1.94883042898573
5475,"1g-10g",0.773411079883738,0.24120326276881,0.472995964377921,1.3186481330708,1.84548832605764
5475,"10g-100g",0.0847714541573282,0.0454506717120683,0.0695041822849522,0.107240985969409,0.133523050617356
5475,"100g-1kg",0.235172442302025,0.097103567971783,0.189511401098061,0.281140487532874,0.357829932713364
5475,"1kg-10kg",0.21203358896833,0.100974399118336,0.18109750917624,0.244250861956584,0.278312830058715
5475,"10kg-100kg",0.0106507786214084,0.00588809793720854,0.00903888414016851,0.0123977697203887,0.0175174550527703
5475,">100kg",0.199127870964876,0.0741442222629965,0.140901087782538,0.484884331619649,1.93456962253742
5840,"1g-10g",0.758811957404162,0.234796622982357,0.462123830792079,1.30793551999439,1.84381120339447
5840,"10g-100g",0.0833861216606423,0.0446285496929681,0.068334238673927,0.106150251493662,0.132829633063641
5840,"100g-1kg",0.233737453498975,0.0963050493000993,0.188352706488952,0.280041218299413,0.357122411270082
5840,"1kg-10kg",0.212442893838374,0.101488316680083,0.181443374426222,0.244629270995205,0.278627410559902
5840,"10kg-100kg",0.0106888674662199,0.0059308820383377,0.00906802137205264,0.0124355040313031,0.0175452989342739
5840,">100kg",0.198753048625324,0.0740991287927549,0.140685813456318,0.484339097087013,1.92586417742246
6205,"1g-10g",0.74660343808468,0.228182381927913,0.450534697811299,1.29498750666141,1.83621797449064
6205,"10g-100g",0.081882989749961,0.0436162129955452,0.0668257125602891,0.104556906605943,0.131557951647261
6205,"100g-1kg",0.230097573833295,0.0916164362661443,0.184522971823343,0.276560715432955,0.35434932271585
6205,"1kg-10kg",0.212560163790302,0.101625216306653,0.181547341646788,0.244695037209546,0.278649557128597
6205,"10kg-100kg",0.010699671254897,0.00594410901598082,0.00908112833915187,0.0124502319800102,0.0175390803893775
6205,">100kg",0.198377425784346,0.074063554637525,0.140459595476,0.483775622170523,1.91760161703849
6570,"1g-10g",0.736604020826878,0.221257416640572,0.440256907887437,1.28648365864176,1.83345144878054
6570,"10g-100g",0.0810854263737187,0.042486070544674,0.065719175327651,0.103414091444821,0.130779807203588
6570,"100g-1kg",0.225532150003042,0.0875312787956093,0.179818132616498,0.272052530497822,0.350903992571718
6570,"1kg-10kg",0.212473088786688,0.101505591548107,0.181568097745701,0.244661252903577,0.278561665384813
6570,"10kg-100kg",0.0106921165201887,0.00595693435782452,0.00906056792221125,0.01245910675365,0.0175254268439465
6570,">100kg",0.198028470223477,0.074017822754225,0.140354597777033,0.483162449215751,1.90936630386491
6935,"1g-10g",0.7476510408773,0.222935028399323,0.449172133835848,1.30111139356308,1.85007289862297
6935,"10g-100g",0.0827632582392273,0.0433555461548997,0.0672673776759766,0.104903430847844,0.132098452405316
6935,"100g-1kg",0.222556679033682,0.0884743494995957,0.17787462865919,0.26872754726241,0.348774329773125
6935,"1kg-10kg",0.212217615145563,0.101269453283433,0.181526612288453,0.244506544729546,0.278347976376199
6935,"10kg-100kg",0.0106649894106515,0.00592015992816882,0.00902416411753726,0.0124310065644939,0.0175067952036589
6935,">100kg",0.197771266341498,0.0739825672891517,0.140283542417674,0.482553622432856,1.90256660794569
7300,"1g-10g",0.760338682645978,0.227326470928195,0.458415652126651,1.31402155283788,1.87377737443951
7300,"10g-100g",0.0836648937679509,0.0442402362354227,0.0683459161745725,0.106219454295781,0.13360094316346
7300,"100g-1kg",0.221366024588403,0.0890952584853673,0.177364426151117,0.267641123696927,0.348083224905594
7300,"1kg-10kg",0.211942429961461,0.100968984508064,0.181264520103162,0.244128677238034,0.278035649701669
7300,"10kg-100kg",0.0106330513525858,0.00587475656928496,0.00898653890217094,0.012395797232919,0.0174893333011996
7300,">100kg",0.197417116178136,0.0739382522643711,0.140213609833617,0.481764114289438,1.90024528216219
7665,"1g-10g",0.776199917705037,0.237492590871889,0.472018318887441,1.32463722040852,1.87112530979174
7665,"10g-100g",0.0853931062776394,0.0451590026068064,0.0699575385860889,0.107312336592145,0.134535838880623
7665,"100g-1kg",0.222488403930008,0.0908942474183176,0.179008982677824,0.268706445915481,0.349082039034627
7665,"1kg-10kg",0.211441262748687,0.100542487938798,0.180768822856085,0.243626904643734,0.277621079150906
7665,"10kg-100kg",0.0105822465360307,0.00583746238640801,0.00892863767713991,0.0123595421825388,0.0174611304879573
7665,">100kg",0.197265692285516,0.073897825270318,0.140136941820654,0.481207072740018,1.89793246084444
8030,"1g-10g",0.795006487712684,0.244856872806049,0.486686060246752,1.34139262190929,1.883562465088
8030,"10g-100g",0.0869317029105239,0.0463860379040435,0.0716069798712065,0.108933990095313,0.135902161192633
8030,"100g-1kg",0.226302652146256,0.0931580694958593,0.182083722681679,0.271977639875078,0.35220599193507
8030,"1kg-10kg",0.211049474624109,0.100279480493294,0.180382104254638,0.243245419652955,0.277325880781084
8030,"10kg-100kg",0.0105398727690644,0.00581948067402023,0.00888979882051372,0.0123184635780605,0.0174439588542772
8030,">100kg",0.197069012807125,0.0738545174818744,0.140063558575711,0.480581112808541,1.89562598601458
8395,"1g-10g",0.801436258570742,0.250266375355542,0.495867797370094,1.34463203253437,1.88279408435912
8395,"10g-100g",0.0868485447868265,0.0466972068305933,0.0718013704646695,0.10928052546433,0.135752827051427
8395,"100g-1kg",0.231181149818138,0.096165196853146,0.18638929097365,0.276663257127827,0.356366777991547
8395,"1kg-10kg",0.210816122429754,0.100321759230801,0.180175249426156,0.243122344061247,0.277311525088924
8395,"10kg-100kg",0.0105329284360855,0.00583036395961361,0.00888219893916735,0.0123156122442062,0.0174471292427574
8395,">100kg",0.196560864203125,0.0738068485932445,0.139999103801881,0.47996140498226,1.89333037101444
8760,"1g-10g",0.78233024533811,0.244272093001995,0.480068706513204,1.32479312644497,1.85304271973979
8760,"10g-100g",0.0844360240257444,0.0454603516540212,0.0698270221676447,0.106948744949313,0.133943464678215
8760,"100g-1kg",0.233389959881034,0.0953517171089755,0.187892436305543,0.279208066245838,0.358753154786193
8760,"1kg-10kg",0.210629132421662,0.100441403254331,0.180060806300319,0.243064600947607,0.277384230955342
8760,"10kg-100kg",0.0105433179024657,0.00585077131934215,0.00888988400237592,0.0123266724590875,0.0174517745380932
8760,">100kg",0.19605370659737,0.0737574958045371,0.139932617256894,0.479338808745291,1.88947768005151
9125,"1g-10g",0.763197423539992,0.23735190217625,0.467172729786853,1.31057593542964,1.83908436038528
9125,"10g-100g",0.0838975530565508,0.0447873780008256,0.0685671204575548,0.106049449195989,0.132793675575735
9125,"100g-1kg",0.234023063553099,0.0955050299838051,0.188273515146747,0.279560433658958,0.358798804191016
9125,"1kg-10kg",0.210729927589785,0.10065285227398,0.180126203111376,0.243187302931095,0.277586271785635
9125,"10kg-100kg",0.0105649411053866,0.00587891493450835,0.00891896378494056,0.0123403779422652,0.0174513943508538
9125,">100kg",0.19585036273986,0.0737373455664302,0.139877194104843,0.478717292832072,1.88544959610448
9490,"1g-10g",0.748165180101347,0.227880603081166,0.451041030623981,1.30107464847541,1.84166581867991
9490,"10g-100g",0.0826998659917475,0.0441187802566833,0.0673645986504636,0.105419158138465,0.13231578160012
9490,"100g-1kg",0.232771135228585,0.0961955318482588,0.187370291589995,0.278373934896974,0.357237822915909
9490,"1kg-10kg",0.211039303532652,0.10100703900401,0.180376490240073,0.243533852887406,0.277935748684815
9490,"10kg-100kg",0.010607136504646,0.00591777761024729,0.00894828941285986,0.0123756857665029,0.0174663209980107
9490,">100kg",0.195707797768655,0.0737054029948115,0.139832703003114,0.478092567300238,1.88142664836015
9855,"1g-10g",0.748121913631267,0.224665902134948,0.451008939262244,1.29837044483276,1.84102308280424
9855,"10g-100g",0.0833320701480501,0.0440903370648098,0.0676458370386227,0.105866920245889,0.132808147309471
9855,"100g-1kg",0.231072804944667,0.0952804110946596,0.185549325819792,0.276103798023502,0.355131417390544
9855,"1kg-10kg",0.211300658752873,0.101276761723376,0.180622772376796,0.243764535103773,0.278162425602504
9855,"10kg-100kg",0.0106306720915022,0.00593858200397591,0.00896840855946851,0.0123793904968154,0.0174590240084194
9855,">100kg",0.195562454736912,0.0736976251607036,0.139796246370403,0.477408604892287,1.87741441558594
10220,"1g-10g",0.75508529826014,0.226977081774562,0.457082692831401,1.30990637777941,1.85574706477422
10220,"10g-100g",0.0847511013904887,0.0448778812627263,0.0688431772164758,0.107199451588837,0.134078948740316
10220,"100g-1kg",0.230228464635556,0.0956383640347245,0.185558254542655,0.275217210592088,0.353614137170651
10220,"1kg-10kg",0.211480004257826,0.101582394976246,0.180857930342351,0.243978987206585,0.278279840213553
10220,"10kg-100kg",0.0106493920696908,0.0059578836572359,0.00899763103702081,0.012386386402615,0.017447962721055
10220,">100kg",0.195420239922047,0.0736906435281437,0.139760219870395,0.476556421292418,1.8734093657193
10585,"1g-10g",0.760912836084614,0.230457917190538,0.46150401727061,1.31074531200611,1.85026686232907
10585,"10g-100g",0.0849712776827149,0.0450753433414095,0.0694162545384876,0.107220096816377,0.134019492251877
10585,"100g-1kg",0.22997119269664,0.0951570842498385,0.185599965988259,0.274942972744207,0.353046513585489
10585,"1kg-10kg",0.211547860653669,0.101819785642727,0.1810280035886,0.243998817439725,0.278286331123649
10585,"10kg-100kg",0.0106433310350186,0.00596906881936225,0.00901883204704578,0.0123695056660851,0.0174327456994596
10585,">100kg",0.195032080010525,0.0736800698894473,0.139722803408968,0.475798879585788,1.86940822422895
10950,"1g-10g",0.765145209322978,0.232928384375645,0.464838726882769,1.31174391057505,1.84473977878815
10950,"10g-100g",0.0850162233996318,0.045361743471801,0.0696936030737293,0.107145763696017,0.133828019639061
10950,"100g-1kg",0.230524750848405,0.095533638512407,0.186153898518599,0.275259658509032,0.353450443902139
10950,"1kg-10kg",0.211639430175167,0.102035721133846,0.181171259976834,0.244035143849165,0.278294592312439
10950,"10kg-100kg",0.0106442568697994,0.00598071213774729,0.0090345920336514,0.0123723316974301,0.0174272915719619
10950,">100kg",0.194600791176618,0.0736600048053652,0.139690238059793,0.475211549098245,1.86541847884674
11315,"1g-10g",0.775261635058784,0.237943503090518,0.473923857093997,1.31739949509629,1.85061785795362
11315,"10g-100g",0.0858077518007929,0.0461207524529609,0.0704691306822851,0.108176864254433,0.134216289386041
11315,"100g-1kg",0.231513154627157,0.0964115774638281,0.187038824012031,0.275983629438583,0.354059561717656
11315,"1kg-10kg",0.211690999705789,0.102225307682827,0.181347989980191,0.244055215669517,0.27830561226825
11315,"10kg-100kg",0.0106503668441498,0.00596006016450497,0.00904930951093303,0.0123687451257559,0.0174294802169831
11315,">100kg",0.194480447643542,0.0736408655159341,0.13966351937406,0.474596395204042,1.86144406715695
11680,"1g-10g",0.783809017263563,0.243427295206962,0.484082355093193,1.32559621362343,1.85744726463082
11680,"10g-100g",0.0864459431024732,0.046611620049316,0.0712499941254415,0.108748743863975,0.134584771612065
11680,"100g-1kg",0.233048568689607,0.0972109958832348,0.188376467690815,0.278054500434384,0.355169292513209
11680,"1kg-10kg",0.211825485350221,0.102390748035155,0.181426683500742,0.244130661043241,0.278343572079708
11680,"10kg-100kg",0.0106429834676783,0.00598766272421181,0.00906044984824718,0.012362174594629,0.0174325258074637
11680,">100kg",0.194366605596489,0.0736256299991123,0.139642513235264,0.47398684487896,1.85748421631028
12045,"1g-10g",0.782490073771214,0.244167870700883,0.484021654099777,1.32103382676988,1.84839588717172
12045,"10g-100g",0.0858502370360681,0.0464445788860093,0.0707900823704867,0.108424442334181,0.13426967940536
12045,"100g-1kg",0.235117541945886,0.0990737704858634,0.190236291086071,0.28040966953456,0.356846821057994
12045,"1kg-10kg",0.21222152151188,0.102558937162341,0.181714799111742,0.244339823880652,0.278508833421264
12045,"10kg-100kg",0.0106665185524608,0.0060334313463252,0.00909311944043809,0.0123810324673764,0.0174433184832657
12045,">100kg",0.194254765667755,0.0735998074854058,0.139612346572264,0.473385549121015,1.85353954262189
12410,"1g-10g",0.770597539237307,0.24121032885904,0.475123048747341,1.32002263318314,1.84213750080809
12410,"10g-100g",0.0849477873375948,0.0460090118817448,0.0698851174645728,0.10752310978278,0.133505695609004
12410,"100g-1kg",0.235707013286426,0.100238382213919,0.191082268793747,0.281670150019214,0.358319215182616
12410,"1kg-10kg",0.21258808541505,0.10286702893706,0.182018625691165,0.244676748013417,0.278753338336108
12410,"10kg-100kg",0.0107070676884797,0.00608623312510846,0.00912984423889247,0.0124202359746471,0.0174662312650166
12410,">100kg",0.194143362312108,0.0735704614906754,0.139578570451062,0.472554156037983,1.84960991623282
12775,"1g-10g",0.766622679110502,0.237456480060717,0.470577929401118,1.31621781151189,1.84139618366449
12775,"10g-100g",0.0849337451535781,0.0457821254150368,0.0695511277261469,0.107754217131366,0.133568156732079
12775,"100g-1kg",0.235873069523184,0.100497992389173,0.191288423355664,0.281887321168506,0.358306032983044
12775,"1kg-10kg",0.212950800979297,0.103273287059729,0.182335103896276,0.244922225669251,0.278891144655492
12775,"10kg-100kg",0.0107428443626094,0.00612831333178097,0.00916614668132667,0.012442394887701,0.017487505811956
12775,">100kg",0.194041513422987,0.0735613510903696,0.139541012668314,0.471543671082983,1.84569606293893
13140,"1g-10g",0.756038235346349,0.23049456934544,0.46153391175856,1.30585770784085,1.83667831426762
13140,"10g-100g",0.0837660849125779,0.0449743615788933,0.0682735046292752,0.106652458400609,0.132799286273571
13140,"100g-1kg",0.23457033350657,0.0994007577259894,0.190301891826655,0.28089262155205,0.357617558017508
13140,"1kg-10kg",0.213310704426052,0.103739749228583,0.182770397092969,0.245418162075017,0.279132786339952
13140,"10kg-100kg",0.0107817131666679,0.00616380849001376,0.00920612908781508,0.0124823422010949,0.0175198414494021
13140,">100kg",0.193926301030705,0.0735302021467339,0.139511781761826,0.470507366396208,1.84029187821887
13505,"1g-10g",0.742235913282199,0.222686088882021,0.449845864329927,1.294305291695,1.82555893995192
13505,"10g-100g",0.0820805423081311,0.0438044670237153,0.0668688632376338,0.104854214111771,0.131516630372851
13505,"100g-1kg",0.23092949436787,0.0946339805494481,0.186390899210946,0.277503328237543,0.354877529500827
13505,"1kg-10kg",0.213440748588265,0.103982315670247,0.182854417161098,0.245531329944797,0.279174709288481
13505,"10kg-100kg",0.0107844620848494,0.00615062306848394,0.00921103702528786,0.0124867557662401,0.0175218924940373
13505,">100kg",0.19380462450509,0.0735064107750082,0.13946862585231,0.469427612962492,1.83468843152026
13870,"1g-10g",0.733699721453781,0.216760495893398,0.439574185681575,1.28461566104927,1.82207926608196
13870,"10g-100g",0.0812090829789126,0.0429610190689077,0.0658317221868101,0.103824706619807,0.130832498024233
13870,"100g-1kg",0.226284939677843,0.0910420897471851,0.182181629561563,0.273047601454605,0.351537412914397
13870,"1kg-10kg",0.213393359207628,0.104024265489823,0.182720782774573,0.245520105799774,0.27913152753162
13870,"10kg-100kg",0.0107718782732508,0.00617667791948971,0.00919302230951715,0.0124789609625463,0.0175174708949117
13870,">100kg",0.193670098225367,0.0734718176325231,0.139422887902476,0.46807970502428,1.82908649103704
14235,"1g-10g",0.743808392593706,0.219668293154349,0.447355868562164,1.29512298756848,1.8480204613589
14235,"10g-100g",0.083000679485369,0.0440370717768852,0.0671913392033655,0.105461170995217,0.132228586288314
14235,"100g-1kg",0.223144234394502,0.0911215967614584,0.179922976494046,0.269477349035806,0.349131187969563
14235,"1kg-10kg",0.213211108764306,0.103964077846706,0.182549177072585,0.245390890595657,0.278883221731508
14235,"10kg-100kg",0.0107346693058335,0.00613010069830301,0.00914759983035259,0.0124599494706636,0.0174977636593983
14235,">100kg",0.193537296515351,0.0734361044193306,0.139309513832332,0.466734527319679,1.82350423872073
14600,"1g-10g",0.754290528885814,0.221011924501351,0.456131518717331,1.31171770175145,1.87298952258271
14600,"10g-100g",0.0838950371223405,0.0446759970355614,0.0683498460934012,0.106553722149996,0.133794827165911
14600,"100g-1kg",0.221871085523129,0.0913581507746223,0.179478816050486,0.268343922475021,0.348356458220226
14600,"1kg-10kg",0.212854564128127,0.103768956046492,0.182131401185763,0.24507820986688,0.278502404440188
14600,"10kg-100kg",0.0106892177555851,0.00607807734177331,0.00908261328224928,0.0124171333359947,0.0174779976203803
14600,">100kg",0.193396501821537,0.0733919417052988,0.139226908897513,0.465383544962116,1.81792998359611
14965,"1g-10g",0.77172489991904,0.230788668466384,0.470367574689904,1.31961478013629,1.87050840939977
14965,"10g-100g",0.0854347684899054,0.0456393259359041,0.0699967743690103,0.107464123823337,0.134700347353027
14965,"100g-1kg",0.223088432067171,0.0932730271948927,0.180711811631899,0.269470004737279,0.349360198719607
14965,"1kg-10kg",0.212351416866498,0.103464613962201,0.18157896485627,0.244581504087147,0.278011611725169
14965,"10kg-100kg",0.010653182070878,0.00603469075746123,0.00902801888128464,0.012379937574372,0.0174362232220456
14965,">100kg",0.193268967756848,0.0733608552757922,0.139162598955121,0.464039520818757,1.81238881547208
15330,"1g-10g",0.786231116862943,0.240194636991284,0.486925268353563,1.33458357781474,1.88094043042285
15330,"10g-100g",0.0870744733125938,0.0469927952304721,0.071625063384865,0.109266362888496,0.135956917136048
15330,"100g-1kg",0.226685132359365,0.0960238398111487,0.183778569301533,0.272671608862925,0.352655629028712
15330,"1kg-10kg",0.212013816872998,0.103275436849239,0.181130235649237,0.244143308101099,0.277632384513753
15330,"10kg-100kg",0.0106070002028474,0.00601524139352405,0.00899533853838021,0.0123450703087817,0.0174135322486977
15330,">100kg",0.193014720636458,0.0733284700765482,0.139100924497826,0.462701102810288,1.80686946454607
15695,"1g-10g",0.795672752152761,0.245651552032436,0.49421878514434,1.34009950303043,1.87776494630873
15695,"10g-100g",0.0872171346746271,0.0474331749081912,0.0718862960430217,0.109640346931136,0.135908541068264
15695,"100g-1kg",0.231735169067691,0.0992202860189687,0.188125821754103,0.277646061736665,0.356688223606596
15695,"1kg-10kg",0.211766593012864,0.103226628383437,0.180817265336924,0.243987120463526,0.277569533194371
15695,"10kg-100kg",0.0105972333512537,0.00603348340152759,0.00898310494341045,0.0123385979483171,0.0174212789955246
15695,">100kg",0.192781444715798,0.0732933235283041,0.139046970459605,0.461559936159466,1.8013696569106
16060,"1g-10g",0.776504114324396,0.237287317205528,0.478850830792851,1.3227410313095,1.84976815698916
16060,"10g-100g",0.0846398025153905,0.0459196735372798,0.0698797622464957,0.107141043277157,0.134068192440128
16060,"100g-1kg",0.234173499714382,0.0985523809748662,0.189643776028367,0.280278063352865,0.359096082425672
16060,"1kg-10kg",0.211603339511076,0.103247314096504,0.18071009478125,0.243905751200397,0.277643734114871
16060,"10kg-100kg",0.0106090715883415,0.00605440641732153,0.00899860066589022,0.0123463173168474,0.0174339477971281
16060,">100kg",0.192505925070384,0.0732580074148722,0.138988608560189,0.460718263128981,1.79588104947668
16425,"1g-10g",0.761754658061584,0.232318572185574,0.467115122852042,1.30938842320931,1.83535540265933
16425,"10g-100g",0.0841018312999667,0.0451661910707586,0.0686459415714177,0.106571777100938,0.132769397866902
16425,"100g-1kg",0.234506044402581,0.0987445766940944,0.190593407355855,0.280660289530524,0.359215434906989
16425,"1kg-10kg",0.211739195633216,0.103394016431227,0.180790353250065,0.243967833879707,0.277816988799145
16425,"10kg-100kg",0.0106336892046728,0.00607448267841926,0.00902794795546132,0.012354498915225,0.0174444995134555
16425,">100kg",0.192204153048155,0.0732357281757766,0.138924996758308,0.459881786156246,1.79041651376167
16790,"1g-10g",0.746499121222012,0.222117242602658,0.451403660763024,1.29803252485081,1.83451205752849
16790,"10g-100g",0.0830189628057448,0.0445140362892275,0.0676008954261719,0.105878501942521,0.13230933338284
16790,"100g-1kg",0.233484594129933,0.0988758407438869,0.189746713822941,0.279596223962725,0.357806508720615
16790,"1kg-10kg",0.21196291563062,0.103716869166937,0.180950795643059,0.24433310194774,0.278170861483306
16790,"10kg-100kg",0.0106737555275076,0.00610883861326709,0.00907670135548114,0.0123878532268823,0.0174709260393986
16790,">100kg",0.191858973139797,0.0732010022884788,0.138862479773363,0.45903688186275,1.78495242675827
17155,"1g-10g",0.74766842303865,0.219629577706993,0.452143311385814,1.29501692717134,1.83864326668272
17155,"10g-100g",0.0835672363670975,0.044589967398234,0.0678267580637091,0.106484530990252,0.132800392468092
17155,"100g-1kg",0.231672355850147,0.0982075796823865,0.187911007888214,0.277797597810154,0.355879963456302
17155,"1kg-10kg",0.212097427678763,0.104001454697979,0.18118806811327,0.244532395756023,0.278341092624618
17155,"10kg-100kg",0.0106981356083728,0.00612244868193304,0.00909953586717784,0.0123946937964523,0.0174613217921999
17155,">100kg",0.191616716401407,0.0731564293582975,0.138784087807505,0.458193789145109,1.77958795731703
17520,"1g-10g",0.754629210352858,0.221648668279022,0.456710699322881,1.30382085493161,1.85521448932758
17520,"10g-100g",0.085152776332697,0.0453443713058749,0.0689867424020665,0.107656456888152,0.13404746404668
17520,"100g-1kg",0.230976690205797,0.0984134448559982,0.187794331346345,0.276921290116137,0.353992722382411
17520,"1kg-10kg",0.212295671789869,0.104300131277457,0.181467636420799,0.244728611264983,0.278447145289193
17520,"10kg-100kg",0.0107163413366379,0.00613824071294473,0.00911678893357615,0.012403611784694,0.0174486957631835
17520,">100kg",0.191506375887077,0.0731084649777321,0.138690646411853,0.45735375281278,1.7741664344155
17885,"1g-10g",0.757015940918831,0.22427308985923,0.461077689532252,1.30273309090804,1.84940818016979
17885,"10g-100g",0.0851449801253486,0.0457392990515777,0.0696168443418458,0.107798660516556,0.134239606422458
17885,"100g-1kg",0.231181729821232,0.0985003326855961,0.187312992555581,0.276713659682567,0.353413858251067
17885,"1kg-10kg",0.212483303008004,0.104525606462686,0.181592125224084,0.244729882379675,0.27842153594945
17885,"10kg-100kg",0.0107172739293328,0.00615135147305264,0.00912671278905637,0.012398760658242,0.0174279901151165
17885,">100kg",0.191392257632777,0.0730579914106972,0.138592515030621,0.456768021894224,1.768764411532
18250,"1g-10g",0.759245435403947,0.227510423174362,0.463344928594755,1.30486599949865,1.84307597487809
18250,"10g-100g",0.0852491997517037,0.0459663372118094,0.0697703416747075,0.107766290682873,0.133970763313747
18250,"100g-1kg",0.23149629428493,0.0989393725711249,0.188072830690754,0.277131566231917,0.353858189820638
18250,"1kg-10kg",0.212703587615629,0.104739690638639,0.181729254444856,0.244737485572133,0.278437087043698
18250,"10kg-100kg",0.0107135791792704,0.00616479678192046,0.00914669197420814,0.0123912667876713,0.0174165739183529
18250,">100kg",0.191274713360554,0.0729985261541995,0.138508749182876,0.456163448068329,1.76338376121684
18615,"1g-10g",0.770361430207521,0.232344978454796,0.473513380092434,1.31349405906692,1.84929497320021
18615,"10g-100g",0.0859854070694101,0.0467369508991602,0.0705930836671997,0.108507907626224,0.134581652697203
18615,"100g-1kg",0.232491399502879,0.09976565075752,0.189001753389231,0.277953131640644,0.354298728315125
18615,"1kg-10kg",0.21286086238718,0.104953454798372,0.182052089631979,0.244682557015955,0.278481703583775
18615,"10kg-100kg",0.0107246055707941,0.00616308210378953,0.00915619508092317,0.0123813867525444,0.017416305598764
18615,">100kg",0.191160251581562,0.0729400344145152,0.138450436233853,0.454956357263152,1.75802861285324
18980,"1g-10g",0.781733420127487,0.238198227043148,0.483284472940883,1.32098667243922,1.85173427871015
18980,"10g-100g",0.0866137055642669,0.0473457874986927,0.0713608180106367,0.109180943827423,0.134977013232731
18980,"100g-1kg",0.234203512444477,0.101149364481705,0.189830891207849,0.279473397297541,0.355413801069548
18980,"1kg-10kg",0.212920727478113,0.105215806057985,0.182197441176343,0.244724552958476,0.278526167726058
18980,"10kg-100kg",0.0107301754680031,0.00618569230819005,0.00917151379638774,0.0123794954630641,0.0174169320759544
18980,">100kg",0.191050502059816,0.0728852996896826,0.138399110909045,0.453809790579637,1.75269981147184
19345,"1g-10g",0.77927939248934,0.238020873037396,0.482747339981851,1.31840159153489,1.84295618613971
19345,"10g-100g",0.0860727777500877,0.0472048555883662,0.070842361700661,0.108736826694437,0.134478155942046
19345,"100g-1kg",0.23577260340923,0.102266744153812,0.191454716842595,0.281821368639534,0.357240142826903
19345,"1kg-10kg",0.213184112587267,0.105662574364326,0.182520834780788,0.245049681799028,0.278714614136524
19345,"10kg-100kg",0.010744721255753,0.00622279816348911,0.00921254223794662,0.0124021788119838,0.017444548135363
19345,">100kg",0.190937737505081,0.0728194072047553,0.138350960950532,0.452067822897062,1.74739133872461
19710,"1g-10g",0.773604092825872,0.234927675649789,0.475498866904983,1.31713563971088,1.83888214310947
19710,"10g-100g",0.085114588994347,0.0466260808890953,0.0699551257720717,0.108158408982595,0.133641209588241
19710,"100g-1kg",0.236653481281219,0.103161828860443,0.193082528226715,0.282984672666702,0.358737165873945
19710,"1kg-10kg",0.213682842955206,0.106219011802117,0.182906630564337,0.245435763088042,0.27909651147248
19710,"10kg-100kg",0.0107978080270551,0.0062708332379032,0.00925612980318553,0.0124364382616768,0.0174853095157306
19710,">100kg",0.190824726103453,0.0727491363199178,0.138304523247934,0.450518703750244,1.74210287049991
20075,"1g-10g",0.770069967783793,0.231178291626252,0.470180464369519,1.31513449089459,1.83697191392814
20075,"10g-100g",0.0851104808984628,0.0464017985380909,0.0697147674723841,0.108088303372599,0.133819341615943
20075,"100g-1kg",0.236933797251069,0.103607462343115,0.193384113257833,0.283153645731117,0.358792711080466
20075,"1kg-10kg",0.214120506143101,0.106783922757431,0.183276466697089,0.245560318695976,0.279339144289511
20075,"10kg-100kg",0.0108239659180608,0.00631826064043801,0.00929487637076667,0.0124592279790257,0.0175030249033675
20075,">100kg",0.190725969964848,0.0726985177187975,0.138266112706188,0.449209856726618,1.73684422091685
20440,"1g-10g",0.757619576279495,0.224755508656706,0.462493860647862,1.3041914216369,1.83292256316411
20440,"10g-100g",0.0838297610004736,0.0455780442202532,0.0685098815295044,0.107134465644888,0.133023718822171
20440,"100g-1kg",0.235875673115818,0.102475889140505,0.19218981685523,0.282262186392301,0.3580568900592
20440,"1kg-10kg",0.21460714301788,0.107377840426406,0.183638106130175,0.246021079530896,0.279643247153712
20440,"10kg-100kg",0.010865930993183,0.00635863236967117,0.00933718756599541,0.0125027604124694,0.0175392417676402
20440,">100kg",0.190611158172902,0.0726259125210782,0.138218237837668,0.447936054196984,1.73158784910141
20805,"1g-10g",0.745450425536844,0.217019359248046,0.451890379428526,1.2936188267502,1.82014916560571
20805,"10g-100g",0.0823871998853538,0.0444266208681554,0.0669973420108253,0.105453355201849,0.131788648426137
20805,"100g-1kg",0.232112310192357,0.0972594437030847,0.188190966477455,0.27891453772382,0.355262580614341
20805,"1kg-10kg",0.214652942963382,0.107608670107235,0.183823333951798,0.246025885915279,0.279634078339243
20805,"10kg-100kg",0.0108596621090737,0.00635055108640539,0.00933132458097616,0.0125110114957812,0.0175414350693338
20805,">100kg",0.190497650151821,0.0725609920596823,0.138147928563603,0.446660837050869,1.72634047287695
21170,"1g-10g",0.734915598792911,0.210587549672834,0.441489053452756,1.284935084655,1.82066516764517
21170,"10g-100g",0.0813487736754352,0.0436447838015611,0.0659507388664793,0.104104678462217,0.131002856261757
21170,"100g-1kg",0.227290591831615,0.0939914165315801,0.184014840225102,0.274196976098124,0.351857393605651
21170,"1kg-10kg",0.214395822226094,0.107534162947417,0.183769687035774,0.246007044098062,0.279533668346792
21170,"10kg-100kg",0.01084112182022,0.00635970535572149,0.00930218074170347,0.0124993915470437,0.0175371291033035
21170,">100kg",0.190374324511773,0.0724859888261513,0.138063280081829,0.445869643579673,1.72258214554601
21535,"1g-10g",0.745226828682066,0.214763918107904,0.447595458508238,1.29584168172858,1.84639884482765
21535,"10g-100g",0.0833953054991969,0.0445059154425693,0.0673849275815841,0.105797697579304,0.132476355830155
21535,"100g-1kg",0.224137180091672,0.0945110147023095,0.181808938291357,0.271126715824013,0.349404588144869
21535,"1kg-10kg",0.214276634725894,0.107401307655098,0.183573396661872,0.245885556524515,0.279328502074146
21535,"10kg-100kg",0.0108031144119449,0.00630948461235908,0.00926425128349147,0.0124687130939517,0.0175175423493313
21535,">100kg",0.190256558478598,0.0724189647307093,0.138014300916715,0.445154312643905,1.71890042725676
21900,"1g-10g",0.758272896818663,0.217668660470248,0.455850649758447,1.31395912368704,1.87214849594653
21900,"10g-100g",0.0841780668014187,0.0450761034637038,0.0686068662731262,0.106773433203677,0.133730230067858
21900,"100g-1kg",0.222643458855335,0.0949471621162778,0.180875934586423,0.269674996682491,0.348636447446484
21900,"1kg-10kg",0.214032821961762,0.107092875992111,0.183146240510604,0.245636168463365,0.279010537608058
21900,"10kg-100kg",0.0107512128705728,0.00625664692987382,0.00920810410084327,0.0124506912543771,0.0174978833205743
21900,">100kg",0.190130332861782,0.0723555389699564,0.137957385354017,0.444727965880476,1.71605447462797
22265,"1g-10g",0.7740300487809,0.226865116938506,0.469742728148553,1.32037394602786,1.87291684293891
22265,"10g-100g",0.0859435582990416,0.0462453371894165,0.0702021564159861,0.10790912913455,0.134736088532089
22265,"100g-1kg",0.224183838086101,0.0964990556687841,0.182115387902511,0.270890840214308,0.349843025314501
22265,"1kg-10kg",0.213592906732051,0.10677076491114,0.182528471668831,0.245128566313355,0.278474444938766
22265,"10kg-100kg",0.0107086608223166,0.00621937713981108,0.00914167069074311,0.0123989759314307,0.0174562488309461
22265,">100kg",0.190019830320686,0.0723570886839976,0.137898923706633,0.44429727504282,1.71393946541683
22630,"1g-10g",0.793281672015745,0.236345412477868,0.48605205590603,1.33735138744685,1.8820507407737
22630,"10g-100g",0.0872725319241088,0.0476125108540641,0.0717279332395585,0.109777387241983,0.136179308489241
22630,"100g-1kg",0.227859008882666,0.098995219864961,0.185508811396928,0.274654318447717,0.352876687103247
22630,"1kg-10kg",0.213121946996153,0.10661610601619,0.182161457564069,0.244723201010027,0.278097283118651
22630,"10kg-100kg",0.0106767544938096,0.00620437145157722,0.00909568260394953,0.0123591030106751,0.0174314611677342
22630,">100kg",0.189909067008901,0.0723534778701543,0.137832824479802,0.443871686895719,1.71182925890297
22995,"1g-10g",0.802298780174375,0.241213505927485,0.493358967376541,1.33881902027467,1.87516865900118
22995,"10g-100g",0.0874993484691465,0.0482146848789112,0.0719704712692039,0.109985458964185,0.136200197525105
22995,"100g-1kg",0.232611304275248,0.102233751932824,0.189271050547434,0.279184174313363,0.357037575353937
22995,"1kg-10kg",0.212907071037895,0.106705855405276,0.18194059438671,0.24452663895899,0.277993634218851
22995,"10kg-100kg",0.0106643909809677,0.00621856752051093,0.00909781594497818,0.0123561733499492,0.0174389258892642
22995,">100kg",0.189687290407863,0.072335915634349,0.137766399432,0.443408463936057,1.70899787931217
23360,"1g-10g",0.783420680339531,0.23421548594833,0.477878397574679,1.32039867692374,1.84796828462274
23360,"10g-100g",0.0849302657877781,0.0469595194957033,0.0699144703106541,0.107725906465981,0.134071387394114
23360,"100g-1kg",0.234990456295555,0.101274674165,0.190819425817766,0.281834145649962,0.359519144403114
23360,"1kg-10kg",0.21289068601548,0.106858066902099,0.181697052562648,0.244441474700289,0.278039115980592
23360,"10kg-100kg",0.0106715211774008,0.00623992037455321,0.00910118351278632,0.0123672993596553,0.0174542725290218
23360,">100kg",0.189561242077831,0.0723156245066502,0.137701151164401,0.442471005297299,1.70528317627708
23725,"1g-10g",0.766707900623839,0.226574515361317,0.466566066433987,1.30660147733273,1.82954964983711
23725,"10g-100g",0.0842106421976726,0.0461807654079569,0.068811958740855,0.107120110674822,0.132937329731406
23725,"100g-1kg",0.235545178916176,0.101675300494837,0.191584777281548,0.282758546871985,0.359610237873392
23725,"1kg-10kg",0.213133612217879,0.107088076035682,0.181707718997554,0.244586694865385,0.27823038251329
23725,"10kg-100kg",0.0106931992228062,0.00625391129163337,0.0091257604037908,0.0123737109729436,0.0174631056117715
23725,">100kg",0.189301610130819,0.0722980934792027,0.137640074001118,0.441900670990801,1.70158971722783
24090,"1g-10g",0.754575544845784,0.215570674113591,0.449996539649921,1.2981037842725,1.83446174778175
24090,"10g-100g",0.0830849740683581,0.0454069722503708,0.0676629906653816,0.106416139973692,0.132756545952333
24090,"100g-1kg",0.234463465338135,0.101720292552206,0.19112688507632,0.281998076807498,0.358345344893522
24090,"1kg-10kg",0.213554414811067,0.107441754053111,0.18203544280265,0.244891630094467,0.278614204076758
24090,"10kg-100kg",0.010739135901352,0.00629377494351755,0.00917965367797416,0.0124109898622629,0.0174913983869819
24090,">100kg",0.188926858578102,0.0722555680016937,0.137566291460302,0.441462014410629,1.69948030913766
24455,"1g-10g",0.755484781952949,0.214823686625784,0.450371208080197,1.29878752356222,1.83964214267631
24455,"10g-100g",0.0836338302844022,0.0454775840083529,0.0679831250753415,0.106801514889528,0.133150544005496
24455,"100g-1kg",0.232476197489746,0.101351594471887,0.189588624471947,0.279904731334271,0.35608462245079
24455,"1kg-10kg",0.213801198867576,0.107755115824552,0.182377616011305,0.245040376941418,0.278814217622754
24455,"10kg-100kg",0.0107602742770332,0.00630571748104571,0.00920954885703704,0.0124186504582837,0.0174865503999914
24455,">100kg",0.188556907182265,0.0722399613595327,0.137508172044284,0.441014345441331,1.69736910587011
24820,"1g-10g",0.766188017780479,0.218755818542275,0.456102185898915,1.31203144321441,1.85459525178448
24820,"10g-100g",0.0851904050730678,0.0461438664703757,0.069141511071436,0.107943725242862,0.134285207150933
24820,"100g-1kg",0.232093912017678,0.102373153970286,0.189203014830203,0.278847768341522,0.354597497888415
24820,"1kg-10kg",0.21398473512226,0.108104417972764,0.18264731212429,0.245138072903861,0.278852763092342
24820,"10kg-100kg",0.0107666987830847,0.00632261663158476,0.00922813708924807,0.0124247830831467,0.01746758405854
24820,">100kg",0.188384159054989,0.0722283408520977,0.137394353419916,0.440570304949723,1.69526145430876
25185,"1g-10g",0.771584453062741,0.222441123328786,0.461324357649976,1.31026766800845,1.84867566509242
25185,"10g-100g",0.0852928738065001,0.0464743373216356,0.0698037418119808,0.108100934782256,0.134426444627138
25185,"100g-1kg",0.231899181243509,0.101882239714727,0.189309328300175,0.278230748002049,0.354077357114646
25185,"1kg-10kg",0.214099444985749,0.108408381589039,0.182792655090627,0.245185568178216,0.278765099140707
25185,"10kg-100kg",0.0107710392846164,0.0063350414294572,0.00923906930534674,0.0124100408027226,0.0174446100610225
25185,">100kg",0.18827333942192,0.0722177305422656,0.137317518575588,0.439944355461756,1.69315792980598
25550,"1g-10g",0.777426252936686,0.226165625735444,0.463469718735607,1.30998795449882,1.84336763981082
25550,"10g-100g",0.0853859891295241,0.046789641110969,0.0699319022394008,0.108026642670312,0.134029504671907
25550,"100g-1kg",0.232141118313851,0.102185560084926,0.189407324931697,0.278564911749523,0.354254921391345
25550,"1kg-10kg",0.214313450981321,0.108707297392247,0.182993675777628,0.24523764698914,0.278963233102028
25550,"10kg-100kg",0.0107789055164024,0.00635098877846579,0.00925333053077617,0.0124109386658136,0.0174388176316031
25550,">100kg",0.187987404693681,0.0721990046499255,0.137271057902034,0.439108448770843,1.69106080172169
25915,"1g-10g",0.788291635813557,0.230979243482917,0.473390533620712,1.31764158846026,1.84892810941157
25915,"10g-100g",0.0861649649369027,0.0474367710728252,0.0707956052471131,0.108867814123837,0.134689973968152
25915,"100g-1kg",0.233127299988589,0.10318672600563,0.190386000844745,0.279419446878894,0.354824030105774
25915,"1kg-10kg",0.214348562289337,0.109023665203505,0.183277848058806,0.245251922105696,0.278957544323108
25915,"10kg-100kg",0.010783648804322,0.00634661832258829,0.00926593915522132,0.0124066551964823,0.0174386696703353
25915,">100kg",0.187699544728773,0.0721824409574745,0.137229045193122,0.438282132162646,1.68897179920696
26280,"1g-10g",0.800823894863334,0.236018164862764,0.483155421365857,1.31957470832985,1.85093362181392
26280,"10g-100g",0.086887829440693,0.0480331682445264,0.0715559619180705,0.109452747451519,0.135116656065602
26280,"100g-1kg",0.234878653702621,0.104168096332912,0.192022596946904,0.280988874590024,0.355869795966481
26280,"1kg-10kg",0.214364467845443,0.109355474349391,0.183466512664129,0.245231430569471,0.278941892421475
26280,"10kg-100kg",0.0107968751328049,0.00634889329210163,0.00927741558921004,0.0124026393678171,0.0174398440547892
26280,">100kg",0.187488217809637,0.072170736035403,0.137193914122136,0.437464371226532,1.68641814749861
26645,"1g-10g",0.795586606463021,0.236436762309333,0.483031859336741,1.3223975899413,1.84291890980314
26645,"10g-100g",0.0863642358193069,0.0479356060492428,0.0710898443496994,0.109109095495601,0.134537575573085
26645,"100g-1kg",0.23674543778831,0.105449386330008,0.19340086402406,0.283039368462069,0.358125734200988
26645,"1kg-10kg",0.214611877679089,0.109780600673562,0.183653239187434,0.245448655763568,0.279169209931016
26645,"10kg-100kg",0.0108239235770891,0.00637941316961868,0.00931389542658258,0.0124248098783073,0.0174678349749891
26645,">100kg",0.187198123734974,0.0721450298237496,0.137155365289794,0.436656304071773,1.68169787902762
27010,"1g-10g",0.787708486327414,0.232257305686451,0.474916421300236,1.31907185029566,1.8381021338188
27010,"10g-100g",0.0853723972177072,0.047562162113514,0.0702195170681872,0.108563951507704,0.133783022082565
27010,"100g-1kg",0.237459882372418,0.106604090970091,0.194685829490489,0.284634099670531,0.359274654958999
27010,"1kg-10kg",0.215059664601683,0.110279066774968,0.183938519556748,0.245807230154763,0.279509989527113
27010,"10kg-100kg",0.0108623241471658,0.00643708410039761,0.00935342501746768,0.0124689274923619,0.0175084335016912
27010,">100kg",0.186904693684509,0.0721115020677033,0.137115785725541,0.435853196415689,1.67642685951933
27375,"1g-10g",0.789997451495342,0.227234822397494,0.469947930910035,1.31871614557754,1.83824021938843
27375,"10g-100g",0.0853915546648683,0.0472608384189946,0.0699104854524856,0.108567180915721,0.134050165826953
27375,"100g-1kg",0.237855501409771,0.107092354859701,0.195198408776462,0.284920964161027,0.35939169426887
27375,"1kg-10kg",0.215470545744631,0.110801978641792,0.184337653160219,0.246056691768111,0.27968077072309
27375,"10kg-100kg",0.0108897323900465,0.00648289445562119,0.0093888268872032,0.0124871077140691,0.0175558721866122
27375,">100kg",0.186633239625588,0.0720972751822421,0.137093319524246,0.435438060498099,1.6711948560592
27740,"1g-10g",0.778871255802081,0.222928123981742,0.461195055247618,1.30850028191435,1.83353908154308
27740,"10g-100g",0.084106782165964,0.0462405562628675,0.0687059641176144,0.107642745105181,0.133476553049974
27740,"100g-1kg",0.236550795103715,0.105972436685206,0.194333779985803,0.284101866937793,0.359021273710815
27740,"1kg-10kg",0.21589329440777,0.111310600273099,0.184761359449882,0.246434655075045,0.27995527121228
27740,"10kg-100kg",0.0109289906065439,0.00652320453113225,0.00942779017968781,0.0125333984414224,0.0175772970918308
27740,">100kg",0.186336085347971,0.0720563044452553,0.137051006341499,0.435029965308246,1.66595110209326
28105,"1g-10g",0.761206074389882,0.217106757261134,0.449411704988644,1.295695066704,1.82106336840907
28105,"10g-100g",0.0826298425215744,0.0450784137547627,0.0673128007599397,0.106001992628105,0.132135827830408
28105,"100g-1kg",0.232708975227723,0.100970042963916,0.190536393152462,0.280843225754756,0.356516217419438
28105,"1kg-10kg",0.216106532197322,0.111483411769984,0.184875884888112,0.246534628915522,0.279914155708714
28105,"10kg-100kg",0.010938452445686,0.00653271643339223,0.00942494432688014,0.0125492465384436,0.0175742439118681
28105,">100kg",0.186044843930343,0.072023294825282,0.13700909989713,0.434616439070387,1.66089655872066
28470,"1g-10g",0.751702555849117,0.211302368786142,0.439104822307275,1.28642553443869,1.82082493264809
28470,"10g-100g",0.0815022457088249,0.0441638505677108,0.0662124350017662,0.104948192277605,0.131362632555523
28470,"100g-1kg",0.228159601723519,0.0971360717479646,0.185601273654821,0.276107190802744,0.352915966466196
28470,"1kg-10kg",0.216172073512203,0.111335069833584,0.184874872732188,0.246473719715597,0.279810769816374
28470,"10kg-100kg",0.0109260998690674,0.00652357031680773,0.00940075773172309,0.012541994865548,0.0175630132334269
28470,">100kg",0.185881311244231,0.0719785631280453,0.136892955207825,0.434193489062015,1.65788945682604
28835,"1g-10g",0.771696690431885,0.213866850303648,0.447545609813389,1.30770479426921,1.84960826884205
28835,"10g-100g",0.0835786601013386,0.0451232585556219,0.0676217580254617,0.106253184338987,0.132561519726195
28835,"100g-1kg",0.225018013921369,0.0978018793475392,0.183118230398975,0.272713200911813,0.350308525497373
28835,"1kg-10kg",0.215925315759519,0.111060805014712,0.18479011971294,0.246330766839588,0.279832106346384
28835,"10kg-100kg",0.0109027970328631,0.0064887634817943,0.00936375603568725,0.0125188728664825,0.0175480151850004
28835,">100kg",0.185757288981073,0.0719427237013596,0.136814468138307,0.433775624177443,1.65528943984011
29200,"1g-10g",0.781702250565194,0.21854397771831,0.45638299205716,1.31858367966429,1.87257616222594
29200,"10g-100g",0.0845592459588713,0.0459296095730043,0.0686633902377409,0.107271023781551,0.133910034133118
29200,"100g-1kg",0.224030715991607,0.0984052837859309,0.182407494189051,0.271718251037695,0.349830789504871
29200,"1kg-10kg",0.215415276616,0.110712386955229,0.184263710390791,0.246133652245998,0.279415654948709
29200,"10kg-100kg",0.0108523397816779,0.00645277949649706,0.00931086390871793,0.0124867205009184,0.0175296545645944
29200,">100kg",0.185624412911539,0.07189806217746,0.13675551951352,0.433353614804892,1.65269214061084
29565,"1g-10g",0.793379448927136,0.227245672411007,0.470802757939833,1.32808479432667,1.87326917368179
29565,"10g-100g",0.0863040400938715,0.0471922106218671,0.0702577431881099,0.108586336309977,0.134864263028849
29565,"100g-1kg",0.225824617735002,0.100359406606502,0.183638021678729,0.272891610425466,0.351512740295412
29565,"1kg-10kg",0.214786972897364,0.110372466236175,0.183692787828771,0.245650365114094,0.278915379112304
29565,"10kg-100kg",0.010789123882986,0.00639312584014938,0.00925058260902208,0.0124391259435526,0.0175072219482328
29565,">100kg",0.185503366083029,0.0718773009711418,0.136691566174005,0.432945308608352,1.64887972282385
29930,"1g-10g",0.814410588997405,0.234843589948205,0.485256691361926,1.35294194790436,1.88129941618455
29930,"10g-100g",0.0878150983479009,0.0483858087592451,0.0718446451767919,0.110052847350011,0.136243610313992
29930,"100g-1kg",0.229023751747874,0.103044657093554,0.187036343498156,0.276377562555291,0.354669585178957
29930,"1kg-10kg",0.214320451735339,0.11026026746497,0.183097127885305,0.245322545553745,0.278601723924287
29930,"10kg-100kg",0.0107400838692298,0.00635689215954106,0.00920150826854739,0.0123965043566401,0.0174949574162936
29930,">100kg",0.185386880666608,0.0718547004915858,0.136593360929059,0.432540151568944,1.64324833540898
30295,"1g-10g",0.818384753577546,0.240089509999558,0.493446926082854,1.35479165727112,1.88282660434616
30295,"10g-100g",0.0878849823691229,0.0487868715188418,0.0721765367877829,0.110273828500893,0.136348014732159
30295,"100g-1kg",0.233543789126888,0.105973339359733,0.191270206172026,0.281173197158255,0.358446710963401
30295,"1kg-10kg",0.214175180997797,0.110400427871401,0.182825407117538,0.245180991350285,0.278532012471623
30295,"10kg-100kg",0.0107360071276769,0.00637729470139813,0.00918960119504352,0.0123891794496909,0.0175021455300989
30295,">100kg",0.185273611959518,0.0718236596874175,0.136493321007105,0.432139266576811,1.63740343119991
30660,"1g-10g",0.794630454246778,0.234293462327665,0.480441207014278,1.32945546183404,1.85158098701932
30660,"10g-100g",0.0853877162549745,0.04728686424725,0.0702201683391268,0.10840051930404,0.134259873886682
30660,"100g-1kg",0.235769378664456,0.105027643766142,0.192742487484457,0.283732653435283,0.360326386633298
30660,"1kg-10kg",0.21393916260013,0.110601293406257,0.182808480019606,0.245071715458736,0.278523307439629
30660,"10kg-100kg",0.0107512553703017,0.00640008453589273,0.00918802929113876,0.0123994014717084,0.0175119034460606
30660,">100kg",0.185155074132651,0.0717898875081849,0.136438814176556,0.431460231553054,1.63157577342439
31025,"1g-10g",0.778394431201093,0.225738663780551,0.465945925177409,1.31503810707403,1.84097638072521
31025,"10g-100g",0.0844621409284217,0.0468087770861308,0.0690543786964074,0.10752440986089,0.133372615490315
31025,"100g-1kg",0.236223081799196,0.104953039950969,0.19324589371269,0.284385163158118,0.360763156421203
31025,"1kg-10kg",0.214025725322649,0.110842589306077,0.182854973977501,0.245203214722184,0.278633090732578
31025,"10kg-100kg",0.0107743444232563,0.0064165353553179,0.00921995865578001,0.0124077303851752,0.0175231674101842
31025,">100kg",0.18504101615413,0.0717721401761988,0.136409583206728,0.430670272171089,1.62578454183352
31390,"1g-10g",0.773259048712123,0.217158356713442,0.45123143583912,1.30875259780881,1.84530532279732
31390,"10g-100g",0.0832993823715014,0.045976516120848,0.0678729389017563,0.106927836405411,0.13304725128634
31390,"100g-1kg",0.235539545796525,0.105681387180205,0.192662232192043,0.283329450072239,0.359569657915655
31390,"1kg-10kg",0.214369899800854,0.111224770960531,0.183215912844157,0.245474071056089,0.278958309042757
31390,"10kg-100kg",0.0108129467655871,0.00645476022087711,0.00926716018409007,0.0124504743435948,0.0175403447733059
31390,">100kg",0.184911092984016,0.0717306480276451,0.13635557021328,0.429869984131441,1.61998889941604
31755,"1g-10g",0.773357843513026,0.216293277742076,0.449978520854542,1.308521418113,1.85363260505551
31755,"10g-100g",0.0840647703854191,0.0461529301380778,0.0680976768457607,0.107128723325304,0.133377339375113
31755,"100g-1kg",0.233712286148378,0.105138283782653,0.191481946669718,0.281730564492867,0.357650830915883
31755,"1kg-10kg",0.214575733411299,0.111530955050003,0.183386899661238,0.245613730754556,0.279323112352482
31755,"10kg-100kg",0.0108279763958378,0.00647708341232401,0.00928959382787475,0.0124581180989413,0.0175814639572025
31755,">100kg",0.184773177598178,0.0717160554967611,0.136286308993769,0.429077961032344,1.61546174765808
32120,"1g-10g",0.783593322324376,0.218722370783772,0.455101934958214,1.32429462225507,1.86284566148668
32120,"10g-100g",0.085533796926544,0.0468923334342386,0.0692717319145213,0.108555079297959,0.134493398304634
32120,"100g-1kg",0.233239490319209,0.106246636629017,0.190705118176341,0.28042532176588,0.356516240321314
32120,"1kg-10kg",0.214828931019888,0.111849297345478,0.183561082531098,0.245837144262873,0.279470024135983
32120,"10kg-100kg",0.0108341760738948,0.00649977218139402,0.00930147354677612,0.0124635503480135,0.0175777543369356
32120,">100kg",0.184531257199816,0.0717054385333356,0.136206302578802,0.428572198815955,1.61192729891155
32485,"1g-10g",0.787906566138234,0.223311284389641,0.461219904689487,1.32431271002309,1.85952321083448
32485,"10g-100g",0.0856881670129651,0.0470103384965896,0.0699770794639772,0.10855713375488,0.134655421477221
32485,"100g-1kg",0.232840500130166,0.105889700771409,0.190463598489474,0.279674531758851,0.356340567794473
32485,"1kg-10kg",0.214967958162765,0.112107253051854,0.183630579527827,0.24587649823823,0.279430446626611
32485,"10kg-100kg",0.0108406382552534,0.00651669546664913,0.00931502564257731,0.0124460353233741,0.017559564486087
32485,">100kg",0.184212465332255,0.0716958279568662,0.136126107923091,0.428187331535932,1.60840205765199
32850,"1g-10g",0.788568476950092,0.224510789178963,0.462524821347505,1.32553795878563,1.85557251149023
32850,"10g-100g",0.0859128337850155,0.0472779334585441,0.0701101296225186,0.108675904321049,0.134575382066585
32850,"100g-1kg",0.233301541377739,0.106993670370254,0.191084890139828,0.280135395230275,0.356446301696586
32850,"1kg-10kg",0.215098175298149,0.112186891429257,0.183735981049317,0.245917991797101,0.279421448593983
32850,"10kg-100kg",0.0108435767459967,0.00653770727426356,0.00932626529335926,0.012446384872842,0.0175440931382014
32850,">100kg",0.18117912745411,0.0706587277482759,0.135023002705861,0.420347306997065,1.58603931308512
33215,"1g-10g",0.803151666298483,0.228061340691484,0.472086235685737,1.33405680807857,1.86159574725688
33215,"10g-100g",0.0871854689755284,0.0480664421932937,0.0713684275613676,0.110370649139086,0.135387466440519
33215,"100g-1kg",0.235230123502329,0.110178667216028,0.193623111653581,0.281596291562695,0.357705165560062
33215,"1kg-10kg",0.215325887117313,0.112304437766774,0.183863750993683,0.245957910515217,0.279456665441124
33215,"10kg-100kg",0.0108505379446953,0.00654252175489041,0.0093384931930181,0.0124465479233288,0.0175336874865249
33215,">100kg",0.171422907438721,0.0688753297941458,0.129724390106405,0.398820749162795,1.47662179230815
33580,"1g-10g",0.808603679086617,0.233155679722789,0.481742708772825,1.33894437749729,1.85986117198562
33580,"10g-100g",0.0884322407912392,0.0486021504220887,0.0725406870226555,0.112428323069789,0.136567818317551
33580,"100g-1kg",0.239451078296313,0.113469120028282,0.198518380994457,0.284148457146553,0.358715077552358
33580,"1kg-10kg",0.215509982958461,0.112580676172718,0.184123782568968,0.246201505077899,0.279382772336684
33580,"10kg-100kg",0.0108585628668494,0.006592669580409,0.00936718270705291,0.0124559987621263,0.0175282846055313
33580,">100kg",0.166183146077949,0.0684472959354598,0.126875434807886,0.384014588673146,1.44450230485214
33945,"1g-10g",0.800112547934203,0.235137142223109,0.479844236109599,1.33013151792435,1.84518648750192
33945,"10g-100g",0.0882334526121484,0.0485303456552379,0.0722939622497751,0.112534782675836,0.137436449688885
33945,"100g-1kg",0.243582633080168,0.12048882444167,0.204393149716177,0.288731225034033,0.36064627054023
33945,"1kg-10kg",0.215997743966062,0.115671313327797,0.184632420778785,0.246562040992399,0.27989423852482
33945,"10kg-100kg",0.0109017322615852,0.00667621629490422,0.00942625997331074,0.0125024919432267,0.0175359993121993
33945,">100kg",0.160007863872883,0.0667792386028394,0.122907009194984,0.354867357826611,1.38010306242624
34310,"1g-10g",0.794025455639106,0.232207608076945,0.471195582083934,1.32408517134546,1.83489376679105
34310,"10g-100g",0.0874632237111163,0.0480812345014684,0.0713333062214551,0.11273511661176,0.137651855188247
34310,"100g-1kg",0.248528481904627,0.12999871461286,0.209432124745855,0.294131153746144,0.367209369623838
34310,"1kg-10kg",0.216884004425476,0.11696132844418,0.185402337555645,0.247696214109407,0.280714660939571
34310,"10kg-100kg",0.0109562315484968,0.00691881833027554,0.00952242329217783,0.0125649226736788,0.0175479451001033
34310,">100kg",0.156413263119639,0.0658340857647655,0.120540669934596,0.334204857514134,1.36577125926171
34675,"1g-10g",0.781041274988065,0.226414205444919,0.463592050562678,1.31692344896021,1.83164945630907
34675,"10g-100g",0.0875420997163772,0.0479238439412811,0.0710260348329936,0.113173732463932,0.138494463249017
34675,"100g-1kg",0.251554423168593,0.133713228804147,0.212435860626468,0.297612474934235,0.370042703899481
34675,"1kg-10kg",0.217563084494456,0.12017623354368,0.186012362652848,0.248510448408877,0.281198903389884
34675,"10kg-100kg",0.0110668699924467,0.00714892398254495,0.00965249290034595,0.0126335558888924,0.0175859474927376
34675,">100kg",0.153180360675271,0.0648199617675309,0.118146692368214,0.322781303854138,1.34305023837933
35040,"1g-10g",0.767894555769077,0.219778705827868,0.445528635409983,1.30427903838892,1.82546171856765
35040,"10g-100g",0.0864026294270464,0.0471352762478997,0.0698017873494457,0.112403173676841,0.137875379062542
35040,"100g-1kg",0.253870344833751,0.13540961507361,0.213562007793338,0.299609968045457,0.372108465230794
35040,"1kg-10kg",0.21864531541873,0.12259866370851,0.187395524393906,0.249745308056783,0.281738388236437
35040,"10kg-100kg",0.011175777892445,0.00740262958871247,0.00982194261823918,0.0127155490376229,0.0176015421936655
35040,">100kg",0.149965975359506,0.0637275319524003,0.116233799441995,0.317174866216687,1.32928451369965
35405,"1g-10g",0.747957717966721,0.211675586351559,0.43145948370271,1.28564228829148,1.81230613268205
35405,"10g-100g",0.0850039534783831,0.0460209790536756,0.0684551415723712,0.110740398101641,0.136489741282534
35405,"100g-1kg",0.251826986590368,0.133005436859389,0.21159983398233,0.299755136268675,0.371147264803109
35405,"1kg-10kg",0.219992871085706,0.126043279669886,0.188738368587557,0.250401230886975,0.282022719192367
35405,"10kg-100kg",0.0112836392482862,0.007641654527908,0.00995635363535294,0.0128344914770871,0.0176043875203206
35405,">100kg",0.147913008379289,0.0628359982976179,0.114820965726426,0.312090235412771,1.30387726537594
35770,"1g-10g",0.73390351179847,0.20251039305536,0.418682566992655,1.27749966151904,1.8060741200088
35770,"10g-100g",0.0840857352140509,0.0450501357896411,0.0671471611867081,0.109797439653724,0.135218103710259
35770,"100g-1kg",0.248407271880297,0.12977461525104,0.208208642674125,0.297796682014791,0.369395482717045
35770,"1kg-10kg",0.220981717663201,0.128639365652279,0.19007134871191,0.251085388099111,0.282334586980021
35770,"10kg-100kg",0.0114107602067631,0.00790087992460478,0.0100572078195233,0.0129356636869775,0.0178554013716298
35770,">100kg",0.146857427383202,0.0623750763557282,0.114072957280452,0.30710066282884,1.29172179657986
36135,"1g-10g",0.745088943067628,0.206577894928988,0.422718386444577,1.28939318461004,1.82656448451628
36135,"10g-100g",0.0854434440239546,0.0456328854306009,0.0682621192025889,0.111430438786251,0.136882464558275
36135,"100g-1kg",0.246227447751163,0.130070630650027,0.205966134718629,0.295059708388922,0.366977522203651
36135,"1kg-10kg",0.221326462150289,0.130404941865547,0.190916346889029,0.251954078061587,0.28279637311132
36135,"10kg-100kg",0.0114849425313143,0.00803849425428425,0.010108485145487,0.0129664437061244,0.0183607422910415
36135,">100kg",0.14402040083318,0.0617846219400593,0.112177938239751,0.292089207058385,1.27413304932896
36500,"1g-10g",0.7572321429656,0.208919375362709,0.425381656171371,1.29436971785621,1.84715581450061
36500,"10g-100g",0.0866935255435645,0.0461776729233209,0.069347403007077,0.112529750897241,0.138059002287596
36500,"100g-1kg",0.245718510726694,0.130539199314953,0.204808624412257,0.293767425516316,0.36834869619503
36500,"1kg-10kg",0.222040254170819,0.131269842776849,0.191422315293021,0.252359188572735,0.283830622426096
36500,"10kg-100kg",0.0115666644658643,0.00817238029689542,0.0101723894032694,0.0130327678159434,0.0184459133312898
36500,">100kg",0.142320492787103,0.0615450006150575,0.110596121267216,0.287317192194894,1.26958910804677
36865,"1g-10g",0.776917084928918,0.219315520731502,0.43844128688743,1.30367427872232,1.84783416160046
36865,"10g-100g",0.0882137920849587,0.0472765911867276,0.0707740121616139,0.113513400830355,0.138959083267616
36865,"100g-1kg",0.247691415375078,0.133644885578849,0.206134657180565,0.294570098321505,0.369359921983427
36865,"1kg-10kg",0.222286434576077,0.134781752304366,0.191510905614589,0.252599967539444,0.283632636650196
36865,"10kg-100kg",0.0116572564182283,0.00821207684107376,0.0102086597998668,0.0131347580857265,0.0185630798287452
36865,">100kg",0.142297221808046,0.0615652487514386,0.110635959749659,0.28725710061837,1.26691420948396
37230,"1g-10g",0.794230081303863,0.227216156172012,0.451122368675942,1.3176650736213,1.85296950472783
37230,"10g-100g",0.0898366034392609,0.048355298420994,0.0724160523125943,0.115113618856847,0.140126414483006
37230,"100g-1kg",0.250370887449821,0.136911454707965,0.208890962656619,0.296763778607515,0.371330352088314
37230,"1kg-10kg",0.222580275715916,0.137058222428269,0.192121814538674,0.252699936795925,0.283809769598926
37230,"10kg-100kg",0.0116850075202826,0.00829719197442143,0.0102595837294868,0.0132588509213149,0.0186835805095037
37230,">100kg",0.142276458590854,0.0617159066544713,0.110716807262561,0.287161497466441,1.26375062830037
37595,"1g-10g",0.797610458047673,0.229978419276535,0.458223426666567,1.31991856459224,1.84273412670464
37595,"10g-100g",0.0893524449278488,0.0487849363018048,0.0727487140934089,0.115277493856631,0.140392266721465
37595,"100g-1kg",0.254366333471961,0.139958946361485,0.212849233067581,0.299723725151558,0.374973108927148
37595,"1kg-10kg",0.223493827933556,0.138833174219638,0.192306592049911,0.252882032774561,0.28463656368892
37595,"10kg-100kg",0.0117441790605634,0.00835251741195331,0.0102937620552577,0.0133593086276862,0.0187525532578511
37595,">100kg",0.142425981798683,0.061748511400416,0.110767856854982,0.286729078055477,1.26005489931909
37960,"1g-10g",0.777927410899696,0.223334258503153,0.443540689529384,1.29039415419327,1.8173790773837
37960,"10g-100g",0.0868250154181639,0.047727400768754,0.0706388009810659,0.113336319151748,0.138762294109596
37960,"100g-1kg",0.256137802400686,0.140230153721101,0.214675312215781,0.301096614867953,0.376081124997217
37960,"1kg-10kg",0.223952811802453,0.140409319277069,0.192292785203515,0.253838125094025,0.284694533223238
37960,"10kg-100kg",0.0118026784558169,0.0084299008567127,0.0103125455189403,0.0134437574624919,0.0189632390654054
37960,">100kg",0.142430744037243,0.0618737511575896,0.110891133384013,0.286244889219649,1.25636797691985
38325,"1g-10g",0.760042765138945,0.215615631795872,0.430792378686754,1.28368746183787,1.8017579640437
38325,"10g-100g",0.0858233014116587,0.0470628316844182,0.0693712187933864,0.112061360336884,0.137877182220176
38325,"100g-1kg",0.255318641480273,0.139401780551206,0.215086873564197,0.300873084520384,0.37481359700512
38325,"1kg-10kg",0.224251114150885,0.141191418189622,0.192512766815551,0.254057241224702,0.284813978976763
38325,"10kg-100kg",0.0118793970441703,0.00850763520690737,0.0103598371277978,0.0135093980739529,0.0190519963326063
38325,">100kg",0.142433673759318,0.0619632926331751,0.110979900871253,0.285799920021868,1.25337798670056
38690,"1g-10g",0.739818889909912,0.205351306908493,0.414022633446817,1.2732996329026,1.80421171230991
38690,"10g-100g",0.0845469337311243,0.0463096096461632,0.068232409732739,0.111443875648992,0.137492544551945
38690,"100g-1kg",0.254016445806029,0.138273744035004,0.213395977283714,0.299777871031889,0.372362996811551
38690,"1kg-10kg",0.224509657930909,0.14194375379438,0.192840183283157,0.254379661344086,0.285393644251819
38690,"10kg-100kg",0.0119298635271334,0.0085745566621455,0.0104106416333923,0.0135683309556436,0.019122547722406
38690,">100kg",0.142367261641646,0.0619929516453634,0.110995463477138,0.285481616609017,1.25066454228097
39055,"1g-10g",0.746457185737987,0.204747467753201,0.41414098295682,1.27617350408687,1.81147300796318
39055,"10g-100g",0.0851687378879202,0.0464061603724938,0.0684900682052456,0.111902561277484,0.137806250905526
39055,"100g-1kg",0.25167626875538,0.137725985069829,0.211592847026899,0.297460604507829,0.370010445107606
39055,"1kg-10kg",0.224664450683378,0.14269357579815,0.193061895100477,0.254552774031386,0.285491097369
39055,"10kg-100kg",0.0119564140376292,0.008600327731769,0.0104482403239717,0.0135832008930906,0.0191056863415208
39055,">100kg",0.140163669762285,0.0616975452209021,0.109714893251665,0.280220580122583,1.24565880530803
39420,"1g-10g",0.755122840787091,0.208655458225238,0.418318394595515,1.28755446085127,1.82746042693513
39420,"10g-100g",0.0870046946810186,0.0469469497482832,0.069851156058303,0.113412460231678,0.138959115860719
39420,"100g-1kg",0.251381960843311,0.138424239243905,0.211146733642329,0.29667293260995,0.369366378123064
39420,"1kg-10kg",0.224620618176915,0.143154939580784,0.193325684244864,0.254575920174142,0.285308310495029
39420,"10kg-100kg",0.0119625635099433,0.00861489388280489,0.0104613490099911,0.0135858961816029,0.019117375018247
39420,">100kg",0.137488390397609,0.0611283429320551,0.107498551386527,0.270530489560519,1.2366042032367
39785,"1g-10g",0.762702362208107,0.210480329329205,0.423926063091356,1.28572994357383,1.82343596416988
39785,"10g-100g",0.0876115756730219,0.0470496185739186,0.0705369313318485,0.113795661318084,0.139023365075433
39785,"100g-1kg",0.251679258050094,0.139508071405699,0.211288712245358,0.296566636231971,0.369477836116899
39785,"1kg-10kg",0.22435316916115,0.143356673439001,0.193567360211706,0.254521123137548,0.28521859878133
39785,"10kg-100kg",0.0119573623490465,0.00861405219780965,0.0104601233719502,0.0135622553962925,0.0190894469796696
39785,">100kg",0.137385934136819,0.0612626961959128,0.107496455898358,0.266927233470536,1.23350960762528
40150,"1g-10g",0.76472550046973,0.209911217385072,0.426283202328909,1.285770804813,1.81768680119163
40150,"10g-100g",0.0875964228892768,0.0472534587937978,0.0708062117267932,0.113909918988206,0.138956030428134
40150,"100g-1kg",0.252399314647286,0.140236449263749,0.212224454008738,0.297507916405271,0.370079898462259
40150,"1kg-10kg",0.224268580840951,0.143542174945669,0.19360746325802,0.254384658537125,0.285185136321148
40150,"10kg-100kg",0.0119620030264211,0.00869611471575601,0.0104708353224442,0.0135607179654144,0.0189865225097514
40150,">100kg",0.13674609520917,0.061356065934807,0.10666949785698,0.265651766858251,1.22170950450684
40515,"1g-10g",0.776017931212163,0.211156783636106,0.433772016368476,1.29138496082219,1.82310862924002
40515,"10g-100g",0.0884398120063742,0.0479932740801537,0.0716337232622748,0.114787736791794,0.139542691541541
40515,"100g-1kg",0.253619956711453,0.14157175281575,0.213579781516288,0.299098696275628,0.371121979957777
40515,"1kg-10kg",0.224168018624809,0.144548614552717,0.193628247943413,0.25423836116238,0.285091123095072
40515,"10kg-100kg",0.0119651139509341,0.00869825318667432,0.0104796800039261,0.013532217084038,0.0189775836949821
40515,">100kg",0.135957156762123,0.0614829604214799,0.105665199161636,0.264262510642365,1.20794208425305
40880,"1g-10g",0.788746512530629,0.215266513771847,0.441937143906161,1.29282435009802,1.82528814591076
40880,"10g-100g",0.0891546403270179,0.0486022487580684,0.0723868964991941,0.115691688482254,0.140335600238268
40880,"100g-1kg",0.25569907987545,0.143119864682493,0.215590046709994,0.301234969583239,0.372428531984555
40880,"1kg-10kg",0.224093382328133,0.144948212468646,0.193659362766444,0.254291282941666,0.284426556163247
40880,"10kg-100kg",0.0119497267155959,0.00872123642652423,0.010492496592444,0.0135246042448904,0.0189227742985143
40880,">100kg",0.1352615500038,0.0613845393748029,0.105057977727826,0.263575141652492,1.20234771559712
41245,"1g-10g",0.790101327592677,0.21590220393826,0.44008744102746,1.2873467799515,1.8118147516173
41245,"10g-100g",0.0884160328267829,0.0484972615306892,0.0719640796097956,0.115542393852814,0.139900601727021
41245,"100g-1kg",0.258496217926738,0.144645198651577,0.217813425690913,0.303319480176663,0.373588152857064
41245,"1kg-10kg",0.224206416856549,0.145293529714514,0.193788814684011,0.254554167961969,0.284608547047342
41245,"10kg-100kg",0.0119805151475853,0.00875611570895093,0.0105427506201652,0.01354508604064,0.0189583656071073
41245,">100kg",0.134636747165887,0.0612834037600119,0.104450732171252,0.261056870876976,1.19858348645872
41610,"1g-10g",0.777685247560047,0.211770255380963,0.431506653018682,1.28445944644618,1.80544008038111
41610,"10g-100g",0.0873349519476328,0.0482834329887879,0.0711166218365914,0.114854863723388,0.139316307101438
41610,"100g-1kg",0.259817122767361,0.145840767218407,0.219426392742568,0.30501067799476,0.374445872878609
41610,"1kg-10kg",0.224373057464971,0.14686422056541,0.193899663217354,0.254269952830169,0.284801519437447
41610,"10kg-100kg",0.0120067741897486,0.0088219649358336,0.0105789124923511,0.0135555877486721,0.0188666823015863
41610,">100kg",0.134058164783437,0.061093716039856,0.103877483662931,0.25797876305299,1.19534263975016
41975,"1g-10g",0.773517203435981,0.208174777903167,0.425925606714932,1.28025204644011,1.80750443559519
41975,"10g-100g",0.0872675382024671,0.0480793281911512,0.0708342848512314,0.114957967375028,0.139633507988405
41975,"100g-1kg",0.260567392020265,0.146742476166372,0.220335653240611,0.305818183117274,0.374731887066659
41975,"1kg-10kg",0.224890830873135,0.147658341456582,0.194193298174826,0.254288019192259,0.284973010038521
41975,"10kg-100kg",0.0120438359878619,0.00888626877641372,0.0106087017407518,0.0135884865137788,0.0188655461517723
41975,">100kg",0.13384005770863,0.0610531069178701,0.103486773962001,0.25581555687729,1.19273230562293
42340,"1g-10g",0.756644366254366,0.202844059777558,0.414982796900324,1.27249750768423,1.79940732631223
42340,"10g-100g",0.0860409836454431,0.0472291848185466,0.0695783966350646,0.11390253696131,0.138921225260263
42340,"100g-1kg",0.259637247107483,0.145730145199404,0.21943559008558,0.305133757162865,0.374587468002843
42340,"1kg-10kg",0.225378085980799,0.148602874284997,0.194589771062436,0.254382004904135,0.28507260557556
42340,"10kg-100kg",0.0120729431657973,0.00894479990664203,0.0106415044725242,0.0136294771412194,0.0189309190345585
42340,">100kg",0.132996917515268,0.0608451385534246,0.103384012831932,0.251490233450158,1.18926014331154
42705,"1g-10g",0.742511026317778,0.196700715448815,0.404560664457473,1.26114091147764,1.79481509298865
42705,"10g-100g",0.0848536428312262,0.0462438482520289,0.0680388082164687,0.112372023231911,0.137859087517421
42705,"100g-1kg",0.256152460538196,0.141517595102572,0.215982363292793,0.302676087190073,0.372612851544286
42705,"1kg-10kg",0.225701476004942,0.149213002748139,0.194763937932494,0.254606271679737,0.284823607125002
42705,"10kg-100kg",0.0120826069472994,0.00894554053665225,0.0106531232415461,0.0136228677623117,0.0189100741685979
42705,">100kg",0.132902982526098,0.0608367168920239,0.103506912634564,0.250706276491402,1.18751017012513
43070,"1g-10g",0.729856033921441,0.191462967218318,0.395671026161693,1.25469211553341,1.79227703984873
43070,"10g-100g",0.0839497659947271,0.0452320935544121,0.0669651708490769,0.111174336063508,0.13705215528323
43070,"100g-1kg",0.2521054575701,0.136581601582987,0.211343959393984,0.298228838360635,0.370268826282455
43070,"1kg-10kg",0.225683899916774,0.149206291333625,0.194817126109032,0.25462818116341,0.284635593615674
43070,"10kg-100kg",0.0120771151686655,0.00892070318213572,0.0106441405245332,0.0136298932049986,0.0189217923201954
43070,">100kg",0.132513988088225,0.0607609608792436,0.103300423432195,0.248503377015845,1.18450559183612
43435,"1g-10g",0.746254276676721,0.193822927193864,0.404185387517407,1.27088612023421,1.82007600062465
43435,"10g-100g",0.085723175296521,0.0459033600161703,0.068271599950748,0.112585299065237,0.138430384360092
43435,"100g-1kg",0.249096633323638,0.135897462114291,0.208474918786355,0.295630055524684,0.367843934499466
43435,"1kg-10kg",0.225561083416021,0.149553834841628,0.194656319510933,0.254541802877865,0.284354894541141
43435,"10kg-100kg",0.0120505726177024,0.00887851607404952,0.0106119361452396,0.0136193947549439,0.0188875965564913
43435,">100kg",0.131560727562194,0.0606820710587053,0.102594414140018,0.246069887090271,1.18100352305102
43800,"1g-10g",0.759265869935958,0.19791263918482,0.408098517739832,1.28306899165404,1.83957873536303
43800,"10g-100g",0.0870301753476083,0.0464177335741896,0.0694563089278763,0.113774515453122,0.139943616235893
43800,"100g-1kg",0.248631895727502,0.135812430390985,0.207265472541717,0.294880066234611,0.367572534761151
43800,"1kg-10kg",0.225165137957086,0.14977434366176,0.194237604549035,0.254401306505227,0.283989625873235
43800,"10kg-100kg",0.0120148981469787,0.00883114714513224,0.0105742901622455,0.0135776899990983,0.0187668821297428
43800,">100kg",0.130943705620536,0.0606225403228562,0.102434068531533,0.24442063435722,1.17815810248754
44165,"1g-10g",0.774751648224447,0.205678978441035,0.423447877585018,1.29370077998079,1.8423201085055
44165,"10g-100g",0.0886503195818195,0.0473381099855423,0.0709365183605604,0.1152621479834,0.141478260375068
44165,"100g-1kg",0.249799271461903,0.138578313228847,0.20857375913575,0.295762725052665,0.369230358339332
44165,"1kg-10kg",0.224591399559076,0.150061345627289,0.193658673771137,0.253894168193042,0.283493428532169
44165,"10kg-100kg",0.0119542462206104,0.00876708769045541,0.0105280264351951,0.0135205620737543,0.0187436955442443
44165,">100kg",0.130896500145678,0.06065076444887,0.102527098108836,0.243686120276807,1.17654292788185
44530,"1g-10g",0.791724753363824,0.21155181116631,0.438667836677052,1.30482038542632,1.85150520489827
44530,"10g-100g",0.0902538381166918,0.0488246600497199,0.0726516908771768,0.116874433557394,0.142647968219882
44530,"100g-1kg",0.253564754481456,0.142075039179469,0.211674735482788,0.298274599118519,0.371870323466789
44530,"1kg-10kg",0.224028965533621,0.150179332923195,0.193190104573155,0.253606063667443,0.283151913834209
44530,"10kg-100kg",0.0119103003430938,0.00872136192894027,0.0104833618654236,0.0134947612918551,0.0187244817894158
44530,">100kg",0.130889211737631,0.0606670415377294,0.102551527707085,0.242413823117612,1.17467377507468
44895,"1g-10g",0.797743830673056,0.216377622859207,0.443515127328781,1.30571179796576,1.84551375390845
44895,"10g-100g",0.0903336474535428,0.0492746527359234,0.0731123582030645,0.117380338775401,0.142537327847668
44895,"100g-1kg",0.258335439667698,0.146284551985375,0.216833718730304,0.303016261685233,0.376564357664133
44895,"1kg-10kg",0.223968082846251,0.150408222452192,0.192892453577436,0.253654484213454,0.283053273880059
44895,"10kg-100kg",0.0118902283666533,0.00870698266845212,0.0104580607619251,0.0134912201828301,0.0187017684870288
44895,">100kg",0.130629168206822,0.0606729354746873,0.102500301484409,0.241868902342633,1.17291811700048
45260,"1g-10g",0.772854625488425,0.209379340617096,0.428905771035459,1.28712868444135,1.81509151744776
45260,"10g-100g",0.0878453853205457,0.0479797926486235,0.0710881675795477,0.115430364338712,0.140620335485376
45260,"100g-1kg",0.260925990600785,0.146902298775073,0.21908104337341,0.306023153739565,0.378239203996985
45260,"1kg-10kg",0.223997284714729,0.150660465655701,0.192717587853225,0.253561472860453,0.283165203195699
45260,"10kg-100kg",0.0118928011422101,0.00872813404111164,0.0104731756526625,0.0134954694499943,0.0186678461891181
45260,">100kg",0.130522816665848,0.0606643190446394,0.102468740722672,0.240819328989883,1.17120554367616
45625,"1g-10g",0.756374737633505,0.203342181684812,0.417635194829285,1.27720874159602,1.80128645674646
45625,"10g-100g",0.0865722233031417,0.0476263805340627,0.0698539450658717,0.114278306305023,0.139718929651402
45625,"100g-1kg",0.261463415927834,0.146739479995597,0.220000097978448,0.306444931857972,0.377915080271488
45625,"1kg-10kg",0.224155770872092,0.150902042278033,0.192896683684294,0.253500032707713,0.283474574722262
45625,"10kg-100kg",0.0119047466377063,0.0087653370716111,0.010485915347888,0.0134959440246564,0.0186655057145912
45625,">100kg",0.13086336579178,0.0606829045056903,0.102510983733034,0.240005065060392,1.16293917662412
45990,"1g-10g",0.739858650020119,0.193742184562369,0.400495405744244,1.26590290954878,1.80336414180826
45990,"10g-100g",0.0852957035664968,0.0467342605314952,0.068621596812485,0.113740012567842,0.139215404064226
45990,"100g-1kg",0.259991604437303,0.145960225641153,0.218695503359036,0.305530096684816,0.376673334853848
45990,"1kg-10kg",0.224543204593626,0.151523576118571,0.19334729895307,0.253895012264422,0.284030049592528
45990,"10kg-100kg",0.0119453606289129,0.00880407874144245,0.0105225880738846,0.0135177913323812,0.0186870902446967
45990,">100kg",0.13082631724096,0.0606529446877222,0.102521695464805,0.239398260239011,1.1607760209631
46355,"1g-10g",0.744617276156417,0.19275530829693,0.401318467688404,1.27317976996611,1.81127325111208
46355,"10g-100g",0.0859966054396093,0.0466580312587875,0.0688300787173639,0.114027331045476,0.139355278937032
46355,"100g-1kg",0.257872381519085,0.145023252996412,0.217179659643239,0.303301487939495,0.374823215598842
46355,"1kg-10kg",0.224850824814769,0.152130131733608,0.193556301283544,0.253898568047093,0.284330682230375
46355,"10kg-100kg",0.0119571596791786,0.00882929464250679,0.0105311246940529,0.0135153788309822,0.0186799062919251
46355,">100kg",0.130463100707388,0.0606225972028739,0.102386484583218,0.237136061279906,1.15887837711581
46720,"1g-10g",0.758615447194557,0.194694179715166,0.407109389212597,1.27894586662064,1.82123897824232
46720,"10g-100g",0.0875482665438439,0.0473569174085592,0.0700716194276377,0.115332086388372,0.140954877001674
46720,"100g-1kg",0.257042655724779,0.145351900331831,0.216729449791295,0.302506034007477,0.374206569439769
46720,"1kg-10kg",0.225060479310255,0.152495777505148,0.193836612865594,0.253928704683225,0.284470740066145
46720,"10kg-100kg",0.0119594346159092,0.00885494205906785,0.0105483168311411,0.0134995370179939,0.0186662203595293
46720,">100kg",0.130562066091139,0.0606240341512464,0.102386883515634,0.236520320826635,1.15739852085102
47085,"1g-10g",0.763041062349054,0.196822605827876,0.411743555096556,1.27760402107516,1.81965187997185
47085,"10g-100g",0.0880899229944896,0.0476332252546427,0.0706145240219694,0.115311650501843,0.140909494124148
47085,"100g-1kg",0.25689915602874,0.146370175295699,0.21671826175449,0.302104640902852,0.374074903241048
47085,"1kg-10kg",0.225102471057225,0.152715816114598,0.193978970242282,0.254335270866388,0.284440856390064
47085,"10kg-100kg",0.0119370262270775,0.0088693633249993,0.0105551718187361,0.0134799949409002,0.0186515554660016
47085,">100kg",0.130708166558237,0.0606617999173944,0.102503276551649,0.235927874649526,1.15594761135274
47450,"1g-10g",0.765760855307765,0.199394515155326,0.414343436457611,1.27842174995712,1.81427475143887
47450,"10g-100g",0.0880182282823998,0.0479957066340058,0.0709345518779027,0.115361945620256,0.140668436728552
47450,"100g-1kg",0.25755080542206,0.146620012169232,0.217369559977937,0.302430648658214,0.374892978646869
47450,"1kg-10kg",0.225418405265059,0.152925109608844,0.194057173107125,0.25472175980439,0.284453324863519
47450,"10kg-100kg",0.0119294140868444,0.00888785842114891,0.0105570172200463,0.0134626593843404,0.0186259324860033
47450,">100kg",0.130657728819417,0.0606536272178676,0.102579529813444,0.234557834321199,1.15377380200943
47815,"1g-10g",0.779818457804144,0.202701136194237,0.421641707543877,1.28699064953293,1.82251892458719
47815,"10g-100g",0.0888079901672079,0.0485374838150511,0.0717935737231815,0.116183261536409,0.14100785763775
47815,"100g-1kg",0.258518500208492,0.147367450443148,0.218389668427529,0.303481931133933,0.375490909837582
47815,"1kg-10kg",0.225640528308222,0.153067537149993,0.194086338293472,0.25468883716852,0.284417279130457
47815,"10kg-100kg",0.0119180353858408,0.008886696096657,0.0105441019966481,0.0134360363291071,0.0186202411615592
47815,">100kg",0.130683248504492,0.0606652688239222,0.102625827750686,0.234283016800052,1.15130788272255
48180,"1g-10g",0.794565922740911,0.208063937848006,0.429847490690724,1.29051914336743,1.82266085229395
48180,"10g-100g",0.0896838733464889,0.0497064705750694,0.0727652835955721,0.11687758584185,0.141697912809925
48180,"100g-1kg",0.260242483900714,0.148454492337581,0.220306706045697,0.305337443337857,0.376622681949443
48180,"1kg-10kg",0.225807950301757,0.153353759411916,0.194162319428607,0.254274772868199,0.284444862552405
48180,"10kg-100kg",0.0118988738116147,0.00889522982257842,0.0105570484773664,0.0134255405905691,0.0186197964185647
48180,">100kg",0.129766509649453,0.0604449235741595,0.10229211085538,0.22640509336695,1.00772254669502
48545,"1g-10g",0.798514837294378,0.208709993332238,0.429121186914952,1.28776725497159,1.80971811569428
48545,"10g-100g",0.0890283141741876,0.0500130819425666,0.0727659950492903,0.116612418284308,0.141348765795994
48545,"100g-1kg",0.262345471345187,0.149591085317544,0.222812925825889,0.307951803821959,0.378413226044435
48545,"1kg-10kg",0.22607016108242,0.153635440275269,0.194405054378501,0.254655534619018,0.284670694457534
48545,"10kg-100kg",0.0119206575771475,0.00894286496685216,0.0105827368451266,0.0134351290946218,0.0186361346122708
48545,">100kg",0.128793725375055,0.0601578293031146,0.101899947058108,0.214535843963772,0.834156670416194
48910,"1g-10g",0.794144321248714,0.204282230269782,0.422998352303903,1.28772386108805,1.80606982624687
48910,"10g-100g",0.0880692161496016,0.0498676221219963,0.0720423886155583,0.116399764752434,0.140570801309751
48910,"100g-1kg",0.263647927660984,0.150135613787346,0.223882006482473,0.309687387747341,0.379330505715877
48910,"1kg-10kg",0.226388257935156,0.154033090776159,0.194888726327472,0.2549379080279,0.284957700995557
48910,"10kg-100kg",0.0119520480499879,0.00899807139931642,0.0106103168131003,0.0134681153302746,0.0186641184805764
48910,">100kg",0.128379373198116,0.0600298320201187,0.101590178423842,0.204293581234574,0.796035752892602
49275,"1g-10g",0.789417693071192,0.201044424414919,0.415781715759564,1.28404809839287,1.79787602503755
49275,"10g-100g",0.0883140599831603,0.0501705658831962,0.0718444997955267,0.116735252574949,0.140826431890971
49275,"100g-1kg",0.264216588583707,0.150521263585421,0.22439154856549,0.310861955030122,0.379026421611394
49275,"1kg-10kg",0.22668021993052,0.154354658991955,0.19525469083512,0.255300278353411,0.285156976418015
49275,"10kg-100kg",0.0119726849527908,0.009038920870513,0.010640140883244,0.0134755581543885,0.0186855537761904
49275,">100kg",0.128257640916751,0.0594346834384316,0.101548519404906,0.201049558208339,0.759255684638072
49640,"1g-10g",0.769301820653946,0.195916693091391,0.402250252555204,1.26671428151313,1.78119394278434
49640,"10g-100g",0.0872373973553122,0.0492906830713651,0.0707538431357838,0.115717614598195,0.140185605589488
49640,"100g-1kg",0.263230941583384,0.149581654056037,0.222498741806654,0.310356133191619,0.379237072890908
49640,"1kg-10kg",0.227006910422486,0.154751152587857,0.1956959503201,0.25573037269542,0.285502280262059
49640,"10kg-100kg",0.0119984459752303,0.0090786141664718,0.010677005820364,0.0134962076280866,0.0187141790814776
49640,">100kg",0.128099530549255,0.0593865095091159,0.101537067403609,0.198243130432096,0.755452442079282
50005,"1g-10g",0.732772594152828,0.188745505555835,0.383989732086396,1.2375553092383,1.74756739767664
50005,"10g-100g",0.0860623591424698,0.0483626367664653,0.0693560892060555,0.114032643823178,0.138575423339181
50005,"100g-1kg",0.259567725169735,0.145199568975147,0.218760652473319,0.307211383291723,0.376568366908526
50005,"1kg-10kg",0.227265229391801,0.154709006158686,0.195785854311164,0.255795203974697,0.2854526553263
50005,"10kg-100kg",0.0120016686756557,0.00907593279719764,0.0106813627297223,0.0134971033044671,0.0187186517968191
50005,">100kg",0.12722617496335,0.0593178676247386,0.101389824231851,0.191275007559165,0.7236292029509
50370,"1g-10g",0.669212414421349,0.171183122795531,0.359098692347123,1.19803203928855,1.72241708173898
50370,"10g-100g",0.0851151479441163,0.0477077677825312,0.0685534641506965,0.112724208375866,0.137482810676423
50370,"100g-1kg",0.255004418249494,0.139914672702057,0.213523439280301,0.303461103028545,0.37256827201073
50370,"1kg-10kg",0.227097103235485,0.154600964713666,0.195668803039819,0.256057371286701,0.285136826958762
50370,"10kg-100kg",0.0119937488790999,0.00904391602456499,0.010660447919315,0.0134905526980365,0.0187329551633478
50370,">100kg",0.126939441699583,0.0589892635008845,0.101257857503326,0.18336998376781,0.705109139521055
50735,"1g-10g",0.631413573945291,0.149421723868467,0.34756932479651,1.18196702601608,1.71330308083373
50735,"10g-100g",0.0868631183577087,0.0485227074069694,0.0696121887526165,0.114075224268202,0.13923443496924
50735,"100g-1kg",0.251068938353376,0.13868475768796,0.210226610477079,0.300145298848154,0.371096328193256
50735,"1kg-10kg",0.226975549999458,0.154383776547559,0.195364414290208,0.25551419803587,0.284774284049196
50735,"10kg-100kg",0.0119666497573838,0.008990252872715,0.0106125002631075,0.0134645435134895,0.0187118542368016
50735,">100kg",0.126455050034245,0.0589390404578573,0.101138238670288,0.18015196411769,0.696657793155032
51100,"1g-10g",0.666821342781291,0.154444133201699,0.359911233901397,1.21522549659012,1.74559634252879
51100,"10g-100g",0.0881701112425886,0.0490443398334526,0.0706975256220121,0.115168529665198,0.140513418854718
51100,"100g-1kg",0.249392075493306,0.138673685087229,0.208619931689215,0.297265119586221,0.370572538697493
51100,"1kg-10kg",0.22684663633049,0.154148800120329,0.194922337112915,0.255042543417281,0.284189728201224
51100,"10kg-100kg",0.0119088561468688,0.00889827620681633,0.0105754927373915,0.013420769040972,0.0186850913241049
51100,">100kg",0.125646586092769,0.058529990693967,0.100796868255756,0.175591406644784,0.689814465988753
51465,"1g-10g",0.709776438665404,0.159756538826312,0.366579368959034,1.24327445390636,1.77122768654059
51465,"10g-100g",0.0880536534345809,0.0490066889410283,0.0708024757334313,0.115519790891786,0.140485934066692
51465,"100g-1kg",0.249154709177453,0.139758124770293,0.20870127122347,0.297127503876961,0.372030140119788
51465,"1kg-10kg",0.226550902043234,0.153721901368822,0.194365800388837,0.25462792461151,0.283878085762103
51465,"10kg-100kg",0.0118394010519118,0.00884180356907209,0.0105316817725741,0.0133839347504648,0.0186394929697408
51465,">100kg",0.125099536409594,0.0585289394254625,0.100712549514641,0.173607858498903,0.686916444876352
51830,"1g-10g",0.7355431951194,0.160306941239857,0.367434686561282,1.26487239543694,1.79004664619323
51830,"10g-100g",0.0884481139515345,0.0494800873654209,0.0711531371285011,0.116355610007834,0.141550927976814
51830,"100g-1kg",0.250236113091546,0.140940003815029,0.209935335051494,0.298938296978947,0.37374835225436
51830,"1kg-10kg",0.226060363412845,0.153243059186141,0.193401435734683,0.254156603280509,0.283569843803546
51830,"10kg-100kg",0.0117840158935407,0.00873624555373936,0.0104747431892139,0.0133523856901496,0.0186334613996219
51830,">100kg",0.125038308379682,0.0584973238005234,0.100757812403854,0.173031576615919,0.68245403055062
52195,"1g-10g",0.758056549139549,0.16439850908828,0.378568014768636,1.28544316944059,1.81615461099874
52195,"10g-100g",0.0902214998956117,0.0504959050935287,0.0727607645377418,0.118321224577824,0.143505909313865
52195,"100g-1kg",0.253237874100713,0.144154487842463,0.213007952573934,0.301954206065143,0.376572305890414
52195,"1kg-10kg",0.225555233871478,0.152924641036377,0.192525823194122,0.253608000615579,0.283211025624341
52195,"10kg-100kg",0.0117418403599284,0.00870378417306393,0.0104207524795073,0.0133242500348663,0.0184123461757342
52195,">100kg",0.124787152182585,0.0585892547324625,0.100791942443558,0.172679624197593,0.680985347679046
52560,"1g-10g",0.767952795878327,0.164696637783507,0.377791165437689,1.28780787426272,1.81858483437275
52560,"10g-100g",0.0896728602513181,0.0503556132330128,0.0723832018204131,0.118247608463957,0.14359428317431
52560,"100g-1kg",0.256280908074124,0.145175350811943,0.215653982655193,0.305102300518086,0.379353707145344
52560,"1kg-10kg",0.224789169670415,0.152546044653112,0.192030068767833,0.253120031994929,0.283148520083033
52560,"10kg-100kg",0.011720344672882,0.00867855007068154,0.0103900517458605,0.0133121356053234,0.0184085716086316
52560,">100kg",0.124778277755091,0.058649930207861,0.100794440818107,0.172532332972912,0.677861799764825
52925,"1g-10g",0.775486751796777,0.164833743574432,0.378817131721262,1.29406743573969,1.82434501482307
52925,"10g-100g",0.0884751370446336,0.0497649683417452,0.0715047338749791,0.11720458630581,0.141827227206386
52925,"100g-1kg",0.257914782081884,0.144332299443476,0.216684525348152,0.306568836193854,0.380524163622107
52925,"1kg-10kg",0.22431395013867,0.152240109772097,0.19153848563037,0.25287066479072,0.282963561933406
52925,"10kg-100kg",0.0117159696297029,0.00867230156439771,0.010384909285904,0.0133024230484785,0.0184052874895286
52925,">100kg",0.124762001486021,0.0587210887113177,0.100835419056977,0.172434151838904,0.675795103590165
53290,"1g-10g",0.773722811407592,0.163152248640838,0.370625151414711,1.29345847815931,1.82317489146276
53290,"10g-100g",0.0871659853073159,0.0488185580599234,0.0701790088839293,0.11610077969329,0.14115185425693
53290,"100g-1kg",0.258049806975468,0.142505378301395,0.216095815835901,0.305973594067131,0.379576920677567
53290,"1kg-10kg",0.224051575868623,0.151985582420745,0.191304854352583,0.252698447587047,0.28302250020156
53290,"10kg-100kg",0.0117215512261296,0.00867469516464638,0.0103858037842722,0.0133167340930739,0.0184672459850074
53290,">100kg",0.124708722225151,0.0587078415223209,0.100870919614449,0.172584722520809,0.674127197901718
53655,"1g-10g",0.763768678547675,0.163596218070527,0.370935079816704,1.2927632400205,1.82455661789027
53655,"10g-100g",0.0869483234469843,0.0484871857493472,0.0699469282499225,0.11580581571006,0.1408638488876
53655,"100g-1kg",0.255622177986381,0.139248478156873,0.213443301528734,0.303609800490768,0.376966463265593
53655,"1kg-10kg",0.224106574324247,0.151822296116254,0.190959583575538,0.252543607840818,0.283248585186252
53655,"10kg-100kg",0.0116970866995577,0.00863557862843739,0.0103676160718511,0.0132877412379059,0.0186138920045139
53655,">100kg",0.12458417678355,0.0587045156249574,0.100871373580604,0.172427867227904,0.669419719928478
54020,"1g-10g",0.774608697324514,0.166472825843109,0.378241151945538,1.30610530730705,1.83667785722102
54020,"10g-100g",0.0881383825380692,0.0488389431481649,0.0707734525978867,0.116243757927171,0.141913158651596
54020,"100g-1kg",0.253587955230825,0.138252076693915,0.211461305387587,0.301104291956671,0.374728467145379
54020,"1kg-10kg",0.223870520408737,0.151366085770294,0.190560958687354,0.252595407714344,0.283333711672758
54020,"10kg-100kg",0.0116721471735846,0.00860476051217403,0.0103424070829594,0.0132576209393412,0.0185885404072949
54020,">100kg",0.124516574103577,0.0587103152496061,0.100977802327483,0.172436370235088,0.669078224345985
54385,"1g-10g",0.794900282362436,0.175840695272526,0.401204375687801,1.33415935374383,1.86630393461284
54385,"10g-100g",0.0908871366711089,0.0503691518102344,0.0732929062099711,0.118718528043258,0.14379254146664
54385,"100g-1kg",0.254252775595642,0.141731078402677,0.213262351952477,0.301837758087378,0.375250378947909
54385,"1kg-10kg",0.223228820108327,0.151121730507133,0.190340653380903,0.252684780260802,0.283452852127742
54385,"10kg-100kg",0.0116553860700423,0.00859813170755525,0.0103400278561421,0.0132395262558265,0.0185749660801157
54385,">100kg",0.124482016854268,0.0587275548157453,0.101002119558504,0.172311732318982,0.669174905527733
54750,"1g-10g",0.809535454521243,0.180955455303631,0.410390799974909,1.34440300564939,1.86856368053025
54750,"10g-100g",0.0914590918569707,0.0514325467619989,0.0741147486309526,0.119969729454804,0.144711859075744
54750,"100g-1kg",0.257387185281407,0.145129564184398,0.216393780618647,0.304024360011468,0.3777695923706
54750,"1kg-10kg",0.223426296478942,0.15118476112044,0.190039570207918,0.252694276131274,0.283477583110336
54750,"10kg-100kg",0.0116654370353667,0.0086058215482606,0.0103487540842663,0.0132265617917922,0.0185723133040541
54750,">100kg",0.124409683365993,0.0587421333887057,0.100999322089505,0.172189492605121,0.667603256778424
55115,"1g-10g",0.796295560909076,0.184313120546848,0.411096672122598,1.32803819209505,1.8414006563466
55115,"10g-100g",0.090408975781776,0.0510863362500044,0.0735956030685825,0.119142724047478,0.14346380133464
55115,"100g-1kg",0.259411897247719,0.145850334728227,0.216885731672891,0.305359339233102,0.380482565264854
55115,"1kg-10kg",0.2241777045961,0.15115184267417,0.18987561255897,0.252931685139252,0.28327119857536
55115,"10kg-100kg",0.0116711171864424,0.00860620615286629,0.0103584398389912,0.0132165318047642,0.0185724609458552
55115,">100kg",0.124407996211972,0.0587581014424537,0.101054725308388,0.172236858067413,0.665778040774817
55480,"1g-10g",0.792251832479462,0.185420945572719,0.4188989150843,1.32914186999079,1.83811041531055
55480,"10g-100g",0.0913592771680797,0.0519183582905506,0.0743951081636151,0.119551481744587,0.143757233781445
55480,"100g-1kg",0.261375482573128,0.147399224333459,0.219450885550615,0.306953280930614,0.380286020976654
55480,"1kg-10kg",0.224080263031432,0.151020497682509,0.189956816841152,0.253143795975944,0.282940439989072
55480,"10kg-100kg",0.011670611158334,0.00860270223654259,0.0103423004308135,0.0131853160191707,0.0185597196594032
55480,">100kg",0.124412640720003,0.0587754156002601,0.101015280351852,0.171949627088554,0.663350960078271
55845,"1g-10g",0.811835928661642,0.190574639735782,0.433506644212759,1.34330000968799,1.85168126993732
55845,"10g-100g",0.0931483728602659,0.0533766848976581,0.0759513346139141,0.121279486710644,0.145292950589779
55845,"100g-1kg",0.264337239313544,0.151255697007491,0.223110659611962,0.309358679116181,0.382142364932878
55845,"1kg-10kg",0.224524720051621,0.151191802890126,0.190358395281047,0.25376375019679,0.283469813444085
55845,"10kg-100kg",0.0116957342355779,0.00865995310457636,0.0103806368832223,0.0131838309982333,0.0185907816880793
55845,">100kg",0.124377204467194,0.0588098937314187,0.101035784808214,0.171780790707597,0.66265279031263
56210,"1g-10g",0.828175495838996,0.198828256580002,0.439786958894694,1.35202170330302,1.84779160100621
56210,"10g-100g",0.0930570504697934,0.0537068299945235,0.0761207880868196,0.121711004539187,0.145421483872147
56210,"100g-1kg",0.268408687015491,0.155224150687853,0.227418197828013,0.312862448286916,0.385820287012506
56210,"1kg-10kg",0.225368453683506,0.151869804013138,0.191058375831753,0.25478426239849,0.284933137166748
56210,"10kg-100kg",0.0117624034320787,0.00871327687639402,0.0104421460181328,0.0132332522059306,0.0186088084523116
56210,">100kg",0.124324397348664,0.05881119299019,0.100958034441151,0.171690379107002,0.6619412717542
56575,"1g-10g",0.823306671986899,0.198181396914464,0.441181665957217,1.33973651731509,1.82978684913126
56575,"10g-100g",0.0923121057911691,0.0536738003677174,0.0757641527276731,0.121338734199521,0.144744531616989
56575,"100g-1kg",0.27218151728357,0.158231241072083,0.230878917985816,0.316409065516924,0.388165402943912
56575,"1kg-10kg",0.22599112663495,0.152427806033425,0.191999834101442,0.255475093996519,0.285560864052225
56575,"10kg-100kg",0.0118295734026337,0.00880656358440455,0.0105130369949686,0.0132791659118949,0.0187022119704423
56575,">100kg",0.124224919398229,0.0588421205658901,0.100939726376577,0.171562656241626,0.66113439827432
56940,"1g-10g",0.81519030848516,0.193936732163249,0.437804794304868,1.3271373537895,1.81141622943555
56940,"10g-100g",0.0912584296472845,0.0530669863259767,0.0749542510690287,0.120256094550173,0.143804795314502
56940,"100g-1kg",0.272338130615194,0.157348998661285,0.232125526996845,0.317713480908631,0.388167776401453
56940,"1kg-10kg",0.226756335398521,0.153388174118913,0.192952788869279,0.256501383819802,0.28647577676045
56940,"10kg-100kg",0.0119032061608524,0.00889077577080753,0.0105941856422247,0.0133416458752374,0.0188337980805075
56940,">100kg",0.124258021557551,0.0588370880885469,0.100899783757721,0.171444333739098,0.658906801461689
57305,"1g-10g",0.816384708158193,0.193700048455009,0.438878900028367,1.32415367707178,1.81134880142471
57305,"10g-100g",0.0914291237923119,0.0530244694840389,0.0750320863412262,0.120233336794315,0.143521108800055
57305,"100g-1kg",0.272557885312682,0.158019506229848,0.232454398211645,0.317724452882505,0.38650552057236
57305,"1kg-10kg",0.227891908881436,0.154224740976708,0.194174436051633,0.257343733777248,0.287452399921978
57305,"10kg-100kg",0.0119688684145584,0.00898012813005741,0.0106720508801709,0.0133804359160925,0.018925161765749
57305,">100kg",0.124276284844962,0.0588652069867571,0.100987077694272,0.171588969199442,0.657885417742742
57670,"1g-10g",0.817069860048461,0.196826145772959,0.440294420545818,1.32068749498336,1.80493609040386
57670,"10g-100g",0.0909863296608185,0.0528590885597259,0.0748123301377029,0.119754866738014,0.142859022747747
57670,"100g-1kg",0.2714034058638,0.156750126695396,0.231620425579031,0.317070396463437,0.384859131353229
57670,"1kg-10kg",0.229008064842079,0.154967109090653,0.195134828540716,0.258421361854573,0.287651297107853
57670,"10kg-100kg",0.0120346978384611,0.00906565144661806,0.0107611515008953,0.0134196598648364,0.0189553479338819
57670,">100kg",0.12433321073355,0.0588598513095057,0.101039967290502,0.171154847083496,0.656167869013017
58035,"1g-10g",0.802822481543234,0.195198459476519,0.432065733121781,1.31485751736003,1.79520279617711
58035,"10g-100g",0.0893675213019059,0.0518635401827903,0.0733616708068033,0.118327725037806,0.141527536100138
58035,"100g-1kg",0.268880189416024,0.153172383014821,0.229047237129803,0.315516037286434,0.383254471166002
58035,"1kg-10kg",0.229861710059794,0.155727358101426,0.196183627786399,0.259316626484001,0.289429856539699
58035,"10kg-100kg",0.012088858769323,0.0091533950233131,0.0108240147458032,0.0134773766445752,0.0189752303807088
58035,">100kg",0.124382161005098,0.0588573064185957,0.101119257074176,0.171260458089977,0.654906721218466
58400,"1g-10g",0.77803510144438,0.186470432983605,0.413126326054418,1.29103493172471,1.78128284641674
58400,"10g-100g",0.0865208121436981,0.050397007059829,0.0709420244340838,0.116280572741184,0.139863425272148
58400,"100g-1kg",0.265175077971737,0.150521983737859,0.224958647357124,0.312742458284976,0.38196659023199
58400,"1kg-10kg",0.230725962859653,0.156540929357041,0.197090296500318,0.260142776658651,0.290193544954643
58400,"10kg-100kg",0.0121362380143628,0.0092128845633924,0.0108639426304151,0.0135357021779476,0.0190623746723416
58400,">100kg",0.124398609232486,0.0588365944810275,0.101209630935254,0.171094062555606,0.652952006537509
58765,"1g-10g",0.774369665509247,0.182278572800731,0.405958471791129,1.29161652104957,1.79512849172698
58765,"10g-100g",0.0860095557515909,0.049725414258183,0.0702460862915964,0.115895710853708,0.139892801632625
58765,"100g-1kg",0.260232111139693,0.146482273900743,0.219944914201924,0.307971501448882,0.378227790658396
58765,"1kg-10kg",0.231279132207646,0.156932550645504,0.19769582334647,0.260485074254339,0.290231571661164
58765,"10kg-100kg",0.0121299597494846,0.00921899025158686,0.0108767178177208,0.0135476689659814,0.0190768835703086
58765,">100kg",0.12436444369895,0.0588256192103621,0.101299735770174,0.171249949281926,0.652357093035863
59130,"1g-10g",0.763265027914141,0.177130061276646,0.391052538126744,1.29198458324973,1.80760153434321
59130,"10g-100g",0.0852596152351219,0.0485648200058345,0.0688275362199254,0.115240554431044,0.140221178043424
59130,"100g-1kg",0.254831755496702,0.142634695441891,0.214160858053494,0.303472219910805,0.37702228326076
59130,"1kg-10kg",0.231170480402777,0.157032499949509,0.198005575716354,0.260530297422116,0.290058338234391
59130,"10kg-100kg",0.0121133144677953,0.00920645995757633,0.010847662842377,0.0135526021588282,0.0190518181973273
59130,">100kg",0.124279578549929,0.0587931250075983,0.101366333720641,0.171396266205016,0.649320164428252
59495,"1g-10g",0.76935731679256,0.179991194231821,0.396844122432123,1.29179239125363,1.82103379519197
59495,"10g-100g",0.0869521643619193,0.0489027934292267,0.0696236011455175,0.115718910995628,0.140900543237649
59495,"100g-1kg",0.25119536389696,0.139806396575917,0.209865060078541,0.298891261778728,0.374870582490356
59495,"1kg-10kg",0.230772404731412,0.156487223036516,0.197640369793374,0.259921728670061,0.289652619184712
59495,"10kg-100kg",0.0120283003308467,0.00909652518391514,0.0107550179644567,0.0134492199239456,0.0190277293194964
59495,">100kg",0.124021305063526,0.0588123977249549,0.101075968746546,0.171533198037053,0.643997277260562
59860,"1g-10g",0.78483763152503,0.188726568183118,0.41497032454567,1.32465060867313,1.85657787712206
59860,"10g-100g",0.0904888990608908,0.0508185187090493,0.0723122190202673,0.1182858000686,0.143524143382029
59860,"100g-1kg",0.250043008035888,0.141101433497437,0.208804900559963,0.297394658237948,0.374652602375833
59860,"1kg-10kg",0.230153185695667,0.155681747610731,0.197080476002845,0.259288804233492,0.288966276899208
59860,"10kg-100kg",0.0119354863789819,0.00899483400002151,0.0106511476148059,0.0133590196176672,0.0189842071367696
59860,">100kg",0.124026128410226,0.0588120803745867,0.101042882150693,0.171653618517864,0.642367946976719
60225,"1g-10g",0.799007889063139,0.194735697367664,0.420282462405271,1.33644089618412,1.86017765259954
60225,"10g-100g",0.0909266379067989,0.0514595001275303,0.072960520165582,0.118868562685444,0.14404946615008
60225,"100g-1kg",0.251731995120011,0.142222500847716,0.210013304844507,0.298826872337262,0.378972717282572
60225,"1kg-10kg",0.229192593461827,0.155029126769006,0.196344050187712,0.258600339711423,0.288336315622485
60225,"10kg-100kg",0.0118370826848823,0.00890946456706884,0.0105343861162059,0.0132936477185936,0.0189635955857069
60225,">100kg",0.124030992138452,0.0579482270215584,0.100936298204429,0.171766621119734,0.640947728521491
60590,"1g-10g",0.792029523693905,0.196115653062077,0.420768487866785,1.32264219442813,1.83883085860808
60590,"10g-100g",0.0897208390109444,0.0511786721660364,0.0724035193411012,0.117801996242603,0.142889408826681
60590,"100g-1kg",0.25345943658841,0.142484298812278,0.211568483627901,0.300810948140006,0.381090191226863
60590,"1kg-10kg",0.228533773344779,0.154150071967831,0.195347440873251,0.257823137559895,0.287627555700006
60590,"10kg-100kg",0.0117407375239228,0.00881438576571855,0.0104266917636514,0.0131887879554032,0.0188462754446483
60590,">100kg",0.123504631318875,0.057348103743677,0.100628132457143,0.171551045493819,0.628923391288456
60955,"1g-10g",0.776489401163233,0.188427747078181,0.404014160800954,1.31107235901166,1.82598296872042
60955,"10g-100g",0.0875048613908114,0.0499105762879977,0.0705276481169963,0.116302269408855,0.141334496370583
60955,"100g-1kg",0.253848591722144,0.141227816775551,0.211239032195538,0.300910382468707,0.382996547042459
60955,"1kg-10kg",0.22805008717273,0.153482775788376,0.194476368886875,0.257344402761549,0.287121557711199
60955,"10kg-100kg",0.0116719509054626,0.00874239204700461,0.0103625976247639,0.0131715809008856,0.0187979223309376
60955,">100kg",0.123435042935816,0.0573169020734453,0.100706204496018,0.171594545546162,0.628049450032775
61320,"1g-10g",0.776864448119257,0.184369727804626,0.398995833743998,1.31038176676702,1.83708751193779
61320,"10g-100g",0.0871923111809439,0.0494765723875591,0.0703068676005617,0.116065040232352,0.141356834458722
61320,"100g-1kg",0.25327522926102,0.140644233749271,0.210666293859682,0.300797380206641,0.38376841841273
61320,"1kg-10kg",0.227348354737684,0.152869787226004,0.193608157297881,0.256676322497474,0.286704852583768
61320,"10kg-100kg",0.0116204208866206,0.00866184282471572,0.0103003350903243,0.0131205885999662,0.0187208520604231
61320,">100kg",0.123127001631521,0.057063811784673,0.100245634534281,0.170773171668718,0.624920256600144
61685,"1g-10g",0.791383440224908,0.188124640130553,0.411067987070613,1.33557268175029,1.8704230952038
61685,"10g-100g",0.090031113679339,0.0508170808329583,0.0723544029908778,0.118559821420201,0.143798875456085
61685,"100g-1kg",0.253875589435493,0.141599358336488,0.211745068060977,0.301566745161119,0.382495592630196
61685,"1kg-10kg",0.226894738361784,0.15243921436047,0.192930093231554,0.256066175967527,0.286815886616829
61685,"10kg-100kg",0.0115920995790425,0.00861744768388109,0.0102511647641733,0.0130862200876797,0.0187056351073713
61685,">100kg",0.123141196061672,0.0566008263007978,0.100241976658779,0.170644201888215,0.623454220161848
