"Year","Species","n","min_t","q05_t","q25_t","median_t","q75_t","q95_t","max_t","ObsBiomass_t"
1841,"mesozooplankton",2111,4639989.47579938,8115071.60618766,12352904.5021073,16888694.125059,19980297.2393988,24118062.6054459,28093905.4845567,NA
1841,"other krill",2111,179690.527304362,1350073.34587315,5028275.0529362,11152673.4455988,30452966.6671886,77651546.9150545,126700598.203348,NA
1841,"other macrozooplankton",2111,1441416.30021724,7506904.69314501,14455399.577549,17942596.3136983,21914542.4992479,27149244.0836739,37055942.7367574,NA
1841,"antarctic krill",2111,149569.523178143,1998946.6050322,7068994.16436447,12805936.2567954,23987734.8407346,36172145.7576294,57553117.3244909,NA
1841,"salps",2111,106840.873841188,382432.253764122,806915.182423304,1044140.61917727,1524073.0453019,2053032.33657234,2883622.02821722,NA
1841,"mesopelagic fishes",2111,40215.8456258288,524263.605850491,1211500.26799376,1741167.46985023,2589579.53826737,3559749.4845083,4644766.26011625,NA
1841,"bathypelagic fishes",2111,341458.010133773,944429.634764478,1612325.86400084,2354802.67098407,3258018.11548146,4477585.99775894,7666947.2743028,NA
1841,"shelf and coastal fishes",2111,1121405.69538104,2463916.98753332,4203450.55453601,4876612.19320052,5551583.05009586,6277238.80033705,7574611.61051149,NA
1841,"flying birds",2111,3964.8992367295,5439.66799404783,5948.24331014174,6027.32203833424,6133.60529587199,6337.25416462668,6640.46016859654,NA
1841,"small divers",2111,11167.8078122368,22311.4280782445,35303.7120172544,38009.4259564602,40355.1413239144,43114.5065901026,48602.6497655942,NA
1841,"squids",2111,35679.4670867711,86587.2811858758,120429.234913332,140293.072943895,168250.573322818,295302.718535637,429621.248944598,NA
1841,"toothfishes",2111,2460.05441365488,128510.575418189,584407.098369288,993375.038144474,1346512.67144182,1825847.49398472,2765156.26430446,NA
1841,"leopard seals",2111,417.40665537906,1723.15051299887,2573.41091065089,3251.63119782556,3767.04199923359,4649.03519388723,49675.4184992454,NA
1841,"medium divers",2111,55735.3947988794,151386.690347473,279756.383890441,421549.178278897,675865.383327812,912676.049507903,1932385.33529123,NA
1841,"large divers",2111,1908.19125535109,5454.65864466953,11209.2352591581,19040.6670109715,45097.2512290365,352118.619440766,4484703.26776779,NA
1841,"minke whales",2111,1462.64450525586,6373.34694370534,13444.1169939342,27407.7155688604,103850.932787009,24141746.2274888,237085415.2836,NA
1841,"orca",2111,4198.11109182719,6686.34470323727,8285.55774586384,8938.0854342378,10283.4880909801,20246.4562197641,359337.394376099,NA
1841,"sperm whales",2111,10561.124989541,14394.3720737714,20648.7772234663,25089.0427580529,117575.226877018,2952986.57123285,14752344.305267,NA
1841,"baleen whales",2111,104753.621601598,176394.393741479,904068.697200186,908415.976059412,3453914.96790148,19961804.5571354,117006996.619908,NA
1842,"mesozooplankton",2111,6921592.28836164,10161861.5615558,13730132.4048148,18272407.2998587,21330327.1819325,25593432.0922074,30078071.8491284,NA
1842,"other krill",2111,211741.689799884,1593515.98476656,5707052.23177455,12194630.7947983,31643056.1790449,78730686.3442622,127014907.596026,NA
1842,"other macrozooplankton",2111,1499944.22244983,8058283.48898846,15584191.204147,19739816.9991811,23654777.3773424,29702089.6249105,39118331.1576485,NA
1842,"antarctic krill",2111,155121.875701653,2043175.85497408,7328710.48511191,13173733.7181472,24265016.4367451,36514192.7403233,57656407.7649815,NA
1842,"salps",2111,108771.141678756,397483.699749497,827794.567271668,1070182.92027556,1543800.28674679,2067077.60453693,2883201.18255403,NA
1842,"mesopelagic fishes",2111,39374.2929641132,524924.764852214,1213820.28898273,1745842.18492355,2577435.56661043,3536734.06658824,4639886.31229163,NA
1842,"bathypelagic fishes",2111,335427.721712094,954726.366689209,1605294.2723023,2339483.37771055,3227897.35367669,4462925.4124357,7648803.01843057,NA
1842,"shelf and coastal fishes",2111,1120412.42795547,2456330.12882615,4195774.61514614,4868050.69248522,5546140.92765071,6270141.70622442,7569498.38157787,NA
1842,"flying birds",2111,3967.09032967617,5449.32939952529,5951.13426516443,6028.71761606987,6134.79663255221,6337.98001239918,6640.11435339024,NA
1842,"small divers",2111,11191.2723127348,22339.5960185155,35341.6091900731,38045.7486209858,40375.9980024806,43143.4955819087,48593.4587272199,NA
1842,"squids",2111,35355.445529099,86345.8382552376,120068.310818849,139916.340050782,167732.447773979,295342.097569787,429715.680371209,NA
1842,"toothfishes",2111,2459.90707469676,129789.152335672,585709.986998042,993943.693135298,1347172.34565174,1826657.41155922,2765156.97612626,NA
1842,"leopard seals",2111,418.204010250588,1727.25055237446,2573.56160329137,3252.16966321461,3768.10771725179,4649.93634378656,49228.6110040041,NA
1842,"medium divers",2111,55862.0003025896,151434.963880844,279495.744619985,421383.710619504,675308.661513094,909536.06285896,1924894.04417777,NA
1842,"large divers",2111,1913.01941697592,5464.50254152824,11215.9090889039,19030.0038699676,45042.7263108242,349419.888948602,4460903.02996521,NA
1842,"minke whales",2111,1482.70096483995,6381.78524847461,13446.8926897204,27389.2105601743,103295.881145448,24058578.8541334,236300391.90494,NA
1842,"orca",2111,4208.11226259555,6692.40276077752,8286.9834474364,8938.79000258852,10280.4277119438,20216.532515815,358383.222773782,NA
1842,"sperm whales",2111,10569.0418581659,14399.7499564972,20643.6015464041,25076.5131085403,117394.285235952,2947682.55609473,14725719.2898459,NA
1842,"baleen whales",2111,104837.554937643,176415.014880523,903167.323388959,907521.927531301,3449761.19844641,19936517.7833532,116857599.617445,NA
1843,"mesozooplankton",2111,6797151.66941159,9886862.02939197,13782233.5941453,18134119.8398226,21104588.7045156,25257637.6605522,29585197.2473526,NA
1843,"other krill",2111,247609.387553517,1747922.63475368,5857549.23548927,12224395.6834633,31214967.9813502,75700294.8221921,124168198.995509,NA
1843,"other macrozooplankton",2111,1615110.32211894,8639387.73078489,16389249.7264813,20324042.4585541,24552549.1293475,29873140.2362763,39731532.753504,NA
1843,"antarctic krill",2111,166833.691705711,2122360.79459982,7616284.41949117,13543542.731114,24540959.220713,36761612.9527337,57632951.1397596,NA
1843,"salps",2111,112175.437763594,409430.74425973,847507.260200766,1089197.67629041,1558608.02700374,2082040.33999255,2889474.42342287,NA
1843,"mesopelagic fishes",2111,40249.6645888374,533188.930767459,1237455.68295463,1771278.64782054,2597566.24038454,3549683.48515227,4656089.32818882,NA
1843,"bathypelagic fishes",2111,337893.484802298,971324.102208803,1626639.48929267,2348067.21864109,3231942.89629987,4476189.26350918,7650210.00341595,NA
1843,"shelf and coastal fishes",2111,1125443.47156793,2455773.06755975,4193707.98202576,4866364.39383492,5543352.98100159,6266917.21602302,7568490.99743462,NA
1843,"flying birds",2111,3967.6351849352,5454.4488834181,5951.92443534202,6029.59034864846,6134.65812901344,6337.58050529255,6639.5843024515,NA
1843,"small divers",2111,11210.149525494,22367.7646918651,35383.7048521136,38094.3519452147,40388.7886495009,43157.7053217215,48585.860112184,NA
1843,"squids",2111,35140.7166713303,86215.3356753853,119751.43501433,139705.651047472,167472.421764848,295366.066684224,429684.391761101,NA
1843,"toothfishes",2111,2474.63951820646,131067.406177099,586995.704683891,994610.260741807,1347257.07301663,1827344.6131855,2765120.16655962,NA
1843,"leopard seals",2111,419.163213011419,1731.22919635161,2572.18466892536,3253.18590067206,3769.1479680685,4650.82544425323,48786.1643627869,NA
1843,"medium divers",2111,56000.8553456836,151684.166052688,279235.654336323,421208.834781129,674751.196083617,908721.345434032,1917444.35995999,NA
1843,"large divers",2111,1918.47807181228,5476.37830361435,11222.5392721098,19020.9258964338,45045.0494825763,346740.448199577,4437215.51605664,NA
1843,"minke whales",2111,1504.50223582034,6397.01870644295,13452.480751502,27385.1010177117,102744.994671086,23975685.423268,235517952.019232,NA
1843,"orca",2111,4217.98847426756,6698.2929598315,8288.80179898266,8939.37304076934,10277.252936403,20186.3379161091,357431.652167544,NA
1843,"sperm whales",2111,10576.9585052377,14404.8002952901,20638.3124330607,25063.779998991,117213.648985185,2942387.65443251,14699142.126415,NA
1843,"baleen whales",2111,104919.3700101,176433.518317696,902266.474812112,906629.075684578,3445612.26381628,19911262.8823511,116708390.731856,NA
1844,"mesozooplankton",2111,5384239.67517467,9132008.33449811,13176740.7632331,17673704.1428121,20815717.9297726,24930901.8113396,29134873.5735083,NA
1844,"other krill",2111,251154.487792153,1678023.1668704,5515908.90234753,11576611.8163868,30227590.8920789,73434415.1416185,121784191.417223,NA
1844,"other macrozooplankton",2111,1686380.21020848,8644925.3216909,16040133.6835338,19449660.8908486,23697334.1374738,28937928.2867084,39071207.8262479,NA
1844,"antarctic krill",2111,175521.035372919,2168660.00453136,7660833.98511536,13560005.7258998,24507673.5245254,36672586.5547583,57512235.219824,NA
1844,"salps",2111,113929.152599074,411857.629577331,850080.299399674,1088202.57789415,1565642.01859335,2085404.06916624,2898871.07958982,NA
1844,"mesopelagic fishes",2111,41322.2851642008,543896.938961696,1258081.91183953,1793389.94277579,2627437.9434823,3583385.84744293,4681419.59560987,NA
1844,"bathypelagic fishes",2111,346785.26403068,989045.352270249,1651742.03331104,2377966.26565654,3265927.03223558,4504764.12764173,7671182.22164117,NA
1844,"shelf and coastal fishes",2111,1138212.39084057,2466142.40280746,4196459.20160893,4869151.32014765,5546682.71188819,6269685.00694777,7572674.88405461,NA
1844,"flying birds",2111,3966.74507627947,5451.89190403743,5950.86593756022,6028.36012276087,6134.10234549463,6335.52459017025,6638.9381175927,NA
1844,"small divers",2111,11213.8809068169,22364.8127216647,35406.8253033004,38112.4309356212,40386.4266729534,43156.5257419116,48578.7502436025,NA
1844,"squids",2111,35487.7455073341,86351.7073859415,119938.149786248,139820.013960671,167593.026459061,295783.46939684,429785.337603668,NA
1844,"toothfishes",2111,2485.59528857228,132458.682634743,589074.586478211,995956.609431192,1347838.27394427,1828108.14818514,2765230.43265931,NA
1844,"leopard seals",2111,420.445022640942,1735.15860090331,2574.13743779817,3255.60317095564,3770.3729698144,4651.22013869641,48348.6479166378,NA
1844,"medium divers",2111,56173.5629201817,152067.339511126,278965.387281077,421028.38126356,673892.765788018,908097.479105905,1910043.09785417,NA
1844,"large divers",2111,1925.51208752841,5493.8118005708,11228.7609097918,19003.6383870588,44957.4548360133,344083.374773806,4413640.67521937,NA
1844,"minke whales",2111,1529.72411579279,6427.7139883111,13464.6903735725,27383.2706323879,102199.464149461,23893063.8052992,234738079.747054,NA
1844,"orca",2111,4227.50457013337,6703.76756881844,8290.32041819003,8939.62311919919,10273.7916743058,20155.3720915574,356482.639865894,NA
1844,"sperm whales",2111,10584.8793158129,14409.1647908236,20632.7408033754,25050.6539227389,117033.296184284,2937101.37896828,14672612.5253643,NA
1844,"baleen whales",2111,104995.757423909,176446.952473978,901365.55256902,905737.513279574,3441467.6977418,19886038.9801342,116559366.03637,NA
1845,"mesozooplankton",2111,4033254.33772494,7666808.12405252,12107780.5786169,16672320.0506041,19685374.5344371,23811285.2276356,27749759.5807119,NA
1845,"other krill",2111,221618.142160371,1502347.8140681,5015014.45103917,10779754.2992232,29614542.0455793,73365509.2127248,121439426.559001,NA
1845,"other macrozooplankton",2111,1612957.89238959,7873191.8140634,14798061.8639429,17991433.2292029,22036499.1815021,27128475.0658789,37241677.2408901,NA
1845,"antarctic krill",2111,172375.683969409,2118505.53393342,7403872.59397018,13161836.6435902,24261309.7498283,36273872.0883897,57381891.2870392,NA
1845,"salps",2111,112376.127332579,398234.67117314,828433.437769596,1063180.20073969,1544561.83768067,2068154.05135654,2896172.60901435,NA
1845,"mesopelagic fishes",2111,40521.5299435353,538790.221647384,1242750.29982272,1779330.77376575,2628370.83773398,3593554.65746366,4680566.39796215,NA
1845,"bathypelagic fishes",2111,349282.466632141,977165.205775237,1651367.14616905,2383114.24362824,3274861.94054721,4511124.03281788,7680856.01331845,NA
1845,"shelf and coastal fishes",2111,1137305.86412535,2464670.63246189,4194818.9154182,4868347.09037534,5547357.96838928,6268996.90292977,7573075.62148237,NA
1845,"flying birds",2111,3964.74675520634,5442.7196026212,5948.85915612223,6027.14012365266,6132.77885644675,6333.38658118077,6638.14290727837,NA
1845,"small divers",2111,11182.1961219705,22321.6903711687,35381.6596372611,38066.6408881701,40369.3403362599,43119.4837896237,48567.1611914479,NA
1845,"squids",2111,35893.2568353978,86624.2910656309,120016.657003655,139844.214699625,167761.478451243,296235.724413937,429858.083498377,NA
1845,"toothfishes",2111,2467.372111785,133767.107925183,591545.316766632,997058.398329017,1348322.28247948,1828834.55218533,2765303.65264406,NA
1845,"leopard seals",2111,421.796051512857,1742.52639181827,2576.4057131129,3255.36248064417,3772.30989849038,4651.07425319508,47915.2333973057,NA
1845,"medium divers",2111,56352.4797001951,152473.761006009,278658.746836528,420832.088774845,673465.266858021,907479.034783925,1902678.25348551,NA
1845,"large divers",2111,1932.79832734255,5509.38954644741,11225.9982883289,18995.2546016418,44931.4156602154,341443.482852775,4390176.74994408,NA
1845,"minke whales",2111,1556.31881592188,6463.09517791077,13475.69561406,27384.3287498325,101655.349216077,23810712.0474661,233960764.913143,NA
1845,"orca",2111,4236.9032585327,6709.10855832282,8291.7202156714,8939.821631159,10270.2711518301,20124.317601105,355536.20706566,NA
1845,"sperm whales",2111,10592.8008214993,14413.2453018911,20627.0332887827,25037.4264380372,116853.247449998,2931824.24294984,14646130.6980225,NA
1845,"baleen whales",2111,105066.421159684,176454.872991842,900461.558079186,904847.095608765,3437327.44943543,19860845.7663873,116410524.706069,NA
1846,"mesozooplankton",2111,4782537.16752507,8721020.06342198,12560863.1516238,17139026.3714112,20421305.9537508,24760048.9514353,28934122.4030007,NA
1846,"other krill",2111,202478.001935573,1498987.2041617,5106182.5367399,11167724.9087502,30277472.330062,76173337.027887,123789477.823966,NA
1846,"other macrozooplankton",2111,1570710.91020331,7606479.82678207,14691805.4561033,18386305.2916416,22327344.3145229,28041405.9329762,37937262.2861449,NA
1846,"antarctic krill",2111,168488.341544908,2071565.49395639,7293893.23596754,13054639.0965508,24150507.8461638,36173169.4364417,57433471.4806578,NA
1846,"salps",2111,111290.076273384,397403.676428933,824337.586380301,1060851.90619101,1539031.08632121,2064338.35525436,2895614.58983005,NA
1846,"mesopelagic fishes",2111,39412.8334042362,539503.686188766,1240286.38669125,1772419.95801186,2622070.09033836,3583262.63089515,4669880.12085569,NA
1846,"bathypelagic fishes",2111,347742.01208161,977186.44152924,1646628.75151538,2377276.08655389,3273309.85267624,4502324.88132914,7677925.35174403,NA
1846,"shelf and coastal fishes",2111,1144272.18919236,2469714.71511565,4194264.48741858,4869919.90749667,5546108.03494595,6267093.15283527,7571321.36950808,NA
1846,"flying birds",2111,3965.81409911097,5446.96631544388,5949.84451614078,6027.51571152612,6133.37651924124,6332.93183159219,6637.69418068051,NA
1846,"small divers",2111,11195.7430156552,22322.3199316084,35391.0838419623,38070.8704252541,40369.6982573906,43104.9945488518,48557.3946035462,NA
1846,"squids",2111,36068.7221672785,86769.7328429917,120070.733737274,139872.921201059,167757.818091882,296548.961811993,430056.347233558,NA
1846,"toothfishes",2111,2458.62809830519,134757.217926683,593127.601566916,998467.528071534,1348924.58362695,1829579.33402042,2765422.34503194,NA
1846,"leopard seals",2111,423.056762134988,1745.45541919795,2578.43032601197,3258.32543205753,3772.06637003008,4650.86745788023,47486.6164100319,NA
1846,"medium divers",2111,56512.1469859091,152666.048499957,278551.982362978,420664.539376244,673182.280628326,906851.54794068,1895347.94306071,NA
1846,"large divers",2111,1939.12263866171,5524.27657805597,11215.4781415259,18987.6491400181,44900.1202271362,338817.077367062,4366826.21333644,NA
1846,"minke whales",2111,1581.45754526476,6484.0087243412,13483.8198255776,27380.3193366161,101114.314177886,23728634.9385669,233186030.493447,NA
1846,"orca",2111,4246.58075264952,6714.7459920532,8293.51291903508,8940.16633032435,10267.000928401,20094.060437162,354592.396912089,NA
1846,"sperm whales",2111,10600.7614821865,14418.1386263722,20621.9374552759,25024.7593638229,116673.579974914,2926557.78927924,14619697.3217007,NA
1846,"baleen whales",2111,105147.419858633,176473.04602276,899558.929720865,903957.716816114,3433194.43993442,19835687.790448,116261887.136277,NA
1847,"mesozooplankton",2111,3787231.99139562,6678927.44633237,11451233.2223608,16199251.6771853,19416694.9240603,23749086.0162772,27729375.4764678,NA
1847,"other krill",2111,173548.560850597,1317211.00079364,4837099.54541228,10855626.032058,30253941.5822348,76658481.5892648,126567320.542948,NA
1847,"other macrozooplankton",2111,1463184.48539165,7398849.99679474,14360141.4095849,18005373.3343084,21901756.8192295,27069116.338979,37640152.7953628,NA
1847,"antarctic krill",2111,156094.262853625,1962426.50712011,7055122.75922783,12772179.1960515,24086141.1465674,36305095.7237498,57543249.4936919,NA
1847,"salps",2111,107143.074524996,384034.574462928,804774.153869672,1045514.17090053,1532642.194087,2059664.16127279,2895145.2978478,NA
1847,"mesopelagic fishes",2111,37606.3614340069,527871.615787269,1226581.49012569,1754268.96073804,2608204.47412328,3573252.0793944,4663953.25922039,NA
1847,"bathypelagic fishes",2111,342240.561518475,970478.067589798,1634085.76071587,2362305.25949148,3266014.16921795,4496630.47886312,7684211.07624222,NA
1847,"shelf and coastal fishes",2111,1154121.83931772,2473545.41264036,4194025.60224499,4871953.76706292,5547510.13436082,6267291.06612983,7573162.0586861,NA
1847,"flying birds",2111,3963.60962379904,5437.44606669714,5947.19379640009,6026.62146794763,6131.00768957861,6331.26422092035,6636.84498209284,NA
1847,"small divers",2111,11163.1716924113,22254.0303870008,35308.0071354885,38006.2973816646,40335.7483466937,43075.5706022162,48547.3185752401,NA
1847,"squids",2111,36732.0570321826,87120.8020547668,120276.083199391,140154.150486758,168132.163970084,297206.622376729,430337.766396347,NA
1847,"toothfishes",2111,2427.38802182977,135033.770417576,594183.255316279,1000977.61081128,1350491.25813285,1830108.43632913,2765693.95628712,NA
1847,"leopard seals",2111,424.746140124383,1752.11774792955,2579.66741709558,3260.3322012815,3772.77267113666,4650.72881042257,47062.3042718955,NA
1847,"medium divers",2111,56715.6166154811,152911.002799395,278427.039356511,420667.361258324,673036.513624855,906247.047961604,1888058.48701467,NA
1847,"large divers",2111,1947.50849584571,5542.67204261116,11202.5064868669,18988.8280930672,44820.6190692922,336213.943241298,4343584.4646853,NA
1847,"minke whales",2111,1611.70507465553,6531.20668012129,13509.2343940975,27387.7264991186,100578.454705355,23646824.7681323,232413827.383637,NA
1847,"orca",2111,4255.6522151589,6719.90842120626,8294.74889776568,8939.62209903216,10263.2938698289,20062.6085848221,353651.074875104,NA
1847,"sperm whales",2111,10608.6946166009,14421.8304232774,20616.2158013213,25011.2876586928,116494.15003547,2921299.19607872,14593310.7637665,NA
1847,"baleen whales",2111,105217.075628059,176480.278646914,898654.893880776,903069.669255379,3429064.68452823,19810559.04363,116113425.454261,NA
1848,"mesozooplankton",2111,5348165.6794548,9105153.67665592,12880477.6072564,17501607.8377265,20694449.6202863,25016189.1957798,29307791.1909504,NA
1848,"other krill",2111,172973.780574828,1369896.59441571,5110801.44985783,11310764.3787852,31023837.0944814,79654114.2352024,129183446.89351,NA
1848,"other macrozooplankton",2111,1435412.6450773,7655953.00213685,14846772.8450478,18524667.2749415,22576722.7654035,28322247.0620587,38009099.8195447,NA
1848,"antarctic krill",2111,150600.781421223,1951369.32893831,7099986.85491957,12929649.6716404,24176707.6235196,36491055.0563186,57794288.7178405,NA
1848,"salps",2111,106241.931291151,387620.325940638,811836.966761693,1058883.80376481,1536697.68466557,2063441.59095754,2892489.22187034,NA
1848,"mesopelagic fishes",2111,36239.9995393208,523421.686477721,1223942.29102809,1748346.8311262,2594063.29133987,3552397.6491059,4659480.18761712,NA
1848,"bathypelagic fishes",2111,334901.735473819,968732.899121147,1618764.14025447,2347315.19087134,3247468.54073826,4483350.44157007,7668800.56899585,NA
1848,"shelf and coastal fishes",2111,1153947.39234685,2472984.01231892,4189323.05728862,4865653.41514402,5541158.09090565,6261986.23107975,7569121.26532471,NA
1848,"flying birds",2111,3965.33975050296,5445.00906540189,5949.55822653564,6027.62621740754,6131.78310239047,6331.00986808617,6636.43014616362,NA
1848,"small divers",2111,11177.1059095774,22263.1777853056,35321.3211106952,38027.1487621322,40352.5069595629,43077.1320459319,48537.1945663903,NA
1848,"squids",2111,36544.2872318731,86875.7625035594,120082.964493078,139996.720202225,167850.327727929,297262.13539892,430509.691561041,NA
1848,"toothfishes",2111,2421.3909266956,135100.984896218,595083.201382331,1003273.43638263,1352389.70199309,1830575.91419154,2765733.83118762,NA
1848,"leopard seals",2111,426.008180410472,1757.15731394745,2578.70595872569,3262.45102091502,3772.25044360851,4650.35099801522,46641.9654401081,NA
1848,"medium divers",2111,56859.5143688464,152983.819928682,278309.157926496,420691.014624806,672754.522685913,905616.128500966,1880792.05552087,NA
1848,"large divers",2111,1953.09921233018,5555.7301081043,11203.6897524187,18981.1944529271,44744.1378373978,333618.331250067,4320454.66234177,NA
1848,"minke whales",2111,1637.11607460962,6542.57490700656,13498.6537725231,27348.0302079016,99977.5075624198,23565288.8170369,231644196.702825,NA
1848,"orca",2111,4265.42596167982,6726.06303799805,8296.68356543618,8940.14729554657,10260.1895985702,20032.9701707766,352712.421484786,NA
1848,"sperm whales",2111,10616.6823271037,14427.0665727559,20611.3603906927,24998.8738915255,116315.146856223,2916052.21194373,14566973.0848735,NA
1848,"baleen whales",2111,105300.837486126,176500.788407324,897755.075823804,902182.459475278,3424942.66637162,19785466.2842792,115965170.965901,NA
1849,"mesozooplankton",2111,5095667.0551918,8199703.47211571,12529780.7653997,17064054.1074996,20163722.4121317,24387311.93595,28500812.0495436,NA
1849,"other krill",2111,181851.533974787,1411496.10185271,5215251.29164433,11459483.6845666,31006566.3784977,78320673.211541,127454630.823139,NA
1849,"other macrozooplankton",2111,1455647.23438622,7948147.06048467,15246628.617121,19086895.0934146,23020095.287001,28355918.0719244,38178042.4199343,NA
1849,"antarctic krill",2111,148424.605013761,1941022.68676184,7194432.76325399,13130730.7847357,24271895.2991549,36699530.7137423,57849166.7135106,NA
1849,"salps",2111,105951.171081516,393952.121477425,822712.641181394,1068751.26741554,1544988.12073429,2070697.14815322,2892399.76078335,NA
1849,"mesopelagic fishes",2111,35869.2740053352,527046.681507539,1236864.17138243,1760659.16342475,2600055.99288401,3549832.6817399,4671058.52035512,NA
1849,"bathypelagic fishes",2111,331876.694149126,976690.738163125,1622947.77695752,2354577.93013963,3246817.62333295,4482535.93254982,7661836.8549347,NA
1849,"shelf and coastal fishes",2111,1157110.65566367,2476564.00080679,4185404.57298142,4859889.63571374,5536983.72573496,6260200.848893,7567359.06057106,NA
1849,"flying birds",2111,3966.82121289878,5455.12975174597,5952.04683956986,6029.21536329217,6132.91294982034,6330.93147069741,6635.96499874954,NA
1849,"small divers",2111,11206.4341576325,22300.7449804077,35369.5873146142,38079.0879056646,40367.3884934666,43099.2301474803,48528.5652441209,NA
1849,"squids",2111,36107.6528051641,86727.4319334341,119837.563450456,139644.155549267,167427.157159099,297049.969141262,430487.214637744,NA
1849,"toothfishes",2111,2433.01423670836,135237.646894294,596762.887976698,1005456.19428666,1353334.7098976,1830980.01009955,2765699.66459237,NA
1849,"leopard seals",2111,427.27279464892,1760.88869960989,2577.7121037598,3264.49281047133,3772.15050530272,4650.44598584059,46226.0760345711,NA
1849,"medium divers",2111,56994.6347594556,152771.436836445,278175.391640327,420452.526679599,672240.27171451,904983.108817833,1873560.03954676,NA
1849,"large divers",2111,1958.29940889201,5567.34957695986,11204.101042161,18973.0821467174,44678.9855251005,331091.600599975,4297434.89196963,NA
1849,"minke whales",2111,1662.50240333244,6541.38579167876,13484.6519051818,27336.9010695665,99111.6178241181,23484022.6703525,230877108.370249,NA
1849,"orca",2111,4275.37140851242,6732.02626876843,8299.0696584572,8940.87519874726,10257.2040127335,20003.6836894528,351776.352662657,NA
1849,"sperm whales",2111,10624.6746906637,14432.5733385335,20606.6849138022,24986.6178576743,116136.477717455,2910815.05555534,14540683.1413486,NA
1849,"baleen whales",2111,105388.250861289,176524.437359403,896856.874129623,901296.334032158,3420826.30219637,19760406.4245435,115817110.018138,NA
1850,"mesozooplankton",2111,4907722.33224988,8714375.15731061,12750069.7695736,17209402.2360855,20255948.0828742,24338360.6519959,28534671.6439211,NA
1850,"other krill",2111,190399.197269948,1431123.44191503,5179089.55997574,11330484.7290277,30401237.8358365,75808139.2800421,125162655.409609,NA
1850,"other macrozooplankton",2111,1475104.09767454,7901579.24586781,15120608.5105088,18568302.3779343,22622481.512892,27778773.5390423,37531124.1403544,NA
1850,"antarctic krill",2111,148650.969805077,1930153.94647927,7222790.03778662,13161860.9104767,24260713.3463021,36503688.1462149,57619505.4493798,NA
1850,"salps",2111,106422.05261711,396414.191504827,829605.740850447,1072653.37008066,1549590.07136539,2074093.06119094,2888234.83395513,NA
1850,"mesopelagic fishes",2111,35755.6636997861,528372.686058134,1239281.90282526,1770236.88425391,2597828.90381498,3555273.06050493,4679786.66473017,NA
1850,"bathypelagic fishes",2111,331817.559747419,974040.499593335,1629381.90348164,2355262.87355587,3247260.15083419,4484447.90899985,7654659.28409025,NA
1850,"shelf and coastal fishes",2111,1152521.89140307,2473731.46407408,4181107.64318378,4852447.13159004,5531780.72732603,6257251.74593165,7563730.95485659,NA
1850,"flying birds",2111,3967.27590115379,5461.35321915765,5953.05960653208,6029.72152968976,6133.21683845831,6330.57525098954,6635.38560956056,NA
1850,"small divers",2111,11224.8350214142,22340.7925995503,35426.2317767921,38117.8173206073,40366.5447347811,43107.2818588703,48518.1912781421,NA
1850,"squids",2111,35473.6078390772,86421.8837878986,119527.31560787,139236.15518615,166933.283100572,296495.482705975,430144.588073075,NA
1850,"toothfishes",2111,2444.42702776204,135375.204600329,597471.897898075,1007151.06477941,1353598.49028781,1831239.10150468,2765492.24250122,NA
1850,"leopard seals",2111,428.51264796429,1764.23539104854,2575.79243839319,3264.59513091883,3772.95274376932,4650.56405029648,45814.2391990179,NA
1850,"medium divers",2111,57120.7988823007,152555.751832758,278103.757843451,420299.181361236,671717.204523326,904349.637840139,1866360.94296581,NA
1850,"large divers",2111,1963.10102478993,5566.24931917213,11190.2496749597,18964.3293250761,44540.8317210872,329018.083012057,4274523.42787078,NA
1850,"minke whales",2111,1688.02849686993,6545.13174836161,13469.6349267203,27321.365332095,98345.26814205,23403023.8559811,230112545.3069,NA
1850,"orca",2111,4285.51603508759,6737.606919011,8301.74906303354,8941.78973670651,10254.3294678906,19974.696386486,350842.863412348,NA
1850,"sperm whales",2111,10632.6536170616,14438.1495222457,20602.0880335264,24974.0685011826,115958.127050974,2905587.40665073,14514440.7069538,NA
1850,"baleen whales",2111,105474.676265427,176546.670548873,895959.385699881,900411.292948052,3416714.76716025,19735378.0683928,115669236.324634,NA
1851,"mesozooplankton",2111,5171976.23249495,9109555.32177934,12997089.9362524,17485238.8558345,20620144.5699939,24851978.8911215,29064440.5416178,NA
1851,"other krill",2111,201132.510779088,1492617.80504737,5301229.32562644,11510689.7767677,30588097.7475187,75757385.1468242,124131278.967554,NA
1851,"other macrozooplankton",2111,1511401.06499889,7933791.99947526,15210422.6766746,18928907.335226,22947017.2984999,28595748.5984043,38302088.5050153,NA
1851,"antarctic krill",2111,151443.147364564,1926349.80123382,7272512.17119405,13233767.604619,24257564.1558368,36417656.2668559,57521850.9034961,NA
1851,"salps",2111,107360.415160468,401330.091734334,834232.624126212,1076647.92361116,1553511.26873684,2074579.7227336,2889295.49380764,NA
1851,"mesopelagic fishes",2111,35816.0201127806,534075.799744632,1246607.59006001,1778781.53452206,2604066.66484044,3562327.77599516,4687546.57134207,NA
1851,"bathypelagic fishes",2111,335249.841939989,979086.889854479,1637930.11534689,2363814.61973247,3248629.10064044,4489628.60900589,7658389.78659667,NA
1851,"shelf and coastal fishes",2111,1155712.2629204,2476062.68375407,4178395.86746151,4849731.40326977,5528120.98741187,6257483.29833675,7562958.4779656,NA
1851,"flying birds",2111,3967.01051140567,5462.03016742876,5953.12457133074,6029.67161189003,6132.74894603087,6329.71020861166,6634.7825865977,NA
1851,"small divers",2111,11241.1221017086,22367.4600905018,35463.1557388069,38135.6352624834,40367.0121232181,43097.6597193096,48509.2616089966,NA
1851,"squids",2111,35226.1205104003,86403.9263203849,119456.716019017,139061.187990321,166691.38306733,296116.871536811,429838.532366683,NA
1851,"toothfishes",2111,2450.58445699776,135437.404422447,598495.471397484,1007716.71751161,1353732.20971915,1831478.45775132,2765343.97191596,NA
1851,"leopard seals",2111,429.983895626056,1769.09430793922,2577.44274634397,3264.28208062406,3772.76198117744,4650.36027357576,45406.9585797619,NA
1851,"medium divers",2111,57267.8830515226,152588.53257907,278142.739900603,420199.347708468,671213.982178204,903730.547577069,1859205.1212561,NA
1851,"large divers",2111,1968.88824182645,5563.89905352831,11177.1022475154,18955.1819415381,44476.4295499755,326959.304183018,4251720.33501589,NA
1851,"minke whales",2111,1716.15935385016,6557.82041972843,13486.5893348859,27315.6420577736,97595.0568513069,23322291.0404843,229350495.599496,NA
1851,"orca",2111,4295.54801555013,6743.10816496866,8304.05647127289,8942.44297016017,10251.3146183831,19945.2564476955,349911.902573751,NA
1851,"sperm whales",2111,10640.6208016739,14443.2840530267,20597.2806510536,24960.2694916795,115780.074204408,2900368.59683577,14488245.334773,NA
1851,"baleen whales",2111,105558.246474987,176566.119011431,895062.277794404,899527.507956128,3412607.91995203,19710380.8961741,115521548.266776,NA
1852,"mesozooplankton",2111,6257206.23015541,9908680.36285605,13647641.4073685,18002849.3095049,21075652.3131296,25295056.8133477,29587883.0999183,NA
1852,"other krill",2111,222239.705328261,1604290.04215934,5568808.86857571,11820126.873599,30862253.665916,75507175.3783752,123366418.679996,NA
1852,"other macrozooplankton",2111,1588303.52341752,8245335.95688861,15834923.7946743,19691887.058483,23811271.6018959,29456131.2344445,39159755.6393041,NA
1852,"antarctic krill",2111,158827.58672842,1971997.74016511,7444210.47706712,13442969.8634264,24347274.2637592,36482009.4496413,57491399.3746496,NA
1852,"salps",2111,110123.640175099,411888.932028836,847209.854451036,1085660.23628986,1565358.48096857,2083752.80929443,2893288.32170612,NA
1852,"mesopelagic fishes",2111,36512.6767986144,544435.192520787,1268181.86606127,1793731.89270145,2619091.72533221,3572645.36369755,4692922.39621397,NA
1852,"bathypelagic fishes",2111,341499.878130253,991878.533332251,1651924.48575564,2375747.02734427,3259263.54711033,4497693.99316544,7664769.61517615,NA
1852,"shelf and coastal fishes",2111,1161128.13899809,2480869.97924037,4181202.82470071,4854280.40011558,5527226.95392964,6257401.13677455,7562992.42621524,NA
1852,"flying birds",2111,3967.15460864997,5462.16195778397,5953.39556009379,6030.13411666823,6132.61826084322,6329.03291676149,6634.25909455695,NA
1852,"small divers",2111,11264.5212358818,22402.8449450906,35495.8393184565,38144.2296705621,40363.8803142668,43088.1080102336,48501.3848339218,NA
1852,"squids",2111,35135.2255724908,86590.3247846729,119561.476031467,138993.439652387,166506.650254725,295799.508400016,429575.177498115,NA
1852,"toothfishes",2111,2459.60678287709,135813.828720007,599297.569255948,1008106.1991863,1353943.98548946,1831718.9783983,2765202.58642791,NA
1852,"leopard seals",2111,431.508097950366,1773.13832084688,2578.47905509378,3266.24279318134,3772.57730223061,4650.18866656027,45003.9649289699,NA
1852,"medium divers",2111,57415.6557415756,152737.722898358,277956.802733183,420096.247727172,670708.875925404,903115.085217437,1852085.68205936,NA
1852,"large divers",2111,1974.67404068343,5561.76140752456,11163.9194588509,18938.4561154318,44419.684309638,324911.888293686,4229025.50993465,NA
1852,"minke whales",2111,1744.9300375286,6570.3873716188,13502.6209483714,27309.3155918994,96852.0081780364,23241824.5147904,228590958.744213,NA
1852,"orca",2111,4305.71053014042,6748.7479101534,8306.45357344392,8943.18492924148,10248.3599705646,19915.9764603062,348983.485640373,NA
1852,"sperm whales",2111,10648.5807110972,14448.4883550519,20592.5305329517,24946.5471321037,115602.344200105,2895159.33939607,14462097.3497573,NA
1852,"baleen whales",2111,105642.652182846,176586.22254102,894167.729151229,898644.862098598,3408506.37038465,19685415.7895417,115374050.213791,NA
1853,"mesozooplankton",2111,6020833.55840264,9466188.30205758,13360889.1474306,17740876.7270954,20701477.1131072,24765200.5565297,28983121.7351288,NA
1853,"other krill",2111,238798.142411809,1658051.13606332,5537137.98453202,11653289.8325039,30309657.4486827,73551061.6845553,121181901.250279,NA
1853,"other macrozooplankton",2111,1670054.2178477,8513568.74734826,15931307.7487237,19628455.0222374,23735722.3251534,28918214.8436902,38669786.92942,NA
1853,"antarctic krill",2111,167233.951961579,2020853.49761766,7567667.81746797,13562471.5862147,24381520.9068487,36423672.14525,57275724.8957669,NA
1853,"salps",2111,113176.267323224,419486.989249911,855362.096812075,1090994.23998895,1570759.48356864,2087540.17204599,2895284.9141502,NA
1853,"mesopelagic fishes",2111,37810.6975384357,554578.535700478,1284260.0298395,1816827.99042192,2637327.09442313,3587303.99811524,4696396.29530266,NA
1853,"bathypelagic fishes",2111,349968.372917372,999921.428683583,1669276.29435842,2392314.43728757,3272258.57302731,4508236.41277247,7669769.85933797,NA
1853,"shelf and coastal fishes",2111,1164920.91027501,2486339.40387388,4184880.94062501,4856584.76415448,5529193.98918219,6258448.04632989,7562707.16635311,NA
1853,"flying birds",2111,3967.53249617726,5462.44951166042,5954.35765377721,6030.55238687164,6133.00443140441,6329.11218330535,6633.77654461681,NA
1853,"small divers",2111,11291.7956980312,22449.0681735721,35528.8449602165,38167.0774260124,40369.9863412249,43089.0577221225,48493.9191410058,NA
1853,"squids",2111,35072.3460104917,86828.2007552974,119646.000876554,138964.911025465,166373.720900398,295475.32097977,429290.342814424,NA
1853,"toothfishes",2111,2473.79575521452,136685.657145242,600175.01245034,1008629.70644746,1354284.3436733,1831975.98666517,2765045.0257784,NA
1853,"leopard seals",2111,433.041596491904,1775.8843678774,2577.71285973619,3265.56025553118,3772.80383530895,4650.52514932212,44605.0944509489,NA
1853,"medium divers",2111,57560.200837171,152850.241432774,277642.403974819,419980.468545769,670196.999309474,901433.575078458,1845000.41009884,NA
1853,"large divers",2111,1980.25773739767,5559.8652590032,11150.518189233,18930.1696438219,44385.2287032198,322875.097368443,4206438.4696204,NA
1853,"minke whales",2111,1773.88654059469,6582.68126312358,13485.616950332,27287.6110523887,96446.3961720587,23161623.2553787,227833926.110242,NA
1853,"orca",2111,4316.05948252153,6754.57179812642,8309.06716219344,8944.08166503284,10245.5069154258,19886.9876361611,348057.605202235,NA
1853,"sperm whales",2111,10656.5314893375,14453.8670935355,20587.5383893883,24932.964981639,115424.941879917,2889959.76638142,14435996.7422501,NA
1853,"baleen whales",2111,105727.982829345,176607.07613087,893275.790966073,897763.32630227,3404410.12847022,19660482.7314117,115226741.902766,NA
1854,"mesozooplankton",2111,4981404.23030247,8761958.86695119,12798252.5576993,17307282.1646958,20457676.8550571,24638818.7717532,28788264.7693366,NA
1854,"other krill",2111,230109.913428482,1585041.13784635,5254822.26929944,11194125.969061,29879076.5678456,72929657.6109682,120461600.102205,NA
1854,"other macrozooplankton",2111,1694341.92165096,8234339.86462815,15470977.0532755,18923222.6183725,23046702.3522443,28358868.4138678,38427853.9261927,NA
1854,"antarctic krill",2111,170308.336701348,2019614.63012549,7486767.7178517,13435179.8153969,24313410.4331839,36295340.0763692,57126031.0315189,NA
1854,"salps",2111,113812.253365202,415615.139220116,848179.902742769,1082753.47599697,1565424.41305974,2082830.16392848,2899017.63549111,NA
1854,"mesopelagic fishes",2111,38507.1938894223,561468.813564211,1291985.60640124,1825521.56748784,2656640.15461954,3600209.30943462,4698926.53691752,NA
1854,"bathypelagic fishes",2111,358440.033379374,1009940.65407594,1684087.87298326,2412399.27891217,3301730.60329379,4521121.21901963,7684257.57696515,NA
1854,"shelf and coastal fishes",2111,1176934.3958067,2498878.0818286,4193074.98755673,4863254.79065855,5536367.67155971,6266245.74007084,7566259.26251255,NA
1854,"flying birds",2111,3966.42735949073,5462.53608484359,5953.5512985523,6029.40061171241,6131.66596815221,6326.66669878598,6633.16198883393,NA
1854,"small divers",2111,11299.0429971232,22448.4550195957,35508.8361447734,38137.6781596431,40355.4418837174,43066.834716945,48487.3601970111,NA
1854,"squids",2111,35624.9127826643,87348.1005508307,120097.403838765,139483.577589206,166845.030892159,295678.275580802,429233.668740754,NA
1854,"toothfishes",2111,2474.33391837341,137656.638000005,601477.325093205,1009143.043844,1354838.31094806,1832217.10754839,2765108.55749309,NA
1854,"leopard seals",2111,434.948531299287,1779.49069891517,2578.07341250135,3265.42777217659,3773.95034384363,4651.59839398467,44210.6662260525,NA
1854,"medium divers",2111,57744.7945301618,153200.736270025,277491.336944683,419845.655126415,668609.285848842,900300.619536415,1837960.27801775,NA
1854,"large divers",2111,1987.66919275349,5568.43234229268,11138.4250012511,18923.4730783323,44340.1999631161,320855.532568011,4183958.17502193,NA
1854,"minke whales",2111,1807.26780152582,6602.95717151485,13510.2298122747,27289.3187065724,96118.3341284238,23081684.0298915,227079373.57927,NA
1854,"orca",2111,4326.00958026941,6760.0193692532,8311.13932141398,8944.36639581646,10242.3254634635,19857.0729016566,347134.176612137,NA
1854,"sperm whales",2111,10664.464653353,14458.7495415742,20582.2156002204,24918.9037537047,115247.812487262,2884768.49591122,14409942.6922297,NA
1854,"baleen whales",2111,105806.082289325,176621.237087332,892380.717665207,896883.121097904,3400317.97422685,19635579.8175536,115079613.418268,NA
1855,"mesozooplankton",2111,5120779.96149645,9068688.36143432,12955701.035201,17501898.7789248,20738556.4273837,25045587.6847101,29207196.4900003,NA
1855,"other krill",2111,215152.60660191,1549433.49834018,5162197.77792316,11251317.0075894,30389194.6346138,74771929.7644967,122330528.928442,NA
1855,"other macrozooplankton",2111,1675870.64873714,8022990.54879928,15284276.5550389,18910337.8424812,23082877.4277969,28623465.1698635,38867871.1589322,NA
1855,"antarctic krill",2111,169400.809494646,1993829.40289228,7391100.67197123,13303411.4628899,24321246.4155117,36261145.2809492,57238191.7820082,NA
1855,"salps",2111,113409.342611209,409614.30771693,839206.09199829,1073341.27458784,1560393.08032948,2079842.07330957,2902818.30073274,NA
1855,"mesopelagic fishes",2111,38232.4430984466,561753.013999252,1286598.32409929,1817703.76649554,2659717.75775946,3608546.53343522,4693369.81951636,NA
1855,"bathypelagic fishes",2111,362990.949688116,1014138.9283001,1685993.24896702,2417346.08727445,3314313.24740008,4528926.54343999,7697485.5682104,NA
1855,"shelf and coastal fishes",2111,1190733.35966865,2512545.50901868,4204214.93008509,4874877.17797794,5546373.01098826,6273535.65598771,7571002.31344202,NA
1855,"flying birds",2111,3964.98612474073,5460.10443606861,5951.60380728691,6028.12027892937,6130.72461323545,6324.98212476097,6632.51211483454,NA
1855,"small divers",2111,11290.5053905537,22415.0495338488,35447.6812363088,38078.0184668395,40340.964325028,43047.9023937613,48480.0079129562,NA
1855,"squids",2111,36551.3169404378,88022.423016443,120479.758196071,140122.290410691,167518.941745325,296289.69976653,429442.914444863,NA
1855,"toothfishes",2111,2459.37365425614,138530.866041936,602801.533929265,1009693.39845077,1355529.66886719,1832636.10351095,2765352.84375509,NA
1855,"leopard seals",2111,437.093281295069,1784.69337580516,2580.83753541758,3266.45559058883,3774.82667613424,4652.78209354398,43820.3813459675,NA
1855,"medium divers",2111,57952.6238979152,153442.079021671,277286.779249273,419749.939504268,667888.188561484,898236.243492705,1830958.08556848,NA
1855,"large divers",2111,1996.0984500648,5568.44270054489,11127.0332499256,18893.6954169005,44294.2818936477,318850.368047924,4161584.23083136,NA
1855,"minke whales",2111,1843.67242651289,6635.55605765311,13544.2971168032,27295.2863286465,95793.4174305069,23002006.6723247,226327298.439501,NA
1855,"orca",2111,4335.66438556455,6765.16444507033,8313.0329926606,8944.27409487352,10238.9501767078,19826.6991228262,346213.206554197,NA
1855,"sperm whales",2111,10672.3883643944,14463.8517375024,20576.7971161901,24904.5539773678,115070.971297792,2879586.02820996,14383935.4221838,NA
1855,"baleen whales",2111,105879.519264477,176631.111351186,891485.904904229,896004.135892402,3396230.38295625,19610707.7207929,114932667.828883,NA
1856,"mesozooplankton",2111,5028559.86776963,8387379.06882029,12527203.617699,17045854.4189216,20215511.6140006,24384784.3721769,28474327.9040709,NA
1856,"other krill",2111,201698.552923705,1499861.02830397,5128182.19837582,11194331.7236769,30381196.1522606,75309951.9036871,123128243.456535,NA
1856,"other macrozooplankton",2111,1656400.86548413,7942736.29837647,15229571.0299338,18813396.4030842,22908346.0166299,28209128.3109777,38182640.1992254,NA
1856,"antarctic krill",2111,165950.852275194,1973410.27867039,7351150.11693095,13221144.0527091,24231797.9122042,36228791.5989441,57275160.586191,NA
1856,"salps",2111,112799.456339855,405865.763209819,835354.556493207,1071278.94182374,1558033.01192332,2075565.34441486,2901589.72511,NA
1856,"mesopelagic fishes",2111,37978.5668454509,565345.9046785,1291690.85807355,1817369.00836719,2657933.59429011,3605506.37088861,4684444.29438783,NA
1856,"bathypelagic fishes",2111,364056.030991989,1023243.79953289,1688676.29912686,2417996.06072911,3316466.09795336,4533278.93645755,7694063.58486084,NA
1856,"shelf and coastal fishes",2111,1200185.77574202,2523525.30633707,4213860.25568238,4883879.85343227,5553347.5963451,6277171.16234688,7572105.57010241,NA
1856,"flying birds",2111,3966.20123145254,5463.58679131137,5953.66273346852,6029.43083385475,6131.20903517758,6325.21273141419,6632.12770989167,NA
1856,"small divers",2111,11313.8537647847,22433.7403668725,35442.4376444572,38067.4875692593,40337.2312652431,43033.6843139137,48472.6511053442,NA
1856,"squids",2111,37008.0321902229,88525.2055949343,120961.660972311,140582.114061843,167806.540265652,296688.993165867,429722.221433915,NA
1856,"toothfishes",2111,2458.4571674515,139833.490706896,604494.59683569,1010618.68577342,1356376.87253586,1833148.43973436,2765573.691446,NA
1856,"leopard seals",2111,439.022226078618,1790.0027850609,2582.39586162832,3266.81466820719,3775.64481040844,4653.88592492333,43434.0143387751,NA
1856,"medium divers",2111,58128.477930988,153254.035815946,277508.615867677,419296.079035961,667306.862337457,894940.067602918,1823981.49305317,NA
1856,"large divers",2111,2002.94622871774,5570.34284354892,11114.5628857728,18883.9276792796,44249.0638443212,316957.47525363,4139317.74574717,NA
1856,"minke whales",2111,1877.23968782373,6652.57006867332,13558.8065853194,27231.3737402914,95465.0230748856,22922594.5300095,225577718.448557,NA
1856,"orca",2111,4345.72582217677,6771.07409484986,8315.21637594426,8944.78653385676,10235.9350336548,19797.4704080359,345294.790202142,NA
1856,"sperm whales",2111,10680.3456514843,14469.3702187452,20571.7612038224,24890.8125433544,114894.516670976,2874414.36508996,14357975.9389436,NA
1856,"baleen whales",2111,105962.079760887,176649.694280379,890594.256107671,895126.092609643,3392149.67601767,19585870.018566,114785921.642134,NA
1857,"mesozooplankton",2111,4667255.36521502,8260609.24531665,12452674.1053504,17043878.8632966,20266292.4561988,24593655.4306135,28700593.1202512,NA
1857,"other krill",2111,185367.068517786,1410994.74488574,4967708.07011409,11009805.5770613,30360549.4225647,76284577.3043716,125078047.627734,NA
1857,"other macrozooplankton",2111,1574336.6678411,7702522.90619768,14809944.8878184,18300097.7071529,22368583.0732048,27630102.7144133,37987978.5186621,NA
1857,"antarctic krill",2111,157997.066523667,1917292.81937243,7178292.5586605,12980633.3036914,24144216.8535029,36174602.3262016,57393646.8116943,NA
1857,"salps",2111,110071.712851108,395412.422717627,819875.892827352,1057022.59287617,1545695.00474094,2068944.68290091,2898280.23519438,NA
1857,"mesopelagic fishes",2111,36596.4956400144,553876.450096609,1269203.96992854,1794944.0281212,2640230.64154837,3600138.46663065,4675162.10454787,NA
1857,"bathypelagic fishes",2111,360583.120797163,1007378.03580586,1667428.54316694,2404607.07359834,3304197.66463593,4524792.91252346,7697126.58252641,NA
1857,"shelf and coastal fishes",2111,1205207.74942971,2528453.48801709,4218880.43883581,4890203.24352766,5560082.8013208,6282037.59107021,7575572.55991273,NA
1857,"flying birds",2111,3963.62384713361,5452.88062254381,5950.37045499272,6027.23770421043,6128.90213020077,6322.72360205198,6631.26330050214,NA
1857,"small divers",2111,11277.9843818573,22369.3631551152,35347.0957415072,38001.9760991296,40322.1965838873,43011.895578846,48462.8995973525,NA
1857,"squids",2111,37844.4108091501,88822.9397535032,121425.465118026,141090.500840283,168483.42959278,297438.468142723,430020.863847175,NA
1857,"toothfishes",2111,2426.67357612262,140742.695683111,605794.967748528,1011132.51648396,1357197.9124923,1833747.51216561,2765932.50410156,NA
1857,"leopard seals",2111,441.393511313511,1791.73652097156,2584.29750186946,3268.00285820053,3774.86225166351,4655.04490314542,43051.3074578434,NA
1857,"medium divers",2111,58350.3295255998,153236.287333263,277708.136381833,419304.263685705,666771.548383059,891728.136255602,1817044.25423827,NA
1857,"large divers",2111,2011.96452447366,5570.34863457396,11104.765550547,18868.0520092613,44181.3530886117,315187.285919875,4117154.6125565,NA
1857,"minke whales",2111,1917.06259609491,6686.18882115778,13578.0124956262,27245.0677336517,95142.6085541926,22843439.4856095,224830581.046773,NA
1857,"orca",2111,4355.07488938601,6776.73686208916,8316.4721821179,8944.51816061928,10232.4197287476,19766.9388757764,344378.777807847,NA
1857,"sperm whales",2111,10688.2639785694,14474.2818310842,20565.8260442879,24876.234215659,114718.285541319,2869250.15896659,14332062.3249889,NA
1857,"baleen whales",2111,106030.0637722,176654.362875815,889700.711283786,894249.37212423,3388071.70068648,19561060.3645682,114639344.97099,NA
1858,"mesozooplankton",2111,4689554.31242335,8121855.82048557,12348580.5926653,16896414.0792942,19994228.4940037,24115756.1972044,28093768.1087523,NA
1858,"other krill",2111,179529.527005357,1375597.97643835,5027948.39031166,11156585.5180181,30454182.3968723,77751406.2863608,126666438.299577,NA
1858,"other macrozooplankton",2111,1471263.81825816,7507039.16109085,14410830.6996641,17933537.6453007,21875725.693642,27114317.8875666,37031948.1579409,NA
1858,"antarctic krill",2111,150214.801873215,1860734.71538777,7053801.90727482,12796670.0577549,23969888.8573988,36126458.6788787,57424451.4106663,NA
1858,"salps",2111,107630.409129523,388551.13677533,809384.354173749,1046158.85148139,1529540.53934897,2055782.66009031,2884524.68594024,NA
1858,"mesopelagic fishes",2111,34398.5386491968,527543.286287346,1224108.85228352,1753277.62471164,2598240.50693836,3572370.47457248,4650551.99346208,NA
1858,"bathypelagic fishes",2111,349557.450949178,966495.947548866,1627557.49706008,2367830.23284265,3265042.2126226,4487832.51004052,7675779.86696071,NA
1858,"shelf and coastal fishes",2111,1187511.97529572,2510859.18851477,4211472.37068627,4882218.83529005,5555662.9109869,6275689.54727439,7570809.98253933,NA
1858,"flying birds",2111,3962.2997880754,5444.16977719893,5948.84243591394,6025.88802074869,6127.22255573216,6319.80636007183,6630.49752353,NA
1858,"small divers",2111,11229.2895108649,22313.7295168181,35272.2736688375,37926.6480438307,40301.635646172,42975.2412536041,48449.0385268088,NA
1858,"squids",2111,38002.6984470038,88752.3705244561,121143.023254711,141013.995458863,168355.286035719,297799.360630301,430143.979362535,NA
1858,"toothfishes",2111,2390.20658301291,141063.48135319,607427.539579973,1012626.36367635,1358054.16970145,1834087.20234863,2766044.24838255,NA
1858,"leopard seals",2111,443.537485164678,1796.90387995076,2584.56839655442,3267.75726677133,3773.66122964825,4655.86598884037,42671.3969047254,NA
1858,"medium divers",2111,58538.434426312,153087.944690549,277847.896909553,419257.938912425,666203.378710308,890469.721689539,1810128.20347063,NA
1858,"large divers",2111,2019.44260633551,5573.39929309136,11099.6382973312,18864.4018590693,44104.1616592416,313421.526523148,4095095.63731173,NA
1858,"minke whales",2111,1954.74764980369,6716.68556414699,13604.3445342672,27235.859000464,94816.074200003,22764545.5459357,224085909.103631,NA
1858,"orca",2111,4364.67201982075,6782.63368781543,8318.22564432653,8944.7558244631,10229.1431821466,19737.3359085271,343465.307400535,NA
1858,"sperm whales",2111,10696.1997082098,14479.4236668427,20560.3077743484,24862.0169974241,114542.409429085,2864095.98486496,14306195.9908618,NA
1858,"baleen whales",2111,106099.687014727,176660.472855211,888809.038644083,893373.592065343,3383999.42398057,19536283.1175172,114492957.748837,NA
1859,"mesozooplankton",2111,4060936.70586358,7346387.48838333,11892132.2893389,16543050.0331054,19685733.6252765,23979373.8931638,27983073.3904029,NA
1859,"other krill",2111,172696.462135155,1310254.23771393,5011058.24879774,11117048.8787113,30579497.4316292,78720426.2259628,128337478.407574,NA
1859,"other macrozooplankton",2111,1364755.35691941,7289150.38112356,14074625.4229294,17634140.0052966,21436173.1863067,26651426.3819325,36774265.0888252,NA
1859,"antarctic krill",2111,142327.957873257,1797342.91347571,6914081.43005147,12653345.7205797,23868757.731845,36133927.3142156,57552391.6031556,NA
1859,"salps",2111,104279.343963653,379990.233872998,796003.337892433,1035744.49253225,1517961.72374032,2046128.64677563,2874866.24819954,NA
1859,"mesopelagic fishes",2111,31940.3713469713,511070.387508842,1181865.71014075,1713281.43767101,2561516.75667077,3543178.5013119,4631976.08913049,NA
1859,"bathypelagic fishes",2111,336115.420270019,937132.358538228,1593376.42192435,2323839.86844212,3213228.83757092,4462551.66057491,7658151.61773949,NA
1859,"shelf and coastal fishes",2111,1173564.51374282,2487092.03279578,4195753.36972208,4867809.46758732,5546600.23681946,6266200.56695378,7565796.13808212,NA
1859,"flying birds",2111,3960.46841514838,5433.7469723869,5946.56136472434,6025.01065352371,6124.79610889365,6316.35711333856,6629.65160676855,NA
1859,"small divers",2111,11167.0830415412,22236.108431871,35178.994748431,37857.1309838898,40284.1732960134,42944.5014174672,48435.1714906676,NA
1859,"squids",2111,38134.2987738767,88429.4453282352,120730.207277091,140660.083325954,168193.654294623,298187.458608416,430226.963211222,NA
1859,"toothfishes",2111,2350.21224281654,141135.507030534,608505.858221631,1012126.30184429,1358570.51506714,1834216.72592355,2766125.46499533,NA
1859,"leopard seals",2111,445.887894838722,1802.03463147317,2584.80054921801,3268.00174460347,3775.9340515315,4655.91395296925,42294.7075669873,NA
1859,"medium divers",2111,58738.3325842054,153141.986688624,277974.6085795,418902.779532181,665061.455812675,889553.119670791,1803246.01267675,NA
1859,"large divers",2111,2027.57677778465,5580.80386277553,11096.1390588881,18848.1833788316,44026.775687712,311667.968321356,4073140.49044731,NA
1859,"minke whales",2111,1995.32149227687,6736.97366398891,13629.7685981347,27196.9226919921,94492.7761852399,22685910.8564508,223343685.585753,NA
1859,"orca",2111,4373.95133373402,6788.19469903326,8319.64876154685,8944.88530368032,10225.3558730721,19707.3552987119,342554.300416857,NA
1859,"sperm whales",2111,10704.1224291033,14484.341716297,20554.3831605865,24847.4960453757,114366.812807372,2858950.42572746,14280376.0205244,NA
1859,"baleen whales",2111,106166.29388858,176663.962935717,887918.053900503,892498.988487384,3379932.03970489,19511537.1687426,114346754.663599,NA
1860,"mesozooplankton",2111,5811715.14194282,9565224.15283851,13338343.5441886,17944540.8664802,21240721.0971316,25597295.4490278,30022169.5569408,NA
1860,"other krill",2111,190624.988763685,1435431.64270289,5546196.75908647,12093860.8346069,31952146.4310498,81572808.5260884,130576814.397729,NA
1860,"other macrozooplankton",2111,1373231.0848756,7716273.51233498,15097719.9969137,19271670.1154547,23205063.4144835,29256856.2810607,39088549.4855655,NA
1860,"antarctic krill",2111,144160.052118622,1822629.66722622,7116463.84502889,13017840.3068374,24212114.3927802,36599374.9945793,58020926.3746359,NA
1860,"salps",2111,104471.64414492,392777.927435522,811376.863220241,1056689.02509798,1530952.76273835,2057024.61171267,2880262.47939612,NA
1860,"mesopelagic fishes",2111,30524.1265088836,506613.382948895,1193477.10304509,1711573.37910367,2553838.58017233,3530548.32412368,4635037.25169618,NA
1860,"bathypelagic fishes",2111,326852.702086466,937970.739096449,1585009.63686396,2305721.99215711,3183853.89459089,4453521.86520695,7649257.3675719,NA
1860,"shelf and coastal fishes",2111,1174133.89766863,2476211.01419321,4181278.63529401,4857178.9849974,5537118.48964191,6258272.9067881,7562664.38346137,NA
1860,"flying birds",2111,3961.29169193339,5435.99007576732,5947.61762630648,6025.370602685,6125.15648252267,6316.73057414497,6629.12496192679,NA
1860,"small divers",2111,11149.8967421007,22209.9995927833,35161.1565536427,37843.0886826205,40279.039393504,42937.7712412903,48425.10535184,NA
1860,"squids",2111,38081.4236125196,87883.337972486,120068.180171298,140215.355946254,167742.443402089,298477.650133127,430418.593626738,NA
1860,"toothfishes",2111,2337.69282771536,141358.829465172,609508.226293015,1011889.54445988,1358890.02250324,1834151.9262377,2766180.33523669,NA
1860,"leopard seals",2111,448.229717187605,1805.12885927573,2586.05283184687,3269.99253092444,3777.13909628405,4655.81338710464,41921.6816293527,NA
1860,"medium divers",2111,58923.2087346132,153260.726954827,278130.389257065,418829.76544421,664172.608096056,888649.252159899,1796398.01754261,NA
1860,"large divers",2111,2035.08624434076,5590.87072152118,11092.2525417648,18844.0540161832,43950.2050260461,309922.769768277,4051291.65471723,NA
1860,"minke whales",2111,2035.11888960491,6744.53920246383,13634.8537926814,27182.7758653481,94170.3407327719,22607539.3144953,222603927.777103,NA
1860,"orca",2111,4383.35648026463,6793.87593298608,8321.30178289745,8945.11776997097,10221.8342888214,19677.9510771176,341645.815956329,NA
1860,"sperm whales",2111,10712.0848776412,14489.5061651619,20548.9074173739,24833.3308407657,114191.572692218,2853814.94396967,14254603.1758038,NA
1860,"baleen whales",2111,106242.456769855,176676.912614736,887030.394439787,891625.428236454,3375871.78173324,19486826.0318123,114200751.12395,NA
1861,"mesozooplankton",2111,4439357.68677567,7296170.98212561,12082225.0302347,16745773.7178295,19826027.3606457,23995129.9178678,27972597.48885,NA
1861,"other krill",2111,194498.644329763,1420104.67943986,5344604.49889941,11545967.0219567,31190175.1924352,79221527.395121,129067680.218794,NA
1861,"other macrozooplankton",2111,1350150.96176466,7797591.94779187,15149136.0593667,18774947.0037154,22821258.7015087,27823928.0240383,38000551.3773308,NA
1861,"antarctic krill",2111,143609.93935092,1811688.30244481,7154309.92580183,13141536.1053963,24366653.1758855,36829465.2520813,58147563.6519181,NA
1861,"salps",2111,103578.472307305,392291.245342664,813251.409151175,1056938.95802064,1534423.26114005,2063264.01820974,2884752.94048289,NA
1861,"mesopelagic fishes",2111,29589.7705044453,500282.399283754,1192025.25940286,1716909.23308181,2557161.76858989,3540979.13335212,4652259.56422733,NA
1861,"bathypelagic fishes",2111,321034.335420377,935599.884374928,1581867.43639639,2304027.01569634,3190724.73355988,4461348.68117632,7654753.143249,NA
1861,"shelf and coastal fishes",2111,1170075.4768,2470009.91138019,4166408.54778134,4848253.13200988,5528015.35332329,6249790.53679253,7561787.97249487,NA
1861,"flying birds",2111,3960.05424188173,5431.09739798629,5946.25501571047,6024.97239484577,6123.96498944079,6314.68509923401,6628.35035510869,NA
1861,"small divers",2111,11104.7824442637,22163.6797879399,35142.8173228696,37844.5133858612,40274.3556573622,42929.3037437748,48414.2093987034,NA
1861,"squids",2111,38064.3951890607,87438.9513748991,119373.091526724,139838.21044369,167359.267978433,298319.890919666,430488.623946775,NA
1861,"toothfishes",2111,2325.52276183682,141675.928394559,609997.71679875,1012309.02297884,1358326.38860837,1833798.35537599,2766147.55598074,NA
1861,"leopard seals",2111,450.710251176497,1807.78888333504,2586.53667834147,3272.08356857791,3777.04886606808,4655.57491772926,41551.9199920669,NA
1861,"medium divers",2111,59116.2382501338,153409.819060989,278092.619823689,418775.758287376,663564.835477653,887740.170647716,1789585.97412779,NA
1861,"large divers",2111,2043.06924126947,5601.30561943212,11090.0239794385,18830.0539092572,43911.2209202708,308189.457774629,4029546.08853913,NA
1861,"minke whales",2111,2075.11087481841,6761.16448122785,13641.0931110737,27185.5965827286,93849.8757262813,22529424.9067872,221866598.826884,NA
1861,"orca",2111,4392.53893745015,6799.33541739137,8322.74756870841,8945.31771761889,10218.0775428874,19648.2898607513,340739.800396399,NA
1861,"sperm whales",2111,10720.0461769858,14494.4851622238,20543.1566244173,24818.9592256497,114016.61486503,2848688.09652843,14228876.6286143,NA
1861,"baleen whales",2111,106313.575630615,176684.905791251,886145.069733455,890753.011189766,3371815.79280937,19462145.2714477,114054927.823913,NA
1862,"mesozooplankton",2111,6142800.74506804,10242921.2974843,13773592.8892926,18275192.6310116,21420481.1371968,25618494.6686516,30125623.2441198,NA
1862,"other krill",2111,220257.903540529,1539529.11065279,5640726.43613461,12012552.620903,31274378.1579592,77880813.3644114,127773191.011622,NA
1862,"other macrozooplankton",2111,1419553.97239622,8158657.38990395,15612788.6756834,19303043.8484108,23488180.4654799,29314783.3256825,38817948.0929241,NA
1862,"antarctic krill",2111,152428.218209059,1856482.6142212,7361333.85981985,13455956.7674565,24486092.772132,36961663.4077422,58217809.8781323,NA
1862,"salps",2111,106314.451389602,410910.02874773,835492.120489019,1083268.97954125,1550693.38005139,2077507.18584911,2893839.39345782,NA
1862,"mesopelagic fishes",2111,29597.3175440281,507096.911817591,1220565.94677161,1742068.12642983,2577513.93418004,3559341.36999565,4675883.35503798,NA
1862,"bathypelagic fishes",2111,320906.927587551,948527.14538786,1600301.81886886,2319405.29005133,3208794.72990315,4469715.03925229,7659880.88910675,NA
1862,"shelf and coastal fishes",2111,1170335.89001521,2470273.67836779,4155734.23642895,4838435.13191676,5522206.23344806,6243221.06362488,7560262.35912217,NA
1862,"flying birds",2111,3962.0637826952,5441.70651335751,5949.2506033492,6025.43945628388,6125.36823364992,6317.64453792945,6627.95427059797,NA
1862,"small divers",2111,11119.1676743361,22198.6369415356,35225.9251345315,37912.9122685789,40295.1302162175,42931.5563015773,48404.9708866331,NA
1862,"squids",2111,37604.1863295692,87133.8773542438,118808.578988217,139295.065865676,166872.862536982,297996.233911615,430494.87544909,NA
1862,"toothfishes",2111,2342.06395130009,142055.148314774,610726.122928627,1012555.61734618,1357475.57654311,1833314.48255122,2766012.14379889,NA
1862,"leopard seals",2111,452.976852571701,1811.4125892164,2588.58842167959,3272.46717321649,3776.66354622975,4655.23313276291,41186.1847562113,NA
1862,"medium divers",2111,59275.5963899223,153361.846282304,278044.012521448,418445.166140752,662928.23430765,886857.490740726,1782806.44276662,NA
1862,"large divers",2111,2049.45657992783,5607.26041415,11075.0477427542,18790.7262561234,43804.8780621572,306461.232572083,4007907.13944288,NA
1862,"minke whales",2111,2068.61409854121,6777.65401072732,13620.3461359927,27179.9642174877,93423.7854545563,22451572.5553228,221131725.601128,NA
1862,"orca",2111,4402.23189154023,6805.31934467938,8324.85654982356,8945.79715898165,10215.0706620731,19619.890799783,339836.341347137,NA
1862,"sperm whales",2111,10728.065924647,14499.9905347891,20538.4475637021,24805.3919457342,113842.052673158,2843572.18477645,14203197.5285248,NA
1862,"baleen whales",2111,106398.452098442,176706.096931756,885263.987731056,889881.512348576,3367767.35437051,19437499.8363763,113909308.095157,NA
1863,"mesozooplankton",2111,6417879.23497834,9845505.54796578,13752985.0832534,18129023.1133391,21092236.5082263,25252012.3738552,29533837.8538314,NA
1863,"other krill",2111,251062.696493845,1700618.52367457,5844033.85493162,12128544.5325979,31087738.726213,75812236.2757386,124269837.589175,NA
1863,"other macrozooplankton",2111,1530595.87631681,8695937.78445369,16208682.1386207,20228799.4190049,24391432.5186638,30056261.2430581,39704489.5545263,NA
1863,"antarctic krill",2111,165042.749460022,1946324.97277227,7612400.59419023,13783195.2050865,24662222.083713,37032541.9934056,58117310.8449729,NA
1863,"salps",2111,110029.773195278,421932.500961625,853507.874097396,1098728.09571141,1568434.49348514,2093548.37354291,2905305.64097888,NA
1863,"mesopelagic fishes",2111,30530.0722230696,519312.66145032,1257203.77115799,1777959.98225938,2621092.03840607,3591291.92608509,4702804.8346901,NA
1863,"bathypelagic fishes",2111,327351.573429757,973775.956027962,1635499.52100941,2363042.26490106,3243483.39841629,4500542.48536412,7680742.84689599,NA
1863,"shelf and coastal fishes",2111,1175999.77450199,2477644.82012671,4152250.52040581,4835926.83409697,5520153.09648818,6246233.50595582,7563602.39538603,NA
1863,"flying birds",2111,3962.56334381795,5447.73156240446,5950.04126118012,6025.90513849721,6125.92084820977,6318.01265500806,6627.39090108478,NA
1863,"small divers",2111,11132.9152697411,22233.4692021908,35306.3338500833,37962.2845548712,40303.6388439296,42928.5196636774,48396.8986981827,NA
1863,"squids",2111,37367.0804384453,87015.4893853561,118635.206322212,139125.112238959,166488.750118106,297895.007966688,430423.040917549,NA
1863,"toothfishes",2111,2365.20915373614,142349.978698065,611470.708332119,1012857.26088812,1356739.15320837,1832868.46845074,2765955.31762441,NA
1863,"leopard seals",2111,455.424416505662,1813.41024213641,2589.89926064213,3273.2043276063,3777.33599265362,4653.4945087714,40824.6642592143,NA
1863,"medium divers",2111,59450.2317794151,153238.877663481,277907.632913645,418090.661242178,662300.927404829,885983.789732123,1776068.50346814,NA
1863,"large divers",2111,2056.53693336092,5612.98843598514,11061.5157119437,18779.6050811391,43806.2075655759,304745.192964786,3986371.84025868,NA
1863,"minke whales",2111,2064.49033168291,6791.70568132597,13580.1611293696,27175.2678015678,92997.4812273759,22373976.4043591,220399270.111773,NA
1863,"orca",2111,4411.82842180687,6811.21753103862,8326.84728374763,8946.29620974927,10211.9117314653,19591.2321888117,338935.346647821,NA
1863,"sperm whales",2111,10736.0941791218,14505.4039385775,20533.6195284188,24791.7598809817,113667.79309923,2838465.18097116,14177564.6305992,NA
1863,"baleen whales",2111,106481.742755593,176725.682529521,884383.693506324,889011.192228215,3363723.61236758,19412885.3546292,113763872.031082,NA
1864,"mesozooplankton",2111,5277496.73303221,9086366.08887731,13162409.2699326,17651738.2223651,20766128.9157968,24922390.9736038,29129970.0440971,NA
1864,"other krill",2111,252046.081783122,1686158.93201371,5526722.77863629,11559314.5725384,30261281.2394951,73683910.54728,121838585.694955,NA
1864,"other macrozooplankton",2111,1602436.12247448,8599987.57782916,15986286.4346566,19503116.7176136,23712755.3842236,28926196.7326887,39107081.7101379,NA
1864,"antarctic krill",2111,173710.597688047,1975737.09044561,7676780.85639572,13750007.3364337,24650902.6399477,36844508.0530286,57891659.4096545,NA
1864,"salps",2111,112037.034871621,422817.375712611,857591.887395278,1094877.16112142,1573965.32998145,2096999.38714286,2916288.364621,NA
1864,"mesopelagic fishes",2111,31590.8595598021,533812.069176925,1283038.89274866,1810418.52070485,2660204.46078398,3622128.5677332,4727674.04419528,NA
1864,"bathypelagic fishes",2111,337654.864878525,996004.93901398,1673014.75765869,2404322.58106078,3299887.20917703,4542065.6217943,7714788.97523076,NA
1864,"shelf and coastal fishes",2111,1189454.01174918,2495169.77486403,4158936.9541009,4847110.27469854,5524131.31407128,6257453.87536446,7571939.31923767,NA
1864,"flying birds",2111,3961.68323655979,5445.80425025372,5949.07018180536,6025.56316425,6124.90684334597,6316.86102541589,6626.71350913989,NA
1864,"small divers",2111,11133.043089748,22237.3292609485,35346.9508456964,37973.0888909022,40306.7081622259,42926.1756448712,48389.7147682137,NA
1864,"squids",2111,37753.4856911672,87466.1916671491,118950.823830938,139409.61235041,166753.750378982,298211.410581216,430512.125335155,NA
1864,"toothfishes",2111,2381.49244750869,142683.632425404,613493.150693674,1013426.57577152,1356304.74208376,1832675.34793723,2766165.44016647,NA
1864,"leopard seals",2111,458.212212581192,1811.73218364314,2591.36206926211,3276.478054666,3776.19614397887,4648.84548667782,40467.6346267469,NA
1864,"medium divers",2111,59659.7535762377,153346.891854867,277561.391829374,417905.57653298,661698.180513835,884805.036408662,1769376.49377949,NA
1864,"large divers",2111,2065.17311890416,5614.77725882173,11058.738258913,18773.1964130703,43751.4920224788,303044.264379934,3964939.71801407,NA
1864,"minke whales",2111,2065.92116003237,6822.48002255254,13544.7685802727,27179.368844286,92580.4872725749,22296634.594887,219669217.365086,NA
1864,"orca",2111,4421.0798381926,6816.69215025095,8328.43716472447,8946.69012232394,10208.2833604383,19561.8246787621,338036.768750198,NA
1864,"sperm whales",2111,10744.1267567744,14510.5512403211,20528.3620918686,24777.8128146879,113493.812204188,2833366.56540346,14151977.5929327,NA
1864,"baleen whales",2111,106559.677509247,176740.247779433,883503.849702699,888142.140619107,3359684.02698291,19388300.8774158,113618615.230024,NA
1865,"mesozooplankton",2111,3952789.72963981,7633698.22079773,12065800.0930185,16646451.4876284,19674195.8463316,23807313.6343043,27745686.4016607,NA
1865,"other krill",2111,221584.134786718,1490933.26707674,5017493.32202218,10778797.697028,29632056.0986979,73358710.8956742,121592415.289511,NA
1865,"other macrozooplankton",2111,1537744.60589794,7840861.5610836,14772333.4086056,17949361.6967394,22024649.0139107,26980426.4481708,37196963.4738914,NA
1865,"antarctic krill",2111,170408.119898343,1929156.54533787,7394510.15566738,13313997.4742057,24355199.5470496,36417966.3359735,57547852.842263,NA
1865,"salps",2111,110734.116601776,409729.157573224,835308.983419026,1070147.90479838,1555379.38192594,2079128.10486215,2913019.19394121,NA
1865,"mesopelagic fishes",2111,31165.418988736,527554.733969373,1263627.50106055,1800103.8627602,2662453.34047681,3623285.6631002,4722398.42224001,NA
1865,"bathypelagic fishes",2111,340442.414659221,991968.476450543,1666448.1213931,2408640.9920843,3315746.64772544,4552736.54054375,7730897.74296294,NA
1865,"shelf and coastal fishes",2111,1189112.98592352,2500386.24884682,4166689.64865386,4853300.90915494,5529043.13128519,6262683.91552294,7576069.83941157,NA
1865,"flying birds",2111,3959.7633571821,5437.07692770623,5946.83962784988,6024.55853309814,6123.37773120166,6313.08477609409,6625.88680051141,NA
1865,"small divers",2111,11099.2931611484,22202.466844879,35322.6295869638,37933.064191133,40290.53297143,42912.6365911767,48378.3977101492,NA
1865,"squids",2111,38220.6649779007,87896.8430279039,119324.331594128,139758.488574489,167119.754942342,298414.544134722,430589.895255823,NA
1865,"toothfishes",2111,2369.12126287894,142905.107722077,615052.327647575,1013191.72338208,1355999.99724844,1832583.83091832,2766448.3746132,NA
1865,"leopard seals",2111,461.087696613296,1813.9417930147,2592.85015521974,3282.08161732457,3775.82621267713,4646.36828463135,40114.2322035165,NA
1865,"medium divers",2111,59876.893745211,153554.026378633,277825.210576318,417842.195776448,661098.906882641,882790.893811664,1762716.52051152,NA
1865,"large divers",2111,2074.06305695747,5614.46808017001,11058.3719685671,18767.6239722226,43631.7445862539,301353.453904871,3943608.69169242,NA
1865,"minke whales",2111,2067.62112324306,6851.28923905995,13543.3218285789,27126.6012457614,92165.7340721323,22219545.1905723,218941557.84351,NA
1865,"orca",2111,4430.2328247944,6821.69208081228,8329.96800301312,8947.05949929339,10204.5864942828,19532.3407635425,337140.627042757,NA
1865,"sperm whales",2111,10752.1582958941,14515.590195923,20522.9940203026,24763.7744576933,113320.129346094,2828276.82791699,14126436.622286,NA
1865,"baleen whales",2111,106631.825259826,176749.202961317,882624.502612861,887274.2108208,3355648.5410717,19363746.1275814,113473536.788715,NA
1866,"mesozooplankton",2111,4631041.16555537,8716769.40449229,12553571.3593661,17139049.1068649,20410148.9970735,24763936.6564535,28939380.787172,NA
1866,"other krill",2111,202213.40926153,1482235.00547502,5112714.06501903,11163168.702834,30248462.1281623,76217582.2588702,123906842.680558,NA
1866,"other macrozooplankton",2111,1502159.45921114,7603579.47505822,14662601.4387983,18339004.301451,22292936.4190808,28033113.6430617,37899370.2635267,NA
1866,"antarctic krill",2111,166335.041115603,1901879.48272236,7306801.24133969,13142243.258946,24188107.3206199,36262174.9471901,57528675.7640952,NA
1866,"salps",2111,109834.297814729,407813.631295735,829210.179215905,1067981.88327257,1550240.03027237,2073695.85542379,2910582.6151796,NA
1866,"mesopelagic fishes",2111,30364.1362678044,532180.888307543,1265497.02123913,1793717.37952183,2652410.69775862,3611937.34481659,4705111.15134886,NA
1866,"bathypelagic fishes",2111,338741.923816763,997629.427509436,1664282.02888854,2404054.46369,3315893.14572433,4546253.93143121,7728627.2884755,NA
1866,"shelf and coastal fishes",2111,1196603.78401951,2509806.29777429,4175998.01280539,4860823.86631379,5535390.34256516,6265870.92898707,7577465.75766954,NA
1866,"flying birds",2111,3960.94628073454,5441.70474847994,5948.42721401071,6025.29982892862,6124.03354777101,6314.65469808609,6625.40401283825,NA
1866,"small divers",2111,11111.1075339631,22212.7855372276,35329.7604433191,37934.8445834905,40294.6067877801,42902.2164533562,48368.8482006691,NA
1866,"squids",2111,38461.1858931855,88282.3896156041,119819.161413308,140147.002798396,167282.306198985,298690.44075901,430801.158943046,NA
1866,"toothfishes",2111,2364.83374975337,143237.980486754,616403.364787018,1013134.16978089,1356094.45427331,1832702.18830732,2766863.54493673,NA
1866,"leopard seals",2111,463.902908252571,1818.28528835381,2596.288328315,3286.18672069215,3775.54270728225,4647.89455843485,39764.8678635989,NA
1866,"medium divers",2111,60077.0011614516,153686.728808806,277877.143537214,417745.460312107,660482.282069803,880788.55703723,1756084.60569809,NA
1866,"large divers",2111,2082.03187519642,5615.07808831971,11065.3532424016,18763.0829297259,43550.7704952405,299668.998429058,3922380.8280634,NA
1866,"minke whales",2111,2065.72763360563,6873.83760478651,13559.1564932226,27127.6220247173,91748.4143195376,22142712.9154615,218216314.70243,NA
1866,"orca",2111,4439.69032434764,6827.00868236005,8331.92242954871,8947.55697957898,10201.3790832732,19503.654714556,336246.96468892,NA
1866,"sperm whales",2111,10760.2264216388,14520.9785183828,20518.1969233113,24750.2316092341,113146.819339014,2823197.49111653,14100942.3879576,NA
1866,"baleen whales",2111,106714.429039001,176782.213857674,881747.414052023,886407.294174969,3351620.07125178,19339225.6935125,113328657.216818,NA
1867,"mesozooplankton",2111,3651257.77188752,6672432.86096963,11438575.6513425,16192244.1395874,19374059.1917652,23752849.6093084,27736989.6421363,NA
1867,"other krill",2111,173309.663094876,1311399.38117032,4843760.5566516,10861357.4054067,30279168.5793254,76722332.4012025,126584747.032639,NA
1867,"other macrozooplankton",2111,1403025.49243939,7389076.53084682,14341559.5209918,17965796.1487618,21871066.4978608,27038806.209556,37605093.6759675,NA
1867,"antarctic krill",2111,153948.098540105,1806901.30380499,7052134.53972439,12878830.1962215,24108750.605065,36241164.1807717,57670345.3347832,NA
1867,"salps",2111,105875.156442862,397597.218527905,809422.680400405,1050382.75651282,1540712.19655746,2066636.7022411,2907642.4025521,NA
1867,"mesopelagic fishes",2111,28935.0732418465,522370.286743621,1253327.78078288,1774410.70149862,2635600.54922393,3601744.93015459,4691520.7761951,NA
1867,"bathypelagic fishes",2111,333116.32842935,991876.356615393,1650809.61927157,2389467.73502741,3301193.70263918,4535887.60867998,7731238.63453943,NA
1867,"shelf and coastal fishes",2111,1207214.4412951,2519769.96555534,4184756.58850288,4866631.70176871,5544701.29017742,6272073.36713045,7581628.8688961,NA
1867,"flying birds",2111,3958.87212482996,5432.48321039476,5946.49982384842,6023.7483175949,6122.77503437755,6310.69189852571,6624.52218541702,NA
1867,"small divers",2111,11078.1442546874,22154.4890854113,35245.8604115479,37870.9503189936,40269.7743581479,42893.3889028622,48358.8785106003,NA
1867,"squids",2111,39181.9777325577,88818.3844257378,120321.066114345,140618.156310097,167840.799848228,298952.401972987,431096.764676043,NA
1867,"toothfishes",2111,2337.1904565896,143554.817720432,616821.68704563,1013630.07663282,1357485.45046024,1832749.75897161,2767491.7860999,NA
1867,"leopard seals",2111,467.165738768764,1823.80736735049,2594.0067557897,3287.12980927363,3775.96291826603,4647.38956074938,39419.0574466403,NA
1867,"medium divers",2111,60319.4308169363,153993.222030149,277668.22948935,417711.477808015,659896.49261484,878788.260827156,1749490.16167949,NA
1867,"large divers",2111,2091.9615581841,5619.15322572093,11079.1264380046,18756.0882547452,43543.573865438,298000.643524385,3901252.18011231,NA
1867,"minke whales",2111,2071.50570549095,6918.38023646431,13591.1986312425,27137.3891723803,91343.4683569975,22066130.2936807,217493439.340346,NA
1867,"orca",2111,4448.5318212585,6831.98491189846,8333.17968070634,8947.63875985404,10197.3908667308,19473.8023040729,335355.649200319,NA
1867,"sperm whales",2111,10768.2570280423,14525.834439294,20512.560095871,24735.9410551499,112973.736717637,2818125.71297688,14075493.2804938,NA
1867,"baleen whales",2111,106785.39016896,176804.728885593,880870.119652536,885541.683017065,3347594.65608284,19314733.5553856,113183948.459263,NA
1868,"mesozooplankton",2111,5187450.47074593,9104359.99701498,12876196.4722047,17476691.3903816,20703043.954165,25029240.8600421,29315526.1182161,NA
1868,"other krill",2111,172805.707006556,1358424.27394513,5117834.63498751,11323118.795657,31061460.0665656,79750703.1551076,129151050.948872,NA
1868,"other macrozooplankton",2111,1380176.82571928,7648042.8430027,14815048.2689833,18503028.2039171,22567024.6437084,28246362.3589179,37968702.5431122,NA
1868,"antarctic krill",2111,148520.486805616,1781056.71221048,7104997.10411991,12997137.4196408,24171456.7027637,36435158.7464269,57883821.2510176,NA
1868,"salps",2111,105104.740760714,405652.87217748,816762.420009099,1062572.72570979,1544798.79692658,2069007.55322531,2902372.54259194,NA
1868,"mesopelagic fishes",2111,27822.7025885731,521873.601146525,1247872.66313359,1766245.52291882,2615404.31164682,3580784.05148414,4679727.96894031,NA
1868,"bathypelagic fishes",2111,325863.384163388,985762.653002509,1643915.69482888,2376154.16363584,3282866.99436127,4511288.82399598,7709334.68261625,NA
1868,"shelf and coastal fishes",2111,1207933.46111427,2522280.91273042,4185926.48193793,4870209.83168346,5545340.21255781,6270015.21914136,7579049.78971515,NA
1868,"flying birds",2111,3960.72951005452,5440.311572495,5948.74387250862,6025.4280569688,6123.71082756978,6313.02098924748,6624.0643734332,NA
1868,"small divers",2111,11091.9515599499,22174.4951572535,35255.3336760695,37888.8660926631,40280.1845740167,42895.0924068818,48348.6399862813,NA
1868,"squids",2111,39044.2022293036,88837.3886355308,120472.808628704,140677.824760395,167692.934553721,298948.883932311,431281.276529478,NA
1868,"toothfishes",2111,2333.01153211098,144252.579514795,617248.140071516,1014589.79635423,1357623.89143628,1832766.74170962,2767923.51926593,NA
1868,"leopard seals",2111,470.030566434084,1828.11247479862,2591.55141173818,3286.6725219019,3775.43783775724,4647.34191861429,39076.419953906,NA
1868,"medium divers",2111,60505.5859393885,154204.742819421,277311.783690044,417586.416979263,659262.664007698,876725.702947309,1742911.04340951,NA
1868,"large divers",2111,2099.19671211322,5616.86797627711,11074.2994192374,18745.6076164474,43532.2829588312,296332.901945654,3880224.99455251,NA
1868,"minke whales",2111,2067.10721192054,6931.87524381854,13600.6456666583,27131.0458077286,90926.6246159978,21989804.5032943,216772973.586848,NA
1868,"orca",2111,4458.10797497784,6837.80611419944,8335.39599392655,8947.16466127042,10194.5162327083,19445.7495508508,334466.861877349,NA
1868,"sperm whales",2111,10776.3393689366,14531.3466895267,20507.9830339122,24722.5962512704,112801.068059948,2813065.22685524,14050091.3350452,NA
1868,"baleen whales",2111,106870.550105753,176841.49806759,879995.492846701,884676.882145559,3343576.78719375,19290276.5332454,113039442.029599,NA
1869,"mesozooplankton",2111,4991745.64826179,8203294.94498712,12529036.152813,17060217.5988903,20174122.4172154,24391675.4539729,28506708.3683423,NA
1869,"other krill",2111,181768.50241681,1400148.83095175,5215434.82239048,11465453.1801041,31015547.9237909,78467440.6241887,127428059.360847,NA
1869,"other macrozooplankton",2111,1403392.7453295,7914578.94374154,15238750.7342374,19049035.2747371,22997181.1727936,28332235.6182025,38137807.0127886,NA
1869,"antarctic krill",2111,146504.145892354,1773105.03291048,7201826.97565521,13186316.8827523,24292228.2835582,36523884.629239,57902518.8090942,NA
1869,"salps",2111,104918.998199918,411161.596070423,826654.434501563,1073799.0764071,1553612.4699562,2076174.4348646,2899832.19933929,NA
1869,"mesopelagic fishes",2111,27469.4546513334,527664.799214861,1266279.90810756,1779342.90148625,2624311.82642373,3583605.0143229,4684994.8385071,NA
1869,"bathypelagic fishes",2111,322969.748028031,990549.212096124,1651007.52769982,2375863.96044662,3281305.03388627,4504419.01695356,7694447.16768124,NA
1869,"shelf and coastal fishes",2111,1212069.98392935,2527768.26979114,4187068.23882291,4872054.19951287,5545264.21061269,6269929.47129095,7577959.08049589,NA
1869,"flying birds",2111,3962.33065988391,5450.65714533243,5951.26350461744,6026.5456980895,6124.79664347705,6313.4654577167,6623.55405851027,NA
1869,"small divers",2111,11121.7319772141,22227.2016216956,35303.8448745542,37942.4614594232,40299.0594011806,42904.5184300004,48339.833714989,NA
1869,"squids",2111,38644.1491494251,88521.6179356489,120570.215242392,140538.773839289,167482.012891263,298873.330621106,431267.686872372,NA
1869,"toothfishes",2111,2345.17494029553,144885.782500132,617717.86967901,1014996.21409621,1357801.98322689,1832798.18570405,2768288.87683924,NA
1869,"leopard seals",2111,472.924204105554,1832.70199846447,2591.73872761598,3286.22146359313,3774.76540717658,4648.40767256987,38737.3282504258,NA
1869,"medium divers",2111,60683.8118075404,154382.467712242,277285.838119011,417446.89534226,657848.144482042,874841.075673248,1736361.0922988,NA
1869,"large divers",2111,2106.05213107229,5619.18682215602,11078.4724135554,18733.9991100664,43494.5245425947,294673.556141973,3859297.90406771,NA
1869,"minke whales",2111,2061.51427061264,6940.67401240099,13591.9301556496,27125.7981301044,90509.9455636856,21913731.2895747,216054887.844703,NA
1869,"orca",2111,4467.86108337627,6843.72857219966,8337.80251520111,8946.90419130591,10191.8724626675,19418.0556743431,333580.519947607,NA
1869,"sperm whales",2111,10784.4207745309,14536.9548264684,20503.5792696785,24709.4172188384,112628.720140464,2808014.2409232,14024735.4273191,NA
1869,"baleen whales",2111,106959.255931436,176881.438883049,879122.177294696,883813.138155522,3339564.40006954,19265851.5429526,112895124.203929,NA
1870,"mesozooplankton",2111,4821558.15473873,8724714.91222511,12753528.009476,17197770.0530595,20261762.8019847,24346571.1333602,28537798.271002,NA
1870,"other krill",2111,190393.655005769,1432562.16483657,5189541.58320573,11343353.6142741,30426826.6707593,75965037.8880328,125148846.112002,NA
1870,"other macrozooplankton",2111,1425826.85355076,7902103.14007353,15109821.906446,18541955.7619305,22594185.061729,27747298.4297846,37492069.1321743,NA
1870,"antarctic krill",2111,146944.907925106,1769602.65340151,7228791.57956203,13200326.4269063,24300786.8902609,36425956.2024812,57647052.6192547,NA
1870,"salps",2111,105472.854980854,415259.395934655,832699.125701761,1077755.04661682,1553475.16068398,2077991.60505437,2893530.30896751,NA
1870,"mesopelagic fishes",2111,27312.6558685351,526074.476597755,1266188.62841435,1785108.30100332,2618464.83264534,3584902.76851842,4688611.38661789,NA
1870,"bathypelagic fishes",2111,323046.62218571,988788.146597462,1656135.89019879,2375763.37084715,3272005.98489972,4497118.29234968,7679027.37322818,NA
1870,"shelf and coastal fishes",2111,1208466.11464792,2528188.06372983,4186055.97600158,4865501.72517197,5541845.66057196,6268703.50134462,7574357.24584457,NA
1870,"flying birds",2111,3962.89241093391,5456.45793608195,5952.17184429995,6027.02072165903,6125.1111121113,6313.05974657881,6622.92621460435,NA
1870,"small divers",2111,11141.3780262143,22278.6723639971,35362.1646108499,37995.2180471239,40300.4433061406,42902.0370684836,48329.2083503136,NA
1870,"squids",2111,38031.8443447497,88055.327178407,120426.573443685,140335.96208557,167088.397241532,298651.621508983,430930.278451465,NA
1870,"toothfishes",2111,2356.76115925898,145358.978637403,618827.591768539,1015257.5561856,1358287.9106604,1832761.54016023,2768465.79471289,NA
1870,"leopard seals",2111,475.816050543364,1836.37625762215,2592.13796263215,3284.92072937318,3775.52772133268,4649.35251411413,38401.4531042752,NA
1870,"medium divers",2111,60853.8701573994,154532.289787253,277150.457978648,417327.024887113,656506.462113994,873521.166227596,1729839.39710657,NA
1870,"large divers",2111,2112.52604326015,5622.48586064809,11079.5501944714,18727.6838414854,43432.1583826002,293113.692912639,3838469.3190781,NA
1870,"minke whales",2111,2054.49398702475,6943.21953804267,13580.997982318,27117.0395095114,90092.8453333051,21837908.269472,215339165.626548,NA
1870,"orca",2111,4477.81568523193,6849.72900051035,8340.38937183752,8947.71173747717,10189.4453022893,19390.667409277,332696.619463595,NA
1870,"sperm whales",2111,10792.4839517356,14542.5774042013,20499.236778443,24696.3213799914,112456.676986597,2802972.42830908,13999425.338918,NA
1870,"baleen whales",2111,107046.799251672,176919.518534961,878249.698370773,882950.451128702,3335556.68429491,19241457.2031034,112750988.693935,NA
1871,"mesozooplankton",2111,5080031.37048103,9115110.02443654,13023399.0868845,17492650.8992587,20637957.1322963,24851504.6576504,29064872.0730185,NA
1871,"other krill",2111,201191.269818401,1482079.25127775,5306746.56504422,11516044.0456364,30587335.0882695,75915243.1381947,124115980.002669,NA
1871,"other macrozooplankton",2111,1464626.25790603,7935773.75821646,15199426.3941966,18897113.6648706,22924661.876556,28576294.8249639,38266329.8139229,NA
1871,"antarctic krill",2111,149962.943039102,1776173.93783768,7263081.38986645,13270395.8878048,24303454.4436294,36315539.4839054,57532474.5619057,NA
1871,"salps",2111,106477.287169204,418852.636694128,837223.704956706,1080439.77337868,1555596.72065818,2078735.04252834,2892830.51257298,NA
1871,"mesopelagic fishes",2111,27300.6137986158,530380.751322522,1273966.82694412,1791427.8507936,2622012.24104766,3586808.49911535,4692418.43076818,NA
1871,"bathypelagic fishes",2111,326555.173463128,995135.258216042,1661980.99250062,2382698.3490398,3271329.11468654,4498152.22942119,7675033.47313967,NA
1871,"shelf and coastal fishes",2111,1212626.54912032,2534981.94444837,4186583.76758013,4869728.45092555,5541349.55561911,6269921.90208294,7573124.29380561,NA
1871,"flying birds",2111,3962.71736795528,5457.67008852117,5951.96548060713,6026.97721109742,6124.8548751661,6312.41391502401,6622.27871844503,NA
1871,"small divers",2111,11159.504683452,22312.9943149391,35404.225014627,38006.3550146927,40296.1691508932,42895.1877308944,48320.0271292743,NA
1871,"squids",2111,37798.8655965154,87953.1849527334,120475.632328145,140359.103783975,166971.435074179,298604.539802308,430626.297988879,NA
1871,"toothfishes",2111,2362.97710372963,145789.590725595,620340.556866748,1015528.93213701,1358251.86921901,1832592.14021728,2768666.80075714,NA
1871,"leopard seals",2111,478.967933954155,1841.43164542669,2592.24104291645,3284.38472787957,3776.39460874537,4650.38146894536,38069.2205550842,NA
1871,"medium divers",2111,61044.4939895604,154747.277095563,277044.197401974,417250.889151004,655836.875977832,873164.671117274,1723357.50571104,NA
1871,"large divers",2111,2119.96714773834,5625.52699802327,11075.8620295601,18724.0557530968,43369.6142940499,291719.223839956,3817739.57638074,NA
1871,"minke whales",2111,2051.2099115205,6958.01854938085,13568.2895214785,27104.3804446146,89682.3766215782,21762334.2081255,214625795.542776,NA
1871,"orca",2111,4487.64778323707,6855.51929366938,8342.75196103013,8948.51624281344,10186.7695987133,19362.8405297743,331815.110574744,NA
1871,"sperm whales",2111,10800.5294369225,14548.0065348577,20494.5800364633,24682.9908195338,112284.917981993,2797939.1147205,13974160.6282824,NA
1871,"baleen whales",2111,107131.295204006,176954.372370662,877377.922825051,882088.992537797,3331553.50643232,19217093.1985721,112607033.908879,NA
1872,"mesozooplankton",2111,6156729.898772,9917519.36500195,13645472.1249474,18012919.5225793,21071312.1932665,25303134.8155398,29586506.5836713,NA
1872,"other krill",2111,222348.642231328,1585030.12104174,5575098.10037246,11823555.2898292,30872163.3799598,75662713.7844075,123345577.629025,NA
1872,"other macrozooplankton",2111,1542962.92204922,8246660.66675425,15826869.8775051,19660932.5039173,23801657.9141009,29431296.8777381,39124598.750255,NA
1872,"antarctic krill",2111,157543.194169498,1819060.51430419,7429095.63330654,13484033.7262046,24389426.3354702,36421192.4776426,57491808.8870296,NA
1872,"salps",2111,109284.735461597,427258.923001432,849941.06939006,1089192.76569258,1568475.9894025,2086859.00069819,2895420.63941811,NA
1872,"mesopelagic fishes",2111,27791.0290249107,538068.059419445,1287919.52097483,1806546.30542581,2634723.7595483,3597781.29332631,4694979.57374737,NA
1872,"bathypelagic fishes",2111,332825.843334351,1006408.25918476,1674802.47370689,2396020.04284183,3278394.94809291,4503480.96362306,7674729.48256085,NA
1872,"shelf and coastal fishes",2111,1219131.23966803,2547466.97241322,4188462.28350859,4872572.89924761,5541251.97358422,6271792.44329259,7572343.47652684,NA
1872,"flying birds",2111,3962.93490473813,5459.74117299651,5953.06506340578,6027.07191842822,6124.69192048221,6312.09958801335,6621.71230923684,NA
1872,"small divers",2111,11185.2694855196,22354.7551796583,35440.349231191,38015.6639686749,40294.6420044356,42890.6398336039,48311.8857024396,NA
1872,"squids",2111,37721.2874418098,88127.4630792929,120541.671079302,140483.851968033,166873.472989107,298669.170315328,430363.057249459,NA
1872,"toothfishes",2111,2371.89252692391,145863.043209279,620721.47483004,1015945.37979523,1358192.44573983,1832477.95943731,2768826.37308811,NA
1872,"leopard seals",2111,482.202299088723,1845.59686285234,2590.35842356771,3284.09249590948,3776.38485183551,4651.15389242704,37740.409438598,NA
1872,"medium divers",2111,61236.535108681,154955.727883153,277093.052411898,417171.756856332,655165.392535468,872811.479456045,1716908.11534797,NA
1872,"large divers",2111,2127.44086333439,5630.29891666488,11076.5174029803,18720.3307725868,43355.9873191341,290331.48598389,3797108.46660185,NA
1872,"minke whales",2111,2047.89724913248,6973.42287973308,13550.7127179101,27049.4331597134,89228.6685381527,21687009.4274217,213914777.686826,NA
1872,"orca",2111,4497.61051395908,6861.43088517386,8345.19826835597,8949.38553732255,10184.2068553746,19335.1769243512,330936.009749549,NA
1872,"sperm whales",2111,10808.5640092656,14553.450154292,20489.8648674041,24669.7236428447,112113.468110652,2792915.01176447,13948941.6170867,NA
1872,"baleen whales",2111,107216.505523734,176989.715433009,876507.255463941,881228.645184967,3327555.48175076,19192760.4248101,112463264.264352,NA
1873,"mesozooplankton",2111,5941923.20921315,9483254.64793726,13356176.4177803,17743040.8065754,20709789.8623321,24770035.5076599,28980862.2484774,NA
1873,"other krill",2111,238939.382165141,1653186.96414797,5536232.7187954,11651407.9626353,30318825.118128,73626193.3518948,121160614.64398,NA
1873,"other macrozooplankton",2111,1626244.35964516,8524636.98735022,15930329.9727281,19605910.0931948,23729162.3373038,28897432.7580404,38635667.6074567,NA
1873,"antarctic krill",2111,166122.515167637,1866319.71583686,7562024.3082376,13597430.3484591,24374214.1829819,36304055.671299,57270721.4306284,NA
1873,"salps",2111,112373.313973629,431078.673357976,857003.078305356,1092119.555222,1575814.13403734,2089743.03756672,2896326.92507987,NA
1873,"mesopelagic fishes",2111,28753.9642007272,545437.360068768,1306134.53712951,1824505.12897176,2652433.51075571,3609375.90227974,4696637.01560601,NA
1873,"bathypelagic fishes",2111,341266.482527748,1017722.79137156,1689860.79897784,2413671.81228212,3289915.67746799,4513214.08356988,7674359.11526632,NA
1873,"shelf and coastal fishes",2111,1224083.79129996,2557117.83351128,4192266.10597841,4877313.3489873,5543557.2090386,6272583.90465845,7571011.97010106,NA
1873,"flying birds",2111,3963.37102594751,5461.74943022535,5953.95767801451,6027.49762894228,6124.86567659407,6312.18613308615,6621.18768243082,NA
1873,"small divers",2111,11215.4060374168,22406.1732124207,35474.6200273229,38031.1066580615,40303.8133103742,42887.665489342,48304.1531275138,NA
1873,"squids",2111,37672.8788748251,88416.9901182033,120624.663600562,140486.685722188,166830.105189891,298439.071227063,430077.387886962,NA
1873,"toothfishes",2111,2385.83560191588,145938.320909294,621163.07131326,1016684.50324715,1358498.48452747,1832471.12828579,2768913.18940824,NA
1873,"leopard seals",2111,485.4759501334,1850.72575733422,2592.52764637001,3284.43211957888,3777.75241900448,4651.88560767332,37414.8952470211,NA
1873,"medium divers",2111,61426.3834470833,155142.26422479,276905.594247477,417080.231254686,654489.254520475,872461.483592401,1710489.09431084,NA
1873,"large divers",2111,2134.76521466559,5634.70785555136,11077.1948991217,18716.4795300175,43296.4581739046,288950.457850406,3776575.54796836,NA
1873,"minke whales",2111,2043.63795135846,6983.52818360843,13540.1283765,27001.1859497194,88758.5508817578,21611932.9616417,213206104.008323,NA
1873,"orca",2111,4507.76282593774,6867.53459732553,8347.784783034,8950.38716788589,10181.8288429914,19307.8042712487,330059.310407413,NA
1873,"sperm whales",2111,10816.5870655739,14559.1722678271,20484.5122425724,24656.585310707,111942.332520749,2787900.25130722,13923768.2985988,NA
1873,"baleen whales",2111,107302.537358673,177025.644694929,875638.812176991,880369.379923661,3323562.62439665,19168458.8724985,112319679.514932,NA
1874,"mesozooplankton",2111,4920681.3891913,8793927.61201101,12805300.9790908,17325265.1047526,20444822.5594357,24646948.8847505,28786016.0213498,NA
1874,"other krill",2111,230253.780681493,1582928.49137787,5266142.39255911,11201070.3169455,29901559.8024865,73010078.6101184,120442629.616223,NA
1874,"other macrozooplankton",2111,1653600.42506752,8236148.99447018,15469185.3996676,18921415.663589,23040926.6483438,28322201.9136527,38397287.1326342,NA
1874,"antarctic krill",2111,169357.935269126,1863903.22921852,7497056.50781602,13438940.0766016,24313286.6663257,36184895.079214,57118756.4783287,NA
1874,"salps",2111,113052.768263716,427963.818028996,849507.144346355,1084032.19777389,1568968.14727029,2084582.89054817,2899237.7316194,NA
1874,"mesopelagic fishes",2111,29269.9610551791,550942.020498317,1311226.61574185,1830980.77417944,2668310.99256405,3623373.76017488,4698115.73815497,NA
1874,"bathypelagic fishes",2111,349703.941878599,1028929.38030767,1702689.24300922,2426094.63402362,3317084.92301232,4525385.45880598,7684880.65353344,NA
1874,"shelf and coastal fishes",2111,1237278.78156549,2574618.72696109,4202879.52861416,4888391.44375582,5550532.33405293,6277348.7345425,7573404.02584936,NA
1874,"flying birds",2111,3962.31146390819,5460.77655432017,5952.53146669577,6027.14021307046,6123.10835742558,6310.68361738219,6620.53926066107,NA
1874,"small divers",2111,11225.9246063336,22409.5584253633,35456.00207382,38006.2602939907,40293.9069430143,42879.7987637202,48297.4167018718,NA
1874,"squids",2111,38245.0087431981,89009.9542423415,121014.015079528,140948.886241366,167245.066046764,298586.793994802,430019.486477292,NA
1874,"toothfishes",2111,2386.37370518642,146119.562981997,622789.574064466,1018817.36372967,1358956.02793965,1832481.93585936,2769160.90203893,NA
1874,"leopard seals",2111,489.158232919438,1856.05006669566,2592.93280610928,3285.37671558903,3779.71699181886,4652.80397270102,37092.9673052607,NA
1874,"medium divers",2111,61655.2107885523,155393.622305402,276571.390307972,417063.631670523,653948.108725405,871559.602528683,1704113.02375095,NA
1874,"large divers",2111,2143.88902576126,5647.99791887341,11084.4142114938,18708.2645560812,43270.1608376496,287576.104751794,3756140.21836626,NA
1874,"minke whales",2111,2045.93052378351,7012.61753113772,13551.4448695126,26959.7927724982,88401.1005957029,21537101.7053634,212499750.93651,NA
1874,"orca",2111,4517.50210750686,6872.46000754119,8349.81049567518,8950.7510024223,10178.8363101,19279.5172740826,329184.929126123,NA
1874,"sperm whales",2111,10824.5870362802,14564.3374166329,20479.4320305902,24642.9606806856,111771.457048097,2782893.45054019,13898639.8646595,NA
1874,"baleen whales",2111,107381.14519721,177054.277206326,874771.666335538,879511.417420378,3319573.71779183,19144189.7080039,112176269.735909,NA
1875,"mesozooplankton",2111,5059916.71710354,9093519.63891538,12951682.9590638,17509846.1232708,20714664.759076,25046803.4828783,29205509.400747,NA
1875,"other krill",2111,215280.830221425,1545686.60923436,5164706.57218675,11251694.659786,30376758.0042784,74874350.2635732,122312164.865088,NA
1875,"other macrozooplankton",2111,1639019.77266412,8026800.05198337,15278562.7592909,18897234.9056627,23076483.5007178,28595400.3598473,38839266.2045739,NA
1875,"antarctic krill",2111,168580.563276983,1840458.57485544,7390673.42711734,13335521.0984446,24306902.9251169,36162956.7548183,57230614.7000779,NA
1875,"salps",2111,112693.193768647,425349.56124831,840787.060961038,1074636.10322922,1561962.22186115,2080201.83918086,2902428.55304063,NA
1875,"mesopelagic fishes",2111,29055.270603564,553306.039988808,1312855.91941837,1827041.57660595,2672795.74074176,3625713.25099081,4692101.9817209,NA
1875,"bathypelagic fishes",2111,354308.225956218,1032369.64133636,1702261.55974991,2432840.41615387,3332576.18532359,4538219.82438765,7695459.65413,NA
1875,"shelf and coastal fishes",2111,1252262.90085535,2588642.22792426,4215807.63238891,4901464.93095364,5559875.24046708,6282817.76556857,7576951.48524136,NA
1875,"flying birds",2111,3960.90563321488,5456.35062098589,5950.99531182731,6026.40204550062,6122.21130497367,6308.2337919665,6619.86092869341,NA
1875,"small divers",2111,11220.9499128544,22383.5847565886,35399.0156401523,37958.5217526991,40279.9164798146,42851.4044956045,48289.9440944211,NA
1875,"squids",2111,39196.8542133008,89771.7929846712,121595.012877389,141514.748557501,167971.419992146,299020.36117795,430227.66324516,NA
1875,"toothfishes",2111,2371.74535106001,146722.338234552,625133.40905311,1020805.80322002,1359520.27999969,1832528.83079084,2769530.18753206,NA
1875,"leopard seals",2111,493.114018588038,1864.61856268537,2597.97310324959,3287.02020625251,3780.08211099343,4653.81630419789,36774.3802367672,NA
1875,"medium divers",2111,61907.0507263749,155485.901134754,276528.143754791,417088.033821176,652813.369842902,869569.498639714,1697772.28250241,NA
1875,"large divers",2111,2154.0403218604,5663.54035711809,11090.7649877525,18688.3307135208,43234.9496687551,286208.293125999,3735802.00556173,NA
1875,"minke whales",2111,2051.74676306317,7049.25010571587,13578.8798012418,26969.8186685418,88064.1711592638,21462515.5260237,211795716.315734,NA
1875,"orca",2111,4526.9410804908,6876.34551050457,8351.46695482957,8950.72620983366,10175.4625394083,19250.7738974288,328312.873450219,NA
1875,"sperm whales",2111,10832.5730342332,14569.1400768306,20473.9760902728,24629.0415610387,111600.857277349,2777895.11149323,13873556.5358459,NA
1875,"baleen whales",2111,107454.950352612,177078.306197192,873905.178394341,878654.646953545,3315589.23834425,19119953.6968093,112033038.026063,NA
1876,"mesozooplankton",2111,4974849.8844765,8403435.03788402,12535282.4947452,17046470.7525782,20165429.4751378,24392839.7007502,28473358.6748141,NA
1876,"other krill",2111,201806.385250521,1500388.18339461,5123510.22519122,11193459.1164318,30381503.62902,75465487.0164306,123109018.37695,NA
1876,"other macrozooplankton",2111,1623193.36864396,7949806.85761946,15223750.7771529,18795414.207006,22889288.266497,28185964.2651477,38154199.6705766,NA
1876,"antarctic krill",2111,165228.482296133,1825554.47237558,7357979.958995,13248764.7453738,24231012.7743282,36113713.0321819,57268775.9359187,NA
1876,"salps",2111,112123.365505789,424031.663437114,838143.170578718,1071900.66157841,1561535.64647488,2077253.06899774,2900757.73473343,NA
1876,"mesopelagic fishes",2111,28861.880779512,555817.57396322,1315757.17820363,1827788.07712039,2673412.76409236,3623276.5103156,4683168.57713263,NA
1876,"bathypelagic fishes",2111,355512.428820309,1036154.24488098,1706354.8229306,2434422.47017394,3333856.69934857,4540373.5302056,7690522.80959738,NA
1876,"shelf and coastal fishes",2111,1262847.66308874,2607223.05096194,4226048.18661289,4911576.97009758,5568317.12733884,6284311.21675351,7576874.12291082,NA
1876,"flying birds",2111,3962.14877204625,5460.20672828823,5952.71964763366,6027.69737291994,6122.92340181931,6309.33939800561,6619.44469394432,NA
1876,"small divers",2111,11248.1255283132,22406.1246197089,35394.7090502081,37953.5998337719,40283.0490405266,42853.1953633023,48282.4240911203,NA
1876,"squids",2111,39682.487004713,90388.0060179344,122026.395474386,141846.413976966,168290.240783761,299387.828066416,430506.576400082,NA
1876,"toothfishes",2111,2370.8469166663,147751.96044043,626089.263965506,1021970.37403294,1360733.41489709,1832870.73060549,2769821.19156613,NA
1876,"leopard seals",2111,496.889434689606,1867.40502505639,2597.67006786985,3288.25077459782,3781.04633669918,4654.86536351942,36458.9355366739,NA
1876,"medium divers",2111,62129.8871183452,155525.449935562,276518.353455603,417036.913012055,652508.730432757,866891.090064676,1691452.47272423,NA
1876,"large divers",2111,2162.7538687613,5674.50738593834,11091.7697112669,18666.4575389548,43088.8267292049,284847.578499455,3715561.53638717,NA
1876,"minke whales",2111,2051.48089171092,7069.18534850748,13592.2882382844,26967.8259243116,87785.3431021005,21388177.7258626,211094018.407029,NA
1876,"orca",2111,4536.80807421524,6880.94212219192,8353.63370288898,8951.31040739311,10172.653588345,19223.1594234258,327443.238484102,NA
1876,"sperm whales",2111,10840.5930173226,14574.681320073,20469.2677730985,24615.7231891354,111430.631740869,2772907.2398724,13848519.3087938,NA
1876,"baleen whales",2111,107537.921288915,177111.746331882,873040.94660909,877798.789889787,3311611.50620911,19095750.0682687,111890000.943347,NA
1877,"mesozooplankton",2111,4621446.401912,8295439.46869874,12467026.935506,17046462.5638208,20269291.6823933,24584406.0444494,28700292.5121948,NA
1877,"other krill",2111,185451.309337786,1415624.2952873,4971481.26325764,11009256.146511,30356723.9524727,76409409.6203561,125057525.413237,NA
1877,"other macrozooplankton",2111,1545460.57754331,7689611.15753867,14790600.6064671,18284450.60426,22340353.0451047,27625005.3842353,37962199.2988068,NA
1877,"antarctic krill",2111,157357.891657046,1775587.82294623,7191252.06668558,13034002.4717947,24113608.0110495,36047832.2850505,57388935.3521266,NA
1877,"salps",2111,109441.927981243,414537.257219433,822402.573599939,1058997.7404117,1549609.02930978,2069941.23778707,2897145.5820368,NA
1877,"mesopelagic fishes",2111,27811.5538272876,543675.385411054,1291423.89426417,1803228.2518014,2657152.24291483,3615448.91316677,4674163.19576137,NA
1877,"bathypelagic fishes",2111,352272.908102037,1025281.61289387,1685010.33464179,2415602.74958382,3316710.56942433,4538002.93011074,7693011.59341611,NA
1877,"shelf and coastal fishes",2111,1268723.26163756,2609334.36560891,4232502.21138468,4918961.50378497,5573892.91629175,6288362.94635682,7579228.22208799,NA
1877,"flying birds",2111,3959.59395967823,5449.32868677922,5949.8155253928,6024.99226491207,6120.54077366374,6305.07973907313,6618.55256155061,NA
1877,"small divers",2111,11216.1275685673,22344.5716165964,35302.9035912134,37884.0781863231,40251.3655424544,42850.5963118382,48272.5568183741,NA
1877,"squids",2111,40543.6890442354,91027.5768678983,122711.452985141,142306.32931788,168925.442947159,299827.524980162,430805.318459521,NA
1877,"toothfishes",2111,2339.77834317318,148790.082613012,627253.392440219,1022417.31711413,1362780.08498889,1832912.13543983,2770200.90469421,NA
1877,"leopard seals",2111,501.143229015371,1872.79479791669,2601.07498121173,3290.60578304038,3781.79610440257,4655.8259327972,36146.4616247744,NA
1877,"medium divers",2111,62396.7965658732,155728.210258487,276624.978219419,417084.298586479,652382.027819592,865018.294903603,1685170.6354362,NA
1877,"large divers",2111,2173.57626948453,5678.92695891013,11092.0648418583,18665.3765037729,42943.2652392304,283395.048835974,3695415.6184098,NA
1877,"minke whales",2111,2059.24091403188,7115.84275784818,13609.1235971088,26981.2106369654,87491.1753089744,21314080.4063448,210394605.304216,NA
1877,"orca",2111,4545.94564740027,6884.52329196179,8354.93771575474,8950.9669262068,10168.7918693665,19194.2514704703,326575.875344799,NA
1877,"sperm whales",2111,10848.5674566785,14579.1933415648,20463.6457328987,24601.5667345817,111260.618019872,2767926.48763711,13823526.2963079,NA
1877,"baleen whales",2111,107606.082822967,177130.233960499,872176.17626755,876944.228049486,3307636.37426574,19071575.1960739,111747128.537336,NA
1878,"mesozooplankton",2111,4648485.86906666,8135950.49430629,12374403.1454873,16900037.9877576,19997654.7499942,24122595.7840338,28093948.6984907,NA
1878,"other krill",2111,179593.977631584,1380412.29107152,5025915.67799586,11180960.4975114,30450755.1608233,77834534.111538,126644645.494508,NA
1878,"other macrozooplankton",2111,1446533.57754928,7506438.2885193,14400783.2768533,17912170.2551991,21851866.0390635,27098894.7999723,37006209.5919243,NA
1878,"antarctic krill",2111,149640.110901725,1726702.94772793,7049869.71561419,12865799.694665,23928519.1953656,35993582.1782813,57421836.2114376,NA
1878,"salps",2111,107042.535127436,402440.417040212,810660.693327039,1049650.1145683,1531805.29960078,2057261.48554422,2883190.80013814,NA
1878,"mesopelagic fishes",2111,26140.905084707,524696.2791991,1246686.00934848,1765338.25995575,2614395.86591415,3584570.00548968,4650058.51664234,NA
1878,"bathypelagic fishes",2111,341644.967466713,986345.466457984,1646403.3518067,2377722.83329605,3274185.66187344,4503047.22353064,7671785.82879898,NA
1878,"shelf and coastal fishes",2111,1251252.19075705,2585527.55076708,4225887.30512281,4913707.66959432,5568479.49876262,6284167.88808378,7573440.44702577,NA
1878,"flying birds",2111,3958.28790273518,5440.68112189212,5948.53256379362,6023.43992046139,6120.06413574021,6302.90295533947,6617.7501721991,NA
1878,"small divers",2111,11171.3372058114,22291.1906825521,35224.6147178269,37814.8093404323,40224.6731715191,42842.1005267054,48258.4536449151,NA
1878,"squids",2111,40717.5727641215,90938.9317093211,122664.865320797,142198.437218891,168927.290807744,300018.613933819,430929.575242047,NA
1878,"toothfishes",2111,2304.2317170099,149622.898384637,628485.557415525,1022257.63499399,1364115.87798676,1832837.09467022,2770292.57405159,NA
1878,"leopard seals",2111,505.198995855501,1878.4592332389,2602.72360379937,3292.20058678066,3782.88251266433,4656.43962425406,35836.2317770871,NA
1878,"medium divers",2111,62632.5927870163,156050.995667826,276693.566043433,417068.302537207,651901.410402955,863472.670019538,1678905.68646924,NA
1878,"large divers",2111,2182.98733377126,5675.11573349981,11080.0353461656,18661.3355445613,42841.3402074985,281603.914470138,3675364.34887664,NA
1878,"minke whales",2111,2061.18387345655,7128.57736993819,13625.2382656755,26984.2057794418,87191.6152334351,21240227.4944148,209697500.371213,NA
1878,"orca",2111,4555.35096463967,6888.24558979626,8356.06829412461,8951.22376626919,10165.4850291207,19166.2562358543,325710.921805882,NA
1878,"sperm whales",2111,10856.5589431124,14584.1353260603,20458.380896657,24587.7669396736,111090.947650809,2762955.43378244,13798578.8925456,NA
1878,"baleen whales",2111,107675.855413277,177150.294547653,871312.916319427,876090.578551516,3303666.80730731,19047431.4930788,111604440.795243,NA
1879,"mesozooplankton",2111,4028244.22300721,7359456.86631755,11895154.5725631,16531032.5252202,19688796.7354844,23978765.4800005,27983493.8113606,NA
1879,"other krill",2111,172743.020805079,1314264.75922621,5010599.77997094,11117794.6493117,30585962.8489432,78738959.5026367,128315095.300946,NA
1879,"other macrozooplankton",2111,1343651.17892745,7292280.06442105,14053689.177579,17623769.9368274,21411096.27872,26616792.5198753,36749968.8485928,NA
1879,"antarctic krill",2111,141809.70058377,1674377.57783273,6913738.89657777,12711396.1980093,23850958.8719764,36028306.3467059,57551923.3961463,NA
1879,"salps",2111,103734.254725028,392975.143786477,796410.733001996,1037191.35030796,1520198.41458042,2049508.25042903,2873430.73453956,NA
1879,"mesopelagic fishes",2111,24271.6824974097,502133.371418325,1212887.08378445,1724523.435931,2573656.88677646,3557893.07726348,4632040.4265656,NA
1879,"bathypelagic fishes",2111,328639.570618395,956467.069986948,1602959.60213199,2332207.01582715,3228975.34058905,4465750.14430384,7654767.02606084,NA
1879,"shelf and coastal fishes",2111,1236902.94029423,2564411.73083656,4213041.46100622,4901650.09600388,5560875.24639786,6277074.2699397,7567512.23307888,NA
1879,"flying birds",2111,3956.47258417745,5430.31899362479,5945.74111970968,6020.98735617001,6118.8067250272,6300.53054482002,6616.86723299626,NA
1879,"small divers",2111,11112.9638141954,22215.3132062513,35130.5255327179,37761.0444831234,40182.7699637499,42806.6836226528,48244.3079199293,NA
1879,"squids",2111,40853.5118533115,90643.7977771534,122013.299430866,141872.0398404,168705.707453064,300219.65040624,431014.405853319,NA
1879,"toothfishes",2111,2265.20419419091,150249.443939729,629591.094858611,1021735.65714219,1363896.55303285,1832448.37172459,2770321.0041864,NA
1879,"leopard seals",2111,509.501633070482,1885.24348528447,2605.99607547193,3292.79905735628,3784.08470178573,4656.93757878948,35528.6261309255,NA
1879,"medium divers",2111,62880.132624134,156439.914808959,276680.479780339,417081.96627647,651369.654513551,861466.612472292,1672671.87794309,NA
1879,"large divers",2111,2193.06965312708,5677.1753350009,11063.1958783273,18658.3174290165,42738.4399423338,279826.13969214,3655407.85113129,NA
1879,"minke whales",2111,2066.10019370672,7164.41501559021,13645.5984854877,26960.6568763408,86896.0880888941,21166617.256512,209002687.046266,NA
1879,"orca",2111,4564.43608806356,6892.28382353757,8356.77729893672,8951.70161575367,10161.8039207366,19137.8812679556,324848.299618389,NA
1879,"sperm whales",2111,10864.5336722458,14588.6967539216,20452.7241323051,24573.6619739959,110921.545432204,2757992.66208447,13773676.1937239,NA
1879,"baleen whales",2111,107742.53860701,177167.682375057,870450.56919496,875238.077401653,3299701.99941951,19023318.3888725,111461932.403049,NA
1880,"mesozooplankton",2111,5771790.65375586,9574884.64160489,13337115.0878376,17929389.7322893,21247766.9871176,25600946.1320393,30022658.1285423,NA
1880,"other krill",2111,190656.165893503,1435607.45933091,5545983.8737225,12094596.7411758,31998685.9588435,81644090.3382185,130553298.901389,NA
1880,"other macrozooplankton",2111,1353666.98442394,7718164.92431636,15095131.9299215,19267422.3064013,23186666.9049098,29201347.8876561,39065040.2302059,NA
1880,"antarctic krill",2111,143668.627313911,1707869.63860235,7100583.79349064,13121043.5800853,24198172.0392148,36507654.8184922,58022705.4028237,NA
1880,"salps",2111,103952.549350681,405034.245688662,812389.363568949,1057083.76206478,1535002.74037315,2059617.30064874,2878804.51089222,NA
1880,"mesopelagic fishes",2111,23193.5986025403,500330.576686656,1217874.53948875,1718006.92664673,2568476.04808715,3546293.08375049,4635628.08123207,NA
1880,"bathypelagic fishes",2111,319714.781353402,956222.598922629,1592650.80193455,2319111.69250231,3207116.90806674,4454599.55522323,7646778.38614515,NA
1880,"shelf and coastal fishes",2111,1237143.83038675,2559059.19302493,4198627.91492669,4887980.80252377,5549578.68427437,6269811.96555161,7563582.76396534,NA
1880,"flying birds",2111,3957.31147476466,5432.6342380391,5946.93188889232,6021.75719502874,6119.04136742851,6300.12907829832,6616.3023866789,NA
1880,"small divers",2111,11099.6737637318,22190.643604868,35115.0748556321,37766.9471626033,40188.0441932915,42805.5426119573,48233.9114632856,NA
1880,"squids",2111,40797.9236988501,90334.5354957269,121458.143455077,141568.092419501,168306.57816808,300204.534886293,431208.488680403,NA
1880,"toothfishes",2111,2252.93185770376,150927.54775834,630544.29695832,1022716.39766451,1363546.21602972,1832066.66381892,2770299.32607872,NA
1880,"leopard seals",2111,513.842094349539,1890.54571790302,2609.88479533833,3296.95873950713,3784.02520159852,4657.49681580523,35224.0045485796,NA
1880,"medium divers",2111,63114.7064236598,156602.401385112,276644.620683156,417057.048002834,650563.559406125,859404.32794556,1666468.04785291,NA
1880,"large divers",2111,2202.63190519446,5684.53812411689,11066.3595658193,18627.1454906564,42594.7583723123,278055.634701477,3635548.26568701,NA
1880,"minke whales",2111,2069.24247232069,7193.64673278223,13662.5612768445,26943.6529254237,86609.3301864889,21093253.5653659,208310183.046172,NA
1880,"orca",2111,4573.65902605787,6896.32042445344,8358.06564472793,8951.47386432574,10158.4410303112,19110.0699218926,323988.067785591,NA
1880,"sperm whales",2111,10872.5472700628,14593.6620049684,20447.4331588578,24559.9091268851,110752.488395705,2753039.63663438,13748818.9499028,NA
1880,"baleen whales",2111,107818.853467389,177195.38697752,869590.623520006,874386.590783579,3295744.18193321,18999237.8972101,111319618.818729,NA
1881,"mesozooplankton",2111,4413953.58061772,7333901.70830534,12082295.1116021,16739918.192502,19823392.304359,24006836.4600512,27973016.6212127,NA
1881,"other krill",2111,194513.861298655,1420189.27232775,5347636.07860569,11546790.4126917,31188043.6888541,79380232.0848594,129043616.585703,NA
1881,"other macrozooplankton",2111,1332316.84681469,7790485.83780205,15146576.9856755,18773187.8371554,22804750.1347603,27818184.578947,37974926.1255161,NA
1881,"antarctic krill",2111,143155.087352159,1708976.50522452,7140570.09044059,13141317.8229204,24323179.0217235,36657712.0557433,58151432.9032918,NA
1881,"salps",2111,103088.470243142,404608.520371637,814540.433525223,1059011.32588969,1537378.18760652,2065184.51851934,2883328.02199694,NA
1881,"mesopelagic fishes",2111,22480.7025898631,490788.579826958,1219636.52325085,1720760.41403682,2573392.2612856,3552571.22637586,4653363.47117726,NA
1881,"bathypelagic fishes",2111,314150.294297093,947957.670820992,1597969.92894994,2321867.03716111,3210816.66529884,4467319.06128767,7653313.32004497,NA
1881,"shelf and coastal fishes",2111,1232940.18918245,2551697.08271546,4183200.33490419,4872885.57834071,5536544.52887281,6261466.7103293,7562026.63956026,NA
1881,"flying birds",2111,3956.08826792699,5427.3873204928,5945.35944092991,6020.35720201385,6117.90770918781,6298.79400991494,6615.48900352941,NA
1881,"small divers",2111,11058.2509132583,22145.4276701512,35088.6421317982,37753.0720505551,40189.3764092323,42792.1658223128,48222.6849998884,NA
1881,"squids",2111,40771.4319089424,89839.7480282914,120782.914773945,141037.265184043,167874.145597172,300123.199392585,431281.287621808,NA
1881,"toothfishes",2111,2241.07378694234,151520.497365661,631068.254273979,1022861.08454221,1362795.73003003,1831411.59599983,2770173.86400781,NA
1881,"leopard seals",2111,518.359925731745,1896.79321110951,2611.71871314501,3296.07280050128,3783.86004293386,4657.29931551409,34922.0533260427,NA
1881,"medium divers",2111,63357.6500828086,156695.400448837,276618.545451301,417052.708807926,650013.354157911,858360.279260467,1660297.18100887,NA
1881,"large divers",2111,2212.69066963907,5697.16600280081,11058.1970705647,18623.937712613,42430.3519135593,276297.608651896,3615782.94298129,NA
1881,"minke whales",2111,2074.19567078726,7225.30022434395,13668.1172015192,26944.8023186449,86227.6650992369,21020130.5408567,207619952.23587,NA
1881,"orca",2111,4582.65730213203,6900.02208793047,8359.6524923236,8950.89338903909,10154.8178009688,19081.9983038303,323130.173040663,NA
1881,"sperm whales",2111,10880.5566006296,14598.3896868073,20442.0077099665,24545.9488051095,110583.702524105,2748094.91407986,13724006.3503837,NA
1881,"baleen whales",2111,107890.038736503,177217.708046339,868731.191592813,873536.219444307,3291790.5025993,18975187.4177056,111177480.718773,NA
1882,"mesozooplankton",2111,6111735.99045372,10254248.662029,13772513.3521142,18283658.2908474,21421843.4101311,25615675.3523481,30125907.4026922,NA
1882,"other krill",2111,211466.753863372,1532366.5199742,5647350.43062865,12014405.8934576,31274560.4764489,78034934.6552301,127748077.185129,NA
1882,"other macrozooplankton",2111,1402245.11508672,8160379.28449751,15610094.4400089,19298227.3387541,23484814.4129826,29310316.7476267,38793977.9146332,NA
1882,"antarctic krill",2111,151990.513225245,1770256.51377283,7361170.953513,13478458.272969,24506765.1581133,36804727.1703743,58223769.554204,NA
1882,"salps",2111,105839.302359416,418195.217447642,837009.06927084,1086101.86792802,1555081.97600443,2076250.34251881,2892488.82431591,NA
1882,"mesopelagic fishes",2111,22482.2932766973,499214.933940707,1243806.23158281,1747396.67377276,2598852.66298863,3570284.56765535,4677439.92770955,NA
1882,"bathypelagic fishes",2111,314154.787136983,961385.449712059,1616864.14628145,2343306.78150924,3228906.93563761,4475801.47235683,7659500.06122233,NA
1882,"shelf and coastal fishes",2111,1233190.2150481,2553705.51197162,4171772.26493561,4864177.01499739,5530698.58187339,6256293.67333086,7559937.52358454,NA
1882,"flying birds",2111,3958.11227974641,5437.96203077282,5947.8639727445,6022.79270508943,6118.54690746881,6299.98537241673,6615.05181617878,NA
1882,"small divers",2111,11076.3780802184,22181.3054195508,35180.051241934,37822.5172151536,40214.9027908535,42789.1466938892,48213.0927865753,NA
1882,"squids",2111,40301.3922990357,89357.3778452106,120294.918948122,140530.442911464,167139.117171197,299791.58246161,431290.88075948,NA
1882,"toothfishes",2111,2257.31049598323,152254.599947336,631740.098194354,1023365.76596014,1362229.33495916,1831000.29048045,2769937.31045042,NA
1882,"leopard seals",2111,522.707151485906,1898.68399698674,2612.86764611138,3297.20131193029,3783.0857587507,4657.39522765767,34623.3867104835,NA
1882,"medium divers",2111,63570.5202226215,156713.957637152,276555.514231188,416961.155689545,649291.909926444,857453.522819984,1654153.66696082,NA
1882,"large divers",2111,2221.32020413321,5701.81967893109,11059.0083124706,18620.963018547,42278.4764359356,274542.358206167,3596114.73380121,NA
1882,"minke whales",2111,2072.82846485793,7240.48636101761,13659.6051624433,26941.4407749842,85927.7972960392,20947253.0480687,206932021.813902,NA
1882,"orca",2111,4592.1872406225,6904.51497196874,8361.77806533544,8951.53629232671,10152.0382720751,19055.1684951421,322274.702761617,NA
1882,"sperm whales",2111,10888.6262523179,14603.8623224453,20437.4818263616,24533.5904195406,110415.301027351,2743160.79779433,13699239.53051,NA
1882,"baleen whales",2111,107975.109826525,177254.237751687,867874.456714762,872686.737567435,3287844.23949074,18951169.7894734,111035541.481476,NA
1883,"mesozooplankton",2111,6391675.70653218,9855227.51836938,13757472.3184092,18123377.4651767,21098271.0559987,25256042.2028455,29533953.5687485,NA
1883,"other krill",2111,234755.377917354,1691148.92609114,5844028.35392098,12130302.4253828,31082739.0943182,75964841.4194846,124243912.585514,NA
1883,"other macrozooplankton",2111,1513417.65389272,8699812.59237774,16187795.6066113,20191159.3935729,24364359.9030742,30035440.7059698,39679325.324389,NA
1883,"antarctic krill",2111,164621.025510222,1836454.63624619,7623288.35228528,13819058.4725851,24667250.3344641,36868259.413284,58125210.2677792,NA
1883,"salps",2111,109567.14621944,430943.602486051,856457.763627396,1100736.04632889,1573942.59773043,2093699.71239003,2904059.65901314,NA
1883,"mesopelagic fishes",2111,23186.4693310175,512108.564209302,1277692.96040929,1790784.88084423,2636232.22389073,3594904.17897888,4704733.84583172,NA
1883,"bathypelagic fishes",2111,320593.295528481,982369.457457896,1655172.8166195,2381903.91010609,3262541.59992759,4506770.16439453,7681347.28149267,NA
1883,"shelf and coastal fishes",2111,1239108.5758363,2564645.37750765,4167800.02225555,4861698.1866152,5531068.30359159,6257234.22929903,7562822.49490994,NA
1883,"flying birds",2111,3958.62658868366,5443.64476432192,5948.55424134399,6022.96080286081,6118.75530836906,6299.83483896963,6614.45043549507,NA
1883,"small divers",2111,11093.6613312622,22216.8549785058,35262.5405685697,37869.3875801599,40231.6532969361,42779.2288795234,48204.7353664725,NA
1883,"squids",2111,40056.6064502132,89226.9461960407,120114.963524093,140283.868795417,166835.046286457,299520.692914946,431222.3884009,NA
1883,"toothfishes",2111,2280.03094502645,153058.228211433,632476.296529366,1024035.48934536,1362140.15423722,1830594.54790318,2769776.15550937,NA
1883,"leopard seals",2111,527.282038872818,1902.54725049718,2613.13187885125,3297.05531810739,3784.48899957588,4657.63892427616,34328.1832875116,NA
1883,"medium divers",2111,63798.9612021228,156827.694463221,276412.226050432,416778.239598003,648499.638748422,856555.824066195,1648048.70704561,NA
1883,"large divers",2111,2230.66472960766,5706.08756884829,11056.0441970706,18619.1822721716,42208.6945946857,272799.975279751,3576541.27072032,NA
1883,"minke whales",2111,2073.70649918377,7255.83398260664,13634.6189821511,26897.9207304685,85630.9834947054,20874615.3862538,206246354.425033,NA
1883,"orca",2111,4601.61666717913,6908.79058879262,8363.82566291365,8952.0219678691,10149.0592241744,19028.0778994275,321421.56525584,NA
1883,"sperm whales",2111,10896.7025769017,14609.2312104081,20432.8441788775,24521.6732107712,110247.191081815,2738235.25954843,13674517.2688495,NA
1883,"baleen whales",2111,108058.555568519,177288.823060738,867018.4875224,871838.406362918,3283902.5424968,18927182.5285212,110893781.183546,NA
1884,"mesozooplankton",2111,5257271.39604022,9129708.25174073,13158970.4347254,17650998.7283598,20798208.705013,24929667.7979705,29129953.4133324,NA
1884,"other krill",2111,238297.356710005,1687515.49219466,5520132.08524473,11559481.6040839,30234944.1236044,73755475.8853812,121812650.14828,NA
1884,"other macrozooplankton",2111,1585915.78312986,8603429.275369,15979844.363566,19497037.1740181,23695784.0357095,28902681.8131296,39081012.3321474,NA
1884,"antarctic krill",2111,173317.242657741,1895297.86277261,7696274.83628099,13768255.2416062,24644984.0886894,36729213.1715213,57901137.1410286,NA
1884,"salps",2111,111593.202185172,434168.34344962,858150.992478647,1096415.95681357,1574172.31436974,2099335.57839456,2915166.58717082,NA
1884,"mesopelagic fishes",2111,23987.191942922,524461.068571387,1305223.44254333,1820981.01065017,2676209.24862008,3632015.03271362,4729879.21267658,NA
1884,"bathypelagic fishes",2111,330810.217615278,1009149.80272277,1687888.04866038,2422414.16260048,3313764.39652634,4548562.27757385,7716245.94640791,NA
1884,"shelf and coastal fishes",2111,1253071.17700421,2594741.73962296,4176430.55355734,4868973.61041012,5537367.65744249,6263015.26323801,7570803.29384473,NA
1884,"flying birds",2111,3957.76171610771,5441.29555204645,5947.9632260057,6022.73222759748,6118.19660972673,6299.40907876149,6613.74273761981,NA
1884,"small divers",2111,11097.0472992492,22221.275803804,35301.0614813524,37879.7126787963,40237.8210097146,42771.8324589219,48197.3764888143,NA
1884,"squids",2111,40443.7255883802,89700.7483936929,120439.557255062,140585.341546053,167091.502856939,299535.522028638,431314.555056388,NA
1884,"toothfishes",2111,2296.09006530311,153944.270812428,633406.656303795,1025093.79960197,1362125.12019825,1830297.00423456,2769883.04532112,NA
1884,"leopard seals",2111,532.250202287824,1902.82668898167,2614.93265114501,3300.55461115372,3785.88501395568,4657.58375602861,34036.6744667224,NA
1884,"medium divers",2111,64061.4907954931,156985.391027783,276387.602445553,416762.698251168,647724.409204333,855677.224263665,1641987.36329272,NA
1884,"large divers",2111,2241.53946937124,5713.81379169293,11051.053212666,18611.2969520303,42202.5574273777,271074.180859048,3557062.28615138,NA
1884,"minke whales",2111,2079.97791582589,7273.44043513592,13730.6829502441,26887.3000649132,85340.6974042243,20802215.7827109,205562935.609172,NA
1884,"orca",2111,4610.6890516259,6912.48995762389,8365.56792992922,8952.03571474786,10145.5256196702,19000.2425924411,320570.713806351,NA
1884,"sperm whales",2111,10904.7798700316,14614.1297580072,20427.8419860325,24509.3855380492,110079.348815588,2733317.77923723,13649839.2279595,NA
1884,"baleen whales",2111,108136.567303089,177317.864957102,866162.914467135,870991.315784315,3279964.87246283,18903225.0892221,110752195.432981,NA
1885,"mesozooplankton",2111,3936678.65288376,7686729.2660246,12057676.1765436,16647295.47574,19652865.7977708,23808885.5117356,27745586.7419458,NA
1885,"other krill",2111,218956.056501766,1493654.23937344,5022506.23687077,10778686.5000839,29643697.2170719,73434249.5156454,121566298.670094,NA
1885,"other macrozooplankton",2111,1523208.24576634,7841109.10293813,14753623.1863081,17935206.8125648,22014983.3596274,26936174.5983429,37171174.4197697,NA
1885,"antarctic krill",2111,170063.642262546,1839543.59473677,7480033.32691648,13346171.5358432,24346357.4503892,36253387.8985055,57558631.2213539,NA
1885,"salps",2111,110319.001385219,423382.145861088,837221.338968844,1071205.73494969,1554961.92436557,2079957.72852518,2912029.1951803,NA
1885,"mesopelagic fishes",2111,23659.2582190312,522648.383507506,1285863.80089896,1813594.536245,2676338.56285649,3638876.97593923,4724852.21306127,NA
1885,"bathypelagic fishes",2111,333657.455602575,1004066.06232556,1682523.71382129,2424491.18609314,3331476.2368791,4562562.48777922,7733052.57486536,NA
1885,"shelf and coastal fishes",2111,1253138.60238441,2589088.72026692,4181747.57353614,4875369.11170443,5544032.62358758,6266427.80322954,7574667.96174875,NA
1885,"flying birds",2111,3955.85684933837,5431.71247436146,5946.1345296409,6020.31670360936,6116.80824257416,6297.63565336965,6612.88553617375,NA
1885,"small divers",2111,11066.2219127172,22186.8633331931,35276.0058724733,37842.0037583364,40212.2497461869,42759.2226119555,48185.9078671138,NA
1885,"squids",2111,40917.4252188723,90179.7155053965,120811.3768569,140907.26234371,167392.032450725,299578.52201352,431395.521435679,NA
1885,"toothfishes",2111,2284.34926694603,154742.194468998,634537.727022703,1026274.97098764,1362107.97306005,1830003.56756284,2770067.54028151,NA
1885,"leopard seals",2111,537.347646113652,1907.12130637591,2615.30808667125,3301.36885040004,3786.39477653216,4657.46235251312,33748.1348069559,NA
1885,"medium divers",2111,64332.2828595809,157149.506217041,276367.448922039,416760.047682164,646943.570494046,854776.98202435,1635955.17908253,NA
1885,"large divers",2111,2252.70134534038,5730.82836828,11047.5311691652,18601.32599405,42194.6647806042,269359.402038534,3537675.56937748,NA
1885,"minke whales",2111,2086.42228097142,7282.1825712682,13795.2643919422,26877.607009933,85051.6566420393,20730052.3305164,204881756.410337,NA
1885,"orca",2111,4619.6631984892,6916.05276641628,8367.03376440149,8952.23152643938,10141.9031701886,18972.3267753836,319722.168538962,NA
1885,"sperm whales",2111,10912.8542561213,14618.8672717014,20422.7324978193,24497.011448668,109911.793556144,2728408.84786375,13625205.6156967,NA
1885,"baleen whales",2111,108208.712201501,177340.754662065,865307.742294217,870145.319367185,3276031.17307564,18879297.2254472,110610783.327496,NA
1886,"mesozooplankton",2111,4612279.07565803,8727724.92971773,12563646.918945,17126962.9899525,20417128.0019778,24760433.9852438,28939253.9607114,NA
1886,"other krill",2111,202171.701273287,1487614.79047107,5106782.08174836,11166659.7109555,30243512.1634458,76293911.0770726,123880161.231966,NA
1886,"other macrozooplankton",2111,1489221.0877537,7603479.40869147,14651234.1458863,18331829.2712787,22285368.5884152,28003124.1102186,37874666.0965523,NA
1886,"antarctic krill",2111,166035.435846464,1801791.20986842,7362634.64373088,13209921.7198632,24175363.9660272,36054579.7579725,57540698.3771459,NA
1886,"salps",2111,109445.752902042,420513.843009284,831448.083414792,1068112.6622537,1554218.66105709,2073806.80455987,2909725.68214772,NA
1886,"mesopelagic fishes",2111,23047.2025702884,522795.830823068,1284538.32379946,1805590.67206577,2668802.10790226,3623975.03287967,4707719.79086869,NA
1886,"bathypelagic fishes",2111,332106.573124306,1007515.37354966,1679439.66596655,2427995.10351777,3329074.90257051,4549495.17311313,7731324.24241295,NA
1886,"shelf and coastal fishes",2111,1260856.43241072,2606456.99328052,4190087.10293533,4882156.31488653,5548345.432955,6269952.02865796,7575878.11896022,NA
1886,"flying birds",2111,3957.05637631288,5436.2421828759,5947.68774727477,6022.83232932754,6117.83850842891,6298.54048862767,6612.37088944544,NA
1886,"small divers",2111,11080.8680938001,22197.5715064095,35278.8490510337,37842.0271347993,40216.8003652143,42751.2894452033,48176.1868748538,NA
1886,"squids",2111,41170.8755079004,90476.2226692867,121248.019119148,141208.142165887,167619.332112174,299677.940332943,431610.318898709,NA
1886,"toothfishes",2111,2280.4554362841,155314.553809428,635774.362475408,1027610.04961821,1362568.12518845,1829991.61717786,2770391.57627884,NA
1886,"leopard seals",2111,542.437157989288,1906.71337938455,2614.30845453458,3303.40530054764,3787.04335179939,4657.23480101747,33462.8862930256,NA
1886,"medium divers",2111,64588.791565125,157280.142726967,276325.919016494,416706.499940637,646158.591084784,852969.046671187,1629946.94928455,NA
1886,"large divers",2111,2263.06624477896,5741.61097388536,11054.7965129949,18597.2236644914,42163.3881732499,267650.092661717,3518382.8677184,NA
1886,"minke whales",2111,2089.25498953653,7297.83891689839,13814.6061116506,26875.7085712065,84759.5454012292,20658129.7213498,204202840.274307,NA
1886,"orca",2111,4628.95614114357,6920.32164590956,8368.355441433,8952.84842015927,10138.8236146026,18945.194896485,318875.972913507,NA
1886,"sperm whales",2111,10920.9660629403,14624.206578734,20418.1485025701,24485.3396683606,109744.599989557,2723509.98983645,13600617.0904127,NA
1886,"baleen whales",2111,108291.412296896,177374.725147873,864454.906278638,869300.307534246,3272104.35614529,18855401.5909479,110469565.401206,NA
1887,"mesozooplankton",2111,3637698.07497543,6674616.26964406,11443290.7546695,16173514.3917069,19344752.6114347,23748951.2829391,27773079.2966841,NA
1887,"other krill",2111,173268.131718134,1320058.98451299,4845512.93805245,10866179.0662731,30287770.1855963,76733746.6319384,126558042.614554,NA
1887,"other macrozooplankton",2111,1391949.25950238,7390502.43072155,14336076.0638309,17958855.1463199,21854805.8681957,27033359.7009226,37579462.7898381,NA
1887,"antarctic krill",2111,153698.437690782,1723792.7610406,7122909.84349107,12998972.8290387,24075962.9119664,36119450.6216994,57683335.0766702,NA
1887,"salps",2111,105520.320551771,406414.336752527,810287.60980357,1050849.72713706,1545089.470729,2069873.56272639,2906916.11468911,NA
1887,"mesopelagic fishes",2111,21959.5908764641,512199.384049107,1272593.70051965,1783778.28829871,2653417.6135214,3609116.92181665,4694215.71956734,NA
1887,"bathypelagic fishes",2111,326700.877736324,1002395.08827793,1667850.37788298,2410378.01930812,3318155.29826211,4544183.56289798,7734314.18754025,NA
1887,"shelf and coastal fishes",2111,1271680.31516292,2622579.543306,4196384.10689384,4889273.0976603,5554003.6405441,6275135.2585531,7579918.50086211,NA
1887,"flying birds",2111,3954.99986071128,5426.4746830191,5945.29286789319,6019.91410882591,6115.77860887648,6295.29352837336,6611.46083535167,NA
1887,"small divers",2111,11050.373424782,22139.6050610398,35194.104291386,37782.2516354284,40187.0042928378,42747.7558340242,48166.0883410576,NA
1887,"squids",2111,41904.1173095323,91045.9584844045,121759.051735981,141666.551101524,168249.160109588,300032.653423704,431909.221326754,NA
1887,"toothfishes",2111,2253.68975469215,155555.548249006,636764.258962882,1029075.59167658,1362669.24654814,1829720.48581411,2770936.63147355,NA
1887,"leopard seals",2111,548.031645488154,1909.17184670676,2614.23521042243,3306.29787074132,3787.37341576064,4656.80417227966,33180.5454903301,NA
1887,"medium divers",2111,64885.6224236945,157470.617383263,276455.220263091,416745.561899507,645383.007573011,851190.48531295,1623974.89853315,NA
1887,"large divers",2111,2275.3094407409,5752.7394444621,11064.4650645685,18594.7673586065,42111.228338826,265959.581002978,3499180.99913054,NA
1887,"minke whales",2111,2099.58368819211,7331.72898478543,13840.4412984477,26864.8919450655,84476.6171524348,20586440.6758969,203526139.316073,NA
1887,"orca",2111,4637.61535002647,6925.16136678642,8369.56202604804,8952.99648895223,10134.8592873871,18916.9051166899,318031.995336645,NA
1887,"sperm whales",2111,10929.0353896543,14628.6415182417,20412.6418972376,24472.7437842554,109577.622945932,2718618.36313251,13576072.0672093,NA
1887,"baleen whales",2111,108362.335195248,177396.744089105,863601.750605308,868456.57359582,3268180.46520612,18831534.7238141,110328513.576083,NA
1888,"mesozooplankton",2111,5170987.40030576,9110738.6072843,12873505.6864025,17462907.7293297,20676177.6072441,25023141.342404,29315428.8313143,NA
1888,"other krill",2111,172759.882361112,1352598.92661796,5117398.83166236,11323463.8946939,31101804.4917812,79833460.2601163,129123551.044586,NA
1888,"other macrozooplankton",2111,1370192.09286899,7649434.11536073,14811245.8852029,18484422.5613508,22551248.5788754,28199228.6334225,37943188.8671687,NA
1888,"antarctic krill",2111,148304.714198741,1711991.12499295,7129277.01669561,13101738.5294816,24101693.1962938,36329906.3986483,57897821.437084,NA
1888,"salps",2111,104773.913651279,408144.502538149,818453.206872953,1064998.45686469,1547558.67122158,2071960.49156161,2901763.54589839,NA
1888,"mesopelagic fishes",2111,21112.8257390231,511084.873538035,1273557.54888118,1774083.77931138,2635455.84022782,3588873.24645297,4682510.87794423,NA
1888,"bathypelagic fishes",2111,319702.687469231,997786.097901913,1660051.54001051,2394769.48485936,3300894.30988824,4523079.96387776,7712669.47671831,NA
1888,"shelf and coastal fishes",2111,1272564.51561502,2629616.86566613,4199670.78550901,4890481.01976817,5554110.63930632,6274551.22657387,7577277.54414816,NA
1888,"flying birds",2111,3956.87529753078,5434.08658384313,5948.35877162912,6023.04028105828,6117.35928328461,6296.94755363137,6610.96451649256,NA
1888,"small divers",2111,11066.5479931974,22159.9097632277,35209.3565301888,37806.7039131806,40203.9998084553,42744.6631141637,48155.5796561144,NA
1888,"squids",2111,41776.5387038894,91089.2023517442,121851.3210686,141679.865613901,168140.333271182,300008.091657619,432097.813758517,NA
1888,"toothfishes",2111,2249.84977006321,155875.87182237,638836.497734274,1029274.39965268,1362952.15463429,1829691.31004067,2771295.04608408,NA
1888,"leopard seals",2111,553.268110128792,1910.5110233172,2617.17091398751,3307.90550690693,3786.6170895415,4656.5179799125,32900.7565289824,NA
1888,"medium divers",2111,65131.3296738784,157576.605423912,276413.6245728,416678.763504763,644585.885488144,849502.94097744,1618012.80257186,NA
1888,"large divers",2111,2285.08472798064,5765.15557433505,11066.2675749599,18589.2016885362,41927.5371183276,264266.784309765,3480071.18797638,NA
1888,"minke whales",2111,2099.78071996545,7344.13597995849,13796.6753393034,26854.4788574752,84183.3534225491,20514992.2277226,202851695.716775,NA
1888,"orca",2111,4647.04025890973,6930.69514263615,8370.88302298442,8953.74984013613,10132.2791415927,18890.3892315174,317190.41683864,NA
1888,"sperm whales",2111,10937.159754847,14634.2325347654,20408.2479880607,24461.3261313542,109411.048633143,2713737.70299752,13551572.5535469,NA
1888,"baleen whales",2111,108447.596679067,177433.034754619,862751.348355749,867613.621437819,3264263.98677863,18807700.4394834,110187659.405657,NA
1889,"mesozooplankton",2111,4979236.63556632,8225672.60990444,12525924.0291166,17029612.3511235,20120441.0669126,24398708.2158027,28506638.815362,NA
1889,"other krill",2111,181716.292745508,1394171.03463788,5215729.80216315,11466033.7530677,31027986.202055,78550073.4400667,127400183.991718,NA
1889,"other macrozooplankton",2111,1394073.6240453,7917421.6095663,15235755.7554757,19044701.5521747,22973552.9164934,28315283.7094326,38111934.0641717,NA
1889,"antarctic krill",2111,146313.511050456,1725489.07443309,7214453.3146614,13248797.6201562,24291732.2108048,36485462.9650223,57917493.7253036,NA
1889,"salps",2111,104609.986763592,416267.907693129,828827.989331613,1076211.80465172,1555470.52488461,2077786.58761152,2899326.90240398,NA
1889,"mesopelagic fishes",2111,20842.4906199368,516791.031197515,1286647.2999687,1784774.09234371,2635595.33093198,3590012.74528325,4687829.88987849,NA
1889,"bathypelagic fishes",2111,316982.854866025,1003296.80999636,1675751.21296312,2397354.87925075,3297244.60823343,4513587.49158537,7697930.25663446,NA
1889,"shelf and coastal fishes",2111,1276840.27426446,2639227.86646734,4204252.24574145,4889757.80802261,5555705.7357718,6275970.98038574,7576170.27166534,NA
1889,"flying birds",2111,3958.4953181764,5444.31166290503,5950.29274607038,6024.07884279112,6118.2411421376,6296.69621149157,6610.41282624982,NA
1889,"small divers",2111,11098.4946479823,22208.8078019095,35266.0937453734,37857.3660017363,40220.0057251036,42742.634043726,48146.4681691566,NA
1889,"squids",2111,41379.9019837777,90996.7169268,121732.320739956,141580.292782365,167898.979536353,299881.817325431,432088.580120703,NA
1889,"toothfishes",2111,2261.94235638061,156254.364664649,640726.812441478,1029443.56544914,1363272.74119772,1829669.00455321,2771596.36767428,NA
1889,"leopard seals",2111,558.585775680649,1914.76398386218,2621.44878324038,3311.13390363765,3787.07998150676,4656.19050442022,32623.8485592863,NA
1889,"medium divers",2111,65370.7221450767,157688.320633948,276448.269967885,416683.385830568,643791.50806109,847772.062944555,1612076.36541509,NA
1889,"large divers",2111,2294.55176986811,5776.02061184938,11061.5931810047,18583.1353355479,41885.4577625867,262582.063207073,3461052.62638826,NA
1889,"minke whales",2111,2098.70772356646,7353.30037741496,13793.3944317168,26840.8517630846,83875.1649735589,20443780.2685949,202179480.441761,NA
1889,"orca",2111,4656.64759874488,6936.3544681389,8372.41259031538,8954.60847821624,10129.8856798107,18864.2241719903,316351.154616478,NA
1889,"sperm whales",2111,10945.2833817603,14639.9906022861,20404.049454538,24450.0779386373,109244.784028227,2708866.21809794,13527117.4448548,NA
1889,"baleen whales",2111,108536.433566354,177472.497594977,861902.270846815,866771.698071285,3260352.85894794,18783897.0231707,110046989.1575,NA
1890,"mesozooplankton",2111,4810376.14394613,8729067.77336933,12754626.8519554,17194163.8730044,20206515.2278743,24353396.7942075,28537755.5663063,NA
1890,"other krill",2111,184748.441177151,1426459.88196782,5194433.94033903,11345250.6850495,30437428.8566833,76120919.7605309,125120961.530528,NA
1890,"other macrozooplankton",2111,1417133.63415437,7903428.43577508,15106847.7041636,18535202.9380691,22576561.8195029,27718751.9248856,37465627.6483335,NA
1890,"antarctic krill",2111,146773.280163345,1729878.291172,7251298.06649309,13234675.8388385,24277045.3275573,36297073.4087976,57662703.0420332,NA
1890,"salps",2111,105183.278217526,420007.505055488,834484.964475238,1078802.62245889,1554627.45296527,2079108.78419416,2893113.44580172,NA
1890,"mesopelagic fishes",2111,20720.693708735,515381.769351022,1288224.05439893,1795575.84431138,2635879.21817888,3590740.41447009,4691504.17867633,NA
1890,"bathypelagic fishes",2111,317177.524272402,1000233.4935,1677175.78714645,2394469.35576254,3292127.53232678,4502220.93264554,7682570.52634575,NA
1890,"shelf and coastal fishes",2111,1273350.70020796,2636177.58480961,4202963.47684637,4888886.63844402,5552306.66051345,6275000.82192157,7572587.88587105,NA
1890,"flying birds",2111,3959.07564424405,5450.3803026559,5951.42419262628,6025.02766979807,6118.3552234517,6296.30510358047,6609.73947645238,NA
1890,"small divers",2111,11120.0579947355,22257.9113805983,35328.0237242479,37901.6952496807,40240.7303172406,42736.3235631178,48135.4887604711,NA
1890,"squids",2111,40761.9202821081,91066.6265181515,121635.665424099,141360.014064955,167478.686128814,299557.791759854,431755.843284831,NA
1890,"toothfishes",2111,2273.58513014428,156615.610930296,641617.396583066,1029530.45326546,1363945.94951175,1829562.31370778,2771718.18031813,NA
1890,"leopard seals",2111,563.948114029968,1918.65604552663,2623.86060394672,3310.93124532783,3786.47503701794,4655.20415079899,32349.5570283781,NA
1890,"medium divers",2111,65603.3691162546,157838.882415915,276624.777278402,416599.803793701,643341.085928238,846981.164079678,1606164.79511201,NA
1890,"large divers",2111,2303.69866664171,5784.7468318445,11051.4736231642,18576.1118973591,41843.3850235037,260905.333513528,3442123.82328591,NA
1890,"minke whales",2111,2096.11624179885,7359.87337095846,13777.4167295635,26825.5778650269,83425.1835563941,20372802.4835487,201509477.574801,NA
1890,"orca",2111,4666.46030298027,6942.13346279001,8374.3956478545,8955.56776789932,10127.6431452502,18838.3578074158,315514.2048258,NA
1890,"sperm whales",2111,10953.3892167004,14645.7863237819,20399.9212972395,24438.8689713138,109078.813199551,2704003.58198393,13502706.530101,NA
1890,"baleen whales",2111,108624.089104318,177510.090390398,861053.973788295,865930.803909213,3256446.27306271,18760123.6570676,109906496.548911,NA
1891,"mesozooplankton",2111,5068661.34672323,9129733.90759855,13023974.2186942,17492508.6480557,20598777.1009655,24857316.7599992,29064848.5831903,NA
1891,"other krill",2111,188390.791074715,1475864.98134496,5306870.75164539,11520336.2969407,30578401.9911572,76012700.8600112,124088029.939736,NA
1891,"other macrozooplankton",2111,1456442.49095293,7937066.93090429,15198525.7846431,18868339.9638672,22906986.6457112,28522089.6957351,38240852.9392082,NA
1891,"antarctic krill",2111,149805.622278533,1736615.23107497,7313485.50546316,13303309.3161921,24283333.9002432,36260884.7559193,57548451.6243948,NA
1891,"salps",2111,106205.357354414,424712.315284852,839870.99295133,1081221.57142555,1556021.77569846,2078655.2271817,2892487.77976723,NA
1891,"mesopelagic fishes",2111,20708.3730452022,519581.120514151,1294624.04524747,1801668.89610844,2639861.90577399,3592693.99437823,4695316.99083078,NA
1891,"bathypelagic fishes",2111,320737.339448839,1005141.87999856,1685184.05780782,2399436.65393937,3295919.88923044,4506866.6619738,7678563.50885173,NA
1891,"shelf and coastal fishes",2111,1277561.83992481,2639094.90416474,4203445.12166699,4892094.52806437,5551314.68513264,6275383.54552078,7571399.15423757,NA
1891,"flying birds",2111,3958.91898027223,5452.35625862371,5951.71201542939,6024.82193046109,6118.24778040227,6295.3228241569,6609.05002834924,NA
1891,"small divers",2111,11139.8875457945,22291.6163083007,35366.2131764122,37916.8878576057,40242.5719787963,42732.8131167208,48125.9826481954,NA
1891,"squids",2111,40520.0989669325,91227.0983311185,121736.415218011,141311.95008548,167323.757955497,299379.219391887,431456.435495604,NA
1891,"toothfishes",2111,2279.99456320623,156978.740719787,642178.474008152,1030688.62229435,1364493.66881042,1829556.91402697,2771871.74949814,NA
1891,"leopard seals",2111,569.633825434855,1923.50102451793,2624.27049188025,3312.51364509563,3785.43935879497,4652.16584716255,32078.2501753954,NA
1891,"medium divers",2111,65856.2940663397,158052.069811191,276639.143572074,416347.044932502,643053.970547834,846416.60381291,1600290.49362889,NA
1891,"large divers",2111,2313.801297038,5796.01298418074,11040.9034685443,18570.1550679055,41800.0749143423,259242.075975796,3423285.36650357,NA
1891,"minke whales",2111,2097.14301941299,7364.07038469224,13810.2577593835,26819.3553881376,82983.9753658532,20302057.724245,200841676.172536,NA
1891,"orca",2111,4676.14196307444,6947.72377556751,8376.56778703477,8956.37355082911,10125.1877291432,18812.0555333891,314679.518168351,NA
1891,"sperm whales",2111,10961.4759953483,14651.2345429376,20395.4855707951,24427.3446940148,108913.115601653,2699149.12004847,13478339.3736029,NA
1891,"baleen whales",2111,108708.659903039,177544.448642217,860206.334959181,865091.110409992,3252544.09537666,18736380.2158999,109766179.998187,NA
1892,"mesozooplankton",2111,6144798.97941881,9921170.0415556,13650017.9549089,18005685.2506333,21071291.7835361,25309264.8302101,29586491.043429,NA
1892,"other krill",2111,202295.376263466,1584132.61790798,5579655.82393427,11824375.5375137,30881133.8988382,75818742.057942,123317534.567366,NA
1892,"other macrozooplankton",2111,1535084.1852389,8253100.06762898,15819760.1619461,19637353.2812388,23777027.3144857,29433795.8819461,39098068.1252563,NA
1892,"antarctic krill",2111,156035.871236972,1772303.07520958,7479741.54614507,13516626.6511021,24402539.7825197,36323332.3949156,57507965.9285158,NA
1892,"salps",2111,109026.355769244,434709.006477929,851238.069095659,1090155.85888858,1567725.92737188,2088222.95960374,2895136.39190638,NA
1892,"mesopelagic fishes",2111,21077.3766858283,527214.946589833,1312151.00688483,1816003.61269099,2654101.88715059,3602485.16931972,4697862.62013687,NA
1892,"bathypelagic fishes",2111,327010.839757272,1017570.34053153,1698799.67158627,2413577.32069891,3304660.49717106,4512973.3641856,7678200.40085895,NA
1892,"shelf and coastal fishes",2111,1284246.21831654,2643998.20523379,4207738.42271466,4894949.4920118,5554051.09589819,6275578.27982003,7570681.82206308,NA
1892,"flying birds",2111,3959.1540258247,5455.62504678925,5952.39871382314,6025.06934568225,6118.04646470705,6294.81567288608,6608.44269696756,NA
1892,"small divers",2111,11167.1717193681,22333.8334563483,35400.9909701972,37925.8262522725,40242.7030534344,42729.8850876402,48117.5240634943,NA
1892,"squids",2111,40435.9599580334,91499.5441983858,121791.796178796,141247.775732541,167218.640353225,299249.393546749,431197.81151449,NA
1892,"toothfishes",2111,2289.04630462067,157447.055524395,642788.820723859,1031411.20782009,1365085.54295614,1829603.86287754,2771990.83935308,NA
1892,"leopard seals",2111,575.459742093631,1927.67412442574,2622.76019522576,3314.20371392348,3785.66347357652,4651.09878173581,31809.7377604125,NA
1892,"medium divers",2111,66111.7838266767,158089.50985459,276741.201129064,416239.049228883,642227.196862304,845854.529262226,1594445.47689316,NA
1892,"large divers",2111,2323.98691839919,5806.88730652474,11020.076129501,18565.6766723975,41756.8436982971,257588.075495818,3404536.89639438,NA
1892,"minke whales",2111,2098.05750214705,7369.35573529909,13878.5455429015,26812.3672642214,82545.1483577737,20231546.3303507,200176076.827037,NA
1892,"orca",2111,4685.95553776705,6953.36389135361,8378.59792365787,8957.21357865067,10122.7999121579,18785.9111517302,313847.111706735,NA
1892,"sperm whales",2111,10969.5520261806,14656.607292605,20390.8001293775,24415.9050211778,108747.716173318,2694303.54376076,13454016.2932553,NA
1892,"baleen whales",2111,108793.946131184,177579.292109208,859359.775413121,864252.500313919,3248646.94073638,18712667.1576471,109626043.934514,NA
1893,"mesozooplankton",2111,5932309.9340352,9500248.72109443,13343074.9082898,17696631.1030183,20654253.7666325,24773395.7486802,28980846.4950494,NA
1893,"other krill",2111,213428.321204831,1652662.7558226,5530933.71245881,11649108.0720523,30329553.071774,73699196.4922557,121132732.254404,NA
1893,"other macrozooplankton",2111,1618680.64728094,8546082.95841569,15933249.8197423,19579293.2688917,23722191.0160413,28895007.5788304,38608290.3037262,NA
1893,"antarctic krill",2111,158105.402399189,1809365.9936595,7606672.45382053,13631860.6973927,24384853.8507098,36261379.8967721,57286984.0776177,NA
1893,"salps",2111,112127.863149065,440622.104707972,858530.593624145,1093189.01383339,1575733.33035516,2091244.74350635,2896086.49278439,NA
1893,"mesopelagic fishes",2111,21804.6977561023,535146.651649541,1330543.55044607,1835976.34600448,2673322.92728679,3614712.39744061,4699502.57047595,NA
1893,"bathypelagic fishes",2111,335420.400239265,1029974.74921328,1711171.1590629,2431613.74919943,3315344.87552063,4520658.67827941,7677744.14974164,NA
1893,"shelf and coastal fishes",2111,1289493.05112827,2648945.98408504,4213034.18209756,4900547.95970417,5558988.71050071,6278919.65797165,7569426.78007121,NA
1893,"flying birds",2111,3959.60659230902,5458.84072653499,5953.30164645381,6025.41032445646,6117.72015458077,6294.7447228845,6607.87752574294,NA
1893,"small divers",2111,11198.6545212022,22387.4717514022,35435.8717635597,37936.6220001228,40245.4483517121,42726.4631258552,48109.487129134,NA
1893,"squids",2111,40385.6418929797,91854.4628303631,121856.718146398,141360.469328298,167123.693175214,299123.402571734,430916.835759426,NA
1893,"toothfishes",2111,2303.0328968652,158131.747895222,643516.741421637,1032719.69433795,1365444.76250703,1829703.30173646,2772043.18952352,NA
1893,"leopard seals",2111,581.381473064351,1930.65433399575,2621.2063893678,3315.28022460828,3786.73598205397,4650.0783103042,31543.9157293619,NA
1893,"medium divers",2111,66366.5621320621,158108.517973338,276860.229855007,416120.085172661,641982.416803825,844595.088791132,1588627.50416109,NA
1893,"large divers",2111,2334.08743324236,5813.94973799275,11014.2612448768,18557.5194105367,41713.9097897936,255786.746664044,3385877.98248559,NA
1893,"minke whales",2111,2097.94392488093,7381.05748897137,13872.8090805731,26802.9976532198,82159.9730738031,20161267.3847755,199512672.007501,NA
1893,"orca",2111,4695.96206573826,6959.10507408196,8380.7413381204,8958.11520460618,10120.5319440673,18760.0506171623,313016.979416472,NA
1893,"sperm whales",2111,10977.6172031965,14660.2855217406,20386.2158251648,24404.6401012725,108582.620068322,2689466.98526353,13429737.284816,NA
1893,"baleen whales",2111,108880.055553251,177614.716485552,858514.315907693,863414.944533563,3244754.82369016,18688984.4486944,109486088.116523,NA
1894,"mesozooplankton",2111,4912848.43371489,8836462.02199156,12786035.7972922,17278578.0871948,20431670.5825166,24652688.5584579,28785995.8115978,NA
1894,"other krill",2111,209265.827946087,1582406.15129303,5271346.66280006,11204002.3738183,29912391.8407889,73084137.0651591,120415188.429984,NA
1894,"other macrozooplankton",2111,1646610.0831419,8239646.58828746,15465292.3525276,18909252.0907331,23026356.0905132,28278044.465719,38371054.6832853,NA
1894,"antarctic krill",2111,156539.367833086,1802552.65768057,7567800.05687264,13549149.231807,24359052.6874507,36061414.6388251,57134823.1033501,NA
1894,"salps",2111,112823.754374912,437130.404178638,852124.625119,1087285.12401733,1569846.23359505,2086772.42480302,2899030.74202499,NA
1894,"mesopelagic fishes",2111,22192.6664946965,542833.031564009,1337753.8565821,1843796.80883294,2688361.80127251,3630665.56068954,4700925.18943959,NA
1894,"bathypelagic fishes",2111,343826.129876938,1045104.01974249,1728608.18457421,2452837.06904286,3337334.94435551,4543343.10773854,7688157.27763884,NA
1894,"shelf and coastal fishes",2111,1303024.83505941,2660553.0967423,4222725.46741332,4910410.69821373,5567334.90946497,6284897.75026859,7571898.70294727,NA
1894,"flying birds",2111,3958.56291959978,5456.05257963589,5951.63598081025,6024.78619903501,6116.66733032046,6293.00045582168,6607.19694241241,NA
1894,"small divers",2111,11210.3385205981,22396.0062436385,35417.5028974572,37920.5742959829,40239.9443728909,42716.424254198,48102.5519186778,NA
1894,"squids",2111,40962.989425383,92379.8874752714,122248.84887057,141672.156957295,167544.009615596,299343.477428349,430863.15877914,NA
1894,"toothfishes",2111,2303.89418603771,159318.335357734,643940.401149976,1034207.2976962,1365963.50954073,1829897.76043305,2772260.85999655,NA
1894,"leopard seals",2111,587.78718773891,1934.30006497537,2623.4279776548,3317.61365606549,3788.34198416622,4649.24715077764,31281.0381058603,NA
1894,"medium divers",2111,66658.8277889358,158208.639407461,276877.751267787,416073.723664959,641057.446169799,843204.055615563,1582850.69472368,NA
1894,"large divers",2111,2345.92357148772,5819.30143437405,11029.370633031,18553.0617485984,41668.4253407008,252273.31550144,3367308.45672343,NA
1894,"minke whales",2111,2104.2720135462,7393.38562378985,13850.6011030792,26804.9664773697,81861.0262512784,20091217.906918,198851438.656403,NA
1894,"orca",2111,4705.53959677487,6964.4250679562,8382.42862937761,8958.63633101469,10117.7667408183,18733.28299882,312189.038742629,NA
1894,"sperm whales",2111,10985.6564519438,14663.1437926931,20381.1838423656,24392.8005468203,108417.773270698,2684638.06204101,13405501.5520704,NA
1894,"baleen whales",2111,108958.657653171,177642.82767582,857669.138334365,862578.663977275,3240866.52896043,18665331.0311236,109346302.617307,NA
1895,"mesozooplankton",2111,5051769.10084731,9117015.31203203,12958820.9580265,17479140.6446522,20717854.894535,25055184.7950502,29205484.1291266,NA
1895,"other krill",2111,203804.10616548,1545308.01692074,5165464.18159552,11251206.0855274,30376669.6946677,74951807.3975683,122284916.636964,NA
1895,"other macrozooplankton",2111,1632736.79300191,8029675.06481552,15274369.7622713,18878661.4635729,23061023.0875926,28570029.7626982,38813246.382208,NA
1895,"antarctic krill",2111,154021.649844145,1788538.77971981,7481343.88005657,13351365.3070482,24313635.5667175,36010254.5438185,57246325.7118595,NA
1895,"salps",2111,112481.201739376,432401.158350379,842364.630087777,1076072.8719739,1565376.85869692,2080438.43475995,2902245.07447447,NA
1895,"mesopelagic fishes",2111,22026.8679285101,544244.520650462,1337854.63541123,1833166.66687912,2694563.58246123,3633991.74129991,4694844.07955052,NA
1895,"bathypelagic fishes",2111,348462.126375492,1048298.4503699,1728454.9697348,2453060.75472878,3342986.70503453,4562543.00980246,7698621.0304837,NA
1895,"shelf and coastal fishes",2111,1318383.19055875,2673736.08008958,4234428.12047335,4920562.85217865,5578667.34244926,6289667.19364653,7575527.17112613,NA
1895,"flying birds",2111,3957.1723459556,5448.36670729354,5949.39411034853,6023.74202326896,6115.20886457778,6292.18466619978,6606.49202741853,NA
1895,"small divers",2111,11206.3803040724,22370.5424408885,35358.6311280138,37869.2971399964,40220.470795972,42708.2119273124,48094.9515620368,NA
1895,"squids",2111,41927.4661614952,93044.1179459447,122981.704448063,142187.603615351,168198.147317384,299786.180148534,431075.280296364,NA
1895,"toothfishes",2111,2289.94307259495,160468.164484318,644227.397337676,1035780.83719499,1366366.99564988,1830223.00540224,2772603.76818327,NA
1895,"leopard seals",2111,594.537224484469,1941.46896350633,2627.24560841985,3317.7403271175,3788.72719155847,4649.52940621425,31020.8902764223,NA
1895,"medium divers",2111,66973.7385260794,158352.84114384,276975.175181818,415671.368397539,639951.793453375,842043.019348265,1577106.93849199,NA
1895,"large divers",2111,2358.77301686259,5825.02893067943,11044.6676093154,18549.5182311388,41633.3463149786,248480.835574832,3348827.74317775,NA
1895,"minke whales",2111,2114.04268834617,7396.20555907434,13852.0320496372,26813.094903499,81564.8970931952,20021397.790995,198192375.097315,NA
1895,"orca",2111,4714.80903323987,6969.48294905197,8383.79198565215,8958.90133663656,10114.6973514661,18706.0588786987,311363.298011461,NA
1895,"sperm whales",2111,10993.6792811455,14665.5382919875,20375.8727074713,24380.6486733091,108253.191344097,2679817.2766682,13381309.3129514,NA
1895,"baleen whales",2111,109032.399584263,177666.32253868,856824.590752633,861743.547882375,3236982.53255659,18641707.2272908,109206690.544172,NA
1896,"mesozooplankton",2111,4967503.70849145,8433656.29543778,12530322.048383,17043847.3161995,20129000.0689801,24398500.9120775,28480515.2778857,NA
1896,"other krill",2111,196846.903569813,1499871.0552306,5123794.85847528,11191502.1210613,30374738.3547447,75543294.3182552,123082038.935299,NA
1896,"other macrozooplankton",2111,1617569.29348369,7954085.72379007,15212619.0679549,18789212.8980068,22863004.2573322,28133862.7811628,38127110.7137202,NA
1896,"antarctic krill",2111,151201.146750327,1780438.80732115,7420315.36364617,13325507.557594,24261185.4553615,36002718.5878294,57284319.3450439,NA
1896,"salps",2111,111927.685382602,430466.630063706,839681.003017194,1072542.12117928,1563695.75965401,2079811.43222363,2900586.22468476,NA
1896,"mesopelagic fishes",2111,21878.0598884894,548464.913080477,1341304.66753472,1834027.42253489,2698066.81187993,3630798.52998168,4685864.54525483,NA
1896,"bathypelagic fishes",2111,349759.659114674,1054315.86604843,1730518.25063153,2451645.08020073,3348338.22583485,4564243.93336344,7693582.00763414,NA
1896,"shelf and coastal fishes",2111,1329351.63090907,2686602.14765521,4244352.64782085,4931525.89879721,5587865.79336613,6292743.76004424,7575534.20598066,NA
1896,"flying birds",2111,3958.43038435103,5453.01352181831,5951.2057158296,6024.7319066152,6116.09126260527,6291.65807681814,6606.04545533722,NA
1896,"small divers",2111,11234.478601971,22393.2640376924,35353.6170371924,37863.5741939658,40223.5384630822,42709.4744327697,48087.2688473813,NA
1896,"squids",2111,42432.2271836466,93613.8369049196,123348.734607281,142556.057033267,168514.873951246,300089.187647945,431358.506713517,NA
1896,"toothfishes",2111,2289.41922743073,161816.312645122,645577.642796143,1036986.2613213,1366855.26728266,1830824.22746386,2772871.90032119,NA
1896,"leopard seals",2111,601.16341563174,1940.89738313378,2630.45059391478,3317.9461409343,3791.89909448706,4650.29331085005,30763.2849164717,NA
1896,"medium divers",2111,67263.5823182879,158418.247251318,277006.850667514,415547.905025431,638538.478682843,841232.259480753,1571379.69918821,NA
1896,"large divers",2111,2370.35917588554,5823.84148808436,11060.3160807143,18544.2721380548,41576.972758567,244677.073020955,3330435.9467013,NA
1896,"minke whales",2111,2117.69195537334,7407.35600631113,13871.0945734755,26782.6104379902,81265.6941701975,19951810.283623,197535500.003689,NA
1896,"orca",2111,4724.52470240704,6974.95325252571,8385.57309077079,8959.48152790623,10112.1231132195,18679.9443336078,310539.852420708,NA
1896,"sperm whales",2111,11001.737814167,14668.977963185,20371.3838391926,24369.2941242561,108088.972631207,2675006.63583995,13357161.5529984,NA
1896,"baleen whales",2111,109115.391378005,177699.236534151,855982.223462399,860909.317129066,3233105.15209407,18618115.0211072,109067268.467842,NA
1897,"mesozooplankton",2111,4615047.63527607,8313599.6174078,12455447.8294062,17028239.6967294,20271113.9338124,24585946.9259447,28700262.3005325,NA
1897,"other krill",2111,183839.289636696,1420463.19050479,4962152.25434737,11008666.2934665,30361848.1867674,76487324.2490433,125030750.72388,NA
1897,"other macrozooplankton",2111,1540603.34853035,7688272.81187516,14798048.5579012,18280003.4710842,22332086.039079,27604103.9631874,37936592.5008136,NA
1897,"antarctic krill",2111,145953.516012903,1729277.71273536,7247089.61772391,13210508.2621976,24109718.5654821,35927594.9970119,57404085.3676826,NA
1897,"salps",2111,109264.095497648,420225.426865337,823582.08385931,1063105.83561152,1556751.97151023,2072100.02061993,2896981.39877298,NA
1897,"mesopelagic fishes",2111,21079.3592064239,536695.114838549,1319010.17611648,1810372.85361734,2680198.39379149,3627582.83480726,4676822.91662278,NA
1897,"bathypelagic fishes",2111,346678.276091527,1036595.70391099,1708156.53237407,2440419.43824825,3339603.86204368,4561060.99822139,7695969.61401859,NA
1897,"shelf and coastal fishes",2111,1335382.74941585,2692885.92563338,4251983.7410315,4942176.87647648,5591417.23054538,6294520.99056853,7577963.99613779,NA
1897,"flying birds",2111,3955.89046266428,5440.31211597311,5947.29061280198,6022.54238789269,6114.28552322652,6289.3014203722,6605.12770203247,NA
1897,"small divers",2111,11203.2614071098,22331.8883220559,35263.9266725148,37788.1761478,40197.1645706998,42694.9080943097,48077.299046079,NA
1897,"squids",2111,43309.5924399792,94033.9427761551,123764.370355744,142971.04110473,169150.062867972,300523.460388092,431661.151420188,NA
1897,"toothfishes",2111,2259.42334023773,162787.087911881,647479.641722267,1038568.83519925,1366772.32708933,1831243.70334727,2773230.67383323,NA
1897,"leopard seals",2111,608.344908612051,1939.54967900864,2635.92820423114,3319.61700844344,3794.61969090069,4650.76567125631,30508.1094703435,NA
1897,"medium divers",2111,67594.8172292794,158585.527840934,277138.646993923,415473.220507742,637106.779678247,840875.932245526,1565689.37747474,NA
1897,"large divers",2111,2383.93782652518,5831.8339738045,11074.9512351545,18540.7460503364,41528.318521542,240996.962589035,3312130.80759901,NA
1897,"minke whales",2111,2129.26724619948,7435.64057051455,13870.9625494088,26790.7006236116,80971.9433413586,19882447.7107466,196880762.136486,NA
1897,"orca",2111,4733.48867528995,6979.80570313076,8386.60020804095,8959.51318063996,10108.8177693179,18652.5457461594,309718.553532543,NA
1897,"sperm whales",2111,11009.7457246569,14670.9601747585,20365.8364978634,24356.874440999,107924.955085002,2670202.79355145,13333056.4152708,NA
1897,"baleen whales",2111,109183.416448857,177717.170979241,855132.535502582,860076.354530611,3229230.24601174,18594550.7956871,108928006.417133,NA
1898,"mesozooplankton",2111,4642575.11658582,8154620.50443614,12379130.97974,16861984.5284089,19952027.4823584,24124407.1215491,28104117.5365306,NA
1898,"other krill",2111,176762.663123106,1380102.4780149,5029751.9219298,11180844.1991259,30432402.9917916,77915507.1097706,126617533.286187,NA
1898,"other macrozooplankton",2111,1442404.77574876,7506264.5052588,14399407.6729536,17893819.140409,21816906.8366683,27072821.3959909,36979908.2549561,NA
1898,"antarctic krill",2111,141021.447009826,1677483.58573378,7114490.02034233,13014416.2376944,23914292.1559331,35935442.0553167,57436648.8798031,NA
1898,"salps",2111,106880.95206141,412504.521614758,811397.936462322,1050543.08130782,1539399.5133493,2061468.12774125,2883025.65286128,NA
1898,"mesopelagic fishes",2111,19810.76304575,518319.024137784,1275772.3302204,1772343.07744199,2635521.26234456,3588978.23862428,4652753.60234978,NA
1898,"bathypelagic fishes",2111,336321.220077488,1007148.22894783,1663608.47204062,2397990.92229396,3299313.28034176,4520781.97077474,7674662.00662996,NA
1898,"shelf and coastal fishes",2111,1317534.93198606,2683122.71834882,4244641.50412579,4934989.38296674,5582321.54713757,6288552.49193875,7572249.75261056,NA
1898,"flying birds",2111,3954.59842035132,5430.56406466071,5946.47075715665,6020.06358927881,6112.16090413816,6287.39481924994,6604.29045121746,NA
1898,"small divers",2111,11159.1648481401,22278.6785372701,35181.7680642202,37712.6834526103,40171.2937428547,42685.9430359719,48062.9729982706,NA
1898,"squids",2111,43493.0484389682,93701.3935758683,123587.826545115,142889.33114627,169200.734267407,300487.65198782,431789.939950973,NA
1898,"toothfishes",2111,2225.14388965897,163457.809426442,649320.796894178,1039106.37520849,1366904.72728919,1831371.06278735,2773303.732297,NA
1898,"leopard seals",2111,615.375606814312,1938.84856952624,2637.15951677769,3320.57229126187,3798.22108428482,4650.94807821826,30254.7387000022,NA
1898,"medium divers",2111,67898.3797169888,158684.574957291,277081.880115725,415237.095506098,636120.780675997,839911.121534135,1560011.88984293,NA
1898,"large divers",2111,2396.25896562701,5836.3981119389,11073.1891761046,18534.7894512058,41481.3117001202,237313.041026948,3293911.6702897,NA
1898,"minke whales",2111,2134.96095090302,7456.5120164266,13867.6729481613,26789.2090779667,80675.0080793009,19813313.9077001,196228185.265603,NA
1898,"orca",2111,4742.73489946475,6984.55294869842,8387.91565482879,8959.81122887931,10105.9058415111,18626.042628792,308899.539175958,NA
1898,"sperm whales",2111,11017.771106545,14673.4103569019,20360.6497501897,24344.8480461432,107761.269974241,2665408.32960538,13308995.2766561,NA
1898,"baleen whales",2111,109253.06057693,177736.673043223,854286.283015064,859244.276739236,3225360.77596331,18571016.9600925,108788924.394554,NA
1899,"mesozooplankton",2111,4023388.24376279,7372321.52619744,11876572.7442798,16499906.4821282,19690686.0364257,23980283.4666789,27988166.8434859,NA
1899,"other krill",2111,167661.129425902,1325635.56267106,5010444.10514876,11120379.0604102,30577738.9831157,78749504.6198579,128288180.377572,NA
1899,"other macrozooplankton",2111,1340153.14917253,7294341.51310487,14039165.9977215,17613957.4737539,21400045.449385,26609928.2460904,36724555.4148238,NA
1899,"antarctic krill",2111,135095.578929126,1618318.81967908,6960560.19648769,12838646.9953409,23838310.3796607,35970964.9885111,57566278.478347,NA
1899,"salps",2111,103588.445022218,403777.607833517,801431.715775808,1039782.25396677,1527410.68137047,2052511.70497203,2873261.20462815,NA
1899,"mesopelagic fishes",2111,18391.8589788431,497095.759022428,1238993.84219295,1731856.89759459,2590423.10252171,3562909.34723487,4634746.55475832,NA
1899,"bathypelagic fishes",2111,323612.786420611,973155.630334344,1620586.72536729,2351441.88026509,3243835.41874549,4483227.81322776,7657569.84647327,NA
1899,"shelf and coastal fishes",2111,1302222.20964593,2672161.4074619,4229951.20476825,4920161.07209018,5570271.28992332,6280289.26581396,7566386.4454372,NA
1899,"flying birds",2111,3952.79743549826,5420.77697545592,5943.84347488136,6017.63122676486,6110.32499699404,6285.5673565235,6603.37231015331,NA
1899,"small divers",2111,11101.4084646374,22202.9680435117,35090.7352648517,37652.0644414375,40144.9713485359,42658.0946138441,48048.5739126281,NA
1899,"squids",2111,43628.5352091657,92876.1625848599,123074.093141123,142580.553550391,169013.029316495,300324.192664773,431879.37513734,NA
1899,"toothfishes",2111,2187.40685938734,163739.654008782,650753.695356312,1039019.50407327,1366951.79790335,1831491.24742953,2773314.74886887,NA
1899,"leopard seals",2111,622.729776261889,1940.19334976023,2640.28440075711,3321.41114497572,3799.33346873455,4651.07223978649,30003.5099533025,NA
1899,"medium divers",2111,68213.5139622069,158813.640962556,276985.932655512,415243.715124772,635430.444655387,838200.142684408,1554363.13646373,NA
1899,"large divers",2111,2409.24727443427,5839.03725550506,11071.5904876214,18529.2133527961,41432.9421448413,234465.07238695,3275779.1231065,NA
1899,"minke whales",2111,2143.56430430531,7488.69874578307,13847.127111623,26773.7146204178,80380.7305536942,19744407.264246,195577753.264765,NA
1899,"orca",2111,4751.65250440809,6988.81550386766,8388.92341329648,8959.92932156772,10102.7428248981,18599.1582110552,308082.731189794,NA
1899,"sperm whales",2111,11025.7768357791,14675.2708918072,20355.00396391,24332.3831810993,107597.842281108,2660621.82918071,13284977.2456221,NA
1899,"baleen whales",2111,109319.579017285,177753.495797152,853445.108235336,858413.319751812,3221495.93599937,18547512.9434172,108650017.085836,NA
1900,"mesozooplankton",2111,5765690.37682506,9583658.59100007,13348004.3523097,17915779.1776097,21199906.354588,25607619.0526616,30022634.7722944,NA
1900,"other krill",2111,178434.711833269,1435563.15274323,5547385.80768272,12095273.1023819,32015652.5022994,81714491.2695189,130526101.105476,NA
1900,"other macrozooplankton",2111,1350446.67958944,7719390.6196438,15094044.6375105,19217682.1985237,23180724.3046685,29165470.5227218,39039990.3708211,NA
1900,"antarctic krill",2111,135559.827948696,1645239.11455432,7119962.23023408,13204793.5156193,24203288.8015529,36424252.0382495,58036653.508852,NA
1900,"salps",2111,103817.218366852,412746.536269263,816629.195223744,1058983.3283807,1541646.20219751,2059904.92522518,2878625.85382342,NA
1900,"mesopelagic fishes",2111,17572.5652252555,493735.374582116,1239328.64845409,1724631.42022447,2577065.89709974,3556952.17598446,4638300.26359038,NA
1900,"bathypelagic fishes",2111,314917.111698551,968693.063121446,1618339.77715574,2333520.07481407,3227936.29547119,4463818.72912283,7649522.23101815,NA
1900,"shelf and coastal fishes",2111,1301597.48530874,2668704.2077351,4217781.84311661,4908137.25841804,5560203.95142851,6274617.02524236,7562516.36351092,NA
1900,"flying birds",2111,3953.65110405246,5422.08599343909,5945.00340960818,6018.14893842063,6110.83097878676,6285.09835787582,6602.77068320147,NA
1900,"small divers",2111,11088.6831454915,22178.461451399,35077.5325352512,37654.8886586905,40148.471350545,42656.7721953131,48037.8716283398,NA
1900,"squids",2111,43566.8269832761,92266.2473974407,122599.087059357,142116.632882588,168580.10641129,300082.869678029,432078.272969494,NA
1900,"toothfishes",2111,2175.69673684385,164333.348477659,652383.16921243,1038815.96456451,1367021.37629538,1831352.451141,2773276.7460156,NA
1900,"leopard seals",2111,630.201670893869,1945.02120162424,2643.09293926464,3322.58038837653,3799.02865187782,4651.22038944097,29754.7122470875,NA
1900,"medium divers",2111,68518.283667007,158932.159897336,277030.590405408,415095.205022025,634721.413219613,836985.507605257,1548740.45263382,NA
1900,"large divers",2111,2421.83693294874,5842.16515006227,11071.812298639,18508.6136268788,41386.7851877584,232561.370101388,3257734.94738786,NA
1900,"minke whales",2111,2150.36238568382,7505.51867484461,13834.3151099844,26750.3192965028,79820.0165018998,19675731.6228474,194929484.217055,NA
1900,"orca",2111,4760.71367780755,6993.36508389802,8389.7151057287,8960.23292467079,10099.8218231609,18572.8246518776,307268.188616068,NA
1900,"sperm whales",2111,11033.821033152,14678.2626207064,20349.7971202516,24320.3223334891,107434.748894377,2655844.75611697,13261003.0603387,NA
1900,"baleen whales",2111,109395.818805075,177780.649390186,852607.340653106,857583.349120151,3217637.95425238,18524040.7562573,108511299.976287,NA
1901,"mesozooplankton",2111,4409952.55854211,7352470.50112601,12070045.4139221,16722458.3312688,19806678.821218,24017270.3613527,27972998.184171,NA
1901,"other krill",2111,174848.503353827,1420152.35099112,5344728.6528464,11547602.3835153,31185798.7137121,79487052.3235624,129016753.122407,NA
1901,"other macrozooplankton",2111,1329403.59545949,7790891.03433857,15145968.0474322,18760809.7188079,22794235.4022472,27809132.4664932,37947703.9676951,NA
1901,"antarctic krill",2111,133065.920720913,1638128.51918504,7146671.09636476,13266254.4688042,24426429.3145784,36602208.9655964,58164975.2820533,NA
1901,"salps",2111,102963.786178749,412118.414803179,818308.892517315,1062481.87254133,1544272.94691903,2068870.83316413,2883138.01129534,NA
1901,"mesopelagic fishes",2111,17029.9004302181,484933.656060141,1240130.21064756,1731035.72323308,2587392.89859897,3565985.05843294,4656022.14931712,NA
1901,"bathypelagic fishes",2111,309523.412674875,960045.926463586,1613359.65988541,2333925.77334307,3226843.29069948,4474156.97060478,7656008.67579943,NA
1901,"shelf and coastal fishes",2111,1296784.97428309,2664235.79393439,4203043.97886288,4890993.11223165,5555051.10871392,6267541.5746206,7561010.28230642,NA
1901,"flying birds",2111,3952.44212878605,5418.54870161711,5943.0686412107,6016.43759877783,6109.39017128458,6284.04596106405,6601.91994476583,NA
1901,"small divers",2111,11047.7580495768,22133.4037085593,35048.7156402101,37623.4333646799,40150.7780687328,42648.5123821173,48026.3383530353,NA
1901,"squids",2111,43527.965676211,91865.8030963001,122005.763285528,141683.716722757,168172.912893622,299736.387012188,432155.795035744,NA
1901,"toothfishes",2111,2164.42917218226,164934.417143209,653491.840123933,1039995.23369613,1366931.98035137,1830933.84166307,2773135.62688558,NA
1901,"leopard seals",2111,627.744751807065,1952.07557230859,2646.05845417335,3323.42837464303,3798.62432828082,4652.27968488397,29508.0962977819,NA
1901,"medium divers",2111,68831.5830452114,159001.927236742,277366.843923667,414989.451165408,633910.804521417,835784.188876426,1543148.073474,NA
1901,"large divers",2111,2434.93478013752,5849.24698723791,11071.1588147124,18484.6610810388,41337.027670816,231265.04762837,3239776.8811663,NA
1901,"minke whales",2111,2158.90388924555,7515.08512694097,13847.5198191954,26754.5913568599,79395.42287397,19607281.2367034,194283342.691075,NA
1901,"orca",2111,4769.54176388287,6997.6128730287,8390.05091305741,8960.44382247535,10096.7404163727,18546.2287668486,306455.858387902,NA
1901,"sperm whales",2111,11041.858384306,14682.9101731042,20344.312871159,24307.9137245989,107271.915966419,2651075.66796951,13237071.9266878,NA
1901,"baleen whales",2111,109466.872385955,177802.409588493,851769.606190541,856754.466471064,3213783.98365964,18500597.8086185,108372753.744818,NA
1902,"mesozooplankton",2111,6106700.07033674,10268510.8822422,13768983.7143465,18284627.4606559,21357695.4913145,25620251.9424621,30125891.6304675,NA
1902,"other krill",2111,189110.797917975,1526177.51449669,5648353.23558711,12016358.982163,31274851.2311956,78129942.6083199,127721080.337911,NA
1902,"other macrozooplankton",2111,1399441.75408117,8161687.73153721,15603993.1486739,19276451.3704684,23477584.9556829,29291250.2738787,38768341.6545805,NA
1902,"antarctic krill",2111,136095.456666938,1676663.57552639,7379589.45772715,13527937.5314923,24527100.9848581,36751219.6271533,58236961.0215886,NA
1902,"salps",2111,105721.06067591,427357.489917133,839911.267407094,1086822.89249587,1558060.24242852,2081836.92105067,2892283.59026487,NA
1902,"mesopelagic fishes",2111,17028.2162826737,492711.061269342,1265641.14294867,1759650.86122412,2609051.14248338,3574274.04891593,4680080.36840388,NA
1902,"bathypelagic fishes",2111,309615.342014916,976012.761939555,1640304.43083792,2357404.69527011,3238575.98727517,4487454.73858989,7662164.02980672,NA
1902,"shelf and coastal fishes",2111,1296631.11785665,2662405.09403978,4191132.29916038,4883199.82005463,5547647.99030043,6263594.48813872,7558967.86371662,NA
1902,"flying birds",2111,3954.48035362251,5425.45605416943,5945.77340146422,6019.75083034275,6110.53684150187,6283.73428978257,6601.4425250178,NA
1902,"small divers",2111,11066.3390151161,22169.4345953763,35132.3979622102,37699.290761987,40183.0970071588,42651.4812517381,48016.4110667037,NA
1902,"squids",2111,43046.9629231593,91229.2155489885,121382.532407988,141086.206129579,167516.732443086,299215.940492522,432170.517999653,NA
1902,"toothfishes",2111,2180.64470165541,165648.075435002,654171.51356643,1039584.92093412,1367097.62007894,1830584.39826012,2772884.34471972,NA
1902,"leopard seals",2111,617.567080917088,1954.61775991454,2646.15665619598,3324.37515058261,3798.34941839397,4653.2993895348,29264.1553574812,NA
1902,"medium divers",2111,69119.400624496,158982.753591034,277626.980099299,414848.36425598,633181.202038335,834678.940000556,1537578.19219663,NA
1902,"large divers",2111,2446.8132125441,5855.80546780273,11071.7351557495,18472.0538352749,41323.1283053307,229973.940576306,3221907.25418486,NA
1902,"minke whales",2111,2161.07140444636,7513.71598965248,13830.1908210015,26706.6123723863,78914.2624297374,19539060.9068607,193639356.155218,NA
1902,"orca",2111,4778.91584196046,7002.66956882333,8391.6698190955,8961.11637075524,10094.2704465934,18520.8544340885,305645.827876474,NA
1902,"sperm whales",2111,11049.9579937415,14688.1008138676,20339.8614757362,24296.4964865476,107109.456482775,2646316.86773563,13213184.9656332,NA
1902,"baleen whales",2111,109551.942818124,177838.397169149,850935.88865152,855926.445194234,3209937.29831795,18477186.9333157,108234401.790754,NA
1903,"mesozooplankton",2111,6387291.33628489,9859773.94462373,13760344.3299671,18129750.9407089,21092341.2928437,25259126.2446745,29533942.2271396,NA
1903,"other krill",2111,210088.506538027,1699486.92692262,5844346.48394403,12132191.7129156,31077753.9650096,76118006.7499447,124216881.551189,NA
1903,"other macrozooplankton",2111,1510661.95474167,8702551.56687269,16177700.6400695,20181352.1714079,24339168.4037355,30032136.5197008,39652505.7410347,NA
1903,"antarctic krill",2111,139917.522434206,1753151.63587013,7625673.16606169,13874980.1115013,24666646.7444331,36832308.4842534,61623020.711245,NA
1903,"salps",2111,109454.260497524,441728.47996805,858494.409478019,1100474.42503842,1575691.13264024,2094007.8728026,2903839.67159815,NA
1903,"mesopelagic fishes",2111,17558.7419308649,505223.495809783,1300126.9029848,1798623.00526103,2651236.35609091,3600670.40640293,4707345.13187584,NA
1903,"bathypelagic fishes",2111,316046.742704964,1001848.60789765,1677070.53482693,2398264.80204845,3278156.7098898,4518401.9406431,7683986.55880895,NA
1903,"shelf and coastal fishes",2111,1302456.56859268,2666378.90031492,4188246.57334968,4878745.43666676,5545742.10788854,6261736.02481253,7561890.33883254,NA
1903,"flying birds",2111,3955.00894050738,5431.18778208142,5946.56871381329,6020.34649493722,6110.7453331886,6283.12283409324,6600.80419792861,NA
1903,"small divers",2111,11084.0247439506,22205.1333417044,35214.7112446358,37773.1598742507,40193.7561892948,42672.6189999251,48007.7867967866,NA
1903,"squids",2111,42793.6242007102,91084.934439522,121098.292875806,140817.285811274,167142.221181056,298852.361444613,432106.838352285,NA
1903,"toothfishes",2111,2203.20957260832,166061.386376823,654630.178632478,1039547.86563011,1367369.97486693,1830253.28184338,2772708.69724668,NA
1903,"leopard seals",2111,607.40603930151,1960.00954010123,2645.195489596,3326.36359978138,3797.82637110013,4654.44194831535,29023.0587462379,NA
1903,"medium divers",2111,69423.0204633197,158991.880714274,277713.409183542,414406.311127236,632506.315799638,834213.013182967,1532044.16854616,NA
1903,"large divers",2111,2459.42065240893,5864.13804278427,11070.8464846047,18473.3384648184,41307.8115491273,229047.399008998,3204124.30628613,NA
1903,"minke whales",2111,2165.41704701514,7517.80585027808,13837.1039677064,26671.8928889568,78440.9495797226,19471065.0903079,192997487.86963,NA
1903,"orca",2111,4788.17872441446,7007.4916262989,8393.22982586034,8961.73554931713,10091.6819872283,18495.2198191044,304838.00559046,NA
1903,"sperm whales",2111,11058.0627709597,14693.1711069002,20335.3250134561,24284.9808313398,106947.277846055,2641566.32844938,13189340.9785306,NA
1903,"baleen whales",2111,109635.366080203,177872.437382198,850102.628510441,855099.547202495,3206095.05230426,18453805.6532186,108096224.191194,NA
1904,"mesozooplankton",2111,5253795.51996934,9145819.88424715,13157708.598768,17645009.1373027,20765330.7913793,24935292.1434916,29129945.4692153,NA
1904,"other krill",2111,213405.985265925,1686975.67601707,5520426.44641292,11559469.9500174,30216589.4806102,73826479.9906238,121786247.907306,NA
1904,"other macrozooplankton",2111,1583295.12707478,8602741.23925619,15960871.2716961,19476239.9664381,23676397.9397861,28854383.2565165,39053376.048508,NA
1904,"antarctic krill",2111,140788.684250334,1827451.42646606,7698799.44244357,13903110.1055544,24663111.7146877,36683659.9199863,69625662.6723652,NA
1904,"salps",2111,111486.721105643,444619.61975091,859312.036837966,1099033.12101397,1579165.19935229,2101782.40972353,2914934.15454205,NA
1904,"mesopelagic fishes",2111,18162.030535585,517635.942260573,1329949.40611137,1830777.81636265,2690362.23086177,3636594.10984947,4732438.44288679,NA
1904,"bathypelagic fishes",2111,326201.510423187,1027887.88350934,1716822.90660903,2442040.05850484,3326657.86148893,4560058.26765333,7718861.57340315,NA
1904,"shelf and coastal fishes",2111,1316618.37423745,2678803.1671993,4195577.59889438,4885771.74275791,5553141.2497914,6269903.47053121,7569898.72517193,NA
1904,"flying birds",2111,3954.15836010659,5428.89262499083,5945.7189797555,6019.61502922483,6110.15564769467,6282.54939962207,6600.06772881011,NA
1904,"small divers",2111,11087.7692893927,22209.6994406142,35255.3172854604,37793.7601218279,40193.0395537807,42669.9454941708,48000.2734649528,NA
1904,"squids",2111,43179.5846918824,91565.2391577933,121445.579226601,141023.867168005,167371.98155185,298869.555361243,432203.220817246,NA
1904,"toothfishes",2111,2219.28365530396,166370.95849985,655538.620714794,1039676.94184786,1367712.59499707,1830058.52372662,2772800.96482394,NA
1904,"leopard seals",2111,597.204704217205,1962.08475490433,2643.33103200709,3329.86809137611,3797.86137412413,4655.83959145016,28785.0023037422,NA
1904,"medium divers",2111,69759.4911234205,159070.0450913,277400.424251048,414255.290315133,631773.921915308,833402.716349139,1526551.80394575,NA
1904,"large divers",2111,2473.50730667969,5876.88490419789,11070.4431913279,18482.1726993224,41208.3627774971,228163.700900765,3186427.97791709,NA
1904,"minke whales",2111,2175.11004172099,7533.18086188149,13860.2847812285,26651.1948942997,77980.9658081369,19403292.0999923,192357723.871672,NA
1904,"orca",2111,4797.06672558341,7011.71205453767,8394.30040120068,8962.10675544955,10088.719131792,18468.8469648922,304032.345514765,NA
1904,"sperm whales",2111,11066.1655564136,14697.9584549783,20330.3973391823,24273.0942998918,106785.356256644,2636823.52990838,13165539.6322249,NA
1904,"baleen whales",2111,109713.295140583,177900.926124845,849269.110273003,854273.862620915,3202256.70712578,18430453.4234264,107958216.563462,NA
1905,"mesozooplankton",2111,3933874.20740239,7749848.31147594,12055439.5410729,16629491.9455561,19654799.6197137,23810448.0096321,27745582.5261476,NA
1905,"other krill",2111,196210.315847197,1492487.0419369,5023410.08065967,10778609.6680148,29649064.5174885,73508811.6655251,121540235.645628,NA
1905,"other macrozooplankton",2111,1520934.76850626,7841224.71832451,14732583.016213,17923712.2202103,22000441.1941898,26891939.7477202,37143975.168015,NA
1905,"antarctic krill",2111,136153.446523386,1782485.06535268,7473497.19154026,13496674.7212137,24341384.628035,36080618.2128016,74342565.0623081,NA
1905,"salps",2111,110220.926148594,433630.007990516,838738.136016498,1076077.58742867,1564435.82022454,2082208.45953498,2911784.94590463,NA
1905,"mesopelagic fishes",2111,17910.7709494169,516080.924477874,1315993.62554241,1821278.47034135,2693030.17146027,3646943.38296808,4727400.27059423,NA
1905,"bathypelagic fishes",2111,329086.704241785,1017638.37460253,1711447.88075313,2447428.13745605,3346943.04280071,4570045.8961281,7735649.04954424,NA
1905,"shelf and coastal fishes",2111,1316866.74758605,2682762.46183146,4200563.38188099,4892837.82858295,5558342.06387199,6275183.05490402,7573783.93399236,NA
1905,"flying birds",2111,3952.26714409402,5419.56586118812,5943.59180310667,6016.6788666686,6108.98330311985,6280.95662889802,6599.18182910097,NA
1905,"small divers",2111,11057.2680849723,22175.4282379731,35229.8242525847,37751.4762025251,40173.5413518189,42652.0385083099,47988.6765794866,NA
1905,"squids",2111,43657.7672474009,92108.1331253191,121945.482575076,141387.425728611,167727.523788311,298914.751367702,432288.295996382,NA
1905,"toothfishes",2111,2208.34979649465,166603.414537276,656622.520720322,1040917.07229999,1368114.13785535,1829902.63477203,2772971.05497812,NA
1905,"leopard seals",2111,586.61241278916,1967.48888514128,2640.30494848155,3332.7532196276,3800.423721938,4657.33170569193,28549.3721720784,NA
1905,"medium divers",2111,70104.8495395836,159118.120182273,277185.969816011,414295.564522349,630947.782030748,832483.254121768,1521086.02697197,NA
1905,"large divers",2111,2487.91104664268,5890.39415484158,11071.472300562,18462.2765153395,41101.2319673924,227283.214827738,3168815.91140678,NA
1905,"minke whales",2111,2184.89546559113,7549.32481576495,13857.1863435652,26630.2791146728,77524.6838671891,19335740.0529497,191720055.731074,NA
1905,"orca",2111,4805.85099503177,7016.07084904956,8395.2809874255,8961.56954453386,10085.6972415867,18442.3912825021,303228.868568336,NA
1905,"sperm whales",2111,11074.2638170048,14702.6583068815,20325.2974696781,24261.1207634999,106623.711008959,2632088.96384088,13141781.1352345,NA
1905,"baleen whales",2111,109785.293572868,177923.250483436,848435.435828484,853449.2452236,3198422.20728374,18407129.9996518,107820378.004156,NA
1906,"mesozooplankton",2111,4609016.31052454,8733790.83299426,12548460.704058,17126620.8410236,20416001.0631345,24749305.6819427,28950917.7138834,NA
1906,"other krill",2111,189749.652786675,1484851.77133036,5106650.19510738,11166857.1501112,30234916.6167239,76365934.3784389,123853978.040515,NA
1906,"other macrozooplankton",2111,1487229.9753326,7603270.09306494,14637598.3238169,18315456.1675928,22267214.1204395,27997092.1060852,37848635.2231995,NA
1906,"antarctic krill",2111,133132.414050838,1747951.63448675,7358008.72976722,13419096.2409095,24154136.2653548,35967640.8516503,83134956.8946141,NA
1906,"salps",2111,109355.1017471,431036.401298734,833209.869356355,1073947.42787009,1559675.19915082,2075621.18535762,2909469.94162105,NA
1906,"mesopelagic fishes",2111,17445.0500901092,515703.226918728,1311128.40738635,1812718.47571281,2687023.36894645,3629580.43301738,4710228.02102621,NA
1906,"bathypelagic fishes",2111,327635.22732006,1023917.99377571,1710237.97619389,2445776.66964703,3349090.66022943,4558558.30500589,7733907.77096445,NA
1906,"shelf and coastal fishes",2111,1324609.17085286,2689114.92409545,4208203.37072084,4901362.01099783,5565482.97424238,6277166.06778374,7575011.42175394,NA
1906,"flying birds",2111,3953.48110945681,5423.93717416989,5945.06286443867,6019.07740525756,6109.51425153807,6280.58701205311,6598.6369522556,NA
1906,"small divers",2111,11072.2079892706,22186.2749187916,35230.0286676722,37740.5213227735,40176.9600936023,42646.4950959914,47978.8078404992,NA
1906,"squids",2111,43922.9348160808,92532.9573732149,122206.122632889,141656.457708499,167908.62796556,299016.695428723,432507.35783429,NA
1906,"toothfishes",2111,2205.03767410769,167349.128071092,657650.312445428,1042310.46708066,1369075.95800652,1830007.6985031,2773281.03616774,NA
1906,"leopard seals",2111,576.485526236656,1970.13179038454,2637.83061028587,3336.95071157541,3799.55532660511,4657.54537918864,28316.4214733727,NA
1906,"medium divers",2111,70439.2589600572,159117.908304875,277170.763274012,414237.165897642,630154.257848378,831554.798514504,1515640.39027159,NA
1906,"large divers",2111,2501.66980515109,5900.27623890534,11073.098428478,18460.1015440243,40885.6711244819,226409.299711724,3151289.52608842,NA
1906,"minke whales",2111,2191.00841315523,7562.70453335215,13852.3591292362,26605.5038060829,77066.5619354333,19268413.6041208,191084507.132538,NA
1906,"orca",2111,4814.96248864848,7021.0486508461,8396.72884850363,8960.61535796665,10083.0516722143,18416.70683896,302427.618616235,NA
1906,"sperm whales",2111,11082.4003611218,14707.7372480818,20320.8031079196,24249.8475021867,106462.416656736,2627364.15504385,13118066.1353632,NA
1906,"baleen whales",2111,109867.944581118,177956.669674642,847605.076914205,852625.584539399,3194594.45958454,18383838.0270445,107682729.056087,NA
1907,"mesozooplankton",2111,3635355.77375331,6671867.11293793,11422651.7752615,16165171.710096,19345890.3865385,23756042.3261067,27829756.5723479,NA
1907,"other krill",2111,169341.190819689,1331084.98478402,4847388.57326983,10870851.449745,30300183.2823171,76743307.6674542,126532118.090672,NA
1907,"other macrozooplankton",2111,1390275.56109146,7391762.79568725,14330618.5024795,17959242.5506649,21814968.7803667,26989659.5033525,37552731.7490556,NA
1907,"antarctic krill",2111,126165.027010818,1672327.02332561,7120564.39945877,13198604.5646099,24085256.3794322,36094006.2186314,90587340.180048,NA
1907,"salps",2111,105438.327044305,417377.388989023,811782.428523017,1053745.75612758,1553599.66306171,2073603.93006918,2906653.01982334,NA
1907,"mesopelagic fishes",2111,16619.7883267421,505717.862300337,1295096.43239154,1792432.76647291,2666944.48165086,3618149.7001291,4696670.78351661,NA
1907,"bathypelagic fishes",2111,322375.813043296,1016852.83465441,1698927.72144033,2430631.12854911,3337025.67681243,4552890.0398253,7736879.12112469,NA
1907,"shelf and coastal fishes",2111,1335456.57746447,2698211.91193869,4214311.81011969,4907883.44626085,5571628.35584834,6280809.73281698,7579058.58198181,NA
1907,"flying birds",2111,3951.43949445074,5416.79944877606,5943.31389105946,6016.64861746199,6107.06416117343,6279.91284520791,6597.7008459696,NA
1907,"small divers",2111,11041.9826555767,22128.4451997851,35151.6263374112,37676.4552392277,40147.5809908483,42623.4482906734,47968.6079787346,NA
1907,"squids",2111,44666.3269413646,92832.2400704631,122653.26174986,142093.616180007,168507.11200576,299373.564908276,432809.95470432,NA
1907,"toothfishes",2111,2179.2829544794,167982.577294054,658888.110823416,1044190.89851205,1369818.30872725,1830042.52957879,2773811.76485641,NA
1907,"leopard seals",2111,566.034958204093,1971.15871347716,2636.82322757968,3339.64009225973,3801.12207733872,4658.42356442009,28085.8492547049,NA
1907,"medium divers",2111,70811.1314027998,159439.576656124,277203.783146109,414223.540375069,629335.658416082,830653.722958275,1510229.97473072,NA
1907,"large divers",2111,2517.18019702705,5916.79314960143,11075.5374655529,18459.7689516936,40671.1148370511,225535.427244668,3133846.42144699,NA
1907,"minke whales",2111,2204.5882965841,7576.36778583519,13851.2837087953,26589.5641410632,76625.2740278731,19201305.6740171,190451030.88768,NA
1907,"orca",2111,4823.41854620569,7025.25932542751,8397.88656487601,8961.07624622811,10079.7781974915,18389.8755732747,301628.464583191,NA
1907,"sperm whales",2111,11089.0931728723,14712.2584049387,20315.3465973141,24237.6511394481,106301.328359377,2622646.2636038,13094393.0715359,NA
1907,"baleen whales",2111,109938.700285988,177978.121867513,846773.178287372,851803.174843837,3190769.51278516,18360574.0539365,107545241.634097,NA
1908,"mesozooplankton",2111,5168168.5864985,9120706.77760216,12840116.1351033,17459561.6275682,20674272.2847498,25031615.2183075,29315430.4811844,NA
1908,"other krill",2111,166860.890401625,1347204.66652699,5122128.41282307,11323981.9822696,31141466.5787934,79915160.1664704,129097118.518632,NA
1908,"other macrozooplankton",2111,1368714.96329106,7650678.18329947,14801056.792341,18477455.9749741,22525491.456842,28194026.169251,37916744.7202455,NA
1908,"antarctic krill",2111,124297.446229761,1653741.43975668,7122160.9871134,13277673.1506669,24185285.6062147,36248842.4551536,105558995.427878,NA
1908,"salps",2111,104698.025165743,420621.332626162,819006.518419029,1067407.5173844,1554757.28875708,2078519.78791976,2901490.05165132,NA
1908,"mesopelagic fishes",2111,15977.0053189195,501852.938919179,1291225.18240925,1782041.87870968,2649048.63536758,3597505.39547685,4684957.73008584,NA
1908,"bathypelagic fishes",2111,315547.378591899,1008810.80935115,1689030.7139219,2412971.91498414,3318775.9107528,4528742.71659692,7715227.82363298,NA
1908,"shelf and coastal fishes",2111,1336372.67189706,2698844.76301778,4214910.07043656,4907351.00306529,5572542.69562744,6279672.21231195,7576425.49277745,NA
1908,"flying birds",2111,3953.3297317708,5421.89482708741,5945.32974716078,6018.92163980852,6109.2173009867,6279.7658277184,6597.16745625009,NA
1908,"small divers",2111,11058.4014302246,22148.8820775934,35162.3595579093,37673.3257696767,40157.419497806,42625.3844809348,47957.8528599904,NA
1908,"squids",2111,44548.6329703086,92873.0352802366,122780.01362111,142184.643409786,168379.834137224,299351.463493472,433002.960745733,NA
1908,"toothfishes",2111,2175.9532937428,168754.72849838,660454.569970985,1046090.5005583,1370677.25581787,1830185.71718731,2774156.77313005,NA
1908,"leopard seals",2111,555.854241878001,1970.48430240075,2636.07131948202,3340.40607345385,3802.75126127435,4658.91376660876,27857.3213513713,NA
1908,"medium divers",2111,71138.2457297,159669.442194791,277272.286977705,414118.208338995,628490.396391762,829568.786767266,1504824.39954107,NA
1908,"large divers",2111,2524.31487130953,5926.87491336715,11084.2257868663,18452.109167569,40481.6638985641,224670.438537781,3116486.7609165,NA
1908,"minke whales",2111,2207.92886655822,7576.83942884976,13848.7233221244,26561.4408967807,76311.184076491,19134423.1388486,189819669.478191,NA
1908,"orca",2111,4832.66551978211,7030.47109065219,8399.99947789195,8961.6889384332,10077.37712658,18364.7932142744,300831.587718697,NA
1908,"sperm whales",2111,11096.5885378879,14717.485021041,20311.0808646683,24226.6302148795,106140.631939322,2617939.02398063,13070763.9241001,NA
1908,"baleen whales",2111,110023.928411457,178013.862663424,845945.470416757,850981.519124594,3186951.84807689,18337341.8896786,107407947.313232,NA
1909,"mesozooplankton",2111,3859510.0251177,8225835.17140676,12529936.0714507,17006339.9576415,20121428.0707456,24395066.4891752,28506642.663609,NA
1909,"other krill",2111,167329.28561129,1388599.97341011,5223610.6507777,11466804.9283974,31040397.5757401,78632055.7457721,127373603.788382,NA
1909,"other macrozooplankton",2111,1392727.07905064,7920522.46431083,15228827.8334066,19039989.0188267,22946398.1514608,28312081.9065466,38085317.061076,NA
1909,"antarctic krill",2111,122929.608820877,1657374.96541056,7199478.60406202,13483867.3957836,24392871.0098916,36460626.9489104,125656451.143922,NA
1909,"salps",2111,104539.448807667,427351.737717277,829934.199976983,1078802.86675466,1565325.16258347,2080559.30599169,2899044.27140477,NA
1909,"mesopelagic fishes",2111,15770.4391347622,507368.615224786,1306087.09980103,1795833.62058103,2652703.9575912,3598651.84681417,4690268.0842151,NA
1909,"bathypelagic fishes",2111,312940.694462838,1018895.9001592,1699520.02811153,2412556.80459832,3314479.59345284,4519632.33973533,7700483.67514413,NA
1909,"shelf and coastal fishes",2111,1340674.28960591,2706559.59575931,4216332.0946308,4910498.48866853,5571851.80171303,6281505.02289132,7575321.698628,NA
1909,"flying birds",2111,3954.96492961101,5432.17231549582,5947.68498752403,6021.46497883837,6110.24614363854,6280.59134324017,6596.57562133989,NA
1909,"small divers",2111,11090.5699266428,22197.9091150274,35217.6456850102,37713.4190134369,40190.2043682727,42636.3410013428,47948.4573891784,NA
1909,"squids",2111,44156.0188695259,92917.9873024697,122886.009689039,142036.522602898,168169.342967898,299227.659318873,432998.231222814,NA
1909,"toothfishes",2111,2188.16909751172,169664.344547135,662042.746753016,1046805.98173516,1371103.34343342,1830351.22069006,2774445.07785811,NA
1909,"leopard seals",2111,545.828725235012,1969.95300242497,2634.31454015272,3341.06690112986,3805.12374278354,4659.58475901174,27631.1321633997,NA
1909,"medium divers",2111,71460.8344000594,159803.607575417,277322.43165809,413998.191105074,627639.262371585,828503.477084117,1499441.28355746,NA
1909,"large divers",2111,2492.74301089148,5936.32927683526,11089.5013316392,18448.2567106656,40389.2711533324,223810.244529215,3099210.30679477,NA
1909,"minke whales",2111,2209.92582431776,7587.70409289643,13837.9955702414,26531.6857065451,76010.5577781403,19067762.0388679,189190394.407537,NA
1909,"orca",2111,4842.09576664387,7035.88799376316,8401.9140855783,8962.33135121648,10075.1405929078,18340.055392363,300036.904927774,NA
1909,"sperm whales",2111,11104.3402622393,14722.7920784092,20307.0354108625,24215.7776886508,105980.234595882,2613240.64665623,13047177.6075098,NA
1909,"baleen whales",2111,110112.763306554,178052.780762041,845119.294752735,850160.864806396,3183139.40622649,18314139.8246691,107270832.359801,NA
1910,"mesozooplankton",2111,2206392.98826383,8732620.886891,12731241.6161909,17158618.6162142,20216147.1600701,24359488.2794407,28537761.1884849,NA
1910,"other krill",2111,166024.830015988,1420742.21410321,5194085.87525912,11347331.5063013,30443447.4957201,76197236.794663,125094556.901412,NA
1910,"other macrozooplankton",2111,1415911.93401525,7904735.03068247,15096336.2129836,18507122.5473796,22552854.7147748,27690826.9836266,37438599.5014976,NA
1910,"antarctic krill",2111,121554.379198383,1658081.52236261,7239860.42975366,13470524.0589498,24315747.6091008,36291176.3805215,149255477.526639,NA
1910,"salps",2111,105117.347002972,432286.048930751,835879.230175327,1081282.67928238,1562051.68045553,2080872.82038424,2892822.40397571,NA
1910,"mesopelagic fishes",2111,15675.8494456262,506172.02255515,1311867.45387773,1803644.09086183,2648445.81811858,3599007.68448906,4693964.63362208,NA
1910,"bathypelagic fishes",2111,313209.682752598,1020008.70680435,1703313.34636262,2417039.21151966,3304057.40804143,4514043.7997366,7685119.4688111,NA
1910,"shelf and coastal fishes",2111,1337221.96420084,2709547.87461041,4214536.95145826,4906733.02785221,5569884.65467226,6280292.83288619,7571738.63896011,NA
1910,"flying birds",2111,3955.5598595896,5438.28926720072,5949.04843907852,6022.33043856105,6111.42024731041,6280.31602731361,6595.85780085225,NA
1910,"small divers",2111,11112.3382203792,22247.1375562941,35278.6864487392,37774.3095018581,40193.9833324692,42640.0364372663,47937.1434128255,NA
1910,"squids",2111,43533.5614792485,93003.1037436373,122743.006945434,141963.057021233,167738.489532783,298905.955500372,432670.163899273,NA
1910,"toothfishes",2111,2200.04400298012,170601.466602592,663083.017606161,1047413.90278647,1371148.22541337,1830431.35494219,2774554.36204591,NA
1910,"leopard seals",2111,535.664665073032,1971.46379803021,2632.68684014252,3341.3603099868,3803.69151778119,4660.3081001942,27407.0682147587,NA
1910,"medium divers",2111,71778.1993420794,159799.946543665,277356.381684927,413808.039152886,626781.184747268,827676.618398566,1494079.94815838,NA
1910,"large divers",2111,2460.99679555508,5943.9802329366,11086.6341458575,18445.3926604066,40326.8351881525,222954.126061974,3082015.65827243,NA
1910,"minke whales",2111,2210.30950103506,7594.0075935307,13833.3376015671,26499.5897078516,75709.0853400336,19001320.1236268,188563190.300039,NA
1910,"orca",2111,4851.73090772251,7041.51137711345,8403.95071590752,8963.00481930949,10073.0534041338,18315.6111597732,299244.412442565,NA
1910,"sperm whales",2111,11112.1107259192,14727.7983614625,20303.0741547291,24204.9636156789,105820.120444424,2608550.80588394,13023633.9176434,NA
1910,"baleen whales",2111,110200.403203321,178089.826785135,844293.696102941,849341.212628483,3179331.38033752,18290967.044918,107133890.498472,NA
1911,"mesozooplankton",2111,956063.012707427,9145291.90628831,13026852.3102861,17464790.2791703,20588652.2283592,24863498.1708774,29064854.7942005,NA
1911,"other krill",2111,169395.217598341,1470018.03918713,5307138.40431672,11522356.3660118,30578391.9516497,76089817.5267718,124061749.43123,NA
1911,"other macrozooplankton",2111,1455327.88117116,7938364.86774367,15194102.316895,18858251.1394444,22898144.1484167,28524262.7281698,38214801.1907183,NA
1911,"antarctic krill",2111,120797.309652257,1667182.77426016,7295970.93898439,13555592.9087797,24345988.1239665,36270146.7409033,180451451.297028,NA
1911,"salps",2111,106143.430793626,437954.259512392,840364.19618377,1083643.40313645,1562545.43247399,2079793.65169526,2892191.42715328,NA
1911,"mesopelagic fishes",2111,15663.7916947444,510312.078556056,1317040.92577529,1809425.60565109,2652828.26851419,3602474.32582823,4697769.12681447,NA
1911,"bathypelagic fishes",2111,316797.982812934,1025631.80854875,1711095.05198125,2420882.82127122,3307413.22494443,4515895.97207679,7681102.38010708,NA
1911,"shelf and coastal fishes",2111,1341411.41437546,2717297.10601607,4215515.9736148,4907208.27353299,5569934.16842648,6280819.49891017,7570543.8099399,NA
1911,"flying birds",2111,3955.41733675343,5440.31567533242,5949.12231577135,6022.03069913572,6110.55803172883,6279.66167914906,6595.12750966636,NA
1911,"small divers",2111,11132.3567478063,22280.9648433553,35317.0458090478,37810.8325142473,40191.4503084089,42628.1605647949,47927.3312993946,NA
1911,"squids",2111,43283.1177538763,93140.1659626595,122885.195667742,141826.761390228,167544.296822225,298729.51234529,432375.114561208,NA
1911,"toothfishes",2111,2206.7969112426,171561.633164874,664140.489225894,1049542.11753773,1371038.85971117,1830498.60981795,2774695.4597418,NA
1911,"leopard seals",2111,525.568132051073,1973.4520908263,2631.13607475081,3343.0281580139,3804.35735848531,4661.14364416883,27185.4514129893,NA
1911,"medium divers",2111,72115.1490644329,159845.827846197,277428.608914835,413714.664307894,626198.009216447,826621.281906911,1488753.68075043,NA
1911,"large divers",2111,2428.37439772137,5949.68569620037,11091.2297264483,18442.9730081034,40271.1684946235,222100.710612961,3064903.66122394,NA
1911,"minke whales",2111,2214.27118694067,7611.53352876588,13854.7890415574,26485.6616915187,75327.3202560277,18935096.3308001,187938046.62444,NA
1911,"orca",2111,4861.2233154229,7046.91308094914,8405.98902181328,8963.6440576601,10070.7511356245,18290.735753867,298454.061367203,NA
1911,"sperm whales",2111,11119.3797727985,14732.0226182347,20298.7799137384,24193.8340118817,105660.269014114,2603868.82707323,13000132.4245769,NA
1911,"baleen whales",2111,110284.926354699,178123.635988393,843468.34092849,848522.734038982,3175527.63636447,18267823.4239924,106997120.155404,NA
1912,"mesozooplankton",2111,214052.760256529,9924176.07478283,13643676.9754927,18000811.3496871,21042218.3185248,25312238.467935,29586497.1530852,NA
1912,"other krill",2111,182007.486449312,1589259.2643091,5584364.56052159,11825353.4698322,30890056.9745985,75919868.472488,123291334.193498,NA
1912,"other macrozooplankton",2111,1534049.00898757,8273507.53196689,15811349.9412446,19636298.2432748,23773164.0885127,29436175.2161695,39071004.8474779,NA
1912,"antarctic krill",2111,122422.160045017,1715692.44770946,7472097.40202056,13757262.2602965,24488748.573313,36338285.2685888,228444517.607425,NA
1912,"salps",2111,108967.379262423,447963.023638476,852750.981829812,1093455.79851505,1573027.86386695,2087213.09684481,2894835.61736281,NA
1912,"mesopelagic fishes",2111,15940.2286929549,519881.309136985,1333073.94487536,1825603.41893992,2665835.23505669,3610382.34706103,4700300.01633596,NA
1912,"bathypelagic fishes",2111,323067.079078392,1037467.4307953,1726928.4127032,2431882.49612599,3318607.0853151,4522240.53562677,7680728.68025633,NA
1912,"shelf and coastal fishes",2111,1348207.97501166,2727014.55660247,4218806.12725189,4909554.22742358,5570627.17731227,6282317.45356076,7569817.99219978,NA
1912,"flying birds",2111,3955.66551345726,5443.63164960551,5950.11447636017,6022.40703740716,6110.59289186507,6279.21984891249,6594.48025314269,NA
1912,"small divers",2111,11159.8149316333,22323.3018755447,35355.8626817802,37822.3432113428,40195.1958941521,42620.8476134254,47918.5728704754,NA
1912,"squids",2111,43192.0287461065,93410.6350543282,123022.183950664,141812.664841686,167491.727491106,298601.715545591,432120.75176107,NA
1912,"toothfishes",2111,2200.38218031209,172093.392189957,665020.2549467,1050029.80276065,1370996.50187164,1830591.01225293,2774802.34596811,NA
1912,"leopard seals",2111,515.544377256121,1976.38512210918,2628.81278280678,3343.32296113367,3804.05397348158,4661.14179437168,26966.1166804127,NA
1912,"medium divers",2111,72455.7547380598,159953.342492849,277467.775812425,413619.185258235,625072.882275235,825723.914208074,1483453.78803233,NA
1912,"large divers",2111,2396.49888815172,5951.77373355158,11095.4663155194,18438.0100767111,40228.8191100432,221251.411450857,3047873.79510614,NA
1912,"minke whales",2111,2218.05608830665,7625.4919359226,13860.5020965206,26472.4366944779,74855.1321755431,18869091.0125007,187314964.434542,NA
1912,"orca",2111,4870.84567029443,7052.43038469676,8408.1026633958,8964.28921715379,10068.5149979272,18266.0146205087,297665.869419529,NA
1912,"sperm whales",2111,11126.8034274017,14736.319916863,20294.4114270668,24182.7880114622,105500.705197762,2599195.42113551,12976673.4424965,NA
1912,"baleen whales",2111,110370.168482449,178157.931131151,842644.044845792,847705.311717235,3171728.78871011,18244709.4197315,106860525.770506,NA
1913,"mesozooplankton",2111,13148.1979918651,9503665.98109798,13341316.0653091,17685409.5710859,20659042.854902,24776359.1462817,28980852.0307759,NA
1913,"other krill",2111,192144.19926491,1653023.44732714,5533804.0007307,11646829.9159635,30338832.4322722,73772779.1119616,121106819.844123,NA
1913,"other macrozooplankton",2111,1617728.223356,8546509.52234779,15930351.6344589,19524229.6198253,23714466.6077742,28875285.2625235,38580405.748291,NA
1913,"antarctic krill",2111,124055.136533959,1797736.82029309,7611871.2564943,13852620.6253049,24524377.3662545,36225701.8613959,289604130.399633,NA
1913,"salps",2111,112071.632216388,454555.726348285,861425.0198187,1096795.15646262,1579421.99701641,2092446.21274579,2895781.7754535,NA
1913,"mesopelagic fishes",2111,16487.5976455144,531373.47391579,1350442.52705807,1849112.02413287,2682940.01917025,3626460.30547435,4981169.97972479,NA
1913,"bathypelagic fishes",2111,331449.363899795,1054632.59768746,1742230.33381205,2448328.12449345,3337258.63382971,4532604.0180705,7680262.76096335,NA
1913,"shelf and coastal fishes",2111,1353700.48058963,2736463.70342146,4223642.4793545,4915336.87172437,5573051.0577978,6284265.3788226,8003080.59899902,NA
1913,"flying birds",2111,3956.13009788214,5447.98603923958,5951.18120460517,6023.18154904033,6111.09191470128,6278.84334641523,6593.87543051227,NA
1913,"small divers",2111,11191.4589611002,22377.057545331,35395.2007277982,37835.4424620527,40196.2688063641,42620.5994020029,47910.2477520938,NA
1913,"squids",2111,43139.2379496539,93809.8993962286,123135.768785099,141820.15292936,167464.147054902,298477.722755616,431844.003468637,NA
1913,"toothfishes",2111,2195.11031154356,172506.55830314,666360.892212047,1050229.17558216,1371101.74012145,1830794.42425548,2774842.82621009,NA
1913,"leopard seals",2111,505.555000061674,1975.83453884782,2628.51007263325,3343.5265854454,3804.8789431278,4661.46010193547,26748.9767343847,NA
1913,"medium divers",2111,72797.127821337,160156.336625188,277066.296573812,413413.994367558,624215.383136319,824945.229067807,1478177.90959747,NA
1913,"large divers",2111,2365.53118268172,5953.52165721128,11096.1999937575,18435.5610235635,40137.2956139889,220406.487070106,3030925.63396899,NA
1913,"minke whales",2111,2204.58348292179,7636.20022819567,13866.1587353248,26458.1223352359,74385.1384562649,18803303.2961541,186693936.687494,NA
1913,"orca",2111,4880.66132403975,7058.13539159979,8410.26048609758,8964.94299672217,10066.3974948683,18241.5719090701,296879.831116221,NA
1913,"sperm whales",2111,11134.5298857124,14740.7748242976,20289.9728490124,24171.9156286005,105341.43415479,2594530.72044914,12953256.96946,NA
1913,"baleen whales",2111,110456.237852758,178192.806589877,841820.862221025,846888.916633429,3167934.85230777,18221624.9999238,106724107.105905,NA
1914,"mesozooplankton",2111,295.619057079067,8855677.47615924,12785462.0974686,17283411.7891665,20416573.5805029,24645793.9597808,28786000.3871207,NA
1914,"other krill",2111,188510.082666746,1581917.79566079,5256177.14551855,11206987.8031569,29923519.0618932,73157525.6105917,120389808.636203,NA
1914,"other macrozooplankton",2111,1645772.93031393,8241881.83707343,15430802.3579078,18890046.5543284,22989276.3400836,28218693.4573555,38344181.9351756,NA
1914,"antarctic krill",2111,122835.606753473,1810493.49810481,7567822.38883547,13779606.5042936,24446866.3068122,36019187.7899358,346544363.140998,NA
1914,"salps",2111,112770.999043212,450398.836104343,854124.381176685,1091004.86648915,1575649.55064058,2088836.88100356,2898725.61379558,NA
1914,"mesopelagic fishes",2111,16778.148347992,539696.026328247,1359763.3921976,1855555.50410623,2703007.4931954,3636613.6702023,5461974.05021086,NA
1914,"bathypelagic fishes",2111,339827.209121561,1060921.81986791,1755168.46311009,2464534.09663948,3355890.66312353,4555876.73906271,7690659.39842432,NA
1914,"shelf and coastal fishes",2111,1367518.13864276,2751921.58035569,4233951.62619027,4927738.22957831,5584962.9591976,6288615.83431121,8575596.69384889,NA
1914,"flying birds",2111,3955.09781483849,5444.15498230846,5949.70385823256,6021.90893242813,6109.52421040267,6277.74963525857,6593.16400556149,NA
1914,"small divers",2111,11203.2960658361,22385.7081939517,35377.3131989444,37815.9068526381,40191.8082901066,42615.6142864924,47903.1319577588,NA
1914,"squids",2111,43719.7117121853,94177.2189206673,123566.152527469,142175.906545921,167897.425026714,298699.582447142,431793.914587232,NA
1914,"toothfishes",2111,2180.09714941944,172916.224308873,668323.526982426,1051716.60475363,1371303.38119939,1831050.0525745,2775048.41226809,NA
1914,"leopard seals",2111,495.53458424394,1975.24120873106,2629.79686226908,3344.46301206098,3808.25485437032,4661.838340223,26534.2579154605,NA
1914,"medium divers",2111,73173.6876852336,160508.948845977,277031.836118273,412922.348829326,623368.779313687,824518.398801863,1472941.74458162,NA
1914,"large divers",2111,2331.54203018275,5962.36005400631,11092.4462163753,18433.7294342829,40053.6413377242,219562.981854207,3014059.4540598,NA
1914,"minke whales",2111,2159.99989378903,7646.45778541289,13871.6609395232,26409.209738617,73925.7443345265,18737730.3263773,186074940.809535,NA
1914,"orca",2111,4890.03093102429,7063.27356472455,8412.17819653003,8965.49118159835,10063.7815441167,18216.2311835745,296095.864527125,NA
1914,"sperm whales",2111,11141.3469271051,14744.6541962235,20284.4297048314,24160.4688505471,105182.402017461,2589873.34342348,12929882.2207727,NA
1914,"baleen whales",2111,110534.724039661,178220.359412996,840997.198689909,846073.769935302,3164144.613196,18198569.1089271,106587854.234222,NA
1915,"mesozooplankton",2111,4.0783249761829,9113892.56430332,12960597.3696469,17481194.939524,20705431.780587,25053060.5472805,29264456.7169514,NA
1915,"other krill",2111,183696.721613041,1545526.40785372,5157498.72607963,11250835.6838874,30395271.8459666,75028385.8240843,122259828.739936,NA
1915,"other macrozooplankton",2111,1632028.34848193,8031353.64510233,15267387.2760944,18875249.6756503,23023619.9403811,28533111.3286458,38786483.764635,NA
1915,"antarctic krill",2111,120868.53907749,1786935.04058658,7453168.29333679,13715449.1049625,24342548.876096,35934486.2786037,394875181.793414,NA
1915,"salps",2111,112432.032135454,444407.061866905,844875.263315288,1082119.07147308,1573101.45027934,2080589.18666404,2901941.08540964,NA
1915,"mesopelagic fishes",2111,16650.2892069775,539354.0863256,1357799.19715465,1853441.9648679,2709429.20316936,3642952.84242513,5996489.35997833,NA
1915,"bathypelagic fishes",2111,344479.200411875,1063654.99981853,1755636.38276881,2471246.1043367,3365248.23351272,4575685.50711683,7701104.24888407,NA
1915,"shelf and coastal fishes",2111,1383202.99922763,2767389.30649918,4246721.86307415,4940306.65722148,5594701.57842031,6292522.40552507,9236234.41557705,NA
1915,"flying birds",2111,3953.71798811687,5436.52316429019,5947.84221695535,6020.18770972564,6109.00565153719,6277.10228210232,6592.43416824988,NA
1915,"small divers",2111,11199.4839370105,22360.3601321762,35317.5106803418,37760.2419863977,40172.4902572206,42610.8544786013,47895.4245074695,NA
1915,"squids",2111,44693.6244089721,94398.9208869953,124136.395212909,142630.775054261,168492.627898029,299143.904330448,432009.221015559,NA
1915,"toothfishes",2111,2154.67872204879,173366.332540236,670108.869662339,1052987.98334661,1372380.53772679,1831314.91800233,2775379.17455774,NA
1915,"leopard seals",2111,485.449162939991,1974.4349961839,2632.72798839743,3345.62447274652,3811.42440115459,4661.35105952148,26321.7711449895,NA
1915,"medium divers",2111,73571.9519780787,160943.02281303,276913.094101467,412963.894135733,622525.985407861,824231.498644751,1467736.67332764,NA
1915,"large divers",2111,2295.19050828099,5971.640467572,11095.8437826257,18432.0896810815,39920.5705373158,218595.978063154,2997274.56726462,NA
1915,"minke whales",2111,2115.20035129319,7663.89772361213,13865.0904625783,26414.22441334,73473.8742952499,18672372.0191199,185457975.568265,NA
1915,"orca",2111,4899.08376231325,7067.55894846237,8413.86339301596,8965.53018364654,10060.8616167058,18190.4354214877,295313.978801599,NA
1915,"sperm whales",2111,11147.6619885717,14748.1858007745,20278.8864855137,24148.7095566712,105023.624326176,2585223.79278196,12906549.4117651,NA
1915,"baleen whales",2111,110608.298160856,178243.288730692,840173.731937215,845259.760819613,3160358.54697474,18175542.0692069,106451770.269092,NA
1916,"mesozooplankton",2111,0.0417906831855943,8434398.84034928,12481960.5034637,17047910.9439231,20111874.3243813,24387080.3165044,28541131.3224739,NA
1916,"other krill",2111,177524.291224247,1499406.79751829,5086918.01457821,11193356.6708389,30362874.1822067,75620364.7030214,123057279.446793,NA
1916,"other macrozooplankton",2111,1616979.71301799,7957347.54327564,15200158.9418568,18778227.1199194,22853191.3767987,28034968.9790168,38099284.9483923,NA
1916,"antarctic krill",2111,118664.048437598,1769679.35283873,7422766.90297145,13683932.5948034,24330955.3547198,35987871.7786013,431413967.923096,NA
1916,"salps",2111,111882.008143098,440721.205451113,840784.683686844,1079362.57993734,1573197.12022402,2080796.41074274,2900281.27761956,NA
1916,"mesopelagic fishes",2111,16535.8660081994,543086.615995871,1359220.95932004,1851812.11963118,2711356.26259109,3638867.89725093,6537336.02040232,NA
1916,"bathypelagic fishes",2111,345835.945570029,1066999.10389737,1756101.38688086,2470408.93461533,3366250.87024892,4583635.88925967,7696054.47588977,NA
1916,"shelf and coastal fishes",2111,1394524.37017966,2780743.63605552,4256848.21816657,4950678.67723938,5601727.25258519,6295414.63151549,9974865.04003397,NA
1916,"flying birds",2111,3954.98651871495,5441.21699685339,5949.88305794323,6021.73850398656,6109.33875598089,6276.92136877846,6591.95869530086,NA
1916,"small divers",2111,11227.7149790225,22383.1974713014,35312.6136452884,37750.8586211964,40174.1238021547,42602.2711089084,47887.5998662781,NA
1916,"squids",2111,45215.4167377976,94963.9906839157,124505.286724292,142969.014427668,168843.674786301,299448.745359554,432295.952151018,NA
1916,"toothfishes",2111,2138.52652809073,174269.145959753,671628.244283541,1054148.32284647,1373650.92161981,1831921.40419027,2775635.72710584,NA
1916,"leopard seals",2111,475.56839342794,1975.55283929983,2634.03432476653,3347.52665717795,3812.17576928546,4660.94906199453,26111.3389405522,NA
1916,"medium divers",2111,73949.5363901491,161231.193399346,276786.866404926,412797.403258101,621671.895930818,822868.774203046,1462543.96890277,NA
1916,"large divers",2111,2262.7097613324,5975.30873991665,11084.237966512,18429.0550468341,39806.8599515221,217108.886312631,2980570.5340381,NA
1916,"minke whales",2111,2070.93360194308,7679.2271376881,13858.2402992831,26407.5247008081,73060.5550621483,18607231.5564921,184843060.013437,NA
1916,"orca",2111,4908.59856409831,7071.93972446139,8415.93563560647,8965.9993587001,10058.4380184675,18165.7312108022,294534.269504789,NA
1916,"sperm whales",2111,11155.2379900976,14752.9748433484,20274.5031578254,24137.7454498095,104865.199232843,2580584.07523963,12883259.5172537,NA
1916,"baleen whales",2111,110691.202965243,178275.646050472,839353.293597469,844446.609689005,3156578.96869556,18152545.8618818,106315871.789622,NA
1917,"mesozooplankton",2111,0.000384038890627297,8316334.9561401,12434565.5663462,17011580.3825325,20269114.276337,24585354.9160745,28753551.7882826,NA
1917,"other krill",2111,165877.865285778,1419578.45971811,4943557.50232097,11008181.8530504,30374614.8169647,76564470.1452067,125006238.612296,NA
1917,"other macrozooplankton",2111,1540137.9026858,7688335.10386075,14786574.0569146,18261314.3319546,22297816.7746442,27497829.5158905,37910178.9411305,NA
1917,"antarctic krill",2111,114553.784521181,1719085.76598636,7245145.52446595,13419051.2677727,24211714.9197969,35884168.862486,442360099.256279,NA
1917,"salps",2111,109222.257695713,430878.950531411,825716.012892134,1064662.40244941,1562975.92967621,2076187.37759403,2896678.70028533,NA
1917,"mesopelagic fishes",2111,15930.1343115528,532938.533518558,1335105.62804485,1827457.68174707,2693423.8037856,3637330.08553264,7040433.25720155,NA
1917,"bathypelagic fishes",2111,342858.190883236,1052457.55422945,1737159.51351218,2457023.13631634,3356683.7981892,4576502.91201944,7698425.51248509,NA
1917,"shelf and coastal fishes",2111,1400699.34208145,2786256.1050928,4263947.43007196,4957547.96551188,5608587.30642896,6299509.94667459,10782892.135783,NA
1917,"flying birds",2111,3952.45707730791,5428.57189670458,5946.26225882222,6018.00246663429,6107.8071181254,6275.28515036401,6591.01747820274,NA
1917,"small divers",2111,11196.632611311,22321.9376747027,35218.0602740179,37648.7027858794,40147.2864577989,42575.3024292167,47877.554352756,NA
1917,"squids",2111,46106.0143153934,95070.9580065558,124763.742152453,143372.783441367,169469.000373046,299884.465770189,432601.565317207,NA
1917,"toothfishes",2111,2103.73971231162,175329.080598108,672824.970684154,1056407.21596086,1374625.49486461,1832400.98356951,2775982.67515764,NA
1917,"leopard seals",2111,465.297289437145,1976.55227909553,2637.75087031269,3348.81617795807,3814.24737996243,4660.67664490258,25902.8959209547,NA
1917,"medium divers",2111,74364.6688429853,161708.912960423,276695.026670432,412856.811407862,621070.648239562,821749.877530155,1457387.45963298,NA
1917,"large divers",2111,2222.84196819093,5977.3913527839,11078.2022227112,18419.3770591188,39671.2328730151,215501.073537477,2963946.04678472,NA
1917,"minke whales",2111,2025.41582015243,7699.99307596939,13857.7686924377,26359.6424342533,72821.2844493351,18542301.492785,184230143.550259,NA
1917,"orca",2111,4917.34026652264,7075.74318297952,8417.11791937508,8965.41943477381,10055.2836544605,18139.7538235243,293756.588186013,NA
1917,"sperm whales",2111,11161.0435772265,14757.4890639318,20269.2956153944,24125.7176287763,104706.965059542,2575950.84822835,12860010.709344,NA
1917,"baleen whales",2111,110758.995170308,178293.004739465,838531.212394172,843634.700330948,3152801.7423391,18129576.8793766,106180128.810321,NA
1918,"mesozooplankton",2111,3.4096754538201e-06,8158166.35403756,12327900.1067712,16861694.3092008,19926732.9750213,24108739.4329857,28161883.8329832,NA
1918,"other krill",2111,159574.368718299,1335226.18630011,5023227.02065032,11180792.5530593,30416607.5078096,77995713.7317997,126592754.143467,NA
1918,"other macrozooplankton",2111,1442052.68189592,7506035.94608349,14389504.7902367,17883126.3025582,21783902.3541356,26970568.420735,36952865.657667,NA
1918,"antarctic krill",2111,110690.605033539,1670593.54593176,7112057.52379742,13224219.5858183,24038300.1051254,35883489.0575017,440778383.296575,NA
1918,"salps",2111,106842.668590153,424013.712709582,813206.734860665,1054175.90779959,1547251.29629749,2064491.45891921,2882722.50895917,NA
1918,"mesopelagic fishes",2111,14969.6089918755,516922.532615124,1292502.66657101,1782566.82805049,2652178.51905917,3603891.79744582,7446591.00391252,NA
1918,"bathypelagic fishes",2111,332683.636190697,1014587.07546282,1692091.09365383,2416469.99089064,3314743.69416883,4537680.18011878,7909634.96909678,NA
1918,"shelf and coastal fishes",2111,1382520.93865516,2768858.41938336,4255922.76123745,4955519.38700038,5602067.64588317,6294994.88703765,11629077.1618144,NA
1918,"flying birds",2111,3951.17480229464,5420.96207967094,5944.3432359408,6016.99192520181,6106.60325028627,6273.33117553228,6590.14731486398,NA
1918,"small divers",2111,11152.6666034546,22268.8423552553,35135.2926337012,37576.4831035704,40125.827905118,42565.9247355574,47863.034894228,NA
1918,"squids",2111,46297.5108028869,94926.7053151506,124627.42035666,143284.618379209,169483.604093822,299850.124705365,432733.925345216,NA
1918,"toothfishes",2111,2068.5789040932,176244.943320972,673815.678098547,1056813.1258936,1375012.03131725,1832768.66205174,2776044.60127914,NA
1918,"leopard seals",2111,454.789210223383,1977.85123750918,2641.73045171832,3347.44468142232,3814.46112126018,4661.39386255788,25695.897606884,NA
1918,"medium divers",2111,74755.8012241441,162061.127267917,276588.774062634,412845.149041801,621182.994677164,821160.8357232,1452239.98751545,NA
1918,"large divers",2111,2182.41271388339,5983.54268994129,11077.3789479183,18413.5960740166,39585.8431266217,213892.855036103,2947399.66773777,NA
1918,"minke whales",2111,1979.01489766967,7706.06853164437,13855.3252800648,26328.6538227878,72574.7927270221,18477585.5601249,183619250.318234,NA
1918,"orca",2111,4926.37722123788,7080.61191536496,8418.71087582834,8965.45556319951,10052.5241934905,18114.6558584634,292981.073139687,NA
1918,"sperm whales",2111,11167.3572335808,14762.3067158321,20264.3486656652,24114.0820502423,104549.052807191,2571326.69114249,12836804.3482819,NA
1918,"baleen whales",2111,110828.415945722,178311.928875151,837710.848749216,842823.64893831,3149029.82638194,18106637.5269589,106044561.343698,NA
1919,"mesozooplankton",2111,3.15775890427889e-08,7376348.57076378,11800245.5565973,16495229.9570325,19688465.1037971,23972987.6020666,28044120.2024284,NA
1919,"other krill",2111,151429.565255557,1310171.38185801,4993949.53659994,11122018.2616202,30584845.1156628,78758926.1421804,128263602.120839,NA
1919,"other macrozooplankton",2111,1339894.80236475,7295545.10781907,14033581.9313946,17607476.6704196,21348166.6581596,26547204.8283338,36698351.4241054,NA
1919,"antarctic krill",2111,106046.588103264,1614681.076275,6937073.89902804,13048829.7126772,23961299.8164704,35965429.5028127,426813753.605957,NA
1919,"salps",2111,103553.647437054,413461.343952404,803106.45614209,1042346.14562732,1536074.21216364,2056198.23151779,2872959.21288726,NA
1919,"mesopelagic fishes",2111,13895.6748776475,495935.574315569,1251668.80434435,1741352.76377391,2607588.8338924,3576186.05405718,7737083.99723077,NA
1919,"bathypelagic fishes",2111,320175.653309326,982865.774158496,1645990.3664738,2368025.32884208,3270305.65298928,4497950.23715275,8553902.56066742,NA
1919,"shelf and coastal fishes",2111,1366283.12910944,2748360.36363592,4240618.84855432,4939960.74948602,5591491.33097443,6287140.41460958,12490777.725906,NA
1919,"flying birds",2111,3949.38399187297,5414.82309632461,5941.5457932363,6015.28909899131,6104.5891630627,6271.75504187897,6589.19610485997,NA
1919,"small divers",2111,11095.0361714538,22193.2461671282,35035.8065700176,37507.0076173879,40106.4875710276,42565.4989814201,47848.4154008373,NA
1919,"squids",2111,46431.1183502359,94282.4619351818,124131.482390853,142950.940026158,169279.015307173,299688.036574234,432826.916529925,NA
1919,"toothfishes",2111,2032.31774230789,176944.403754231,674474.605627515,1057414.38011845,1375037.6413759,1832839.87765325,2776044.55355361,NA
1919,"leopard seals",2111,444.244881658175,1976.66318414925,2645.26944219068,3347.02184096322,3815.28229131584,4661.92156870424,25490.6464103454,NA
1919,"medium divers",2111,75157.7204346394,162446.645544479,276690.190274316,412781.011165226,621825.747365859,820294.186730636,1447119.15809408,NA
1919,"large divers",2111,2139.18848109866,5981.69637216985,11076.2732098556,18402.840322576,39532.4529006314,212301.785377016,2930932.46534931,NA
1919,"minke whales",2111,1932.30245432572,7713.88415633933,13855.0593267093,26302.3618494574,72124.5516271571,18408842.1590866,183010364.596228,NA
1919,"orca",2111,4935.07751914788,7085.12347963248,8419.96504372805,8965.68703254229,10049.5142611354,18089.1761870861,292207.646040474,NA
1919,"sperm whales",2111,11172.9463207423,14766.8628904802,20259.4375794596,24102.0083488519,104391.38763897,2566710.19100903,12813639.5544746,NA
1919,"baleen whales",2111,110894.678320227,178328.170391839,836891.165328375,842013.691504571,3145262.41487984,18083727.2332849,105909164.075792,NA
1920,"mesozooplankton",2111,3.14901906033884e-10,9593339.59601744,13309789.2706133,17917647.8206618,21177753.4809017,25599475.6816939,30075674.4120172,NA
1920,"other krill",2111,161243.016333532,1425756.53556522,5545813.57809409,12095881.1137624,32032356.3105641,81763009.229295,130501276.524029,NA
1920,"other macrozooplankton",2111,1350246.07227503,7720631.01383271,15091325.139797,19179459.2522968,23144490.3224582,29135340.5420043,39014008.8214832,NA
1920,"antarctic krill",2111,106417.905950512,1628553.60001126,7105211.42824838,13420416.650193,24345561.4727321,36450235.6991627,428112528.968374,NA
1920,"salps",2111,103784.695003184,424459.315724774,820480.435296878,1066224.44832304,1550359.49933306,2063565.73803093,2878324.14332197,NA
1920,"mesopelagic fishes",2111,13274.8286074006,492013.388501463,1249854.96401395,1736552.19671243,2601025.95996509,3563868.16663761,7911074.47707483,NA
1920,"bathypelagic fishes",2111,311633.038625486,973111.242914244,1647630.18423065,2353132.70267653,3251518.52588843,4479989.91906485,9023824.61029545,NA
1920,"shelf and coastal fishes",2111,1364784.48121113,2739348.11794638,4225573.30273833,4926714.2243728,5582079.08910621,6281175.93261911,13338855.9334558,NA
1920,"flying birds",2111,3950.24841201789,5415.52308658958,5943.02280773618,6015.11211571633,6104.81864104624,6271.09479499883,6588.55955052341,NA
1920,"small divers",2111,11082.4221121565,22168.8542402602,35001.9733830726,37507.7436529601,40116.545104083,42563.2177786262,47837.4388746956,NA
1920,"squids",2111,46362.4085578262,93846.0952006193,123708.415047302,142557.033091437,169020.618606176,299448.175515014,433029.529879127,NA
1920,"toothfishes",2111,2011.40789838307,177647.174001663,675806.846652638,1057429.74726963,1374929.1335813,1832961.90313496,2775995.79663336,NA
1920,"leopard seals",2111,434.082291118843,1974.45864924499,2646.02361608885,3347.80054727586,3817.87783620871,4662.62931917387,25287.374700537,NA
1920,"medium divers",2111,75551.8328419862,162627.840378328,276529.298218207,412747.976647278,621583.690248502,819234.31677125,1442020.79591303,NA
1920,"large divers",2111,2099.24307044072,5983.25880124814,11075.550352737,18395.6884456296,39497.3937188396,210715.610486435,2914545.85277598,NA
1920,"minke whales",2111,1886.7267713682,7727.98137826056,13852.3121258851,26289.5333521095,71868.0658881891,18276555.0232047,182403504.796031,NA
1920,"orca",2111,4943.92661990788,7089.79735861816,8421.45979248093,8966.0656876004,10046.7469282327,18064.2357300848,291436.366145142,NA
1920,"sperm whales",2111,11179.1763556305,14771.6863150735,20254.9301714853,24090.3371835962,104234.046301315,2562102.81083071,12790517.0548182,NA
1920,"baleen whales",2111,110970.747810845,178354.756087469,836074.863079695,841204.692961556,3141501.73276635,18060848.0057772,105773952.515884,NA
1921,"mesozooplankton",2111,2.89706375981017e-12,7357320.24238109,12057875.1558955,16704645.8917496,19808518.3148995,23993590.6724934,27987790.6897807,NA
1921,"other krill",2111,158077.102780831,1416170.37050172,5325911.2148158,11548430.7479955,31187394.868927,79564775.6717747,128992226.533528,NA
1921,"other macrozooplankton",2111,1329260.34452431,7792474.84698688,15131880.2170101,18748698.5548286,22746917.0569377,27746947.6938107,37919712.9759851,NA
1921,"antarctic krill",2111,104467.172154122,1620556.87795397,7136316.61696448,13519759.9083134,24532013.1046605,36594852.5633308,427337328.750584,NA
1921,"salps",2111,102933.641466433,423834.64792723,822278.607868172,1066154.26126819,1554048.05574025,2068685.79618246,2882836.57900704,NA
1921,"mesopelagic fishes",2111,12862.9223187927,482926.821877762,1251107.82174459,1744175.70851516,2608512.7806811,3575668.36980055,7990492.7000527,NA
1921,"bathypelagic fishes",2111,306351.672206432,971010.945391838,1649897.06188444,2349988.76449945,3246831.0623213,4484846.81774962,9331046.77709061,NA
1921,"shelf and coastal fishes",2111,1359364.76313303,2730059.60059778,4215121.16964686,4912211.39585142,5572065.55671663,6275115.84880633,14153984.4338357,NA
1921,"flying birds",2111,3949.04977173994,5414.02875513712,5941.43094320236,6014.34345845693,6103.40212390088,6270.22567511802,6587.67339907149,NA
1921,"small divers",2111,11041.6072239356,22123.9095196451,34968.5993440742,37500.4743527932,40114.9877316576,42559.9072021493,47825.6295639208,NA
1921,"squids",2111,46310.0562673949,93657.318011189,123145.304636526,142067.210711397,168658.527471188,299102.877892011,433110.648138302,NA
1921,"toothfishes",2111,1989.65192626984,178315.526674583,676241.45773336,1057100.59961685,1374607.25454754,1832804.18822423,2775844.09787698,NA
1921,"leopard seals",2111,423.709363906692,1974.06326497294,2647.71323307449,3348.36032549064,3816.26725987159,4662.28577319854,25085.8842816968,NA
1921,"medium divers",2111,75954.0536223064,162728.193436017,276318.639879642,412599.244989861,621422.215396735,818906.115630732,1436950.39813892,NA
1921,"large divers",2111,2056.80748985677,5997.45845237987,11073.5612979909,18397.4730890364,39461.0536506487,209144.85772824,2898237.95451895,NA
1921,"minke whales",2111,1840.17704938489,7754.92920394868,13866.1191306065,26270.2432670673,71448.6190037764,18096598.0451707,181798636.164114,NA
1921,"orca",2111,4952.53485679718,7094.21917659204,8422.73665482307,8966.38377979676,10043.8190327836,18039.0318778915,290667.180415643,NA
1921,"sperm whales",2111,11184.7924714036,14775.4060561974,20250.3742263678,24078.3181551421,104076.955113159,2557503.10963272,12767436.0708653,NA
1921,"baleen whales",2111,111041.579253227,178375.941999809,835258.56528022,840396.755793244,3137744.93807702,18037997.2646404,105638907.348399,NA
1922,"mesozooplankton",2111,2.70192412747836e-14,10240081.4969697,13722489.4890617,18277752.0103586,21362665.1870717,25627278.542645,30125898.42742,NA
1922,"other krill",2111,171068.682727297,1512852.63380005,5630976.22414159,12018225.2966387,31274978.6312255,78204918.336528,127696425.332477,NA
1922,"other macrozooplankton",2111,1399343.52533361,8163007.20965159,15591835.7443764,19257070.1549452,23431137.8413733,29282321.6769419,38741719.336205,NA
1922,"antarctic krill",2111,106852.91636442,1669607.14829017,7360034.1318625,13676112.8668192,24690558.7454412,36840115.6189369,443626645.102922,NA
1922,"salps",2111,105692.334383298,439353.761640112,843795.366115287,1089625.24176851,1564373.95604522,2085071.51092557,2891979.8145472,NA
1922,"mesopelagic fishes",2111,12859.4799403131,491212.626663104,1273768.94609642,1773076.4136907,2624669.95838904,3586077.14108325,8006046.48491638,NA
1922,"bathypelagic fishes",2111,306498.492739365,987331.071362206,1665537.29247339,2370547.06039662,3261611.47453641,4500365.31332168,9518468.95004551,NA
1922,"shelf and coastal fishes",2111,1358817.78706107,2728495.39312435,4205012.71581154,4900679.97838413,5563781.70865274,6267492.54862871,14917239.3431156,NA
1922,"flying birds",2111,3951.0985154447,5418.95788360849,5943.8056787885,6015.94754830833,6105.58765890554,6270.08339905384,6587.15723938077,NA
1922,"small divers",2111,11060.2822500805,22160.0525131286,35054.4865871068,37576.7029488696,40117.8427847767,42571.1247725526,47815.3941256526,NA
1922,"squids",2111,45818.1567666897,93126.4735730727,122606.861565439,141491.19802615,167980.5125149,299097.141780672,433129.379999472,NA
1922,"toothfishes",2111,1983.88270077777,178950.077932055,676492.264171616,1056993.98487944,1376762.70864039,1832842.62721553,2775582.83723934,NA
1922,"leopard seals",2111,413.715873941886,1975.53559551936,2649.57146131674,3348.29625819857,3817.24938985294,4662.47915015174,24886.5714627817,NA
1922,"medium divers",2111,76335.6605905232,162797.627486569,276325.544135643,412494.997051883,620298.122164266,818300.24716367,1431897.92954052,NA
1922,"large divers",2111,2020.55556909803,6007.59624474224,11076.4388554896,18399.8433750785,39428.7821564719,207570.402126873,2882010.56178926,NA
1922,"minke whales",2111,1794.52498825948,7764.94289801341,13862.7777163567,26265.6873058663,71041.3575966196,17898299.2176094,181195786.404806,NA
1922,"orca",2111,4961.70228311232,7099.23891259381,8424.71799344722,8967.05253175894,10041.5021924124,18015.0304444974,289900.176492229,NA
1922,"sperm whales",2111,11191.9585174386,14780.8982700438,20246.0273282817,24067.2878252285,103920.22683764,2552913.38924005,12744397.7097873,NA
1922,"baleen whales",2111,111126.5525119,178411.372413714,834445.36793359,839589.652610846,3133995.30090925,18015177.8365194,105504051.990063,NA
1923,"mesozooplankton",2111,2.46261083704125e-16,9854458.5010332,13733331.484799,18127380.1212106,21093702.1023525,25226010.2564664,29533949.4748903,NA
1923,"other krill",2111,190158.425134565,1679533.87605214,5842417.68748821,12133998.0262486,31072919.2202291,76224205.9205672,124192187.286732,NA
1923,"other macrozooplankton",2111,1510608.59132177,8704485.90571501,16161552.948721,20169404.1969374,24305698.7878299,30015357.0783019,39624631.3796384,NA
1923,"antarctic krill",2111,109861.146094859,1736010.75821132,7638123.95399426,13999071.5769451,24958323.4538261,36969010.5868196,466056637.494633,NA
1923,"salps",2111,109426.704748922,453992.642615197,861966.830503551,1103392.12884534,1581662.30865436,2097137.52333854,2903534.49555643,NA
1923,"mesopelagic fishes",2111,13257.9522450149,504887.729285128,1311686.30751124,1816037.1972128,2663364.88626738,3612074.23521891,8004647.95648254,NA
1923,"bathypelagic fishes",2111,312919.283226482,1017440.5666706,1701588.14549271,2412840.61956269,3303933.40353638,4528539.31071578,9645357.74764081,NA
1923,"shelf and coastal fishes",2111,1364554.96777464,2734733.64543029,4200099.79459091,4896110.27233723,5559118.83319103,6267575.28532389,15630242.2637519,NA
1923,"flying birds",2111,3951.63784692724,5423.19953975991,5944.61844533591,6016.76035020459,6105.86838411635,6269.83024002331,6586.4837167739,NA
1923,"small divers",2111,11078.0574199327,22195.8618582822,35141.7467868746,37640.4939961632,40137.3492076582,42572.0432451811,47806.5304511759,NA
1923,"squids",2111,45556.1298250053,92964.2382999563,122417.833144246,141171.596239582,167590.419184465,299800.690008289,433069.384419717,NA
1923,"toothfishes",2111,1980.77852120871,179643.078013904,677239.570766512,1057867.42670995,1376429.36705749,1832846.64885151,2775397.27621874,NA
1923,"leopard seals",2111,403.766086379883,1976.16775475287,2652.99653675297,3348.05763286829,3819.70533351002,4662.06884432812,24689.5978572944,NA
1923,"medium divers",2111,76732.7130789145,162930.129793223,276187.942169079,412412.851018917,619648.230230184,818030.304978734,1426878.94090652,NA
1923,"large divers",2111,1984.5575992385,6019.46871864195,11077.6437419859,18392.3052614904,39387.455981442,206011.486956864,2865862.52974359,NA
1923,"minke whales",2111,1748.82183603202,7780.27373084645,13875.7832019993,26262.5286413746,70650.2009729004,17701042.0370919,180594919.366098,NA
1923,"orca",2111,4970.74854208051,7104.12483556611,8426.30802905732,8967.66784143905,10039.0652212153,17990.77002558,289135.262778998,NA
1923,"sperm whales",2111,11198.91216487,14786.3295970137,20241.6820190763,24056.1584462,103763.769099277,2548331.62464764,12721400.7946781,NA
1923,"baleen whales",2111,111209.859282511,178444.854488879,833632.312421745,838783.646016564,3130249.97949255,17992387.2510736,105369366.520688,NA
1924,"mesozooplankton",2111,2.12276871976995e-18,9175025.69287353,13090864.185935,17634284.9992958,20710024.2065646,24927743.4236006,29129952.9501821,NA
1924,"other krill",2111,193271.8153054,1632374.00258816,5499537.56480747,11559504.2490176,30202310.685436,73897374.7731428,121762121.704985,NA
1924,"other macrozooplankton",2111,1583291.5406592,8602060.99963923,15946775.0911047,19447296.2431613,23643499.1058708,28789661.7227341,39024604.933952,NA
1924,"antarctic krill",2111,110552.717780711,1780998.17070445,7686974.44693062,13955349.9619661,24882511.9146349,36889451.6540344,477742342.025625,NA
1924,"salps",2111,111460.607675779,456595.077888052,863642.219388733,1101568.53141833,1587149.20373922,2100972.61564902,2914629.59078117,NA
1924,"mesopelagic fishes",2111,13711.1495394732,515810.261254898,1339939.08456494,1849300.69054126,2704932.13939961,3650897.83810902,8009438.02188913,NA
1924,"bathypelagic fishes",2111,323025.388694846,1043618.53099917,1741276.5305511,2456484.08203246,3346007.46183911,4572569.00229833,9740366.30115475,NA
1924,"shelf and coastal fishes",2111,1378914.85638985,2750507.17031202,4206293.07097568,4902567.1852234,5569475.99025429,6273801.59703555,16293114.2594132,NA
1924,"flying birds",2111,3950.7981755263,5421.39645886328,5943.97849611455,6016.08486187121,6105.13458785055,6269.54092694036,6585.72073136476,NA
1924,"small divers",2111,11081.8898181071,22200.5362096475,35188.4484277908,37669.1308287622,40144.3617600281,42574.841845733,47798.8928606761,NA
1924,"squids",2111,45939.5389069098,93208.3803907487,122695.350404447,141435.120510826,167822.879612745,299947.882330728,433168.842274387,NA
1924,"toothfishes",2111,1973.07171473559,180478.623940354,678461.119797839,1058437.67299949,1376301.98941771,1833064.35082193,2775479.42154837,NA
1924,"leopard seals",2111,393.834381887554,1977.00235733909,2657.45972555664,3348.20595641241,3821.63736763396,4662.34027627698,24495.1312360214,NA
1924,"medium divers",2111,76847.4056854566,163090.591853369,275991.672616934,412391.085420966,618713.091720944,817592.233281853,1421899.986709,NA
1924,"large divers",2111,1947.31922259661,6028.67110203244,11068.6724250789,18382.9786348873,39326.9038241232,204474.725014738,2849794.01110067,NA
1924,"minke whales",2111,1703.00982780964,7805.68663943187,13889.4231484094,26257.770283086,70390.153409238,17504825.0192964,179996021.551825,NA
1924,"orca",2111,4979.40364035755,7108.59685166076,8426.58307193016,8967.48878287489,10036.2523628165,17965.7784490341,288372.393836877,NA
1924,"sperm whales",2111,11205.2328461265,14791.1970818222,20237.1442293002,24044.6580713337,103607.558168547,2543757.29565618,12698444.9965933,NA
1924,"baleen whales",2111,111287.61609705,178472.779666591,832819.594781736,837978.826303512,3126508.43600025,17969624.9641163,105234846.56644,NA
1925,"mesozooplankton",2111,1.74819760557345e-20,7717224.08462737,11989307.3519664,16622567.1603455,19656862.3763757,23797978.4792593,27799340.8913876,NA
1925,"other krill",2111,177792.337715397,1477368.80569289,5016263.5712657,10778560.9946593,29641986.9705267,73536656.2148922,121516414.482701,NA
1925,"other macrozooplankton",2111,1520982.74721996,7841341.33699272,14709409.0319998,17876772.7432305,21939655.349537,26845421.2434998,37115561.0288911,NA
1925,"antarctic krill",2111,106920.454207136,1738291.99793653,7449722.40440583,13591287.1673347,24425743.9403654,36398379.092686,464696582.943478,NA
1925,"salps",2111,110196.793915957,443546.831102393,842422.961072201,1079981.91768079,1570806.13143835,2083482.55502989,2911480.60174786,NA
1925,"mesopelagic fishes",2111,13519.3494473085,513393.937581365,1333767.92081118,1834729.76420731,2706542.84852048,3659660.99589561,8000591.77047636,NA
1925,"bathypelagic fishes",2111,325933.045005521,1034969.4779196,1738520.11406006,2463920.48648694,3365732.3318039,4590412.0542072,9778272.5299882,NA
1925,"shelf and coastal fishes",2111,1379384.96900317,2754438.94096353,4212918.7207859,4909851.88047266,5574259.70498246,6280706.23893837,16896580.2132753,NA
1925,"flying birds",2111,3948.91741103215,5416.00007168434,5941.9175270445,6014.40137973989,6103.39562930678,6268.84278223436,6584.80870101656,NA
1925,"small divers",2111,11051.4793189153,22166.3707193419,35166.3384183363,37623.7179017639,40119.5139331322,42567.3316269448,47787.2016137966,NA
1925,"squids",2111,46420.5026731108,93693.2556839804,122998.48385699,141802.105297576,168076.089129268,300078.412863319,433256.900981442,NA
1925,"toothfishes",2111,1951.45730808755,181257.420316855,679249.822303148,1058408.50384816,1376255.964613,1833327.00390877,2775639.56307114,NA
1925,"leopard seals",2111,383.658483889201,1977.73416452641,2662.11726674587,3347.73292587636,3822.19179004169,4663.67689576149,24302.6475026337,NA
1925,"medium divers",2111,75762.572412547,163120.73298945,276124.580098944,412381.538808931,617573.934327118,817484.472626331,1416945.32919531,NA
1925,"large divers",2111,1907.87583754424,6033.5068646393,11061.4665814161,18377.3335769854,39266.220580633,202950.987848571,2833802.48696637,NA
1925,"minke whales",2111,1656.11372815476,7811.59472245954,13900.0560716479,26244.3041619145,70126.8384817345,17309639.3999201,179399085.02816,NA
1925,"orca",2111,4987.95044160827,7112.97065180901,8427.07541982641,8967.22448413414,10033.3797115666,17940.7023825061,287611.591478176,NA
1925,"sperm whales",2111,11211.3023319446,14795.9024442202,20232.5250560151,24033.0703502798,103451.613305827,2539190.89448431,12675530.5245815,NA
1925,"baleen whales",2111,111359.383237931,178494.531466784,832007.217216897,837175.047477609,3122770.61572267,17946890.7331223,105100491.222457,NA
1926,"mesozooplankton",2111,1.5571824851938e-22,8744256.70793014,12472045.4340979,17128807.9098943,20407850.3099668,24729573.7899602,29008820.6617964,NA
1926,"other krill",2111,150660.367295241,1437653.09221535,5098155.41437182,11171432.3419547,30238608.4174738,76361460.0489824,123830031.271457,NA
1926,"other macrozooplankton",2111,1487321.71069289,7603070.4732753,14623908.1790593,18254285.3557537,22183736.8244857,27932959.239011,37821135.3110203,NA
1926,"antarctic krill",2111,104555.37261291,1726572.15784113,7333762.48318645,13503374.2153583,24335043.9894541,36339924.9770635,446242370.816068,NA
1926,"salps",2111,109332.74958774,439055.461117916,836454.848729429,1078419.15238129,1568055.67904693,2082623.4652194,2909164.86370883,NA
1926,"mesopelagic fishes",2111,13166.1016950508,514151.213919666,1329358.33106453,1827186.53326433,2698877.19275495,3645861.10621667,7956862.2770586,NA
1926,"bathypelagic fishes",2111,324547.883571072,1037129.33826119,1734827.30380846,2461455.41536586,3369131.1869103,4589565.71750787,9748414.0906389,NA
1926,"shelf and coastal fishes",2111,1387182.77526922,2762541.74883828,4221033.9205533,4917791.47095314,5579782.12866637,6286955.59574223,17430625.2260572,NA
1926,"flying birds",2111,3950.14274293144,5418.75821434673,5943.9370763317,6015.76542697848,6104.26766192678,6268.65010898485,6584.23605828695,NA
1926,"small divers",2111,11066.4980327433,22177.3225479182,35176.2320985116,37614.3753179522,40121.7320451985,42565.5412736531,47777.2206142719,NA
1926,"squids",2111,46696.4457459413,93985.1857279016,123396.613051868,142108.886799866,168329.132825199,300245.994350454,433479.099057701,NA
1926,"toothfishes",2111,1935.99016964089,182162.028949511,679933.472720043,1059169.03043378,1376491.88801065,1833883.74578132,2775939.90825789,NA
1926,"leopard seals",2111,373.825514641656,1976.57812571213,2665.11143758257,3347.88314592184,3821.04805663956,4665.16487535337,24112.3459711337,NA
1926,"medium divers",2111,74733.428439794,163136.784422613,276270.346412644,411970.675642698,616588.25381369,817428.338761955,1412007.25663534,NA
1926,"large divers",2111,1872.26795869679,6040.70021658895,11050.8197893648,18372.9491942009,39205.7670523585,201429.204402319,2817889.04224555,NA
1926,"minke whales",2111,1610.03372613937,7817.99241657064,13913.7096239536,26238.1410596511,69867.9443314256,17177348.283026,178804133.683853,NA
1926,"orca",2111,4996.83288069985,7117.7198469865,8428.27128253933,8967.4853662892,10030.882815684,17916.3856185351,286852.900126868,NA
1926,"sperm whales",2111,11218.4527767728,14801.0808038404,20228.1087144644,24022.1811060499,103296.008932982,2534633.94577976,12652658.0165742,NA
1926,"baleen whales",2111,111441.895816187,178527.391088473,831197.12095216,836372.198197329,3119039.42052011,17924187.1947791,104966321.038012,NA
1927,"mesozooplankton",2111,1.42321133670405e-24,6636265.30394581,11311545.100551,16160800.9425934,19347976.4221369,23754372.4972126,27881941.1168593,NA
1927,"other krill",2111,110579.359054814,1308597.86726319,4834139.70894995,10875269.4352859,30304605.1719209,76751971.0674603,126508374.201381,NA
1927,"other macrozooplankton",2111,1390400.66139228,7393003.70728653,14321645.2059416,17929832.5130844,21723795.5197384,26939572.0948288,37524622.6416776,NA
1927,"antarctic krill",2111,99090.2124704143,1658472.88609077,7087187.11986431,13285752.4453101,24302020.8658844,36219678.8018253,413566680.818347,NA
1927,"salps",2111,105418.061108281,424899.588077238,815888.505717695,1058351.17159427,1562096.83229231,2078950.44170201,2906350.00645623,NA
1927,"mesopelagic fishes",2111,12541.7645435887,504682.356798204,1311067.15706773,1811988.50468262,2679933.71927704,3637650.08538932,7859040.39756418,NA
1927,"bathypelagic fishes",2111,319387.272923449,1028218.11606115,1724077.58101464,2450681.49213944,3358442.68772198,4581489.61424966,9613690.99111077,NA
1927,"shelf and coastal fishes",2111,1398066.5837774,2771695.87869255,4230065.92675021,4925025.55566753,5589070.05335184,6294044.2898238,17889377.210758,NA
1927,"flying birds",2111,3948.11301452091,5414.63549929115,5940.93327518296,6014.44639827106,6102.45113070716,6268.24296177477,6583.27693331379,NA
1927,"small divers",2111,11036.3563967678,22119.5962722909,35094.8283149622,37547.2872699684,40113.2018419433,42539.2717649578,47766.9593085887,NA
1927,"squids",2111,47448.0319649082,94674.2147255169,123844.194892778,142684.334603055,168967.59357493,300593.955901844,433784.240151819,NA
1927,"toothfishes",2111,1908.16019889689,183252.535303106,680384.584421809,1059256.35889033,1376286.95899514,1835565.38324776,2776460.72966523,NA
1927,"leopard seals",2111,363.832897293259,1977.88932335151,2665.18966478558,3352.64179034869,3820.53676046546,4665.67554338258,23923.992605849,NA
1927,"medium divers",2111,73621.2027746798,163161.455115018,276386.207786412,412009.646970674,615824.891174019,817280.612405344,1407103.76199002,NA
1927,"large divers",2111,1831.41521094024,6039.30032693449,11061.0278630412,18371.3615708855,39145.1545891781,199934.616367525,2802052.07355325,NA
1927,"minke whales",2111,1563.3381956828,7834.25745186235,13946.2241468908,26223.3543469948,69606.3776388835,17050537.9933837,178211120.999763,NA
1927,"orca",2111,5005.04068383513,7121.77228567072,8429.53558061171,8967.74155292703,10027.7576038462,17890.9333678819,286096.188793558,NA
1927,"sperm whales",2111,11224.0585147933,14805.5252327564,20223.3879594663,24010.3699482124,103140.600532735,2530083.61239354,12629825.9343038,NA
1927,"baleen whales",2111,111512.401936714,178548.271496314,830386.646373864,835570.573683721,3115310.90437662,17901510.9074757,104832307.922762,NA
1928,"mesozooplankton",2111,1.34788145021404e-26,9113455.10202239,12819428.0811432,17457871.4415442,20670495.5377215,25004446.6375329,29346751.9307587,NA
1928,"other krill",2111,93298.23898068,1339299.0187212,5119306.94731641,11324442.2802387,31170128.7106797,79996138.5917162,129072868.529214,NA
1928,"other macrozooplankton",2111,1368873.40974408,7651901.7549282,14798806.4495833,18416171.4900209,22473115.4640323,28099330.4287886,37888871.6053321,NA
1928,"antarctic krill",2111,97630.0555368155,1654934.47728197,7116131.48071036,13398843.6792044,24278376.6908195,36471643.6947548,399739260.937428,NA
1928,"salps",2111,104679.281922992,428831.328471783,822772.799710533,1071686.64073341,1563353.68868392,2081826.74548452,2901184.56761291,NA
1928,"mesopelagic fishes",2111,12055.2944279014,499982.18866248,1305803.7226191,1803418.1821801,2665943.69002825,3613984.82000853,7689183.67793925,NA
1928,"bathypelagic fishes",2111,312674.455880016,1024115.99095322,1711769.96224041,2433394.2426225,3339260.42045921,4555163.99789048,9378791.43932882,NA
1928,"shelf and coastal fishes",2111,1399048.12219548,2774186.53951733,4231020.13615922,4927987.45562374,5590463.74347349,6292999.90623074,18250755.68676,NA
1928,"flying birds",2111,3950.01519153204,5418.22826176722,5944.12711567641,6015.99494282567,6103.8153765261,6268.01282691209,6582.7088567925,NA
1928,"small divers",2111,11052.8472654778,22140.1348156325,35103.7489835084,37568.6888012037,40125.0322107068,42552.450414165,47755.9954767995,NA
1928,"squids",2111,47340.2684527394,94604.1620612112,124077.774165766,142838.254683989,168879.636663905,300556.91300034,433980.54488797,NA
1928,"toothfishes",2111,1894.26331189775,184273.227775488,680999.375301785,1059186.5970961,1376329.3727878,1835935.47351084,2776796.69039238,NA
1928,"leopard seals",2111,354.015520938797,1976.59951128855,2665.06391128348,3353.983502857,3819.11927358626,4665.9558564858,23737.2713487841,NA
1928,"medium divers",2111,72552.0464435692,163209.750901777,276525.699037506,411929.955185727,614971.464012426,817187.484700013,1402200.21169917,NA
1928,"large divers",2111,1795.23917454718,6046.17321528535,11065.7298912667,18360.2094070176,39084.305436015,198428.556341241,2786290.64934772,NA
1928,"minke whales",2111,1516.863258069,7845.01917728194,13949.6049097765,26158.0349808322,69361.0331649859,16942794.9979655,177620089.723553,NA
1928,"orca",2111,5014.06359797408,7126.7185033478,8431.53524249419,8968.35880052423,10025.5047135948,17867.2059247629,285341.639558829,NA
1928,"sperm whales",2111,11231.4656735932,14810.7469341257,20219.0510770738,23999.7316436973,102985.573546215,2525543.62705632,12607036.2321754,NA
1928,"baleen whales",2111,111597.507791779,178583.455840175,829578.877714565,834769.676040683,3111589.54311404,17878865.6744865,104698483.47075,NA
1929,"mesozooplankton",2111,1.28961596096749e-28,8219130.66014108,12475607.8812946,17003132.1736225,20094276.8141466,24361684.6970278,28556056.597721,NA
1929,"other krill",2111,86545.5330901232,1366130.18213134,5232266.47591382,11467617.9280687,31052844.9896854,78713681.6478173,127349174.254416,NA
1929,"other macrozooplankton",2111,1392920.21258225,7921783.06362536,15223220.028647,18989023.2940432,22904967.903207,28296268.6702407,38057259.1477942,NA
1929,"antarctic krill",2111,96562.4986923341,1655756.94884233,7200268.05992375,13580002.0246259,24456093.2676183,36695548.4295413,429861562.711899,NA
1929,"salps",2111,104522.064504569,434720.813102086,832779.664028046,1082190.71892827,1571390.56927663,2083263.53322852,2898736.257798,NA
1929,"mesopelagic fishes",2111,11897.9108578457,504147.875161221,1315412.39652606,1822523.55589522,2665895.74021614,3613325.54106135,7488558.73724522,NA
1929,"bathypelagic fishes",2111,310142.98141642,1029090.86123212,1713947.28445644,2437155.07226925,3336436.74233113,4552741.29307913,9093003.38439136,NA
1929,"shelf and coastal fishes",2111,1403402.14946972,2780757.16679245,4233077.02725469,4929029.40471924,5592411.65720668,6291917.922599,18522472.9604555,NA
1929,"flying birds",2111,3951.66280303275,5425.80402605497,5946.50500846198,6017.20299758464,6104.88165787016,6267.95963892055,6582.07910821066,NA
1929,"small divers",2111,11085.0820286871,22189.2617316843,35155.3781654184,37631.3448729155,40140.2639283773,42569.1513629075,47746.3522629892,NA
1929,"squids",2111,46952.6732169061,94524.6308408935,124058.491675228,142757.431574458,168606.607109159,300382.115446962,433979.21686827,NA
1929,"toothfishes",2111,1889.04085181105,185301.119472425,681688.153646006,1059267.77642883,1378328.30450976,1836056.58015954,2777076.28463698,NA
1929,"leopard seals",2111,344.3334552029,1975.29933427849,2664.83096379732,3354.06860274009,3819.63056248338,4666.44180896537,23552.4484127188,NA
1929,"medium divers",2111,71496.7867237269,163244.539379222,276629.724451648,411831.36773705,614106.901530195,816504.687285706,1397316.19820505,NA
1929,"large divers",2111,1760.34889931871,6052.89655948232,11072.1590816461,18364.6881366559,39028.0085697735,196929.821039302,2770605.11252715,NA
1929,"minke whales",2111,1470.65644693576,7849.59544354594,13974.3047063989,26149.6218407062,69115.7733852308,16883313.585768,177031011.87064,NA
1929,"orca",2111,5023.27117733209,7131.86891339219,8433.70876898629,8969.05958011665,10023.4153011881,17843.8172029628,284589.168716054,NA
1929,"sperm whales",2111,11239.130572126,14816.0629686046,20214.7797955046,23989.2608538064,102830.835390643,2521012.20248095,12584287.8427851,NA
1929,"baleen whales",2111,111686.250379257,178621.82262379,828772.385732348,833969.753099294,3107873.28016947,17856249.791369,104564833.948231,NA
1930,"mesozooplankton",2111,1.20056899969448e-30,8719175.06347066,12686223.81037,17139796.45467,20178775.5587762,24354954.9485658,28537777.8149138,NA
1930,"other krill",2111,81041.2159531754,1375659.07711094,5181483.96891291,11349364.9216988,30451476.7730728,76272821.710899,125070258.209858,NA
1930,"other macrozooplankton",2111,1416139.73059126,7906030.78804654,15075350.186952,18476341.0557667,22515552.8239232,27661656.580768,37410152.3162845,NA
1930,"antarctic krill",2111,95489.0898065351,1654037.48321482,7234142.91910733,13590746.7839609,24403539.1601864,36548851.6909795,522497684.038163,NA
1930,"salps",2111,105101.144161299,439659.088633256,839872.155771422,1083852.48519985,1570667.09277031,2081051.44626879,2892511.33600775,NA
1930,"mesopelagic fishes",2111,11824.7411264685,502343.770422429,1322708.49054816,1829689.97006668,2663780.75796686,3614766.52472223,7291494.8278553,NA
1930,"bathypelagic fishes",2111,310459.667451208,1026184.68181322,1718987.79287915,2437361.4456087,3329783.50523215,4535769.24093835,9169545.60138699,NA
1930,"shelf and coastal fishes",2111,1400023.18949135,2783679.66927841,4230837.48565218,4927202.17461611,5588767.5307964,6292821.05388719,18711718.3206338,NA
1930,"flying birds",2111,3952.26971990168,5432.26141844347,5947.70818521867,6018.6484841071,6105.40987285744,6267.25243491318,6581.31891067034,NA
1930,"small divers",2111,11106.9159540695,22238.5870502043,35218.0093479792,37686.1049896999,40143.1266099775,42573.6887244628,47734.7391162719,NA
1930,"squids",2111,46327.3878148973,94282.7647709844,123934.415769384,142531.185556632,168171.716947772,299995.996204841,433654.749868485,NA
1930,"toothfishes",2111,1883.8082567732,186135.700736527,682329.446216376,1059569.72921053,1378422.21235462,1836062.52615738,2777177.27503351,NA
1930,"leopard seals",2111,334.58848922937,1973.91193926166,2665.58549577996,3355.06729900948,3820.9203259363,4667.37937015323,23369.3502675018,NA
1930,"medium divers",2111,70428.7530928718,163262.929981525,276798.486716367,411717.164370736,613167.578584916,815941.673282815,1392451.15242955,NA
1930,"large divers",2111,1725.182869163,6058.7096508653,11077.3320668627,18349.937046675,38971.5590955075,195438.838451706,2754994.14570426,NA
1930,"minke whales",2111,1424.17812055823,7849.85588413276,13954.7564093783,26138.3879086421,68869.5865891316,16824027.4748666,176443872.577284,NA
1930,"orca",2111,5032.68366498277,7137.23627456603,8436.06277359548,8969.90613660231,10021.4737195765,17820.7173712834,283838.772550017,NA
1930,"sperm whales",2111,11246.8143664096,14820.1608560419,20210.5339323974,23978.8279011741,102676.370226578,2516489.013694,12561580.5685212,NA
1930,"baleen whales",2111,111773.785298131,178658.316315121,827966.623862472,833170.80591693,3104161.31036034,17833662.4478919,104431353.087056,NA
1931,"mesozooplankton",2111,1.15446429011056e-32,9105591.78012454,12942137.189967,17437643.9414357,20572936.2023693,24856796.2124368,29098056.586567,NA
1931,"other krill",2111,76990.3733140707,1439193.99960038,5289937.15008024,11523590.7268843,30586747.1741104,76166241.3731992,124037544.203947,NA
1931,"other macrozooplankton",2111,1455562.74840046,7948363.37033739,15166234.6138376,18811080.3068433,22853498.3138984,28463079.598466,38184433.6300606,NA
1931,"antarctic krill",2111,94900.8316516344,1661389.43829359,7278541.02582515,13636083.6779422,24407189.1400753,36477983.5079961,614409701.0241,NA
1931,"salps",2111,106129.038476872,444059.524953149,846169.609457651,1089466.05247055,1573682.21789413,2085961.27899107,2891882.20859216,NA
1931,"mesopelagic fishes",2111,11814.3684641729,510186.047304949,1329483.39435683,1836884.35347581,2672105.85858895,3627594.90728451,7135896.41683698,NA
1931,"bathypelagic fishes",2111,314065.560955067,1037863.18273738,1727915.99960469,2442782.6899686,3330645.15350383,4535740.59962908,9989849.43270682,NA
1931,"shelf and coastal fishes",2111,1405136.93949297,2792069.4310363,4233057.27911399,4929579.9371471,5590419.13720535,6293027.54709555,18836814.6389987,NA
1931,"flying birds",2111,3952.13915378844,5434.43224076728,5947.81206198272,6018.63185526005,6105.21814390907,6266.6708710018,6580.5499953725,NA
1931,"small divers",2111,11127.0013768481,22272.5104468922,35260.1458976114,37705.5128223786,40141.9182444957,42569.5146945101,47724.656018907,NA
1931,"squids",2111,46069.1091333016,94400.9808647894,123933.746415832,142574.513312628,168037.097757879,299739.999221131,433363.650859917,NA
1931,"toothfishes",2111,1875.12619263122,186569.410211332,682966.361910775,1060892.61803675,1378565.15225899,1836091.32084966,2777310.06329256,NA
1931,"leopard seals",2111,324.943388299804,1972.66524929898,2667.20855146959,3356.0388737193,3822.43052130518,4668.43339208517,23188.2611780623,NA
1931,"medium divers",2111,69356.085694018,163355.364367474,277009.416986456,411641.681527037,612294.333941892,815602.954407636,1387891.96729061,NA
1931,"large divers",2111,1689.30813183782,6067.3880005339,11082.1284997573,18345.4252555223,38914.8005533255,193965.060251565,2739458.8633479,NA
1931,"minke whales",2111,1378.07624370952,7865.03170834948,13963.2943353199,26133.0669296588,68647.922347923,16764936.1653231,175858661.694006,NA
1931,"orca",2111,5041.94305906488,7142.43485151385,8438.29507171761,8970.29518045557,10019.3154301574,17797.1912375328,283090.402399034,NA
1931,"sperm whales",2111,11253.9936427532,14823.1997852495,20206.196201341,23968.0795841023,102522.157656226,2511973.38659383,12538913.9851641,NA
1931,"baleen whales",2111,111223.961561525,176902.230027371,789319.769436092,831902.429851553,2975432.28049981,17659993.9553047,104137586.875271,NA
1932,"mesozooplankton",2111,1.09857209136447e-34,9898627.93428021,13547742.5634626,17980486.8711876,21042256.347229,25291165.1125396,29606550.5026359,NA
1932,"other krill",2111,75432.972125209,1585275.68393081,5566872.0946777,11825312.0662054,30839474.836904,75993370.1808024,123267085.326989,NA
1932,"other macrozooplankton",2111,1534049.81278545,8291701.91897099,15762224.9781114,19609749.2300815,23694293.5126393,29366828.0255707,39018833.2156238,NA
1932,"antarctic krill",2111,96183.7327705367,1701122.75598283,7448458.47379116,13779712.9252469,24630339.8541278,36558458.1639612,699461664.127018,NA
1932,"salps",2111,108958.873652728,454002.399588972,860242.592543236,1105753.65541331,1592028.35470363,2099231.19336633,2894544.50506342,NA
1932,"mesopelagic fishes",2111,12025.5502912505,520947.120885344,1360799.02383368,1863795.00022315,2702690.40643001,3642787.04341602,7039067.91546447,NA
1932,"bathypelagic fishes",2111,320342.629117009,1071076.16474627,1774025.93939644,2473316.80667576,3349759.46617847,4543959.16354427,10911177.7129109,NA
1932,"shelf and coastal fishes",2111,1418503.64431055,2805536.71543895,4238590.40579817,4935896.79470536,5594233.47438594,6295904.40460619,18913540.6465433,NA
1932,"flying birds",2111,3952.40191391133,5437.82162383131,5948.97392351705,6019.12407795677,6105.34749677889,6266.15779547116,6579.86533649741,NA
1932,"small divers",2111,11154.5619443537,22314.9530598144,35300.0599375591,37725.2463584068,40147.6014042396,42566.3221696918,47715.6314097006,NA
1932,"squids",2111,45971.4651348287,94656.8590929414,123968.30021886,142606.962222121,168047.423039055,299571.65305926,433119.741745143,NA
1932,"toothfishes",2111,1867.56313692291,187055.678397194,683896.982492479,1061869.5227445,1378734.99047153,1836179.99932593,2777408.81411591,NA
1932,"leopard seals",2111,315.387804610277,1972.91044916471,2666.32043960294,3356.362387052,3825.41519494494,4669.43554139643,23009.0362678014,NA
1932,"medium divers",2111,68291.1405972603,163443.077090418,276680.016027166,411357.380933904,611683.107610127,815396.603592462,1384048.62279756,NA
1932,"large divers",2111,1653.98715076441,6076.86927508386,11084.2444669426,18340.7330128906,38858.0639286731,192500.970299865,2723998.60860897,NA
1932,"minke whales",2111,1332.24511582898,7875.45895437635,13971.3882602137,26122.3288948082,68427.0192267334,16706039.5535617,175275380.702702,NA
1932,"orca",2111,5051.33137739467,7147.76080032622,8440.51858404893,8970.93712660217,10017.2221069444,17773.8160982404,282344.076735866,NA
1932,"sperm whales",2111,11261.3316010196,14826.2638964037,20201.8836480232,23957.4167632599,102368.222530306,2507466.03533078,12516288.4041824,NA
1932,"baleen whales",2111,68183.7026863405,172550.382041483,637552.472737693,822357.656460298,2487070.40657058,16330890.5259683,103255633.060896,NA
1933,"mesozooplankton",2111,9.60118753878565e-37,9468023.5698267,13302476.146112,17665213.0318991,20664775.1615398,24763859.2981697,29000397.6272114,NA
1933,"other krill",2111,70054.0150208443,1643295.60822999,5508800.08220974,11643769.804652,30344492.2801709,73785315.2461075,121082442.401953,NA
1933,"other macrozooplankton",2111,1616881.15341735,8449549.23177427,15879782.7435144,19462126.8859027,23611074.4182211,28781101.7023468,38480939.7876723,NA
1933,"antarctic krill",2111,97473.5210700696,1742126.19587693,7583498.15499546,13825136.7734369,24696706.2635114,36475882.0491621,753893047.307636,NA
1933,"salps",2111,112073.758381056,466951.026797066,872848.607696144,1119491.58808124,1615292.22534503,2119889.77001431,2907581.86224269,NA
1933,"mesopelagic fishes",2111,12445.1339113517,532479.456563826,1403167.33790136,1908738.75727811,2739613.06637695,3676299.32623455,7308086.07688995,NA
1933,"bathypelagic fishes",2111,328734.874639869,1110086.54871298,1807328.09772897,2503723.02933113,3387676.51421799,4608094.67760354,11902581.9959326,NA
1933,"shelf and coastal fishes",2111,1439411.73615959,2866560.22742188,4245563.58403152,4946147.98810963,5598670.94653891,6303799.00599785,18962716.6245803,NA
1933,"flying birds",2111,3952.89227227583,5442.38318360958,5950.17182611072,6019.56178019017,6105.88110136212,6266.71760073082,6579.2245671395,NA
1933,"small divers",2111,11186.4382736586,22368.837517016,35344.9206051191,37744.6148754382,40159.6138739601,42562.9482993668,47707.0516009366,NA
1933,"squids",2111,45928.6498027801,95731.6024532885,124297.250677089,142700.905613539,168100.986322982,299444.492885818,432875.174686584,NA
1933,"toothfishes",2111,1862.8819380495,187677.25845754,686593.113088762,1062574.27965919,1378849.50326548,1836423.51905855,2777441.71118467,NA
1933,"leopard seals",2111,305.89577410039,1973.1473384559,2666.39319004565,3356.54237786046,3825.22953467531,4668.60382144834,22831.6022045785,NA
1933,"medium divers",2111,67235.1457138575,163360.271029274,276659.041734909,411278.341422947,610456.931736369,815152.596770575,1380221.77342073,NA
1933,"large divers",2111,1619.38175686855,6083.47912592854,11085.3205301724,18337.3217670531,38785.469278324,191044.915615481,2708613.03936995,NA
1933,"minke whales",2111,1286.55001243807,7885.29225171162,13956.772026426,26039.7508302898,68205.4848441581,16647336.8202227,174694023.014479,NA
1933,"orca",2111,5060.91515370464,7153.27708031538,8442.61618953405,8971.74306235237,10015.2470930708,17750.7145824161,281599.790643178,NA
1933,"sperm whales",2111,11260.9200409372,14779.8261385202,20110.3646930158,23779.8489094286,101821.064191808,2501679.54366195,12405836.7728124,NA
1933,"baleen whales",2111,40482.4491279624,170535.885444291,546424.221071437,809021.752325407,2339765.79468275,15341634.879834,102604425.344561,NA
1934,"mesozooplankton",2111,8.12785778358327e-39,8802567.40503901,12754253.83252,17278616.0137386,20417312.6057323,24647066.7108886,28868217.482366,NA
1934,"other krill",2111,57773.547917596,1569471.80710532,5229742.13221432,11209880.1916168,29802505.702236,72955278.2039047,120365281.09154,NA
1934,"other macrozooplankton",2111,1643596.00763101,8203413.43361218,15347243.7611721,18771344.9061568,22904157.2948712,28171657.2143356,38204897.6220778,NA
1934,"antarctic krill",2111,96521.8627294039,1742450.07150753,7498169.44703108,13730266.7059038,24462440.3992166,36174138.5239568,754365763.356612,NA
1934,"salps",2111,112786.320485497,466590.671498118,870423.552532444,1120821.98877352,1626471.65228327,2131642.05488691,2928625.02199049,NA
1934,"mesopelagic fishes",2111,12672.4992059014,538454.092599633,1429621.07682144,1951057.21472244,2783758.26338514,3702870.88500912,7958950.54982173,NA
1934,"bathypelagic fishes",2111,337138.289405338,1140942.02425997,1837864.79677328,2556211.27641362,3439046.63353366,4657285.30486624,12907004.6634701,NA
1934,"shelf and coastal fishes",2111,1477514.70057902,2952361.24615155,4262214.65859379,4964590.85695085,5620558.50997601,6314065.08180538,19004838.7100024,NA
1934,"flying birds",2111,3951.90353323586,5438.94508444954,5949.24919470313,6018.37924281385,6104.8318890828,6267.21894882241,6578.48590606771,NA
1934,"small divers",2111,11198.6903609877,22377.6268596419,35328.5892946906,37721.5086156727,40149.7032233939,42563.9700690079,47699.8018855462,NA
1934,"squids",2111,46771.7644577729,97981.7997562353,125030.617174129,143317.645454145,168794.838249183,299661.160806108,432888.441137478,NA
1934,"toothfishes",2111,1850.33696357116,188851.009074594,688425.826133461,1065024.2723157,1380607.5832974,1836991.47566568,2777645.88442033,NA
1934,"leopard seals",2111,296.462732166244,1972.82918269408,2669.51170073008,3358.81436717481,3826.49609926453,4665.18886809046,22656.1684620521,NA
1934,"medium divers",2111,66156.3949318542,163659.465356384,276724.876671337,411203.821795508,609245.359983067,814808.301024399,1376436.12385861,NA
1934,"large divers",2111,1582.57662657803,6090.30907024265,11087.4070874784,18334.7383625696,38687.9976783065,189721.132922874,2693302.9372126,NA
1934,"minke whales",2111,1241.22737480339,7913.46344375945,13950.1564952464,26037.7519549679,67988.9809895676,16588826.1404714,174114566.505384,NA
1934,"orca",2111,5070.04048020164,7158.29216754465,8444.37022289418,8972.16383890912,10012.7752810661,17726.7273924605,280857.462964942,NA
1934,"sperm whales",2111,10393.3200754336,13983.5712319087,17879.107959412,21695.9153879831,94618.7687818041,2376393.60801373,11235803.8735781,NA
1934,"baleen whales",2111,16422.818683445,97910.2193697573,446140.833113115,780575.336321171,2091049.54657495,14613478.6414657,101541968.189765,NA
1935,"mesozooplankton",2111,7.04114437945337e-41,9114917.39500812,12895877.7349139,17478479.1465278,20700734.3643863,25059575.1573001,29371191.4804935,NA
1935,"other krill",2111,45561.9026549743,1535622.87565014,5144930.97502266,11183831.5036607,30278994.0231534,74519421.9874366,122234537.803428,NA
1935,"other macrozooplankton",2111,1628347.3697373,7903125.83464586,15139530.1299746,18806537.3898184,22904044.710021,28411711.637443,38611239.6553941,NA
1935,"antarctic krill",2111,94981.7076838335,1727925.06879231,7359145.50320336,13619210.0748722,24399897.5412931,36133061.2414567,718334196.043827,NA
1935,"salps",2111,112462.04355254,461441.842662481,863826.679895164,1120805.35792507,1644009.28445551,2138667.10226448,2947443.7575639,NA
1935,"mesopelagic fishes",2111,12584.1294635162,537698.08692963,1441892.44616247,1970318.97780621,2818965.17798753,3725552.32356909,8435160.33243421,NA
1935,"bathypelagic fishes",2111,341863.633873866,1154667.44555953,1890684.23737294,2606110.19531738,3482327.37306186,4731882.87238067,13832610.3370406,NA
1935,"shelf and coastal fishes",2111,1527829.98648487,2984249.28595884,4295408.48567833,4989128.30790283,5637169.72516952,6328323.5768666,19044100.592521,NA
1935,"flying birds",2111,3950.59233058081,5431.83815317144,5947.38846761903,6018.26701889081,6104.59558175073,6266.12110610469,6577.70435301253,NA
1935,"small divers",2111,11195.5224091384,22352.4095664031,35274.655125464,37655.7560158816,40149.3489725122,42562.8466062947,47692.0175189294,NA
1935,"squids",2111,48721.0367005895,100433.337261498,126491.224117081,144382.934125824,170230.332070694,302684.868012951,433207.965071024,NA
1935,"toothfishes",2111,1829.18765703503,189536.744169705,690944.731863651,1065894.31197423,1381643.34306781,1838547.27586043,2777992.21768902,NA
1935,"leopard seals",2111,287.057606534003,1971.31659341656,2671.72965374495,3361.05573801214,3826.90863113203,4662.81823055124,22482.5758835729,NA
1935,"medium divers",2111,65050.8800058568,163873.306979276,276495.254693025,410962.931038241,608061.032278893,814625.447699813,1372680.51436744,NA
1935,"large divers",2111,1544.05930269453,6102.75370324376,11087.8607795603,18336.1338674993,38634.9177031899,188537.785928243,2678067.52273393,NA
1935,"minke whales",2111,1196.09427803058,7952.08530297764,13976.4762039372,26032.5949095672,67775.3999005088,16530507.2680199,173537010.35443,NA
1935,"orca",2111,5078.8467826599,7162.96263876231,8445.86553578243,8972.69248862768,10010.0041605435,17702.2965066123,280117.104362671,NA
1935,"sperm whales",2111,8255.72193940476,12386.5637400733,14917.2446705961,19924.2075247143,82322.7709129799,2103039.97545828,11212365.4705042,NA
1935,"baleen whales",2111,9326.60000183901,62682.5033425495,389783.403466972,757278.677976028,1955677.36697407,14002546.4207393,100805808.042032,NA
1936,"mesozooplankton",2111,5.98014280783371e-43,8451374.72575321,12417872.198654,17040272.4760629,20132814.8335128,24398400.9031159,28674637.8265805,NA
1936,"other krill",2111,35612.3875108469,1475092.49393525,5065226.92935572,11121604.9609051,30253234.3685409,74836060.0161832,123030803.052373,NA
1936,"other macrozooplankton",2111,1611822.73240641,7813679.02972638,15101004.3171145,18688506.1198727,22752658.4959884,27886085.4640294,37887621.0699351,NA
1936,"antarctic krill",2111,93254.2336301153,1712817.0893763,7263986.07002729,13449259.9274433,24316706.6540021,36084346.774521,670113159.082452,NA
1936,"salps",2111,111927.340447769,458381.78346184,862561.422434604,1120630.21948608,1652421.47464572,2144231.73530898,2960403.7734623,NA
1936,"mesopelagic fishes",2111,12501.7862278986,540276.204524334,1463391.00611068,1997967.33891641,2859583.56949375,3752710.83235662,8729579.75949211,NA
1936,"bathypelagic fishes",2111,343325.001609047,1169289.86762355,1920061.77061623,2658334.56752438,3532950.14158878,4774694.10664002,14580140.3623031,NA
1936,"shelf and coastal fishes",2111,1579277.8954454,3061259.22803151,4324857.25898165,5023902.13748785,5655245.49956499,6340910.93965227,19076380.4365151,NA
1936,"flying birds",2111,3951.95842000031,5436.8108143168,5949.87257598326,6020.52437383977,6106.09419251325,6267.14656165731,6577.05257522328,NA
1936,"small divers",2111,11224.6344202484,22375.3389583312,35271.2392592731,37653.9330443498,40158.440524767,42570.3210148814,47683.7664877819,NA
1936,"squids",2111,51114.6088002744,103219.252876201,128134.304223637,145570.298411893,171107.62592136,303082.126202625,433643.301857251,NA
1936,"toothfishes",2111,1815.88216217953,189780.143338135,692429.957614902,1067257.56371692,1382918.58942627,1839348.77255508,2778286.4023123,NA
1936,"leopard seals",2111,277.805354950179,1970.89517812738,2674.65562780717,3363.218372468,3826.26896173532,4662.76771214126,22310.6584007846,NA
1936,"medium divers",2111,63976.1399104528,163816.285267016,276281.227532853,410926.651548329,606929.210119034,814526.769498332,1368921.74328936,NA
1936,"large divers",2111,1508.47158884094,6111.57688008634,11073.1464831622,18336.4770762717,38533.224527032,187352.945193934,2662905.73389444,NA
1936,"minke whales",2111,1151.17012582969,7964.25774872755,13979.0456063863,26033.228603859,67432.1732042987,16472382.0391372,172961373.959517,NA
1936,"orca",2111,5088.13910683128,7168.13819259675,8447.63607483934,8973.28111526718,10007.7365222802,17678.9556071781,279378.811098744,NA
1936,"sperm whales",2111,7053.64587814759,10873.7983544985,13808.0422383852,19216.934003353,76279.5610954033,1850623.58704053,11189963.7482447,NA
1936,"baleen whales",2111,6216.59734491539,43942.7775963959,355726.860059766,737340.619638483,1886501.41310977,13586520.4747502,100206846.312807,NA
1937,"mesozooplankton",2111,5.2328499838802e-45,8353947.73042409,12390123.8918062,17056856.8473547,20275609.6941381,24590793.2983374,28919452.3936372,NA
1937,"other krill",2111,27442.995647397,1368431.20516543,4932795.77739413,10998199.2097203,30335057.0381615,75456336.7209373,124978442.855427,NA
1937,"other macrozooplankton",2111,1533836.5407895,7554722.98423349,14583962.2708147,18161763.9703625,22093177.3921792,27363791.9681494,37690294.2648787,NA
1937,"antarctic krill",2111,90027.7246440338,1658888.75553964,7068684.65031443,13126239.1496627,24081597.9190217,35823951.9907509,616676867.49669,NA
1937,"salps",2111,109278.789919846,447032.149979966,847796.879681963,1107196.56315848,1659488.8893513,2144888.68901323,2964220.37932319,NA
1937,"mesopelagic fishes",2111,12040.3930200659,531484.637571621,1456449.4737562,1992810.94916784,2869370.71367097,3780136.6368775,8788302.19281735,NA
1937,"bathypelagic fishes",2111,340476.123568785,1155046.03755177,1929074.9493348,2682666.30315011,3556239.75442135,4795818.32424127,15094551.479275,NA
1937,"shelf and coastal fishes",2111,1606611.98396628,3110419.2527496,4354491.54723498,5059498.23669404,5674114.09808464,6355366.26103747,19102541.8821435,NA
1937,"flying birds",2111,3949.54963452265,5425.73198150294,5947.23101918293,6019.16255357328,6104.17349531918,6267.40073254398,6575.66080167207,NA
1937,"small divers",2111,11194.6258130177,22314.1336831494,35175.6065495784,37582.8416869466,40146.5335997473,42559.9132812374,47672.3361582589,NA
1937,"squids",2111,54444.1947134449,105790.838008879,129103.859071058,147078.44115384,172741.425212639,303494.173892086,434124.668456952,NA
1937,"toothfishes",2111,1786.6795296123,197168.736826742,695793.018470754,1069730.96954673,1383862.48211918,1840456.9913866,2785982.52820637,NA
1937,"leopard seals",2111,268.408377083313,1969.82882208944,2678.33134918842,3365.43862504856,3825.70373903947,4663.51755613897,22140.3848396542,NA
1937,"medium divers",2111,62805.2550407776,163827.633730889,276448.140417559,410929.127478303,606300.696990791,814486.077097679,1365207.81354322,NA
1937,"large divers",2111,1467.36103567452,6112.71607555277,11068.8754223575,18334.6943097921,38466.4465070152,186186.791342494,2647817.24468473,NA
1937,"minke whales",2111,1106.04264555637,7974.01551428499,13987.1583419914,26038.4196087774,67065.8380740272,16414445.3078312,172387607.345428,NA
1937,"orca",2111,5096.64949172796,7172.48174851931,8448.88124819255,8973.68256704905,10004.7491129326,17654.3698573296,278642.433702397,NA
1937,"sperm whales",2111,6040.22722478247,9313.13237159027,12564.3699852345,18113.383628223,71952.1951008352,1719716.4237764,11167624.5811785,NA
1937,"baleen whales",2111,4520.63857758084,29886.6671609819,327300.413138658,719854.056279048,1799031.28943169,13284493.0062737,99669209.2615545,NA
1938,"mesozooplankton",2111,4.66254980238228e-47,8244336.14149372,12272143.7569334,16890221.4533169,19963292.7295562,24128896.8029859,28353310.4507616,NA
1938,"other krill",2111,22612.8205135653,1318786.22224124,5015332.37658157,11106336.655804,30418421.5392897,76636902.8069991,126563093.560338,NA
1938,"other macrozooplankton",2111,1434952.47835898,7322213.88744445,14205896.8892894,17766355.8195072,21601300.9402767,26756296.9196164,36713908.6268428,NA
1938,"antarctic krill",2111,86994.5715059296,1611807.05631948,6911562.0846493,12899647.0381328,23869163.2070074,35661866.3005878,582601984.467101,NA
1938,"salps",2111,106910.871617593,437993.937859782,835360.185272277,1098858.222204,1653064.13738918,2139979.82787762,2959248.83812643,NA
1938,"mesopelagic fishes",2111,11307.6101735668,518341.071786582,1427777.76038756,1969532.72860925,2842590.32358941,3760836.03113578,8654642.54609239,NA
1938,"bathypelagic fishes",2111,330479.905463656,1132427.89306313,1907339.97460644,2674892.34592209,3534658.05666985,4799359.50205615,15333406.2352553,NA
1938,"shelf and coastal fishes",2111,1610544.56720004,3128293.58504055,4364998.51733028,5068476.46958915,5680104.58844098,6355082.44708497,19105218.0517527,NA
1938,"flying birds",2111,3948.40824310119,5420.1876834767,5946.02102418792,6017.9789832392,6103.50933037723,6267.16506423698,6573.92594382776,NA
1938,"small divers",2111,11150.7600560765,22261.0201183542,35097.240526423,37523.6278490214,40138.603478665,42533.0080069726,47654.6425022363,NA
1938,"squids",2111,57661.4894655999,108164.008217057,129958.082529073,147848.079249554,173531.590317636,303329.985728855,434463.997648819,NA
1938,"toothfishes",2111,1757.01998127488,199249.85281999,699557.192273704,1071234.95746597,1386032.26657972,1841111.20048291,2843433.09053054,NA
1938,"leopard seals",2111,258.894600698593,1969.09861041631,2679.8216845426,3367.25174288271,3826.23845670869,4663.96296235968,21971.2765459871,NA
1938,"medium divers",2111,61583.8425386392,163987.432121483,276563.716947171,410769.732993028,605676.384614523,814163.713517093,1361493.67867466,NA
1938,"large divers",2111,1425.69454669179,6114.02190555498,11061.2302536988,18329.3875987934,38394.4658060788,185069.292816798,2632799.71233674,NA
1938,"minke whales",2111,1060.21338912881,7980.37382882482,13988.4932621473,26054.5248766659,66768.45527369,16356699.2951281,171815734.993335,NA
1938,"orca",2111,5105.4843930979,7177.17441853735,8450.3681619561,8973.95320332301,10002.170594552,17630.674385136,277908.111524499,NA
1938,"sperm whales",2111,5199.39860115413,7999.57948813699,11311.1604832687,16951.0677240423,65338.2310380309,1480761.02796272,11145384.7726121,NA
1938,"baleen whales",2111,3394.9969960207,20316.9752483143,290226.818243117,707272.355739014,1700261.59024906,13140152.3405443,99122062.5189166,NA
1939,"mesozooplankton",2111,4.41794814110879e-49,7493174.90091036,11779671.9782623,16509223.9167724,19693834.2154975,23987466.916922,28264496.9699474,NA
1939,"other krill",2111,19421.5856805099,1257504.71535806,5008847.38959342,11115237.3340753,30708496.0077652,77918419.5494157,128232684.905862,NA
1939,"other macrozooplankton",2111,1332373.82202299,7063459.99565304,13837270.3087686,17461332.9735149,21119901.1975446,26356942.9971188,36464575.6693582,NA
1939,"antarctic krill",2111,83347.1407886783,1557415.5179822,6715627.39345734,12723427.8676023,23763440.792679,35653169.1855133,565423856.881477,NA
1939,"salps",2111,103630.087001104,427998.461631406,821795.527135378,1085915.3524691,1642534.5262608,2135654.71520339,2953072.34231435,NA
1939,"mesopelagic fishes",2111,10483.6373872498,502445.797657334,1392268.28300481,1939019.39332299,2802868.77016001,3759515.5587668,8386064.87791219,NA
1939,"bathypelagic fishes",2111,318144.197026228,1101759.31033922,1864206.55244728,2636440.1022647,3500632.7415058,4784638.66751686,15329185.0965883,NA
1939,"shelf and coastal fishes",2111,1621718.45477263,3158650.80088023,4380468.94136473,5074146.69803221,5687094.74927641,6373403.91422763,19406982.1084317,NA
1939,"flying birds",2111,3946.76649794699,5418.79775500255,5944.66960205548,6018.08932097714,6102.05323935058,6265.31744867945,6571.54350800512,NA
1939,"small divers",2111,11092.1115417766,22185.3516473093,35010.0546285718,37461.274694404,40129.3526565339,42499.1908562284,47634.3017983111,NA
1939,"squids",2111,61062.2828468062,109512.067092731,130581.059212794,148843.331573175,174282.42989945,303022.061398582,434778.476415249,NA
1939,"toothfishes",2111,1726.16111126026,206659.324962303,704574.117161533,1073122.78452057,1387204.63703898,1842852.73933924,2896887.54741009,NA
1939,"leopard seals",2111,249.435012892297,1968.74362034642,2682.25589453973,3368.70298373378,3829.25484707817,4663.86298183194,21803.6036220766,NA
1939,"medium divers",2111,60306.5590512451,163887.87523491,276601.158461891,410725.22243673,605162.113284768,813753.926506932,1357804.60809089,NA
1939,"large divers",2111,1381.99668071558,6124.80715033737,11054.8219528753,18319.417078663,38317.2975483992,184104.547255779,2617854.65494404,NA
1939,"minke whales",2111,1014.51509510661,7979.11083153667,14013.9656022318,25990.545919529,66444.4030403936,16299143.2308615,171245741.565958,NA
1939,"orca",2111,5113.99473746525,7181.53070455236,8451.71868999306,8974.04718085487,9999.35908988355,17606.6264530428,277175.765511708,NA
1939,"sperm whales",2111,4761.81467907964,7312.36978696355,10679.5437257331,16240.4433914049,62094.7830379973,1432000.09148085,11124029.9478576,NA
1939,"baleen whales",2111,3098.71419598671,17547.0258402493,276728.791069376,701171.627405774,1684766.35018951,13031649.1621856,98794416.705173,NA
1940,"mesozooplankton",2111,4.58858184815743e-51,9727896.3775239,13334610.4076,18005680.4981603,21224983.9230359,25648448.6938482,30335685.4872839,NA
1940,"other krill",2111,19441.7959707827,1413867.9797898,5554795.59000818,12068619.4487587,32033061.2449702,80458676.7516495,130468792.100971,NA
1940,"other macrozooplankton",2111,1342038.05080078,7535979.3084302,14785530.5215907,19048721.9173237,22882223.1348437,28947317.22525,38789921.6616855,NA
1940,"antarctic krill",2111,83641.1972513783,1522873.80902177,6856400.78847314,12934169.7850076,24178300.2177963,36173845.9430818,588489494.334159,NA
1940,"salps",2111,103868.558063137,430188.632442268,838623.279357929,1103292.31502565,1663544.64098804,2150358.88748635,2963206.61178124,NA
1940,"mesopelagic fishes",2111,9994.99002754858,498652.971644331,1388535.62184237,1946150.60561759,2795061.41746975,3763903.12226422,8103261.79837742,NA
1940,"bathypelagic fishes",2111,309720.600263237,1090094.98999399,1860416.79435503,2628845.8393769,3495976.81915709,4763027.1235688,15150102.6698495,NA
1940,"shelf and coastal fishes",2111,1631822.87631665,3205396.95316948,4375833.43771749,5071084.15454531,5709857.08889293,6371496.80006922,20128662.2780773,NA
1940,"flying birds",2111,3947.77573668691,5419.30727955989,5946.38147413066,6019.85311707974,6103.32260095134,6264.96719959624,6568.80545246343,NA
1940,"small divers",2111,11077.755563336,22160.8224342365,34994.6830711941,37444.6370181471,40138.5211881833,42511.9204545135,47614.4964893632,NA
1940,"squids",2111,61692.7390833197,110241.821850557,131268.472726331,149700.50478875,175034.416514007,303489.686516442,435210.280977067,NA
1940,"toothfishes",2111,1708.11660105637,208140.901283048,707912.982659463,1074650.79385481,1388409.7693875,1843449.99243453,2946463.51141335,NA
1940,"leopard seals",2111,240.25019878879,1968.3891709939,2687.10080713037,3368.15318092602,3829.11886171349,4663.51270617341,21637.5569342876,NA
1940,"medium divers",2111,59055.3747420368,163795.215256093,276712.112591245,410701.485084954,604628.243222404,812837.894077705,1354121.61442762,NA
1940,"large divers",2111,1340.75442861407,6136.43247528635,11029.8397636409,18308.4052113606,38205.7935647176,183142.688734066,2602982.95919027,NA
1940,"minke whales",2111,969.571339725002,7986.09667797122,14036.694219516,25996.0185208231,66235.9310052954,16241779.7789778,170677645.77816,NA
1940,"orca",2111,5122.68466974512,7186.0858469908,8453.31204757332,8974.33073200022,9996.8098788079,17583.1475339033,276445.455740577,NA
1940,"sperm whales",2111,2807.90066645069,4289.95403865873,6745.29237760059,12749.231612286,45916.3638756778,1109931.51711321,11096426.3925613,NA
1940,"baleen whales",2111,2408.28035751224,13273.4002363486,258491.284258383,688368.772817731,1640559.56914171,12681582.9099123,98268097.3558022,NA
1941,"mesozooplankton",2111,4.34344371011634e-53,7484194.40958673,12034730.4124957,16741979.6134663,19820484.149318,24046458.8595124,28255938.3853007,NA
1941,"other krill",2111,18836.0061614539,1331748.69066876,5327557.92667035,11541256.5643499,31192386.7189815,78505679.8190044,128958849.880293,NA
1941,"other macrozooplankton",2111,1320581.12313433,7715653.99452319,14888153.845,18637187.1958751,22464098.7350795,27510548.6407096,37678306.5113183,NA
1941,"antarctic krill",2111,82110.0590459665,1494914.79276663,6857273.11108815,13048519.9235796,24272713.2052932,36325054.3742379,620623049.961033,NA
1941,"salps",2111,103024.243679936,431768.952820866,837384.046014525,1106272.77129002,1670139.23307489,2160445.29480419,2965509.9730464,NA
1941,"mesopelagic fishes",2111,9659.47862601492,494724.153826601,1395877.9838514,1948914.09034199,2814120.14248151,3768441.75822336,7888783.78548149,NA
1941,"bathypelagic fishes",2111,304528.794096309,1086005.4114815,1877436.27141932,2633281.21099306,3504363.49972427,4766137.70558121,14895285.1861688,NA
1941,"shelf and coastal fishes",2111,1645548.1735475,3242093.73892727,4373367.80269652,5076289.82875977,5712415.96495553,6376048.15025755,20760246.685821,NA
1941,"flying birds",2111,3946.70927447903,5418.29928141104,5945.6334631131,6019.28467996291,6102.7900690076,6264.90084609952,6565.03445686394,NA
1941,"small divers",2111,11039.0986759544,22115.6958261905,34967.675326989,37432.0304228067,40135.2512356336,42523.4712143702,47590.4614098619,NA
1941,"squids",2111,62009.5920270465,110998.181960444,131847.813334197,150298.848625816,175835.019776973,303481.204165455,435519.66383617,NA
1941,"toothfishes",2111,1689.14426775948,208071.115271091,712060.45608774,1076606.81076042,1389567.46353632,1844015.1540154,2992478.76839307,NA
1941,"leopard seals",2111,231.012668090355,1967.34312638186,2688.09948890493,3369.00429675172,3831.51608219267,4665.11865290028,21472.9813522003,NA
1941,"medium divers",2111,57757.4714390821,163986.557703956,276809.239504408,410732.534110264,604106.529983837,812633.790493624,1350461.50167445,NA
1941,"large divers",2111,1297.69035162943,6144.26428527061,11028.1913879507,18298.423595664,37977.9289832458,182186.578260778,2588183.18635249,NA
1941,"minke whales",2111,924.344729165942,8007.68135621526,14075.2098172576,26004.9888910851,65987.6283638325,16184604.4923208,170111413.522331,NA
1941,"orca",2111,5131.15527675517,7190.42160151527,8454.87058467094,8974.52505223372,9994.122286091,17559.4514509439,275717.129040307,NA
1941,"sperm whales",2111,1919.53150710997,2902.26349144337,4832.20206816197,10778.8088764917,38213.2655060717,867461.997759854,11070839.842153,NA
1941,"baleen whales",2111,2228.28849197366,11435.0973744815,250064.833252741,677095.081437035,1614877.7566462,12551679.13691,97942292.3540143,NA
1942,"mesozooplankton",2111,4.08103296945855e-55,10397501.3195656,13770915.0785858,18352329.6041075,21444729.6163082,25668252.5477015,30388704.5890497,NA
1942,"other krill",2111,18663.8651878421,1489090.37435457,5631931.74025349,12020424.9618443,31305052.182635,77264645.48996,127662097.833535,NA
1942,"other macrozooplankton",2111,1389752.32869957,8135672.70854695,15313117.5044924,19161599.1788362,23259383.6088421,29041025.6652912,38527957.9808436,NA
1942,"antarctic krill",2111,83987.3528230088,1501951.44620144,7047837.47599528,13228401.7915326,24307650.1723044,36428465.7476975,674231396.069145,NA
1942,"salps",2111,105789.515443168,444174.27436084,861096.298882682,1132481.66482173,1685048.01683999,2173314.88817523,2978286.77261708,NA
1942,"mesopelagic fishes",2111,9626.12418459357,503155.70546448,1422806.81353674,1980969.01029259,2835211.59601023,3793365.29712147,7801160.41581326,NA
1942,"bathypelagic fishes",2111,304704.712323294,1098002.47299063,1898022.60059974,2655409.8959227,3540336.56613402,4790077.33647526,14647067.2010857,NA
1942,"shelf and coastal fishes",2111,1643642.69645935,3311120.67533975,4370186.5303836,5085649.36989946,5716369.61974715,6381931.02719252,21311260.358345,NA
1942,"flying birds",2111,3948.87739839348,5419.41875871143,5949.40574641905,6021.14888040256,6103.97362784756,6266.66157585015,6564.43075228541,NA
1942,"small divers",2111,11058.6284451171,22151.5927369255,35057.654234296,37515.3810885816,40150.7938557492,42553.0187121703,47564.0684054796,NA
1942,"squids",2111,61858.656981064,111144.714785288,132156.891735465,151123.902991536,176079.630793579,302874.746642361,435765.331049374,NA
1942,"toothfishes",2111,1683.61853920906,208893.989523713,715425.692233368,1078905.00424879,1392040.44564245,1845718.12420872,3035127.08186344,NA
1942,"leopard seals",2111,222.021510748461,1966.86282409624,2688.93333702825,3370.89303677149,3833.05815390748,4666.4292532278,21310.1882465479,NA
1942,"medium divers",2111,56524.8739924363,163958.718484303,276891.975061868,410673.987798835,603537.673703569,812422.865440031,1346793.9628146,NA
1942,"large divers",2111,1259.03640850527,6157.05071957414,11025.240101145,18295.42530761,37823.3465422867,181231.048200026,2573456.45452583,NA
1942,"minke whales",2111,879.537095361152,8017.42644039304,14077.8134422957,26000.8337628651,65735.9028488125,16127620.8197757,169547072.718632,NA
1942,"orca",2111,5140.23808676252,7195.41251558397,8456.78681688357,8975.18488248964,9992.06799545011,17537.002723017,274990.873251766,NA
1942,"sperm whales",2111,1939.55191316008,2924.37818803469,4851.1997768982,10790.2560604193,38173.3101538924,865925.844110306,11050867.2208495,NA
1942,"baleen whales",2111,2434.21327639169,11644.9909827419,250002.211776586,676471.720564055,1613068.54415849,12535889.2661849,97817280.4277695,NA
1943,"mesozooplankton",2111,3.66134367958278e-57,9983935.58468973,13763074.2191802,18181004.8902798,21156835.5616276,25302006.5061508,29849608.7790537,NA
1943,"other krill",2111,18077.3975768235,1582087.3984854,5823196.69073147,12164377.8189418,31147032.4137648,75392646.5022026,124157538.919978,NA
1943,"other macrozooplankton",2111,1499842.34533016,8506350.51880042,16010392.467599,20058352.6478679,24128615.1513402,29779226.7104379,39411267.5342181,NA
1943,"antarctic krill",2111,86354.1832965901,1508152.31843144,7251541.29316385,13561032.057133,24479519.0305998,36453699.720802,722706980.998537,NA
1943,"salps",2111,109528.198795529,457767.880683495,878785.696627901,1153739.34635082,1698323.67898328,2183685.1625291,2990046.79837664,NA
1943,"mesopelagic fishes",2111,9887.17044236836,515454.351295919,1465126.84556616,2024008.17271431,2881068.09428349,3833858.28784896,7853416.57860435,NA
1943,"bathypelagic fishes",2111,311093.121986701,1120464.69555372,1943013.98913716,2697617.50928575,3581323.99782651,4823205.50095878,14479281.8124545,NA
1943,"shelf and coastal fishes",2111,1649718.91239433,3362090.07388854,4380633.38362828,5089453.54549502,5726166.59852314,6392743.88025446,21808123.2337057,NA
1943,"flying birds",2111,3949.50103872312,5422.82912131441,5950.41897700416,6021.67112820369,6104.62034155184,6266.04847385443,6564.6809568584,NA
1943,"small divers",2111,11078.3331821338,22187.1334429363,35139.8651717313,37576.9100788662,40159.7376077919,42564.6870710861,47534.0749219977,NA
1943,"squids",2111,62021.7436326422,111669.212207047,132624.912070789,151849.748445296,176883.518031784,305580.130065707,435911.765884327,NA
1943,"toothfishes",2111,1680.17608569462,216820.491407791,720519.962641268,1081460.40112191,1394847.70657431,1847455.38373536,3075187.29311713,NA
1943,"leopard seals",2111,213.135953511188,1966.89041479884,2690.12305169347,3372.7678178879,3832.83190401106,4666.35588431994,21149.3235501592,NA
1943,"medium divers",2111,55303.0323023271,163940.49474984,276875.059799925,410638.774859662,602778.331879136,812216.684252993,1343151.25145846,NA
1943,"large divers",2111,1220.5947085212,6166.23705262748,11025.4930222465,18300.6146091612,37793.4483575257,180281.272319961,2558802.32375243,NA
1943,"minke whales",2111,835.16965167046,8032.9924634544,14068.6158959351,26007.9573560392,65484.1107173077,16070824.7802925,168984587.772215,NA
1943,"orca",2111,5149.23103456586,7200.31180835435,8458.43819542676,8975.79371569815,9989.91643532158,17514.3558299524,274266.595850332,NA
1943,"sperm whales",2111,1959.65217918294,2946.82466562994,4870.61318573884,10801.9466581548,38133.6832029519,864392.591731366,11030930.5635088,NA
1943,"baleen whales",2111,2641.23246322826,11858.4367276704,249940.424104997,675849.366420342,1611262.58707394,12520119.4287386,97692425.8216962,NA
1944,"mesozooplankton",2111,3.07293525728478e-59,9287912.90019618,13137990.7142194,17726532.0076529,20806865.3070752,24943798.6147865,29447408.662519,NA
1944,"other krill",2111,15418.6363927457,1563786.63788895,5491867.80075355,11599318.2828489,30246083.9398784,73625835.4558916,121728483.362855,NA
1944,"other macrozooplankton",2111,1571639.27881841,8477387.10981829,15687414.0525193,19252617.2770345,23479543.8223017,28687109.5469324,38811064.8411587,NA
1944,"antarctic krill",2111,86900.7300776189,1518836.16435925,7297841.90114714,13532585.43426,24430266.7775951,36074494.8525717,740488273.739141,NA
1944,"salps",2111,111562.870509239,460941.024053474,877276.855235102,1152641.70646995,1699552.50553874,2183768.20234698,2997414.25612653,NA
1944,"mesopelagic fishes",2111,10187.1162645827,524057.354244146,1490841.38748059,2055142.97458297,2914613.74438382,3844804.10641339,7993506.00488577,NA
1944,"bathypelagic fishes",2111,321134.951610452,1144658.88016794,1976223.67470423,2733522.00480947,3627162.71224085,4868114.44781037,14409577.9516999,NA
1944,"shelf and coastal fishes",2111,1672083.20918881,3368158.91748742,4390106.91475161,5104487.34690186,5737423.46695352,6402981.11730246,22265473.5564079,NA
1944,"flying birds",2111,3948.69613773662,5421.6781252611,5949.94023426606,6021.44185384717,6103.96973267528,6264.26211414861,6562.65413357267,NA
1944,"small divers",2111,11085.0256184795,22191.5348318759,35179.3113345709,37592.9256583438,40160.203184038,42577.4348924712,47499.8958562762,NA
1944,"squids",2111,62747.7445298205,112481.547423079,133336.295858169,153290.712631712,178147.571834092,305790.588477071,436190.04461696,NA
1944,"toothfishes",2111,1672.63010748541,219948.889110686,730617.744606383,1085774.15745446,1396505.42602398,1848900.63803162,3113413.98210424,NA
1944,"leopard seals",2111,204.366061952039,1967.18620569591,2690.43571091556,3373.21494448793,3834.95487731164,4676.2960337655,20990.5286876004,NA
1944,"medium divers",2111,54082.3850372929,164057.305648766,277061.715698957,410561.511832207,601560.367442216,811568.816845021,1339544.11671158,NA
1944,"large divers",2111,1181.39882235918,6179.6819589809,11009.6073281185,18293.8545539327,37760.7158296199,179339.000063869,2544221.18418984,NA
1944,"minke whales",2111,791.455293892585,8040.19444507621,14051.4837960705,26010.5476506681,65231.2523060931,16014215.0996249,168423945.621873,NA
1944,"orca",2111,5157.85862387657,7204.83531734906,8459.79757000404,8976.15678258284,9987.41262532223,17491.0413752259,273544.251763535,NA
1944,"sperm whales",2111,1979.44851282518,2969.28443706797,4890.21163494139,10813.7473576036,38094.0896717184,862861.941267701,11011029.5032987,NA
1944,"baleen whales",2111,2848.61315941188,12074.4949813422,249879.252220729,675227.97036535,1609459.57277302,12504369.1063224,97567724.1995385,NA
1945,"mesozooplankton",2111,2.46595274662972e-61,7899388.28008016,12060443.7179953,16663360.5647553,19693735.2085946,23892274.8830251,28159078.9721509,NA
1945,"other krill",2111,11465.5373537951,1396823.20749466,5012398.49037806,10773168.6030475,29624791.8214146,73336092.2674049,121483745.030744,NA
1945,"other macrozooplankton",2111,1509376.52719307,7822310.13454697,14498858.8429366,17746241.6292561,21728051.1277426,26662586.6188749,36911445.8705171,NA
1945,"antarctic krill",2111,84049.0733861892,1454295.44569363,7048985.43376537,13065036.9181273,24027169.2220945,35502649.5707999,714285415.874599,NA
1945,"salps",2111,110297.940833593,449483.60817822,854597.313222078,1125015.08461292,1683892.93309935,2169338.88826474,2991338.92732319,NA
1945,"mesopelagic fishes",2111,10014.1471577068,518974.567294293,1476380.7378829,2039407.89449151,2916749.67790271,3839385.31088524,8076621.30747086,NA
1945,"bathypelagic fishes",2111,324039.507425916,1148716.97591202,1972724.1838222,2735727.92848998,3629635.36445109,4861059.00539405,14394434.9084239,NA
1945,"shelf and coastal fishes",2111,1689594.98950159,3383882.61442643,4396838.88113418,5115050.98097691,5749272.58193055,6410077.54550859,22681856.4432256,NA
1945,"flying birds",2111,3946.79838526711,5418.96016674455,5947.93014361153,6019.68532659159,6102.9283031806,6261.5247112112,6559.46004321968,NA
1945,"small divers",2111,11055.6261714178,22157.0835635907,35154.782727468,37546.8759241012,40147.0977089427,42548.4097251426,47456.1400936411,NA
1945,"squids",2111,63479.2573153958,112990.054179793,133859.020836153,154426.799842671,179726.355842326,306014.953273991,436437.017617836,NA
1945,"toothfishes",2111,1653.19059232308,225215.911345332,742912.957111734,1087009.13872709,1398356.61565464,1850341.48360466,3150217.59667113,NA
1945,"leopard seals",2111,195.546109617579,1966.79469250334,2690.00360277606,3377.48793243528,3836.72725813839,4674.86991660629,20833.351986416,NA
1945,"medium divers",2111,52822.4946791951,164121.451181483,277236.304942523,410570.147179948,600351.392879597,811204.651283177,1335958.72328942,NA
1945,"large divers",2111,1140.63389687879,6193.9483795909,10999.8774963185,18271.9674632745,37607.5768821218,178401.911454511,2529710.38105318,NA
1945,"minke whales",2111,747.639239776367,8061.18674772618,14065.2619977805,26021.1512553904,64975.2480348535,15957790.1836665,167865138.799042,NA
1945,"orca",2111,5166.42178271455,7209.31210192207,8460.97957792256,8976.48268302156,9984.87251285421,17467.7062929548,272823.863935039,NA
1945,"sperm whales",2111,1999.1592724175,2991.79613623533,4910.01862309293,10825.6835913252,38054.7107072463,861334.06818549,10991164.2183657,NA
1945,"baleen whales",2111,3056.05229061082,12292.3129189934,249818.412313631,674607.384423988,1607659.1786765,12488638.0547766,97443174.6757911,NA
1946,"mesozooplankton",2111,2.14863208056521e-63,8895478.46921609,12574891.022941,17215969.4196539,20424304.7098381,24781281.5364336,29391837.7196897,NA
1946,"other krill",2111,8401.72153496739,1349776.656555,5077123.46022419,11194983.609041,30516289.6641392,75491030.3344885,123797745.415932,NA
1946,"other macrozooplankton",2111,1475712.56262524,7517959.13419681,14430619.2752143,18182970.170761,22040725.2339448,27682203.539528,37634447.6868005,NA
1946,"antarctic krill",2111,82194.0570633987,1429765.25940433,6913226.03772131,12888011.4181466,23892009.946475,35347194.5364851,758313110.70173,NA
1946,"salps",2111,109432.807433907,443386.719347053,846541.121346437,1117380.34095805,1679142.35016995,2163752.46859925,2992085.71930717,NA
1946,"mesopelagic fishes",2111,9725.82666468184,516717.259960686,1464845.84018827,2029744.45361856,2903907.0272647,3827240.70628983,8108892.50819338,NA
1946,"bathypelagic fishes",2111,322676.599820114,1144919.35518425,1967545.08092932,2725212.46127439,3614463.38482293,4853923.82133531,14372833.0322355,NA
1946,"shelf and coastal fishes",2111,1697458.33315686,3429102.24150369,4407530.64428338,5116085.18379952,5754887.95297965,6416552.09183982,23048920.9620968,NA
1946,"flying birds",2111,3947.96786355175,5420.29993456659,5949.85451941854,6021.09403067674,6103.48332963226,6259.58168805047,6560.15261404743,NA
1946,"small divers",2111,11066.4882780569,22167.7380685622,35167.6526866571,37545.2496907748,40151.7782877511,42529.0182268772,47409.0567754758,NA
1946,"squids",2111,63802.8794077176,113532.166324255,134342.195312678,155431.203564286,180283.524073423,306252.892490084,436802.886495187,NA
1946,"toothfishes",2111,1638.96004046155,230886.875799394,753388.257088095,1090255.62014465,1400869.32781329,1852382.67652076,3255184.313318,NA
1946,"leopard seals",2111,186.972597517955,1966.51192220119,2690.81801969034,3380.8023892003,3838.80818429058,4673.78632936342,20677.9498131492,NA
1946,"medium divers",2111,51598.0473021934,164128.761621866,277252.932652369,410338.392993685,599162.757935923,810900.033712342,1332377.00718951,NA
1946,"large divers",2111,1102.47985355331,6204.87774900619,11009.0700549402,18270.7395405996,37559.8257426089,177466.930185141,2515270.57971076,NA
1946,"minke whales",2111,704.544814739997,8077.75378677426,14082.3859731116,26024.28395761,64677.9407048847,15901553.3609365,167308191.37803,NA
1946,"orca",2111,5175.38771047241,7214.23331530566,8462.65365067102,8977.0722170277,9982.72909435466,17445.2000065279,272105.477600745,NA
1946,"sperm whales",2111,2019.59591884098,3014.7385510646,4930.33667451039,10837.9460236764,38016.178461702,859809.585313763,10971335.411423,NA
1946,"baleen whales",2111,3263.79790556515,12507.3200760512,249758.373233085,673987.878909278,1605861.90955658,12472928.7112804,97318797.7302952,NA
1947,"mesozooplankton",2111,1.93085763691853e-65,6802702.13773798,11401623.9428056,16227654.910365,19384944.4789124,23806208.3089247,28227500.1278378,NA
1947,"other krill",2111,6068.46831963664,1222293.95558567,4796583.59958878,10880131.2899555,30413818.2468104,76758914.3281948,126476586.030451,NA
1947,"other macrozooplankton",2111,1379255.16527828,7162761.3569267,14154357.3424071,17875858.5431994,21564085.6253741,26825053.7272152,37333602.1471491,NA
1947,"antarctic krill",2111,77902.0289167318,1367689.4894116,6667716.15150245,12678828.4099358,23851233.5603898,35509402.3344333,746399926.086332,NA
1947,"salps",2111,105514.351037043,429636.343376622,824464.006611725,1093660.01166715,1673435.84986467,2161041.04497643,2986412.96844375,NA
1947,"mesopelagic fishes",2111,9240.40246170427,505611.845341343,1444129.58635052,2002535.36181271,2875514.76781134,3808659.99432446,8021386.79740968,NA
1947,"bathypelagic fishes",2111,317564.983334971,1130621.52088409,1943014.06114687,2701939.97779192,3593001.87494896,4842325.46527972,14289224.0454227,NA
1947,"shelf and coastal fishes",2111,1723728.39487639,3441233.4448662,4416987.07108243,5124544.31888162,5761874.56498215,6418854.1077716,23360438.1322975,NA
1947,"flying birds",2111,3945.83102614114,5419.58310357967,5948.32469065316,6019.38941573506,6101.8065346706,6256.0147161728,6556.25774631659,NA
1947,"small divers",2111,11033.4702951401,22109.7454707462,35079.4488119946,37467.7793270721,40129.2368447737,42540.0820809522,47356.7991152703,NA
1947,"squids",2111,64659.977278852,114101.823705463,134852.484293903,156300.737893241,181004.700848477,307841.125322226,437227.772136477,NA
1947,"toothfishes",2111,1614.23815452996,234497.58949845,759602.221187257,1093310.60388678,1405710.71992873,1854714.38552042,3372039.05414142,NA
1947,"leopard seals",2111,178.45339336944,1967.6134657997,2692.96633554511,3381.86107211792,3841.38922764044,4673.67809110343,20524.1395701371,NA
1947,"medium divers",2111,50307.1569074246,164168.044589793,277287.386929188,410374.825458284,598714.931451446,810362.968077885,1328838.06851599,NA
1947,"large divers",2111,1060.9400360334,6224.97879242577,11024.7107106915,18269.2325034695,37510.0493228962,176540.95984091,2500901.11807343,NA
1947,"minke whales",2111,662.173411740286,8063.25103533623,14111.0160699238,25993.7396267072,64306.8047974708,15845499.5061035,166753057.469707,NA
1947,"orca",2111,5183.70426996049,7218.4898226085,8463.55052725566,8977.1944770996,9979.97908381503,17421.6184889803,271388.961149374,NA
1947,"sperm whales",2111,2011.82352642829,2993.54830415688,4892.38233205187,10797.8712216015,37646.4219669965,854228.166728405,10951350.6724032,NA
1947,"baleen whales",2111,3406.00869996703,12425.5520460013,249022.368297506,672923.645815342,1598639.57136632,12452186.333722,97172921.3238781,NA
1948,"mesozooplankton",2111,1.79195386479417e-67,9291893.66663043,12928824.7349094,17580538.8172616,20725992.7376603,25077515.1015346,29744575.0470022,NA
1948,"other krill",2111,5006.23646123965,1278566.55532861,5112933.79051568,11334025.5281296,31364935.8641271,78917824.7388158,129040548.875076,NA
1948,"other macrozooplankton",2111,1357652.98788778,7365352.48996319,14612830.0796981,18368359.8398195,22325899.9589139,27971799.4437415,37703026.2841836,NA
1948,"antarctic krill",2111,76758.9064568719,1329395.06175546,6692274.18459925,12711386.8789245,23904878.8482689,35730945.2891081,723523837.347931,NA
1948,"salps",2111,104777.089548174,431125.848900245,832290.987109104,1104069.24529536,1675556.00619226,2163636.04356001,2988106.05232875,NA
1948,"mesopelagic fishes",2111,8861.38776480333,503144.208722787,1437299.02758074,1995717.84363096,2854881.92405555,3779433.06133182,7858637.01635279,NA
1948,"bathypelagic fishes",2111,310917.470340059,1116331.50527325,1926322.91931713,2679071.544013,3563622.11693854,4815415.83269037,14088131.2242152,NA
1948,"shelf and coastal fishes",2111,1719130.88717862,3448713.64255098,4414661.05529777,5121273.10099334,5757700.63516398,6416962.97419488,23591408.081537,NA
1948,"flying birds",2111,3947.60017929414,5421.06781982546,5950.32885941978,6020.73365957085,6103.01165025606,6255.57845374375,6558.20416601037,NA
1948,"small divers",2111,11044.6836026535,22129.9892245581,35090.1860960038,37487.3251844959,40129.1043067583,42518.2616122596,47299.6532681264,NA
1948,"squids",2111,64414.9237387828,114416.551192853,135124.577181952,156259.444191532,181093.976978208,308415.822862392,437539.459770749,NA
1948,"toothfishes",2111,1601.34697834474,245216.866217248,763762.849777293,1096279.74250952,1406661.95021748,1856571.11669015,3482789.63386576,NA
1948,"leopard seals",2111,170.047156813951,1967.54646457308,2692.93528980696,3383.18606571735,3842.55492460508,4678.53570800115,20371.6284042083,NA
1948,"medium divers",2111,49030.1555429004,164173.576790967,277050.04939568,410300.672653371,598183.52110523,809886.281656802,1325281.41769201,NA
1948,"large divers",2111,1022.28456803196,6234.20310467171,11036.9612572214,18260.006866643,37462.2754011373,175613.489926074,2486599.79809567,NA
1948,"minke whales",2111,619.878481164913,8052.3927597991,14136.4058121843,25950.4773571239,63927.3955240071,15789632.9502578,166199780.063783,NA
1948,"orca",2111,5192.93466089373,7223.73083815388,8465.61378026256,8977.92585872391,9978.11602489846,17399.842381068,270674.49871759,NA
1948,"sperm whales",2111,1245.5163554899,1803.94485435078,3063.2581535931,8529.68230724435,30604.0519616679,668324.848501054,10924325.1070271,NA
1948,"baleen whales",2111,2784.85506906403,9616.4178413593,239167.874012452,658945.309209475,1548644.94984071,12366164.634684,96746889.8468446,NA
1949,"mesozooplankton",2111,1.67790353549486e-69,8360387.72538737,12526529.7709406,17125240.664257,20204156.162685,24408380.2785106,28937549.7737974,NA
1949,"other krill",2111,4565.6951399087,1302364.36597669,5179533.66872782,11431031.0981068,31133667.6920223,77650726.1320221,127316437.365875,NA
1949,"other macrozooplankton",2111,1381245.54921962,7758735.55290005,15040047.0240252,18891297.8653788,22774018.5258971,28180333.0262907,37872302.9695596,NA
1949,"antarctic krill",2111,73794.0406163177,1327880.4649734,6791294.74505812,12941597.5896212,24115149.631591,35937547.6000951,694722687.23746,NA
1949,"salps",2111,104625.585717871,437743.274752485,842521.408733092,1118560.08333363,1683690.07438951,2172071.42220039,2989530.71458329,NA
1949,"mesopelagic fishes",2111,8725.16817744986,507972.879603884,1455225.16312297,2009576.75588262,2863837.06495176,3783048.18009745,7868634.42927474,NA
1949,"bathypelagic fishes",2111,308438.315768053,1116911.06352397,1935284.60608814,2681023.82210388,3569265.52946694,4804941.85823049,13798849.0364225,NA
1949,"shelf and coastal fishes",2111,1713400.24160274,3465453.59409058,4410760.07388811,5126044.41045752,5755658.60151732,6416618.63171438,23747925.6229521,NA
1949,"flying birds",2111,3949.10048632795,5424.8314064631,5952.51292463133,6022.02247530117,6103.2163618974,6254.75081874464,6559.70487449217,NA
1949,"small divers",2111,11073.7406830189,22178.8312205432,35141.3869296377,37527.959361392,40140.4537530626,42517.5229822274,47241.0201500054,NA
1949,"squids",2111,63951.2362482557,114562.379279894,135146.283559765,156379.937292515,181041.72022065,308339.640188572,437649.887132867,NA
1949,"toothfishes",2111,1595.72032207675,248694.47185785,767911.250260202,1098819.66892774,1408781.98999271,1858660.26988829,3587134.03504676,NA
1949,"leopard seals",2111,161.795600469651,1965.66772546878,2694.09148815722,3384.38736448859,3842.79439039673,4677.22800175429,20220.6627677016,NA
1949,"medium divers",2111,47755.3387550668,164187.773419978,277102.330400197,410208.574049239,597638.795120472,809639.702578644,1321736.20062578,NA
1949,"large divers",2111,984.453367528785,6235.70435541458,11030.5668437355,18252.0035140586,37414.6487235637,174689.616022042,2472367.64033676,NA
1949,"minke whales",2111,578.334351010266,8058.35714199894,14157.9220325613,25937.6965394882,63549.5351270112,15733951.0542023,165648331.659835,NA
1949,"orca",2111,5202.41755398117,7229.23531639535,8467.93435758377,8978.76305551012,9976.42697438206,17378.4794702808,269962.005563686,NA
1949,"sperm whales",2111,558.824035279462,772.700610839652,1341.56411671721,5579.34649923442,20425.1136055795,417899.66128291,10891755.0219043,NA
1949,"baleen whales",2111,1988.85160961633,6125.82675472987,217788.457492803,634745.225941117,1466924.35453395,11874577.0771061,96115283.9307692,NA
1950,"mesozooplankton",2111,1.53885598598649e-71,8903675.29445258,12746021.0276534,17250855.5343393,20307219.192366,24392588.2707927,28924857.9855075,NA
1950,"other krill",2111,4242.89864974429,1308225.93185216,5120462.05291396,11316770.3019102,30421474.8237244,75356677.6168589,125037426.920691,NA
1950,"other macrozooplankton",2111,1403955.33075162,7839961.4751371,14894781.015896,18390774.7782002,22348784.9335059,27514749.2412154,37220745.9793292,NA
1950,"antarctic krill",2111,64607.6775969858,1329950.89150172,6795771.27040402,12981931.1070872,24005110.9274131,35731296.7173708,670827208.824316,NA
1950,"salps",2111,105211.64548163,441953.255144846,850009.04543719,1126173.49976296,1690616.84962733,2170819.99663366,2986686.05458018,NA
1950,"mesopelagic fishes",2111,8650.78064749398,511718.787670075,1466962.60443302,2020707.51708245,2869581.32176749,3788215.98398976,8048206.56910911,NA
1950,"bathypelagic fishes",2111,308798.18552149,1121116.1903637,1940952.73654707,2687834.04096595,3582536.36056159,4797279.6734939,13979844.5096181,NA
1950,"shelf and coastal fishes",2111,1703417.56509801,3466737.44493419,4407312.03862761,5121793.10097913,5747802.23813373,6415334.33792585,23838851.2653967,NA
1950,"flying birds",2111,3949.56290011029,5431.01863816537,5953.48168366766,6021.99367515664,6102.89947300197,6253.26226788596,6559.99327456704,NA
1950,"small divers",2111,11093.6112797446,22227.8778540865,35198.3746701473,37568.4812202573,40137.92434242,42507.7049535723,47178.0851482432,NA
1950,"squids",2111,63368.7401800024,114521.298470307,135010.624275903,156589.70799213,181004.296101356,308076.314782142,437438.251351806,NA
1950,"toothfishes",2111,1589.97775687072,251962.432637431,776650.883653176,1103474.38990108,1410406.95592917,1860511.98911639,3684740.15765193,NA
1950,"leopard seals",2111,153.603253641992,1965.26107628724,2696.33398927416,3382.2861260085,3843.6052317467,4677.97687273513,20071.0994139488,NA
1950,"medium divers",2111,46460.2054652516,164409.944951126,277157.556924683,410100.922033093,597083.087710525,809375.598200938,1318204.15312696,NA
1950,"large divers",2111,946.375266827897,6229.73381544612,11027.6158321088,18234.4734603296,37366.7794425108,173769.523067166,2458203.46576321,NA
1950,"minke whales",2111,537.363386513884,8081.41766347523,14137.0097406604,25921.9585559659,63161.8769276807,15678451.9338217,165098697.872948,NA
1950,"orca",2111,5212.17447605652,7235.01155786299,8470.44691398784,8979.70012038454,9974.89140859947,17357.4767302618,269251.477769081,NA
1950,"sperm whales",2111,476.272086491192,647.600957827896,1099.02820611072,5014.74110646116,19701.5329857354,375326.628078663,10868977.9592171,NA
1950,"baleen whales",2111,2140.69461268493,6177.86742666814,216499.346231874,633311.448958368,1462243.78379377,11805426.8303816,95964960.2753805,NA
1951,"mesozooplankton",2111,1.46835852222867e-73,9306097.03774001,13052338.0743786,17559378.8786912,20664861.6040652,24904729.4266213,29513894.3271842,NA
1951,"other krill",2111,4034.14677996735,1343047.52587219,5246936.40893817,11503770.6323969,30634696.21132,75213162.6190052,124004775.329921,NA
1951,"other macrozooplankton",2111,1442815.68960536,7900158.83318572,15005680.1800511,18749955.9080893,22743042.0687647,28229025.2444852,38006262.4316165,NA
1951,"antarctic krill",2111,57018.5818577003,1330149.69560299,6810736.84226364,13063639.8440065,24041614.1436861,35602634.756698,659618856.806794,NA
1951,"salps",2111,106242.420996396,445795.573744307,855949.819270079,1131084.61629399,1695699.45208508,2170885.21763567,2986942.67394836,NA
1951,"mesopelagic fishes",2111,8618.80699740164,514868.121255109,1478032.93018594,2026779.84686521,2879915.14436986,3803876.87682227,8111294.13919193,NA
1951,"bathypelagic fishes",2111,312410.30587346,1125841.44546827,1951404.79190457,2698583.33014877,3590531.60697014,4793624.10508837,14292070.1854427,NA
1951,"shelf and coastal fishes",2111,1706811.4369597,3477541.27473483,4405895.54098892,5121373.01354339,5745857.60625149,6405189.20410817,23884619.1599816,NA
1951,"flying birds",2111,3949.29022975042,5433.01436772819,5953.25925707923,6021.9352621378,6102.16337298545,6251.46748960483,6558.96874193007,NA
1951,"small divers",2111,11111.7935081488,22261.54506571,35237.5586510999,37581.3318547328,40132.4287335232,42482.9471899239,47113.9497403229,NA
1951,"squids",2111,63261.4321390309,114543.007993664,135059.281055063,156912.714263351,180939.835150887,307950.798153734,437254.426188494,NA
1951,"toothfishes",2111,1581.1322143426,254516.505342728,782393.109870796,1107441.48788442,1414070.99629642,1862066.8046246,3775733.50757893,NA
1951,"leopard seals",2111,145.588876863949,1964.95363019204,2700.03623654567,3382.97395883149,3844.11963213599,4678.81355736294,19923.1873428987,NA
1951,"medium divers",2111,45159.4252788559,164687.890814497,277063.197014291,410029.148744964,596555.828833041,809089.829584538,1314702.32133893,NA
1951,"large divers",2111,908.002010167775,6236.16164614557,11033.7447641969,18219.6297468718,37318.3211097559,172855.762795952,2444108.67100397,NA
1951,"minke whales",2111,497.622986431964,8073.66980126342,14145.807724691,25913.6665176085,62664.3905570778,15623135.1782175,164550868.90848,NA
1951,"orca",2111,5221.8270826534,7240.65246694111,8472.53839636896,8980.48208603732,9973.14331158343,17336.1034218801,268542.866463107,NA
1951,"sperm whales",2111,392.665959739832,526.538222741757,872.865566123853,4369.32964930467,18665.0944424964,346886.658720426,10845472.105988,NA
1951,"baleen whales",2111,2065.94340118448,5482.48273443034,210107.557692938,628027.021258409,1445749.75422987,11597513.894542,95683655.5982601,NA
1952,"mesozooplankton",2111,1.39524053560689e-75,10060403.7431384,13667501.227666,18061376.1383677,21141379.0231607,25357490.0026935,30026630.9295703,NA
1952,"other krill",2111,3982.39494923475,1427838.78521075,5515373.06760377,11790837.1947918,30885667.9259911,75059344.8472275,123234388.529459,NA
1952,"other macrozooplankton",2111,1520715.55629175,8227802.41025069,15620880.3731032,19536692.4133914,23556516.4951417,29156840.3947573,38853575.7478392,NA
1952,"antarctic krill",2111,51123.3013739523,1358102.67150605,6979766.12515887,13199845.7854802,24105808.548224,35652591.9399857,674896540.915779,NA
1952,"salps",2111,109071.402287048,455754.479022967,869555.771041162,1143527.49446494,1708581.87428922,2176669.70820952,2990583.15695118,NA
1952,"mesopelagic fishes",2111,8742.95020590399,521879.889488493,1496592.55725715,2047244.00419193,2891923.06813987,3817434.11872622,8398611.16923413,NA
1952,"bathypelagic fishes",2111,318662.338690473,1140330.82990376,1966821.99953095,2714843.4498543,3610312.01427471,4799145.93586007,14427176.8750585,NA
1952,"shelf and coastal fishes",2111,1711648.25752675,3476134.26199662,4409371.01695887,5123500.5624573,5746478.13593079,6406681.2680031,23901925.1658859,NA
1952,"flying birds",2111,3949.40417523099,5436.1791171436,5953.76988553554,6021.88724419662,6101.20307002009,6250.45822159381,6558.4571459684,NA
1952,"small divers",2111,11137.3306108702,22303.7279482204,35271.2268682032,37597.9885867459,40130.9578557089,42458.2492927505,47047.1871975358,NA
1952,"squids",2111,63283.7615075479,115054.951940895,135051.859629881,157047.230776905,180852.421100312,307939.178383169,437107.519369148,NA
1952,"toothfishes",2111,1572.7659247872,256171.957458613,790593.277770052,1111449.33760736,1418519.8255005,1862668.01357031,3860259.4221197,NA
1952,"leopard seals",2111,137.726350741153,1964.66261471397,2702.78833395154,3386.73041705936,3844.72513376583,4679.66353654199,19776.7992352021,NA
1952,"medium divers",2111,43856.5473344206,164969.226179834,276951.944043768,409924.382641559,596027.450348871,808872.200960781,1311217.83336394,NA
1952,"large divers",2111,870.019499419621,6245.32987546373,11039.9450144828,18206.0767936881,37269.8586716545,171946.265296523,2430082.35420952,NA
1952,"minke whales",2111,458.90170381961,8077.90452423726,14172.8111463317,25887.7510362661,62171.7620873056,15568000.6861792,164004846.649741,NA
1952,"orca",2111,5231.67170170999,7246.46257847072,8474.70930246148,8981.2972131499,9971.46074290264,17314.9354485668,267836.191089177,NA
1952,"sperm whales",2111,237.03482983923,311.958276323516,488.770363575479,3183.67981374853,16282.5620089938,278640.198022204,10815906.702143,NA
1952,"baleen whales",2111,1953.02934755684,4751.29036850105,204681.441505322,619666.263779277,1419773.8118755,11370832.5020687,95370219.0038657,NA
1953,"mesozooplankton",2111,1.22346122062451e-77,9674880.13259219,13359181.6621394,17796478.0833683,20755204.3484689,24835383.2694732,29420816.5646785,NA
1953,"other krill",2111,3738.48147960861,1476816.95208676,5474414.29764967,11657207.1443062,30338114.5679992,73452975.5797156,121050250.686415,NA
1953,"other macrozooplankton",2111,1603556.16477556,8398646.56353961,15739823.7272861,19321944.679223,23465181.4828089,28728064.0743115,38354653.581094,NA
1953,"antarctic krill",2111,45972.4360454118,1377117.12580252,7110973.87716476,13331134.9555029,24157067.1746245,35538796.0841938,706033708.997884,NA
1953,"salps",2111,112182.48307427,463974.138978473,879640.240598474,1150802.34610695,1716970.15761446,2181378.30633808,2991309.38462161,NA
1953,"mesopelagic fishes",2111,9013.89468023214,531796.393201919,1521150.98524694,2074685.02859232,2915211.86585088,3844365.79858528,8714736.78011357,NA
1953,"bathypelagic fishes",2111,327003.1108416,1161721.63714059,1992905.69620014,2739395.60472202,3627575.24056235,4814396.13263448,14447079.1158351,NA
1953,"shelf and coastal fishes",2111,1713447.82560966,3492338.56875536,4413714.09541316,5125815.94811588,5749250.34649954,6398265.82914392,23909524.2835811,NA
1953,"flying birds",2111,3949.72844183031,5440.42903323929,5954.25472258668,6022.34026447904,6100.74392914599,6249.55909383947,6558.25574736439,NA
1953,"small divers",2111,11168.3188715978,22357.3305249961,35299.6991319079,37612.2752590892,40131.6852757642,42420.2398875154,46976.635400853,NA
1953,"squids",2111,63297.8535769262,115427.192209178,135178.007993105,156971.943291996,181022.114122538,308814.831409207,436935.501239218,NA
1953,"toothfishes",2111,1566.24321118969,257449.534920605,795742.367049388,1116751.77432629,1425041.16398167,1863310.46979281,3938784.40647546,NA
1953,"leopard seals",2111,130.001966884302,1964.30313137527,2704.74849494892,3386.08949526373,3844.7718251959,4680.50586739333,19631.8720041373,NA
1953,"medium divers",2111,42549.3280837095,165122.024866771,276771.16773442,409844.313886016,595491.573466118,808651.63049529,1307747.71604421,NA
1953,"large divers",2111,832.458778838202,6253.700626145,11046.082885522,18193.0288680838,37221.5272264958,171040.562523105,2416124.08022926,NA
1953,"minke whales",2111,421.168570783841,8074.59454634017,14204.4482557468,25880.3581257103,61615.7819656821,15513047.6771178,163460624.944337,NA
1953,"orca",2111,5241.77602599389,7252.50139588071,8477.0054965245,8982.17299647446,9969.89378496244,17294.0885473383,267131.447261418,NA
1953,"sperm whales",2111,221.538547706706,287.109514311664,435.667454162557,2919.77785495596,15451.6310290068,258014.3635495,10793644.7082201,NA
1953,"baleen whales",2111,1675.29371036139,3651.74077886383,193358.777042335,605604.5695227,1363673.47866296,11185088.58863,94912789.5495771,NA
1954,"mesozooplankton",2111,1.04159656794195e-79,8993152.23973818,12791876.2626934,17356855.5872101,20478196.1394661,24702442.2758143,29285270.1330278,NA
1954,"other krill",2111,3114.44794215679,1425230.01126784,5205714.81568134,11159250.9427644,30005046.0175571,72960593.6300741,120334325.523645,NA
1954,"other macrozooplankton",2111,1631279.57274143,8208118.31451233,15216124.8544381,18676050.5275674,22802575.6775502,28034659.2355786,38127191.857682,NA
1954,"antarctic krill",2111,40626.1362536525,1364734.23993319,7034732.30623091,13261229.5344124,24030991.2887222,35325877.086033,721940197.303396,NA
1954,"salps",2111,112885.954571437,460926.534411886,872814.028511221,1143906.38644996,1715323.96815621,2182558.49550817,2989979.2563912,NA
1954,"mesopelagic fishes",2111,9144.24277662282,536803.273566262,1533280.95267613,2083862.32986077,2935633.82302374,3872634.74703837,8896014.16442163,NA
1954,"bathypelagic fishes",2111,335338.607265671,1177959.36922745,2008805.65566702,2762063.16836452,3648273.31703016,4838283.19027127,14415781.4970155,NA
1954,"shelf and coastal fishes",2111,1733822.18966132,3504237.82739032,4425352.4933153,5133167.39937837,5755418.08510621,6399092.34318938,23924927.9740459,NA
1954,"flying birds",2111,3948.53463451453,5436.5682106425,5953.4913563649,6021.28616744392,6099.80476197122,6247.77444866161,6555.60386908322,NA
1954,"small divers",2111,11180.2783907381,22365.8552335231,35278.1455459948,37581.3300820833,40118.6224212904,42400.0747143262,46902.6795181338,NA
1954,"squids",2111,64010.3934702041,115745.950200621,135569.812135003,157423.283659937,181738.541945866,309079.050359956,436980.962203353,NA
1954,"toothfishes",2111,1552.86643259231,258956.06561395,799072.041041844,1121318.84759864,1433910.88930106,1864505.79955686,4012094.75667056,NA
1954,"leopard seals",2111,122.473707529962,1963.23643217347,2707.81179653439,3387.58574270864,3845.07106253537,4688.82765736658,19488.5885020184,NA
1954,"medium divers",2111,41226.2419535435,165149.872888935,276455.593036441,409557.492312684,594121.955826331,808440.535677758,1304317.06009095,NA
1954,"large divers",2111,793.879262624065,6266.71215103349,11046.1299543473,18183.5201177034,37172.2040195577,170142.821262031,2402235.09339833,NA
1954,"minke whales",2111,385.041110378756,8071.95514952274,14236.939623422,25876.4131985862,61211.2966074728,15458274.4625066,162918182.102533,NA
1954,"orca",2111,5251.44381935959,7258.03989537546,8478.78639954392,8982.6681192157,9967.83125996347,17272.3704971448,266428.553258524,NA
1954,"sperm whales",2111,212.316101901186,271.742458861963,401.093237324002,2659.3708495404,14780.0646112728,248087.89819108,10771815.5368897,NA
1954,"baleen whales",2111,1525.75719916581,3011.55826473862,187268.218480042,585381.332250212,1327603.76608938,11027769.3122443,94506745.9340779,NA
1955,"mesozooplankton",2111,9.08026888141074e-82,9261602.42888824,13003946.6246566,17545054.6547136,20753178.0821096,25096824.3285194,29765122.475453,NA
1955,"other krill",2111,2477.35341710581,1396069.35914508,5150070.04404911,11210932.8393714,30491238.0583537,74545695.2444913,122204992.636963,NA
1955,"other macrozooplankton",2111,1617629.05550758,7904634.95696416,15038571.9608359,18780686.4316247,22775494.8471495,28339159.3016556,38570087.9902565,NA
1955,"antarctic krill",2111,35454.0525816617,1342163.97522576,6946149.08063591,13155896.8892041,23987455.658859,35257397.656374,721243653.237458,NA
1955,"salps",2111,112549.458987608,458115.377162771,864723.058613698,1134833.30437432,1709003.98878838,2182236.05367247,2989740.36008056,NA
1955,"mesopelagic fishes",2111,9048.22382927297,534390.690976604,1530627.66437601,2086922.89351025,2953437.72242247,3892049.18262675,9117539.29952929,NA
1955,"bathypelagic fishes",2111,340006.310571771,1181503.69074347,2011739.55415362,2771978.12238838,3668670.88831282,4857597.1468048,14353346.7322666,NA
1955,"shelf and coastal fishes",2111,1762629.5158803,3534100.71023333,4438464.24097962,5143808.37185708,5765497.35361562,6401124.5010194,23947371.1456007,NA
1955,"flying birds",2111,3946.96335980374,5429.01854536865,5952.22935697556,6020.07659347999,6098.47020496882,6243.36056110619,6552.37173584048,NA
1955,"small divers",2111,11175.0436886478,22340.399433311,35217.7015509718,37515.4101359735,40106.5094548349,42382.3843867027,46822.8488827188,NA
1955,"squids",2111,65100.638058724,116336.652283726,136237.949227974,158232.610296373,182589.546236532,310569.075414746,437285.90327555,NA
1955,"toothfishes",2111,1532.3656082708,260060.466759326,803939.195519673,1125898.74313862,1438558.12845444,1868858.57114286,4080680.01399298,NA
1955,"leopard seals",2111,115.113302898639,1962.18799198032,2710.62953906344,3389.95405572749,3846.05919603728,4700.50075183064,19346.7984388757,NA
1955,"medium divers",2111,39880.4177493612,165300.778189916,276320.43740722,409457.346638299,593188.208997325,808232.826107704,1300914.60375719,NA
1955,"large divers",2111,754.580049094442,6273.41028520998,11036.6416973948,18181.6243768785,37122.1993430224,169182.911350999,2388414.44459206,NA
1955,"minke whales",2111,350.320557602508,8068.24203764788,14246.898297384,25863.9133182525,60753.4455231462,15403680.821879,162377517.689326,NA
1955,"orca",2111,5260.8195940337,7263.23870038375,8480.21403798894,8982.90903948619,9965.47006848241,17250.2127997458,265727.520218982,NA
1955,"sperm whales",2111,173.837129573998,219.663595517813,310.456233020275,2191.07486795335,13648.5024251277,218910.694233265,10746745.7024821,NA
1955,"baleen whales",2111,1471.9300400507,2722.86087368451,182671.8910974,577179.935751475,1309925.49305255,10842079.8429286,94165388.0196847,NA
1956,"mesozooplankton",2111,7.76162529952559e-84,8561207.57780126,12477808.6419083,17079663.2061722,20187843.0539218,24450941.8078738,29041130.4687912,NA
1956,"other krill",2111,1948.95038998839,1346474.05462099,5054840.38509439,11170804.6503769,30457468.2403531,74904617.1432934,123002766.825235,NA
1956,"other macrozooplankton",2111,1602722.7686128,7815582.03071998,15008395.2368521,18678478.1438567,22652341.7551541,27906824.2789003,37872243.8910262,NA
1956,"antarctic krill",2111,30746.1605389125,1324988.0648402,6877718.20716155,13074710.8596616,23974121.2268415,35292530.7173036,711170644.12967,NA
1956,"salps",2111,112005.276843563,458044.01282378,861338.045476613,1132146.05580158,1711176.77514377,2185125.24561086,2988398.71445419,NA
1956,"mesopelagic fishes",2111,8960.60463709393,536435.636718768,1534287.19510516,2095182.89267307,2962400.08173219,3890422.309579,9367155.97273734,NA
1956,"bathypelagic fishes",2111,341428.480176562,1185410.96872217,2024850.9099038,2774182.44944363,3667691.06038317,4863798.7152329,14257031.6248532,NA
1956,"shelf and coastal fishes",2111,1771984.32116759,3551115.30179697,4450414.4968382,5155925.77746095,5773632.14140433,6405391.72798569,23967159.9112965,NA
1956,"flying birds",2111,3948.02075509656,5433.3691112554,5953.9244846296,6021.33286706835,6099.15701051827,6242.43934768724,6552.96012371467,NA
1956,"small divers",2111,11199.1884446148,22363.1196791724,35209.3018864131,37513.2962928205,40102.423841382,42375.385798214,46737.1409481842,NA
1956,"squids",2111,65557.4478050773,116695.484874531,136700.516681229,159120.80306544,183153.723833517,311562.682683972,437664.783222985,NA
1956,"toothfishes",2111,1518.4136636122,260958.470536757,806729.559633848,1132267.01707338,1441433.45612815,1870319.56060395,4144831.99407161,NA
1956,"leopard seals",2111,107.901583932238,1961.18160902026,2712.88438896519,3389.46019920801,3847.9100967167,4704.64836348878,19206.3429643361,NA
1956,"medium divers",2111,38537.2778663041,165478.904118091,276037.375044585,409448.567809179,592693.984491565,808015.218905693,1297506.64109928,NA
1956,"large divers",2111,716.894008989499,6276.12996979062,11032.8936314972,18179.5069807441,37005.2918103959,168139.458418051,2374660.45780102,NA
1956,"minke whales",2111,316.484312371199,8084.41346107,14251.7859614398,25851.1428612956,60180.4881999142,15349268.5154756,161838651.420834,NA
1956,"orca",2111,5270.75298203132,7268.98100072806,8482.08080890726,8983.46781861692,9963.6020714524,17229.1639806315,265028.445748737,NA
1956,"sperm whales",2111,157.205350763298,197.256360384063,272.755701462092,1895.55917063244,12765.6465015738,199583.919603642,10723394.641835,NA
1956,"baleen whales",2111,1500.73687398274,2637.22379059052,180032.557299155,572443.686746184,1306475.62053771,10706814.1563634,93900393.3756558,NA
1957,"mesozooplankton",2111,6.83532570822466e-86,8450928.37643835,12432346.2122707,17093979.4995293,20299610.8848239,24670597.434146,29269196.4052566,NA
1957,"other krill",2111,1507.76937217084,1285327.17781624,4907396.11248766,11005621.3531916,30505576.9961723,75610676.591394,124951896.6635,NA
1957,"other macrozooplankton",2111,1526466.23278007,7555990.36281183,14572878.88211,18190741.9746813,22036694.1641967,27366854.635442,37693515.7426351,NA
1957,"antarctic krill",2111,26179.7447605032,1278046.84212721,6701749.71470604,12868294.1703617,23867994.6990962,35259016.3748561,684404101.117321,NA
1957,"salps",2111,109346.748782386,449784.133552445,847118.534640193,1117210.42356158,1708743.71443014,2181265.87327767,2982064.55937603,NA
1957,"mesopelagic fishes",2111,8607.85377435586,527477.399788029,1510903.8658969,2071953.87235649,2951038.04890887,3888019.97898555,9492001.01984162,NA
1957,"bathypelagic fishes",2111,338577.755411654,1174829.41524179,2007774.358105,2757107.49020914,3662787.12523222,4865002.96519479,14123059.247139,NA
1957,"shelf and coastal fishes",2111,1798061.58116055,3567028.52653527,4465832.12062355,5160726.73747385,5781353.23574288,6408492.78558335,23982646.7385823,NA
1957,"flying birds",2111,3945.23987176896,5425.8917116398,5951.05860490098,6018.32431646194,6098.13967960095,6237.36728255671,6548.2453491139,NA
1957,"small divers",2111,11166.4041273528,22301.7765642633,35116.5861282739,37432.8986975871,40062.1405471391,42352.2147429855,46643.3841686654,NA
1957,"squids",2111,66553.1949181203,117264.725880834,137215.955433833,159001.938523291,184076.303188014,312230.693589761,438055.531859614,NA
1957,"toothfishes",2111,1491.7877943618,262676.260760179,808111.958052766,1138412.51519943,1444362.11532411,1871880.02360904,4205077.6318809,NA
1957,"leopard seals",2111,100.839817469451,1960.06856738194,2716.30149958726,3391.29047046656,3850.64394036838,4705.77741053012,19067.220537212,NA
1957,"medium divers",2111,37130.8939992294,165841.041205599,275728.285585134,409425.126056714,592054.284687666,807877.955625691,1294141.98208662,NA
1957,"large divers",2111,676.695176216589,6282.01734344315,11032.8573353147,18179.8975820418,36854.3353854439,167111.337718849,2360973.9430712,NA
1957,"minke whales",2111,284.41288751861,8102.38552083781,14281.9519978652,25859.4949534326,59808.3753651712,15295032.6150992,161301533.908734,NA
1957,"orca",2111,5279.88883662847,7273.85754259139,8483.70073716099,8983.0956067253,9961.01377362666,17206.8342424191,264331.179270409,NA
1957,"sperm whales",2111,133.865283799803,166.705547127415,226.897812900936,1573.70668075991,12146.0250970266,177211.566718725,10698591.0665594,NA
1957,"baleen whales",2111,1386.2077492037,2358.7584187725,175124.214251878,563980.876100054,1270427.38571469,10660673.475109,93530685.0191322,NA
1958,"mesozooplankton",2111,6.12827481504195e-88,8295314.25284813,12332144.4457513,16918501.969572,19995859.9910276,24200628.9685872,28663427.95169,NA
1958,"other krill",2111,1245.22682705521,1269934.2970908,4997044.4418287,11145598.7891793,30676713.2163167,76847869.4937052,126537382.435671,NA
1958,"other macrozooplankton",2111,1429096.45940318,7323624.69162297,14211513.074917,17799513.3728102,21543199.3613718,26788068.0276228,36726879.4888593,NA
1958,"antarctic krill",2111,22181.1103296936,1231967.44142987,6577582.06613936,12717747.7232693,23665532.515727,35182693.7048234,663182918.37578,NA
1958,"salps",2111,106971.538756324,442323.308514109,836592.951672583,1104747.08037633,1696580.1705397,2171869.43685764,2970089.45493208,NA
1958,"mesopelagic fishes",2111,8068.29658437873,514855.573065973,1474161.54662046,2028459.64460141,2912458.77333711,3847920.51391436,9483857.16783911,NA
1958,"bathypelagic fishes",2111,328634.422257525,1143315.54378459,1963060.74020934,2716990.25206241,3632107.39767316,4830859.74811261,13917294.9484286,NA
1958,"shelf and coastal fishes",2111,1799666.76130655,3561392.14426594,4460321.63019836,5153982.50732809,5777097.66421701,6397617.79506568,23974603.2997724,NA
1958,"flying birds",2111,3943.68009327773,5425.11889892597,5948.70190956745,6015.54777959677,6096.86068152546,6234.50683107061,6545.94383447899,NA
1958,"small divers",2111,11119.7648995021,22248.5797637705,35030.2894660226,37378.4011255447,40034.3352746339,42310.3669594769,46538.1304081626,NA
1958,"squids",2111,66772.6019270986,117119.448323436,137112.676836023,158549.775858736,184092.702473796,315453.527685829,438281.750285779,NA
1958,"toothfishes",2111,1465.11099013122,265148.32181467,812853.240620552,1142470.27071285,1447564.57891889,1873767.31160247,4261307.56689445,NA
1958,"leopard seals",2111,93.83379560617,1958.73460918838,2718.87312081498,3392.80360260916,3854.86739435897,4716.65380823351,18929.007343303,NA
1958,"medium divers",2111,35666.0959282584,165969.54233083,275375.873167539,409186.174371222,591545.411266182,807486.433998577,1290774.84217148,NA
1958,"large divers",2111,636.240906299995,6286.73822734072,11043.3949474068,18179.2281420005,36704.1461607986,166082.370146761,2347351.7307584,NA
1958,"minke whales",2111,253.167695154063,8098.07906929804,14279.7513526772,25864.7454082977,59581.8956088812,15240975.2020517,160766189.943539,NA
1958,"orca",2111,5289.39907993195,7279.10121905165,8485.65825875475,8981.87691144066,9958.81864723049,17185.3861050262,263635.861950984,NA
1958,"sperm whales",2111,125.820700900161,156.150079512014,210.514063819016,1387.56638625606,11646.1742594907,170161.596519558,10675811.7262658,NA
1958,"baleen whales",2111,1430.86421207933,2486.37404358876,174940.525066501,562398.282570063,1264105.91270584,10624835.5333726,93372785.73573,NA
1959,"mesozooplankton",2111,5.83924408449919e-90,7552532.80475445,11860283.0617058,16541311.6128348,19749060.1059073,24031195.0881879,28549406.4253329,NA
1959,"other krill",2111,1070.39826479017,1217768.21046184,4977024.17897932,11117172.7638566,30958830.7427479,78046730.5825716,128208108.619203,NA
1959,"other macrozooplankton",2111,1327701.31929589,7073013.57161926,13890864.2448597,17474446.3692201,21049976.7249932,26375612.1126614,36478815.8969469,NA
1959,"antarctic krill",2111,18698.054317819,1181505.280936,6428845.97429537,12537963.5768114,23558895.3734343,35272884.6119041,645825562.287611,NA
1959,"salps",2111,103684.241860879,432719.277007349,822735.38318556,1090600.45068305,1683949.37769594,2164747.96497375,2959397.7020279,NA
1959,"mesopelagic fishes",2111,7469.01065013265,498351.548800477,1427992.4779196,1984508.63185415,2863389.91689196,3819642.43309124,9377489.82689471,NA
1959,"bathypelagic fishes",2111,316368.341757041,1108185.56746532,1918597.82823696,2673779.51259712,3582536.27548747,4794589.70145512,13656305.6093526,NA
1959,"shelf and coastal fishes",2111,1807642.68867559,3556299.49231601,4445325.52656026,5142820.10409615,5766386.21144476,6388638.26388748,23942077.893743,NA
1959,"flying birds",2111,3941.5854515811,5423.90436350781,5945.08301047199,6013.87532625527,6095.30677696933,6229.86454056502,6542.7856325891,NA
1959,"small divers",2111,11060.5436087183,22172.8979786702,34932.4281182539,37277.0590581774,39997.2880884448,42281.0386505508,46426.6668632465,NA
1959,"squids",2111,67017.4339790885,116712.717189418,136769.043056588,158726.142160868,184036.817617998,314798.449766306,438469.682818857,NA
1959,"toothfishes",2111,1437.88043380833,266706.784240619,814372.033256027,1146864.17651813,1449473.35971391,1875797.28229597,4313781.33833797,NA
1959,"leopard seals",2111,87.0287380198241,1958.64014659758,2721.10046974092,3394.32742338772,3856.18421900131,4718.24980540604,18791.9509484492,NA
1959,"medium divers",2111,34161.9400623566,166152.82285804,274890.842425378,409168.688627928,591111.454343658,807151.600126443,1287430.92923804,NA
1959,"large divers",2111,595.321740886194,6290.9600943933,11053.621071969,18178.716929583,36570.2366837843,165209.03348542,2333795.91660177,NA
1959,"minke whales",2111,223.633750339176,8083.15300635841,14273.3279645988,25849.1199407383,58956.3327297993,15187095.6313135,160232604.534834,NA
1959,"orca",2111,5298.58259082329,7283.98404637236,8487.11645791939,8980.37201088825,9956.37740166527,17163.5426648257,262942.413905404,NA
1959,"sperm whales",2111,105.748673107059,131.386030786487,176.132448536762,1133.23777369497,10532.8416009801,158754.196449575,10650539.5817432,NA
1959,"baleen whales",2111,1339.90948193297,2338.06777871107,172543.106380743,556071.360864426,1244703.51889411,10526187.4436142,93061993.3588998,NA
1960,"mesozooplankton",2111,6.08903481165449e-92,9762274.75350066,13382059.7534022,18023348.4945583,21276862.6966249,25655483.1282423,30609670.1229322,NA
1960,"other krill",2111,1071.79639457393,1335961.05436207,5536563.5370412,12070826.4515142,32122124.6206122,80454319.8488715,130444846.442919,NA
1960,"other macrozooplankton",2111,1337914.72298415,7546575.88177687,14860707.6979022,19042199.2664746,22843618.9427684,28928175.2483028,38800125.0466791,NA
1960,"antarctic krill",2111,16166.729768116,1180475.40767427,6587096.94838831,12892318.1918859,23878223.1800847,35906278.6219357,661805967.547959,NA
1960,"salps",2111,103918.945046347,440170.897734438,835945.320677179,1111210.81734247,1693428.60276089,2177170.11364688,2966838.36076276,NA
1960,"mesopelagic fishes",2111,7111.95514652329,494504.011193457,1421834.66197405,1988650.82228815,2851113.23913807,3801925.82774066,9222742.64456406,NA
1960,"bathypelagic fishes",2111,307984.406024536,1094781.949618,1903830.49223794,2654365.66110795,3565215.32329543,4780316.04609522,13368881.764933,NA
1960,"shelf and coastal fishes",2111,1814866.16007417,3550645.40648822,4429659.41740274,5129816.70583717,5746194.03723967,6378838.2567935,23884720.5256986,NA
1960,"flying birds",2111,3942.1272045,5424.3187503943,5945.82594650035,6013.99190065344,6094.6936505213,6228.4848123163,6543.02094980665,NA
1960,"small divers",2111,11045.5406608573,22148.42074365,34913.0385413229,37279.2936031358,39982.3177566473,42260.5602009263,46313.6323173875,NA
1960,"squids",2111,67005.4408259019,116216.455163465,136341.199446017,157835.060428945,183610.124624923,314674.243568981,438764.641613585,NA
1960,"toothfishes",2111,1421.15083318624,270111.43672785,818395.072138095,1150026.64398154,1451200.43571837,1877380.78597254,4362578.48779592,NA
1960,"leopard seals",2111,80.4613193823189,1959.05959655941,2723.22656419497,3394.92605659961,3857.42073600346,4718.47507909097,18656.2027552279,NA
1960,"medium divers",2111,32668.0348040585,166481.097316011,274493.309292519,409150.582665564,590645.667711022,806740.199875101,1284090.9346865,NA
1960,"large divers",2111,556.115335484276,6293.85658757992,11060.7679786176,18177.0379525083,36512.0003898312,164451.587652544,2320307.01756027,NA
1960,"minke whales",2111,195.728407133445,8084.97661038051,14275.2091700891,25850.2189545057,58588.1945566269,15133396.5011845,159700796.660025,NA
1960,"orca",2111,5307.96593920688,7289.05746796483,8488.3875098929,8980.78513739755,9954.17410702951,17142.2259876788,262250.895594715,NA
1960,"sperm whales",2111,98.1034480978616,122.003317851688,162.392134832742,1014.02023211656,9651.81305504651,151829.272097169,10627362.9818207,NA
1960,"baleen whales",2111,1218.46161065993,2088.14871271572,170769.437602423,544727.999946016,1193104.32682837,10455867.43341,92689396.1313514,NA
1961,"mesozooplankton",2111,5.78780256254595e-94,7526128.04555702,12088639.287157,16755784.2387255,19851333.8782438,24050193.6925655,28490357.7149058,NA
1961,"other krill",2111,1039.13070389738,1278470.16083743,5291242.97792325,11538195.6607948,31229672.9824978,78476488.2175734,128935906.560738,NA
1961,"other macrozooplankton",2111,1316975.32877172,7717021.24128688,14920760.2770364,18625633.1930365,22425347.4387122,27527037.5661433,37685647.9567686,NA
1961,"antarctic krill",2111,13744.7641863786,1174219.41995154,6607862.86135758,12974293.7839796,24035768.2968903,36136935.1808203,683557542.022873,NA
1961,"salps",2111,103072.264119711,438986.185482945,838837.950203642,1115716.09010078,1702043.54576631,2185130.11623375,2967672.42147988,NA
1961,"mesopelagic fishes",2111,6866.05120285235,490869.517840492,1422397.59188121,1999354.24098351,2856597.41502761,3811306.41450678,9069417.45452991,NA
1961,"bathypelagic fishes",2111,302809.729431494,1086164.00301024,1906740.02466222,2662654.69048404,3559808.43888905,4785881.96660689,13102247.7294878,NA
1961,"shelf and coastal fishes",2111,1825755.89074613,3538953.76429251,4413354.4890671,5118718.727977,5737135.22341006,6371372.82454697,23817352.2996945,NA
1961,"flying birds",2111,3940.56359669578,5422.01890499036,5943.64841589946,6012.4834844591,6093.27604240261,6226.1132775871,6540.77310688383,NA
1961,"small divers",2111,11006.2542350683,22103.3933897911,34878.2811173129,37279.6450112297,39964.6103635774,42234.7106446069,46195.0155466593,NA
1961,"squids",2111,67114.9668941494,115646.438362702,135841.259243519,157512.215500228,183369.333529268,316022.459903569,438930.830164299,NA
1961,"toothfishes",2111,1403.65210070102,273469.639003598,822285.389802249,1153982.90677521,1452484.3347139,1878257.24313366,4407993.07982005,NA
1961,"leopard seals",2111,74.0615836160811,1959.48459660565,2723.7424305024,3397.54101607427,3858.72591520274,4719.19009873819,18521.6366657321,NA
1961,"medium divers",2111,31142.7047468523,166852.245332202,273877.855700952,409172.388062979,590201.200625331,806328.871621566,1280771.94521855,NA
1961,"large divers",2111,516.67457778882,6301.33985955717,11051.3756739172,18174.9018908754,36225.0481712804,163697.836291364,2306884.01841951,NA
1961,"minke whales",2111,169.581301872701,8078.83566582717,14276.5206512477,25838.8824963462,58151.7694632168,15079873.4859207,159170732.834177,NA
1961,"orca",2111,5317.11494439747,7293.87531583235,8489.98665239714,8981.1581409023,9951.80956836536,17120.6249830552,261561.253234884,NA
1961,"sperm whales",2111,101.617388460046,126.198846041906,166.257291183769,994.260434766472,9459.94027454709,149609.674498523,10606801.2295185,NA
1961,"baleen whales",2111,1163.64611128883,2023.45555734704,167774.509652583,538894.696744177,1184155.61665308,10317210.3746896,92397264.1534715,NA
1962,"mesozooplankton",2111,5.46071107919713e-96,10394531.9250489,13812764.0763654,18375655.9818758,21463248.254802,25749749.3422843,30647569.1452623,NA
1962,"other krill",2111,1030.65608565991,1431391.44814141,5607325.55031336,11996847.1187577,31345914.1853181,77277724.1204387,127639550.607565,NA
1962,"other macrozooplankton",2111,1386354.16841019,8137058.52964593,15363771.613395,19140409.6922653,23249650.4402933,29014383.2163447,38524927.749402,NA
1962,"antarctic krill",2111,12002.4153940273,1203025.73965118,6789505.38210796,13210760.5181542,24132681.8670746,36186287.7175073,727409125.827014,NA
1962,"salps",2111,105837.821555022,453373.271770849,865488.04834658,1141279.2404729,1716059.25378378,2195093.24312076,2979845.00352218,NA
1962,"mesopelagic fishes",2111,6837.40620005594,498935.65483811,1451423.29433692,2034508.46784947,2866834.26256309,3834414.07831865,8953752.93788096,NA
1962,"bathypelagic fishes",2111,302974.114493201,1097796.13605009,1933572.4088492,2687987.47274664,3577543.77172477,4798476.57228993,12893089.8602592,NA
1962,"shelf and coastal fishes",2111,1821582.87296033,3536913.03868568,4402746.2922685,5113052.62829676,5734339.5172495,6368356.31283081,23872174.8866022,NA
1962,"flying birds",2111,3942.22858439515,5424.21647169812,5946.37284559454,6014.3523141153,6093.02716861101,6225.59496704672,6543.19274991344,NA
1962,"small divers",2111,11025.0443003031,22139.4319967162,34959.6352430439,37344.1825403198,39983.3934520938,42235.2838197569,46074.830380915,NA
1962,"squids",2111,66715.7217821792,114956.504647217,135209.068823647,156753.932887972,182794.158511581,315345.945415184,439032.073682098,NA
1962,"toothfishes",2111,1396.72789031687,276482.227094142,824881.038113567,1158057.85002828,1453819.54805135,1879061.71777979,4450381.13337521,NA
1962,"leopard seals",2111,67.8613131653458,1959.2128087423,2722.98877367714,3397.85527626621,3859.9091393332,4720.64589413271,18388.5102880455,NA
1962,"medium divers",2111,29643.3595897166,167050.15999754,273658.308692383,409254.552004196,589367.893076966,805908.684459244,1277443.15888016,NA
1962,"large divers",2111,479.615667297943,6304.68552796035,11038.5517606267,18173.3727972445,36165.3235871796,162947.842115679,2293527.45931214,NA
1962,"minke whales",2111,144.979091367504,8080.89951687159,14259.1100795623,25835.4206435748,57902.0626015992,15026529.930766,158642441.157543,NA
1962,"orca",2111,5326.90127975837,7299.33763238207,8492.47720947269,8981.79220118276,9950.03822427582,17100.2062514576,260873.57623272,NA
1962,"sperm whales",2111,108.23386715916,134.016458305853,175.709780145037,1000.29022594844,9358.16662034873,148589.634971537,10587103.7101673,NA
1962,"baleen whales",2111,1216.27716384965,2171.05977745732,167268.975878006,536938.111317109,1181373.54613971,10291632.4970896,92254446.1875793,NA
1963,"mesozooplankton",2111,4.91836367621034e-98,10042705.1751832,13823557.5723796,18201055.0628462,21175499.4445014,25371222.6602953,30068959.4105853,NA
1963,"other krill",2111,999.53722822929,1532131.94256835,5789741.54753082,12122689.9169844,31137553.9101867,75381127.6371163,124135094.178792,NA
1963,"other macrozooplankton",2111,1496543.98520531,8520849.05914663,16038221.0095344,20058839.2459255,24069214.1209352,29786390.814548,39399083.9172804,NA
1963,"antarctic krill",2111,10611.0543679187,1244531.58869103,7046676.04946669,13534691.1709435,24329921.0506897,36206119.418093,769785248.695027,NA
1963,"salps",2111,109578.107888727,468384.926263771,884973.989305016,1162255.10246836,1734479.27132115,2207643.79353671,2991550.02899928,NA
1963,"mesopelagic fishes",2111,7018.98279260053,511030.862211592,1489415.6914691,2071406.31291498,2908663.16025734,3881109.2626939,9139401.37055216,NA
1963,"bathypelagic fishes",2111,309329.255801032,1118448.09460326,1978347.16724471,2730361.80699228,3615084.16783977,4833322.79999594,12788593.0988015,NA
1963,"shelf and coastal fishes",2111,1825647.79499339,3552825.56821092,4404516.20533357,5113162.38485345,5732869.97057007,6368105.90524169,24033770.491487,NA
1963,"flying birds",2111,3942.34932106019,5424.51110987903,5947.15563662526,6014.54086665677,6092.75187464607,6223.87966261141,6543.40766888275,NA
1963,"small divers",2111,11044.0289302346,22150.3541902695,35033.5778453599,37406.6482113085,39993.097172521,42226.6700029577,45954.8339387892,NA
1963,"squids",2111,66662.1746741382,114536.401850826,134948.206326538,156237.81908071,182572.264458133,313978.83096057,439041.682686353,NA
1963,"toothfishes",2111,1391.26919046965,279621.959640319,827538.945917252,1162366.21236107,1456233.06901135,1879357.47105808,4490603.52593662,NA
1963,"leopard seals",2111,61.905937797945,1955.09491892758,2727.70889025823,3396.12847134182,3860.63692585934,4722.17596672089,18256.9710397232,NA
1963,"medium divers",2111,28157.0059556468,167294.510815407,273830.917355248,409291.725692364,588821.497601532,805494.090284375,1274137.3349808,NA
1963,"large divers",2111,443.42097219926,6309.38544139325,11033.2247784115,18172.8779833374,36105.6367826392,162201.94138709,2280237.56538209,NA
1963,"minke whales",2111,122.549840860683,8087.53235549196,14253.6533552669,25835.1761358528,57597.4870862337,14973362.0297392,158115886.568446,NA
1963,"orca",2111,5336.56736302404,7304.65540980158,8494.06845926614,8982.40433922408,9948.13769517423,17079.5012446555,260187.771327266,NA
1963,"sperm whales",2111,109.653012689989,135.776172726447,177.705292134118,978.728762957678,9225.7430496397,146551.954526728,10566701.672157,NA
1963,"baleen whales",2111,1239.59844147688,2265.47404552113,167073.895426904,534640.667964919,1176670.4176184,10278369.9736572,92080322.7828687,NA
1964,"mesozooplankton",2111,4.14530598297663e-100,9310473.69520199,13166893.138529,17698838.8747237,20806231.8080742,24960605.3364788,29666982.7902603,NA
1964,"other krill",2111,853.034828131921,1491502.91273886,5455094.64388137,11548705.6552928,30220412.1199072,73614879.7559879,121706449.500571,NA
1964,"other macrozooplankton",2111,1568523.53299425,8478571.75104577,15710913.5993201,19251325.2068444,23442152.8736446,28644544.6731993,38791251.3319676,NA
1964,"antarctic krill",2111,9215.30675098605,1270865.7362388,7084667.06370435,13538313.7337953,24305249.3250515,35983221.4668353,785502915.875924,NA
1964,"salps",2111,111614.17451143,472190.742751035,887189.477572892,1161993.06723021,1744062.6519736,2217387.9130023,2999159.07099403,NA
1964,"mesopelagic fishes",2111,7228.46057467277,519206.592628817,1520053.81486663,2106137.524462,2949359.05165054,3921538.17557617,9433514.5652837,NA
1964,"bathypelagic fishes",2111,319329.262715583,1146064.56548258,2020664.29726509,2779982.39949084,3664439.48801995,4882295.71561041,12858897.4109257,NA
1964,"shelf and coastal fishes",2111,1846398.57142241,3560098.86746179,4411873.81371066,5120717.55852015,5744773.93063594,6376608.99914347,24188917.6379977,NA
1964,"flying birds",2111,3941.05595672978,5424.33511442647,5946.44238985371,6013.16006819365,6091.25628548572,6222.14781165812,6541.39173449428,NA
1964,"small divers",2111,11050.0797711418,22073.577818001,35070.8510962846,37407.3562478666,39988.0907367002,42204.1593914292,45836.8877997565,NA
1964,"squids",2111,67336.8647745332,114738.234107816,135107.63646009,156540.506499873,182814.858628761,314585.604947577,439194.684565734,NA
1964,"toothfishes",2111,1382.37483971778,282892.382264872,831083.849592802,1167830.83960496,1457944.60003024,1879658.13718127,4529371.61645817,NA
1964,"leopard seals",2111,56.2387539538546,1950.34318686844,2728.46096192173,3398.63609185859,3866.34949794107,4723.84844590737,18127.1455414218,NA
1964,"medium divers",2111,26689.7834057768,167638.487526556,273572.448099635,409361.561106448,588266.679939659,804768.930743027,1270865.30041943,NA
1964,"large divers",2111,407.980434039142,6317.03534661858,11028.7939721083,18168.3651070976,35816.4907332035,161404.919896468,2267014.94605121,NA
1964,"minke whales",2111,102.478468153274,8095.69230357915,14245.5067851642,25835.4333472597,57244.5080035778,14911103.9741389,157493196.430986,NA
1964,"orca",2111,5345.81626866857,7309.53227895944,8495.23595258206,8984.2919504592,9945.85978455177,17058.0352064289,259503.793734716,NA
1964,"sperm whales",2111,107.584402930277,133.341155933499,174.222929340255,940.697472094762,9069.54173021766,142397.313871078,10545891.61511,NA
1964,"baleen whales",2111,1267.28196640518,2384.5120285539,167111.748608409,532333.335687142,1172815.47734493,10265208.3405181,91920059.1669733,NA
1965,"mesozooplankton",2111,3.34227446388828e-102,7955359.98380218,12075967.2469771,16651613.6594751,19720610.6533785,23868620.6999597,28356139.1693589,NA
1965,"other krill",2111,634.026206744587,1373772.48485378,4997232.02043221,10763330.1874345,29612498.0533862,73320350.4098809,121461705.858939,NA
1965,"other macrozooplankton",2111,1506683.76760697,7825070.41748071,14466075.7321822,17714812.4408506,21700481.1380413,26648674.9663683,36884174.2647655,NA
1965,"antarctic krill",2111,7652.09539075521,1211686.57658585,6846465.06846492,13243637.3989955,23934490.4240111,35406202.914448,759096229.901648,NA
1965,"salps",2111,110350.528686908,461938.950877644,866139.916439211,1136608.41065307,1732826.90508275,2206551.10546237,2993464.12923132,NA
1965,"mesopelagic fishes",2111,7103.46382690338,514974.086250859,1513096.02845965,2099793.94828674,2960120.64814595,3922229.63395899,9432608.65666352,NA
1965,"bathypelagic fishes",2111,322248.495474161,1152917.02056018,2018250.1609425,2787257.31438721,3689879.15584666,4900037.67788602,13046875.3829056,NA
1965,"shelf and coastal fishes",2111,1862493.80951189,3567071.25372406,4416807.50875082,5127049.31226857,5751612.06392458,6384771.76829739,24334229.3081442,NA
1965,"flying birds",2111,3938.68891162079,5423.47478432161,5943.93654599388,6011.40450648255,6089.9221062773,6218.19724592853,6538.24684595224,NA
1965,"small divers",2111,11020.1205907164,21955.1830688149,35041.3516985079,37342.2123484844,39968.6945050898,42171.4851963446,45715.0486182243,NA
1965,"squids",2111,68084.1003162283,115100.794049945,135384.562650131,156921.978365349,182991.229736354,315254.036379261,439329.01455744,NA
1965,"toothfishes",2111,1363.92431645778,284520.335929855,834425.636144267,1171419.09458206,1459721.72331147,1880036.60516882,4566977.12070472,NA
1965,"leopard seals",2111,50.781788216627,1949.96805545615,2729.49687745165,3399.22623133069,3868.43096021222,4725.4246556298,17998.6416925979,NA
1965,"medium divers",2111,25201.0437430105,167793.941128373,273814.37885791,409316.911506349,587713.718961439,804518.020963105,1267608.98459678,NA
1965,"large divers",2111,372.772815696174,6323.07908767204,11023.5406479308,18170.2733186112,35754.9453248734,160581.27307817,2253856.47384918,NA
1965,"minke whales",2111,83.8868420210563,7978.64979259635,14111.8533568661,25541.8467738739,56282.871368249,14665974.1758112,153777935.327572,NA
1965,"orca",2111,5354.9650593011,7314.31011830332,8496.41611298761,8986.19211910897,9943.51858393975,17036.4546260976,258821.667694058,NA
1965,"sperm whales",2111,101.439655205173,125.922387689389,164.894179025949,877.97626683091,8837.60568967567,135898.150519203,10524488.9875609,NA
1965,"baleen whales",2111,1293.49612674773,2511.69327791553,167053.001940991,529465.020811322,1167955.89611977,10227307.3592613,91765813.7242349,NA
1966,"mesozooplankton",2111,2.92523877577866e-104,8909190.07979287,12592509.7779694,17209863.3774871,20444489.7461247,24786352.8089133,29592489.8617292,NA
1966,"other krill",2111,463.692000218365,1336869.18251413,5073419.01628822,11201180.7821537,30486559.5285006,75322068.4013669,123775111.854126,NA
1966,"other macrozooplankton",2111,1473353.34492395,7520532.68337657,14419304.2446824,18162685.6016615,21983799.5016154,27665296.0449357,37600661.1373216,NA
1966,"antarctic krill",2111,6402.24971880214,1174354.18951626,6734979.74653698,13069672.2149006,23800054.2124081,35274617.6894688,718682686.015643,NA
1966,"salps",2111,109487.011285334,458784.131662149,858356.954239862,1131884.38836251,1728310.11529407,2201056.75511121,2994595.80620692,NA
1966,"mesopelagic fishes",2111,6896.45951315593,512365.682816926,1504460.80707299,2090035.48750095,2958995.92811288,3908462.54753964,9333394.01336777,NA
1966,"bathypelagic fishes",2111,320924.906487736,1150464.59313453,2013412.05071643,2783647.83557994,3692269.15251703,4897156.02570255,13224451.4552581,NA
1966,"shelf and coastal fishes",2111,1869155.09765413,3577757.8813152,4422635.98531867,5132705.63262184,5752785.35004041,6394866.74952494,24459789.2014565,NA
1966,"flying birds",2111,3939.43106664441,5424.74790084961,5945.92962279255,6012.34372996521,6090.10205149409,6216.68707420587,6538.99257161092,NA
1966,"small divers",2111,11030.3996029505,21885.5658478137,35047.9010417821,37336.7478013114,39967.273373668,42153.5822582157,45596.070823461,NA
1966,"squids",2111,68430.2333769419,115393.094209036,135718.798788001,157220.304952399,183012.560750084,315586.281850192,439593.837308357,NA
1966,"toothfishes",2111,1349.69506094544,287620.552805789,840887.894832563,1175984.7680696,1462580.43689885,1880586.6467687,4603611.33981358,NA
1966,"leopard seals",2111,45.5785775984248,1948.93932704383,2732.85086132636,3399.67021662911,3866.87856529397,4727.20429397576,17871.5941852483,NA
1966,"medium divers",2111,23725.7608518047,167934.060986521,273982.754955112,409282.951797988,586825.781139382,804420.780207929,1264346.19267671,NA
1966,"large divers",2111,339.301369856944,6328.9557186561,11009.7001120276,18169.1064923643,35587.7526262906,159768.868885656,2240762.18400839,NA
1966,"minke whales",2111,67.6598460259858,7897.65580242781,14017.954225193,25303.405028197,55651.9798246984,14497592.373942,150941816.01398,NA
1966,"orca",2111,5364.50066849757,7319.4912216271,8497.97351089457,8986.62417518634,9941.31087811757,17015.5999944774,258141.439507131,NA
1966,"sperm whales",2111,106.816242935275,132.680594591762,173.251521199767,890.352253406491,8750.48798294868,134463.972925741,10505174.2328749,NA
1966,"baleen whales",2111,1347.77436653728,2705.26566304407,167093.430645534,528859.861946873,1165656.1355958,10208655.5957198,91642458.2812756,NA
1967,"mesozooplankton",2111,2.63986137613774e-106,6823202.69742888,11414813.498691,16210658.5869352,19410195.6372763,23806545.1662033,28403493.3326541,NA
1967,"other krill",2111,333.839337045101,1210507.64778033,4781973.0931783,10882283.0746178,30447863.8069594,76686683.7727482,126453555.16203,NA
1967,"other macrozooplankton",2111,1377267.66869957,7163349.75315659,14123705.4478974,17849228.7727859,21479974.6870068,26756800.797867,37295304.8101837,NA
1967,"antarctic krill",2111,5231.64998550238,1113223.19250741,6505620.25087738,12767145.5047077,23783016.3236624,35362951.837914,660236972.608209,NA
1967,"salps",2111,105568.43841544,443485.255905047,837534.252546096,1108942.77795946,1725771.8764851,2197916.76759198,2989246.10579222,NA
1967,"mesopelagic fishes",2111,6548.65846417915,501256.34745607,1485476.08497786,2067311.73268975,2946683.11100405,3896060.19813828,9135897.83801035,NA
1967,"bathypelagic fishes",2111,315873.244363178,1138878.17169968,1995476.90182353,2765057.45178775,3680258.23650084,4890812.66049912,13340781.0713484,NA
1967,"shelf and coastal fishes",2111,1893909.4938933,3585325.62481885,4429957.42986335,5140212.0803259,5757459.21675347,6402456.51407676,24561153.4696791,NA
1967,"flying birds",2111,3936.8972013907,5422.56876950857,5942.99536573426,6010.45384301344,6088.70134251425,6213.89691837595,6535.17678179872,NA
1967,"small divers",2111,10996.9699132014,21775.1536693853,34972.3018428776,37271.98422132,39940.7887033644,42144.5280811469,45478.5816835101,NA
1967,"squids",2111,69307.2943643201,115834.934415441,136061.701260376,157580.829413777,183315.059857832,316103.461997198,439930.29340843,NA
1967,"toothfishes",2111,1327.31094658965,289169.011449607,843746.145030128,1181572.50110428,1466743.66933311,1881217.45619743,4639366.2189885,NA
1967,"leopard seals",2111,40.7032511498308,1947.59353910863,2737.93307299357,3400.67719879849,3868.07318993048,4728.89805122729,17745.8891736715,NA
1967,"medium divers",2111,22246.9267662776,168081.885527526,274275.028571197,409338.527277655,586293.153378855,804246.381117521,1261121.28127435,NA
1967,"large divers",2111,306.189431406074,6344.26173140405,10997.908299015,18173.4781658432,35479.6511591935,158962.815135499,2227732.55537565,NA
1967,"minke whales",2111,54.1984710654689,7904.75696188732,14064.2648894221,25290.8550787454,55447.0693044063,14446101.6944553,150440614.926148,NA
1967,"orca",2111,5373.31004039172,7323.51177123995,8498.88626215579,8986.50744293844,9938.2051356537,16993.5768378051,257462.976412534,NA
1967,"sperm whales",2111,109.238096173725,135.952459095127,176.531668767771,881.294982974577,8619.10247976027,131688.302256508,10485520.6549171,NA
1967,"baleen whales",2111,1390.13584769528,2879.07969680611,167118.006803926,528097.56733806,1162740.18967765,10184890.8450247,91513727.1437163,NA
1968,"mesozooplankton",2111,2.45792744166113e-108,9315620.81934383,12954487.2973434,17565458.360135,20724372.1932718,25068661.4913818,29941044.2944564,NA
1968,"other krill",2111,274.046549754337,1243712.66471803,5105443.01681617,11330086.5242702,31218005.3830161,78745853.5796698,129016431.848482,NA
1968,"other macrozooplankton",2111,1355893.45434931,7366752.25729275,14552967.182602,18359949.0464029,22236338.4179132,27948066.4126485,37661756.3088802,NA
1968,"antarctic krill",2111,4395.57769914328,1102135.87790306,6536360.67701086,12841266.8776562,23812152.7503904,35603538.9553313,631841107.267208,NA
1968,"salps",2111,104832.187245606,445571.641076032,844941.458793639,1122556.37273539,1727879.20378664,2198018.72132395,2991113.51131225,NA
1968,"mesopelagic fishes",2111,6275.352087065,498871.983109335,1477249.8085027,2064415.11263331,2921160.53322167,3878364.1464861,9003827.33644327,NA
1968,"bathypelagic fishes",2111,309281.544166282,1130020.08140011,1982120.37801454,2746175.56274278,3662399.20845299,4866631.14155186,13340031.0128038,NA
1968,"shelf and coastal fishes",2111,1887834.63146893,3582198.37114826,4432503.51871922,5141802.06390548,5757042.4483194,6403583.70056395,24609675.1873888,NA
1968,"flying birds",2111,3938.30113921653,5425.44094353189,5945.06627951253,6011.73668082385,6089.08771914599,6213.77660968237,6537.16777243417,NA
1968,"small divers",2111,11007.6985467894,21762.0229699663,34986.5741726694,37302.085479503,39942.311123842,42152.1878097831,45359.7709124239,NA
1968,"squids",2111,69072.116233789,115782.021718017,136099.625957286,157495.708978247,182820.403557498,315675.018145658,440159.248480657,NA
1968,"toothfishes",2111,1314.15581304669,289962.209774589,848380.592634332,1184633.80149375,1467850.11545736,1881816.59912506,4673635.60328028,NA
1968,"leopard seals",2111,35.9960388525812,1949.72463385457,2738.4926160231,3400.8321316863,3866.98858560052,4730.5501216508,17621.2618052135,NA
1968,"medium divers",2111,20743.7426172961,168044.374631021,274394.087465733,409079.609378747,585762.219470251,804041.905849583,1257872.5613104,NA
1968,"large divers",2111,274.510401921433,6357.00464485379,10993.5245664177,18169.5285024257,35464.2733380905,158155.858604166,2214764.2000751,NA
1968,"minke whales",2111,41.9831753565359,7827.77943690492,13926.8332961358,25077.2742189428,54909.5732571968,14269134.6804277,147429943.457019,NA
1968,"orca",2111,5383.03526552367,7328.37663170546,8500.67827354238,8987.05107444335,9936.29846454333,16973.2377094265,256786.465057283,NA
1968,"sperm whales",2111,104.555565828812,130.488522446341,169.411700043712,845.90664439546,8364.10758896545,125277.354018268,10464846.4317066,NA
1968,"baleen whales",2111,1330.30590209493,2797.74955164903,165793.020787425,518838.616816199,1146820.06212175,10156381.7135946,91283178.291501,NA
1969,"mesozooplankton",2111,2.3057668518405e-110,8371157.02516794,12561624.8826419,17121287.6506346,20190251.3092618,24411587.3755717,29121645.8099901,NA
1969,"other krill",2111,248.642846073694,1283632.10730309,5161138.57283499,11428767.7929466,31168945.1793176,77505026.9316146,127291699.153834,NA
1969,"other macrozooplankton",2111,1379638.182723,7771828.75711217,14990633.6892305,18857451.4397464,22719677.7794917,28112618.0709008,37828701.2172207,NA
1969,"antarctic krill",2111,3737.39982840655,1115262.80033823,6614569.96270577,13110550.4945896,23940490.2355761,35793458.0656387,631016673.157406,NA
1969,"salps",2111,104679.516054292,452599.555219006,854534.768521146,1133594.43406878,1734177.18468113,2204604.51532295,2992476.1784918,NA
1969,"mesopelagic fishes",2111,6170.83023886975,503699.685662463,1493083.89286371,2076273.37571455,2918094.54497092,3872010.72448828,9108749.55822948,NA
1969,"bathypelagic fishes",2111,306806.380355275,1127963.58300077,1990872.08172232,2747257.55185588,3644045.45028912,4852780.90137917,13243866.6024556,NA
1969,"shelf and coastal fishes",2111,1879455.57510632,3580765.83429514,4434617.52276794,5142970.27878994,5759400.90810209,6403443.72176458,24612744.9681561,NA
1969,"flying birds",2111,3939.45555205138,5426.72673461122,5947.65788564559,6012.86060310881,6089.72545677608,6213.09497578185,6538.6991501925,NA
1969,"small divers",2111,11036.2877900261,21772.8911480144,35026.3258657946,37350.1643223717,39963.5700200086,42143.4550898344,45243.6213592279,NA
1969,"squids",2111,68598.000016995,115859.591083202,136081.756566497,157239.07583638,182125.82085525,315010.885946212,440186.872047542,NA
1969,"toothfishes",2111,1306.51495508099,290696.714739745,850817.540096959,1187886.30748247,1470090.32123423,1888538.87379815,4706350.85788568,NA
1969,"leopard seals",2111,31.5670628368231,1949.45969273217,2739.23383546421,3401.16350264801,3865.74700277992,4732.18006263575,17497.9473551538,NA
1969,"medium divers",2111,19249.1291275444,168056.01293067,274484.142418904,409007.847951428,585228.328205016,803587.499871586,1254629.15897385,NA
1969,"large divers",2111,244.245191056145,6369.23303688133,10989.2339903127,18146.9606930502,35424.5482790341,157351.479724525,2201858.67916397,NA
1969,"minke whales",2111,31.9498566541852,7844.43332017256,13924.876443992,25080.3395384396,54728.4831822524,14218397.1917948,146940349.819562,NA
1969,"orca",2111,5392.96765761826,7333.43630744336,8502.63865895515,8987.78991782523,9934.62043215937,16953.1948478966,256111.818878409,NA
1969,"sperm whales",2111,100.915045953411,126.308993319545,163.583168355123,787.422068001546,8151.64092145922,120595.641697064,10444360.780269,NA
1969,"baleen whales",2111,1369.08850429024,2967.11334839575,165831.059438922,516056.587812595,1143325.60939235,10143439.2486856,91151398.1009041,NA
1970,"mesozooplankton",2111,2.11718673367218e-112,8911070.97762745,12759255.2078414,17234688.271471,20275167.126608,24387663.2159062,29112823.0283365,NA
1970,"other krill",2111,229.915034438383,1290963.32675191,5115563.27739477,11315878.3333823,30391923.0844423,75337177.2963807,125012773.450515,NA
1970,"other macrozooplankton",2111,1402501.6889939,7826625.07559979,14858134.6856087,18382787.7615071,22312961.4413811,27408853.120923,37176484.3699706,NA
1970,"antarctic krill",2111,3173.53754069895,1126930.48780126,6655134.87017216,13168606.4519981,23871092.0600114,35591820.0407579,649043893.202833,NA
1970,"salps",2111,105263.420220277,458708.326149061,860368.934530536,1138267.21446366,1732001.85200725,2202296.05548969,2989440.10032572,NA
1970,"mesopelagic fishes",2111,6109.00244468827,507426.560118988,1503319.61973619,2084565.2485562,2912168.13382833,3884370.76171609,9204307.52940434,NA
1970,"bathypelagic fishes",2111,307144.794112685,1128989.54556865,1997325.80796181,2747613.8489949,3639056.42154919,4837842.54987263,13094193.6754487,NA
1970,"shelf and coastal fishes",2111,1865891.24070528,3578599.99515309,4433242.72283373,5142014.38274917,5759017.9226392,6402471.36816552,24578137.5543291,NA
1970,"flying birds",2111,3939.56808840973,5428.23943943246,5948.27714699751,6012.84687883673,6089.45910773151,6210.87118613878,6539.03082229286,NA
1970,"small divers",2111,11055.7372736412,21808.287506714,35080.3027490965,37396.2052044942,39968.8717918727,42127.4724094022,45126.6752874422,NA
1970,"squids",2111,67984.4513687755,115686.344449806,135819.433341077,156911.566974924,181619.637975816,314217.535086399,439888.660755653,NA
1970,"toothfishes",2111,1298.3821837925,291068.829964275,852906.964828487,1192389.82285226,1470766.07225864,1892171.65077895,4737281.69210422,NA
1970,"leopard seals",2111,27.408419572158,1944.22377218231,2738.58982545663,3401.08778661705,3869.37229707147,4733.65891921369,17375.8390932892,NA
1970,"medium divers",2111,17753.7942155723,168152.040247224,274551.861767602,408920.63068187,584676.115918881,802781.590806026,1251397.0203571,NA
1970,"large divers",2111,215.159483801444,6380.694185863,10986.3899376245,18143.7821602867,35325.1279258588,156550.405763806,2189015.15033065,NA
1970,"minke whales",2111,23.6634325506445,7862.79243670969,13921.8393669338,25067.8675699554,54545.7794484154,14167826.6430383,146452367.089127,NA
1970,"orca",2111,5403.12279542743,7338.69762277926,8504.7126920708,8988.42071848182,9933.1473369491,16933.3968741947,255439.034129433,NA
1970,"sperm whales",2111,102.282535039574,128.162091082997,165.494446347429,780.50219148338,7975.76139469145,119422.318739018,10424741.0975009,NA
1970,"baleen whales",2111,1411.62798773259,3159.5615315023,165873.019741667,515299.424070396,1140821.69657316,10130601.0471966,91026388.2507536,NA
1971,"mesozooplankton",2111,2.02091905926389e-114,9305284.80727278,13057991.6900898,17547799.1163531,20640924.091981,24895042.7897791,29690797.0620776,NA
1971,"other krill",2111,217.506229151496,1323198.76455514,5256229.34824122,11494863.7784837,30626632.5641333,75134907.0232569,123980397.845981,NA
1971,"other macrozooplankton",2111,1441499.69830264,7899873.17520989,14984357.6833494,18740697.1127242,22659517.8561972,28202380.5509045,37963077.2216834,NA
1971,"antarctic krill",2111,2710.67927539836,1140342.41487105,6701983.10888511,13181110.8584415,23875839.565495,35472493.0869986,676008338.513335,NA
1971,"salps",2111,106292.102145622,464972.797300833,865986.272809247,1142410.88889589,1733394.62162577,2202800.00173772,2989458.07879155,NA
1971,"mesopelagic fishes",2111,6077.65163596563,510558.240665024,1511820.77877688,2092983.43471039,2918525.58581681,3889277.00875609,9328572.31788776,NA
1971,"bathypelagic fishes",2111,310726.803928498,1135342.94854316,2003171.26075863,2754660.69726042,3639929.09310837,4842715.19737789,12953385.709658,NA
1971,"shelf and coastal fishes",2111,1865778.9590679,3581042.3940229,4435479.55940388,5143758.11749088,5761266.99451887,6402855.37514818,24525503.341218,NA
1971,"flying birds",2111,3938.94377402257,5429.4152307059,5948.07130152387,6012.47916543608,6089.37485123504,6208.03020535057,6538.08543480467,NA
1971,"small divers",2111,11073.5708948276,21839.5843857592,35116.1404084853,37403.4119511597,39963.0553046071,42102.1847211406,45014.1916095442,NA
1971,"squids",2111,67841.0925726323,115792.341609877,135726.01517533,156818.994758709,181117.463473097,313675.416860899,439617.16286658,NA
1971,"toothfishes",2111,1287.52299380053,293023.744392932,857156.780997769,1195823.53323398,1471844.70349674,1895586.56544465,4766564.58869892,NA
1971,"leopard seals",2111,23.5956756060223,1944.48646435293,2741.29151171627,3401.73326987852,3871.27844717957,4741.69778198524,17255.1554812366,NA
1971,"medium divers",2111,16295.6455952762,168396.132157316,274672.936873204,408762.63669448,584096.838681426,802283.804380406,1248190.65528525,NA
1971,"large divers",2111,187.791920942731,6392.83528325185,10974.9924570907,18133.3812427677,35198.6980080689,155754.055530873,2176235.09233611,NA
1971,"minke whales",2111,17.0436601974953,7833.66425004328,13794.1772693448,24833.1704832468,53766.3171983314,14012028.092494,143859478.272884,NA
1971,"orca",2111,5413.10273902764,7343.78926964939,8506.65881899183,8989.00465303519,9931.37528952486,16913.1364663758,254768.061841196,NA
1971,"sperm whales",2111,97.4778450792281,122.236346005508,157.576398085623,754.397347930863,7696.41002946074,117316.808754972,10404167.005589,NA
1971,"baleen whales",2111,1452.68328893798,3349.14861940972,165871.194200806,514697.398291947,1138546.67561921,10117798.9625337,90903046.3836369,NA
1972,"mesozooplankton",2111,1.91985122277145e-116,10095473.1783261,13650483.3149473,18069781.8709518,21103301.2311733,25380386.389914,30195768.1027467,NA
1972,"other krill",2111,213.594083221528,1425113.5982231,5518374.80905533,11790766.1849625,30899958.3255065,75079326.4429826,123210277.534001,NA
1972,"other macrozooplankton",2111,1519507.92932816,8215395.80666499,15598785.5031681,19511303.0777976,23523013.5764139,29139995.8047409,38809305.2523387,NA
1972,"antarctic krill",2111,2360.66035239549,1150136.28597234,6857093.99482274,13405023.0522117,24003708.888995,35614251.071056,714908866.240777,NA
1972,"salps",2111,109118.978763903,474748.888038598,877451.060173956,1152211.30215763,1741692.84831484,2206915.77641767,2992791.94635262,NA
1972,"mesopelagic fishes",2111,6156.71214248152,517518.325100055,1528579.31073388,2109766.92917352,2933424.73464474,3897577.13206919,9520387.05218182,NA
1972,"bathypelagic fishes",2111,316939.623570705,1148595.67541463,2015693.83970062,2769420.69224273,3647147.0459966,4848399.23516116,12863236.3407475,NA
1972,"shelf and coastal fishes",2111,1867256.39571826,3584730.37639262,4438595.28750509,5148464.81576921,5764175.61263505,6403483.72386249,24467077.3413102,NA
1972,"flying birds",2111,3938.70793992468,5431.19443884446,5948.86467673054,6012.52691859775,6088.26984185403,6206.767200931,6537.67713509544,NA
1972,"small divers",2111,11098.7912387498,21878.3248700921,35150.0486058019,37408.7732453663,39958.3370701666,42088.5302333287,44905.4172186848,NA
1972,"squids",2111,67821.6062438905,116061.710959558,135691.432658223,156736.041779871,180962.25507066,313651.135987195,439381.02889156,NA
1972,"toothfishes",2111,1270.92765098268,293073.217854523,863673.919285078,1198604.22120694,1473557.62912376,1888901.97950169,4793196.41050811,NA
1972,"leopard seals",2111,20.0930822483151,1948.37137110349,2742.15936895394,3403.36579672608,3870.31772918411,4742.85259443141,17135.7748643375,NA
1972,"medium divers",2111,14864.576544803,168635.577788299,274787.827878826,408697.230169088,583185.410661838,802085.152604275,1244996.20683658,NA
1972,"large divers",2111,162.170792940309,6397.42175167113,10965.0561543124,18131.3980914907,35082.8363280788,154960.791363721,2163517.37180249,NA
1972,"minke whales",2111,11.9675403137848,7847.60156455418,13792.8998300689,24865.0767095484,53353.3834815622,13962139.2127033,143381644.440537,NA
1972,"orca",2111,5423.21661025731,7347.96985727397,8508.68506333981,8989.62325857144,9929.69837438775,16892.9836813212,254098.922562774,NA
1972,"sperm whales",2111,103.503963116318,130.004448488972,166.116004044267,776.552236665186,7713.73362536445,117136.501788748,10385398.9711333,NA
1972,"baleen whales",2111,1500.46406266202,3570.20229641252,165917.455692464,514306.721153815,1137341.52531746,10105108.9949047,90787036.4855295,NA
1973,"mesozooplankton",2111,1.6837826935334e-118,9653483.81966818,13353508.246053,17796809.2623687,20727679.4238867,24844011.1483908,29580414.5496889,NA
1973,"other krill",2111,199.495207195361,1474882.42084011,5484992.55194607,11658539.2240242,30351849.845244,73459426.7691639,121026637.677014,NA
1973,"other macrozooplankton",2111,1602465.47298007,8400836.73985416,15729580.9081682,19310547.1400366,23414292.2877665,28643847.9596681,38310169.493419,NA
1973,"antarctic krill",2111,2058.42617819103,1160762.10427507,6974624.2806143,13576528.0191268,24034931.9271995,35656441.3447366,751005756.579466,NA
1973,"salps",2111,112227.334265571,482839.514012779,888249.882973254,1159613.3184555,1750163.41975665,2209950.21162761,2993141.44050503,NA
1973,"mesopelagic fishes",2111,6339.40133750406,528510.439006517,1551650.70898187,2125089.69627612,2950791.43181672,3911428.7991023,9737104.79336376,NA
1973,"bathypelagic fishes",2111,325232.951574593,1166836.70700014,2033455.97254863,2793295.66783204,3662303.57244955,4863075.38285772,12854443.4139471,NA
1973,"shelf and coastal fishes",2111,1865478.72787921,3588272.29362035,4440794.39506148,5155249.96670148,5768740.40333029,6405752.42756645,24417531.4103233,NA
1973,"flying birds",2111,3938.6857311446,5433.61755230649,5949.93598123669,6012.80318906874,6087.84274565296,6205.81219884896,6537.6020482895,NA
1973,"small divers",2111,11129.4823390624,21926.7207989293,35184.1641235544,37422.7647115127,39962.5032556371,42078.6865668254,44843.6244557682,NA
1973,"squids",2111,67788.134672585,116286.701691593,135724.144020708,156756.994070846,180759.982496671,313249.360063447,439118.191813851,NA
1973,"toothfishes",2111,1258.94867040365,294873.822995144,865595.077546901,1201931.36236184,1474537.59227978,1887935.50496639,4819159.27873927,NA
1973,"leopard seals",2111,16.8960317203107,1951.77336005682,2742.06975176951,3404.05401355421,3870.43821011776,4743.8346147342,17017.5853245472,NA
1973,"medium divers",2111,13461.2657961804,168841.970667829,274875.108571027,408525.63436779,581771.036994141,801866.830635652,1241705.47492017,NA
1973,"large divers",2111,138.346948851847,6398.51175596172,10978.2849741501,18127.3595556725,34931.7168024354,154151.87028335,2150857.59590533,NA
1973,"minke whales",2111,7.21489820216357,5852.8491102614,10860.6344171076,18682.7909703367,41421.057297714,10162346.4896553,134273145.039037,NA
1973,"orca",2111,5429.15148654529,7346.37731160052,8499.47612619456,8976.60432868036,9904.93109512339,16859.6409148389,252304.857764483,NA
1973,"sperm whales",2111,103.753786097447,130.235083160937,165.882431770873,776.495283279428,7589.47690962132,115822.010521879,10365805.6826401,NA
1973,"baleen whales",2111,1545.51856891584,3771.36749247704,165947.820319695,513892.663150454,1136016.99915745,10092424.3889089,90670362.0980305,NA
1974,"mesozooplankton",2111,1.43426529920298e-120,8996078.18726568,12774313.7432277,17345840.7231057,20439123.4970177,24673336.0183901,29432536.4791143,NA
1974,"other krill",2111,165.204860894914,1427293.47805461,5207201.13549923,11177975.5683799,30012481.0608707,72972650.0127974,120311536.117432,NA
1974,"other macrozooplankton",2111,1630343.89401671,8219942.44857003,15212758.350041,18670199.1748793,22752795.8393318,27935393.0766575,38084460.7450547,NA
1974,"antarctic krill",2111,1754.65588759411,1136151.21073297,6932283.59735809,13474547.0489922,24033726.0397428,35489684.7127601,757947808.164223,NA
1974,"salps",2111,112926.341590901,513743.90609156,886317.690208916,1153443.78477195,1750705.13394166,2207919.69428534,2991391.98730769,NA
1974,"mesopelagic fishes",2111,6423.8605251596,532204.323972063,1559304.28890694,2128310.67067105,2980240.26825437,3926375.08772479,9807680.04647739,NA
1974,"bathypelagic fishes",2111,333525.718733,1180299.66943587,2051605.75344552,2812521.56729431,3687953.80889459,4885319.90473093,12976446.2760034,NA
1974,"shelf and coastal fishes",2111,1881761.73030361,3597248.30329229,4451856.91907892,5162885.34201724,5776952.84462793,6411524.43265287,24392731.6632345,NA
1974,"flying birds",2111,3937.16096297509,5432.35161210501,5948.46763331994,6012.2020919254,6086.8019573763,6203.46559755908,6535.13489729817,NA
1974,"small divers",2111,11141.2511082814,21932.0187073148,35167.7309437683,37391.410025045,39952.9706236819,42054.3244616875,44833.8061767365,NA
1974,"squids",2111,68459.4016179712,116686.017550143,136194.206786633,157059.642151917,180890.747210343,312104.304517426,439074.27753076,NA
1974,"toothfishes",2111,1242.82548355334,296675.640981049,868827.078255789,1204693.39551445,1480818.94527688,1894494.42847875,4844698.35632176,NA
1974,"leopard seals",2111,14.0868280160979,1953.77492510245,2744.01228237131,3404.89610505024,3871.62526243124,4743.59134877282,16900.7637732526,NA
1974,"medium divers",2111,12136.4766174299,169121.353917283,275058.192625482,408264.48923776,580328.44345332,801579.393628858,1238185.58803871,NA
1974,"large divers",2111,116.802285797285,6399.85838232763,10992.558214584,18124.2598081706,34855.9828998279,153419.992579509,2138315.12620504,NA
1974,"minke whales",2111,4.32272302772488,3859.45746594084,7748.12498871796,13169.898841055,31139.3155947265,6680900.0772947,129619678.865792,NA
1974,"orca",2111,5299.29598875216,7082.30942176807,8164.25154149915,8761.41206848013,9630.61746772009,16195.2722232051,226372.413624576,NA
1974,"sperm whales",2111,99.6182370442907,125.385471689759,158.284388070431,743.971936329808,7329.08883669305,115110.408944763,10345567.8903729,NA
1974,"baleen whales",2111,1582.02512594382,3958.59852482633,165901.67399773,513374.369916326,1134162.36553829,10077844.0659901,90550256.2251843,NA
1975,"mesozooplankton",2111,1.24999661554778e-122,9196441.4827061,12897326.9374442,17537709.881479,20735084.4213942,25080411.8235323,29894881.7569503,NA
1975,"other krill",2111,130.139006601146,1390015.26359079,5146318.11374377,11221920.1016243,30469429.6849,74532735.3916365,122182845.621617,NA
1975,"other macrozooplankton",2111,1616854.7153274,7905635.33031509,15017101.1731404,18748520.1038952,22721850.0232901,28226348.4478514,38527610.46285,NA
1975,"antarctic krill",2111,1480.3340063209,1102256.80587761,6849861.53418393,13395219.0253204,24163116.0671024,35281825.1672705,742236745.504059,NA
1975,"salps",2111,112585.130054069,519811.003888278,882257.086336633,1148160.69599102,1749359.76840624,2206934.66604403,2990726.52392229,NA
1975,"mesopelagic fishes",2111,6350.63652699761,529887.739133764,1552381.28184357,2119714.81784643,2994199.57209907,3931380.99124919,9755993.94134792,NA
1975,"bathypelagic fishes",2111,338174.337427825,1186121.22803283,2051891.51629793,2815783.04674932,3716288.16565926,4901821.46330087,13092918.2872337,NA
1975,"shelf and coastal fishes",2111,1906276.49259323,3608409.40244989,4464252.19157253,5174417.10625597,5786516.95425147,6418005.07504937,24388668.6853055,NA
1975,"flying birds",2111,3935.28432789369,5429.77311082713,5945.95648478625,6011.03901793077,6085.02327882674,6200.62680011211,6532.14186343081,NA
1975,"small divers",2111,11135.9165239877,21907.3447708008,35109.4157347742,37341.8572982338,39928.7428511511,42035.0046799901,44821.8984013092,NA
1975,"squids",2111,69512.6398272077,116998.738741574,136716.526137952,157612.549217748,181404.023184605,310754.466661411,439289.984674566,NA
1975,"toothfishes",2111,1217.77396325036,298368.21085806,871338.19530526,1207767.69922242,1482088.74200172,1897187.06489897,4869180.41204442,NA
1975,"leopard seals",2111,11.6256424819487,1956.45712155351,2747.06280885137,3406.04484808106,3873.81795441122,4740.77912013946,16785.3563456041,NA
1975,"medium divers",2111,10880.7691916375,169457.591549411,275297.878450772,408069.397278002,578871.712453342,801124.809190001,1234469.57696183,NA
1975,"large divers",2111,97.4744696762839,6402.17162997848,10996.632862237,18113.8645295595,34768.0313241407,152738.065996663,2125899.85712301,NA
1975,"minke whales",2111,2.73319036867169,3299.03501449427,6533.28436679634,11451.9966925842,28712.8926995204,5352812.96352196,126828453.314787,NA
1975,"orca",2111,5309.06149186809,7087.70652188874,8166.31837280603,8762.29125801263,9629.11731550598,16175.2923755644,225779.871292096,NA
1975,"sperm whales",2111,102.854176896213,129.130069100656,162.493624454449,753.280486539773,7282.67485436918,114770.682119087,10326527.8718539,NA
1975,"baleen whales",2111,1621.65147440174,4181.58178465659,165940.72448085,512985.724622283,1132961.85536672,10065207.6843836,90434684.5328173,NA
1976,"mesozooplankton",2111,1.0691843964623e-124,8522316.49716494,12451582.5713561,17090860.171181,20147045.8636407,24418897.558556,29155007.9686348,NA
1976,"other krill",2111,101.101729215986,1328871.36789991,5061105.61134636,11165834.2194202,30467764.7688073,74893169.1782728,122981147.661124,NA
1976,"other macrozooplankton",2111,1602076.66667156,7816678.21973461,14978578.8005287,18645531.7075717,22587703.1210026,27857367.8590997,37828909.6142843,NA
1976,"antarctic krill",2111,1247.24233804769,1062093.60191109,6680142.13832037,13304713.9995997,23898601.297281,35236095.3272297,716386470.073676,NA
1976,"salps",2111,112036.874210166,514870.383919651,885466.501621773,1152494.67467321,1753971.27883151,2207257.52391735,2988918.34262603,NA
1976,"mesopelagic fishes",2111,6284.69832891774,531857.6554983,1559404.93062083,2118407.91931527,2997848.68224494,3941624.5559539,9725134.08898536,NA
1976,"bathypelagic fishes",2111,339595.844997032,1190733.01410034,2055618.21923028,2818911.65416676,3726394.31477015,4898469.96260314,13253416.6702629,NA
1976,"shelf and coastal fishes",2111,1911485.13812583,3621513.04954462,4475202.49834692,5186532.73102018,5797308.07697611,6423346.29051559,24390661.8752115,NA
1976,"flying birds",2111,3936.06685943189,5432.55168556854,5948.00902082387,6012.06964452336,6085.12015127017,6199.07884385893,6532.97696664006,NA
1976,"small divers",2111,11159.9264093062,21931.1334617946,35092.3750026811,37336.3795163476,39930.1576188499,42022.2495976606,44808.9217777098,NA
1976,"squids",2111,69932.4727462108,117704.368271667,137186.628564335,157815.309245487,181605.27416724,311199.851275184,439576.452803334,NA
1976,"toothfishes",2111,1195.83940145438,299790.506371046,878327.026400985,1209349.58888629,1483496.58718649,1896357.53687346,4892860.9926549,NA
1976,"leopard seals",2111,9.41253935686884,1958.78953833309,2753.7401232217,3406.3334866702,3875.44760200525,4732.82198806285,16671.4912375189,NA
1976,"medium divers",2111,9646.41374644994,169262.537220029,275422.861737565,408002.678352903,577565.772665616,800590.774563218,1230593.31814991,NA
1976,"large divers",2111,79.9668633141986,6402.65531017919,11016.4444486629,18104.4317061968,34673.7106657387,152055.74530933,2113534.5343677,NA
1976,"minke whales",2111,1.65633937584489,3104.15388946576,5780.0762682699,10542.7315665185,27732.7279733602,4849984.4817215,124925837.694745,NA
1976,"orca",2111,5319.34340819774,7093.34860356026,8168.81628817797,8763.65601713888,9627.83645427863,16156.3545683118,225189.246830305,NA
1976,"sperm whales",2111,105.377038507284,132.121576835603,165.55306730098,756.74083318045,7266.49574448138,114208.64452599,10307423.5150387,NA
1976,"baleen whales",2111,1661.47584509799,4407.47544266969,165986.036953963,512597.457235311,1131764.04248271,10052589.2858033,90319272.0749831,NA
1977,"mesozooplankton",2111,9.54591787067055e-127,8447558.99941925,12360508.0109183,17126113.1067272,20296008.9012488,24651666.4954354,29371495.0875479,NA
1977,"other krill",2111,78.4226635594,1265784.02034536,4927818.49163922,11013477.6603753,30507042.80124,75520120.4555957,124930678.26992,NA
1977,"other macrozooplankton",2111,1525933.14746863,7479411.74943823,14564546.6353544,18192610.3932355,22020102.1121015,27370538.4967278,37652871.8833524,NA
1977,"antarctic krill",2111,1028.27415950169,998446.177823598,6393002.89800113,13021509.0003421,23636653.1738093,35037505.1656684,679428163.471091,NA
1977,"salps",2111,109372.576609551,502792.155967935,871425.608217172,1143828.41958793,1747701.27182761,2204113.66358158,2981979.69300355,NA
1977,"mesopelagic fishes",2111,6033.87611766519,522799.408502855,1539985.97239293,2093499.29557723,2986942.74872008,3946228.82463886,9518217.35288541,NA
1977,"bathypelagic fishes",2111,336761.652108293,1176976.35284151,2036705.91334042,2802694.55524891,3719697.64055084,4902716.63741919,13379200.8880184,NA
1977,"shelf and coastal fishes",2111,1932840.59422975,3629952.02331863,4481933.70846383,5194924.39144095,5804257.64951863,6428552.06348536,24398608.9703401,NA
1977,"flying birds",2111,3933.04267913199,5431.41020329173,5944.42945011257,6009.41504497773,6081.3506003569,6193.51871102474,6528.56706638228,NA
1977,"small divers",2111,11127.178973492,21873.6599719531,34996.8968548384,37262.7257258075,39906.8803274084,41988.8449597252,44797.8589537562,NA
1977,"squids",2111,70890.817826001,118021.403744316,137550.939636219,158115.188268989,182011.922178516,311703.939567572,439876.673971044,NA
1977,"toothfishes",2111,1169.19162486385,301901.596861462,881890.094231999,1210501.2742397,1484961.96680355,1898318.39063296,4917215.73649129,NA
1977,"leopard seals",2111,7.5599667705624,1961.50678827687,2759.49152046969,3407.56029874154,3875.67362145112,4724.91578262357,16559.3875106869,NA
1977,"medium divers",2111,8509.44053700465,169721.490886812,275407.587486775,407969.305489324,576312.167797704,800228.474459552,1226714.8596393,NA
1977,"large divers",2111,64.7959138160207,6404.51522823203,11030.5447376421,18106.0986933544,34573.2864286873,151377.455531545,2101239.4752898,NA
1977,"minke whales",2111,0.975342856974675,3009.60706153183,5358.45015833853,9800.44092282169,26978.276318686,4302185.88486165,123306878.032525,NA
1977,"orca",2111,5219.41713054635,7017.5015216895,8077.77532675217,8712.59032926309,9567.40417803084,16087.5237147866,219073.028777518,NA
1977,"sperm whales",2111,107.936427540938,135.115129389519,167.928799741088,763.143840947189,7251.15614960084,113668.323153902,10288377.1143299,NA
1977,"baleen whales",2111,1696.10817938437,4632.84760972499,166021.57765162,512209.847763647,1130566.14219246,10039984.4086292,90203988.7920669,NA
1978,"mesozooplankton",2111,9.06765297875827e-129,8344328.93222781,12323430.7866818,16987169.4428951,20004853.6264285,24293701.099492,28749428.2949215,NA
1978,"other krill",2111,68.5904387136152,1259233.35317793,4997622.8989977,11179430.3250697,30645325.2253786,76757070.9284641,126516138.141166,NA
1978,"other macrozooplankton",2111,1428645.47527388,7210651.33244202,14183058.7437275,17792409.2354583,21491977.4505154,26806318.7430849,36687049.3274398,NA
1978,"antarctic krill",2111,844.563288756572,926867.421404892,6146305.79991907,12564065.3487603,22928067.0577718,34559924.3819882,741521087.037034,NA
1978,"salps",2111,106990.256650821,501010.91080247,858640.146024545,1135534.51233784,1733840.50115234,2191063.79090334,2969133.14951227,NA
1978,"mesopelagic fishes",2111,5653.34792207589,510370.511999569,1499754.35912325,2057398.15665355,2944023.1222824,3910227.81324969,9239709.06563951,NA
1978,"bathypelagic fishes",2111,326860.373286196,1150720.41133105,1988301.59706648,2757236.34039969,3677224.23409089,4870261.45110388,13410175.7299991,NA
1978,"shelf and coastal fishes",2111,1929570.388036,3617676.23593311,4478460.87498296,5189726.02991723,5794799.85023152,6421620.8010753,24387231.0016561,NA
1978,"flying birds",2111,3931.26415382328,5426.8755488412,5942.05599955288,6007.82195184735,6079.32315337903,6190.75400071829,6526.58265740681,NA
1978,"small divers",2111,11080.6043419427,21823.4149745869,34902.774980656,37184.5368757831,39894.8213680401,41955.52017617,44778.5459268211,NA
1978,"squids",2111,71066.1615359974,117821.641591799,137346.766437217,157808.344325566,181864.680170238,311704.575636678,440010.022317052,NA
1978,"toothfishes",2111,1139.93954207371,304187.746268411,883386.391569588,1213277.17458473,1487472.12335731,1898634.09848286,4940192.70549238,NA
1978,"leopard seals",2111,5.94009229555379,1963.7053420588,2763.30438650933,3408.52862792189,3875.32101286064,4721.05455913218,16448.4228696986,NA
1978,"medium divers",2111,7396.50683940496,170116.645601248,275329.87872591,407750.631477638,575473.033134237,799995.672656043,1222784.96298362,NA
1978,"large divers",2111,51.3394366136579,6405.45650684221,11044.5657311592,18096.2314717447,34427.7552825612,150699.023067887,2089039.948345,NA
1978,"minke whales",2111,0.522251521462263,2751.78536243494,4643.33263498096,8785.51706464129,25140.4718287345,3071390.04785487,120799272.888273,NA
1978,"orca",2111,5043.30250272901,6857.71011677054,7951.75888364447,8646.77405316511,9461.38527556969,15999.2109325583,209203.813218112,NA
1978,"sperm whales",2111,104.244760907652,130.269213257685,161.124775568321,736.933732704293,7171.74772125473,111690.726210967,10268449.2573395,NA
1978,"baleen whales",2111,1728.9787669077,4859.87638689091,166058.484925427,511822.578636501,1129370.12248664,10027396.2358397,90088854.7331985,NA
1979,"mesozooplankton",2111,1.06258643052865e-130,7765344.66353936,11998003.9985778,16747883.0589386,19786261.306473,24207283.8553476,28625842.4507186,NA
1979,"other krill",2111,69.9426816251882,1223470.28055728,4989743.88600685,11180264.033279,30974913.0316981,78055050.0180349,128187329.234127,NA
1979,"other macrozooplankton",2111,1327296.88602305,6960928.72524087,13865177.5799684,17535979.0557463,21027141.5362998,26440202.5692006,36441974.1425756,NA
1979,"antarctic krill",2111,689.614656693742,825289.786738604,5645721.44167696,11463022.7251341,22213688.1480037,34060196.940107,726105942.02817,NA
1979,"salps",2111,103692.583273661,491491.00201744,849842.659854672,1126304.29164883,1721694.5811714,2183619.21068173,2957136.18473775,NA
1979,"mesopelagic fishes",2111,5231.74868254333,493138.356589532,1457160.59072775,2017195.43342891,2908438.75405409,3869857.83441542,8923059.68874369,NA
1979,"bathypelagic fishes",2111,314625.08251758,1115986.08344697,1944818.00690932,2701649.54612891,3627478.70760195,4832963.36167172,13331442.5203907,NA
1979,"shelf and coastal fishes",2111,1932449.25235864,3600150.49842733,4459495.04862319,5173034.53845399,5781250.96574518,6406519.25877256,24355374.1405875,NA
1979,"flying birds",2111,3928.97724496911,5419.7720151499,5938.91371312411,6005.34219204433,6077.48224635111,6189.70777129504,6523.76015714454,NA
1979,"small divers",2111,11021.5228254078,21729.2479825821,34791.7177602308,37104.1409902575,39866.6597986224,41929.7372015861,44758.6711131159,NA
1979,"squids",2111,71259.6579305001,116935.748231977,137041.079460967,157591.896519776,181640.019679393,311514.036979448,440103.312906166,NA
1979,"toothfishes",2111,1111.89206592149,306138.714778861,889617.20014421,1213758.28067151,1491600.46747666,1898686.19341137,4962248.88894807,NA
1979,"leopard seals",2111,4.60501359244611,1963.65070712671,2767.92346207243,3408.7185326999,3879.82701045867,4717.5183594539,16337.4970321574,NA
1979,"medium divers",2111,6378.18392316806,170114.230215897,275457.572737669,407754.863711274,574859.338547395,798975.164376768,1218831.2282513,NA
1979,"large divers",2111,40.0736733772793,6413.86856531597,11055.8104007001,18085.9208507431,34268.5305047581,150021.26111687,2076922.52996055,NA
1979,"minke whales",2111,0.264392944158679,2387.45098174002,3816.70659668895,7713.19426934962,22940.8938651001,2486553.80771252,117205727.511341,NA
1979,"orca",2111,5040.4227225019,6851.5776908117,7950.27419094351,8641.83126834321,9455.86970316102,15968.1879093734,208012.682101347,NA
1979,"sperm whales",2111,94.8612943094297,118.159169493911,145.611448989594,685.499849466284,6738.35108898553,108130.489320765,10247561.7371957,NA
1979,"baleen whales",2111,1756.55034580446,5079.26635215679,166058.436459082,511384.549185759,1127991.00010311,10013472.7279552,89972122.6360662,NA
1980,"mesozooplankton",2111,3.25943912439101e-132,10000791.6413807,13608397.9696996,18268569.0041128,21495523.6869449,26071155.0700618,30680437.5396837,NA
1980,"other krill",2111,110.86053425302,1393914.2258095,5531885.16617869,12031211.3813881,32143923.9937849,80651944.1075332,130424114.189248,NA
1980,"other macrozooplankton",2111,1337336.37800554,7458089.86146937,14936744.5118511,19153492.5472299,22895643.0305316,29050837.8377341,38766763.8460753,NA
1980,"antarctic krill",2111,587.258691838642,683733.948650988,5325849.57246932,11041293.3450809,21934305.5859961,33923485.5032188,667173734.215696,NA
1980,"salps",2111,103910.800692826,503916.806051413,862885.679874226,1145680.52024824,1729639.64197773,2191902.30014632,2962561.35965163,NA
1980,"mesopelagic fishes",2111,4979.79311570808,487719.200123436,1447299.56101471,2012442.5033725,2884279.49104161,3852090.07349572,9428942.3160232,NA
1980,"bathypelagic fishes",2111,306205.761902513,1092816.55427211,1923982.96083151,2681932.16584028,3591779.46233502,4809579.09172819,13140493.2184206,NA
1980,"shelf and coastal fishes",2111,1934626.28615591,3582662.71923774,4434088.19448338,5162814.6878776,5764688.62190623,6389556.89366058,24298973.175493,NA
1980,"flying birds",2111,3929.34987567147,5420.98834902128,5939.49244255889,6005.3545448213,6076.71519105285,6190.44452907762,6524.31983142478,NA
1980,"small divers",2111,11006.6281483596,21662.8992186336,34750.8487955882,37095.5877684171,39858.890485601,41907.1060975017,44750.6535094177,NA
1980,"squids",2111,71188.7016876829,116131.73308743,136420.320069942,157075.63228853,180945.09136408,315096.880066456,440296.40579786,NA
1980,"toothfishes",2111,1092.57008748537,307709.876609735,894977.185623787,1215888.9203359,1496620.06921732,1898679.19829916,4982581.52169815,NA
1980,"leopard seals",2111,3.49651270926714,1963.01098939298,2769.27700701867,3409.56167302536,3880.25886310745,4710.76280219849,16225.2296993081,NA
1980,"medium divers",2111,5439.80437607143,170305.026752094,275499.470985193,407846.446797941,574203.862248863,798084.793213861,1214813.88546403,NA
1980,"large divers",2111,30.708706271775,6426.46776615211,11056.7598049169,18087.77267733,33951.9537661955,149195.487777655,2064855.48642853,NA
1980,"minke whales",2111,0.131221220212616,2311.29122663269,3567.40693445629,7357.09115749576,21491.088945033,1946889.51034649,114875785.227076,NA
1980,"orca",2111,5050.84372945517,6856.98699794866,7952.93482975266,8642.89279385934,9454.76180490478,15949.2048996058,207470.559040074,NA
1980,"sperm whales",2111,97.4989686196553,120.655923745684,148.849760588895,686.427176121746,6635.85344778926,107715.066145158,10228605.0936717,NA
1980,"baleen whales",2111,1787.12686560193,5307.4642357101,166100.166358537,510998.364964396,1126807.10106477,10000920.2561419,89857294.2652847,NA
1981,"mesozooplankton",2111,1.63618326746493e-133,7975239.21102484,12307633.3265523,16958898.3944518,19988405.1709793,24236668.3090613,28547385.5206432,NA
1981,"other krill",2111,207.347919086128,1323540.60740955,5302103.4207623,11504346.2186979,31288158.0505015,78689108.4485471,128915502.931162,NA
1981,"other macrozooplankton",2111,1315512.20245585,7684354.57234813,15026460.6664425,18775016.0579032,22520949.775278,27613769.9835973,37654169.4579205,NA
1981,"antarctic krill",2111,496.105966557011,688833.011023469,5584624.44379873,11507618.7376884,22478614.1306663,34532347.8706606,703582188.222309,NA
1981,"salps",2111,103047.006872275,505344.151905926,863910.964301945,1148156.85997061,1733148.40449812,2198886.24227147,2961282.22908073,NA
1981,"mesopelagic fishes",2111,4805.7289228132,482025.144314888,1447488.17795542,2015339.97203516,2880056.04395014,3858281.67061979,9773456.79219696,NA
1981,"bathypelagic fishes",2111,300947.708412174,1085379.36470463,1919545.56763972,2673015.08632741,3574865.31817189,4797115.91719579,13477524.4280391,NA
1981,"shelf and coastal fishes",2111,1940282.33575781,3571898.37763262,4413952.95470653,5144980.27726736,5750183.11174218,6377080.47270722,24232493.9165028,NA
1981,"flying birds",2111,3927.64978923746,5406.05383882087,5937.45186406246,6003.45752893844,6074.83723617267,6188.57918293117,6522.43399709809,NA
1981,"small divers",2111,10967.5596648313,21575.9566253327,34703.6237740634,37090.7269910841,39843.9131285178,41893.8533418213,44751.3688955995,NA
1981,"squids",2111,71238.8840503831,115020.030078403,135647.784924028,156437.86339091,180552.87946848,313507.899845334,440359.674325502,NA
1981,"toothfishes",2111,1071.19934370737,307827.609130564,898158.837324364,1217260.38574472,1496338.51918399,1899153.54099702,5000346.51568933,NA
1981,"leopard seals",2111,2.63244275584206,1965.22288058495,2774.5795668942,3415.19435203807,3881.27581070257,4704.594713032,16114.3748252203,NA
1981,"medium divers",2111,4628.91443695362,171342.180525346,275979.142979968,408029.917358959,573917.61050506,797965.173805237,1211284.19946202,NA
1981,"large divers",2111,23.341406845322,6452.40936383123,11074.9775264261,18092.0707698889,33743.7521592781,148216.150388215,2053343.07863015,NA
1981,"minke whales",2111,0.0620367337441977,2097.72629860615,3129.08689960388,6553.03194408953,19262.7848653337,1700789.23365848,111335362.413963,NA
1981,"orca",2111,2265.61304469243,2860.01111683592,5627.5961275101,7449.90334658121,8610.34467838996,12994.2164995486,79821.6197436529,NA
1981,"sperm whales",2111,103.076050687488,126.638714894143,156.313321894959,705.578218338276,6652.28057001807,107551.073505176,10210153.3372265,NA
1981,"baleen whales",2111,1814.89981829984,5538.45592803807,166138.191337909,510612.684865204,1125624.12329199,9988382.92363272,89742606.1799211,NA
1982,"mesozooplankton",2111,4.94952960058047e-135,8505664.84574977,12526341.3692133,17172315.2680815,20389886.974896,24830574.0401666,29432028.5142877,NA
1982,"other krill",2111,340.565803122143,1252412.97880796,5082299.74483997,11187939.3211478,30930662.029503,77946271.3882984,129168614.588602,NA
1982,"other macrozooplankton",2111,1283694.64986347,7465916.20427416,14558005.9557693,18078076.1370744,21846989.7238384,27183427.1933051,37417807.4811698,NA
1982,"antarctic krill",2111,413.407146676163,695279.971681918,5613437.28130805,12072015.1910384,23009395.261305,34970063.9361439,743072235.657244,NA
1982,"salps",2111,101690.660588838,504999.531145308,863468.050142553,1148425.54903167,1735065.12049878,2205113.25761312,2965513.33011287,NA
1982,"mesopelagic fishes",2111,4629.36356975166,477106.156020357,1445024.96762705,2018298.62970697,2894727.33865408,3871719.83241653,10022492.8156235,NA
1982,"bathypelagic fishes",2111,298238.58210033,1085271.22873354,1923480.79587939,2677863.27510356,3582420.70815799,4807133.58479402,14170961.0860306,NA
1982,"shelf and coastal fishes",2111,1953848.48759452,3567093.47754754,4394506.23899276,5140220.93777255,5733792.04276435,6378394.36420213,24171300.9247423,NA
1982,"flying birds",2111,3926.33867145199,5398.40935082775,5935.84455508663,6001.56737144356,6074.34642848782,6187.36394194235,6520.82648732062,NA
1982,"small divers",2111,10934.962133506,21493.9334179845,34675.8732703779,37072.9225109717,39836.0789354726,41894.5404287867,44753.676166108,NA
1982,"squids",2111,70627.2339249109,114333.781474839,134994.995808171,155741.547415794,180160.349557443,311612.811546715,440526.485183293,NA
1982,"toothfishes",2111,1050.14997843418,307888.654921624,898540.087025744,1218944.48154051,1497965.48015007,1899601.85582702,5016102.30815678,NA
1982,"leopard seals",2111,1.97389936636379,1970.93122837295,2780.46788524935,3419.49320828957,3886.6274443307,4696.85502194581,16005.6812923004,NA
1982,"medium divers",2111,3948.40896402487,172272.776964664,276279.269548115,408463.177252602,573114.205370296,797237.7008953,1208224.31748037,NA
1982,"large divers",2111,17.7092559270681,6493.4528776709,11086.9882170822,18130.2036743635,33639.8157812514,147253.590826499,2042395.6788935,NA
1982,"minke whales",2111,0.0298447772653108,2067.8188302759,3027.26660975942,6217.04635018527,17400.9219154462,1581943.7265145,108905101.441969,NA
1982,"orca",2111,2279.63335715417,2872.47839379943,5633.23766458665,7452.64288318589,8610.27301956292,12981.2883393013,79624.6716466516,NA
1982,"sperm whales",2111,108.749296501104,132.478712261436,164.154139409806,724.633005874583,6668.80951058439,107387.355390156,10191734.929236,NA
1982,"baleen whales",2111,1841.2065612994,5770.83224761572,166176.899896734,510227.555984878,1124443.15327593,9975861.95228269,89628065.8816215,NA
1983,"mesozooplankton",2111,9.51790122653472e-137,8826565.50382984,12788047.8459015,17593989.6687584,20832236.8434351,25330878.1964566,30036005.3378678,NA
1983,"other krill",2111,484.117789672876,1258131.06164228,5206564.29019028,11545057.2090294,31459672.3188463,80111731.1388534,130459083.561296,NA
1983,"other macrozooplankton",2111,1266001.70683825,7455989.35242674,14842754.0723449,18819231.1986167,22545917.5689022,28535296.7108461,38788050.541625,NA
1983,"antarctic krill",2111,346.394225272975,664658.01830189,5687621.0635632,12552846.9252488,23645987.5321727,35438930.6170112,770006415.827035,NA
1983,"salps",2111,100765.149841464,510040.321351814,867879.205049814,1154757.5662301,1756893.59787548,2214985.06512527,2976677.23464646,NA
1983,"mesopelagic fishes",2111,4461.4728905892,473631.741707973,1449961.18674108,2032705.38474776,2916685.70351907,3893559.08275685,10219268.8348175,NA
1983,"bathypelagic fishes",2111,296530.967813198,1087084.77197099,1951176.68358774,2695005.81041368,3608894.7204307,4836361.68044423,14736344.2355055,NA
1983,"shelf and coastal fishes",2111,1975112.57163183,3568620.75195357,4383468.53028155,5130263.42047546,5728317.71148471,6379510.91108956,24125418.537216,NA
1983,"flying birds",2111,3925.089878207,5395.93398539092,5934.39156942809,6000.50961747283,6073.10819421696,6186.68213477135,6519.1306848984,NA
1983,"small divers",2111,10904.8101210791,21414.6328148431,34654.8570074845,37050.0102289273,39829.5386385612,41898.7124204462,44758.8622520417,NA
1983,"squids",2111,70155.5087524222,113711.86321265,134809.73817791,155457.083605205,180002.198096203,311911.637781871,440863.619674174,NA
1983,"toothfishes",2111,1029.5914306078,307585.808478125,899372.857588196,1220710.5307197,1503087.19894401,1898936.1335962,5030539.80131775,NA
1983,"leopard seals",2111,1.46610607277566,1977.62910440636,2788.39108499922,3428.40782678884,3887.38792867037,4681.94095949337,15896.5426798181,NA
1983,"medium divers",2111,3357.89332996436,173182.168987241,276912.360262435,409019.383383083,571669.624784626,797120.538605692,1205181.74120845,NA
1983,"large divers",2111,13.3177235881517,6558.76859724168,11120.5352193035,18150.0378079543,33542.1050952929,146300.310850723,2031496.00197521,NA
1983,"minke whales",2111,0.0143449433690447,2257.41557552838,3234.19879316716,6306.25795092075,17301.1193471385,1522155.93260268,108054150.708911,NA
1983,"orca",2111,2295.13713825924,2886.93370636292,5640.92527208449,7455.38044610459,8610.05016715233,12968.3692487064,79429.9034892669,NA
1983,"sperm whales",2111,114.506804331732,138.556516710996,172.129341284811,744.794686605886,6685.39501356631,107223.901704918,10173349.7569343,NA
1983,"baleen whales",2111,1865.84649710963,6004.39571039322,166215.764367063,509842.971165741,1123264.06819511,9963357.11692612,89513672.1706854,NA
1984,"mesozooplankton",2111,1.27130872875487e-138,9285684.2983708,13242872.0416619,17922802.182748,21012159.892445,25421913.8454938,30181685.7321874,NA
1984,"other krill",2111,602.496271396868,1319056.77594644,5391337.81832015,11675285.4642037,31578619.0189213,79936306.9985692,129780308.180708,NA
1984,"other macrozooplankton",2111,1300170.21175175,7861587.66968847,15535927.2004376,19513488.4189989,23497071.7658999,29153573.0038376,39119530.0283211,NA
1984,"antarctic krill",2111,296.741528757222,661691.0372298,5902947.78121153,13050955.7495731,24120841.9070955,36082349.8159122,799856617.782934,NA
1984,"salps",2111,101669.213652461,522575.72773927,886674.980801804,1172176.21935716,1780952.14575908,2232465.60664104,2991372.80815387,NA
1984,"mesopelagic fishes",2111,4428.3361877972,478980.002931972,1480854.29971221,2071639.06860609,2949860.87768477,3930675.17637721,10377756.3714944,NA
1984,"bathypelagic fishes",2111,297142.760126959,1100455.61586246,1988543.97208678,2735897.22218567,3645989.27896272,4868848.41330307,15191191.0799096,NA
1984,"shelf and coastal fishes",2111,1983226.92366416,3581367.45690986,4379760.62137896,5123372.46671882,5726957.09655931,6367468.31457537,24094666.9048935,NA
1984,"flying birds",2111,3926.00576275747,5400.59698031684,5935.79924056778,6002.19335735489,6073.84702788884,6187.97151101898,6520.38810588169,NA
1984,"small divers",2111,10908.9294126114,21397.0799792259,34711.3949157464,37094.2117325186,39843.4284496076,41917.8125020912,44767.0764425685,NA
1984,"squids",2111,70229.6837478188,113620.292178976,134559.974757219,155345.326428774,179863.26912512,312184.945118647,441250.323138963,NA
1984,"toothfishes",2111,1014.7670404881,307466.104365561,902498.426365336,1222441.69559304,1503742.69388248,1900526.46479857,5044160.71221496,NA
1984,"leopard seals",2111,1.06364573378502,1982.6281451403,2793.31075411743,3435.34770734538,3888.53316736293,4670.3702592176,15787.8674665498,NA
1984,"medium divers",2111,2819.32020993804,173392.683937793,277854.977813243,409147.6973457,570655.274334769,796690.974026522,1202123.91371912,NA
1984,"large divers",2111,9.80852689058441,6577.26572609234,11158.5960772773,18168.5067165834,33520.8864830209,145345.029803042,2020646.7250211,NA
1984,"minke whales",2111,0.00633188284101167,2366.13020478098,3383.1312217186,6422.68946611843,17213.1356167659,1449224.21391121,107124335.195884,NA
1984,"orca",2111,2311.88762658657,2902.42753504814,5649.31917804945,7458.88403520417,8610.51622953704,12956.5257678351,79236.8080398063,NA
1984,"sperm whales",2111,120.13362928647,145.314263261876,179.409990234176,765.728068468268,6702.55619769441,107061.459362403,10154998.603753,NA
1984,"baleen whales",2111,1890.14526289818,6242.5148828947,166260.96947814,509458.772103048,1122088.16935733,9950870.06037617,89399436.0621928,NA
1985,"mesozooplankton",2111,1.25394623961948e-140,7943994.47141365,12272902.7611952,17033755.4848821,20109330.9742712,24399678.4117431,28925380.9263582,NA
1985,"other krill",2111,590.613829611213,1211569.9417972,5070211.52519529,11128321.0202919,30667256.0949134,77482979.6503701,128058811.476887,NA
1985,"other macrozooplankton",2111,1263291.26517954,7712143.54081351,14919431.7850344,18344252.0619989,22261818.6261896,27372272.5121125,37696347.2323882,NA
1985,"antarctic krill",2111,246.428401543306,632602.011503184,5861490.46002724,12989140.8190954,24086639.8347616,35981365.2777301,793121772.495402,NA
1985,"salps",2111,100347.541181995,515917.344447703,883063.177285996,1166013.2998553,1780525.68345837,2235526.00991333,2992808.7364459,NA
1985,"mesopelagic fishes",2111,4324.33345200197,475093.276909227,1483786.19849138,2080015.16564175,2969491.4498882,3957696.43672412,10499575.1221735,NA
1985,"bathypelagic fishes",2111,296415.601563825,1108179.72592823,1999102.36228994,2760207.91456707,3678238.23765759,4903760.08266444,15553969.4640961,NA
1985,"shelf and coastal fishes",2111,1999390.74866773,3593326.60931778,4377434.92872284,5122391.34673472,5724147.88363129,6370665.71434907,24088358.5933199,NA
1985,"flying birds",2111,3923.18182989449,5393.66978762935,5932.3468509914,5999.07514997629,6072.0064134239,6185.61400431884,6516.90006701374,NA
1985,"small divers",2111,10859.562424164,21315.6868210415,34700.7700020284,37045.956730785,39837.6871422955,41915.9084524395,44767.6127880135,NA
1985,"squids",2111,69858.9644253834,113662.773965354,134425.64244719,155511.964823054,179872.484325372,312619.414926438,441471.7801428,NA
1985,"toothfishes",2111,993.978016017229,307043.686636542,905168.713677537,1224399.88119211,1506488.32343543,1900560.2758275,5057337.87921527,NA
1985,"leopard seals",2111,0.772036984810516,1988.83597411991,2800.29314311063,3441.05178792877,3890.85477069346,4668.76546759131,15679.4810194854,NA
1985,"medium divers",2111,2370.90459039021,174277.750660518,278436.607864964,409261.719092137,570178.259103864,796202.039529671,1199104.64242697,NA
1985,"large divers",2111,7.20488099281673,6635.40902229475,11187.5694876642,18171.2552054009,33455.6589416579,144405.506149408,2009843.82054915,NA
1985,"minke whales",2111,0.00278546125646228,2480.58729037068,3498.89221551258,6491.75688297955,16951.4874725222,1376160.82312969,106166658.989865,NA
1985,"orca",2111,2329.07246494268,2918.53639126826,5657.98906504796,7461.86534839585,8610.66196053255,12943.999891696,79044.8578542944,NA
1985,"sperm whales",2111,124.42572775364,151.231282654546,187.40348500301,781.674864336229,6719.34686941061,106898.651953642,10136679.888709,NA
1985,"baleen whales",2111,1911.01569458289,6484.42185978457,166297.582773631,509075.133584979,1120912.2739447,9938396.53353677,89285329.6836493,NA
1986,"mesozooplankton",2111,1.19558824210286e-142,9164126.51930602,12981340.2871625,17688582.3609376,20827832.0949943,25263571.3543274,30030236.692028,NA
1986,"other krill",2111,537.846295220587,1241522.82695669,5213838.63651502,11327543.9588098,30949952.1883056,78575378.7184253,128741289.774649,NA
1986,"other macrozooplankton",2111,1227806.89703676,7537903.86245379,14623148.8447813,18314606.8487811,22164145.4867283,27963222.7019624,38038947.9205124,NA
1986,"antarctic krill",2111,205.188055380913,634897.445488849,5863896.2734969,13067767.0681726,24214674.5915997,35998278.2049768,790355149.910104,NA
1986,"salps",2111,99622.0509399069,518773.677703558,880871.55583642,1163494.79544336,1776456.25400659,2235588.15820579,2995091.62524586,NA
1986,"mesopelagic fishes",2111,4136.79782156532,468361.636317002,1475147.64246369,2069446.57443639,2965328.18332738,3960451.08552253,10566990.4140608,NA
1986,"bathypelagic fishes",2111,292533.341433044,1104992.8379598,1994607.21479686,2765166.6989956,3693269.80335049,4920297.31932164,15810624.2377833,NA
1986,"shelf and coastal fishes",2111,2011916.41361023,3596062.59489924,4371956.46128722,5119363.19598275,5727145.31831513,6384599.79230343,24097300.0002504,NA
1986,"flying birds",2111,3921.20254435306,5386.60811493197,5929.73124812497,5997.57917460731,6070.69649509602,6184.05052025733,6516.97034746935,NA
1986,"small divers",2111,10807.6418048278,21233.1133997603,34653.0148101599,36995.6580432307,39816.4151903879,41905.1101665541,44768.18964424,NA
1986,"squids",2111,69612.1172879142,113587.785954774,134377.21449208,155708.961900667,179710.895172111,313065.786042607,441743.271803568,NA
1986,"toothfishes",2111,972.978103154303,306619.751058382,907628.702846232,1226571.34216903,1507420.24084487,1901851.5707696,5070664.61470832,NA
1986,"leopard seals",2111,0.554733903880049,1994.09014235206,2807.70170079669,3448.0981245808,3891.30329518358,4670.32765050591,15571.3307608948,NA
1986,"medium divers",2111,1983.14470837331,175411.658227053,278803.094032648,409333.620101111,569702.53493785,795577.096157104,1196095.03560784,NA
1986,"large divers",2111,5.23727839827303,6682.19601219041,11228.6717794678,18186.1157046258,33414.1111766259,143570.372948224,1999088.97539526,NA
1986,"minke whales",2111,0.0011919915087236,2603.05545287148,3621.35545730396,6657.78370480921,16741.9729182679,1319242.79628795,105338523.137691,NA
1986,"orca",2111,2341.07248353564,2934.98978785528,5667.32051096294,7464.96163135404,8610.9590343018,12931.6849886087,78853.8419969944,NA
1986,"sperm whales",2111,128.761125960934,157.245535704011,195.468218634984,800.491641844218,6736.15574169866,106736.177833043,10118394.3546265,NA
1986,"baleen whales",2111,1930.46887421077,6726.87729996911,166334.525216764,508691.972918837,1119738.30967226,9925939.1453293,89171369.2588966,NA
1987,"mesozooplankton",2111,1.09615368785723e-144,7083464.98730239,11554213.9294122,16582054.5527463,19672456.9196479,24105830.7377625,28629528.8524198,NA
1987,"other krill",2111,444.533294193075,1132918.6456142,5039231.80307305,11139839.3776671,30863325.2981049,79284874.4641654,129489329.294112,NA
1987,"other macrozooplankton",2111,1147319.9192453,7146507.23560935,14208347.9903022,17834111.1170097,21522651.3671758,26893707.8274545,37372023.0832464,NA
1987,"antarctic krill",2111,167.986811384941,615246.59593242,5808076.91841189,12986039.5734789,24339779.8695396,36101267.8052763,768516388.833625,NA
1987,"salps",2111,97011.0461361315,507536.368455588,866895.197317233,1147326.79166941,1771068.00704085,2228556.29551365,2990937.48390762,NA
1987,"mesopelagic fishes",2111,3875.53327764217,455880.901701374,1450254.50299305,2046354.16574505,2958864.33604456,3950479.09857498,10578155.6250889,NA
1987,"bathypelagic fishes",2111,285096.082808457,1095881.21981611,1979315.84078088,2758191.90778282,3691623.72377036,4925965.34196008,15960531.3479803,NA
1987,"shelf and coastal fishes",2111,2006082.86779313,3593304.28763151,4365633.13065169,5115196.82839823,5731724.16715202,6391452.57816343,24118045.8429657,NA
1987,"flying birds",2111,3918.15858598607,5373.94433252749,5926.72805232117,5995.0923467176,6069.71501391165,6181.31070161529,6516.70028249381,NA
1987,"small divers",2111,10731.3410907675,21114.7657138383,34547.4344505696,36914.6523836988,39792.5173342376,41895.6803944464,44769.8699986524,NA
1987,"squids",2111,69179.9085370329,113649.673378127,134360.987365803,155999.109813531,180002.938331068,312564.750607132,442045.026422806,NA
1987,"toothfishes",2111,949.727911019248,305998.347105959,910960.353649668,1228375.37202697,1508394.76672007,1901063.98583478,5084244.97979981,NA
1987,"leopard seals",2111,0.398811018695289,1999.86274904647,2816.43919645814,3452.90706166233,3897.01178060538,4670.42499113209,15463.5987909163,NA
1987,"medium divers",2111,1660.82094257072,176285.493884132,279514.580982915,409467.450388125,569253.002094072,795282.106344645,1193112.46763012,NA
1987,"large divers",2111,3.80134450492636,6731.21011093998,11253.0603023379,18197.5861191209,33291.9277546188,142646.12032818,1988381.13279768,NA
1987,"minke whales",2111,0.000512977395341745,2721.57776058792,3816.20322406936,6809.34424276323,16797.0823606469,1271843.46463352,104692087.346016,NA
1987,"orca",2111,2351.40125764484,2951.39093080107,5676.30799951778,7467.72502741218,8611.0428080854,12918.9861839226,78663.5469485672,NA
1987,"sperm whales",2111,133.081858028085,163.405817369002,203.022697081834,817.628614902295,6751.47577658294,106573.593033417,10100141.4217123,NA
1987,"baleen whales",2111,1947.99016592804,6968.48267400251,166368.087034542,508309.345882897,1118565.37521727,9913496.77026008,89057548.0306063,NA
1988,"mesozooplankton",2111,9.6418420904129e-147,8377695.76738829,12403349.8003847,17087399.4748387,20043525.7518786,24424071.1254513,29043486.948444,NA
1988,"other krill",2111,356.145214537457,1143375.68374303,5185888.5075576,11350162.6766835,31037824.5557564,80164126.0526131,130357789.037049,NA
1988,"other macrozooplankton",2111,1093466.09481419,7049483.45173574,14012919.9351457,17585678.915791,21341977.5658209,26725899.8808858,36508166.6385233,NA
1988,"antarctic krill",2111,139.337571872726,608054.511649683,5838556.04119238,12967227.6440289,24321498.2740799,36175262.1216891,754890768.03336,NA
1988,"salps",2111,96332.2404132698,507294.686321821,868162.00241733,1149951.90044047,1767658.39653768,2224129.60490235,2987016.48905773,NA
1988,"mesopelagic fishes",2111,3615.19836069158,446852.219523224,1429941.79116707,2027345.11551548,2927961.6399356,3922215.68175202,10520355.3612757,NA
1988,"bathypelagic fishes",2111,273530.53764592,1077244.0107984,1954737.43577194,2732058.27166933,3651106.82011522,4896956.72016142,15976491.6593121,NA
1988,"shelf and coastal fishes",2111,1990734.42629171,3578916.51687841,4352166.71541173,5104353.91644179,5725882.47391121,6386522.89946816,24129281.3158306,NA
1988,"flying birds",2111,3919.01668183332,5380.66254150745,5927.87005257972,5995.2795294186,6069.61132883541,6180.0074650159,6517.53157630595,NA
1988,"small divers",2111,10687.2763142698,21055.9062982884,34555.6614700278,36930.9395832785,39787.6762932493,41903.413782729,44771.5463910906,NA
1988,"squids",2111,69138.2682020401,113305.493545572,134046.465382317,155512.082063491,179410.349432408,313722.577864636,442084.92054211,NA
1988,"toothfishes",2111,930.691200792426,306074.004075386,911919.91172805,1231465.91971753,1509192.66794158,1900614.68686334,5097777.59286897,NA
1988,"leopard seals",2111,0.275529086601504,2005.00351949416,2820.39420808782,3457.2046162535,3903.64314900759,4670.0538587631,15355.9273024481,NA
1988,"medium divers",2111,1352.6943408845,177183.136590754,280004.971185551,409470.203361374,568863.923837838,794830.619926846,1190082.576726,NA
1988,"large divers",2111,2.65409167285025,6765.51047675382,11285.3499178317,18200.6385327871,33217.3710011677,141595.668575821,1977721.75801826,NA
1988,"minke whales",2111,0.000195134308160387,2773.89243534305,3858.81097930758,6835.57671459337,16600.1398597636,1187020.77306425,103786672.875397,NA
1988,"orca",2111,2363.12950274206,2967.63498846805,5685.65683369014,7471.88982743816,8612.26733763902,12908.2659894912,78474.044174546,NA
1988,"sperm whales",2111,136.096839136756,170.096728731645,211.153948490335,830.217614236499,6767.68150516708,106412.346317723,10081922.7662727,NA
1988,"baleen whales",2111,1965.65287425309,7209.35629271946,166411.651229514,507926.947645868,1117396.36852046,9901073.30255848,88943889.5597142,NA
1989,"mesozooplankton",2111,8.69528573437818e-149,8828418.53204367,12817861.5225782,17472711.3614846,20447347.0681486,24885361.137289,29580726.4586004,NA
1989,"other krill",2111,291.400607017122,1265162.28342892,5545008.15611356,11999793.1856223,31500383.3971289,80375590.2355641,129702636.531088,NA
1989,"other macrozooplankton",2111,1093044.30586662,7353927.54084147,14516985.224632,18434743.539389,22131050.9645453,27926087.1224016,37540485.0363218,NA
1989,"antarctic krill",2111,118.28840028612,603236.388072134,6010407.7475908,13258698.3808768,24627279.6064957,36422209.3670302,756607263.25198,NA
1989,"salps",2111,97146.5567982806,515958.507747874,880036.416069876,1164384.54257267,1767951.49862412,2228798.50232124,2987968.09336247,NA
1989,"mesopelagic fishes",2111,3429.5478777164,443011.389641415,1428198.75077544,2023395.60834499,2906684.0409007,3900132.19445167,10422193.8460234,NA
1989,"bathypelagic fishes",2111,264415.105913852,1066179.17332752,1943373.95366015,2719353.43858618,3622707.55820464,4872824.40126887,15893439.3608336,NA
1989,"shelf and coastal fishes",2111,1979696.22839947,3564748.20718298,4339177.19156141,5097231.5981468,5727246.43041014,6382501.43081731,24139897.8209165,NA
1989,"flying birds",2111,3919.45809950334,5388.5209480275,5928.33450342247,5995.8592065287,6069.42642026474,6178.36674418376,6517.99506967586,NA
1989,"small divers",2111,10657.8468090102,21014.2547244516,34591.0435032847,36972.4720895687,39804.0236577968,41902.1730723939,44773.7534996396,NA
1989,"squids",2111,69056.7046429737,112883.089346716,133714.872823951,154595.868766389,178743.122283186,313617.291831831,441804.082206289,NA
1989,"toothfishes",2111,914.389520932518,307014.977833496,914356.584072228,1232855.89544578,1510113.05625488,1901208.19487633,5111558.63454186,NA
1989,"leopard seals",2111,0.188696603253759,2009.91904403013,2829.58412633594,3463.85322056093,3909.12769681555,4668.98875499277,15248.710372135,NA
1989,"medium divers",2111,1097.58195922463,178075.175303171,280382.732484298,409662.703744116,568470.273168445,794365.234404484,1187060.44358336,NA
1989,"large divers",2111,1.83618749172094,6794.34291856387,11313.4000152491,18206.6829558516,33232.1838050448,140761.825847358,1967109.77145711,NA
1989,"minke whales",2111,7.37946439090144e-05,2974.30824921282,4177.39463292283,7138.25487681741,16744.1082865367,1180391.45880004,103440988.700056,NA
1989,"orca",2111,2375.07216185187,2984.04316062376,5695.1649887479,7476.19828489289,8613.66523116607,12897.9731288649,78285.1593262923,NA
1989,"sperm whales",2111,138.719636727888,176.59594261391,219.645758212536,849.051197933927,6783.96745779328,106251.467005685,10063737.0415718,NA
1989,"baleen whales",2111,1982.48795484805,7451.68349980155,166457.064114168,507545.031692406,1116229.35566897,9888666.14218888,88830379.8022147,NA
1990,"mesozooplankton",2111,8.07890467020265e-151,10028235.7798814,13723207.62474,18424144.6740501,21509403.4262744,25997736.7919639,30976099.1889044,NA
1990,"other krill",2111,253.613912789264,1463466.37757011,5880847.0537879,12477769.6537467,32042313.4001637,80004508.4070069,128574170.214278,NA
1990,"other macrozooplankton",2111,1182430.05568952,8154222.07873873,15751801.9484011,19882484.8084002,23840651.9663953,29897065.6197099,39818647.8976324,NA
1990,"antarctic krill",2111,104.301269254026,623571.770816645,6370739.66340108,13707548.4955677,25126301.7251367,36901183.6817639,786518594.40183,NA
1990,"salps",2111,100465.02165624,538718.890811451,906901.637480692,1192996.51178178,1789054.5126735,2249733.99323342,3002313.49087514,NA
1990,"mesopelagic fishes",2111,3414.19534973649,450855.705039466,1459192.83873552,2046672.33827304,2931557.0274932,3921616.13398514,10321176.3538862,NA
1990,"bathypelagic fishes",2111,264401.392222978,1077156.50706358,1972914.05805872,2750382.48578087,3629420.56080739,4878469.42664252,15757707.566525,NA
1990,"shelf and coastal fishes",2111,1985865.15334464,3563137.96552436,4336938.1638188,5098715.23926843,5730835.01774523,6392367.65716603,24156944.6878086,NA
1990,"flying birds",2111,3920.14234783963,5396.77931135368,5930.46004718829,5997.01007224038,6069.91697685337,6179.65464137523,6518.2668491869,NA
1990,"small divers",2111,10663.38300291,21003.8321909925,34669.1947738208,37043.8513021572,39827.2337019674,41888.639554475,44781.5405911006,NA
1990,"squids",2111,69302.463329857,112830.599369394,133632.138843197,154168.363321277,178268.925793538,313785.032289904,441608.562511887,NA
1990,"toothfishes",2111,902.592764560942,307997.715481101,917628.828666917,1233896.30065535,1512363.48369473,1905018.31836346,5125795.96099533,NA
1990,"leopard seals",2111,0.129689147366659,2016.62787323256,2837.57780312398,3463.92591203191,3916.86472198879,4669.91969931582,15142.6354446012,NA
1990,"medium divers",2111,897.230460163333,178795.604344043,280799.861129596,410008.057092732,568095.414954459,793832.961684611,1184063.68406333,NA
1990,"large divers",2111,1.27617523505568,6815.25826978719,11305.9884695606,18203.1819168409,33251.6401774732,139858.786259826,1956547.05201423,NA
1990,"minke whales",2111,2.79972923841044e-05,3137.57709351298,4452.70425524027,7397.93659724215,16904.117123899,1166245.53362478,103040641.121025,NA
1990,"orca",2111,2386.84715744306,3000.38815636314,5704.65963298912,7480.28672812234,8614.94732362581,12887.733213997,78096.8238078782,NA
1990,"sperm whales",2111,141.302292610791,182.981528708606,227.954457413795,867.908834580178,6801.43011241109,106090.921122005,10045584.0788117,NA
1990,"baleen whales",2111,1998.71509351681,7695.50074609328,166504.460480121,507163.720258505,1115064.35418272,9876275.33108197,88717019.9457455,NA
1991,"mesozooplankton",2111,6.73570142028134e-153,7813545.25541684,12228659.9297468,17013614.5080031,19963637.4958777,24140563.6403745,28755477.258495,NA
1991,"other krill",2111,203.47789257372,1355356.40592758,5434496.88034147,11589788.2546767,30407929.8234437,76523397.7043292,125517195.599133,NA
1991,"other macrozooplankton",2111,1212596.33796846,8123386.3111033,15306658.4322151,18802872.3734455,22841762.215459,27881041.3995997,38108703.2867849,NA
1991,"antarctic krill",2111,89.1795784685726,623354.230829055,6441730.34577748,13784493.4487517,25156082.035784,36934627.7611574,810221412.969029,NA
1991,"salps",2111,101758.225178163,539036.209523071,908729.845976831,1192629.55794543,1795225.86100691,2254804.55438348,3012394.84488018,NA
1991,"mesopelagic fishes",2111,3422.9583999144,455770.402425691,1485135.92072996,2074199.62477053,2968709.76889496,3962889.95245832,10242813.6650256,NA
1991,"bathypelagic fishes",2111,268328.067194004,1097445.96813895,2007591.42301293,2790080.76655223,3665124.56613653,4906303.83774323,15609129.6290981,NA
1991,"shelf and coastal fishes",2111,1991079.66633468,3566431.51929171,4343058.24155081,5106790.53480234,5742376.71265385,6395073.18997565,24184106.6531507,NA
1991,"flying birds",2111,3918.99028075651,5396.67129842251,5929.46439726512,5996.31136681803,6069.06679268364,6178.32820342145,6518.5518814476,NA
1991,"small divers",2111,10647.3780051995,20985.0132445439,34711.931731627,37067.9968788814,39838.5670697249,41886.325219285,44783.9713348563,NA
1991,"squids",2111,69482.1429360766,113136.135445806,133639.014899999,154184.659495084,178038.84302297,313294.870586278,442798.794957047,NA
1991,"toothfishes",2111,888.626570882262,308946.108312764,922569.528797448,1235344.76031225,1512284.37017022,1905441.20629522,5140492.0300631,NA
1991,"leopard seals",2111,0.0892374481170515,2021.47154084547,2842.08965057231,3466.05662741654,3919.07007414379,4672.52672591589,15093.3712766449,NA
1991,"medium divers",2111,735.197298972585,179626.035297941,281246.025124708,410261.48409178,567733.622495073,793652.827649946,1181089.18482301,NA
1991,"large divers",2111,0.886064573436177,6844.7016064514,11355.3249269111,18213.9472823651,33193.6744481705,138948.300558872,1946031.60824273,NA
1991,"minke whales",2111,1.06327849620834e-05,3298.79040944095,4707.24093100686,7624.47488445872,17105.0195252835,1150381.78157417,102627881.308637,NA
1991,"orca",2111,2398.47612035806,3016.67213194735,5714.13095712864,7484.2209371026,8616.14967155407,12877.340461071,77909.0151137813,NA
1991,"sperm whales",2111,143.821389399934,189.616217368533,237.107889576327,888.034268815246,6818.9893168384,105930.498101996,10027463.7446198,NA
1991,"baleen whales",2111,2013.22257983635,7939.65041193649,166547.700662024,506782.923580125,1113900.02944503,9863899.16594647,88603797.9950855,NA
1992,"mesozooplankton",2111,5.620529249529e-155,9144703.35437381,12904199.9833197,17601699.8368337,20539874.2727751,24956298.0160945,29654822.916554,NA
1992,"other krill",2111,154.622775872697,1364170.88165359,5311782.60039883,11350974.1061842,30257666.6191288,75715910.1311875,124631520.747542,NA
1992,"other macrozooplankton",2111,1217597.29213491,7846595.48185322,14668267.884116,18139521.325293,22146818.2956767,27623719.0916986,37426419.8109435,NA
1992,"antarctic krill",2111,75.1779963463091,616721.793463563,6445815.65068765,13662935.9885413,24935552.4990541,36658770.2736314,824662730.094936,NA
1992,"salps",2111,103086.393455477,539177.878492232,908923.536432349,1191872.43359502,1792697.36688601,2252493.25667803,3059416.76670605,NA
1992,"mesopelagic fishes",2111,3364.49298830222,456871.079472305,1493562.73558508,2084104.77644988,2980911.43079082,3975825.92795093,10190361.3902594,NA
1992,"bathypelagic fishes",2111,270569.484863982,1103848.35272451,2008415.21757579,2770494.9628611,3661901.58340299,4895919.90002793,15471696.5522868,NA
1992,"shelf and coastal fishes",2111,1987859.11239484,3570956.61730982,4350606.79091905,5112875.45564034,5755286.4962056,6399869.14845259,24557661.9241922,NA
1992,"flying birds",2111,3918.6535633054,5397.29120217351,5929.4978991323,5996.03868250957,6068.75678116789,6179.72455906679,6519.32712579911,NA
1992,"small divers",2111,10635.0525886109,20985.0223606779,34759.1710900722,37068.4454642009,39834.6533562531,41880.2841624323,44783.0806442308,NA
1992,"squids",2111,69798.7332321106,113182.768984504,133643.499944087,154117.206488093,177851.673027057,312385.672058954,445651.842507757,NA
1992,"toothfishes",2111,872.853329194801,310025.839350898,924771.086010243,1234838.51876434,1514182.26130953,1911232.47108781,5155656.84647515,NA
1992,"leopard seals",2111,0.0606202287922422,2029.74429459287,2845.02463125799,3470.64999920382,3921.2832612548,4674.19736398332,15454.3109438434,NA
1992,"medium divers",2111,597.493173813884,180439.024060525,281649.419077876,410339.572893035,567355.858858935,792394.648270688,1178112.32189077,NA
1992,"large divers",2111,0.60639391366146,6870.86413913586,11384.9334943723,18211.0957005377,33098.7115462537,138039.802174305,1935563.80084292,NA
1992,"minke whales",2111,3.86892435799844e-06,3408.17704272433,4882.22891493736,7795.85324500186,17313.6980100098,1122773.62607903,102125936.523037,NA
1992,"orca",2111,2410.46216592341,3033.15565564473,5723.62043698384,7488.55111660668,8617.68691058361,12867.4057642243,77721.7641594194,NA
1992,"sperm whales",2111,146.371581061383,196.489848131454,245.837932496642,905.912266517713,6836.65974076214,105770.673252306,10009376.5388619,NA
1992,"baleen whales",2111,2026.85997687927,8183.94600672682,166592.099958863,506402.546918829,1112737.5057213,9851539.16475805,88490723.6646179,NA
1993,"mesozooplankton",2111,4.85150746275757e-157,10014723.7459009,13592187.3024501,18061250.4802624,20977401.9973246,25249740.4003087,30039172.9978502,NA
1993,"other krill",2111,124.470204328684,1542532.93043118,5745807.22355415,12044536.8410542,30759334.636327,75906551.9549441,122737661.019886,NA
1993,"other macrozooplankton",2111,1297562.94968296,8112499.85013518,15397625.2452597,19376419.556311,23187140.8893525,28968394.1174417,38317404.4375554,NA
1993,"antarctic krill",2111,65.5193763192534,628830.315890305,6660435.1708139,13790912.6794516,25011372.4738483,36538392.4712183,909797176.125964,NA
1993,"salps",2111,107382.385417911,553259.621085105,928633.863508448,1213229.4608473,1800504.54945637,2259452.26080095,3091266.92592777,NA
1993,"mesopelagic fishes",2111,3390.61072714613,466598.024007507,1520740.8220558,2107821.93287746,2993494.24066153,3977147.02543118,10159424.0124436,NA
1993,"bathypelagic fishes",2111,273128.173525365,1124496.25666383,2031110.02374488,2795483.74698468,3676895.38022084,4895175.19049081,15355294.2905198,NA
1993,"shelf and coastal fishes",2111,1979520.67246676,3572526.14145007,4357384.03386122,5119823.19545982,5757425.85904245,6401966.00725865,24979305.2521352,NA
1993,"flying birds",2111,3921.2648054778,5409.44064851539,5934.09231081794,5998.35060457303,6069.65141028422,6181.16818377953,6520.95346776529,NA
1993,"small divers",2111,10673.5328392707,21077.5952924448,34874.210657994,37143.8748000659,39842.9531725537,41881.8120664518,44782.9659490678,NA
1993,"squids",2111,70611.2661623556,113403.012931187,133494.97407665,153789.387128155,177325.966267432,311867.251502003,447024.949630507,NA
1993,"toothfishes",2111,862.215738675651,311591.492147282,926849.4698315,1236307.48328591,1517441.43243548,1911365.55173259,5171320.63531499,NA
1993,"leopard seals",2111,0.0398412139053956,2035.81711170548,2849.45909721098,3473.04176995839,3928.29239444686,4671.02571529502,15839.4524968241,NA
1993,"medium divers",2111,475.085217392629,181380.735411501,281914.552011341,410437.229984312,566921.881750511,790749.2866755,1175098.75244578,NA
1993,"large divers",2111,0.401365856917865,6933.75229243668,11421.4574452989,18232.3171502446,33023.6674615147,137123.675974303,1925143.526585,NA
1993,"minke whales",2111,1.26228099989497e-06,3331.93603285958,4730.45473670876,7752.63867309038,16824.4459969823,1062767.22821861,101150931.172562,NA
1993,"orca",2111,2423.53632488233,3050.19925749233,5733.19100884409,7494.00321375426,8620.12487668059,12858.7098325518,77535.1199942706,NA
1993,"sperm whales",2111,149.080961040244,203.524681382992,255.837980779439,925.72522332564,6854.57939375126,105612.187755311,9991323.07318981,NA
1993,"baleen whales",2111,2040.70401761803,8428.15364276535,166645.593237125,506022.43708425,1111578.19533712,9839197.19924775,88377811.8174114,NA
1994,"mesozooplankton",2111,4.26188864689075e-159,10649606.2041494,14121183.8928271,18579152.6196299,21560348.667705,25855146.364487,30813822.5015365,NA
1994,"other krill",2111,104.256274002632,1731009.07364902,5960880.33860219,12252375.3626243,30804082.4991971,74197422.721496,120603395.201944,NA
1994,"other macrozooplankton",2111,1443045.28291739,8676394.17913752,16310907.4333492,20224106.3727192,24299581.4557944,30098517.8163189,39742554.2930392,NA
1994,"antarctic krill",2111,58.4565998635889,653960.896005062,6961592.8285058,14116717.3181592,25234094.1316137,36674025.2047083,1011493195.00852,NA
1994,"salps",2111,112799.990277349,567372.517055556,950059.31066026,1229052.6373416,1814665.89695786,2272064.47253072,3114487.14895701,NA
1994,"mesopelagic fishes",2111,3536.08742855799,480229.766455674,1560971.5283605,2142332.92561545,3025917.08138017,3993488.23850519,10155594.0879276,NA
1994,"bathypelagic fishes",2111,281479.768494434,1157856.00241969,2072173.89158605,2838735.21741563,3706996.46129955,4926108.22684108,15283853.7481114,NA
1994,"shelf and coastal fishes",2111,1978701.57227519,3585005.26702952,4372956.06232005,5132964.68055863,5776005.27544418,6426964.50618402,25362535.607889,NA
1994,"flying birds",2111,3921.73390817384,5413.54824271292,5935.73259749419,5998.82284095036,6069.54240685744,6181.03937705776,6521.9427122142,NA
1994,"small divers",2111,10714.3065866931,21170.8177287343,34946.8676503748,37210.2172158169,39837.9678656427,41887.5207745688,44786.6669788953,NA
1994,"squids",2111,71402.6649622563,113898.221719643,133750.256345291,153949.812569179,177182.271009012,312788.244267792,447698.967815416,NA
1994,"toothfishes",2111,852.766674777371,312997.756648926,929931.405030825,1238391.26939047,1517951.94666044,1912183.55937578,5187956.5624712,NA
1994,"leopard seals",2111,0.0266913976575916,2042.02293474752,2853.49097841869,3477.83999471879,3928.06705445295,4671.72731652363,16238.0442602348,NA
1994,"medium divers",2111,384.247312088767,182720.723012324,282270.463055154,410564.431886401,566301.395929546,788919.153236899,1172129.34074309,NA
1994,"large divers",2111,0.270346412759345,6982.7432024937,11438.2657658118,18248.8327058246,32957.1531432628,136222.818260457,1914769.42835183,NA
1994,"minke whales",2111,4.43190914345872e-07,3512.45194826611,5039.78025255405,8004.63939644163,17141.4558769088,1058371.43703068,100813932.096023,NA
1994,"orca",2111,2436.0314097163,3066.91625762144,5742.684273685,7498.84132025423,8622.10201459692,12849.2796448766,77348.933920818,NA
1994,"sperm whales",2111,151.702433875952,210.311697968181,265.373136013768,945.362340159911,6872.39871272374,105453.629174469,9973301.62705876,NA
1994,"baleen whales",2111,2053.40101551269,8672.75227724803,166695.021626429,505643.017618075,1110419.52319306,9826869.75203304,88265037.3253853,NA
1995,"mesozooplankton",2111,3.59937806304205e-161,9366746.30089867,13288480.5642708,17897921.7326141,20874381.9925324,25150990.4700891,29980952.7013975,NA
1995,"other krill",2111,82.5547926615651,1704659.42966483,5579885.91630536,11605317.1672844,30086025.1527022,72640275.4214924,119408601.342132,NA
1995,"other macrozooplankton",2111,1529165.83615404,8590132.44227116,16019220.2712807,19556260.5291195,23756107.8162084,29202748.2202648,39418190.29783,NA
1995,"antarctic krill",2111,50.8421175852817,661709.299543939,7068831.99191862,14107931.9511634,25231361.2492628,36513096.1374317,1030218688.12224,NA
1995,"salps",2111,115504.028018665,564153.114016573,947823.225875599,1221976.21389478,1820508.07017587,2276442.26831424,3127583.74076608,NA
1995,"mesopelagic fishes",2111,3658.31265956613,487927.275956802,1587024.5016836,2167693.68062311,3062865.05385925,4028718.28922225,10209562.0711264,NA
1995,"bathypelagic fishes",2111,292946.724076935,1182960.78587708,2103475.05071209,2873867.26197351,3755175.49172862,4976546.0750302,15245794.0727524,NA
1995,"shelf and coastal fishes",2111,2003995.31387557,3612870.91298289,4401684.90603274,5155352.08028038,5802252.10349693,6447574.88684997,25711550.4544576,NA
1995,"flying birds",2111,3919.91236204219,5409.81107197666,5933.7891484098,5998.45770297872,6069.41128135218,6180.14376150144,6522.37793882495,NA
1995,"small divers",2111,10724.2634489933,21206.6034021865,34932.4769406135,37171.3844489858,39835.5592117141,41885.2226392522,44790.6217073941,NA
1995,"squids",2111,72035.5226104736,114868.940983456,134491.548159509,154804.548542096,177740.833484477,315546.320958044,447755.813597067,NA
1995,"toothfishes",2111,839.627909412467,314153.401240735,932963.311012038,1239379.9285934,1518993.12455375,1913783.04336063,5205616.31553728,NA
1995,"leopard seals",2111,0.0183693688774595,2047.26313641423,2858.70908310501,3485.08737726169,3926.6031091725,4674.11212966671,16639.0753932634,NA
1995,"medium divers",2111,317.251284562244,183260.637467116,282750.390638007,410936.192192129,565577.948538114,788084.282052886,1169215.26586673,NA
1995,"large divers",2111,0.186527038946589,7008.16586041735,11451.696202169,18258.6056470813,32892.6261239519,135341.041674489,1904441.09908548,NA
1995,"minke whales",2111,1.65068683906477e-07,3483.85725481889,4957.97426608342,7982.54551096751,16838.3222367011,1034535.86162693,99984025.2507837,NA
1995,"orca",2111,2447.63907815352,3083.13218156495,5752.04376807503,7502.74319094686,8623.34633533414,12838.8049750584,77163.1601845444,NA
1995,"sperm whales",2111,154.190862174086,217.559017824587,275.633031003063,964.633032871141,6889.24064605788,105294.654699879,9955311.87154203,NA
1995,"baleen whales",2111,2064.54172200555,8917.46184838591,166736.650384673,505264.297107588,1109260.74981139,9814555.91031305,88152393.1338203,NA
1996,"mesozooplankton",2111,2.91107076652042e-163,9382510.13873739,13073320.3435026,17673617.987245,20593592.1365764,24844819.0376082,29672756.0257563,NA
1996,"other krill",2111,61.7671658023296,1679601.18755733,5350770.65518564,11248198.4802217,29698042.3959091,72215995.8392905,118610766.906153,NA
1996,"other macrozooplankton",2111,1586536.13869288,8531478.80384698,15493645.1798163,18905255.948545,23017729.1989234,28389786.7062164,38242071.3902064,NA
1996,"antarctic krill",2111,43.6500348062786,672629.541234192,7064668.7938619,13966449.3081598,24993815.9555653,36294998.7365651,990918696.267691,NA
1996,"salps",2111,117995.665791554,561517.093704506,945460.118100484,1215668.3867591,1820802.71091984,2269985.01715702,3126898.38697681,NA
1996,"mesopelagic fishes",2111,3742.14829315615,500405.312982749,1613234.06540486,2180309.6118044,3081117.40089148,4043944.35805481,10366683.6539876,NA
1996,"bathypelagic fishes",2111,302272.487206079,1211558.42920948,2130953.87031429,2905586.24392502,3789206.53637801,5009429.88226349,15197471.4904388,NA
1996,"shelf and coastal fishes",2111,2006060.89687954,3631910.8737516,4434103.9127868,5183681.98696403,5824090.65761438,6468340.00428557,26012360.2480975,NA
1996,"flying birds",2111,3921.65429636315,5415.86310932766,5937.36487156471,5999.63633617565,6070.36404008238,6180.63400161987,6523.85739044603,NA
1996,"small divers",2111,10776.9518759454,21307.9837777119,34988.0384108404,37213.4051467168,39844.1644215498,41884.4084669447,44795.4769760813,NA
1996,"squids",2111,72952.7004217668,115869.285614566,135326.604274754,155531.242450249,178203.443227775,317534.241182423,446528.121673231,NA
1996,"toothfishes",2111,829.166587276103,315492.579122662,937018.480520776,1240670.71332259,1523011.92814154,1917698.40825217,5223916.57205957,NA
1996,"leopard seals",2111,0.0122643328282912,2050.63184438674,2864.48536641098,3489.9053284218,3928.18405236995,4674.5291127847,17062.8826794803,NA
1996,"medium divers",2111,256.376591411708,184076.596062394,283101.946390198,411125.10973211,564790.839944636,787521.080915623,1166267.7156766,NA
1996,"large divers",2111,0.124693638037326,7023.77791567033,11447.864142352,18281.2471760348,32826.5512045269,134470.907245145,1894159.46181616,NA
1996,"minke whales",2111,5.62264425144785e-08,3518.42723995503,4999.89464432794,8060.01117985367,16843.9551382964,985937.885810493,99314259.1184961,NA
1996,"orca",2111,2460.23823535575,3099.8379942218,5761.36512166221,7507.66520996475,8625.3684890509,12829.4830954563,76977.9705796849,NA
1996,"sperm whales",2111,156.850037746849,224.470726775179,286.498125790178,983.647699263248,6904.17512555939,105136.985882488,9937355.72267903,NA
1996,"baleen whales",2111,2075.62862965426,9161.81721543023,166786.396724,504885.874822919,1108105.0387949,9802259.94206148,88039908.1233462,NA
1997,"mesozooplankton",2111,2.43510891829563e-165,10284723.3585491,13751905.159597,18185636.9959514,21157032.5639307,25474555.1588639,30305389.9889141,NA
1997,"other krill",2111,44.5541971270622,1788282.3620503,5497265.81553915,11536411.718552,29979846.7232119,72965860.5948184,118794939.062794,NA
1997,"other macrozooplankton",2111,1626713.03233957,8420460.29297328,15519774.5634904,19261483.6046664,23228056.7741284,28911547.3053768,38557832.8547589,NA
1997,"antarctic krill",2111,37.4083468014943,685682.337047084,7080705.38305512,13921252.0797799,24852878.3151134,36053300.0042966,917576680.263198,NA
1997,"salps",2111,120393.274618101,563743.859905828,941811.194439178,1212180.91919877,1815449.33530223,2262366.84544377,3115224.34972583,NA
1997,"mesopelagic fishes",2111,3738.98816142221,504263.14147101,1613567.1753016,2175801.41779518,3077620.5081181,4038799.23344227,10374087.3912181,NA
1997,"bathypelagic fishes",2111,307089.461314998,1219231.57162904,2129076.79608569,2915179.63652077,3788328.78697344,5014951.85254161,15132838.4984727,NA
1997,"shelf and coastal fishes",2111,2004972.39510789,3648199.01612602,4460590.5546475,5204161.07038533,5842052.66076203,6488761.27541365,26272649.1098996,NA
1997,"flying birds",2111,3921.37995845882,5416.67155665935,5937.15045929451,5999.46807420692,6070.52195103,6180.39022204565,6524.87062029771,NA
1997,"small divers",2111,10798.85101713,21358.536372656,34989.9342603823,37201.8137104229,39846.7409354934,41876.2945074755,44795.6331795329,NA
1997,"squids",2111,73007.7214909532,116955.081517765,135939.665283235,156229.697661819,178721.310259918,317911.460191062,444513.138342062,NA
1997,"toothfishes",2111,814.061212201666,317343.469771795,942177.652613517,1243173.17659421,1526365.06221109,1919586.20760897,5242917.06268692,NA
1997,"leopard seals",2111,0.00822451595279547,2054.31134350398,2874.29458067263,3492.31309287499,3928.91209161765,4678.11107623005,17483.7989166941,NA
1997,"medium divers",2111,207.622401069246,184801.338095963,283476.729634105,411063.19134539,563920.647854613,786464.439917305,1163339.15351243,NA
1997,"large divers",2111,0.0833798349596647,7035.04359937619,11499.0563772096,18281.8716281548,32787.034147331,133724.175926568,1883921.14311354,NA
1997,"minke whales",2111,1.9150078556628e-08,3316.30846425681,4686.46053437028,7752.81520078953,16555.2588060088,876943.629913309,98105590.4802522,NA
1997,"orca",2111,2472.68383400102,3116.41347905119,5770.65441262072,7512.38753206527,8627.22303293934,12819.9471273659,76793.2580445237,NA
1997,"sperm whales",2111,159.46770215912,232.339132721715,297.675222806509,1001.00078886886,6918.87181144857,104979.322441182,9919431.67294635,NA
1997,"baleen whales",2111,2085.57620544648,9406.7233461945,166831.450363151,504507.953625032,1106949.80695858,9789978.35483117,87927557.8344115,NA
1998,"mesozooplankton",2111,2.06675073202146e-167,9580148.80716063,13218507.2883046,17708195.8070539,20613594.1981553,24852071.2736629,29688134.0528701,NA
1998,"other krill",2111,31.3661533989943,1798880.25675098,5519301.12619387,11577551.1151709,29974710.3991352,72289926.0255535,117952671.744018,NA
1998,"other macrozooplankton",2111,1710050.16181498,8458157.05185207,15700876.1642073,19330311.1637155,23324733.7307638,28685038.9678756,38409929.5490801,NA
1998,"antarctic krill",2111,32.4468311120528,711098.307462153,7149156.66746564,13933773.8198735,24799101.6988905,35893148.4797505,848460970.928254,NA
1998,"salps",2111,122991.722346312,565456.260498505,942668.29550551,1212310.6677239,1813703.58478511,2261653.85239755,3098780.08287798,NA
1998,"mesopelagic fishes",2111,3810.40587386443,513593.331992471,1624068.98317903,2183203.09930088,3076790.13789071,4033192.8193376,10408994.1762832,NA
1998,"bathypelagic fishes",2111,312713.83557793,1229344.57537419,2132024.30109019,2916531.58543088,3781486.71358206,5027766.559928,15035320.4073485,NA
1998,"shelf and coastal fishes",2111,1996194.5594157,3667139.30548055,4486752.29184831,5220902.10878574,5858576.13543441,6500091.84108434,26487188.6198593,NA
1998,"flying birds",2111,3923.10606176918,5423.63184153016,5939.59575021589,6001.31665884697,6071.23291925465,6180.86584455541,6526.10099703472,NA
1998,"small divers",2111,10857.7894164697,21461.0962687776,35042.0621456221,37238.2792645093,39865.1115135228,41880.4399310122,44797.6905882923,NA
1998,"squids",2111,73077.2296609753,117881.062271187,136582.518665581,156730.912583973,178822.067061707,319416.839555101,441534.485811715,NA
1998,"toothfishes",2111,802.996018154426,319410.772800934,947039.053332612,1247107.95258837,1528579.86469679,1921813.59894618,5262250.24221461,NA
1998,"leopard seals",2111,0.00543907412711388,2062.67755574559,2881.8722321098,3494.95897634423,3928.05898954094,4677.14170074886,17929.5509426036,NA
1998,"medium divers",2111,166.623729579272,185123.41945614,283789.633197996,411185.584835375,563263.984240799,785683.754969515,1160398.96675533,NA
1998,"large divers",2111,0.0549063200220768,7055.40355257822,11525.0409738694,18284.2564582068,32695.5789059715,132756.362272204,1873728.01678623,NA
1998,"minke whales",2111,6.36901895781527e-09,3489.68576376509,4912.02907799415,7963.47122161275,16674.6448853266,858400.866593235,97676574.6369801,NA
1998,"orca",2111,2485.63219038747,3133.18835957678,5779.92495617219,7517.56086400816,8629.15756045881,12810.9258552396,76609.0815714267,NA
1998,"sperm whales",2111,162.182090924186,240.430417744526,309.104164086379,1018.84128983419,6934.04553599246,104822.460658241,9901540.47309923,NA
1998,"baleen whales",2111,2095.4386963058,9651.55036141469,166881.74545264,504130.435619301,1105797.036584,9777713.78608494,87815361.3261392,NA
1999,"mesozooplankton",2111,1.76950983503596e-169,10487436.6952455,13891954.8296438,18280417.7473173,21236620.0911377,25530159.5491767,30399927.881766,NA
1999,"other krill",2111,22.3145328967996,1870250.87873948,5581443.20659525,11670630.6893572,30027087.7110393,72157286.7888692,118018138.518357,NA
1999,"other macrozooplankton",2111,1768908.35020258,8492242.76558366,15722559.0138771,19287382.2482079,23378941.6151069,28920844.413823,38661501.7235296,NA
1999,"antarctic krill",2111,28.103587976787,737928.878259793,7197730.57942311,13913566.3076693,24752259.4801052,35778174.2956981,805506089.4757,NA
1999,"salps",2111,125572.127657615,564238.596245786,939970.083342978,1211505.25712402,1806914.32326184,2255559.6287742,3078345.4903234,NA
1999,"mesopelagic fishes",2111,3821.97596002599,516760.853163832,1615487.12851355,2170651.27645922,3064700.48172551,4024069.16373181,10328757.1150831,NA
1999,"bathypelagic fishes",2111,317314.861534386,1227741.5833748,2119224.26630684,2903734.37151433,3766263.79770209,5015689.6484973,14911918.5037576,NA
1999,"shelf and coastal fishes",2111,1997142.7201563,3686016.80692818,4502080.76036996,5234255.48431223,5874001.21014914,6508155.164402,26662764.7969636,NA
1999,"flying birds",2111,3922.10550159008,5422.40873287091,5938.05383565362,6000.52522021904,6070.31803820626,6180.14563150611,6526.58539163513,NA
1999,"small divers",2111,10878.0864962165,21499.6948575609,35028.4425141394,37218.6421512392,39864.493919198,41866.1584098509,44796.1481308699,NA
1999,"squids",2111,72778.9064347767,118711.942259832,137137.860355204,157059.553371705,179190.264932329,319883.192516928,438355.557032337,NA
1999,"toothfishes",2111,787.817997478222,321179.650666895,949927.295139398,1248653.02310459,1530697.6290635,1923811.18303253,5282050.17351703,NA
1999,"leopard seals",2111,0.0036548598284555,2068.17504972866,2887.34890890509,3498.69368304762,3928.59389594203,4681.47941187283,18370.2420165837,NA
1999,"medium divers",2111,135.223234989203,185422.025056521,284172.931852037,411172.509736655,562921.614006471,784854.850105104,1157494.82976064,NA
1999,"large divers",2111,0.036622386888345,7117.69607771379,11549.7292335517,18296.8805359992,32690.0813295491,131787.873199044,1863578.18851629,NA
1999,"minke whales",2111,2.18618199006919e-09,3391.20715467761,4778.78106367245,7834.39446819213,16352.4317511611,789016.698326973,96728860.2217174,NA
1999,"orca",2111,2498.07719461691,3149.63832041655,5789.159033806,7522.15382170943,8630.69958816003,12801.2786289691,76425.3569292812,NA
1999,"sperm whales",2111,164.804329527147,248.745907769859,320.734023321493,1038.51046440541,6948.64014964879,104665.248649942,9883680.89354406,NA
1999,"baleen whales",2111,2104.12042906739,9886.67595270799,166924.741490151,503753.503735677,1104644.29245773,9765462.96337704,87703294.7162279,NA
2000,"mesozooplankton",2111,1.53686112418516e-171,8778291.61288827,12814226.9353185,17404358.959753,20381953.0506001,24653147.0887421,29355283.0151393,NA
2000,"other krill",2111,15.4394019777022,1807354.04510109,5351554.34339116,11325868.9758634,29847259.6090924,72844937.1983408,118903649.031661,NA
2000,"other macrozooplankton",2111,1733044.35859099,8202011.55534297,15144755.1433533,18724694.5338738,22652683.9295224,27943586.5659971,38061184.3781608,NA
2000,"antarctic krill",2111,23.7298128848113,741679.137877272,7084508.3996938,13705874.8716939,24561513.3970092,35615887.3133886,792048728.102327,NA
2000,"salps",2111,124950.476202672,550936.797338311,918341.073078829,1188287.20037531,1795209.73164462,2241456.29602445,3056355.79426379,NA
2000,"mesopelagic fishes",2111,3724.50277075397,510526.381519975,1583599.2701923,2136072.88808362,3037926.51782006,4012811.24474197,10112937.3544286,NA
2000,"bathypelagic fishes",2111,319025.910933777,1213092.51008966,2089252.36066037,2869279.62170882,3749496.7955527,5002773.09988837,14952198.4038426,NA
2000,"shelf and coastal fishes",2111,2015622.40851056,3693413.35053912,4519758.57952236,5246922.04395047,5881965.42183166,6515806.25407171,26802760.4386798,NA
2000,"flying birds",2111,3918.88764124698,5413.16537166858,5934.84450119706,5998.48244731091,6069.38943339086,6178.14140464806,6526.30272495205,NA
2000,"small divers",2111,10849.9956554049,21457.2296639628,34935.8333229384,37126.1513653024,39832.2921667079,41836.3830080059,44792.8467774801,NA
2000,"squids",2111,72496.7548830415,119341.751201614,137473.133976168,157793.660734415,179567.568243355,320616.121729227,438068.590756504,NA
2000,"toothfishes",2111,766.578820797002,322355.677694027,953608.810657583,1250738.97855314,1531913.32284937,1925201.51842884,5301924.15617341,NA
2000,"leopard seals",2111,0.00251688616771242,2073.94107383153,2892.51106927921,3504.43557208912,3934.26403688796,4686.07830362474,18803.2229585711,NA
2000,"medium divers",2111,111.578466519755,185597.489054445,284662.132945062,411164.977793193,562896.090669802,784136.413976325,1154638.81915351,NA
2000,"large divers",2111,0.0249712715518769,7132.71504563804,11571.9256064654,18302.5838323587,32631.9266697613,130838.303654625,1853471.47165139,NA
2000,"minke whales",2111,8.16155508024856e-10,3578.74568562983,5046.90370478531,8049.38872898099,16508.414702033,774349.07865302,96335800.3847158,NA
2000,"orca",2111,2509.68634876485,3165.59011818969,5798.34645956589,7525.83644012611,8630.91303924157,12790.6830449222,76242.0449886372,NA
2000,"sperm whales",2111,167.2904217351,256.193581125549,331.879765569053,1061.33032645187,6962.37895279482,104507.386361601,9865852.60989341,NA
2000,"baleen whales",2111,2111.65945168043,10116.9900725195,166959.409457309,503377.202901235,1103491.33685458,9753225.60876081,87591356.3530238,NA
2001,"mesozooplankton",2111,1.38637255123616e-173,7140696.78590581,11467363.843927,16458481.0959331,19621000.2937317,24048290.7338892,28762606.1281848,NA
2001,"other krill",2111,10.0169298769856,1577106.20558017,4920052.50814852,10742991.5746306,30017699.7036269,75007378.4425379,122801883.973184,NA
2001,"other macrozooplankton",2111,1586895.2020123,7377599.51704675,14045376.989225,17426399.2811949,21250914.4131244,26443376.6440273,37066672.3821685,NA
2001,"antarctic krill",2111,19.2850765085567,700775.748504176,6751886.64108974,13393264.5712637,24338352.8228038,35373008.3959427,795998235.590854,NA
2001,"salps",2111,120292.348220448,526538.783895408,882106.941346412,1155084.72355742,1772544.14238304,2225997.43056963,3031754.45225727,NA
2001,"mesopelagic fishes",2111,3495.38542859294,494999.524848654,1532807.92189148,2086733.37922687,3005802.31005111,3986455.47189186,9850750.33187027,NA
2001,"bathypelagic fishes",2111,315223.038959202,1182644.4460311,2040458.48182252,2822167.24090653,3727113.24666264,4988687.40567593,14867960.6283294,NA
2001,"shelf and coastal fishes",2111,2048799.95898312,3698311.44061095,4527489.15109052,5258022.57117767,5886502.40459666,6514685.64074728,26904885.9284247,NA
2001,"flying birds",2111,3915.22582338279,5395.70015593149,5930.77923698071,5994.20457365738,6065.68566455719,6174.69820494425,6525.44358436258,NA
2001,"small divers",2111,10794.0044457843,21360.2645025473,34776.0070778536,36975.1572669802,39796.3759865275,41798.4583197054,44792.9199263716,NA
2001,"squids",2111,72620.1275314069,119682.151571244,137874.786563123,158094.139071027,180142.166009974,321442.20088148,438132.891047531,NA
2001,"toothfishes",2111,740.959987798274,322484.942422101,956905.519845922,1253147.1323615,1532355.43782304,1927274.33623851,5321254.46711625,NA
2001,"leopard seals",2111,0.00176622626961325,2079.6654849585,2900.97898131452,3508.67331583224,3936.21718921425,4692.47402166502,19237.6851105681,NA
2001,"medium divers",2111,93.1769520468753,185809.670212131,285232.25417598,411306.642333831,562533.898200286,783496.954064492,1151821.43703017,NA
2001,"large divers",2111,0.0173250780307732,7175.06018187703,11643.6977807285,18309.3164808391,32595.9261603341,129905.693438699,1843409.38558446,NA
2001,"minke whales",2111,3.1802778908701e-10,3673.30052661205,5174.59152596587,8214.16534602793,16597.3451660942,751126.477642005,95800692.0224124,NA
2001,"orca",2111,2520.59448033286,3181.114331859,5807.48688198944,7528.76019092719,8629.69730149282,12779.3537515018,76059.1471224281,NA
2001,"sperm whales",2111,169.68160053369,263.434955025385,343.920559697074,1080.07562037828,6975.44664610113,104349.086464945,9848055.83870198,NA
2001,"baleen whales",2111,2118.452646261,10359.7914223893,166989.675269985,503001.495205382,1102339.01989284,9741002.89942523,87479553.2986598,NA
2002,"mesozooplankton",2111,1.32357455093143e-175,9218580.72237631,12859750.0011202,17686430.2497783,20828616.773304,25427486.2760582,30358612.0554963,NA
2002,"other krill",2111,7.13981102088399,1553561.63008094,5280977.92486797,11472690.6142954,31357534.9693396,79243914.3931557,128138401.886639,NA
2002,"other macrozooplankton",2111,1488274.67366954,7187225.94767993,14358836.5796079,18339556.0519314,22053369.4260999,28053881.6154223,38169422.4391661,NA
2002,"antarctic krill",2111,15.9597153911686,686358.941942077,6678275.4090887,13342653.4847637,24412857.7946284,35752614.8873627,900500529.280916,NA
2002,"salps",2111,117766.236064226,520585.085523138,874238.903351805,1151238.78289466,1768094.87170296,2221498.53434297,3004041.84759752,NA
2002,"mesopelagic fishes",2111,3236.70429451425,481814.168298854,1489660.41235553,2044200.08521116,2964731.33208728,3946284.27500024,9753286.4624769,NA
2002,"bathypelagic fishes",2111,305830.037987582,1149869.74700313,1995437.05420139,2770904.70647744,3688350.44462642,4940122.57248375,14646910.2810918,NA
2002,"shelf and coastal fishes",2111,2058295.98860154,3694725.80466961,4524125.26105467,5253559.7143605,5884210.20002082,6507843.81573794,26959700.2557879,NA
2002,"flying birds",2111,3914.63381197086,5390.60961802471,5930.13636175272,5993.78246881595,6065.35730615714,6172.45111238194,6525.20373859719,NA
2002,"small divers",2111,10758.2906106717,21291.3667430997,34669.0853256611,36880.0886179795,39780.215814753,41786.007829422,44798.8875649333,NA
2002,"squids",2111,73123.5854120642,119295.186398423,137825.53233635,158206.769915059,180197.94061449,321563.819108512,438417.379608598,NA
2002,"toothfishes",2111,718.453505305311,322088.776927227,959613.943877622,1254762.38629609,1533145.20942999,1927603.70303002,5339810.513968,NA
2002,"leopard seals",2111,0.00121545495284026,2089.16793428878,2908.46968957631,3512.4136995304,3938.84587819771,4697.64258474151,19688.0559250254,NA
2002,"medium divers",2111,76.5399614855965,186088.551045,285716.610901215,411496.096296607,561915.106340348,782797.990888744,1148982.77106522,NA
2002,"large divers",2111,0.0117746307789481,7209.23793317951,11702.6117556926,18313.3145863433,32424.2890529215,128970.738440655,1833392.29818365,NA
2002,"minke whales",2111,1.16030866396801e-10,3721.31047350729,5247.72261542887,8269.56728925599,16512.8303817781,718086.940278889,95186906.9751836,NA
2002,"orca",2111,2532.04464134521,3196.88578379018,5816.61828663977,7532.25606084617,8629.24716747807,12768.7707591082,75876.8010395767,NA
2002,"sperm whales",2111,172.178118541633,271.040966032115,356.678438385732,1095.08577749189,6988.8826985426,104191.474652453,9830291.88941346,NA
2002,"baleen whales",2111,2125.11264839983,10604.2108982354,167025.728350243,502626.155938109,1101189.70592456,9728797.93804033,87367903.0825764,NA
2003,"mesozooplankton",2111,1.24264822531762e-177,5751495.73055674,10691711.0639883,15878470.2643534,18935777.3448157,23350001.0375925,27859425.220829,NA
2003,"other krill",2111,4.87078300212169,1337105.15110045,4861361.92896498,10904306.1044259,30823374.4711157,79171954.2476014,130471294.758194,NA
2003,"other macrozooplankton",2111,1319764.92087215,6814047.96971519,13814427.234883,17326234.9564505,20956715.5178642,26057847.876361,36607813.7989735,NA
2003,"antarctic krill",2111,12.7767243965816,647804.006021106,6400230.74193186,13071400.3238049,24384522.6275218,35966307.4947415,935928222.606393,NA
2003,"salps",2111,111558.090315451,501026.272083652,849029.840946199,1130719.53056121,1756046.25168637,2210110.03817677,2971305.48867355,NA
2003,"mesopelagic fishes",2111,2943.48749300226,461474.345710099,1441729.96073727,2004294.53835104,2925033.19743662,3927042.92463735,9648899.19753164,NA
2003,"bathypelagic fishes",2111,292778.71640631,1111523.20522877,1951319.2247715,2717444.74749119,3650229.58239945,4910098.91550978,14363360.6514954,NA
2003,"shelf and coastal fishes",2111,2048051.14798421,3683944.81702221,4508690.93137668,5239778.90817095,5872518.26220202,6498474.76997045,26977521.0966636,NA
2003,"flying birds",2111,3910.68761637644,5379.89394336596,5924.96081614715,5990.69858738501,6063.17560573118,6168.86454963805,6523.78220012877,NA
2003,"small divers",2111,10671.9911794467,21147.3899553769,34498.9716895451,36739.0720612006,39738.0682957659,41764.2231099153,44800.254372717,NA
2003,"squids",2111,72966.7997289427,118549.304885101,137335.518985143,157879.126735039,180181.722619438,321627.120635966,438638.944612617,NA
2003,"toothfishes",2111,694.513763164848,321190.430672744,961838.524012849,1256274.33557428,1536799.23586489,1927339.5941987,5357148.31263661,NA
2003,"leopard seals",2111,0.000852010541160164,2094.76355174922,2915.42153447474,3517.94919914255,3942.20343781907,4694.54289698098,20123.5521248014,NA
2003,"medium divers",2111,63.5016992968698,186490.820311691,286280.592380065,411993.4782363,561720.884410135,782360.188973656,1146180.88142067,NA
2003,"large divers",2111,0.00813559305474828,7215.68535607516,11742.959938378,18319.4861620832,32246.171618463,128052.486341857,1823417.95447232,NA
2003,"minke whales",2111,4.46178842602143e-11,3719.91386421063,5242.70571484493,8266.13348504569,16467.1727632666,683156.923653405,94482982.5517812,NA
2003,"orca",2111,2542.72596990209,3212.43611272885,5824.22601101429,7534.94869166132,8627.88880880291,12757.4285792276,75694.8728037262,NA
2003,"sperm whales",2111,174.543367382157,278.192182322707,369.659003303155,1112.73390425931,7001.42765194482,104033.211322803,9812559.15161293,NA
2003,"baleen whales",2111,2130.89075325863,10848.4429409621,167054.194717711,502251.340901772,1100040.25003358,9716606.52495095,87256381.376935,NA
2004,"mesozooplankton",2111,1.17541329072874e-179,9152612.65005458,12772277.9030914,17482684.4179092,20421294.6569609,24886437.067974,29801615.9865186,NA
2004,"other krill",2111,3.78248945985981,1431342.25409801,5290799.36542382,11548873.4385148,31423996.0173783,81216490.2403893,131869538.688648,NA
2004,"other macrozooplankton",2111,1284078.02966882,7057382.38179637,14055890.6957517,17745540.7528743,21507387.0484269,27244315.776079,36631946.6423179,NA
2004,"antarctic krill",2111,10.6827356451463,646881.701931533,6508417.82923313,13248622.5459124,24463440.1483763,36222660.5876372,954120042.071998,NA
2004,"salps",2111,110773.74503855,514123.755621404,864165.095878296,1146690.94852658,1757845.5404821,2210678.78819852,2948849.5670448,NA
2004,"mesopelagic fishes",2111,2743.62751401074,451316.554592489,1427209.52695332,2000859.56329927,2893415.18717536,3901675.02990023,9528615.27445373,NA
2004,"bathypelagic fishes",2111,278640.822770743,1084613.00575438,1924948.82701791,2688644.71095389,3599268.57163551,4867561.41903898,14053197.7610353,NA
2004,"shelf and coastal fishes",2111,2033617.50570899,3659262.38396877,4492024.38617121,5222944.1923815,5848224.17305514,6477623.30156326,26939756.3624114,NA
2004,"flying birds",2111,3914.76099506728,5388.8880307682,5930.22576494907,5993.34600299777,6064.76804651211,6172.1160561759,6524.4899139341,NA
2004,"small divers",2111,10678.7194243062,21174.5066705902,34566.1873624313,36845.4006655447,39772.3997797441,41750.9553038533,44804.3671187675,NA
2004,"squids",2111,72438.3771296316,117081.08131863,136149.199645312,156415.934161535,178887.573913641,320948.251872336,438556.197042333,NA
2004,"toothfishes",2111,666.109058375132,321418.525671969,962867.465057182,1256059.15097109,1534575.49826606,1921929.56052647,5367027.15000401,NA
2004,"leopard seals",2111,0.000555885787927454,2101.14933565197,2923.47460637747,3520.40054959188,3943.08589853629,4684.43106916288,20605.9722402592,NA
2004,"medium divers",2111,49.9960614362373,186914.540296063,286537.746624921,412026.478822468,561223.249381346,782301.380552882,1143276.2427856,NA
2004,"large divers",2111,0.00523641078352936,7217.42751073431,11739.2047436429,18311.7224891131,32027.0798617711,127108.285520198,1813490.02948221,NA
2004,"minke whales",2111,1.3945293950225e-11,3805.64483500021,5342.24788061861,8342.45269120779,16503.8571749267,679707.566253532,93919117.2041576,NA
2004,"orca",2111,2555.61769292361,3228.65053852344,5832.89138358572,7539.94534904532,8629.43437830169,12748.7300471102,75513.6738234372,NA
2004,"sperm whales",2111,177.295630454534,286.554333415806,382.006880588914,1133.45043240265,7015.77736091555,103877.239017193,9794860.91647497,NA
2004,"baleen whales",2111,2137.49670728227,11092.6730632706,167103.752835309,501876.553515906,1098897.01514389,9704436.99147068,87145039.6850051,NA
2005,"mesozooplankton",2111,1.17936918900918e-181,10045543.2253167,13762605.4215628,18397548.5739836,21427049.3418066,25883390.1215453,30875329.7079682,NA
2005,"other krill",2111,3.42967159692863,1661871.41828981,5918744.12624548,12521193.2331506,32252415.2241993,81118399.0199579,129895642.102173,NA
2005,"other macrozooplankton",2111,1362420.7203582,7923222.56352415,15558816.5995,19921110.04903,23732353.4095038,29691994.7750211,39508278.4962867,NA
2005,"antarctic krill",2111,9.3428411487005,672849.673355395,6814668.86058931,13627177.3510542,24978400.6392032,36888040.7232439,947353699.066247,NA
2005,"salps",2111,113045.31009564,543392.524874723,892761.17992803,1179351.46242265,1775801.16208566,2227210.38665901,2961722.63579275,NA
2005,"mesopelagic fishes",2111,2683.35662513897,457074.485638882,1450601.98909074,2031568.54761821,2893616.70712722,3915933.23746003,9454779.68498182,NA
2005,"bathypelagic fishes",2111,273799.809038631,1078593.90657153,1944644.97461693,2701141.53590002,3585182.47399372,4865314.09641785,14079501.7296019,NA
2005,"shelf and coastal fishes",2111,2031919.0510468,3640539.35870702,4474847.40225173,5202305.09770486,5830890.02337215,6465105.67922672,26887862.4018815,NA
2005,"flying birds",2111,3915.48997329664,5395.00089221306,5930.92101304998,5994.55775577617,6064.86261821413,6173.27898599611,6524.03163819988,NA
2005,"small divers",2111,10689.6043791274,21188.6272285388,34629.044875911,36928.5546009337,39795.9202749171,41768.7388962998,44810.2910514497,NA
2005,"squids",2111,71703.6821868963,116073.350184989,135305.048506645,155372.225668094,177910.167073646,320331.671118411,438262.737092459,NA
2005,"toothfishes",2111,647.328891688408,321530.183214095,962615.694433853,1254283.86284354,1534671.04585721,1921494.51425549,5377959.42483718,NA
2005,"leopard seals",2111,0.000370957088284993,2110.04994177483,2927.95803707597,3525.10072443723,3941.2691190625,4677.91311334925,21105.6978502607,NA
2005,"medium divers",2111,40.1591440951652,187057.336079065,287067.282989056,411917.303220427,560677.259328532,781851.399195572,1140412.94749925,NA
2005,"large divers",2111,0.00345828612918174,7261.53291187838,11744.8192961359,18320.2686986757,31904.0432538927,126180.861055975,1803606.84914326,NA
2005,"minke whales",2111,4.67320860974376e-12,3804.04142390124,5315.13184992682,8294.94373414199,16461.6561312232,676027.772463773,93216406.7879181,NA
2005,"orca",2111,2567.80705230606,3244.74599044085,5841.48596495626,7544.22216959274,8630.08759704727,12739.2686928079,75332.9412407948,NA
2005,"sperm whales",2111,179.970794976456,294.523661932717,394.760740015874,1153.74822955551,7032.65922343534,103721.079563866,9777194.02720934,NA
2005,"baleen whales",2111,2143.87265142678,11333.9883079427,167149.885947041,501502.411879496,1097754.58625389,9692281.99101531,87033834.3527519,NA
2006,"mesozooplankton",2111,1.04529864547411e-183,7393981.86984743,11941373.98005,16811316.9740114,19681403.8206984,23897407.6343272,28473232.560309,NA
2006,"other krill",2111,2.69490858287421,1533617.42463691,5418514.71339508,11585163.8857358,30504388.6057836,76988346.2529256,126384604.424586,NA
2006,"other macrozooplankton",2111,1367194.43757448,7957960.60235153,15072223.0313014,18528642.0350212,22485710.9407977,27345674.1577267,37630884.0658375,NA
2006,"antarctic krill",2111,7.9262280898463,665636.675147533,6823665.57864367,13652751.5558633,25008804.3833158,36771438.9335875,911314460.455263,NA
2006,"salps",2111,112888.08530523,541871.608850942,892705.469669578,1179823.36490904,1781173.78521423,2236438.04408597,2963353.35313057,NA
2006,"mesopelagic fishes",2111,2654.9297653285,455293.777342769,1462185.59453964,2046156.36381264,2914969.52865032,3941320.5635866,9565585.8799956,NA
2006,"bathypelagic fishes",2111,274437.469294004,1081811.33447091,1967146.99237877,2719229.38611473,3609351.19087667,4868186.83437404,14444781.9350478,NA
2006,"shelf and coastal fishes",2111,2027516.36575272,3621268.65379286,4455842.13450615,5185132.62590676,5816506.66707206,6459616.2067201,26834438.2901047,NA
2006,"flying birds",2111,3912.82789877423,5388.26375247247,5928.15694338431,5991.70346567068,6063.09474084532,6170.5559032693,6523.10467879397,NA
2006,"small divers",2111,10653.8802198134,21133.8594699079,34642.1808661796,36940.078348464,39783.1062324242,41750.568245335,44825.829356552,NA
2006,"squids",2111,70626.8069833633,115332.884781978,134609.377876072,154513.303497091,177358.548603485,320853.243764152,438918.448482556,NA
2006,"toothfishes",2111,621.729877579666,321824.920534723,949359.138123501,1252865.65058284,1532968.17533068,1920440.37277748,5385686.57992967,NA
2006,"leopard seals",2111,0.000252358993490301,2118.08379928696,2935.91724320793,3533.06196924465,3942.79556466646,4672.77832927102,21594.5234507991,NA
2006,"medium divers",2111,32.7216323775375,187747.725974504,287463.763706508,412159.439483806,559689.420396329,780548.201754676,1137590.70961683,NA
2006,"large divers",2111,0.00232979974436212,7281.99014694244,11749.8787333974,18330.9795501018,31801.5829022003,125269.870653811,1793767.35650303,NA
2006,"minke whales",2111,1.68490438653104e-12,4008.70868340769,5625.7416166091,8500.6986578974,16666.2952376797,672980.476273952,92905546.2869803,NA
2006,"orca",2111,2579.29690564742,3260.83477311109,5850.0837367392,7547.81772380971,8629.88627621196,12729.0969609778,75152.6665522602,NA
2006,"sperm whales",2111,182.538806502363,302.515684799661,407.032385735634,1172.19204076916,7051.0127276988,103564.554330944,9759558.37220313,NA
2006,"baleen whales",2111,2149.41520676674,11568.7166475449,167187.771989903,501128.847653387,1096611.88288281,9680140.17085411,86922756.5720139,NA
2007,"mesozooplankton",2111,9.17204729037068e-186,9019525.43175008,12854298.8632207,17565721.3316311,20556406.7075381,24991797.6628656,29753521.006984,NA
2007,"other krill",2111,2.06502965411184,1526430.46720872,5346756.33744564,11397963.8975539,30437513.4109006,76594416.1102053,126262101.101396,NA
2007,"other macrozooplankton",2111,1345476.9060448,7620373.60924547,14428981.6864254,17852676.0562681,21841847.3309718,27401167.5433747,37230555.5384794,NA
2007,"antarctic krill",2111,6.65100350864692,655037.383943623,6770051.68504759,13549857.6305409,24831496.9101922,36596261.2023352,900033166.619316,NA
2007,"salps",2111,113189.708801169,542922.312776992,892860.326982036,1178996.20051568,1776173.29577706,2235076.96476989,2967529.04139886,NA
2007,"mesopelagic fishes",2111,2578.60501929115,451749.827851457,1459484.41194708,2048615.31754495,2931039.34012096,3953895.31091315,9752495.01484537,NA
2007,"bathypelagic fishes",2111,274252.97465277,1086125.12908971,1974276.26653063,2729798.93550257,3625643.58973121,4874214.45908353,14657237.5756168,NA
2007,"shelf and coastal fishes",2111,2021347.00781142,3611183.24124333,4437282.39380419,5167748.04382271,5804303.46392023,6451301.27054137,26783864.9522044,NA
2007,"flying birds",2111,3911.56541373732,5384.4798099859,5926.71593040274,5990.58618878677,6062.41247006504,6169.72721158325,6522.7525206993,NA
2007,"small divers",2111,10622.7217227689,21086.0804607896,34653.6640109665,36927.6927034434,39762.0695811038,41725.4935150388,44869.5716938653,NA
2007,"squids",2111,69834.0502357268,114530.543639669,134002.985003838,153927.842327677,176689.159356522,320103.170061492,439888.37467394,NA
2007,"toothfishes",2111,580.966837231277,308386.27279069,946125.128692688,1247768.26053037,1529012.41986929,1917981.78596329,5385871.2279369,NA
2007,"leopard seals",2111,0.000170476743597597,2123.61982635171,2940.23321034284,3538.78483738637,3948.01257860895,4673.35721906392,22096.3575056339,NA
2007,"medium divers",2111,26.5362718864878,188646.950052788,287969.614423346,412355.904459068,559077.846467965,779528.125228127,1134767.45222696,NA
2007,"large divers",2111,0.00156066703830414,7284.93482443583,11779.1946925512,18345.3704597603,31697.1895458623,124361.75865263,1783970.74046918,NA
2007,"minke whales",2111,5.65005540047535e-13,3050.01237130411,4175.90662897044,7161.56135706381,14381.9535505333,565014.16857751,90277989.1740125,NA
2007,"orca",2111,2590.93329941111,3276.88604332433,5858.87771391431,7551.63277585143,8630.73922449044,12719.2059658778,74972.919185629,NA
2007,"sperm whales",2111,185.164642288083,310.815231103497,419.925950218486,1192.14205308316,7069.41216386001,103408.547491906,9741954.88892211,NA
2007,"baleen whales",2111,2127.847359738,11665.4998710382,167007.228986218,500443.546952475,1094787.15735671,9659914.17758186,86801378.1734002,NA
2008,"mesozooplankton",2111,8.30026283589397e-188,6493963.00251267,11084395.588653,16222551.9326249,19326933.960104,23770827.4595218,28273808.2968826,NA
2008,"other krill",2111,1.48107118645839,1383079.38787465,5053555.00415281,10908936.2554571,30536453.7132383,78110432.8125778,127869116.770974,NA
2008,"other macrozooplankton",2111,1234401.22257576,6977014.29511839,13705891.114975,17344764.9384374,20941966.8645305,26388776.9131648,36863171.7248664,NA
2008,"antarctic krill",2111,5.38455344913304,622710.437276305,6525193.4032125,13411821.2283142,24682426.0245103,36403692.9547872,860321045.922143,NA
2008,"salps",2111,109520.444762103,527752.852546141,869400.04752312,1152968.5817399,1765707.37064051,2226645.08755948,2964813.90561865,NA
2008,"mesopelagic fishes",2111,2414.52586959059,437609.984153834,1429322.81600968,2030503.80010292,2928458.32834306,3955323.90153241,9804877.63554794,NA
2008,"bathypelagic fishes",2111,269725.740873602,1076371.42549833,1967193.98642389,2721838.71483186,3634840.79732968,4890961.34622354,14889018.7898848,NA
2008,"shelf and coastal fishes",2111,2014519.67949753,3598524.70182792,4421805.86115642,5157993.35391266,5793566.30083465,6456990.92656382,26749755.9277305,NA
2008,"flying birds",2111,3907.11491853752,5377.71184308538,5920.91462673467,5987.19068473762,6059.12874262091,6163.9144313735,6521.51580476081,NA
2008,"small divers",2111,10541.3907197629,20959.5713635245,34536.2003682332,36805.1513920944,39719.3767084696,41701.3939198712,44906.1571857429,NA
2008,"squids",2111,68639.4393523714,114078.234213059,133422.544758592,153964.664328834,176705.932278807,320421.959952999,440051.033832431,NA
2008,"toothfishes",2111,548.730735683537,302401.747060008,944752.952950101,1247336.29987567,1526624.40094427,1915275.91498065,5390254.92157669,NA
2008,"leopard seals",2111,0.000118751151178232,2128.69423496423,2949.93251194136,3543.92157986584,3954.17855206873,4674.58492209589,22586.7745027028,NA
2008,"medium divers",2111,21.9680332458023,189129.552774845,288572.627030275,412692.040883577,558246.12700997,778733.697283634,1132001.18482741,NA
2008,"large divers",2111,0.00107760111961359,7305.54449522772,11798.1510588681,18354.5290935183,31612.2189267995,123695.169036767,1774214.68264597,NA
2008,"minke whales",2111,2.20364817051217e-13,3257.84029626614,4473.23388240033,7411.24526116101,14562.6028823542,559006.315418516,89903074.3548775,NA
2008,"orca",2111,2601.487297538,3292.87553758319,5866.68552840239,7554.38522583798,8631.31495649083,12708.1925248694,74793.5557405348,NA
2008,"sperm whales",2111,187.629922302297,319.065751227052,433.355935008897,1213.89308973431,7087.5122629167,103251.846611942,9724382.08096151,NA
2008,"baleen whales",2111,2132.51013591853,11902.2969418207,167038.123387396,500071.465148396,1093646.59811864,9647811.52931646,86690585.0896502,NA
2009,"mesozooplankton",2111,7.85069821666286e-190,8450835.0351103,12436038.8222632,17332997.0479249,20463899.928288,25097948.5487713,29988251.5021747,NA
2009,"other krill",2111,1.12366949256175,1369264.25902673,5289913.04000541,11441416.9350483,31603741.8485054,81153845.0829062,131829993.251245,NA
2009,"other macrozooplankton",2111,1178409.70201988,6887163.59967136,14006285.3140477,17943238.0438194,21623742.4818421,27484686.405939,37682111.0543664,NA
2009,"antarctic krill",2111,4.46177641204444,613368.994240916,6512550.40113526,13451334.294612,24810648.4778692,36755005.4169067,825322348.4481,NA
2009,"salps",2111,107946.594524176,526192.727030006,871261.405424961,1153923.38634529,1769334.7360094,2232338.14495018,2973230.81617113,NA
2009,"mesopelagic fishes",2111,2265.72029811091,428224.415449008,1418968.68644865,2020726.47850641,2922549.52750866,3943795.10663149,9751596.69601216,NA
2009,"bathypelagic fishes",2111,262512.028007135,1065159.63230257,1955262.6164082,2717379.318062,3635470.03306244,4896253.32197729,15043126.9448618,NA
2009,"shelf and coastal fishes",2111,2010648.50579723,3586052.87715445,4406716.41558768,5145092.01822667,5784260.27652461,6457823.04481984,26713594.9880066,NA
2009,"flying birds",2111,3907.10751726377,5378.39595024145,5921.35081039597,5987.56448366874,6059.39493964061,6165.35593944928,6521.17153723703,NA
2009,"small divers",2111,10500.8137596679,20894.6508082083,34492.1091502906,36773.8715625627,39710.4303205409,41702.3177329628,44931.2252747677,NA
2009,"squids",2111,68080.4889750686,113678.814219687,133066.122075537,153692.807351987,176425.697068532,320521.412011841,438749.957972739,NA
2009,"toothfishes",2111,503.792778213832,281702.260280212,934222.274074206,1241751.95930324,1526347.27760017,1914290.05322306,5385422.11952785,NA
2009,"leopard seals",2111,8.09478066840864e-05,2129.41459670854,2956.77131474142,3547.09905526664,3956.69971115111,4675.04771941132,23110.5131141918,NA
2009,"medium divers",2111,17.8902939223834,189601.361604349,289199.101569005,412782.502018692,558466.680009669,778152.506687469,1129211.68732229,NA
2009,"large divers",2111,0.00072919417827215,7335.62163231854,11848.5828933301,18353.3719032994,31502.4914596726,123051.688037212,1764503.86964293,NA
2009,"minke whales",2111,7.82113306440688e-14,3182.30830862852,4333.40873902161,7274.38158707965,14237.3915063673,531179.854054647,88914713.7352415,NA
2009,"orca",2111,2612.64027392622,3308.82964264249,5875.15978992918,7557.87121659009,8632.47029598283,12698.041173964,74614.7464677936,NA
2009,"sperm whales",2111,190.257154111029,327.375704374263,446.374522389011,1236.34703168847,7105.82220555114,103096.16101021,9706841.92224364,NA
2009,"baleen whales",2111,2137.36050913557,12141.9448033799,167077.904303014,499699.785621221,1092509.6117605,9635727.16492528,86579949.5290926,NA
2010,"mesozooplankton",2111,7.26604719919911e-192,9208425.32439937,13140276.7146075,17942910.1084927,20929501.5997055,25418787.307685,30258936.3402005,12974200
2010,"other krill",2111,0.927930227236455,1491735.6180298,5712563.56413675,12199671.6740692,32216405.4958801,82171424.4165317,131623880.949583,2801248
2010,"other macrozooplankton",2111,1210184.1484354,7534316.66112258,15207296.7276874,19362419.1514998,23194877.4566994,29116940.4364767,38855796.5763326,14743410
2010,"antarctic krill",2111,3.83817776270678,627748.835596732,6776561.02737714,13716510.0627178,25166031.6385679,37223801.9424295,830958086.403701,5897364
2010,"salps",2111,109316.556922972,542218.649890071,895931.884997433,1184167.61550041,1787603.38979254,2249502.61409371,2988424.32689162,961270.3
2010,"mesopelagic fishes",2111,2210.31654702021,431732.946672302,1448634.32625678,2040333.70355074,2941734.43305672,3952159.24453833,9652175.69976443,1769209
2010,"bathypelagic fishes",2111,257835.680119639,1069635.45376459,1973206.39722575,2740320.05452547,3652779.7872331,4899061.53071607,15027762.1337426,1769209
2010,"shelf and coastal fishes",2111,2012036.00730388,3578703.86605918,4396229.37444129,5136283.01104813,5778155.74730028,6460712.10045296,26672934.4965062,4027900
2010,"flying birds",2111,3909.2757998516,5382.51661630538,5924.62721355127,5989.51498225622,6060.83949906347,6167.67230330723,6521.30923296839,4423.023
2010,"small divers",2111,10506.352591071,20900.1662343198,34537.9677258531,36822.1348724958,39742.9441128111,41700.2528173941,44958.5407774098,23589.46
2010,"squids",2111,68071.3243868047,113351.448930626,132862.91713943,153417.82052409,176069.095215902,320311.010124889,437268.915980787,221151.2
2010,"toothfishes",2111,477.61774241017,281489.466428777,930623.700044621,1240774.35237562,1525393.21367342,1913078.44916544,5386243.71220538,1105756
2010,"leopard seals",2111,5.39350780297542e-05,2132.49717762484,2962.46597107184,3548.44381150602,3957.69505818459,4673.00952704701,23669.2949773083,2948.682
2010,"medium divers",2111,14.3358485555728,190731.194551755,290112.520336559,412820.36284384,557837.524515306,777636.263746585,1126396.9047766,390700.4
2010,"large divers",2111,0.000483092067601982,7362.64540156973,11888.8810754133,18352.4080669342,31463.9152173668,122408.752924808,1754837.73881812,16217.75
2010,"minke whales",2111,2.62870728040916e-14,3436.29478469324,4664.534878388,7566.22177360758,14484.1712749914,528098.364331243,88618035.096304,20640.77
2010,"orca",2111,2624.44079390523,3324.74764031104,5884.30223016784,7562.10689009454,8634.01789218607,12688.7431445454,74436.4893055978,8846.046
2010,"sperm whales",2111,193.053480680812,336.769634841528,460.648891271368,1258.94090422086,7124.30876641879,102941.543035283,9689334.30519462,16217.75
2010,"baleen whales",2111,2142.43813128613,12381.7129138493,167125.650686453,499328.451412535,1091375.73084801,9623660.40442761,86469470.1134449,187241.3
