"Year","Species","min_biomass_t","median_biomass_t","max_biomass_t","q05_biomass_t","q95_biomass_t","ObsBiomass_t"
1841,"antarctic krill",149569.523178143,12805936.2567954,57553117.3244909,1998946.6050322,36172145.7576294,5897364
1841,"baleen whales",104753.621601598,908415.976059412,117006996.619908,176394.393741479,19961804.5571354,187241.3
1841,"bathypelagic fishes",341458.010133773,2354802.67098407,7666947.2743028,944429.634764478,4477585.99775894,1769209
1841,"flying birds",3964.8992367295,6027.32203833424,6640.46016859654,5439.66799404783,6337.25416462668,4423.023
1841,"large divers",1908.19125535109,19040.6670109715,4484703.26776779,5454.65864466953,352118.619440766,16217.75
1841,"leopard seals",417.40665537906,3251.63119782556,49675.4184992454,1723.15051299887,4649.03519388723,2948.682
1841,"medium divers",55735.3947988794,421549.178278897,1932385.33529123,151386.690347473,912676.049507903,390700.4
1841,"mesopelagic fishes",40215.8456258288,1741167.46985023,4644766.26011625,524263.605850491,3559749.4845083,1769209
1841,"mesozooplankton",4639989.47579938,16888694.125059,28093905.4845567,8115071.60618766,24118062.6054459,12974200
1841,"minke whales",1462.64450525586,27407.7155688604,237085415.2836,6373.34694370534,24141746.2274888,20640.77
1841,"orca",4198.11109182719,8938.0854342378,359337.394376099,6686.34470323727,20246.4562197641,8846.046
1841,"other krill",179690.527304362,11152673.4455988,126700598.203348,1350073.34587315,77651546.9150545,2801248
1841,"other macrozooplankton",1441416.30021724,17942596.3136983,37055942.7367574,7506904.69314501,27149244.0836739,14743410
1841,"salps",106840.873841188,1044140.61917727,2883622.02821722,382432.253764122,2053032.33657234,961270.3
1841,"shelf and coastal fishes",1121405.69538104,4876612.19320052,7574611.61051149,2463916.98753332,6277238.80033705,4027900
1841,"small divers",11167.8078122368,38009.4259564602,48602.6497655942,22311.4280782445,43114.5065901026,23589.46
1841,"sperm whales",10561.124989541,25089.0427580529,14752344.305267,14394.3720737714,2952986.57123285,16217.75
1841,"squids",35679.4670867711,140293.072943895,429621.248944598,86587.2811858758,295302.718535637,221151.2
1841,"toothfishes",2460.05441365488,993375.038144474,2765156.26430446,128510.575418189,1825847.49398472,1105756
1842,"antarctic krill",155121.875701653,13173733.7181472,57656407.7649815,2043175.85497408,36514192.7403233,5897364
1842,"baleen whales",104837.554937643,907521.927531301,116857599.617445,176415.014880523,19936517.7833532,187241.3
1842,"bathypelagic fishes",335427.721712094,2339483.37771055,7648803.01843057,954726.366689209,4462925.4124357,1769209
1842,"flying birds",3967.09032967617,6028.71761606987,6640.11435339024,5449.32939952529,6337.98001239918,4423.023
1842,"large divers",1913.01941697592,19030.0038699676,4460903.02996521,5464.50254152824,349419.888948603,16217.75
1842,"leopard seals",418.204010250588,3252.16966321461,49228.6110040041,1727.25055237446,4649.93634378656,2948.682
1842,"medium divers",55862.0003025896,421383.710619504,1924894.04417777,151434.963880844,909536.06285896,390700.4
1842,"mesopelagic fishes",39374.2929641132,1745842.18492355,4639886.31229163,524924.764852214,3536734.06658824,1769209
1842,"mesozooplankton",6921592.28836164,18272407.2998587,30078071.8491284,10161861.5615558,25593432.0922074,12974200
1842,"minke whales",1482.70096483995,27389.2105601743,236300391.90494,6381.78524847461,24058578.8541334,20640.77
1842,"orca",4208.11226259555,8938.79000258852,358383.222773782,6692.40276077752,20216.532515815,8846.046
1842,"other krill",211741.689799884,12194630.7947983,127014907.596026,1593515.98476656,78730686.3442622,2801248
1842,"other macrozooplankton",1499944.22244983,19739816.9991811,39118331.1576485,8058283.48898846,29702089.6249105,14743410
1842,"salps",108771.141678756,1070182.92027556,2883201.18255403,397483.699749497,2067077.60453693,961270.3
1842,"shelf and coastal fishes",1120412.42795547,4868050.69248522,7569498.38157787,2456330.12882615,6270141.70622442,4027900
1842,"small divers",11191.2723127348,38045.7486209858,48593.4587272199,22339.5960185155,43143.4955819087,23589.46
1842,"sperm whales",10569.0418581659,25076.5131085403,14725719.2898459,14399.7499564972,2947682.55609473,16217.75
1842,"squids",35355.445529099,139916.340050782,429715.680371209,86345.8382552376,295342.097569787,221151.2
1842,"toothfishes",2459.90707469676,993943.693135298,2765156.97612626,129789.152335672,1826657.41155922,1105756
1843,"antarctic krill",166833.691705711,13543542.731114,57632951.1397596,2122360.79459982,36761612.9527337,5897364
1843,"baleen whales",104919.3700101,906629.075684578,116708390.731856,176433.518317696,19911262.8823511,187241.3
1843,"bathypelagic fishes",337893.484802298,2348067.21864109,7650210.00341595,971324.102208803,4476189.26350918,1769209
1843,"flying birds",3967.6351849352,6029.59034864846,6639.5843024515,5454.4488834181,6337.58050529255,4423.023
1843,"large divers",1918.47807181228,19020.9258964338,4437215.51605664,5476.37830361435,346740.448199577,16217.75
1843,"leopard seals",419.163213011419,3253.18590067206,48786.1643627869,1731.22919635161,4650.82544425323,2948.682
1843,"medium divers",56000.8553456836,421208.834781129,1917444.35995999,151684.166052688,908721.345434032,390700.4
1843,"mesopelagic fishes",40249.6645888374,1771278.64782054,4656089.32818882,533188.930767459,3549683.48515227,1769209
1843,"mesozooplankton",6797151.66941159,18134119.8398226,29585197.2473526,9886862.02939197,25257637.6605522,12974200
1843,"minke whales",1504.50223582034,27385.1010177117,235517952.019232,6397.01870644295,23975685.423268,20640.77
1843,"orca",4217.98847426756,8939.37304076934,357431.652167544,6698.2929598315,20186.3379161091,8846.046
1843,"other krill",247609.387553517,12224395.6834633,124168198.995509,1747922.63475368,75700294.8221921,2801248
1843,"other macrozooplankton",1615110.32211894,20324042.4585541,39731532.753504,8639387.73078489,29873140.2362763,14743410
1843,"salps",112175.437763594,1089197.67629041,2889474.42342287,409430.74425973,2082040.33999255,961270.3
1843,"shelf and coastal fishes",1125443.47156793,4866364.39383492,7568490.99743462,2455773.06755975,6266917.21602302,4027900
1843,"small divers",11210.149525494,38094.3519452147,48585.860112184,22367.7646918651,43157.7053217215,23589.46
1843,"sperm whales",10576.9585052377,25063.779998991,14699142.126415,14404.8002952901,2942387.65443251,16217.75
1843,"squids",35140.7166713303,139705.651047472,429684.391761101,86215.3356753853,295366.066684224,221151.2
1843,"toothfishes",2474.63951820646,994610.260741807,2765120.16655962,131067.406177099,1827344.6131855,1105756
1844,"antarctic krill",175521.035372919,13560005.7258998,57512235.219824,2168660.00453136,36672586.5547583,5897364
1844,"baleen whales",104995.757423909,905737.513279574,116559366.03637,176446.952473978,19886038.9801342,187241.3
1844,"bathypelagic fishes",346785.26403068,2377966.26565654,7671182.22164117,989045.352270249,4504764.12764173,1769209
1844,"flying birds",3966.74507627947,6028.36012276087,6638.9381175927,5451.89190403743,6335.52459017025,4423.023
1844,"large divers",1925.51208752841,19003.6383870588,4413640.67521937,5493.8118005708,344083.374773806,16217.75
1844,"leopard seals",420.445022640942,3255.60317095564,48348.6479166378,1735.15860090331,4651.22013869641,2948.682
1844,"medium divers",56173.5629201817,421028.38126356,1910043.09785417,152067.339511126,908097.479105905,390700.4
1844,"mesopelagic fishes",41322.2851642008,1793389.94277579,4681419.59560987,543896.938961696,3583385.84744293,1769209
1844,"mesozooplankton",5384239.67517467,17673704.1428121,29134873.5735083,9132008.33449811,24930901.8113396,12974200
1844,"minke whales",1529.72411579279,27383.2706323879,234738079.747054,6427.7139883111,23893063.8052992,20640.77
1844,"orca",4227.50457013337,8939.62311919919,356482.639865894,6703.76756881844,20155.3720915574,8846.046
1844,"other krill",251154.487792153,11576611.8163868,121784191.417223,1678023.1668704,73434415.1416185,2801248
1844,"other macrozooplankton",1686380.21020848,19449660.8908486,39071207.8262479,8644925.3216909,28937928.2867084,14743410
1844,"salps",113929.152599074,1088202.57789415,2898871.07958982,411857.629577331,2085404.06916624,961270.3
1844,"shelf and coastal fishes",1138212.39084057,4869151.32014765,7572674.88405461,2466142.40280746,6269685.00694777,4027900
1844,"small divers",11213.8809068169,38112.4309356212,48578.7502436025,22364.8127216647,43156.5257419116,23589.46
1844,"sperm whales",10584.8793158129,25050.6539227389,14672612.5253643,14409.1647908236,2937101.37896828,16217.75
1844,"squids",35487.7455073341,139820.013960671,429785.337603668,86351.7073859415,295783.46939684,221151.2
1844,"toothfishes",2485.59528857228,995956.609431192,2765230.43265931,132458.682634743,1828108.14818514,1105756
1845,"antarctic krill",172375.683969409,13161836.6435902,57381891.2870392,2118505.53393342,36273872.0883897,5897364
1845,"baleen whales",105066.421159684,904847.095608765,116410524.706069,176454.872991842,19860845.7663873,187241.3
1845,"bathypelagic fishes",349282.466632141,2383114.24362824,7680856.01331845,977165.205775237,4511124.03281788,1769209
1845,"flying birds",3964.74675520634,6027.14012365266,6638.14290727837,5442.7196026212,6333.38658118077,4423.023
1845,"large divers",1932.79832734255,18995.2546016418,4390176.74994408,5509.38954644741,341443.482852775,16217.75
1845,"leopard seals",421.796051512857,3255.36248064417,47915.2333973057,1742.52639181827,4651.07425319508,2948.682
1845,"medium divers",56352.4797001951,420832.088774845,1902678.25348551,152473.761006009,907479.034783925,390700.4
1845,"mesopelagic fishes",40521.5299435353,1779330.77376575,4680566.39796215,538790.221647384,3593554.65746366,1769209
1845,"mesozooplankton",4033254.33772494,16672320.0506041,27749759.5807119,7666808.12405252,23811285.2276356,12974200
1845,"minke whales",1556.31881592188,27384.3287498325,233960764.913143,6463.09517791077,23810712.0474661,20640.77
1845,"orca",4236.9032585327,8939.821631159,355536.20706566,6709.10855832282,20124.317601105,8846.046
1845,"other krill",221618.142160371,10779754.2992232,121439426.559001,1502347.8140681,73365509.2127248,2801248
1845,"other macrozooplankton",1612957.89238959,17991433.2292029,37241677.2408901,7873191.8140634,27128475.0658789,14743410
1845,"salps",112376.127332579,1063180.20073969,2896172.60901435,398234.67117314,2068154.05135654,961270.3
1845,"shelf and coastal fishes",1137305.86412535,4868347.09037534,7573075.62148237,2464670.63246189,6268996.90292977,4027900
1845,"small divers",11182.1961219705,38066.6408881701,48567.1611914479,22321.6903711687,43119.4837896237,23589.46
1845,"sperm whales",10592.8008214993,25037.4264380372,14646130.6980225,14413.2453018911,2931824.24294984,16217.75
1845,"squids",35893.2568353978,139844.214699625,429858.083498377,86624.2910656309,296235.724413937,221151.2
1845,"toothfishes",2467.372111785,997058.398329017,2765303.65264406,133767.107925183,1828834.55218533,1105756
1846,"antarctic krill",168488.341544908,13054639.0965508,57433471.4806578,2071565.49395638,36173169.4364417,5897364
1846,"baleen whales",105147.419858633,903957.716816114,116261887.136277,176473.04602276,19835687.790448,187241.3
1846,"bathypelagic fishes",347742.01208161,2377276.08655389,7677925.35174403,977186.44152924,4502324.88132914,1769209
1846,"flying birds",3965.81409911097,6027.51571152612,6637.69418068051,5446.96631544388,6332.93183159219,4423.023
1846,"large divers",1939.12263866171,18987.6491400181,4366826.21333644,5524.27657805597,338817.077367062,16217.75
1846,"leopard seals",423.056762134988,3258.32543205753,47486.6164100319,1745.45541919795,4650.86745788023,2948.682
1846,"medium divers",56512.1469859091,420664.539376244,1895347.94306071,152666.048499957,906851.54794068,390700.4
1846,"mesopelagic fishes",39412.8334042362,1772419.95801186,4669880.12085569,539503.686188766,3583262.63089515,1769209
1846,"mesozooplankton",4782537.16752507,17139026.3714112,28934122.4030007,8721020.06342198,24760048.9514353,12974200
1846,"minke whales",1581.45754526476,27380.3193366161,233186030.493447,6484.0087243412,23728634.9385669,20640.77
1846,"orca",4246.58075264952,8940.16633032435,354592.396912089,6714.7459920532,20094.060437162,8846.046
1846,"other krill",202478.001935573,11167724.9087502,123789477.823966,1498987.2041617,76173337.027887,2801248
1846,"other macrozooplankton",1570710.91020331,18386305.2916416,37937262.2861449,7606479.82678207,28041405.9329762,14743410
1846,"salps",111290.076273384,1060851.90619101,2895614.58983005,397403.676428933,2064338.35525436,961270.3
1846,"shelf and coastal fishes",1144272.18919236,4869919.90749667,7571321.36950808,2469714.71511565,6267093.15283527,4027900
1846,"small divers",11195.7430156552,38070.8704252541,48557.3946035462,22322.3199316084,43104.9945488518,23589.46
1846,"sperm whales",10600.7614821865,25024.7593638229,14619697.3217007,14418.1386263722,2926557.78927924,16217.75
1846,"squids",36068.7221672785,139872.921201059,430056.347233558,86769.7328429917,296548.961811993,221151.2
1846,"toothfishes",2458.62809830519,998467.528071534,2765422.34503194,134757.217926683,1829579.33402042,1105756
1847,"antarctic krill",156094.262853625,12772179.1960515,57543249.4936919,1962426.50712011,36305095.7237498,5897364
1847,"baleen whales",105217.075628059,903069.669255379,116113425.454261,176480.278646914,19810559.04363,187241.3
1847,"bathypelagic fishes",342240.561518475,2362305.25949148,7684211.07624222,970478.067589797,4496630.47886312,1769209
1847,"flying birds",3963.60962379904,6026.62146794763,6636.84498209284,5437.44606669714,6331.26422092035,4423.023
1847,"large divers",1947.50849584571,18988.8280930672,4343584.4646853,5542.67204261116,336213.943241298,16217.75
1847,"leopard seals",424.746140124383,3260.3322012815,47062.3042718955,1752.11774792955,4650.72881042257,2948.682
1847,"medium divers",56715.6166154811,420667.361258324,1888058.48701467,152911.002799395,906247.047961604,390700.4
1847,"mesopelagic fishes",37606.3614340069,1754268.96073804,4663953.25922039,527871.615787269,3573252.0793944,1769209
1847,"mesozooplankton",3787231.99139562,16199251.6771853,27729375.4764678,6678927.44633237,23749086.0162772,12974200
1847,"minke whales",1611.70507465553,27387.7264991186,232413827.383637,6531.20668012129,23646824.7681323,20640.77
1847,"orca",4255.6522151589,8939.62209903216,353651.074875104,6719.90842120626,20062.6085848221,8846.046
1847,"other krill",173548.560850597,10855626.032058,126567320.542948,1317211.00079364,76658481.5892648,2801248
1847,"other macrozooplankton",1463184.48539165,18005373.3343084,37640152.7953628,7398849.99679474,27069116.338979,14743410
1847,"salps",107143.074524996,1045514.17090053,2895145.2978478,384034.574462928,2059664.16127279,961270.3
1847,"shelf and coastal fishes",1154121.83931772,4871953.76706292,7573162.0586861,2473545.41264036,6267291.06612983,4027900
1847,"small divers",11163.1716924113,38006.2973816646,48547.3185752401,22254.0303870008,43075.5706022162,23589.46
1847,"sperm whales",10608.6946166009,25011.2876586928,14593310.7637665,14421.8304232774,2921299.19607872,16217.75
1847,"squids",36732.0570321826,140154.150486758,430337.766396347,87120.8020547668,297206.622376729,221151.2
1847,"toothfishes",2427.38802182977,1000977.61081128,2765693.95628712,135033.770417576,1830108.43632913,1105756
1848,"antarctic krill",150600.781421223,12929649.6716404,57794288.7178405,1951369.32893831,36491055.0563186,5897364
1848,"baleen whales",105300.837486126,902182.459475278,115965170.965901,176500.788407324,19785466.2842792,187241.3
1848,"bathypelagic fishes",334901.735473819,2347315.19087134,7668800.56899585,968732.899121147,4483350.44157007,1769209
1848,"flying birds",3965.33975050296,6027.62621740754,6636.43014616362,5445.00906540189,6331.00986808617,4423.023
1848,"large divers",1953.09921233018,18981.1944529271,4320454.66234177,5555.7301081043,333618.331250067,16217.75
1848,"leopard seals",426.008180410472,3262.45102091502,46641.9654401081,1757.15731394745,4650.35099801522,2948.682
1848,"medium divers",56859.5143688464,420691.014624806,1880792.05552087,152983.819928682,905616.128500966,390700.4
1848,"mesopelagic fishes",36239.9995393208,1748346.8311262,4659480.18761712,523421.686477721,3552397.6491059,1769209
1848,"mesozooplankton",5348165.6794548,17501607.8377265,29307791.1909504,9105153.67665592,25016189.1957798,12974200
1848,"minke whales",1637.11607460962,27348.0302079016,231644196.702825,6542.57490700656,23565288.8170369,20640.77
1848,"orca",4265.42596167982,8940.14729554657,352712.421484786,6726.06303799805,20032.9701707766,8846.046
1848,"other krill",172973.780574828,11310764.3787852,129183446.89351,1369896.59441571,79654114.2352024,2801248
1848,"other macrozooplankton",1435412.6450773,18524667.2749415,38009099.8195447,7655953.00213686,28322247.0620587,14743410
1848,"salps",106241.931291151,1058883.80376481,2892489.22187034,387620.325940638,2063441.59095754,961270.3
1848,"shelf and coastal fishes",1153947.39234685,4865653.41514402,7569121.26532471,2472984.01231892,6261986.23107975,4027900
1848,"small divers",11177.1059095774,38027.1487621322,48537.1945663903,22263.1777853056,43077.1320459319,23589.46
1848,"sperm whales",10616.6823271037,24998.8738915255,14566973.0848735,14427.0665727559,2916052.21194373,16217.75
1848,"squids",36544.2872318731,139996.720202225,430509.691561041,86875.7625035594,297262.13539892,221151.2
1848,"toothfishes",2421.3909266956,1003273.43638263,2765733.83118762,135100.984896218,1830575.91419154,1105756
1849,"antarctic krill",148424.605013761,13130730.7847357,57849166.7135106,1941022.68676184,36699530.7137422,5897364
1849,"baleen whales",105388.250861289,901296.334032158,115817110.018138,176524.437359403,19760406.4245435,187241.3
1849,"bathypelagic fishes",331876.694149126,2354577.93013963,7661836.8549347,976690.738163125,4482535.93254982,1769209
1849,"flying birds",3966.82121289878,6029.21536329217,6635.96499874954,5455.12975174597,6330.93147069741,4423.023
1849,"large divers",1958.29940889201,18973.0821467174,4297434.89196963,5567.34957695986,331091.600599975,16217.75
1849,"leopard seals",427.27279464892,3264.49281047133,46226.0760345711,1760.88869960989,4650.44598584059,2948.682
1849,"medium divers",56994.6347594556,420452.526679599,1873560.03954676,152771.436836445,904983.108817833,390700.4
1849,"mesopelagic fishes",35869.2740053352,1760659.16342475,4671058.52035512,527046.681507539,3549832.6817399,1769209
1849,"mesozooplankton",5095667.0551918,17064054.1074996,28500812.0495436,8199703.47211571,24387311.93595,12974200
1849,"minke whales",1662.50240333244,27336.9010695665,230877108.370249,6541.38579167876,23484022.6703525,20640.77
1849,"orca",4275.37140851242,8940.87519874726,351776.352662657,6732.02626876843,20003.6836894528,8846.046
1849,"other krill",181851.533974787,11459483.6845666,127454630.823139,1411496.10185271,78320673.211541,2801248
1849,"other macrozooplankton",1455647.23438622,19086895.0934146,38178042.4199343,7948147.06048467,28355918.0719244,14743410
1849,"salps",105951.171081516,1068751.26741554,2892399.76078335,393952.121477425,2070697.14815322,961270.3
1849,"shelf and coastal fishes",1157110.65566367,4859889.63571374,7567359.06057106,2476564.00080679,6260200.848893,4027900
1849,"small divers",11206.4341576325,38079.0879056646,48528.5652441209,22300.7449804077,43099.2301474803,23589.46
1849,"sperm whales",10624.6746906637,24986.6178576743,14540683.1413486,14432.5733385335,2910815.05555534,16217.75
1849,"squids",36107.6528051641,139644.155549267,430487.214637744,86727.4319334341,297049.969141262,221151.2
1849,"toothfishes",2433.01423670836,1005456.19428666,2765699.66459237,135237.646894294,1830980.01009955,1105756
1850,"antarctic krill",148650.969805077,13161860.9104767,57619505.4493798,1930153.94647927,36503688.1462149,5897364
1850,"baleen whales",105474.676265427,900411.292948052,115669236.324634,176546.670548873,19735378.0683928,187241.3
1850,"bathypelagic fishes",331817.559747419,2355262.87355587,7654659.28409025,974040.499593335,4484447.90899985,1769209
1850,"flying birds",3967.27590115379,6029.72152968976,6635.38560956056,5461.35321915765,6330.57525098954,4423.023
1850,"large divers",1963.10102478993,18964.3293250761,4274523.42787078,5566.24931917213,329018.083012057,16217.75
1850,"leopard seals",428.51264796429,3264.59513091883,45814.2391990179,1764.23539104854,4650.56405029648,2948.682
1850,"medium divers",57120.7988823007,420299.181361236,1866360.94296581,152555.751832758,904349.637840138,390700.4
1850,"mesopelagic fishes",35755.6636997861,1770236.88425391,4679786.66473017,528372.686058134,3555273.06050493,1769209
1850,"mesozooplankton",4907722.33224988,17209402.2360855,28534671.6439211,8714375.15731061,24338360.6519959,12974200
1850,"minke whales",1688.02849686993,27321.365332095,230112545.3069,6545.13174836161,23403023.8559811,20640.77
1850,"orca",4285.51603508759,8941.78973670651,350842.863412348,6737.606919011,19974.696386486,8846.046
1850,"other krill",190399.197269948,11330484.7290277,125162655.409609,1431123.44191503,75808139.2800421,2801248
1850,"other macrozooplankton",1475104.09767454,18568302.3779343,37531124.1403544,7901579.24586781,27778773.5390423,14743410
1850,"salps",106422.05261711,1072653.37008066,2888234.83395513,396414.191504827,2074093.06119094,961270.3
1850,"shelf and coastal fishes",1152521.89140307,4852447.13159004,7563730.95485659,2473731.46407408,6257251.74593165,4027900
1850,"small divers",11224.8350214142,38117.8173206073,48518.1912781421,22340.7925995503,43107.2818588703,23589.46
1850,"sperm whales",10632.6536170616,24974.0685011826,14514440.7069538,14438.1495222457,2905587.40665073,16217.75
1850,"squids",35473.6078390772,139236.15518615,430144.588073075,86421.8837878986,296495.482705975,221151.2
1850,"toothfishes",2444.42702776204,1007151.06477941,2765492.24250122,135375.204600329,1831239.10150468,1105756
1851,"antarctic krill",151443.147364564,13233767.604619,57521850.9034961,1926349.80123382,36417656.266856,5897364
1851,"baleen whales",105558.246474987,899527.507956128,115521548.266776,176566.119011431,19710380.8961741,187241.3
1851,"bathypelagic fishes",335249.841939989,2363814.61973247,7658389.78659667,979086.889854479,4489628.60900589,1769209
1851,"flying birds",3967.01051140567,6029.67161189003,6634.7825865977,5462.03016742876,6329.71020861166,4423.023
1851,"large divers",1968.88824182645,18955.1819415381,4251720.33501589,5563.89905352831,326959.304183018,16217.75
1851,"leopard seals",429.983895626056,3264.28208062406,45406.9585797619,1769.09430793922,4650.36027357576,2948.682
1851,"medium divers",57267.8830515226,420199.347708468,1859205.1212561,152588.53257907,903730.547577069,390700.4
1851,"mesopelagic fishes",35816.0201127806,1778781.53452206,4687546.57134207,534075.799744632,3562327.77599516,1769209
1851,"mesozooplankton",5171976.23249495,17485238.8558345,29064440.5416178,9109555.32177934,24851978.8911215,12974200
1851,"minke whales",1716.15935385016,27315.6420577736,229350495.599496,6557.82041972843,23322291.0404843,20640.77
1851,"orca",4295.54801555013,8942.44297016017,349911.902573751,6743.10816496866,19945.2564476955,8846.046
1851,"other krill",201132.510779088,11510689.7767677,124131278.967554,1492617.80504737,75757385.1468242,2801248
1851,"other macrozooplankton",1511401.06499889,18928907.335226,38302088.5050153,7933791.99947526,28595748.5984043,14743410
1851,"salps",107360.415160468,1076647.92361116,2889295.49380764,401330.091734334,2074579.7227336,961270.3
1851,"shelf and coastal fishes",1155712.2629204,4849731.40326977,7562958.4779656,2476062.68375407,6257483.29833675,4027900
1851,"small divers",11241.1221017086,38135.6352624834,48509.2616089966,22367.4600905018,43097.6597193095,23589.46
1851,"sperm whales",10640.6208016739,24960.2694916795,14488245.334773,14443.2840530267,2900368.59683577,16217.75
1851,"squids",35226.1205104003,139061.187990321,429838.532366683,86403.9263203849,296116.871536811,221151.2
1851,"toothfishes",2450.58445699776,1007716.71751161,2765343.97191596,135437.404422447,1831478.45775132,1105756
1852,"antarctic krill",158827.58672842,13442969.8634264,57491399.3746496,1971997.74016511,36482009.4496413,5897364
1852,"baleen whales",105642.652182846,898644.862098598,115374050.213791,176586.22254102,19685415.7895417,187241.3
1852,"bathypelagic fishes",341499.878130253,2375747.02734427,7664769.61517615,991878.533332251,4497693.99316544,1769209
1852,"flying birds",3967.15460864997,6030.13411666823,6634.25909455695,5462.16195778397,6329.03291676149,4423.023
1852,"large divers",1974.67404068343,18938.4561154318,4229025.50993465,5561.76140752456,324911.888293686,16217.75
1852,"leopard seals",431.508097950366,3266.24279318134,45003.9649289699,1773.13832084688,4650.18866656027,2948.682
1852,"medium divers",57415.6557415756,420096.247727172,1852085.68205936,152737.722898358,903115.085217437,390700.4
1852,"mesopelagic fishes",36512.6767986144,1793731.89270145,4692922.39621397,544435.192520787,3572645.36369755,1769209
1852,"mesozooplankton",6257206.23015541,18002849.3095049,29587883.0999183,9908680.36285605,25295056.8133477,12974200
1852,"minke whales",1744.9300375286,27309.3155918994,228590958.744213,6570.3873716188,23241824.5147904,20640.77
1852,"orca",4305.71053014042,8943.18492924148,348983.485640373,6748.7479101534,19915.9764603062,8846.046
1852,"other krill",222239.705328261,11820126.873599,123366418.679996,1604290.04215934,75507175.3783752,2801248
1852,"other macrozooplankton",1588303.52341752,19691887.058483,39159755.6393041,8245335.95688861,29456131.2344445,14743410
1852,"salps",110123.640175099,1085660.23628986,2893288.32170612,411888.932028836,2083752.80929443,961270.3
1852,"shelf and coastal fishes",1161128.13899809,4854280.40011558,7562992.42621524,2480869.97924037,6257401.13677455,4027900
1852,"small divers",11264.5212358818,38144.2296705621,48501.3848339218,22402.8449450906,43088.1080102336,23589.46
1852,"sperm whales",10648.5807110972,24946.5471321037,14462097.3497573,14448.4883550519,2895159.33939607,16217.75
1852,"squids",35135.2255724908,138993.439652387,429575.177498115,86590.3247846729,295799.508400016,221151.2
1852,"toothfishes",2459.60678287709,1008106.1991863,2765202.58642791,135813.828720007,1831718.9783983,1105756
1853,"antarctic krill",167233.951961579,13562471.5862147,57275724.8957669,2020853.49761766,36423672.14525,5897364
1853,"baleen whales",105727.982829345,897763.32630227,115226741.902766,176607.07613087,19660482.7314117,187241.3
1853,"bathypelagic fishes",349968.372917372,2392314.43728757,7669769.85933797,999921.428683584,4508236.41277247,1769209
1853,"flying birds",3967.53249617726,6030.55238687164,6633.77654461681,5462.44951166042,6329.11218330535,4423.023
1853,"large divers",1980.25773739767,18930.1696438219,4206438.4696204,5559.8652590032,322875.097368443,16217.75
1853,"leopard seals",433.041596491904,3265.56025553118,44605.0944509489,1775.8843678774,4650.52514932212,2948.682
1853,"medium divers",57560.200837171,419980.468545769,1845000.41009884,152850.241432774,901433.575078457,390700.4
1853,"mesopelagic fishes",37810.6975384357,1816827.99042192,4696396.29530266,554578.535700478,3587303.99811524,1769209
1853,"mesozooplankton",6020833.55840264,17740876.7270954,28983121.7351288,9466188.30205758,24765200.5565297,12974200
1853,"minke whales",1773.88654059469,27287.6110523887,227833926.110242,6582.68126312358,23161623.2553787,20640.77
1853,"orca",4316.05948252153,8944.08166503284,348057.605202235,6754.57179812642,19886.9876361611,8846.046
1853,"other krill",238798.142411809,11653289.8325039,121181901.250279,1658051.13606332,73551061.6845553,2801248
1853,"other macrozooplankton",1670054.2178477,19628455.0222374,38669786.92942,8513568.74734826,28918214.8436902,14743410
1853,"salps",113176.267323224,1090994.23998895,2895284.9141502,419486.989249911,2087540.17204599,961270.3
1853,"shelf and coastal fishes",1164920.91027501,4856584.76415448,7562707.16635311,2486339.40387388,6258448.04632989,4027900
1853,"small divers",11291.7956980312,38167.0774260124,48493.9191410058,22449.0681735721,43089.0577221225,23589.46
1853,"sperm whales",10656.5314893375,24932.964981639,14435996.7422501,14453.8670935355,2889959.76638142,16217.75
1853,"squids",35072.3460104917,138964.911025465,429290.342814424,86828.2007552974,295475.32097977,221151.2
1853,"toothfishes",2473.79575521452,1008629.70644746,2765045.0257784,136685.657145242,1831975.98666517,1105756
1854,"antarctic krill",170308.336701348,13435179.8153969,57126031.0315189,2019614.63012549,36295340.0763692,5897364
1854,"baleen whales",105806.082289325,896883.121097904,115079613.418268,176621.237087332,19635579.8175536,187241.3
1854,"bathypelagic fishes",358440.033379374,2412399.27891217,7684257.57696515,1009940.65407594,4521121.21901963,1769209
1854,"flying birds",3966.42735949073,6029.40061171241,6633.16198883393,5462.53608484359,6326.66669878598,4423.023
1854,"large divers",1987.66919275349,18923.4730783323,4183958.17502193,5568.43234229268,320855.532568011,16217.75
1854,"leopard seals",434.948531299287,3265.42777217659,44210.6662260525,1779.49069891517,4651.59839398467,2948.682
1854,"medium divers",57744.7945301618,419845.655126415,1837960.27801775,153200.736270025,900300.619536415,390700.4
1854,"mesopelagic fishes",38507.1938894223,1825521.56748784,4698926.53691752,561468.813564211,3600209.30943462,1769209
1854,"mesozooplankton",4981404.23030247,17307282.1646958,28788264.7693366,8761958.86695119,24638818.7717532,12974200
1854,"minke whales",1807.26780152582,27289.3187065724,227079373.57927,6602.95717151485,23081684.0298915,20640.77
1854,"orca",4326.00958026941,8944.36639581646,347134.176612137,6760.0193692532,19857.0729016566,8846.046
1854,"other krill",230109.913428482,11194125.969061,120461600.102205,1585041.13784635,72929657.6109682,2801248
1854,"other macrozooplankton",1694341.92165096,18923222.6183725,38427853.9261927,8234339.86462815,28358868.4138678,14743410
1854,"salps",113812.253365202,1082753.47599697,2899017.63549111,415615.139220116,2082830.16392848,961270.3
1854,"shelf and coastal fishes",1176934.3958067,4863254.79065855,7566259.26251255,2498878.0818286,6266245.74007084,4027900
1854,"small divers",11299.0429971232,38137.6781596431,48487.3601970111,22448.4550195957,43066.834716945,23589.46
1854,"sperm whales",10664.464653353,24918.9037537047,14409942.6922297,14458.7495415742,2884768.49591122,16217.75
1854,"squids",35624.9127826643,139483.577589206,429233.668740754,87348.1005508307,295678.275580802,221151.2
1854,"toothfishes",2474.33391837341,1009143.043844,2765108.55749309,137656.638000005,1832217.10754839,1105756
1855,"antarctic krill",169400.809494646,13303411.4628899,57238191.7820082,1993829.40289228,36261145.2809492,5897364
1855,"baleen whales",105879.519264477,896004.135892402,114932667.828883,176631.111351186,19610707.7207929,187241.3
1855,"bathypelagic fishes",362990.949688116,2417346.08727445,7697485.5682104,1014138.9283001,4528926.54343999,1769209
1855,"flying birds",3964.98612474073,6028.12027892937,6632.51211483454,5460.10443606861,6324.98212476097,4423.023
1855,"large divers",1996.0984500648,18893.6954169005,4161584.23083136,5568.44270054489,318850.368047924,16217.75
1855,"leopard seals",437.093281295069,3266.45559058883,43820.3813459675,1784.69337580516,4652.78209354398,2948.682
1855,"medium divers",57952.6238979152,419749.939504268,1830958.08556848,153442.079021671,898236.243492705,390700.4
1855,"mesopelagic fishes",38232.4430984466,1817703.76649554,4693369.81951636,561753.013999252,3608546.53343522,1769209
1855,"mesozooplankton",5120779.96149645,17501898.7789248,29207196.4900003,9068688.36143432,25045587.6847101,12974200
1855,"minke whales",1843.67242651289,27295.2863286465,226327298.439501,6635.55605765311,23002006.6723247,20640.77
1855,"orca",4335.66438556455,8944.27409487352,346213.206554197,6765.16444507033,19826.6991228262,8846.046
1855,"other krill",215152.60660191,11251317.0075894,122330528.928442,1549433.49834018,74771929.7644967,2801248
1855,"other macrozooplankton",1675870.64873714,18910337.8424812,38867871.1589322,8022990.54879928,28623465.1698635,14743410
1855,"salps",113409.342611209,1073341.27458784,2902818.30073274,409614.30771693,2079842.07330957,961270.3
1855,"shelf and coastal fishes",1190733.35966865,4874877.17797794,7571002.31344202,2512545.50901868,6273535.65598771,4027900
1855,"small divers",11290.5053905537,38078.0184668395,48480.0079129562,22415.0495338488,43047.9023937613,23589.46
1855,"sperm whales",10672.3883643944,24904.5539773678,14383935.4221838,14463.8517375024,2879586.02820996,16217.75
1855,"squids",36551.3169404378,140122.290410691,429442.914444863,88022.423016443,296289.69976653,221151.2
1855,"toothfishes",2459.37365425614,1009693.39845077,2765352.84375509,138530.866041936,1832636.10351095,1105756
1856,"antarctic krill",165950.852275194,13221144.0527091,57275160.586191,1973410.27867039,36228791.5989441,5897364
1856,"baleen whales",105962.079760887,895126.092609643,114785921.642134,176649.694280379,19585870.018566,187241.3
1856,"bathypelagic fishes",364056.030991989,2417996.06072911,7694063.58486084,1023243.79953289,4533278.93645755,1769209
1856,"flying birds",3966.20123145254,6029.43083385475,6632.12770989167,5463.58679131137,6325.21273141419,4423.023
1856,"large divers",2002.94622871774,18883.9276792796,4139317.74574717,5570.34284354892,316957.47525363,16217.75
1856,"leopard seals",439.022226078618,3266.81466820719,43434.0143387751,1790.0027850609,4653.88592492333,2948.682
1856,"medium divers",58128.477930988,419296.079035961,1823981.49305317,153254.035815946,894940.067602918,390700.4
1856,"mesopelagic fishes",37978.5668454509,1817369.00836719,4684444.29438783,565345.9046785,3605506.37088861,1769209
1856,"mesozooplankton",5028559.86776963,17045854.4189216,28474327.9040709,8387379.06882029,24384784.3721769,12974200
1856,"minke whales",1877.23968782373,27231.3737402914,225577718.448557,6652.57006867332,22922594.5300095,20640.77
1856,"orca",4345.72582217677,8944.78653385676,345294.790202142,6771.07409484986,19797.4704080359,8846.046
1856,"other krill",201698.552923705,11194331.7236769,123128243.456535,1499861.02830397,75309951.9036871,2801248
1856,"other macrozooplankton",1656400.86548413,18813396.4030842,38182640.1992254,7942736.29837647,28209128.3109777,14743410
1856,"salps",112799.456339855,1071278.94182374,2901589.72511,405865.763209819,2075565.34441486,961270.3
1856,"shelf and coastal fishes",1200185.77574202,4883879.85343227,7572105.57010241,2523525.30633707,6277171.16234688,4027900
1856,"small divers",11313.8537647847,38067.4875692593,48472.6511053442,22433.7403668725,43033.6843139137,23589.46
1856,"sperm whales",10680.3456514843,24890.8125433544,14357975.9389436,14469.3702187452,2874414.36508996,16217.75
1856,"squids",37008.0321902229,140582.114061843,429722.221433915,88525.2055949343,296688.993165867,221151.2
1856,"toothfishes",2458.4571674515,1010618.68577342,2765573.691446,139833.490706896,1833148.43973436,1105756
1857,"antarctic krill",157997.066523667,12980633.3036914,57393646.8116943,1917292.81937243,36174602.3262016,5897364
1857,"baleen whales",106030.0637722,894249.37212423,114639344.97099,176654.362875815,19561060.3645682,187241.3
1857,"bathypelagic fishes",360583.120797163,2404607.07359834,7697126.58252641,1007378.03580586,4524792.91252346,1769209
1857,"flying birds",3963.62384713361,6027.23770421043,6631.26330050214,5452.88062254381,6322.72360205198,4423.023
1857,"large divers",2011.96452447366,18868.0520092613,4117154.6125565,5570.34863457396,315187.285919875,16217.75
1857,"leopard seals",441.393511313511,3268.00285820053,43051.3074578434,1791.73652097156,4655.04490314542,2948.682
1857,"medium divers",58350.3295255998,419304.263685705,1817044.25423827,153236.287333263,891728.136255602,390700.4
1857,"mesopelagic fishes",36596.4956400144,1794944.0281212,4675162.10454787,553876.450096609,3600138.46663065,1769209
1857,"mesozooplankton",4667255.36521502,17043878.8632966,28700593.1202512,8260609.24531665,24593655.4306135,12974200
1857,"minke whales",1917.06259609491,27245.0677336517,224830581.046773,6686.18882115778,22843439.4856095,20640.77
1857,"orca",4355.07488938601,8944.51816061928,344378.777807847,6776.73686208916,19766.9388757764,8846.046
1857,"other krill",185367.068517786,11009805.5770613,125078047.627734,1410994.74488574,76284577.3043716,2801248
1857,"other macrozooplankton",1574336.6678411,18300097.7071529,37987978.5186621,7702522.90619768,27630102.7144133,14743410
1857,"salps",110071.712851108,1057022.59287617,2898280.23519438,395412.422717627,2068944.68290091,961270.3
1857,"shelf and coastal fishes",1205207.74942971,4890203.24352766,7575572.55991273,2528453.48801709,6282037.59107021,4027900
1857,"small divers",11277.9843818573,38001.9760991296,48462.8995973525,22369.3631551152,43011.895578846,23589.46
1857,"sperm whales",10688.2639785694,24876.234215659,14332062.3249889,14474.2818310842,2869250.15896659,16217.75
1857,"squids",37844.4108091501,141090.500840283,430020.863847175,88822.9397535032,297438.468142723,221151.2
1857,"toothfishes",2426.67357612262,1011132.51648396,2765932.50410156,140742.695683112,1833747.51216561,1105756
1858,"antarctic krill",150214.801873215,12796670.0577549,57424451.4106663,1860734.71538777,36126458.6788787,5897364
1858,"baleen whales",106099.687014727,893373.592065343,114492957.748837,176660.472855211,19536283.1175172,187241.3
1858,"bathypelagic fishes",349557.450949178,2367830.23284265,7675779.86696071,966495.947548867,4487832.51004052,1769209
1858,"flying birds",3962.2997880754,6025.88802074869,6630.49752353,5444.16977719893,6319.80636007183,4423.023
1858,"large divers",2019.44260633551,18864.4018590693,4095095.63731173,5573.39929309136,313421.526523148,16217.75
1858,"leopard seals",443.537485164678,3267.75726677133,42671.3969047254,1796.90387995076,4655.86598884037,2948.682
1858,"medium divers",58538.434426312,419257.938912425,1810128.20347063,153087.944690549,890469.721689539,390700.4
1858,"mesopelagic fishes",34398.5386491968,1753277.62471164,4650551.99346208,527543.286287347,3572370.47457248,1769209
1858,"mesozooplankton",4689554.31242335,16896414.0792942,28093768.1087523,8121855.82048557,24115756.1972044,12974200
1858,"minke whales",1954.74764980369,27235.859000464,224085909.103631,6716.685564147,22764545.5459357,20640.77
1858,"orca",4364.67201982075,8944.7558244631,343465.307400535,6782.63368781543,19737.3359085271,8846.046
1858,"other krill",179529.527005357,11156585.5180181,126666438.299577,1375597.97643835,77751406.2863608,2801248
1858,"other macrozooplankton",1471263.81825816,17933537.6453007,37031948.1579409,7507039.16109085,27114317.8875666,14743410
1858,"salps",107630.409129523,1046158.85148139,2884524.68594024,388551.13677533,2055782.66009031,961270.3
1858,"shelf and coastal fishes",1187511.97529572,4882218.83529005,7570809.98253933,2510859.18851477,6275689.54727439,4027900
1858,"small divers",11229.2895108649,37926.6480438307,48449.0385268088,22313.7295168181,42975.2412536041,23589.46
1858,"sperm whales",10696.1997082098,24862.0169974241,14306195.9908618,14479.4236668427,2864095.98486496,16217.75
1858,"squids",38002.6984470038,141013.995458863,430143.979362535,88752.3705244561,297799.360630301,221151.2
1858,"toothfishes",2390.20658301291,1012626.36367635,2766044.24838255,141063.48135319,1834087.20234863,1105756
1859,"antarctic krill",142327.957873257,12653345.7205797,57552391.6031556,1797342.91347571,36133927.3142156,5897364
1859,"baleen whales",106166.29388858,892498.988487384,114346754.663599,176663.962935717,19511537.1687426,187241.3
1859,"bathypelagic fishes",336115.420270019,2323839.86844212,7658151.61773949,937132.358538228,4462551.66057491,1769209
1859,"flying birds",3960.46841514838,6025.01065352371,6629.65160676855,5433.7469723869,6316.35711333856,4423.023
1859,"large divers",2027.57677778465,18848.1833788316,4073140.49044731,5580.80386277553,311667.968321356,16217.75
1859,"leopard seals",445.887894838722,3268.00174460347,42294.7075669873,1802.03463147317,4655.91395296925,2948.682
1859,"medium divers",58738.3325842054,418902.779532181,1803246.01267675,153141.986688624,889553.119670791,390700.4
1859,"mesopelagic fishes",31940.3713469713,1713281.43767101,4631976.08913049,511070.387508842,3543178.5013119,1769209
1859,"mesozooplankton",4060936.70586358,16543050.0331054,27983073.3904029,7346387.48838333,23979373.8931638,12974200
1859,"minke whales",1995.32149227687,27196.9226919921,223343685.585753,6736.97366398891,22685910.8564508,20640.77
1859,"orca",4373.95133373402,8944.88530368032,342554.300416857,6788.19469903326,19707.3552987119,8846.046
1859,"other krill",172696.462135155,11117048.8787113,128337478.407574,1310254.23771393,78720426.2259628,2801248
1859,"other macrozooplankton",1364755.35691941,17634140.0052966,36774265.0888252,7289150.38112356,26651426.3819325,14743410
1859,"salps",104279.343963653,1035744.49253225,2874866.24819954,379990.233872998,2046128.64677563,961270.3
1859,"shelf and coastal fishes",1173564.51374282,4867809.46758732,7565796.13808212,2487092.03279578,6266200.56695378,4027900
1859,"small divers",11167.0830415412,37857.1309838898,48435.1714906676,22236.108431871,42944.5014174672,23589.46
1859,"sperm whales",10704.1224291033,24847.4960453757,14280376.0205244,14484.341716297,2858950.42572746,16217.75
1859,"squids",38134.2987738767,140660.083325954,430226.963211222,88429.4453282352,298187.458608416,221151.2
1859,"toothfishes",2350.21224281654,1012126.30184429,2766125.46499533,141135.507030534,1834216.72592355,1105756
1860,"antarctic krill",144160.052118622,13017840.3068374,58020926.3746359,1822629.66722622,36599374.9945793,5897364
1860,"baleen whales",106242.456769855,891625.428236454,114200751.12395,176676.912614736,19486826.0318123,187241.3
1860,"bathypelagic fishes",326852.702086466,2305721.99215711,7649257.3675719,937970.739096449,4453521.86520695,1769209
1860,"flying birds",3961.29169193339,6025.370602685,6629.12496192679,5435.99007576732,6316.73057414497,4423.023
1860,"large divers",2035.08624434076,18844.0540161832,4051291.65471723,5590.87072152118,309922.769768277,16217.75
1860,"leopard seals",448.229717187605,3269.99253092444,41921.6816293527,1805.12885927573,4655.81338710464,2948.682
1860,"medium divers",58923.2087346132,418829.76544421,1796398.01754261,153260.726954827,888649.252159899,390700.4
1860,"mesopelagic fishes",30524.1265088836,1711573.37910367,4635037.25169618,506613.382948895,3530548.32412368,1769209
1860,"mesozooplankton",5811715.14194282,17944540.8664802,30022169.5569408,9565224.15283851,25597295.4490278,12974200
1860,"minke whales",2035.11888960491,27182.7758653481,222603927.777103,6744.53920246383,22607539.3144953,20640.77
1860,"orca",4383.35648026463,8945.11776997097,341645.815956329,6793.87593298608,19677.9510771176,8846.046
1860,"other krill",190624.988763685,12093860.8346069,130576814.397729,1435431.64270289,81572808.5260884,2801248
1860,"other macrozooplankton",1373231.0848756,19271670.1154547,39088549.4855655,7716273.51233498,29256856.2810607,14743410
1860,"salps",104471.64414492,1056689.02509798,2880262.47939612,392777.927435522,2057024.61171267,961270.3
1860,"shelf and coastal fishes",1174133.89766863,4857178.9849974,7562664.38346137,2476211.01419321,6258272.9067881,4027900
1860,"small divers",11149.8967421007,37843.0886826205,48425.10535184,22209.9995927833,42937.7712412903,23589.46
1860,"sperm whales",10712.0848776412,24833.3308407657,14254603.1758038,14489.5061651619,2853814.94396967,16217.75
1860,"squids",38081.4236125196,140215.355946254,430418.593626738,87883.337972486,298477.650133127,221151.2
1860,"toothfishes",2337.69282771536,1011889.54445988,2766180.33523669,141358.829465172,1834151.9262377,1105756
1861,"antarctic krill",143609.93935092,13141536.1053963,58147563.6519181,1811688.30244481,36829465.2520813,5897364
1861,"baleen whales",106313.575630615,890753.011189766,114054927.823913,176684.905791251,19462145.2714477,187241.3
1861,"bathypelagic fishes",321034.335420377,2304027.01569634,7654753.143249,935599.884374928,4461348.68117632,1769209
1861,"flying birds",3960.05424188173,6024.97239484577,6628.35035510869,5431.09739798629,6314.68509923401,4423.023
1861,"large divers",2043.06924126947,18830.0539092572,4029546.08853913,5601.30561943212,308189.457774629,16217.75
1861,"leopard seals",450.710251176497,3272.08356857791,41551.9199920669,1807.78888333504,4655.57491772926,2948.682
1861,"medium divers",59116.2382501338,418775.758287376,1789585.97412779,153409.819060989,887740.170647716,390700.4
1861,"mesopelagic fishes",29589.7705044453,1716909.23308181,4652259.56422733,500282.399283754,3540979.13335212,1769209
1861,"mesozooplankton",4439357.68677567,16745773.7178295,27972597.48885,7296170.98212561,23995129.9178678,12974200
1861,"minke whales",2075.11087481841,27185.5965827286,221866598.826884,6761.16448122785,22529424.9067872,20640.77
1861,"orca",4392.53893745015,8945.31771761889,340739.800396399,6799.33541739137,19648.2898607513,8846.046
1861,"other krill",194498.644329763,11545967.0219567,129067680.218794,1420104.67943986,79221527.395121,2801248
1861,"other macrozooplankton",1350150.96176466,18774947.0037154,38000551.3773308,7797591.94779187,27823928.0240383,14743410
1861,"salps",103578.472307305,1056938.95802064,2884752.94048289,392291.245342664,2063264.01820974,961270.3
1861,"shelf and coastal fishes",1170075.4768,4848253.13200988,7561787.97249487,2470009.91138019,6249790.53679253,4027900
1861,"small divers",11104.7824442637,37844.5133858612,48414.2093987034,22163.6797879399,42929.3037437748,23589.46
1861,"sperm whales",10720.0461769858,24818.9592256497,14228876.6286143,14494.4851622238,2848688.09652843,16217.75
1861,"squids",38064.3951890607,139838.21044369,430488.623946775,87438.9513748991,298319.890919666,221151.2
1861,"toothfishes",2325.52276183682,1012309.02297884,2766147.55598074,141675.928394559,1833798.35537599,1105756
1862,"antarctic krill",152428.218209059,13455956.7674565,58217809.8781323,1856482.6142212,36961663.4077422,5897364
1862,"baleen whales",106398.452098442,889881.512348576,113909308.095157,176706.096931756,19437499.8363763,187241.3
1862,"bathypelagic fishes",320906.927587551,2319405.29005133,7659880.88910675,948527.14538786,4469715.0392523,1769209
1862,"flying birds",3962.0637826952,6025.43945628388,6627.95427059797,5441.70651335751,6317.64453792945,4423.023
1862,"large divers",2049.45657992783,18790.7262561234,4007907.13944288,5607.26041415,306461.232572083,16217.75
1862,"leopard seals",452.976852571701,3272.46717321649,41186.1847562113,1811.4125892164,4655.23313276291,2948.682
1862,"medium divers",59275.5963899223,418445.166140752,1782806.44276662,153361.846282304,886857.490740726,390700.4
1862,"mesopelagic fishes",29597.3175440281,1742068.12642983,4675883.35503798,507096.911817591,3559341.36999565,1769209
1862,"mesozooplankton",6142800.74506804,18275192.6310116,30125623.2441198,10242921.2974843,25618494.6686516,12974200
1862,"minke whales",2068.61409854121,27179.9642174877,221131725.601128,6777.65401072732,22451572.5553229,20640.77
1862,"orca",4402.23189154023,8945.79715898165,339836.341347137,6805.31934467938,19619.890799783,8846.046
1862,"other krill",220257.903540529,12012552.620903,127773191.011622,1539529.11065279,77880813.3644113,2801248
1862,"other macrozooplankton",1419553.97239622,19303043.8484108,38817948.0929241,8158657.38990395,29314783.3256825,14743410
1862,"salps",106314.451389602,1083268.97954125,2893839.39345782,410910.02874773,2077507.18584911,961270.3
1862,"shelf and coastal fishes",1170335.89001521,4838435.13191676,7560262.35912217,2470273.67836779,6243221.06362489,4027900
1862,"small divers",11119.1676743361,37912.9122685789,48404.9708866331,22198.6369415356,42931.5563015773,23589.46
1862,"sperm whales",10728.065924647,24805.3919457342,14203197.5285248,14499.9905347891,2843572.18477645,16217.75
1862,"squids",37604.1863295692,139295.065865676,430494.87544909,87133.8773542438,297996.233911616,221151.2
1862,"toothfishes",2342.06395130009,1012555.61734618,2766012.14379889,142055.148314774,1833314.48255122,1105756
1863,"antarctic krill",165042.749460022,13783195.2050865,58117310.8449729,1946324.97277227,37032541.9934056,5897364
1863,"baleen whales",106481.742755593,889011.192228215,113763872.031082,176725.682529521,19412885.3546292,187241.3
1863,"bathypelagic fishes",327351.573429757,2363042.26490106,7680742.84689599,973775.956027962,4500542.48536412,1769209
1863,"flying birds",3962.56334381795,6025.90513849721,6627.39090108478,5447.73156240446,6318.01265500806,4423.023
1863,"large divers",2056.53693336092,18779.6050811391,3986371.84025868,5612.98843598514,304745.192964786,16217.75
1863,"leopard seals",455.424416505662,3273.2043276063,40824.6642592143,1813.41024213641,4653.4945087714,2948.682
1863,"medium divers",59450.2317794151,418090.661242178,1776068.50346814,153238.877663481,885983.789732123,390700.4
1863,"mesopelagic fishes",30530.0722230696,1777959.98225938,4702804.8346901,519312.66145032,3591291.92608509,1769209
1863,"mesozooplankton",6417879.23497834,18129023.1133391,29533837.8538314,9845505.54796578,25252012.3738552,12974200
1863,"minke whales",2064.49033168291,27175.2678015678,220399270.111773,6791.70568132597,22373976.4043591,20640.77
1863,"orca",4411.82842180687,8946.29620974927,338935.346647821,6811.21753103862,19591.2321888117,8846.046
1863,"other krill",251062.696493845,12128544.5325979,124269837.589175,1700618.52367457,75812236.2757386,2801248
1863,"other macrozooplankton",1530595.87631681,20228799.4190049,39704489.5545263,8695937.78445369,30056261.2430581,14743410
1863,"salps",110029.773195278,1098728.09571141,2905305.64097888,421932.500961624,2093548.37354291,961270.3
1863,"shelf and coastal fishes",1175999.77450199,4835926.83409697,7563602.39538603,2477644.82012671,6246233.50595582,4027900
1863,"small divers",11132.9152697411,37962.2845548712,48396.8986981827,22233.4692021908,42928.5196636774,23589.46
1863,"sperm whales",10736.0941791218,24791.7598809817,14177564.6305992,14505.4039385775,2838465.18097116,16217.75
1863,"squids",37367.0804384453,139125.112238959,430423.040917549,87015.4893853561,297895.007966688,221151.2
1863,"toothfishes",2365.20915373614,1012857.26088812,2765955.31762441,142349.978698065,1832868.46845074,1105756
1864,"antarctic krill",173710.597688047,13750007.3364337,57891659.4096545,1975737.09044561,36844508.0530286,5897364
1864,"baleen whales",106559.677509247,888142.140619107,113618615.230024,176740.247779433,19388300.8774158,187241.3
1864,"bathypelagic fishes",337654.864878525,2404322.58106078,7714788.97523076,996004.93901398,4542065.6217943,1769209
1864,"flying birds",3961.68323655979,6025.56316425,6626.71350913989,5445.80425025372,6316.86102541589,4423.023
1864,"large divers",2065.17311890416,18773.1964130703,3964939.71801407,5614.77725882173,303044.264379934,16217.75
1864,"leopard seals",458.212212581192,3276.478054666,40467.6346267469,1811.73218364314,4648.84548667782,2948.682
1864,"medium divers",59659.7535762377,417905.57653298,1769376.49377949,153346.891854867,884805.036408662,390700.4
1864,"mesopelagic fishes",31590.8595598021,1810418.52070485,4727674.04419528,533812.069176925,3622128.5677332,1769209
1864,"mesozooplankton",5277496.73303221,17651738.2223651,29129970.0440971,9086366.08887731,24922390.9736038,12974200
1864,"minke whales",2065.92116003237,27179.368844286,219669217.365086,6822.48002255254,22296634.594887,20640.77
1864,"orca",4421.0798381926,8946.69012232394,338036.768750198,6816.69215025095,19561.8246787621,8846.046
1864,"other krill",252046.081783122,11559314.5725384,121838585.694955,1686158.93201371,73683910.54728,2801248
1864,"other macrozooplankton",1602436.12247448,19503116.7176136,39107081.7101379,8599987.57782916,28926196.7326887,14743410
1864,"salps",112037.034871621,1094877.16112142,2916288.364621,422817.375712611,2096999.38714286,961270.3
1864,"shelf and coastal fishes",1189454.01174918,4847110.27469854,7571939.31923767,2495169.77486403,6257453.87536446,4027900
1864,"small divers",11133.043089748,37973.0888909022,48389.7147682137,22237.3292609485,42926.1756448712,23589.46
1864,"sperm whales",10744.1267567744,24777.8128146879,14151977.5929327,14510.5512403211,2833366.56540346,16217.75
1864,"squids",37753.4856911672,139409.61235041,430512.125335155,87466.1916671491,298211.410581216,221151.2
1864,"toothfishes",2381.49244750869,1013426.57577152,2766165.44016647,142683.632425404,1832675.34793723,1105756
1865,"antarctic krill",170408.119898343,13313997.4742057,57547852.842263,1929156.54533787,36417966.3359735,5897364
1865,"baleen whales",106631.825259826,887274.2108208,113473536.788715,176749.202961317,19363746.1275814,187241.3
1865,"bathypelagic fishes",340442.414659221,2408640.9920843,7730897.74296294,991968.476450543,4552736.54054375,1769209
1865,"flying birds",3959.7633571821,6024.55853309814,6625.88680051141,5437.07692770623,6313.08477609409,4423.023
1865,"large divers",2074.06305695747,18767.6239722226,3943608.69169242,5614.46808017001,301353.453904871,16217.75
1865,"leopard seals",461.087696613296,3282.08161732457,40114.2322035165,1813.9417930147,4646.36828463135,2948.682
1865,"medium divers",59876.893745211,417842.195776448,1762716.52051152,153554.026378633,882790.893811664,390700.4
1865,"mesopelagic fishes",31165.418988736,1800103.8627602,4722398.42224001,527554.733969374,3623285.6631002,1769209
1865,"mesozooplankton",3952789.72963981,16646451.4876284,27745686.4016607,7633698.22079773,23807313.6343043,12974200
1865,"minke whales",2067.62112324306,27126.6012457614,218941557.84351,6851.28923905995,22219545.1905723,20640.77
1865,"orca",4430.2328247944,8947.05949929339,337140.627042757,6821.69208081228,19532.3407635425,8846.046
1865,"other krill",221584.134786718,10778797.697028,121592415.289511,1490933.26707674,73358710.8956742,2801248
1865,"other macrozooplankton",1537744.60589794,17949361.6967394,37196963.4738914,7840861.5610836,26980426.4481708,14743410
1865,"salps",110734.116601776,1070147.90479838,2913019.19394121,409729.157573224,2079128.10486215,961270.3
1865,"shelf and coastal fishes",1189112.98592352,4853300.90915494,7576069.83941157,2500386.24884682,6262683.91552294,4027900
1865,"small divers",11099.2931611484,37933.064191133,48378.3977101492,22202.466844879,42912.6365911767,23589.46
1865,"sperm whales",10752.1582958941,24763.7744576933,14126436.622286,14515.590195923,2828276.82791699,16217.75
1865,"squids",38220.6649779007,139758.488574489,430589.895255823,87896.8430279039,298414.544134722,221151.2
1865,"toothfishes",2369.12126287894,1013191.72338208,2766448.3746132,142905.107722077,1832583.83091832,1105756
1866,"antarctic krill",166335.041115603,13142243.258946,57528675.7640952,1901879.48272236,36262174.9471901,5897364
1866,"baleen whales",106714.429039001,886407.294174969,113328657.216818,176782.213857674,19339225.6935125,187241.3
1866,"bathypelagic fishes",338741.923816763,2404054.46369,7728627.2884755,997629.427509437,4546253.93143121,1769209
1866,"flying birds",3960.94628073454,6025.29982892862,6625.40401283825,5441.70474847994,6314.65469808609,4423.023
1866,"large divers",2082.03187519642,18763.0829297259,3922380.8280634,5615.07808831971,299668.998429058,16217.75
1866,"leopard seals",463.902908252571,3286.18672069215,39764.8678635989,1818.28528835381,4647.89455843485,2948.682
1866,"medium divers",60077.0011614516,417745.460312107,1756084.60569809,153686.728808806,880788.55703723,390700.4
1866,"mesopelagic fishes",30364.1362678044,1793717.37952183,4705111.15134886,532180.888307543,3611937.34481659,1769209
1866,"mesozooplankton",4631041.16555537,17139049.1068649,28939380.787172,8716769.40449229,24763936.6564535,12974200
1866,"minke whales",2065.72763360563,27127.6220247173,218216314.70243,6873.83760478651,22142712.9154615,20640.77
1866,"orca",4439.69032434764,8947.55697957898,336246.96468892,6827.00868236005,19503.654714556,8846.046
1866,"other krill",202213.40926153,11163168.702834,123906842.680558,1482235.00547502,76217582.2588702,2801248
1866,"other macrozooplankton",1502159.45921114,18339004.301451,37899370.2635267,7603579.47505822,28033113.6430617,14743410
1866,"salps",109834.297814729,1067981.88327257,2910582.6151796,407813.631295735,2073695.85542379,961270.3
1866,"shelf and coastal fishes",1196603.78401951,4860823.86631379,7577465.75766954,2509806.29777429,6265870.92898707,4027900
1866,"small divers",11111.1075339631,37934.8445834905,48368.8482006691,22212.7855372276,42902.2164533562,23589.46
1866,"sperm whales",10760.2264216388,24750.2316092341,14100942.3879576,14520.9785183828,2823197.49111653,16217.75
1866,"squids",38461.1858931855,140147.002798396,430801.158943046,88282.3896156041,298690.44075901,221151.2
1866,"toothfishes",2364.83374975337,1013134.16978089,2766863.54493673,143237.980486754,1832702.18830732,1105756
1867,"antarctic krill",153948.098540105,12878830.1962215,57670345.3347832,1806901.30380499,36241164.1807717,5897364
1867,"baleen whales",106785.39016896,885541.683017065,113183948.459263,176804.728885593,19314733.5553856,187241.3
1867,"bathypelagic fishes",333116.32842935,2389467.73502741,7731238.63453943,991876.356615393,4535887.60867998,1769209
1867,"flying birds",3958.87212482996,6023.7483175949,6624.52218541702,5432.48321039476,6310.69189852572,4423.023
1867,"large divers",2091.9615581841,18756.0882547452,3901252.18011231,5619.15322572093,298000.643524385,16217.75
1867,"leopard seals",467.165738768764,3287.12980927363,39419.0574466403,1823.80736735049,4647.38956074938,2948.682
1867,"medium divers",60319.4308169363,417711.477808015,1749490.16167949,153993.222030149,878788.260827156,390700.4
1867,"mesopelagic fishes",28935.0732418465,1774410.70149862,4691520.7761951,522370.286743621,3601744.93015459,1769209
1867,"mesozooplankton",3651257.77188752,16192244.1395874,27736989.6421363,6672432.86096963,23752849.6093084,12974200
1867,"minke whales",2071.50570549095,27137.3891723803,217493439.340346,6918.38023646431,22066130.2936807,20640.77
1867,"orca",4448.5318212585,8947.63875985404,335355.649200319,6831.98491189846,19473.8023040729,8846.046
1867,"other krill",173309.663094876,10861357.4054067,126584747.032639,1311399.38117032,76722332.4012025,2801248
1867,"other macrozooplankton",1403025.49243939,17965796.1487618,37605093.6759675,7389076.53084682,27038806.209556,14743410
1867,"salps",105875.156442862,1050382.75651282,2907642.4025521,397597.218527905,2066636.7022411,961270.3
1867,"shelf and coastal fishes",1207214.4412951,4866631.70176871,7581628.8688961,2519769.96555534,6272073.36713045,4027900
1867,"small divers",11078.1442546874,37870.9503189936,48358.8785106003,22154.4890854113,42893.3889028622,23589.46
1867,"sperm whales",10768.2570280423,24735.9410551499,14075493.2804938,14525.834439294,2818125.71297688,16217.75
1867,"squids",39181.9777325577,140618.156310097,431096.764676043,88818.3844257378,298952.401972987,221151.2
1867,"toothfishes",2337.1904565896,1013630.07663282,2767491.7860999,143554.817720432,1832749.75897161,1105756
1868,"antarctic krill",148520.486805616,12997137.4196408,57883821.2510176,1781056.71221048,36435158.7464269,5897364
1868,"baleen whales",106870.550105753,884676.882145559,113039442.029599,176841.49806759,19290276.5332454,187241.3
1868,"bathypelagic fishes",325863.384163388,2376154.16363584,7709334.68261625,985762.653002509,4511288.82399598,1769209
1868,"flying birds",3960.72951005452,6025.4280569688,6624.0643734332,5440.311572495,6313.02098924748,4423.023
1868,"large divers",2099.19671211322,18745.6076164474,3880224.99455251,5616.86797627711,296332.901945654,16217.75
1868,"leopard seals",470.030566434084,3286.6725219019,39076.419953906,1828.11247479862,4647.34191861429,2948.682
1868,"medium divers",60505.5859393885,417586.416979263,1742911.04340951,154204.742819421,876725.702947309,390700.4
1868,"mesopelagic fishes",27822.7025885731,1766245.52291882,4679727.96894031,521873.601146525,3580784.05148414,1769209
1868,"mesozooplankton",5187450.47074593,17476691.3903816,29315526.1182161,9104359.99701498,25029240.8600421,12974200
1868,"minke whales",2067.10721192054,27131.0458077286,216772973.586848,6931.87524381854,21989804.5032943,20640.77
1868,"orca",4458.10797497784,8947.16466127042,334466.861877349,6837.80611419944,19445.7495508508,8846.046
1868,"other krill",172805.707006556,11323118.795657,129151050.948872,1358424.27394513,79750703.1551076,2801248
1868,"other macrozooplankton",1380176.82571928,18503028.2039171,37968702.5431122,7648042.8430027,28246362.3589179,14743410
1868,"salps",105104.740760714,1062572.72570979,2902372.54259194,405652.87217748,2069007.55322531,961270.3
1868,"shelf and coastal fishes",1207933.46111427,4870209.83168346,7579049.78971515,2522280.91273042,6270015.21914136,4027900
1868,"small divers",11091.9515599499,37888.8660926631,48348.6399862813,22174.4951572535,42895.0924068818,23589.46
1868,"sperm whales",10776.3393689366,24722.5962512704,14050091.3350452,14531.3466895267,2813065.22685524,16217.75
1868,"squids",39044.2022293036,140677.824760395,431281.276529478,88837.3886355308,298948.883932311,221151.2
1868,"toothfishes",2333.01153211098,1014589.79635423,2767923.51926593,144252.579514795,1832766.74170962,1105756
1869,"antarctic krill",146504.145892354,13186316.8827523,57902518.8090942,1773105.03291048,36523884.629239,5897364
1869,"baleen whales",106959.255931436,883813.138155522,112895124.203929,176881.438883049,19265851.5429526,187241.3
1869,"bathypelagic fishes",322969.748028031,2375863.96044662,7694447.16768124,990549.212096124,4504419.01695356,1769209
1869,"flying birds",3962.33065988391,6026.5456980895,6623.55405851027,5450.65714533243,6313.4654577167,4423.023
1869,"large divers",2106.05213107229,18733.9991100664,3859297.90406771,5619.18682215602,294673.556141973,16217.75
1869,"leopard seals",472.924204105554,3286.22146359313,38737.3282504258,1832.70199846447,4648.40767256987,2948.682
1869,"medium divers",60683.8118075404,417446.89534226,1736361.0922988,154382.467712242,874841.075673248,390700.4
1869,"mesopelagic fishes",27469.4546513334,1779342.90148625,4684994.8385071,527664.799214861,3583605.0143229,1769209
1869,"mesozooplankton",4991745.64826179,17060217.5988903,28506708.3683423,8203294.94498712,24391675.4539729,12974200
1869,"minke whales",2061.51427061264,27125.7981301044,216054887.844703,6940.67401240099,21913731.2895747,20640.77
1869,"orca",4467.86108337627,8946.90419130591,333580.519947607,6843.72857219966,19418.0556743431,8846.046
1869,"other krill",181768.50241681,11465453.1801041,127428059.360847,1400148.83095175,78467440.6241887,2801248
1869,"other macrozooplankton",1403392.7453295,19049035.2747371,38137807.0127886,7914578.94374154,28332235.6182025,14743410
1869,"salps",104918.998199918,1073799.0764071,2899832.19933929,411161.596070423,2076174.4348646,961270.3
1869,"shelf and coastal fishes",1212069.98392935,4872054.19951287,7577959.08049589,2527768.26979113,6269929.47129095,4027900
1869,"small divers",11121.7319772141,37942.4614594232,48339.833714989,22227.2016216956,42904.5184300004,23589.46
1869,"sperm whales",10784.4207745309,24709.4172188384,14024735.4273191,14536.9548264684,2808014.2409232,16217.75
1869,"squids",38644.1491494251,140538.773839289,431267.686872372,88521.6179356489,298873.330621106,221151.2
1869,"toothfishes",2345.17494029553,1014996.21409621,2768288.87683924,144885.782500132,1832798.18570405,1105756
1870,"antarctic krill",146944.907925106,13200326.4269063,57647052.6192547,1769602.65340151,36425956.2024812,5897364
1870,"baleen whales",107046.799251672,882950.451128702,112750988.693935,176919.518534961,19241457.2031034,187241.3
1870,"bathypelagic fishes",323046.62218571,2375763.37084715,7679027.37322818,988788.146597462,4497118.29234968,1769209
1870,"flying birds",3962.89241093391,6027.02072165903,6622.92621460435,5456.45793608195,6313.05974657881,4423.023
1870,"large divers",2112.52604326015,18727.6838414854,3838469.3190781,5622.48586064809,293113.692912639,16217.75
1870,"leopard seals",475.816050543364,3284.92072937318,38401.4531042752,1836.37625762215,4649.35251411413,2948.682
1870,"medium divers",60853.8701573994,417327.024887113,1729839.39710657,154532.289787253,873521.166227596,390700.4
1870,"mesopelagic fishes",27312.6558685351,1785108.30100332,4688611.38661789,526074.476597755,3584902.76851842,1769209
1870,"mesozooplankton",4821558.15473873,17197770.0530595,28537798.271002,8724714.91222511,24346571.1333602,12974200
1870,"minke whales",2054.49398702475,27117.0395095114,215339165.626548,6943.21953804267,21837908.269472,20640.77
1870,"orca",4477.81568523193,8947.71173747717,332696.619463595,6849.72900051035,19390.667409277,8846.046
1870,"other krill",190393.655005769,11343353.6142741,125148846.112002,1432562.16483657,75965037.8880328,2801248
1870,"other macrozooplankton",1425826.85355076,18541955.7619305,37492069.1321743,7902103.14007353,27747298.4297846,14743410
1870,"salps",105472.854980854,1077755.04661682,2893530.30896751,415259.395934655,2077991.60505437,961270.3
1870,"shelf and coastal fishes",1208466.11464792,4865501.72517197,7574357.24584457,2528188.06372983,6268703.50134462,4027900
1870,"small divers",11141.3780262143,37995.2180471239,48329.2083503136,22278.6723639971,42902.0370684836,23589.46
1870,"sperm whales",10792.4839517356,24696.3213799914,13999425.338918,14542.5774042013,2802972.42830908,16217.75
1870,"squids",38031.8443447497,140335.96208557,430930.278451465,88055.327178407,298651.621508983,221151.2
1870,"toothfishes",2356.76115925898,1015257.5561856,2768465.79471289,145358.978637403,1832761.54016023,1105756
1871,"antarctic krill",149962.943039102,13270395.8878048,57532474.5619057,1776173.93783768,36315539.4839054,5897364
1871,"baleen whales",107131.295204006,882088.992537797,112607033.908879,176954.372370662,19217093.1985721,187241.3
1871,"bathypelagic fishes",326555.173463128,2382698.3490398,7675033.47313967,995135.258216042,4498152.22942119,1769209
1871,"flying birds",3962.71736795528,6026.97721109742,6622.27871844503,5457.67008852117,6312.41391502401,4423.023
1871,"large divers",2119.96714773834,18724.0557530968,3817739.57638074,5625.52699802327,291719.223839955,16217.75
1871,"leopard seals",478.967933954155,3284.38472787957,38069.2205550842,1841.43164542668,4650.38146894536,2948.682
1871,"medium divers",61044.4939895604,417250.889151004,1723357.50571104,154747.277095563,873164.671117274,390700.4
1871,"mesopelagic fishes",27300.6137986158,1791427.8507936,4692418.43076818,530380.751322522,3586808.49911535,1769209
1871,"mesozooplankton",5080031.37048103,17492650.8992587,29064872.0730185,9115110.02443654,24851504.6576504,12974200
1871,"minke whales",2051.2099115205,27104.3804446146,214625795.542776,6958.01854938085,21762334.2081255,20640.77
1871,"orca",4487.64778323707,8948.51624281344,331815.110574744,6855.51929366938,19362.8405297743,8846.046
1871,"other krill",201191.269818401,11516044.0456364,124115980.002669,1482079.25127775,75915243.1381948,2801248
1871,"other macrozooplankton",1464626.25790603,18897113.6648706,38266329.8139229,7935773.75821646,28576294.824964,14743410
1871,"salps",106477.287169204,1080439.77337868,2892830.51257298,418852.636694128,2078735.04252834,961270.3
1871,"shelf and coastal fishes",1212626.54912032,4869728.45092555,7573124.29380561,2534981.94444837,6269921.90208294,4027900
1871,"small divers",11159.504683452,38006.3550146927,48320.0271292743,22312.9943149391,42895.1877308944,23589.46
1871,"sperm whales",10800.5294369225,24682.9908195338,13974160.6282824,14548.0065348577,2797939.1147205,16217.75
1871,"squids",37798.8655965154,140359.103783975,430626.297988879,87953.1849527334,298604.539802308,221151.2
1871,"toothfishes",2362.97710372963,1015528.93213701,2768666.80075714,145789.590725595,1832592.14021728,1105756
1872,"antarctic krill",157543.194169498,13484033.7262046,57491808.8870296,1819060.51430419,36421192.4776426,5897364
1872,"baleen whales",107216.505523734,881228.645184967,112463264.264352,176989.715433009,19192760.4248101,187241.3
1872,"bathypelagic fishes",332825.843334351,2396020.04284183,7674729.48256085,1006408.25918476,4503480.96362306,1769209
1872,"flying birds",3962.93490473813,6027.07191842822,6621.71230923684,5459.74117299651,6312.09958801335,4423.023
1872,"large divers",2127.44086333439,18720.3307725868,3797108.46660185,5630.29891666488,290331.48598389,16217.75
1872,"leopard seals",482.202299088723,3284.09249590948,37740.409438598,1845.59686285234,4651.15389242704,2948.682
1872,"medium divers",61236.535108681,417171.756856332,1716908.11534797,154955.727883153,872811.479456045,390700.4
1872,"mesopelagic fishes",27791.0290249107,1806546.30542581,4694979.57374737,538068.059419445,3597781.29332631,1769209
1872,"mesozooplankton",6156729.898772,18012919.5225793,29586506.5836713,9917519.36500196,25303134.8155398,12974200
1872,"minke whales",2047.89724913248,27049.4331597134,213914777.686826,6973.42287973308,21687009.4274217,20640.77
1872,"orca",4497.61051395908,8949.38553732255,330936.009749549,6861.43088517386,19335.1769243512,8846.046
1872,"other krill",222348.642231328,11823555.2898292,123345577.629025,1585030.12104174,75662713.7844075,2801248
1872,"other macrozooplankton",1542962.92204922,19660932.5039173,39124598.750255,8246660.66675425,29431296.8777381,14743410
1872,"salps",109284.735461597,1089192.76569258,2895420.63941811,427258.923001432,2086859.00069819,961270.3
1872,"shelf and coastal fishes",1219131.23966803,4872572.89924761,7572343.47652684,2547466.97241322,6271792.44329259,4027900
1872,"small divers",11185.2694855196,38015.6639686749,48311.8857024396,22354.7551796583,42890.6398336039,23589.46
1872,"sperm whales",10808.5640092656,24669.7236428447,13948941.6170867,14553.450154292,2792915.01176447,16217.75
1872,"squids",37721.2874418098,140483.851968033,430363.057249459,88127.4630792929,298669.170315328,221151.2
1872,"toothfishes",2371.89252692391,1015945.37979523,2768826.37308811,145863.043209279,1832477.95943731,1105756
1873,"antarctic krill",166122.515167637,13597430.3484591,57270721.4306284,1866319.71583686,36304055.671299,5897364
1873,"baleen whales",107302.537358673,880369.379923661,112319679.514932,177025.644694929,19168458.8724985,187241.3
1873,"bathypelagic fishes",341266.482527748,2413671.81228212,7674359.11526632,1017722.79137156,4513214.08356988,1769209
1873,"flying birds",3963.37102594751,6027.49762894228,6621.18768243082,5461.74943022535,6312.18613308615,4423.023
1873,"large divers",2134.76521466559,18716.4795300175,3776575.54796836,5634.70785555136,288950.457850406,16217.75
1873,"leopard seals",485.4759501334,3284.43211957888,37414.8952470211,1850.72575733422,4651.88560767332,2948.682
1873,"medium divers",61426.3834470833,417080.231254686,1710489.09431084,155142.26422479,872461.483592401,390700.4
1873,"mesopelagic fishes",28753.9642007272,1824505.12897176,4696637.01560601,545437.360068769,3609375.90227974,1769209
1873,"mesozooplankton",5941923.20921315,17743040.8065754,28980862.2484774,9483254.64793726,24770035.5076599,12974200
1873,"minke whales",2043.63795135846,27001.1859497194,213206104.008323,6983.52818360843,21611932.9616417,20640.77
1873,"orca",4507.76282593774,8950.38716788589,330059.310407413,6867.53459732553,19307.8042712487,8846.046
1873,"other krill",238939.382165141,11651407.9626353,121160614.64398,1653186.96414797,73626193.3518948,2801248
1873,"other macrozooplankton",1626244.35964516,19605910.0931948,38635667.6074567,8524636.98735022,28897432.7580404,14743410
1873,"salps",112373.313973629,1092119.555222,2896326.92507987,431078.673357976,2089743.03756672,961270.3
1873,"shelf and coastal fishes",1224083.79129996,4877313.3489873,7571011.97010106,2557117.83351128,6272583.90465845,4027900
1873,"small divers",11215.4060374168,38031.1066580615,48304.1531275138,22406.1732124207,42887.665489342,23589.46
1873,"sperm whales",10816.5870655739,24656.585310707,13923768.2985988,14559.1722678271,2787900.25130722,16217.75
1873,"squids",37672.8788748251,140486.685722188,430077.387886962,88416.9901182033,298439.071227063,221151.2
1873,"toothfishes",2385.83560191588,1016684.50324715,2768913.18940824,145938.320909294,1832471.12828579,1105756
1874,"antarctic krill",169357.935269126,13438940.0766016,57118756.4783287,1863903.22921852,36184895.079214,5897364
1874,"baleen whales",107381.14519721,879511.417420378,112176269.735909,177054.277206326,19144189.7080039,187241.3
1874,"bathypelagic fishes",349703.941878599,2426094.63402362,7684880.65353344,1028929.38030767,4525385.45880598,1769209
1874,"flying birds",3962.31146390819,6027.14021307046,6620.53926066107,5460.77655432017,6310.68361738219,4423.023
1874,"large divers",2143.88902576126,18708.2645560812,3756140.21836626,5647.99791887341,287576.104751794,16217.75
1874,"leopard seals",489.158232919438,3285.37671558903,37092.9673052607,1856.05006669566,4652.80397270102,2948.682
1874,"medium divers",61655.2107885523,417063.631670523,1704113.02375095,155393.622305402,871559.602528683,390700.4
1874,"mesopelagic fishes",29269.9610551791,1830980.77417944,4698115.73815497,550942.020498317,3623373.76017488,1769209
1874,"mesozooplankton",4920681.3891913,17325265.1047526,28786016.0213498,8793927.61201101,24646948.8847505,12974200
1874,"minke whales",2045.93052378351,26959.7927724982,212499750.93651,7012.61753113772,21537101.7053634,20640.77
1874,"orca",4517.50210750686,8950.7510024223,329184.929126123,6872.46000754119,19279.5172740826,8846.046
1874,"other krill",230253.780681493,11201070.3169455,120442629.616223,1582928.49137787,73010078.6101184,2801248
1874,"other macrozooplankton",1653600.42506752,18921415.663589,38397287.1326342,8236148.99447018,28322201.9136527,14743410
1874,"salps",113052.768263716,1084032.19777389,2899237.7316194,427963.818028996,2084582.89054817,961270.3
1874,"shelf and coastal fishes",1237278.78156549,4888391.44375582,7573404.02584936,2574618.72696109,6277348.7345425,4027900
1874,"small divers",11225.9246063336,38006.2602939907,48297.4167018718,22409.5584253633,42879.7987637202,23589.46
1874,"sperm whales",10824.5870362802,24642.9606806856,13898639.8646595,14564.3374166329,2782893.45054019,16217.75
1874,"squids",38245.0087431981,140948.886241366,430019.486477292,89009.9542423415,298586.793994803,221151.2
1874,"toothfishes",2386.37370518642,1018817.36372967,2769160.90203893,146119.562981997,1832481.93585936,1105756
1875,"antarctic krill",168580.563276983,13335521.0984446,57230614.7000779,1840458.57485544,36162956.7548183,5897364
1875,"baleen whales",107454.950352612,878654.646953545,112033038.026063,177078.306197192,19119953.6968093,187241.3
1875,"bathypelagic fishes",354308.225956218,2432840.41615387,7695459.65413,1032369.64133636,4538219.82438765,1769209
1875,"flying birds",3960.90563321488,6026.40204550062,6619.86092869341,5456.35062098589,6308.2337919665,4423.023
1875,"large divers",2154.0403218604,18688.3307135208,3735802.00556173,5663.54035711809,286208.293125999,16217.75
1875,"leopard seals",493.114018588038,3287.02020625251,36774.3802367672,1864.61856268537,4653.81630419789,2948.682
1875,"medium divers",61907.0507263749,417088.033821176,1697772.28250241,155485.901134754,869569.498639714,390700.4
1875,"mesopelagic fishes",29055.270603564,1827041.57660595,4692101.9817209,553306.039988808,3625713.25099081,1769209
1875,"mesozooplankton",5059916.71710354,17509846.1232708,29205509.400747,9093519.63891538,25046803.4828783,12974200
1875,"minke whales",2051.74676306317,26969.8186685418,211795716.315734,7049.25010571587,21462515.5260237,20640.77
1875,"orca",4526.9410804908,8950.72620983366,328312.873450219,6876.34551050457,19250.7738974288,8846.046
1875,"other krill",215280.830221425,11251694.659786,122312164.865088,1545686.60923436,74874350.2635732,2801248
1875,"other macrozooplankton",1639019.77266412,18897234.9056627,38839266.2045739,8026800.05198337,28595400.3598473,14743410
1875,"salps",112693.193768647,1074636.10322922,2902428.55304063,425349.56124831,2080201.83918086,961270.3
1875,"shelf and coastal fishes",1252262.90085535,4901464.93095364,7576951.48524136,2588642.22792426,6282817.76556856,4027900
1875,"small divers",11220.9499128544,37958.5217526991,48289.9440944211,22383.5847565886,42851.4044956045,23589.46
1875,"sperm whales",10832.5730342332,24629.0415610387,13873556.5358459,14569.1400768306,2777895.11149323,16217.75
1875,"squids",39196.8542133008,141514.748557501,430227.66324516,89771.7929846711,299020.36117795,221151.2
1875,"toothfishes",2371.74535106001,1020805.80322002,2769530.18753206,146722.338234552,1832528.83079084,1105756
1876,"antarctic krill",165228.482296133,13248764.7453738,57268775.9359187,1825554.47237558,36113713.0321819,5897364
1876,"baleen whales",107537.921288915,877798.789889787,111890000.943347,177111.746331882,19095750.0682687,187241.3
1876,"bathypelagic fishes",355512.428820309,2434422.47017394,7690522.80959738,1036154.24488098,4540373.5302056,1769209
1876,"flying birds",3962.14877204625,6027.69737291994,6619.44469394432,5460.20672828823,6309.33939800561,4423.023
1876,"large divers",2162.7538687613,18666.4575389548,3715561.53638717,5674.50738593834,284847.578499455,16217.75
1876,"leopard seals",496.889434689606,3288.25077459782,36458.9355366739,1867.40502505639,4654.86536351942,2948.682
1876,"medium divers",62129.8871183452,417036.913012055,1691452.47272423,155525.449935562,866891.090064676,390700.4
1876,"mesopelagic fishes",28861.880779512,1827788.07712039,4683168.57713263,555817.57396322,3623276.5103156,1769209
1876,"mesozooplankton",4974849.8844765,17046470.7525782,28473358.6748141,8403435.03788402,24392839.7007502,12974200
1876,"minke whales",2051.48089171092,26967.8259243116,211094018.407029,7069.18534850748,21388177.7258626,20640.77
1876,"orca",4536.80807421524,8951.31040739311,327443.238484102,6880.94212219192,19223.1594234258,8846.046
1876,"other krill",201806.385250521,11193459.1164318,123109018.37695,1500388.18339461,75465487.0164307,2801248
1876,"other macrozooplankton",1623193.36864396,18795414.207006,38154199.6705766,7949806.85761946,28185964.2651477,14743410
1876,"salps",112123.365505789,1071900.66157841,2900757.73473343,424031.663437114,2077253.06899774,961270.3
1876,"shelf and coastal fishes",1262847.66308874,4911576.97009758,7576874.12291082,2607223.05096194,6284311.21675351,4027900
1876,"small divers",11248.1255283132,37953.5998337719,48282.4240911203,22406.1246197089,42853.1953633023,23589.46
1876,"sperm whales",10840.5930173226,24615.7231891354,13848519.3087938,14574.681320073,2772907.2398724,16217.75
1876,"squids",39682.487004713,141846.413976966,430506.576400082,90388.0060179344,299387.828066416,221151.2
1876,"toothfishes",2370.8469166663,1021970.37403294,2769821.19156613,147751.96044043,1832870.73060549,1105756
1877,"antarctic krill",157357.891657046,13034002.4717947,57388935.3521266,1775587.82294623,36047832.2850505,5897364
1877,"baleen whales",107606.082822967,876944.228049486,111747128.537336,177130.233960499,19071575.1960739,187241.3
1877,"bathypelagic fishes",352272.908102037,2415602.74958382,7693011.59341611,1025281.61289387,4538002.93011074,1769209
1877,"flying birds",3959.59395967823,6024.99226491207,6618.55256155061,5449.32868677922,6305.07973907313,4423.023
1877,"large divers",2173.57626948453,18665.3765037729,3695415.6184098,5678.92695891013,283395.048835974,16217.75
1877,"leopard seals",501.143229015371,3290.60578304038,36146.4616247744,1872.79479791669,4655.8259327972,2948.682
1877,"medium divers",62396.7965658732,417084.298586479,1685170.6354362,155728.210258487,865018.294903603,390700.4
1877,"mesopelagic fishes",27811.5538272876,1803228.2518014,4674163.19576137,543675.385411054,3615448.91316677,1769209
1877,"mesozooplankton",4621446.401912,17046462.5638208,28700292.5121948,8295439.46869874,24584406.0444494,12974200
1877,"minke whales",2059.24091403188,26981.2106369654,210394605.304216,7115.84275784818,21314080.4063448,20640.77
1877,"orca",4545.94564740027,8950.9669262068,326575.875344799,6884.52329196179,19194.2514704703,8846.046
1877,"other krill",185451.309337786,11009256.146511,125057525.413237,1415624.2952873,76409409.6203561,2801248
1877,"other macrozooplankton",1545460.57754331,18284450.60426,37962199.2988068,7689611.15753867,27625005.3842353,14743410
1877,"salps",109441.927981243,1058997.7404117,2897145.5820368,414537.257219433,2069941.23778707,961270.3
1877,"shelf and coastal fishes",1268723.26163756,4918961.50378497,7579228.22208799,2609334.36560891,6288362.94635682,4027900
1877,"small divers",11216.1275685673,37884.0781863231,48272.5568183741,22344.5716165964,42850.5963118382,23589.46
1877,"sperm whales",10848.5674566785,24601.5667345817,13823526.2963079,14579.1933415648,2767926.48763711,16217.75
1877,"squids",40543.6890442354,142306.32931788,430805.318459521,91027.5768678983,299827.524980162,221151.2
1877,"toothfishes",2339.77834317318,1022417.31711413,2770200.90469421,148790.082613012,1832912.13543983,1105756
1878,"antarctic krill",149640.110901725,12865799.694665,57421836.2114376,1726702.94772793,35993582.1782813,5897364
1878,"baleen whales",107675.855413277,876090.578551516,111604440.795243,177150.294547653,19047431.4930788,187241.3
1878,"bathypelagic fishes",341644.967466713,2377722.83329605,7671785.82879898,986345.466457984,4503047.22353064,1769209
1878,"flying birds",3958.28790273518,6023.43992046139,6617.7501721991,5440.68112189212,6302.90295533947,4423.023
1878,"large divers",2182.98733377126,18661.3355445613,3675364.34887664,5675.11573349981,281603.914470138,16217.75
1878,"leopard seals",505.198995855501,3292.20058678066,35836.2317770871,1878.4592332389,4656.43962425406,2948.682
1878,"medium divers",62632.5927870163,417068.302537207,1678905.68646924,156050.995667826,863472.670019538,390700.4
1878,"mesopelagic fishes",26140.905084707,1765338.25995575,4650058.51664234,524696.2791991,3584570.00548968,1769209
1878,"mesozooplankton",4648485.86906666,16900037.9877576,28093948.6984907,8135950.49430629,24122595.7840338,12974200
1878,"minke whales",2061.18387345655,26984.2057794418,209697500.371213,7128.57736993819,21240227.4944148,20640.77
1878,"orca",4555.35096463967,8951.22376626919,325710.921805882,6888.24558979626,19166.2562358543,8846.046
1878,"other krill",179593.977631584,11180960.4975114,126644645.494508,1380412.29107152,77834534.111538,2801248
1878,"other macrozooplankton",1446533.57754928,17912170.2551991,37006209.5919243,7506438.2885193,27098894.7999723,14743410
1878,"salps",107042.535127436,1049650.1145683,2883190.80013814,402440.417040212,2057261.48554422,961270.3
1878,"shelf and coastal fishes",1251252.19075705,4913707.66959432,7573440.44702577,2585527.55076708,6284167.88808378,4027900
1878,"small divers",11171.3372058114,37814.8093404323,48258.4536449151,22291.1906825521,42842.1005267054,23589.46
1878,"sperm whales",10856.5589431124,24587.7669396736,13798578.8925456,14584.1353260603,2762955.43378244,16217.75
1878,"squids",40717.5727641215,142198.437218891,430929.575242047,90938.9317093211,300018.613933819,221151.2
1878,"toothfishes",2304.2317170099,1022257.63499399,2770292.57405159,149622.898384637,1832837.09467022,1105756
1879,"antarctic krill",141809.70058377,12711396.1980093,57551923.3961463,1674377.57783273,36028306.3467059,5897364
1879,"baleen whales",107742.53860701,875238.077401653,111461932.403049,177167.682375057,19023318.3888725,187241.3
1879,"bathypelagic fishes",328639.570618395,2332207.01582715,7654767.02606084,956467.069986948,4465750.14430384,1769209
1879,"flying birds",3956.47258417745,6020.98735617001,6616.86723299626,5430.31899362479,6300.53054482002,4423.023
1879,"large divers",2193.06965312708,18658.3174290165,3655407.85113129,5677.1753350009,279826.13969214,16217.75
1879,"leopard seals",509.501633070482,3292.79905735628,35528.6261309255,1885.24348528447,4656.93757878948,2948.682
1879,"medium divers",62880.132624134,417081.96627647,1672671.87794309,156439.914808959,861466.612472291,390700.4
1879,"mesopelagic fishes",24271.6824974097,1724523.435931,4632040.4265656,502133.371418325,3557893.07726348,1769209
1879,"mesozooplankton",4028244.22300721,16531032.5252202,27983493.8113606,7359456.86631755,23978765.4800005,12974200
1879,"minke whales",2066.10019370672,26960.6568763408,209002687.046266,7164.41501559021,21166617.256512,20640.77
1879,"orca",4564.43608806356,8951.70161575367,324848.299618389,6892.28382353757,19137.8812679556,8846.046
1879,"other krill",172743.020805079,11117794.6493117,128315095.300946,1314264.75922621,78738959.5026367,2801248
1879,"other macrozooplankton",1343651.17892745,17623769.9368274,36749968.8485928,7292280.06442105,26616792.5198753,14743410
1879,"salps",103734.254725028,1037191.35030796,2873430.73453956,392975.143786477,2049508.25042903,961270.3
1879,"shelf and coastal fishes",1236902.94029423,4901650.09600388,7567512.23307888,2564411.73083656,6277074.2699397,4027900
1879,"small divers",11112.9638141954,37761.0444831234,48244.3079199293,22215.3132062513,42806.6836226528,23589.46
1879,"sperm whales",10864.5336722458,24573.6619739959,13773676.1937239,14588.6967539216,2757992.66208447,16217.75
1879,"squids",40853.5118533115,141872.0398404,431014.405853319,90643.7977771534,300219.65040624,221151.2
1879,"toothfishes",2265.20419419091,1021735.65714219,2770321.0041864,150249.443939729,1832448.37172459,1105756
1880,"antarctic krill",143668.627313911,13121043.5800853,58022705.4028237,1707869.63860235,36507654.8184922,5897364
1880,"baleen whales",107818.853467389,874386.590783579,111319618.818729,177195.38697752,18999237.8972101,187241.3
1880,"bathypelagic fishes",319714.781353402,2319111.69250231,7646778.38614515,956222.598922629,4454599.55522323,1769209
1880,"flying birds",3957.31147476466,6021.75719502874,6616.3023866789,5432.6342380391,6300.12907829832,4423.023
1880,"large divers",2202.63190519446,18627.1454906564,3635548.26568701,5684.53812411689,278055.634701477,16217.75
1880,"leopard seals",513.842094349539,3296.95873950713,35224.0045485796,1890.54571790302,4657.49681580523,2948.682
1880,"medium divers",63114.7064236598,417057.048002834,1666468.04785291,156602.401385112,859404.32794556,390700.4
1880,"mesopelagic fishes",23193.5986025403,1718006.92664673,4635628.08123207,500330.576686656,3546293.08375049,1769209
1880,"mesozooplankton",5771790.65375586,17929389.7322893,30022658.1285423,9574884.64160489,25600946.1320393,12974200
1880,"minke whales",2069.24247232069,26943.6529254237,208310183.046172,7193.64673278223,21093253.5653659,20640.77
1880,"orca",4573.65902605787,8951.47386432574,323988.067785591,6896.32042445344,19110.0699218926,8846.046
1880,"other krill",190656.165893503,12094596.7411758,130553298.901389,1435607.45933091,81644090.3382185,2801248
1880,"other macrozooplankton",1353666.98442394,19267422.3064013,39065040.2302059,7718164.92431636,29201347.8876561,14743410
1880,"salps",103952.549350681,1057083.76206478,2878804.51089222,405034.245688662,2059617.30064874,961270.3
1880,"shelf and coastal fishes",1237143.83038675,4887980.80252377,7563582.76396534,2559059.19302493,6269811.96555162,4027900
1880,"small divers",11099.6737637318,37766.9471626033,48233.9114632856,22190.643604868,42805.5426119573,23589.46
1880,"sperm whales",10872.5472700628,24559.9091268851,13748818.9499028,14593.6620049684,2753039.63663438,16217.75
1880,"squids",40797.9236988501,141568.092419501,431208.488680403,90334.5354957269,300204.534886293,221151.2
1880,"toothfishes",2252.93185770376,1022716.39766451,2770299.32607872,150927.54775834,1832066.66381892,1105756
1881,"antarctic krill",143155.087352159,13141317.8229204,58151432.9032918,1708976.50522452,36657712.0557433,5897364
1881,"baleen whales",107890.038736503,873536.219444307,111177480.718773,177217.708046339,18975187.4177056,187241.3
1881,"bathypelagic fishes",314150.294297093,2321867.03716111,7653313.32004497,947957.670820992,4467319.06128767,1769209
1881,"flying birds",3956.08826792699,6020.35720201385,6615.48900352941,5427.3873204928,6298.79400991494,4423.023
1881,"large divers",2212.69066963907,18623.937712613,3615782.94298129,5697.16600280081,276297.608651896,16217.75
1881,"leopard seals",518.359925731745,3296.07280050128,34922.0533260427,1896.79321110951,4657.29931551409,2948.682
1881,"medium divers",63357.6500828086,417052.708807926,1660297.18100887,156695.400448837,858360.279260467,390700.4
1881,"mesopelagic fishes",22480.7025898631,1720760.41403682,4653363.47117726,490788.579826958,3552571.22637586,1769209
1881,"mesozooplankton",4413953.58061772,16739918.192502,27973016.6212127,7333901.70830534,24006836.4600512,12974200
1881,"minke whales",2074.19567078726,26944.8023186449,207619952.23587,7225.30022434395,21020130.5408567,20640.77
1881,"orca",4582.65730213203,8950.89338903909,323130.173040663,6900.02208793048,19081.9983038303,8846.046
1881,"other krill",194513.861298655,11546790.4126917,129043616.585703,1420189.27232775,79380232.0848594,2801248
1881,"other macrozooplankton",1332316.84681469,18773187.8371554,37974926.1255161,7790485.83780205,27818184.578947,14743410
1881,"salps",103088.470243142,1059011.32588969,2883328.02199694,404608.520371637,2065184.51851934,961270.3
1881,"shelf and coastal fishes",1232940.18918245,4872885.57834071,7562026.63956026,2551697.08271546,6261466.7103293,4027900
1881,"small divers",11058.2509132583,37753.0720505551,48222.6849998884,22145.4276701512,42792.1658223128,23589.46
1881,"sperm whales",10880.5566006296,24545.9488051095,13724006.3503837,14598.3896868073,2748094.91407986,16217.75
1881,"squids",40771.4319089424,141037.265184043,431281.287621808,89839.7480282914,300123.199392585,221151.2
1881,"toothfishes",2241.07378694234,1022861.08454221,2770173.86400781,151520.497365661,1831411.59599983,1105756
1882,"antarctic krill",151990.513225245,13478458.272969,58223769.554204,1770256.51377283,36804727.1703743,5897364
1882,"baleen whales",107975.109826525,872686.737567435,111035541.481476,177254.237751687,18951169.7894734,187241.3
1882,"bathypelagic fishes",314154.787136983,2343306.78150924,7659500.06122233,961385.44971206,4475801.47235683,1769209
1882,"flying birds",3958.11227974641,6022.79270508943,6615.05181617878,5437.96203077282,6299.98537241673,4423.023
1882,"large divers",2221.32020413321,18620.963018547,3596114.73380121,5701.81967893109,274542.358206167,16217.75
1882,"leopard seals",522.707151485906,3297.20131193029,34623.3867104835,1898.68399698674,4657.39522765767,2948.682
1882,"medium divers",63570.5202226215,416961.155689545,1654153.66696082,156713.957637152,857453.522819984,390700.4
1882,"mesopelagic fishes",22482.2932766973,1747396.67377276,4677439.92770955,499214.933940707,3570284.56765535,1769209
1882,"mesozooplankton",6111735.99045372,18283658.2908474,30125907.4026922,10254248.662029,25615675.3523481,12974200
1882,"minke whales",2072.82846485793,26941.4407749842,206932021.813902,7240.48636101761,20947253.0480687,20640.77
1882,"orca",4592.1872406225,8951.53629232671,322274.702761617,6904.51497196874,19055.1684951421,8846.046
1882,"other krill",211466.753863372,12014405.8934576,127748077.185129,1532366.5199742,78034934.6552301,2801248
1882,"other macrozooplankton",1402245.11508672,19298227.3387541,38793977.9146332,8160379.28449751,29310316.7476267,14743410
1882,"salps",105839.302359416,1086101.86792802,2892488.82431591,418195.217447642,2076250.34251881,961270.3
1882,"shelf and coastal fishes",1233190.2150481,4864177.01499739,7559937.52358454,2553705.51197162,6256293.67333086,4027900
1882,"small divers",11076.3780802184,37822.5172151536,48213.0927865753,22181.3054195508,42789.1466938892,23589.46
1882,"sperm whales",10888.6262523179,24533.5904195406,13699239.53051,14603.8623224453,2743160.79779433,16217.75
1882,"squids",40301.3922990357,140530.442911464,431290.88075948,89357.3778452106,299791.58246161,221151.2
1882,"toothfishes",2257.31049598323,1023365.76596014,2769937.31045042,152254.599947336,1831000.29048045,1105756
1883,"antarctic krill",164621.025510222,13819058.4725851,58125210.2677792,1836454.63624619,36868259.413284,5897364
1883,"baleen whales",108058.555568519,871838.406362918,110893781.183546,177288.823060738,18927182.5285212,187241.3
1883,"bathypelagic fishes",320593.295528481,2381903.91010609,7681347.28149267,982369.457457896,4506770.16439453,1769209
1883,"flying birds",3958.62658868366,6022.96080286081,6614.45043549507,5443.64476432192,6299.83483896963,4423.023
1883,"large divers",2230.66472960766,18619.1822721716,3576541.27072032,5706.08756884829,272799.975279751,16217.75
1883,"leopard seals",527.282038872818,3297.05531810739,34328.1832875116,1902.54725049718,4657.63892427616,2948.682
1883,"medium divers",63798.9612021228,416778.239598003,1648048.70704561,156827.694463221,856555.824066195,390700.4
1883,"mesopelagic fishes",23186.4693310175,1790784.88084423,4704733.84583172,512108.564209302,3594904.17897888,1769209
1883,"mesozooplankton",6391675.70653218,18123377.4651767,29533953.5687485,9855227.51836938,25256042.2028455,12974200
1883,"minke whales",2073.70649918377,26897.9207304685,206246354.425033,7255.83398260664,20874615.3862538,20640.77
1883,"orca",4601.61666717913,8952.0219678691,321421.56525584,6908.79058879262,19028.0778994275,8846.046
1883,"other krill",234755.377917354,12130302.4253828,124243912.585514,1691148.92609114,75964841.4194847,2801248
1883,"other macrozooplankton",1513417.65389272,20191159.3935729,39679325.324389,8699812.59237774,30035440.7059698,14743410
1883,"salps",109567.14621944,1100736.04632889,2904059.65901314,430943.602486051,2093699.71239003,961270.3
1883,"shelf and coastal fishes",1239108.5758363,4861698.1866152,7562822.49490994,2564645.37750765,6257234.22929903,4027900
1883,"small divers",11093.6613312622,37869.3875801599,48204.7353664725,22216.8549785058,42779.2288795234,23589.46
1883,"sperm whales",10896.7025769017,24521.6732107712,13674517.2688495,14609.2312104081,2738235.25954843,16217.75
1883,"squids",40056.6064502132,140283.868795417,431222.3884009,89226.9461960407,299520.692914946,221151.2
1883,"toothfishes",2280.03094502645,1024035.48934536,2769776.15550937,153058.228211433,1830594.54790318,1105756
1884,"antarctic krill",173317.242657741,13768255.2416062,57901137.1410286,1895297.86277261,36729213.1715213,5897364
1884,"baleen whales",108136.567303089,870991.315784315,110752195.432981,177317.864957102,18903225.0892221,187241.3
1884,"bathypelagic fishes",330810.217615278,2422414.16260048,7716245.94640791,1009149.80272277,4548562.27757385,1769209
1884,"flying birds",3957.76171610771,6022.73222759748,6613.74273761981,5441.29555204645,6299.40907876149,4423.023
1884,"large divers",2241.53946937124,18611.2969520303,3557062.28615138,5713.81379169293,271074.180859048,16217.75
1884,"leopard seals",532.250202287824,3300.55461115372,34036.6744667224,1902.82668898167,4657.58375602861,2948.682
1884,"medium divers",64061.4907954931,416762.698251168,1641987.36329272,156985.391027783,855677.224263665,390700.4
1884,"mesopelagic fishes",23987.191942922,1820981.01065017,4729879.21267658,524461.068571387,3632015.03271362,1769209
1884,"mesozooplankton",5257271.39604022,17650998.7283598,29129953.4133324,9129708.25174073,24929667.7979705,12974200
1884,"minke whales",2079.97791582589,26887.3000649132,205562935.609172,7273.44043513592,20802215.7827109,20640.77
1884,"orca",4610.6890516259,8952.03571474786,320570.713806351,6912.48995762389,19000.2425924411,8846.046
1884,"other krill",238297.356710005,11559481.6040839,121812650.14828,1687515.49219466,73755475.8853812,2801248
1884,"other macrozooplankton",1585915.78312986,19497037.1740181,39081012.3321474,8603429.275369,28902681.8131296,14743410
1884,"salps",111593.202185172,1096415.95681357,2915166.58717082,434168.34344962,2099335.57839456,961270.3
1884,"shelf and coastal fishes",1253071.17700421,4868973.61041012,7570803.29384473,2594741.73962296,6263015.26323801,4027900
1884,"small divers",11097.0472992492,37879.7126787963,48197.3764888143,22221.275803804,42771.8324589219,23589.46
1884,"sperm whales",10904.7798700316,24509.3855380492,13649839.2279595,14614.1297580073,2733317.77923723,16217.75
1884,"squids",40443.7255883802,140585.341546053,431314.555056388,89700.7483936929,299535.522028638,221151.2
1884,"toothfishes",2296.09006530311,1025093.79960197,2769883.04532112,153944.270812428,1830297.00423456,1105756
1885,"antarctic krill",170063.642262546,13346171.5358432,57558631.2213539,1839543.59473677,36253387.8985055,5897364
1885,"baleen whales",108208.712201501,870145.319367185,110610783.327496,177340.754662065,18879297.2254472,187241.3
1885,"bathypelagic fishes",333657.455602575,2424491.18609314,7733052.57486536,1004066.06232556,4562562.48777922,1769209
1885,"flying birds",3955.85684933837,6020.31670360936,6612.88553617375,5431.71247436146,6297.63565336965,4423.023
1885,"large divers",2252.70134534038,18601.32599405,3537675.56937748,5730.82836828,269359.402038534,16217.75
1885,"leopard seals",537.347646113652,3301.36885040004,33748.1348069559,1907.12130637591,4657.46235251312,2948.682
1885,"medium divers",64332.2828595809,416760.047682164,1635955.17908253,157149.506217041,854776.98202435,390700.4
1885,"mesopelagic fishes",23659.2582190312,1813594.536245,4724852.21306127,522648.383507506,3638876.97593923,1769209
1885,"mesozooplankton",3936678.65288376,16647295.47574,27745586.7419458,7686729.2660246,23808885.5117356,12974200
1885,"minke whales",2086.42228097142,26877.607009933,204881756.410337,7282.1825712682,20730052.3305164,20640.77
1885,"orca",4619.6631984892,8952.23152643938,319722.168538962,6916.05276641628,18972.3267753836,8846.046
1885,"other krill",218956.056501766,10778686.5000839,121566298.670094,1493654.23937344,73434249.5156453,2801248
1885,"other macrozooplankton",1523208.24576634,17935206.8125648,37171174.4197697,7841109.10293813,26936174.5983429,14743410
1885,"salps",110319.001385219,1071205.73494969,2912029.1951803,423382.145861088,2079957.72852518,961270.3
1885,"shelf and coastal fishes",1253138.60238441,4875369.11170443,7574667.96174875,2589088.72026692,6266427.80322954,4027900
1885,"small divers",11066.2219127172,37842.0037583364,48185.9078671138,22186.8633331931,42759.2226119555,23589.46
1885,"sperm whales",10912.8542561213,24497.011448668,13625205.6156967,14618.8672717014,2728408.84786375,16217.75
1885,"squids",40917.4252188723,140907.26234371,431395.521435679,90179.7155053965,299578.52201352,221151.2
1885,"toothfishes",2284.34926694603,1026274.97098764,2770067.54028151,154742.194468998,1830003.56756284,1105756
1886,"antarctic krill",166035.435846464,13209921.7198632,57540698.3771459,1801791.20986842,36054579.7579725,5897364
1886,"baleen whales",108291.412296896,869300.307534246,110469565.401206,177374.725147873,18855401.5909479,187241.3
1886,"bathypelagic fishes",332106.573124306,2427995.10351777,7731324.24241295,1007515.37354966,4549495.17311313,1769209
1886,"flying birds",3957.05637631288,6022.83232932754,6612.37088944544,5436.2421828759,6298.54048862767,4423.023
1886,"large divers",2263.06624477896,18597.2236644914,3518382.8677184,5741.61097388536,267650.092661717,16217.75
1886,"leopard seals",542.437157989288,3303.40530054764,33462.8862930256,1906.71337938455,4657.23480101747,2948.682
1886,"medium divers",64588.791565125,416706.499940637,1629946.94928455,157280.142726967,852969.046671187,390700.4
1886,"mesopelagic fishes",23047.2025702884,1805590.67206577,4707719.79086869,522795.830823068,3623975.03287967,1769209
1886,"mesozooplankton",4612279.07565803,17126962.9899525,28939253.9607114,8727724.92971773,24760433.9852438,12974200
1886,"minke whales",2089.25498953653,26875.7085712065,204202840.274307,7297.83891689839,20658129.7213498,20640.77
1886,"orca",4628.95614114357,8952.84842015927,318875.972913507,6920.32164590956,18945.194896485,8846.046
1886,"other krill",202171.701273287,11166659.7109555,123880161.231966,1487614.79047107,76293911.0770726,2801248
1886,"other macrozooplankton",1489221.0877537,18331829.2712787,37874666.0965523,7603479.40869147,28003124.1102186,14743410
1886,"salps",109445.752902042,1068112.6622537,2909725.68214772,420513.843009284,2073806.80455987,961270.3
1886,"shelf and coastal fishes",1260856.43241072,4882156.31488653,7575878.11896022,2606456.99328052,6269952.02865796,4027900
1886,"small divers",11080.8680938001,37842.0271347993,48176.1868748538,22197.5715064095,42751.2894452033,23589.46
1886,"sperm whales",10920.9660629403,24485.3396683606,13600617.0904127,14624.206578734,2723509.98983645,16217.75
1886,"squids",41170.8755079004,141208.142165887,431610.318898709,90476.2226692867,299677.940332943,221151.2
1886,"toothfishes",2280.4554362841,1027610.04961821,2770391.57627884,155314.553809428,1829991.61717786,1105756
1887,"antarctic krill",153698.437690782,12998972.8290387,57683335.0766702,1723792.7610406,36119450.6216994,5897364
1887,"baleen whales",108362.335195248,868456.57359582,110328513.576083,177396.744089105,18831534.7238141,187241.3
1887,"bathypelagic fishes",326700.877736324,2410378.01930812,7734314.18754025,1002395.08827793,4544183.56289798,1769209
1887,"flying birds",3954.99986071128,6019.91410882591,6611.46083535167,5426.4746830191,6295.29352837336,4423.023
1887,"large divers",2275.3094407409,18594.7673586065,3499180.99913054,5752.7394444621,265959.581002978,16217.75
1887,"leopard seals",548.031645488154,3306.29787074132,33180.5454903301,1909.17184670676,4656.80417227966,2948.682
1887,"medium divers",64885.6224236945,416745.561899507,1623974.89853315,157470.617383263,851190.48531295,390700.4
1887,"mesopelagic fishes",21959.5908764641,1783778.28829871,4694215.71956734,512199.384049107,3609116.92181665,1769209
1887,"mesozooplankton",3637698.07497543,16173514.3917069,27773079.2966841,6674616.26964406,23748951.2829391,12974200
1887,"minke whales",2099.58368819211,26864.8919450655,203526139.316073,7331.72898478543,20586440.6758969,20640.77
1887,"orca",4637.61535002647,8952.99648895223,318031.995336645,6925.16136678642,18916.9051166899,8846.046
1887,"other krill",173268.131718134,10866179.0662731,126558042.614554,1320058.98451299,76733746.6319384,2801248
1887,"other macrozooplankton",1391949.25950238,17958855.1463199,37579462.7898381,7390502.43072155,27033359.7009226,14743410
1887,"salps",105520.320551771,1050849.72713706,2906916.11468911,406414.336752527,2069873.56272639,961270.3
1887,"shelf and coastal fishes",1271680.31516292,4889273.0976603,7579918.50086211,2622579.543306,6275135.2585531,4027900
1887,"small divers",11050.373424782,37782.2516354284,48166.0883410576,22139.6050610398,42747.7558340242,23589.46
1887,"sperm whales",10929.0353896543,24472.7437842554,13576072.0672093,14628.6415182417,2718618.36313251,16217.75
1887,"squids",41904.1173095323,141666.551101524,431909.221326754,91045.9584844045,300032.653423704,221151.2
1887,"toothfishes",2253.68975469215,1029075.59167658,2770936.63147355,155555.548249006,1829720.48581411,1105756
1888,"antarctic krill",148304.714198741,13101738.5294816,57897821.437084,1711991.12499295,36329906.3986483,5897364
1888,"baleen whales",108447.596679067,867613.621437819,110187659.405657,177433.034754619,18807700.4394834,187241.3
1888,"bathypelagic fishes",319702.687469231,2394769.48485936,7712669.47671831,997786.097901913,4523079.96387776,1769209
1888,"flying birds",3956.87529753078,6023.04028105828,6610.96451649256,5434.08658384313,6296.94755363137,4423.023
1888,"large divers",2285.08472798064,18589.2016885362,3480071.18797638,5765.15557433504,264266.784309765,16217.75
1888,"leopard seals",553.268110128792,3307.90550690693,32900.7565289824,1910.5110233172,4656.5179799125,2948.682
1888,"medium divers",65131.3296738784,416678.763504763,1618012.80257186,157576.605423912,849502.94097744,390700.4
1888,"mesopelagic fishes",21112.8257390231,1774083.77931138,4682510.87794423,511084.873538035,3588873.24645297,1769209
1888,"mesozooplankton",5170987.40030576,17462907.7293297,29315428.8313143,9110738.60728431,25023141.342404,12974200
1888,"minke whales",2099.78071996545,26854.4788574752,202851695.716775,7344.13597995849,20514992.2277226,20640.77
1888,"orca",4647.04025890973,8953.74984013613,317190.41683864,6930.69514263615,18890.3892315174,8846.046
1888,"other krill",172759.882361112,11323463.8946939,129123551.044586,1352598.92661796,79833460.2601163,2801248
1888,"other macrozooplankton",1370192.09286899,18484422.5613508,37943188.8671687,7649434.11536073,28199228.6334225,14743410
1888,"salps",104773.913651279,1064998.45686469,2901763.54589839,408144.502538149,2071960.49156161,961270.3
1888,"shelf and coastal fishes",1272564.51561502,4890481.01976817,7577277.54414816,2629616.86566613,6274551.22657387,4027900
1888,"small divers",11066.5479931974,37806.7039131806,48155.5796561144,22159.9097632277,42744.6631141637,23589.46
1888,"sperm whales",10937.159754847,24461.3261313542,13551572.5535469,14634.2325347654,2713737.70299752,16217.75
1888,"squids",41776.5387038894,141679.865613901,432097.813758517,91089.2023517442,300008.091657619,221151.2
1888,"toothfishes",2249.84977006321,1029274.39965268,2771295.04608408,155875.87182237,1829691.31004067,1105756
1889,"antarctic krill",146313.511050456,13248797.6201562,57917493.7253036,1725489.07443309,36485462.9650223,5897364
1889,"baleen whales",108536.433566354,866771.698071285,110046989.1575,177472.497594977,18783897.0231707,187241.3
1889,"bathypelagic fishes",316982.854866025,2397354.87925075,7697930.25663446,1003296.80999636,4513587.49158537,1769209
1889,"flying birds",3958.4953181764,6024.07884279112,6610.41282624982,5444.31166290503,6296.69621149157,4423.023
1889,"large divers",2294.55176986811,18583.1353355479,3461052.62638826,5776.02061184938,262582.063207073,16217.75
1889,"leopard seals",558.585775680649,3311.13390363765,32623.8485592863,1914.76398386218,4656.19050442022,2948.682
1889,"medium divers",65370.7221450767,416683.385830568,1612076.36541509,157688.320633948,847772.062944555,390700.4
1889,"mesopelagic fishes",20842.4906199368,1784774.09234371,4687829.88987849,516791.031197515,3590012.74528325,1769209
1889,"mesozooplankton",4979236.63556632,17029612.3511235,28506638.815362,8225672.60990444,24398708.2158027,12974200
1889,"minke whales",2098.70772356646,26840.8517630846,202179480.441761,7353.30037741496,20443780.2685949,20640.77
1889,"orca",4656.64759874488,8954.60847821624,316351.154616478,6936.3544681389,18864.2241719903,8846.046
1889,"other krill",181716.292745508,11466033.7530677,127400183.991718,1394171.03463788,78550073.4400667,2801248
1889,"other macrozooplankton",1394073.6240453,19044701.5521747,38111934.0641717,7917421.6095663,28315283.7094326,14743410
1889,"salps",104609.986763592,1076211.80465172,2899326.90240398,416267.907693129,2077786.58761152,961270.3
1889,"shelf and coastal fishes",1276840.27426446,4889757.80802261,7576170.27166534,2639227.86646734,6275970.98038574,4027900
1889,"small divers",11098.4946479823,37857.3660017363,48146.4681691566,22208.8078019095,42742.634043726,23589.46
1889,"sperm whales",10945.2833817603,24450.0779386373,13527117.4448548,14639.9906022861,2708866.21809794,16217.75
1889,"squids",41379.9019837777,141580.292782365,432088.580120703,90996.7169268,299881.817325431,221151.2
1889,"toothfishes",2261.94235638061,1029443.56544914,2771596.36767428,156254.364664649,1829669.00455321,1105756
1890,"antarctic krill",146773.280163345,13234675.8388385,57662703.0420332,1729878.291172,36297073.4087976,5897364
1890,"baleen whales",108624.089104318,865930.803909213,109906496.548911,177510.090390398,18760123.6570676,187241.3
1890,"bathypelagic fishes",317177.524272402,2394469.35576254,7682570.52634575,1000233.4935,4502220.93264554,1769209
1890,"flying birds",3959.07564424405,6025.02766979807,6609.73947645238,5450.3803026559,6296.30510358047,4423.023
1890,"large divers",2303.69866664171,18576.1118973591,3442123.82328591,5784.7468318445,260905.333513528,16217.75
1890,"leopard seals",563.948114029968,3310.93124532783,32349.5570283781,1918.65604552663,4655.20415079899,2948.682
1890,"medium divers",65603.3691162546,416599.803793701,1606164.79511201,157838.882415915,846981.164079678,390700.4
1890,"mesopelagic fishes",20720.693708735,1795575.84431138,4691504.17867633,515381.769351022,3590740.41447009,1769209
1890,"mesozooplankton",4810376.14394613,17194163.8730044,28537755.5663063,8729067.77336933,24353396.7942075,12974200
1890,"minke whales",2096.11624179885,26825.5778650269,201509477.574801,7359.87337095846,20372802.4835487,20640.77
1890,"orca",4666.46030298027,8955.56776789932,315514.2048258,6942.13346279001,18838.3578074158,8846.046
1890,"other krill",184748.441177151,11345250.6850495,125120961.530528,1426459.88196782,76120919.7605309,2801248
1890,"other macrozooplankton",1417133.63415437,18535202.9380691,37465627.6483335,7903428.43577508,27718751.9248856,14743410
1890,"salps",105183.278217526,1078802.62245889,2893113.44580172,420007.505055488,2079108.78419416,961270.3
1890,"shelf and coastal fishes",1273350.70020796,4888886.63844402,7572587.88587105,2636177.58480961,6275000.82192157,4027900
1890,"small divers",11120.0579947355,37901.6952496807,48135.4887604711,22257.9113805983,42736.3235631178,23589.46
1890,"sperm whales",10953.3892167004,24438.8689713138,13502706.530101,14645.7863237819,2704003.58198393,16217.75
1890,"squids",40761.9202821081,141360.014064955,431755.843284831,91066.6265181515,299557.791759854,221151.2
1890,"toothfishes",2273.58513014428,1029530.45326546,2771718.18031813,156615.610930296,1829562.31370778,1105756
1891,"antarctic krill",149805.622278533,13303309.3161921,57548451.6243948,1736615.23107497,36260884.7559193,5897364
1891,"baleen whales",108708.659903039,865091.110409992,109766179.998187,177544.448642217,18736380.2158999,187241.3
1891,"bathypelagic fishes",320737.339448839,2399436.65393937,7678563.50885173,1005141.87999856,4506866.6619738,1769209
1891,"flying birds",3958.91898027223,6024.82193046109,6609.05002834924,5452.35625862371,6295.3228241569,4423.023
1891,"large divers",2313.801297038,18570.1550679055,3423285.36650357,5796.01298418074,259242.075975796,16217.75
1891,"leopard seals",569.633825434855,3312.51364509563,32078.2501753954,1923.50102451793,4652.16584716255,2948.682
1891,"medium divers",65856.2940663397,416347.044932502,1600290.49362889,158052.069811191,846416.60381291,390700.4
1891,"mesopelagic fishes",20708.3730452022,1801668.89610844,4695316.99083078,519581.120514151,3592693.99437823,1769209
1891,"mesozooplankton",5068661.34672323,17492508.6480557,29064848.5831903,9129733.90759855,24857316.7599992,12974200
1891,"minke whales",2097.14301941299,26819.3553881376,200841676.172536,7364.07038469224,20302057.724245,20640.77
1891,"orca",4676.14196307444,8956.37355082911,314679.518168351,6947.72377556751,18812.0555333891,8846.046
1891,"other krill",188390.791074715,11520336.2969407,124088029.939736,1475864.98134496,76012700.8600112,2801248
1891,"other macrozooplankton",1456442.49095293,18868339.9638672,38240852.9392082,7937066.93090429,28522089.6957351,14743410
1891,"salps",106205.357354414,1081221.57142555,2892487.77976723,424712.315284852,2078655.2271817,961270.3
1891,"shelf and coastal fishes",1277561.83992481,4892094.52806437,7571399.15423757,2639094.90416474,6275383.54552078,4027900
1891,"small divers",11139.8875457945,37916.8878576057,48125.9826481954,22291.6163083007,42732.8131167208,23589.46
1891,"sperm whales",10961.4759953483,24427.3446940148,13478339.3736029,14651.2345429376,2699149.12004847,16217.75
1891,"squids",40520.0989669325,141311.95008548,431456.435495604,91227.0983311185,299379.219391887,221151.2
1891,"toothfishes",2279.99456320623,1030688.62229435,2771871.74949814,156978.740719787,1829556.91402697,1105756
1892,"antarctic krill",156035.871236972,13516626.6511021,57507965.9285158,1772303.07520958,36323332.3949156,5897364
1892,"baleen whales",108793.946131184,864252.500313919,109626043.934514,177579.292109208,18712667.1576471,187241.3
1892,"bathypelagic fishes",327010.839757272,2413577.32069891,7678200.40085895,1017570.34053153,4512973.3641856,1769209
1892,"flying birds",3959.1540258247,6025.06934568225,6608.44269696756,5455.62504678925,6294.81567288608,4423.023
1892,"large divers",2323.98691839919,18565.6766723975,3404536.89639438,5806.88730652474,257588.075495818,16217.75
1892,"leopard seals",575.459742093631,3314.20371392348,31809.7377604125,1927.67412442574,4651.09878173582,2948.682
1892,"medium divers",66111.7838266767,416239.049228883,1594445.47689316,158089.50985459,845854.529262226,390700.4
1892,"mesopelagic fishes",21077.3766858283,1816003.61269099,4697862.62013687,527214.946589833,3602485.16931972,1769209
1892,"mesozooplankton",6144798.97941881,18005685.2506333,29586491.043429,9921170.0415556,25309264.8302101,12974200
1892,"minke whales",2098.05750214705,26812.3672642214,200176076.827037,7369.35573529909,20231546.3303507,20640.77
1892,"orca",4685.95553776705,8957.21357865067,313847.111706735,6953.36389135361,18785.9111517302,8846.046
1892,"other krill",202295.376263466,11824375.5375137,123317534.567366,1584132.61790798,75818742.057942,2801248
1892,"other macrozooplankton",1535084.1852389,19637353.2812388,39098068.1252563,8253100.06762898,29433795.8819461,14743410
1892,"salps",109026.355769244,1090155.85888858,2895136.39190638,434709.006477929,2088222.95960374,961270.3
1892,"shelf and coastal fishes",1284246.21831654,4894949.4920118,7570681.82206308,2643998.20523379,6275578.27982003,4027900
1892,"small divers",11167.1717193681,37925.8262522725,48117.5240634943,22333.8334563483,42729.8850876402,23589.46
1892,"sperm whales",10969.5520261806,24415.9050211778,13454016.2932553,14656.607292605,2694303.54376076,16217.75
1892,"squids",40435.9599580334,141247.775732541,431197.81151449,91499.5441983858,299249.393546749,221151.2
1892,"toothfishes",2289.04630462067,1031411.20782009,2771990.83935308,157447.055524395,1829603.86287754,1105756
1893,"antarctic krill",158105.402399189,13631860.6973927,57286984.0776177,1809365.9936595,36261379.8967721,5897364
1893,"baleen whales",108880.055553251,863414.944533563,109486088.116523,177614.716485552,18688984.4486944,187241.3
1893,"bathypelagic fishes",335420.400239265,2431613.74919943,7677744.14974164,1029974.74921328,4520658.67827942,1769209
1893,"flying birds",3959.60659230902,6025.41032445646,6607.87752574294,5458.84072653498,6294.7447228845,4423.023
1893,"large divers",2334.08743324236,18557.5194105367,3385877.98248559,5813.94973799275,255786.746664044,16217.75
1893,"leopard seals",581.381473064351,3315.28022460828,31543.9157293619,1930.65433399575,4650.0783103042,2948.682
1893,"medium divers",66366.5621320621,416120.085172661,1588627.50416109,158108.517973338,844595.088791132,390700.4
1893,"mesopelagic fishes",21804.6977561023,1835976.34600448,4699502.57047595,535146.651649541,3614712.39744061,1769209
1893,"mesozooplankton",5932309.9340352,17696631.1030183,28980846.4950494,9500248.72109443,24773395.7486802,12974200
1893,"minke whales",2097.94392488093,26802.9976532198,199512672.007501,7381.05748897137,20161267.3847755,20640.77
1893,"orca",4695.96206573826,8958.11520460618,313016.979416472,6959.10507408196,18760.0506171623,8846.046
1893,"other krill",213428.321204831,11649108.0720523,121132732.254404,1652662.7558226,73699196.4922557,2801248
1893,"other macrozooplankton",1618680.64728094,19579293.2688917,38608290.3037262,8546082.95841569,28895007.5788304,14743410
1893,"salps",112127.863149065,1093189.01383339,2896086.49278439,440622.104707972,2091244.74350635,961270.3
1893,"shelf and coastal fishes",1289493.05112827,4900547.95970417,7569426.78007121,2648945.98408504,6278919.65797165,4027900
1893,"small divers",11198.6545212022,37936.6220001228,48109.487129134,22387.4717514022,42726.4631258552,23589.46
1893,"sperm whales",10977.6172031965,24404.6401012725,13429737.284816,14660.2855217406,2689466.98526353,16217.75
1893,"squids",40385.6418929797,141360.469328298,430916.835759426,91854.4628303631,299123.402571734,221151.2
1893,"toothfishes",2303.0328968652,1032719.69433795,2772043.18952352,158131.747895222,1829703.30173646,1105756
1894,"antarctic krill",156539.367833086,13549149.231807,57134823.1033501,1802552.65768057,36061414.6388251,5897364
1894,"baleen whales",108958.657653171,862578.663977275,109346302.617307,177642.82767582,18665331.0311236,187241.3
1894,"bathypelagic fishes",343826.129876938,2452837.06904286,7688157.27763884,1045104.01974249,4543343.10773854,1769209
1894,"flying birds",3958.56291959978,6024.78619903501,6607.19694241241,5456.05257963589,6293.00045582168,4423.023
1894,"large divers",2345.92357148772,18553.0617485984,3367308.45672343,5819.30143437405,252273.31550144,16217.75
1894,"leopard seals",587.78718773891,3317.61365606549,31281.0381058603,1934.30006497537,4649.24715077764,2948.682
1894,"medium divers",66658.8277889358,416073.723664959,1582850.69472368,158208.639407461,843204.055615563,390700.4
1894,"mesopelagic fishes",22192.6664946965,1843796.80883294,4700925.18943959,542833.031564009,3630665.56068954,1769209
1894,"mesozooplankton",4912848.43371489,17278578.0871948,28785995.8115978,8836462.02199156,24652688.5584579,12974200
1894,"minke whales",2104.2720135462,26804.9664773697,198851438.656403,7393.38562378985,20091217.906918,20640.77
1894,"orca",4705.53959677487,8958.63633101469,312189.038742629,6964.4250679562,18733.28299882,8846.046
1894,"other krill",209265.827946087,11204002.3738183,120415188.429984,1582406.15129303,73084137.0651591,2801248
1894,"other macrozooplankton",1646610.0831419,18909252.0907331,38371054.6832853,8239646.58828746,28278044.465719,14743410
1894,"salps",112823.754374912,1087285.12401733,2899030.74202499,437130.404178638,2086772.42480302,961270.3
1894,"shelf and coastal fishes",1303024.83505941,4910410.69821373,7571898.70294727,2660553.0967423,6284897.75026859,4027900
1894,"small divers",11210.3385205981,37920.5742959829,48102.5519186778,22396.0062436385,42716.424254198,23589.46
1894,"sperm whales",10985.6564519438,24392.8005468203,13405501.5520704,14663.1437926931,2684638.06204101,16217.75
1894,"squids",40962.989425383,141672.156957295,430863.15877914,92379.8874752714,299343.477428349,221151.2
1894,"toothfishes",2303.89418603771,1034207.2976962,2772260.85999655,159318.335357734,1829897.76043305,1105756
1895,"antarctic krill",154021.649844145,13351365.3070482,57246325.7118595,1788538.77971981,36010254.5438185,5897364
1895,"baleen whales",109032.399584263,861743.547882375,109206690.544172,177666.32253868,18641707.2272908,187241.3
1895,"bathypelagic fishes",348462.126375492,2453060.75472878,7698621.0304837,1048298.4503699,4562543.00980246,1769209
1895,"flying birds",3957.1723459556,6023.74202326896,6606.49202741853,5448.36670729354,6292.18466619978,4423.023
1895,"large divers",2358.77301686259,18549.5182311388,3348827.74317775,5825.02893067943,248480.835574832,16217.75
1895,"leopard seals",594.537224484469,3317.7403271175,31020.8902764223,1941.46896350633,4649.52940621426,2948.682
1895,"medium divers",66973.7385260794,415671.368397539,1577106.93849199,158352.84114384,842043.019348265,390700.4
1895,"mesopelagic fishes",22026.8679285101,1833166.66687912,4694844.07955052,544244.520650462,3633991.74129991,1769209
1895,"mesozooplankton",5051769.10084731,17479140.6446522,29205484.1291266,9117015.31203203,25055184.7950502,12974200
1895,"minke whales",2114.04268834617,26813.094903499,198192375.097315,7396.20555907434,20021397.790995,20640.77
1895,"orca",4714.80903323987,8958.90133663656,311363.298011461,6969.48294905197,18706.0588786987,8846.046
1895,"other krill",203804.10616548,11251206.0855274,122284916.636964,1545308.01692074,74951807.3975683,2801248
1895,"other macrozooplankton",1632736.79300191,18878661.4635729,38813246.382208,8029675.06481552,28570029.7626982,14743410
1895,"salps",112481.201739376,1076072.8719739,2902245.07447447,432401.158350379,2080438.43475995,961270.3
1895,"shelf and coastal fishes",1318383.19055875,4920562.85217865,7575527.17112613,2673736.08008958,6289667.19364653,4027900
1895,"small divers",11206.3803040724,37869.2971399964,48094.9515620368,22370.5424408885,42708.2119273124,23589.46
1895,"sperm whales",10993.6792811455,24380.6486733091,13381309.3129514,14665.5382919875,2679817.2766682,16217.75
1895,"squids",41927.4661614952,142187.603615351,431075.280296364,93044.1179459447,299786.180148534,221151.2
1895,"toothfishes",2289.94307259495,1035780.83719499,2772603.76818327,160468.164484318,1830223.00540224,1105756
1896,"antarctic krill",151201.146750327,13325507.557594,57284319.3450439,1780438.80732115,36002718.5878294,5897364
1896,"baleen whales",109115.391378005,860909.317129066,109067268.467842,177699.236534151,18618115.0211072,187241.3
1896,"bathypelagic fishes",349759.659114674,2451645.08020073,7693582.00763414,1054315.86604843,4564243.93336344,1769209
1896,"flying birds",3958.43038435103,6024.7319066152,6606.04545533722,5453.01352181831,6291.65807681814,4423.023
1896,"large divers",2370.35917588554,18544.2721380548,3330435.9467013,5823.84148808436,244677.073020955,16217.75
1896,"leopard seals",601.16341563174,3317.9461409343,30763.2849164717,1940.89738313378,4650.29331085005,2948.682
1896,"medium divers",67263.5823182879,415547.905025431,1571379.69918821,158418.247251318,841232.259480753,390700.4
1896,"mesopelagic fishes",21878.0598884894,1834027.42253489,4685864.54525483,548464.913080477,3630798.52998168,1769209
1896,"mesozooplankton",4967503.70849145,17043847.3161995,28480515.2778857,8433656.29543778,24398500.9120775,12974200
1896,"minke whales",2117.69195537334,26782.6104379902,197535500.003689,7407.35600631113,19951810.283623,20640.77
1896,"orca",4724.52470240704,8959.48152790623,310539.852420708,6974.95325252571,18679.9443336078,8846.046
1896,"other krill",196846.903569813,11191502.1210613,123082038.935299,1499871.0552306,75543294.3182552,2801248
1896,"other macrozooplankton",1617569.29348369,18789212.8980068,38127110.7137202,7954085.72379007,28133862.7811628,14743410
1896,"salps",111927.685382602,1072542.12117928,2900586.22468476,430466.630063706,2079811.43222363,961270.3
1896,"shelf and coastal fishes",1329351.63090907,4931525.89879721,7575534.20598066,2686602.14765521,6292743.76004424,4027900
1896,"small divers",11234.478601971,37863.5741939658,48087.2688473813,22393.2640376924,42709.4744327697,23589.46
1896,"sperm whales",11001.737814167,24369.2941242561,13357161.5529984,14668.977963185,2675006.63583995,16217.75
1896,"squids",42432.2271836466,142556.057033267,431358.506713517,93613.8369049196,300089.187647945,221151.2
1896,"toothfishes",2289.41922743073,1036986.2613213,2772871.90032119,161816.312645122,1830824.22746386,1105756
1897,"antarctic krill",145953.516012903,13210508.2621976,57404085.3676826,1729277.71273536,35927594.9970119,5897364
1897,"baleen whales",109183.416448857,860076.354530611,108928006.417133,177717.170979241,18594550.7956871,187241.3
1897,"bathypelagic fishes",346678.276091527,2440419.43824825,7695969.61401859,1036595.70391099,4561060.99822139,1769209
1897,"flying birds",3955.89046266428,6022.54238789269,6605.12770203247,5440.31211597312,6289.30142037219,4423.023
1897,"large divers",2383.93782652518,18540.7460503364,3312130.80759901,5831.8339738045,240996.962589035,16217.75
1897,"leopard seals",608.344908612051,3319.61700844344,30508.1094703435,1939.54967900864,4650.76567125631,2948.682
1897,"medium divers",67594.8172292794,415473.220507742,1565689.37747474,158585.527840934,840875.932245526,390700.4
1897,"mesopelagic fishes",21079.3592064239,1810372.85361734,4676822.91662278,536695.114838549,3627582.83480726,1769209
1897,"mesozooplankton",4615047.63527607,17028239.6967294,28700262.3005325,8313599.6174078,24585946.9259447,12974200
1897,"minke whales",2129.26724619948,26790.7006236116,196880762.136486,7435.64057051455,19882447.7107466,20640.77
1897,"orca",4733.48867528995,8959.51318063996,309718.553532543,6979.80570313076,18652.5457461594,8846.046
1897,"other krill",183839.289636696,11008666.2934665,125030750.72388,1420463.19050479,76487324.2490433,2801248
1897,"other macrozooplankton",1540603.34853035,18280003.4710842,37936592.5008136,7688272.81187516,27604103.9631874,14743410
1897,"salps",109264.095497648,1063105.83561152,2896981.39877298,420225.426865337,2072100.02061993,961270.3
1897,"shelf and coastal fishes",1335382.74941585,4942176.87647648,7577963.99613779,2692885.92563338,6294520.99056853,4027900
1897,"small divers",11203.2614071098,37788.1761478,48077.299046079,22331.8883220559,42694.9080943097,23589.46
1897,"sperm whales",11009.7457246569,24356.874440999,13333056.4152708,14670.9601747585,2670202.79355145,16217.75
1897,"squids",43309.5924399792,142971.04110473,431661.151420188,94033.9427761551,300523.460388092,221151.2
1897,"toothfishes",2259.42334023773,1038568.83519925,2773230.67383323,162787.087911881,1831243.70334727,1105756
1898,"antarctic krill",141021.447009826,13014416.2376944,57436648.8798031,1677483.58573378,35935442.0553167,5897364
1898,"baleen whales",109253.06057693,859244.276739236,108788924.394554,177736.673043223,18571016.9600925,187241.3
1898,"bathypelagic fishes",336321.220077488,2397990.92229396,7674662.00662996,1007148.22894783,4520781.97077474,1769209
1898,"flying birds",3954.59842035132,6020.06358927881,6604.29045121746,5430.56406466071,6287.39481924994,4423.023
1898,"large divers",2396.25896562701,18534.7894512058,3293911.6702897,5836.3981119389,237313.041026948,16217.75
1898,"leopard seals",615.375606814312,3320.57229126187,30254.7387000022,1938.84856952624,4650.94807821826,2948.682
1898,"medium divers",67898.3797169888,415237.095506098,1560011.88984293,158684.574957291,839911.121534135,390700.4
1898,"mesopelagic fishes",19810.76304575,1772343.07744199,4652753.60234978,518319.024137784,3588978.23862428,1769209
1898,"mesozooplankton",4642575.11658582,16861984.5284089,28104117.5365306,8154620.50443613,24124407.1215491,12974200
1898,"minke whales",2134.96095090302,26789.2090779667,196228185.265603,7456.5120164266,19813313.9077001,20640.77
1898,"orca",4742.73489946475,8959.81122887931,308899.539175958,6984.55294869842,18626.042628792,8846.046
1898,"other krill",176762.663123106,11180844.1991259,126617533.286187,1380102.4780149,77915507.1097706,2801248
1898,"other macrozooplankton",1442404.77574876,17893819.140409,36979908.2549561,7506264.5052588,27072821.3959909,14743410
1898,"salps",106880.95206141,1050543.08130782,2883025.65286128,412504.521614758,2061468.12774125,961270.3
1898,"shelf and coastal fishes",1317534.93198606,4934989.38296674,7572249.75261056,2683122.71834882,6288552.49193875,4027900
1898,"small divers",11159.1648481401,37712.6834526103,48062.9729982706,22278.6785372701,42685.9430359719,23589.46
1898,"sperm whales",11017.771106545,24344.8480461432,13308995.2766561,14673.4103569019,2665408.32960538,16217.75
1898,"squids",43493.0484389682,142889.33114627,431789.939950973,93701.3935758683,300487.65198782,221151.2
1898,"toothfishes",2225.14388965897,1039106.37520849,2773303.732297,163457.809426442,1831371.06278735,1105756
1899,"antarctic krill",135095.578929126,12838646.9953409,57566278.478347,1618318.81967908,35970964.9885111,5897364
1899,"baleen whales",109319.579017285,858413.319751812,108650017.085836,177753.495797152,18547512.9434172,187241.3
1899,"bathypelagic fishes",323612.786420611,2351441.88026509,7657569.84647327,973155.630334344,4483227.81322776,1769209
1899,"flying birds",3952.79743549826,6017.63122676486,6603.37231015331,5420.77697545592,6285.56735652351,4423.023
1899,"large divers",2409.24727443427,18529.2133527961,3275779.1231065,5839.03725550506,234465.07238695,16217.75
1899,"leopard seals",622.729776261889,3321.41114497572,30003.5099533025,1940.19334976023,4651.07223978649,2948.682
1899,"medium divers",68213.5139622069,415243.715124772,1554363.13646373,158813.640962556,838200.142684408,390700.4
1899,"mesopelagic fishes",18391.8589788431,1731856.89759459,4634746.55475832,497095.759022428,3562909.34723487,1769209
1899,"mesozooplankton",4023388.24376279,16499906.4821282,27988166.8434859,7372321.52619744,23980283.4666789,12974200
1899,"minke whales",2143.56430430531,26773.7146204178,195577753.264765,7488.69874578307,19744407.264246,20640.77
1899,"orca",4751.65250440809,8959.92932156772,308082.731189794,6988.81550386766,18599.1582110552,8846.046
1899,"other krill",167661.129425902,11120379.0604102,128288180.377572,1325635.56267106,78749504.6198579,2801248
1899,"other macrozooplankton",1340153.14917253,17613957.4737539,36724555.4148238,7294341.51310487,26609928.2460904,14743410
1899,"salps",103588.445022218,1039782.25396677,2873261.20462815,403777.607833517,2052511.70497204,961270.3
1899,"shelf and coastal fishes",1302222.20964593,4920161.07209018,7566386.4454372,2672161.4074619,6280289.26581396,4027900
1899,"small divers",11101.4084646374,37652.0644414375,48048.5739126281,22202.9680435117,42658.0946138441,23589.46
1899,"sperm whales",11025.7768357791,24332.3831810993,13284977.2456221,14675.2708918072,2660621.82918071,16217.75
1899,"squids",43628.5352091657,142580.553550391,431879.37513734,92876.1625848599,300324.192664773,221151.2
1899,"toothfishes",2187.40685938734,1039019.50407327,2773314.74886887,163739.654008782,1831491.24742953,1105756
1900,"antarctic krill",135559.827948696,13204793.5156193,58036653.508852,1645239.11455432,36424252.0382495,5897364
1900,"baleen whales",109395.818805075,857583.349120151,108511299.976287,177780.649390186,18524040.7562573,187241.3
1900,"bathypelagic fishes",314917.111698551,2333520.07481407,7649522.23101815,968693.063121446,4463818.72912283,1769209
1900,"flying birds",3953.65110405246,6018.14893842063,6602.77068320147,5422.08599343909,6285.09835787582,4423.023
1900,"large divers",2421.83693294874,18508.6136268788,3257734.94738786,5842.16515006227,232561.370101388,16217.75
1900,"leopard seals",630.201670893869,3322.58038837653,29754.7122470875,1945.02120162424,4651.22038944097,2948.682
1900,"medium divers",68518.283667007,415095.205022025,1548740.45263382,158932.159897336,836985.507605257,390700.4
1900,"mesopelagic fishes",17572.5652252555,1724631.42022447,4638300.26359038,493735.374582116,3556952.17598446,1769209
1900,"mesozooplankton",5765690.37682506,17915779.1776097,30022634.7722944,9583658.59100007,25607619.0526616,12974200
1900,"minke whales",2150.36238568382,26750.3192965028,194929484.217055,7505.51867484461,19675731.6228474,20640.77
1900,"orca",4760.71367780755,8960.23292467079,307268.188616068,6993.36508389802,18572.8246518776,8846.046
1900,"other krill",178434.711833269,12095273.1023819,130526101.105476,1435563.15274323,81714491.2695189,2801248
1900,"other macrozooplankton",1350446.67958944,19217682.1985237,39039990.3708211,7719390.6196438,29165470.5227219,14743410
1900,"salps",103817.218366852,1058983.3283807,2878625.85382342,412746.536269263,2059904.92522518,961270.3
1900,"shelf and coastal fishes",1301597.48530874,4908137.25841804,7562516.36351092,2668704.2077351,6274617.02524236,4027900
1900,"small divers",11088.6831454915,37654.8886586905,48037.8716283398,22178.461451399,42656.7721953131,23589.46
1900,"sperm whales",11033.821033152,24320.3223334891,13261003.0603387,14678.2626207064,2655844.75611697,16217.75
1900,"squids",43566.8269832761,142116.632882588,432078.272969494,92266.2473974407,300082.869678029,221151.2
1900,"toothfishes",2175.69673684385,1038815.96456451,2773276.7460156,164333.348477659,1831352.451141,1105756
1901,"antarctic krill",133065.920720913,13266254.4688042,58164975.2820533,1638128.51918504,36602208.9655964,5897364
1901,"baleen whales",109466.872385955,856754.466471064,108372753.744818,177802.409588493,18500597.8086185,187241.3
1901,"bathypelagic fishes",309523.412674875,2333925.77334307,7656008.67579943,960045.926463586,4474156.97060478,1769209
1901,"flying birds",3952.44212878605,6016.43759877783,6601.91994476583,5418.54870161711,6284.04596106405,4423.023
1901,"large divers",2434.93478013752,18484.6610810388,3239776.8811663,5849.24698723791,231265.04762837,16217.75
1901,"leopard seals",627.744751807065,3323.42837464303,29508.0962977819,1952.07557230859,4652.27968488397,2948.682
1901,"medium divers",68831.5830452114,414989.451165408,1543148.073474,159001.927236742,835784.188876426,390700.4
1901,"mesopelagic fishes",17029.9004302181,1731035.72323308,4656022.14931712,484933.656060141,3565985.05843294,1769209
1901,"mesozooplankton",4409952.55854211,16722458.3312688,27972998.184171,7352470.50112601,24017270.3613527,12974200
1901,"minke whales",2158.90388924555,26754.5913568599,194283342.691075,7515.08512694097,19607281.2367034,20640.77
1901,"orca",4769.54176388287,8960.44382247535,306455.858387902,6997.6128730287,18546.2287668486,8846.046
1901,"other krill",174848.503353827,11547602.3835153,129016753.122407,1420152.35099112,79487052.3235623,2801248
1901,"other macrozooplankton",1329403.59545949,18760809.7188079,37947703.9676951,7790891.03433857,27809132.4664932,14743410
1901,"salps",102963.786178749,1062481.87254133,2883138.01129534,412118.414803179,2068870.83316413,961270.3
1901,"shelf and coastal fishes",1296784.97428309,4890993.11223165,7561010.28230642,2664235.79393439,6267541.5746206,4027900
1901,"small divers",11047.7580495768,37623.4333646799,48026.3383530353,22133.4037085593,42648.5123821173,23589.46
1901,"sperm whales",11041.858384306,24307.9137245989,13237071.9266878,14682.9101731042,2651075.66796951,16217.75
1901,"squids",43527.965676211,141683.716722757,432155.795035744,91865.8030963001,299736.387012188,221151.2
1901,"toothfishes",2164.42917218226,1039995.23369613,2773135.62688558,164934.417143209,1830933.84166307,1105756
1902,"antarctic krill",136095.456666938,13527937.5314923,58236961.0215886,1676663.57552639,36751219.6271533,5897364
1902,"baleen whales",109551.942818124,855926.445194234,108234401.790754,177838.397169149,18477186.9333157,187241.3
1902,"bathypelagic fishes",309615.342014916,2357404.69527011,7662164.02980672,976012.761939555,4487454.73858989,1769209
1902,"flying birds",3954.48035362251,6019.75083034275,6601.4425250178,5425.45605416943,6283.73428978257,4423.023
1902,"large divers",2446.8132125441,18472.0538352749,3221907.25418486,5855.80546780273,229973.940576306,16217.75
1902,"leopard seals",617.567080917088,3324.37515058261,29264.1553574812,1954.61775991454,4653.2993895348,2948.682
1902,"medium divers",69119.400624496,414848.36425598,1537578.19219663,158982.753591034,834678.940000556,390700.4
1902,"mesopelagic fishes",17028.2162826737,1759650.86122412,4680080.36840388,492711.061269342,3574274.04891593,1769209
1902,"mesozooplankton",6106700.07033674,18284627.4606559,30125891.6304675,10268510.8822422,25620251.9424621,12974200
1902,"minke whales",2161.07140444636,26706.6123723863,193639356.155218,7513.71598965248,19539060.9068607,20640.77
1902,"orca",4778.91584196046,8961.11637075524,305645.827876474,7002.66956882333,18520.8544340885,8846.046
1902,"other krill",189110.797917975,12016358.982163,127721080.337911,1526177.51449669,78129942.6083199,2801248
1902,"other macrozooplankton",1399441.75408117,19276451.3704684,38768341.6545805,8161687.73153721,29291250.2738787,14743410
1902,"salps",105721.06067591,1086822.89249587,2892283.59026487,427357.489917133,2081836.92105067,961270.3
1902,"shelf and coastal fishes",1296631.11785665,4883199.82005463,7558967.86371662,2662405.09403978,6263594.48813872,4027900
1902,"small divers",11066.3390151161,37699.290761987,48016.4110667037,22169.4345953763,42651.4812517381,23589.46
1902,"sperm whales",11049.9579937415,24296.4964865476,13213184.9656332,14688.1008138676,2646316.86773563,16217.75
1902,"squids",43046.9629231593,141086.206129579,432170.517999653,91229.2155489885,299215.940492522,221151.2
1902,"toothfishes",2180.64470165541,1039584.92093412,2772884.34471972,165648.075435002,1830584.39826012,1105756
1903,"antarctic krill",139917.522434206,13874980.1115013,61623020.711245,1753151.63587013,36832308.4842534,5897364
1903,"baleen whales",109635.366080203,855099.547202495,108096224.191194,177872.437382198,18453805.6532186,187241.3
1903,"bathypelagic fishes",316046.742704964,2398264.80204845,7683986.55880895,1001848.60789765,4518401.9406431,1769209
1903,"flying birds",3955.00894050738,6020.34649493722,6600.80419792861,5431.18778208142,6283.12283409324,4423.023
1903,"large divers",2459.42065240893,18473.3384648184,3204124.30628613,5864.13804278427,229047.399008998,16217.75
1903,"leopard seals",607.40603930151,3326.36359978138,29023.0587462379,1960.00954010123,4654.44194831535,2948.682
1903,"medium divers",69423.0204633197,414406.311127236,1532044.16854616,158991.880714274,834213.013182967,390700.4
1903,"mesopelagic fishes",17558.7419308649,1798623.00526103,4707345.13187584,505223.495809783,3600670.40640293,1769209
1903,"mesozooplankton",6387291.33628489,18129750.9407089,29533942.2271396,9859773.94462373,25259126.2446746,12974200
1903,"minke whales",2165.41704701514,26671.8928889568,192997487.86963,7517.80585027808,19471065.0903079,20640.77
1903,"orca",4788.17872441446,8961.73554931713,304838.00559046,7007.4916262989,18495.2198191044,8846.046
1903,"other krill",210088.506538027,12132191.7129156,124216881.551189,1699486.92692262,76118006.7499447,2801248
1903,"other macrozooplankton",1510661.95474167,20181352.1714079,39652505.7410347,8702551.56687269,30032136.5197008,14743410
1903,"salps",109454.260497524,1100474.42503842,2903839.67159815,441728.47996805,2094007.8728026,961270.3
1903,"shelf and coastal fishes",1302456.56859268,4878745.43666676,7561890.33883254,2666378.90031492,6261736.02481253,4027900
1903,"small divers",11084.0247439506,37773.1598742507,48007.7867967866,22205.1333417044,42672.6189999251,23589.46
1903,"sperm whales",11058.0627709597,24284.9808313398,13189340.9785306,14693.1711069002,2641566.32844938,16217.75
1903,"squids",42793.6242007102,140817.285811274,432106.838352285,91084.934439522,298852.361444613,221151.2
1903,"toothfishes",2203.20957260832,1039547.86563011,2772708.69724668,166061.386376823,1830253.28184338,1105756
1904,"antarctic krill",140788.684250334,13903110.1055544,69625662.6723652,1827451.42646606,36683659.9199863,5897364
1904,"baleen whales",109713.295140583,854273.862620915,107958216.563462,177900.926124845,18430453.4234264,187241.3
1904,"bathypelagic fishes",326201.510423187,2442040.05850484,7718861.57340315,1027887.88350934,4560058.26765334,1769209
1904,"flying birds",3954.15836010659,6019.61502922483,6600.06772881011,5428.89262499084,6282.54939962207,4423.023
1904,"large divers",2473.50730667969,18482.1726993224,3186427.97791709,5876.88490419789,228163.700900765,16217.75
1904,"leopard seals",597.204704217205,3329.86809137611,28785.0023037422,1962.08475490433,4655.83959145016,2948.682
1904,"medium divers",69759.4911234205,414255.290315133,1526551.80394575,159070.0450913,833402.716349139,390700.4
1904,"mesopelagic fishes",18162.030535585,1830777.81636265,4732438.44288679,517635.942260573,3636594.10984947,1769209
1904,"mesozooplankton",5253795.51996934,17645009.1373027,29129945.4692153,9145819.88424715,24935292.1434915,12974200
1904,"minke whales",2175.11004172099,26651.1948942997,192357723.871672,7533.18086188149,19403292.0999923,20640.77
1904,"orca",4797.06672558341,8962.10675544955,304032.345514765,7011.71205453767,18468.8469648922,8846.046
1904,"other krill",213405.985265925,11559469.9500174,121786247.907306,1686975.67601707,73826479.9906238,2801248
1904,"other macrozooplankton",1583295.12707478,19476239.9664381,39053376.048508,8602741.23925619,28854383.2565165,14743410
1904,"salps",111486.721105643,1099033.12101397,2914934.15454205,444619.61975091,2101782.40972353,961270.3
1904,"shelf and coastal fishes",1316618.37423745,4885771.74275791,7569898.72517193,2678803.1671993,6269903.47053121,4027900
1904,"small divers",11087.7692893927,37793.7601218279,48000.2734649528,22209.6994406142,42669.9454941708,23589.46
1904,"sperm whales",11066.1655564136,24273.0942998918,13165539.6322249,14697.9584549783,2636823.52990838,16217.75
1904,"squids",43179.5846918824,141023.867168005,432203.220817246,91565.2391577933,298869.555361243,221151.2
1904,"toothfishes",2219.28365530396,1039676.94184786,2772800.96482394,166370.95849985,1830058.52372662,1105756
1905,"antarctic krill",136153.446523386,13496674.7212137,74342565.0623081,1782485.06535268,36080618.2128016,5897364
1905,"baleen whales",109785.293572868,853449.2452236,107820378.004156,177923.250483436,18407129.9996518,187241.3
1905,"bathypelagic fishes",329086.704241785,2447428.13745605,7735649.04954424,1017638.37460253,4570045.8961281,1769209
1905,"flying birds",3952.26714409402,6016.6788666686,6599.18182910097,5419.56586118812,6280.95662889802,4423.023
1905,"large divers",2487.91104664268,18462.2765153395,3168815.91140678,5890.39415484158,227283.214827738,16217.75
1905,"leopard seals",586.61241278916,3332.7532196276,28549.3721720784,1967.48888514128,4657.33170569193,2948.682
1905,"medium divers",70104.8495395836,414295.564522349,1521086.02697197,159118.120182273,832483.254121768,390700.4
1905,"mesopelagic fishes",17910.7709494169,1821278.47034135,4727400.27059423,516080.924477874,3646943.38296808,1769209
1905,"mesozooplankton",3933874.20740239,16629491.9455561,27745582.5261476,7749848.31147594,23810448.0096321,12974200
1905,"minke whales",2184.89546559113,26630.2791146728,191720055.731074,7549.32481576495,19335740.0529497,20640.77
1905,"orca",4805.85099503177,8961.56954453386,303228.868568336,7016.07084904956,18442.3912825021,8846.046
1905,"other krill",196210.315847197,10778609.6680148,121540235.645628,1492487.0419369,73508811.6655251,2801248
1905,"other macrozooplankton",1520934.76850626,17923712.2202103,37143975.168015,7841224.71832451,26891939.7477202,14743410
1905,"salps",110220.926148594,1076077.58742867,2911784.94590463,433630.007990515,2082208.45953498,961270.3
1905,"shelf and coastal fishes",1316866.74758605,4892837.82858295,7573783.93399236,2682762.46183146,6275183.05490402,4027900
1905,"small divers",11057.2680849723,37751.4762025251,47988.6765794866,22175.4282379731,42652.0385083099,23589.46
1905,"sperm whales",11074.2638170048,24261.1207634999,13141781.1352345,14702.6583068815,2632088.96384088,16217.75
1905,"squids",43657.7672474009,141387.425728611,432288.295996382,92108.1331253191,298914.751367702,221151.2
1905,"toothfishes",2208.34979649465,1040917.07229999,2772971.05497812,166603.414537276,1829902.63477203,1105756
1906,"antarctic krill",133132.414050838,13419096.2409095,83134956.8946141,1747951.63448675,35967640.8516503,5897364
1906,"baleen whales",109867.944581118,852625.584539399,107682729.056087,177956.669674641,18383838.0270445,187241.3
1906,"bathypelagic fishes",327635.22732006,2445776.66964703,7733907.77096445,1023917.99377571,4558558.30500589,1769209
1906,"flying birds",3953.48110945681,6019.07740525756,6598.6369522556,5423.93717416989,6280.58701205311,4423.023
1906,"large divers",2501.66980515109,18460.1015440243,3151289.52608842,5900.27623890533,226409.299711724,16217.75
1906,"leopard seals",576.485526236656,3336.95071157541,28316.4214733727,1970.13179038454,4657.54537918864,2948.682
1906,"medium divers",70439.2589600572,414237.165897642,1515640.39027159,159117.908304875,831554.798514504,390700.4
1906,"mesopelagic fishes",17445.0500901092,1812718.47571281,4710228.02102621,515703.226918728,3629580.43301738,1769209
1906,"mesozooplankton",4609016.31052454,17126620.8410236,28950917.7138834,8733790.83299426,24749305.6819427,12974200
1906,"minke whales",2191.00841315523,26605.5038060829,191084507.132538,7562.70453335215,19268413.6041208,20640.77
1906,"orca",4814.96248864848,8960.61535796665,302427.618616235,7021.0486508461,18416.70683896,8846.046
1906,"other krill",189749.652786675,11166857.1501112,123853978.040515,1484851.77133036,76365934.3784389,2801248
1906,"other macrozooplankton",1487229.9753326,18315456.1675928,37848635.2231995,7603270.09306494,27997092.1060852,14743410
1906,"salps",109355.1017471,1073947.42787009,2909469.94162105,431036.401298734,2075621.18535762,961270.3
1906,"shelf and coastal fishes",1324609.17085286,4901362.01099783,7575011.42175394,2689114.92409545,6277166.06778374,4027900
1906,"small divers",11072.2079892706,37740.5213227735,47978.8078404992,22186.2749187916,42646.4950959913,23589.46
1906,"sperm whales",11082.4003611218,24249.8475021867,13118066.1353632,14707.7372480818,2627364.15504385,16217.75
1906,"squids",43922.9348160808,141656.457708499,432507.35783429,92532.9573732149,299016.695428723,221151.2
1906,"toothfishes",2205.03767410769,1042310.46708066,2773281.03616774,167349.128071092,1830007.6985031,1105756
1907,"antarctic krill",126165.027010818,13198604.5646099,90587340.180048,1672327.02332561,36094006.2186314,5897364
1907,"baleen whales",109938.700285988,851803.174843837,107545241.634097,177978.121867513,18360574.0539365,187241.3
1907,"bathypelagic fishes",322375.813043296,2430631.12854911,7736879.12112469,1016852.83465441,4552890.0398253,1769209
1907,"flying birds",3951.43949445074,6016.64861746199,6597.7008459696,5416.79944877605,6279.9128452079,4423.023
1907,"large divers",2517.18019702705,18459.7689516936,3133846.42144699,5916.79314960143,225535.427244668,16217.75
1907,"leopard seals",566.034958204093,3339.64009225973,28085.8492547049,1971.15871347716,4658.42356442009,2948.682
1907,"medium divers",70811.1314027998,414223.540375069,1510229.97473072,159439.576656124,830653.722958275,390700.4
1907,"mesopelagic fishes",16619.7883267421,1792432.76647291,4696670.78351661,505717.862300337,3618149.7001291,1769209
1907,"mesozooplankton",3635355.77375331,16165171.710096,27829756.5723479,6671867.11293793,23756042.3261067,12974200
1907,"minke whales",2204.5882965841,26589.5641410632,190451030.88768,7576.36778583519,19201305.6740171,20640.77
1907,"orca",4823.41854620569,8961.07624622811,301628.464583191,7025.25932542751,18389.8755732747,8846.046
1907,"other krill",169341.190819689,10870851.449745,126532118.090672,1331084.98478402,76743307.6674542,2801248
1907,"other macrozooplankton",1390275.56109146,17959242.5506649,37552731.7490556,7391762.79568725,26989659.5033525,14743410
1907,"salps",105438.327044305,1053745.75612758,2906653.01982334,417377.388989023,2073603.93006918,961270.3
1907,"shelf and coastal fishes",1335456.57746447,4907883.44626085,7579058.58198181,2698211.91193869,6280809.73281698,4027900
1907,"small divers",11041.9826555767,37676.4552392277,47968.6079787346,22128.4451997851,42623.4482906734,23589.46
1907,"sperm whales",11089.0931728723,24237.6511394481,13094393.0715359,14712.2584049387,2622646.2636038,16217.75
1907,"squids",44666.3269413646,142093.616180007,432809.95470432,92832.2400704631,299373.564908276,221151.2
1907,"toothfishes",2179.2829544794,1044190.89851205,2773811.76485641,167982.577294054,1830042.52957879,1105756
1908,"antarctic krill",124297.446229761,13277673.1506669,105558995.427878,1653741.43975669,36248842.4551536,5897364
1908,"baleen whales",110023.928411457,850981.519124594,107407947.313232,178013.862663424,18337341.8896786,187241.3
1908,"bathypelagic fishes",315547.378591899,2412971.91498414,7715227.82363298,1008810.80935115,4528742.71659692,1769209
1908,"flying birds",3953.3297317708,6018.92163980852,6597.16745625009,5421.89482708741,6279.7658277184,4423.023
1908,"large divers",2524.31487130953,18452.109167569,3116486.7609165,5926.87491336715,224670.438537781,16217.75
1908,"leopard seals",555.854241878001,3340.40607345385,27857.3213513713,1970.48430240075,4658.91376660876,2948.682
1908,"medium divers",71138.2457297,414118.208338995,1504824.39954107,159669.442194791,829568.786767266,390700.4
1908,"mesopelagic fishes",15977.0053189195,1782041.87870968,4684957.73008584,501852.938919179,3597505.39547685,1769209
1908,"mesozooplankton",5168168.5864985,17459561.6275682,29315430.4811844,9120706.77760216,25031615.2183075,12974200
1908,"minke whales",2207.92886655822,26561.4408967807,189819669.478191,7576.83942884976,19134423.1388486,20640.77
1908,"orca",4832.66551978211,8961.6889384332,300831.587718697,7030.47109065219,18364.7932142744,8846.046
1908,"other krill",166860.890401625,11323981.9822696,129097118.518632,1347204.66652699,79915160.1664704,2801248
1908,"other macrozooplankton",1368714.96329106,18477455.9749741,37916744.7202455,7650678.18329947,28194026.169251,14743410
1908,"salps",104698.025165743,1067407.5173844,2901490.05165132,420621.332626162,2078519.78791976,961270.3
1908,"shelf and coastal fishes",1336372.67189706,4907351.00306529,7576425.49277745,2698844.76301778,6279672.21231195,4027900
1908,"small divers",11058.4014302246,37673.3257696767,47957.8528599904,22148.8820775934,42625.3844809348,23589.46
1908,"sperm whales",11096.5885378879,24226.6302148795,13070763.9241001,14717.485021041,2617939.02398063,16217.75
1908,"squids",44548.6329703086,142184.643409786,433002.960745733,92873.0352802366,299351.463493472,221151.2
1908,"toothfishes",2175.9532937428,1046090.5005583,2774156.77313005,168754.72849838,1830185.71718731,1105756
1909,"antarctic krill",122929.608820877,13483867.3957836,125656451.143922,1657374.96541056,36460626.9489104,5897364
1909,"baleen whales",110112.763306554,850160.864806396,107270832.359801,178052.780762041,18314139.8246691,187241.3
1909,"bathypelagic fishes",312940.694462838,2412556.80459832,7700483.67514413,1018895.9001592,4519632.33973533,1769209
1909,"flying birds",3954.96492961101,6021.46497883837,6596.57562133989,5432.17231549582,6280.59134324017,4423.023
1909,"large divers",2492.74301089148,18448.2567106656,3099210.30679477,5936.32927683526,223810.244529215,16217.75
1909,"leopard seals",545.828725235012,3341.06690112986,27631.1321633997,1969.95300242497,4659.58475901174,2948.682
1909,"medium divers",71460.8344000594,413998.191105074,1499441.28355746,159803.607575417,828503.477084116,390700.4
1909,"mesopelagic fishes",15770.4391347622,1795833.62058103,4690268.0842151,507368.615224786,3598651.84681417,1769209
1909,"mesozooplankton",3859510.0251177,17006339.9576415,28506642.663609,8225835.17140676,24395066.4891752,12974200
1909,"minke whales",2209.92582431776,26531.6857065451,189190394.407537,7587.70409289643,19067762.0388679,20640.77
1909,"orca",4842.09576664387,8962.33135121648,300036.904927774,7035.88799376316,18340.055392363,8846.046
1909,"other krill",167329.28561129,11466804.9283974,127373603.788382,1388599.97341011,78632055.7457721,2801248
1909,"other macrozooplankton",1392727.07905064,19039989.0188267,38085317.061076,7920522.46431084,28312081.9065466,14743410
1909,"salps",104539.448807667,1078802.86675466,2899044.27140477,427351.737717277,2080559.30599169,961270.3
1909,"shelf and coastal fishes",1340674.28960591,4910498.48866853,7575321.698628,2706559.59575931,6281505.02289132,4027900
1909,"small divers",11090.5699266428,37713.4190134369,47948.4573891784,22197.9091150274,42636.3410013428,23589.46
1909,"sperm whales",11104.3402622393,24215.7776886508,13047177.6075098,14722.7920784092,2613240.64665623,16217.75
1909,"squids",44156.0188695259,142036.522602898,432998.231222814,92917.9873024697,299227.659318873,221151.2
1909,"toothfishes",2188.16909751172,1046805.98173516,2774445.07785811,169664.344547135,1830351.22069006,1105756
1910,"antarctic krill",121554.379198383,13470524.0589498,149255477.526639,1658081.52236261,36291176.3805215,5897364
1910,"baleen whales",110200.403203321,849341.212628483,107133890.498472,178089.826785135,18290967.044918,187241.3
1910,"bathypelagic fishes",313209.682752598,2417039.21151966,7685119.4688111,1020008.70680436,4514043.7997366,1769209
1910,"flying birds",3955.5598595896,6022.33043856105,6595.85780085225,5438.28926720072,6280.31602731361,4423.023
1910,"large divers",2460.99679555508,18445.3926604066,3082015.65827243,5943.9802329366,222954.126061974,16217.75
1910,"leopard seals",535.664665073032,3341.3603099868,27407.0682147587,1971.46379803021,4660.3081001942,2948.682
1910,"medium divers",71778.1993420794,413808.039152886,1494079.94815838,159799.946543665,827676.618398566,390700.4
1910,"mesopelagic fishes",15675.8494456262,1803644.09086183,4693964.63362208,506172.02255515,3599007.68448906,1769209
1910,"mesozooplankton",2206392.98826383,17158618.6162142,28537761.1884849,8732620.886891,24359488.2794407,12974200
1910,"minke whales",2210.30950103506,26499.5897078516,188563190.300039,7594.0075935307,19001320.1236268,20640.77
1910,"orca",4851.73090772251,8963.00481930949,299244.412442565,7041.51137711345,18315.6111597732,8846.046
1910,"other krill",166024.830015988,11347331.5063013,125094556.901412,1420742.21410321,76197236.794663,2801248
1910,"other macrozooplankton",1415911.93401525,18507122.5473796,37438599.5014976,7904735.03068247,27690826.9836266,14743410
1910,"salps",105117.347002972,1081282.67928238,2892822.40397571,432286.048930751,2080872.82038424,961270.3
1910,"shelf and coastal fishes",1337221.96420084,4906733.02785221,7571738.63896011,2709547.87461041,6280292.83288619,4027900
1910,"small divers",11112.3382203792,37774.3095018581,47937.1434128255,22247.1375562941,42640.0364372663,23589.46
1910,"sperm whales",11112.1107259192,24204.9636156789,13023633.9176434,14727.7983614625,2608550.80588394,16217.75
1910,"squids",43533.5614792485,141963.057021233,432670.163899273,93003.1037436373,298905.955500372,221151.2
1910,"toothfishes",2200.04400298012,1047413.90278647,2774554.36204591,170601.466602592,1830431.35494219,1105756
1911,"antarctic krill",120797.309652257,13555592.9087797,180451451.297028,1667182.77426016,36270146.7409033,5897364
1911,"baleen whales",110284.926354699,848522.734038982,106997120.155404,178123.635988393,18267823.4239924,187241.3
1911,"bathypelagic fishes",316797.982812934,2420882.82127122,7681102.38010708,1025631.80854875,4515895.97207679,1769209
1911,"flying birds",3955.41733675343,6022.03069913572,6595.12750966636,5440.31567533242,6279.66167914906,4423.023
1911,"large divers",2428.37439772137,18442.9730081034,3064903.66122394,5949.68569620037,222100.710612961,16217.75
1911,"leopard seals",525.568132051073,3343.0281580139,27185.4514129893,1973.4520908263,4661.14364416883,2948.682
1911,"medium divers",72115.1490644329,413714.664307894,1488753.68075043,159845.827846197,826621.281906911,390700.4
1911,"mesopelagic fishes",15663.7916947444,1809425.60565109,4697769.12681447,510312.078556056,3602474.32582823,1769209
1911,"mesozooplankton",956063.012707427,17464790.2791703,29064854.7942005,9145291.90628831,24863498.1708774,12974200
1911,"minke whales",2214.27118694067,26485.6616915187,187938046.62444,7611.53352876588,18935096.3308001,20640.77
1911,"orca",4861.2233154229,8963.6440576601,298454.061367203,7046.91308094914,18290.735753867,8846.046
1911,"other krill",169395.217598341,11522356.3660118,124061749.43123,1470018.03918713,76089817.5267718,2801248
1911,"other macrozooplankton",1455327.88117116,18858251.1394444,38214801.1907183,7938364.86774367,28524262.7281698,14743410
1911,"salps",106143.430793626,1083643.40313645,2892191.42715328,437954.259512392,2079793.65169526,961270.3
1911,"shelf and coastal fishes",1341411.41437546,4907208.27353299,7570543.8099399,2717297.10601607,6280819.49891017,4027900
1911,"small divers",11132.3567478063,37810.8325142473,47927.3312993946,22280.9648433553,42628.1605647949,23589.46
1911,"sperm whales",11119.3797727985,24193.8340118817,13000132.4245769,14732.0226182347,2603868.82707323,16217.75
1911,"squids",43283.1177538763,141826.761390228,432375.114561208,93140.1659626595,298729.51234529,221151.2
1911,"toothfishes",2206.7969112426,1049542.11753773,2774695.4597418,171561.633164874,1830498.60981795,1105756
1912,"antarctic krill",122422.160045017,13757262.2602965,228444517.607425,1715692.44770946,36338285.2685888,5897364
1912,"baleen whales",110370.168482449,847705.311717235,106860525.770506,178157.931131151,18244709.4197315,187241.3
1912,"bathypelagic fishes",323067.079078392,2431882.49612599,7680728.68025633,1037467.4307953,4522240.53562677,1769209
1912,"flying birds",3955.66551345726,6022.40703740716,6594.48025314269,5443.63164960551,6279.21984891249,4423.023
1912,"large divers",2396.49888815172,18438.0100767111,3047873.79510614,5951.77373355158,221251.411450857,16217.75
1912,"leopard seals",515.544377256121,3343.32296113367,26966.1166804127,1976.38512210918,4661.14179437168,2948.682
1912,"medium divers",72455.7547380598,413619.185258235,1483453.78803233,159953.342492849,825723.914208074,390700.4
1912,"mesopelagic fishes",15940.2286929549,1825603.41893992,4700300.01633596,519881.309136985,3610382.34706103,1769209
1912,"mesozooplankton",214052.760256529,18000811.3496871,29586497.1530852,9924176.07478283,25312238.467935,12974200
1912,"minke whales",2218.05608830665,26472.4366944779,187314964.434542,7625.49193592259,18869091.0125007,20640.77
1912,"orca",4870.84567029443,8964.28921715379,297665.869419529,7052.43038469676,18266.0146205087,8846.046
1912,"other krill",182007.486449312,11825353.4698322,123291334.193498,1589259.2643091,75919868.4724881,2801248
1912,"other macrozooplankton",1534049.00898757,19636298.2432748,39071004.8474779,8273507.53196688,29436175.2161695,14743410
1912,"salps",108967.379262423,1093455.79851505,2894835.61736281,447963.023638476,2087213.09684481,961270.3
1912,"shelf and coastal fishes",1348207.97501166,4909554.22742358,7569817.99219978,2727014.55660247,6282317.45356076,4027900
1912,"small divers",11159.8149316333,37822.3432113428,47918.5728704754,22323.3018755447,42620.8476134254,23589.46
1912,"sperm whales",11126.8034274017,24182.7880114622,12976673.4424965,14736.319916863,2599195.42113551,16217.75
1912,"squids",43192.0287461065,141812.664841686,432120.75176107,93410.6350543282,298601.715545591,221151.2
1912,"toothfishes",2200.38218031209,1050029.80276065,2774802.34596811,172093.392189957,1830591.01225293,1105756
1913,"antarctic krill",124055.136533959,13852620.6253049,289604130.399633,1797736.82029309,36225701.8613959,5897364
1913,"baleen whales",110456.237852758,846888.916633429,106724107.105905,178192.806589877,18221624.9999238,187241.3
1913,"bathypelagic fishes",331449.363899795,2448328.12449345,7680262.76096335,1054632.59768746,4532604.0180705,1769209
1913,"flying birds",3956.13009788214,6023.18154904033,6593.87543051227,5447.98603923958,6278.84334641523,4423.023
1913,"large divers",2365.53118268172,18435.5610235635,3030925.63396899,5953.52165721128,220406.487070106,16217.75
1913,"leopard seals",505.555000061674,3343.5265854454,26748.9767343847,1975.83453884782,4661.46010193547,2948.682
1913,"medium divers",72797.127821337,413413.994367558,1478177.90959747,160156.336625188,824945.229067807,390700.4
1913,"mesopelagic fishes",16487.5976455144,1849112.02413287,4981169.97972479,531373.47391579,3626460.30547435,1769209
1913,"mesozooplankton",13148.1979918651,17685409.5710859,28980852.0307759,9503665.98109798,24776359.1462817,12974200
1913,"minke whales",2204.58348292179,26458.1223352359,186693936.687494,7636.20022819567,18803303.2961541,20640.77
1913,"orca",4880.66132403975,8964.94299672217,296879.831116221,7058.13539159979,18241.5719090701,8846.046
1913,"other krill",192144.19926491,11646829.9159635,121106819.844123,1653023.44732714,73772779.1119616,2801248
1913,"other macrozooplankton",1617728.223356,19524229.6198253,38580405.748291,8546509.52234779,28875285.2625235,14743410
1913,"salps",112071.632216388,1096795.15646262,2895781.7754535,454555.726348285,2092446.21274579,961270.3
1913,"shelf and coastal fishes",1353700.48058963,4915336.87172437,8003080.59899902,2736463.70342146,6284265.3788226,4027900
1913,"small divers",11191.4589611002,37835.4424620527,47910.2477520938,22377.057545331,42620.5994020029,23589.46
1913,"sperm whales",11134.5298857124,24171.9156286005,12953256.96946,14740.7748242976,2594530.72044914,16217.75
1913,"squids",43139.2379496539,141820.15292936,431844.003468637,93809.8993962286,298477.722755616,221151.2
1913,"toothfishes",2195.11031154356,1050229.17558216,2774842.82621009,172506.55830314,1830794.42425548,1105756
1914,"antarctic krill",122835.606753473,13779606.5042936,346544363.140998,1810493.49810481,36019187.7899358,5897364
1914,"baleen whales",110534.724039661,846073.769935302,106587854.234222,178220.359412996,18198569.1089271,187241.3
1914,"bathypelagic fishes",339827.209121561,2464534.09663948,7690659.39842432,1060921.81986791,4555876.73906271,1769209
1914,"flying birds",3955.09781483849,6021.90893242813,6593.16400556149,5444.15498230846,6277.74963525857,4423.023
1914,"large divers",2331.54203018275,18433.7294342829,3014059.4540598,5962.36005400631,219562.981854207,16217.75
1914,"leopard seals",495.53458424394,3344.46301206098,26534.2579154605,1975.24120873106,4661.838340223,2948.682
1914,"medium divers",73173.6876852336,412922.348829326,1472941.74458162,160508.948845977,824518.398801863,390700.4
1914,"mesopelagic fishes",16778.148347992,1855555.50410623,5461974.05021086,539696.026328247,3636613.6702023,1769209
1914,"mesozooplankton",295.619057079067,17283411.7891665,28786000.3871207,8855677.47615924,24645793.9597808,12974200
1914,"minke whales",2159.99989378903,26409.209738617,186074940.809535,7646.45778541289,18737730.3263773,20640.77
1914,"orca",4890.03093102429,8965.49118159835,296095.864527125,7063.27356472455,18216.2311835745,8846.046
1914,"other krill",188510.082666746,11206987.8031569,120389808.636203,1581917.79566079,73157525.6105917,2801248
1914,"other macrozooplankton",1645772.93031393,18890046.5543284,38344181.9351756,8241881.83707343,28218693.4573555,14743410
1914,"salps",112770.999043212,1091004.86648915,2898725.61379558,450398.836104343,2088836.88100356,961270.3
1914,"shelf and coastal fishes",1367518.13864276,4927738.22957831,8575596.69384889,2751921.58035569,6288615.8343112,4027900
1914,"small divers",11203.2960658361,37815.9068526381,47903.1319577588,22385.7081939517,42615.6142864924,23589.46
1914,"sperm whales",11141.3469271051,24160.4688505471,12929882.2207727,14744.6541962235,2589873.34342348,16217.75
1914,"squids",43719.7117121853,142175.906545921,431793.914587232,94177.2189206673,298699.582447142,221151.2
1914,"toothfishes",2180.09714941944,1051716.60475363,2775048.41226809,172916.224308873,1831050.0525745,1105756
1915,"antarctic krill",120868.53907749,13715449.1049625,394875181.793414,1786935.04058658,35934486.2786037,5897364
1915,"baleen whales",110608.298160856,845259.760819613,106451770.269092,178243.288730692,18175542.0692069,187241.3
1915,"bathypelagic fishes",344479.200411875,2471246.1043367,7701104.24888407,1063654.99981853,4575685.50711683,1769209
1915,"flying birds",3953.71798811687,6020.18770972564,6592.43416824988,5436.52316429019,6277.10228210232,4423.023
1915,"large divers",2295.19050828099,18432.0896810815,2997274.56726462,5971.640467572,218595.978063154,16217.75
1915,"leopard seals",485.449162939991,3345.62447274652,26321.7711449895,1974.4349961839,4661.35105952148,2948.682
1915,"medium divers",73571.9519780787,412963.894135733,1467736.67332764,160943.02281303,824231.498644751,390700.4
1915,"mesopelagic fishes",16650.2892069775,1853441.9648679,5996489.35997833,539354.0863256,3642952.84242513,1769209
1915,"mesozooplankton",4.0783249761829,17481194.939524,29264456.7169514,9113892.56430332,25053060.5472805,12974200
1915,"minke whales",2115.20035129319,26414.22441334,185457975.568265,7663.89772361213,18672372.0191199,20640.77
1915,"orca",4899.08376231325,8965.53018364654,295313.978801599,7067.55894846237,18190.4354214877,8846.046
1915,"other krill",183696.721613041,11250835.6838874,122259828.739936,1545526.40785372,75028385.8240843,2801248
1915,"other macrozooplankton",1632028.34848193,18875249.6756503,38786483.764635,8031353.64510233,28533111.3286458,14743410
1915,"salps",112432.032135454,1082119.07147308,2901941.08540964,444407.061866905,2080589.18666404,961270.3
1915,"shelf and coastal fishes",1383202.99922763,4940306.65722148,9236234.41557705,2767389.30649918,6292522.40552507,4027900
1915,"small divers",11199.4839370105,37760.2419863977,47895.4245074695,22360.3601321762,42610.8544786013,23589.46
1915,"sperm whales",11147.6619885717,24148.7095566712,12906549.4117651,14748.1858007745,2585223.79278196,16217.75
1915,"squids",44693.6244089721,142630.775054261,432009.221015559,94398.9208869953,299143.904330448,221151.2
1915,"toothfishes",2154.67872204879,1052987.98334661,2775379.17455774,173366.332540236,1831314.91800233,1105756
1916,"antarctic krill",118664.048437598,13683932.5948034,431413967.923096,1769679.35283873,35987871.7786013,5897364
1916,"baleen whales",110691.202965243,844446.609689005,106315871.789622,178275.646050472,18152545.8618818,187241.3
1916,"bathypelagic fishes",345835.945570029,2470408.93461533,7696054.47588977,1066999.10389737,4583635.88925967,1769209
1916,"flying birds",3954.98651871495,6021.73850398656,6591.95869530086,5441.21699685339,6276.92136877846,4423.023
1916,"large divers",2262.7097613324,18429.0550468341,2980570.5340381,5975.30873991665,217108.886312631,16217.75
1916,"leopard seals",475.56839342794,3347.52665717795,26111.3389405522,1975.55283929983,4660.94906199453,2948.682
1916,"medium divers",73949.5363901491,412797.403258101,1462543.96890277,161231.193399346,822868.774203046,390700.4
1916,"mesopelagic fishes",16535.8660081994,1851812.11963118,6537336.02040232,543086.615995871,3638867.89725093,1769209
1916,"mesozooplankton",0.0417906831855943,17047910.9439231,28541131.3224739,8434398.84034928,24387080.3165044,12974200
1916,"minke whales",2070.93360194308,26407.5247008081,184843060.013437,7679.2271376881,18607231.5564921,20640.77
1916,"orca",4908.59856409831,8965.9993587001,294534.269504789,7071.93972446139,18165.7312108022,8846.046
1916,"other krill",177524.291224247,11193356.6708389,123057279.446793,1499406.79751829,75620364.7030214,2801248
1916,"other macrozooplankton",1616979.71301799,18778227.1199194,38099284.9483923,7957347.54327564,28034968.9790168,14743410
1916,"salps",111882.008143098,1079362.57993734,2900281.27761956,440721.205451113,2080796.41074274,961270.3
1916,"shelf and coastal fishes",1394524.37017966,4950678.67723938,9974865.04003397,2780743.63605552,6295414.63151549,4027900
1916,"small divers",11227.7149790225,37750.8586211964,47887.5998662781,22383.1974713014,42602.2711089084,23589.46
1916,"sperm whales",11155.2379900976,24137.7454498095,12883259.5172537,14752.9748433484,2580584.07523963,16217.75
1916,"squids",45215.4167377976,142969.014427668,432295.952151018,94963.9906839157,299448.745359554,221151.2
1916,"toothfishes",2138.52652809073,1054148.32284647,2775635.72710584,174269.145959753,1831921.40419027,1105756
1917,"antarctic krill",114553.784521181,13419051.2677727,442360099.256279,1719085.76598636,35884168.862486,5897364
1917,"baleen whales",110758.995170308,843634.700330948,106180128.810321,178293.004739465,18129576.8793766,187241.3
1917,"bathypelagic fishes",342858.190883236,2457023.13631634,7698425.51248509,1052457.55422945,4576502.91201944,1769209
1917,"flying birds",3952.45707730791,6018.00246663429,6591.01747820274,5428.57189670458,6275.28515036402,4423.023
1917,"large divers",2222.84196819093,18419.3770591188,2963946.04678472,5977.3913527839,215501.073537477,16217.75
1917,"leopard seals",465.297289437145,3348.81617795807,25902.8959209547,1976.55227909553,4660.67664490258,2948.682
1917,"medium divers",74364.6688429853,412856.811407862,1457387.45963298,161708.912960423,821749.877530155,390700.4
1917,"mesopelagic fishes",15930.1343115528,1827457.68174707,7040433.25720155,532938.533518558,3637330.08553264,1769209
1917,"mesozooplankton",0.000384038890627297,17011580.3825325,28753551.7882826,8316334.9561401,24585354.9160745,12974200
1917,"minke whales",2025.41582015243,26359.6424342533,184230143.550259,7699.99307596939,18542301.492785,20640.77
1917,"orca",4917.34026652264,8965.41943477381,293756.588186013,7075.74318297952,18139.7538235243,8846.046
1917,"other krill",165877.865285778,11008181.8530504,125006238.612296,1419578.45971811,76564470.1452067,2801248
1917,"other macrozooplankton",1540137.9026858,18261314.3319546,37910178.9411305,7688335.10386075,27497829.5158905,14743410
1917,"salps",109222.257695713,1064662.40244941,2896678.70028533,430878.950531411,2076187.37759403,961270.3
1917,"shelf and coastal fishes",1400699.34208145,4957547.96551188,10782892.135783,2786256.1050928,6299509.94667459,4027900
1917,"small divers",11196.632611311,37648.7027858794,47877.554352756,22321.9376747027,42575.3024292167,23589.46
1917,"sperm whales",11161.0435772265,24125.7176287763,12860010.709344,14757.4890639318,2575950.84822835,16217.75
1917,"squids",46106.0143153934,143372.783441367,432601.565317207,95070.9580065558,299884.465770189,221151.2
1917,"toothfishes",2103.73971231162,1056407.21596086,2775982.67515764,175329.080598108,1832400.98356951,1105756
1918,"antarctic krill",110690.605033539,13224219.5858183,440778383.296575,1670593.54593176,35883489.0575017,5897364
1918,"baleen whales",110828.415945722,842823.64893831,106044561.343698,178311.928875151,18106637.5269589,187241.3
1918,"bathypelagic fishes",332683.636190697,2416469.99089064,7909634.96909678,1014587.07546282,4537680.18011878,1769209
1918,"flying birds",3951.17480229464,6016.99192520181,6590.14731486398,5420.96207967094,6273.33117553228,4423.023
1918,"large divers",2182.41271388339,18413.5960740166,2947399.66773777,5983.54268994129,213892.855036103,16217.75
1918,"leopard seals",454.789210223383,3347.44468142232,25695.897606884,1977.85123750918,4661.39386255788,2948.682
1918,"medium divers",74755.8012241441,412845.149041801,1452239.98751545,162061.127267917,821160.8357232,390700.4
1918,"mesopelagic fishes",14969.6089918755,1782566.82805049,7446591.00391252,516922.532615124,3603891.79744582,1769209
1918,"mesozooplankton",3.4096754538201e-06,16861694.3092008,28161883.8329832,8158166.35403756,24108739.4329857,12974200
1918,"minke whales",1979.01489766967,26328.6538227878,183619250.318234,7706.06853164437,18477585.5601249,20640.77
1918,"orca",4926.37722123788,8965.45556319951,292981.073139687,7080.61191536496,18114.6558584634,8846.046
1918,"other krill",159574.368718299,11180792.5530593,126592754.143467,1335226.18630011,77995713.7317997,2801248
1918,"other macrozooplankton",1442052.68189592,17883126.3025582,36952865.657667,7506035.94608349,26970568.420735,14743410
1918,"salps",106842.668590153,1054175.90779959,2882722.50895917,424013.712709582,2064491.45891921,961270.3
1918,"shelf and coastal fishes",1382520.93865516,4955519.38700038,11629077.1618144,2768858.41938336,6294994.88703765,4027900
1918,"small divers",11152.6666034546,37576.4831035704,47863.034894228,22268.8423552553,42565.9247355574,23589.46
1918,"sperm whales",11167.3572335808,24114.0820502423,12836804.3482819,14762.3067158321,2571326.69114249,16217.75
1918,"squids",46297.5108028869,143284.618379209,432733.925345216,94926.7053151506,299850.124705365,221151.2
1918,"toothfishes",2068.5789040932,1056813.1258936,2776044.60127914,176244.943320972,1832768.66205174,1105756
1919,"antarctic krill",106046.588103264,13048829.7126772,426813753.605957,1614681.076275,35965429.5028127,5897364
1919,"baleen whales",110894.678320227,842013.691504571,105909164.075792,178328.170391839,18083727.2332849,187241.3
1919,"bathypelagic fishes",320175.653309326,2368025.32884208,8553902.56066742,982865.774158496,4497950.23715275,1769209
1919,"flying birds",3949.38399187297,6015.28909899131,6589.19610485997,5414.82309632461,6271.75504187897,4423.023
1919,"large divers",2139.18848109866,18402.840322576,2930932.46534931,5981.69637216985,212301.785377016,16217.75
1919,"leopard seals",444.244881658175,3347.02184096322,25490.6464103454,1976.66318414925,4661.92156870424,2948.682
1919,"medium divers",75157.7204346394,412781.011165226,1447119.15809408,162446.645544479,820294.186730636,390700.4
1919,"mesopelagic fishes",13895.6748776475,1741352.76377391,7737083.99723077,495935.574315569,3576186.05405718,1769209
1919,"mesozooplankton",3.15775890427889e-08,16495229.9570325,28044120.2024284,7376348.57076378,23972987.6020666,12974200
1919,"minke whales",1932.30245432572,26302.3618494574,183010364.596228,7713.88415633933,18408842.1590866,20640.77
1919,"orca",4935.07751914788,8965.68703254229,292207.646040474,7085.12347963248,18089.1761870861,8846.046
1919,"other krill",151429.565255557,11122018.2616202,128263602.120839,1310171.38185801,78758926.1421804,2801248
1919,"other macrozooplankton",1339894.80236475,17607476.6704196,36698351.4241054,7295545.10781907,26547204.8283338,14743410
1919,"salps",103553.647437054,1042346.14562732,2872959.21288726,413461.343952404,2056198.23151779,961270.3
1919,"shelf and coastal fishes",1366283.12910944,4939960.74948602,12490777.725906,2748360.36363592,6287140.41460958,4027900
1919,"small divers",11095.0361714538,37507.0076173879,47848.4154008373,22193.2461671282,42565.4989814201,23589.46
1919,"sperm whales",11172.9463207423,24102.0083488519,12813639.5544746,14766.8628904802,2566710.19100903,16217.75
1919,"squids",46431.1183502359,142950.940026158,432826.916529925,94282.4619351819,299688.036574234,221151.2
1919,"toothfishes",2032.31774230789,1057414.38011845,2776044.55355361,176944.403754231,1832839.87765325,1105756
1920,"antarctic krill",106417.905950512,13420416.650193,428112528.968374,1628553.60001126,36450235.6991627,5897364
1920,"baleen whales",110970.747810845,841204.692961556,105773952.515884,178354.756087469,18060848.0057772,187241.3
1920,"bathypelagic fishes",311633.038625486,2353132.70267653,9023824.61029545,973111.242914244,4479989.91906485,1769209
1920,"flying birds",3950.24841201789,6015.11211571633,6588.55955052341,5415.52308658958,6271.09479499883,4423.023
1920,"large divers",2099.24307044072,18395.6884456296,2914545.85277598,5983.25880124814,210715.610486435,16217.75
1920,"leopard seals",434.082291118843,3347.80054727586,25287.374700537,1974.45864924499,4662.62931917387,2948.682
1920,"medium divers",75551.8328419862,412747.976647278,1442020.79591303,162627.840378328,819234.31677125,390700.4
1920,"mesopelagic fishes",13274.8286074006,1736552.19671243,7911074.47707483,492013.388501463,3563868.16663761,1769209
1920,"mesozooplankton",3.14901906033884e-10,17917647.8206618,30075674.4120172,9593339.59601744,25599475.6816939,12974200
1920,"minke whales",1886.7267713682,26289.5333521095,182403504.796031,7727.98137826056,18276555.0232047,20640.77
1920,"orca",4943.92661990788,8966.0656876004,291436.366145142,7089.79735861816,18064.2357300848,8846.046
1920,"other krill",161243.016333532,12095881.1137624,130501276.524029,1425756.53556522,81763009.229295,2801248
1920,"other macrozooplankton",1350246.07227503,19179459.2522968,39014008.8214832,7720631.01383271,29135340.5420043,14743410
1920,"salps",103784.695003184,1066224.44832304,2878324.14332197,424459.315724774,2063565.73803093,961270.3
1920,"shelf and coastal fishes",1364784.48121113,4926714.2243728,13338855.9334558,2739348.11794638,6281175.93261911,4027900
1920,"small divers",11082.4221121565,37507.7436529601,47837.4388746956,22168.8542402602,42563.2177786262,23589.46
1920,"sperm whales",11179.1763556305,24090.3371835962,12790517.0548182,14771.6863150735,2562102.81083071,16217.75
1920,"squids",46362.4085578262,142557.033091437,433029.529879127,93846.0952006193,299448.175515014,221151.2
1920,"toothfishes",2011.40789838307,1057429.74726963,2775995.79663336,177647.174001663,1832961.90313496,1105756
1921,"antarctic krill",104467.172154122,13519759.9083134,427337328.750584,1620556.87795397,36594852.5633308,5897364
1921,"baleen whales",111041.579253227,840396.755793244,105638907.348399,178375.941999809,18037997.2646404,187241.3
1921,"bathypelagic fishes",306351.672206432,2349988.76449945,9331046.77709061,971010.945391838,4484846.81774962,1769209
1921,"flying birds",3949.04977173994,6014.34345845693,6587.67339907149,5414.02875513712,6270.22567511802,4423.023
1921,"large divers",2056.80748985677,18397.4730890364,2898237.95451895,5997.45845237987,209144.85772824,16217.75
1921,"leopard seals",423.709363906692,3348.36032549064,25085.8842816968,1974.06326497294,4662.28577319854,2948.682
1921,"medium divers",75954.0536223064,412599.244989861,1436950.39813892,162728.193436016,818906.115630732,390700.4
1921,"mesopelagic fishes",12862.9223187927,1744175.70851516,7990492.7000527,482926.821877762,3575668.36980055,1769209
1921,"mesozooplankton",2.89706375981017e-12,16704645.8917496,27987790.6897807,7357320.24238109,23993590.6724934,12974200
1921,"minke whales",1840.17704938489,26270.2432670673,181798636.164114,7754.92920394868,18096598.0451707,20640.77
1921,"orca",4952.53485679718,8966.38377979676,290667.180415643,7094.21917659204,18039.0318778915,8846.046
1921,"other krill",158077.102780831,11548430.7479955,128992226.533528,1416170.37050172,79564775.6717747,2801248
1921,"other macrozooplankton",1329260.34452431,18748698.5548286,37919712.9759851,7792474.84698688,27746947.6938107,14743410
1921,"salps",102933.641466433,1066154.26126819,2882836.57900704,423834.64792723,2068685.79618246,961270.3
1921,"shelf and coastal fishes",1359364.76313303,4912211.39585142,14153984.4338357,2730059.60059778,6275115.84880633,4027900
1921,"small divers",11041.6072239356,37500.4743527932,47825.6295639208,22123.9095196451,42559.9072021493,23589.46
1921,"sperm whales",11184.7924714036,24078.3181551421,12767436.0708653,14775.4060561974,2557503.10963272,16217.75
1921,"squids",46310.0562673949,142067.210711397,433110.648138302,93657.318011189,299102.877892011,221151.2
1921,"toothfishes",1989.65192626984,1057100.59961685,2775844.09787698,178315.526674583,1832804.18822423,1105756
1922,"antarctic krill",106852.91636442,13676112.8668192,443626645.102922,1669607.14829017,36840115.6189369,5897364
1922,"baleen whales",111126.5525119,839589.652610846,105504051.990063,178411.372413714,18015177.8365194,187241.3
1922,"bathypelagic fishes",306498.492739365,2370547.06039662,9518468.95004551,987331.071362206,4500365.31332168,1769209
1922,"flying birds",3951.0985154447,6015.94754830833,6587.15723938077,5418.95788360849,6270.08339905384,4423.023
1922,"large divers",2020.55556909803,18399.8433750785,2882010.56178926,6007.59624474224,207570.402126873,16217.75
1922,"leopard seals",413.715873941886,3348.29625819857,24886.5714627817,1975.53559551936,4662.47915015174,2948.682
1922,"medium divers",76335.6605905232,412494.997051883,1431897.92954052,162797.627486569,818300.24716367,390700.4
1922,"mesopelagic fishes",12859.4799403131,1773076.4136907,8006046.48491638,491212.626663104,3586077.14108325,1769209
1922,"mesozooplankton",2.70192412747836e-14,18277752.0103586,30125898.42742,10240081.4969697,25627278.542645,12974200
1922,"minke whales",1794.52498825948,26265.6873058663,181195786.404806,7764.94289801341,17898299.2176094,20640.77
1922,"orca",4961.70228311232,8967.05253175894,289900.176492229,7099.23891259381,18015.0304444974,8846.046
1922,"other krill",171068.682727297,12018225.2966387,127696425.332477,1512852.63380005,78204918.336528,2801248
1922,"other macrozooplankton",1399343.52533361,19257070.1549452,38741719.336205,8163007.20965159,29282321.6769419,14743410
1922,"salps",105692.334383298,1089625.24176851,2891979.8145472,439353.761640112,2085071.51092557,961270.3
1922,"shelf and coastal fishes",1358817.78706107,4900679.97838413,14917239.3431156,2728495.39312435,6267492.54862871,4027900
1922,"small divers",11060.2822500805,37576.7029488696,47815.3941256526,22160.0525131286,42571.1247725526,23589.46
1922,"sperm whales",11191.9585174386,24067.2878252285,12744397.7097873,14780.8982700438,2552913.38924005,16217.75
1922,"squids",45818.1567666897,141491.19802615,433129.379999472,93126.4735730727,299097.141780672,221151.2
1922,"toothfishes",1983.88270077777,1056993.98487944,2775582.83723934,178950.077932055,1832842.62721553,1105756
1923,"antarctic krill",109861.146094859,13999071.5769451,466056637.494633,1736010.75821132,36969010.5868196,5897364
1923,"baleen whales",111209.859282511,838783.646016564,105369366.520688,178444.854488879,17992387.2510736,187241.3
1923,"bathypelagic fishes",312919.283226482,2412840.61956269,9645357.74764081,1017440.5666706,4528539.31071578,1769209
1923,"flying birds",3951.63784692724,6016.76035020459,6586.4837167739,5423.19953975991,6269.83024002331,4423.023
1923,"large divers",1984.5575992385,18392.3052614904,2865862.52974359,6019.46871864195,206011.486956864,16217.75
1923,"leopard seals",403.766086379883,3348.05763286829,24689.5978572944,1976.16775475287,4662.06884432812,2948.682
1923,"medium divers",76732.7130789145,412412.851018917,1426878.94090652,162930.129793223,818030.304978734,390700.4
1923,"mesopelagic fishes",13257.9522450149,1816037.1972128,8004647.95648254,504887.729285128,3612074.23521891,1769209
1923,"mesozooplankton",2.46261083704125e-16,18127380.1212106,29533949.4748903,9854458.5010332,25226010.2564664,12974200
1923,"minke whales",1748.82183603202,26262.5286413746,180594919.366098,7780.27373084645,17701042.0370919,20640.77
1923,"orca",4970.74854208051,8967.66784143905,289135.262778998,7104.12483556611,17990.77002558,8846.046
1923,"other krill",190158.425134565,12133998.0262486,124192187.286732,1679533.87605214,76224205.9205672,2801248
1923,"other macrozooplankton",1510608.59132177,20169404.1969374,39624631.3796384,8704485.90571501,30015357.0783019,14743410
1923,"salps",109426.704748922,1103392.12884534,2903534.49555643,453992.642615198,2097137.52333854,961270.3
1923,"shelf and coastal fishes",1364554.96777464,4896110.27233723,15630242.2637519,2734733.64543029,6267575.28532389,4027900
1923,"small divers",11078.0574199327,37640.4939961632,47806.5304511759,22195.8618582822,42572.0432451811,23589.46
1923,"sperm whales",11198.91216487,24056.1584462,12721400.7946781,14786.3295970137,2548331.62464764,16217.75
1923,"squids",45556.1298250053,141171.596239582,433069.384419717,92964.2382999563,299800.690008289,221151.2
1923,"toothfishes",1980.77852120871,1057867.42670995,2775397.27621874,179643.078013904,1832846.64885151,1105756
1924,"antarctic krill",110552.717780711,13955349.9619661,477742342.025625,1780998.17070445,36889451.6540344,5897364
1924,"baleen whales",111287.61609705,837978.826303512,105234846.56644,178472.779666591,17969624.9641163,187241.3
1924,"bathypelagic fishes",323025.388694846,2456484.08203246,9740366.30115475,1043618.53099917,4572569.00229833,1769209
1924,"flying birds",3950.7981755263,6016.08486187121,6585.72073136476,5421.39645886329,6269.54092694036,4423.023
1924,"large divers",1947.31922259661,18382.9786348873,2849794.01110067,6028.67110203244,204474.725014738,16217.75
1924,"leopard seals",393.834381887554,3348.20595641241,24495.1312360214,1977.00235733909,4662.34027627698,2948.682
1924,"medium divers",76847.4056854566,412391.085420966,1421899.986709,163090.591853369,817592.233281853,390700.4
1924,"mesopelagic fishes",13711.1495394732,1849300.69054126,8009438.02188913,515810.261254898,3650897.83810902,1769209
1924,"mesozooplankton",2.12276871976995e-18,17634284.9992958,29129952.9501821,9175025.69287352,24927743.4236006,12974200
1924,"minke whales",1703.00982780964,26257.770283086,179996021.551825,7805.68663943187,17504825.0192964,20640.77
1924,"orca",4979.40364035755,8967.48878287489,288372.393836877,7108.59685166076,17965.7784490341,8846.046
1924,"other krill",193271.8153054,11559504.2490176,121762121.704985,1632374.00258816,73897374.7731428,2801248
1924,"other macrozooplankton",1583291.5406592,19447296.2431613,39024604.933952,8602060.99963923,28789661.7227341,14743410
1924,"salps",111460.607675779,1101568.53141833,2914629.59078117,456595.077888052,2100972.61564902,961270.3
1924,"shelf and coastal fishes",1378914.85638985,4902567.1852234,16293114.2594132,2750507.17031202,6273801.59703555,4027900
1924,"small divers",11081.8898181071,37669.1308287622,47798.8928606761,22200.5362096475,42574.841845733,23589.46
1924,"sperm whales",11205.2328461265,24044.6580713337,12698444.9965933,14791.1970818222,2543757.29565618,16217.75
1924,"squids",45939.5389069098,141435.120510826,433168.842274387,93208.3803907487,299947.882330728,221151.2
1924,"toothfishes",1973.07171473559,1058437.67299949,2775479.42154837,180478.623940354,1833064.35082193,1105756
1925,"antarctic krill",106920.454207136,13591287.1673347,464696582.943478,1738291.99793653,36398379.092686,5897364
1925,"baleen whales",111359.383237931,837175.047477609,105100491.222457,178494.531466784,17946890.7331223,187241.3
1925,"bathypelagic fishes",325933.045005521,2463920.48648694,9778272.5299882,1034969.4779196,4590412.0542072,1769209
1925,"flying birds",3948.91741103215,6014.40137973989,6584.80870101656,5416.00007168434,6268.84278223436,4423.023
1925,"large divers",1907.87583754424,18377.3335769854,2833802.48696637,6033.5068646393,202950.987848571,16217.75
1925,"leopard seals",383.658483889201,3347.73292587636,24302.6475026337,1977.73416452641,4663.67689576149,2948.682
1925,"medium divers",75762.572412547,412381.538808931,1416945.32919531,163120.73298945,817484.472626331,390700.4
1925,"mesopelagic fishes",13519.3494473085,1834729.76420731,8000591.77047636,513393.937581365,3659660.99589561,1769209
1925,"mesozooplankton",1.74819760557345e-20,16622567.1603455,27799340.8913876,7717224.08462737,23797978.4792594,12974200
1925,"minke whales",1656.11372815476,26244.3041619145,179399085.02816,7811.59472245954,17309639.3999201,20640.77
1925,"orca",4987.95044160827,8967.22448413414,287611.591478176,7112.97065180901,17940.7023825061,8846.046
1925,"other krill",177792.337715397,10778560.9946593,121516414.482701,1477368.80569289,73536656.2148922,2801248
1925,"other macrozooplankton",1520982.74721996,17876772.7432305,37115561.0288911,7841341.33699272,26845421.2434997,14743410
1925,"salps",110196.793915957,1079981.91768079,2911480.60174786,443546.831102393,2083482.55502989,961270.3
1925,"shelf and coastal fishes",1379384.96900317,4909851.88047266,16896580.2132753,2754438.94096353,6280706.23893838,4027900
1925,"small divers",11051.4793189153,37623.7179017639,47787.2016137966,22166.3707193419,42567.3316269448,23589.46
1925,"sperm whales",11211.3023319446,24033.0703502798,12675530.5245815,14795.9024442202,2539190.89448431,16217.75
1925,"squids",46420.5026731108,141802.105297576,433256.900981442,93693.2556839804,300078.412863319,221151.2
1925,"toothfishes",1951.45730808755,1058408.50384816,2775639.56307114,181257.420316855,1833327.00390877,1105756
1926,"antarctic krill",104555.37261291,13503374.2153583,446242370.816068,1726572.15784113,36339924.9770635,5897364
1926,"baleen whales",111441.895816187,836372.198197329,104966321.038012,178527.391088474,17924187.1947791,187241.3
1926,"bathypelagic fishes",324547.883571072,2461455.41536586,9748414.0906389,1037129.33826119,4589565.71750787,1769209
1926,"flying birds",3950.14274293144,6015.76542697848,6584.23605828695,5418.75821434673,6268.65010898485,4423.023
1926,"large divers",1872.26795869679,18372.9491942009,2817889.04224555,6040.70021658895,201429.204402319,16217.75
1926,"leopard seals",373.825514641656,3347.88314592184,24112.3459711337,1976.57812571213,4665.16487535337,2948.682
1926,"medium divers",74733.428439794,411970.675642698,1412007.25663534,163136.784422613,817428.338761955,390700.4
1926,"mesopelagic fishes",13166.1016950508,1827186.53326433,7956862.2770586,514151.213919666,3645861.10621667,1769209
1926,"mesozooplankton",1.5571824851938e-22,17128807.9098943,29008820.6617964,8744256.70793014,24729573.7899602,12974200
1926,"minke whales",1610.03372613937,26238.1410596511,178804133.683853,7817.99241657064,17177348.283026,20640.77
1926,"orca",4996.83288069985,8967.4853662892,286852.900126868,7117.7198469865,17916.3856185351,8846.046
1926,"other krill",150660.367295241,11171432.3419547,123830031.271457,1437653.09221535,76361460.0489824,2801248
1926,"other macrozooplankton",1487321.71069289,18254285.3557537,37821135.3110203,7603070.4732753,27932959.239011,14743410
1926,"salps",109332.74958774,1078419.15238129,2909164.86370883,439055.461117916,2082623.4652194,961270.3
1926,"shelf and coastal fishes",1387182.77526922,4917791.47095314,17430625.2260572,2762541.74883828,6286955.59574223,4027900
1926,"small divers",11066.4980327433,37614.3753179522,47777.2206142719,22177.3225479182,42565.5412736531,23589.46
1926,"sperm whales",11218.4527767728,24022.1811060499,12652658.0165742,14801.0808038404,2534633.94577976,16217.75
1926,"squids",46696.4457459413,142108.886799866,433479.099057701,93985.1857279016,300245.994350454,221151.2
1926,"toothfishes",1935.99016964089,1059169.03043378,2775939.90825789,182162.028949511,1833883.74578132,1105756
1927,"antarctic krill",99090.2124704143,13285752.4453101,413566680.818347,1658472.88609077,36219678.8018253,5897364
1927,"baleen whales",111512.401936714,835570.573683721,104832307.922762,178548.271496314,17901510.9074757,187241.3
1927,"bathypelagic fishes",319387.272923449,2450681.49213944,9613690.99111077,1028218.11606115,4581489.61424966,1769209
1927,"flying birds",3948.11301452091,6014.44639827106,6583.27693331379,5414.63549929115,6268.24296177477,4423.023
1927,"large divers",1831.41521094024,18371.3615708855,2802052.07355325,6039.30032693449,199934.616367525,16217.75
1927,"leopard seals",363.832897293259,3352.64179034869,23923.992605849,1977.88932335151,4665.67554338258,2948.682
1927,"medium divers",73621.2027746798,412009.646970674,1407103.76199002,163161.455115018,817280.612405344,390700.4
1927,"mesopelagic fishes",12541.7645435887,1811988.50468262,7859040.39756418,504682.356798204,3637650.08538932,1769209
1927,"mesozooplankton",1.42321133670405e-24,16160800.9425934,27881941.1168593,6636265.3039458,23754372.4972126,12974200
1927,"minke whales",1563.3381956828,26223.3543469948,178211120.999763,7834.25745186235,17050537.9933837,20640.77
1927,"orca",5005.04068383513,8967.74155292703,286096.188793558,7121.77228567072,17890.9333678819,8846.046
1927,"other krill",110579.359054814,10875269.4352859,126508374.201381,1308597.86726319,76751971.0674603,2801248
1927,"other macrozooplankton",1390400.66139228,17929832.5130844,37524622.6416776,7393003.70728653,26939572.0948288,14743410
1927,"salps",105418.061108281,1058351.17159427,2906350.00645623,424899.588077238,2078950.44170201,961270.3
1927,"shelf and coastal fishes",1398066.5837774,4925025.55566753,17889377.210758,2771695.87869255,6294044.2898238,4027900
1927,"small divers",11036.3563967678,37547.2872699684,47766.9593085887,22119.5962722909,42539.2717649578,23589.46
1927,"sperm whales",11224.0585147933,24010.3699482124,12629825.9343038,14805.5252327564,2530083.61239354,16217.75
1927,"squids",47448.0319649082,142684.334603055,433784.240151819,94674.2147255169,300593.955901844,221151.2
1927,"toothfishes",1908.16019889689,1059256.35889033,2776460.72966523,183252.535303106,1835565.38324776,1105756
1928,"antarctic krill",97630.0555368155,13398843.6792044,399739260.937428,1654934.47728197,36471643.6947548,5897364
1928,"baleen whales",111597.507791779,834769.676040683,104698483.47075,178583.455840175,17878865.6744865,187241.3
1928,"bathypelagic fishes",312674.455880016,2433394.2426225,9378791.43932882,1024115.99095322,4555163.99789048,1769209
1928,"flying birds",3950.01519153204,6015.99494282567,6582.7088567925,5418.22826176721,6268.01282691209,4423.023
1928,"large divers",1795.23917454718,18360.2094070176,2786290.64934772,6046.17321528535,198428.556341241,16217.75
1928,"leopard seals",354.015520938797,3353.983502857,23737.2713487841,1976.59951128855,4665.9558564858,2948.682
1928,"medium divers",72552.0464435692,411929.955185727,1402200.21169917,163209.750901777,817187.484700013,390700.4
1928,"mesopelagic fishes",12055.2944279014,1803418.1821801,7689183.67793925,499982.18866248,3613984.82000853,1769209
1928,"mesozooplankton",1.34788145021404e-26,17457871.4415442,29346751.9307587,9113455.10202239,25004446.6375329,12974200
1928,"minke whales",1516.863258069,26158.0349808322,177620089.723553,7845.01917728194,16942794.9979655,20640.77
1928,"orca",5014.06359797408,8968.35880052423,285341.639558829,7126.7185033478,17867.2059247629,8846.046
1928,"other krill",93298.23898068,11324442.2802387,129072868.529214,1339299.0187212,79996138.5917162,2801248
1928,"other macrozooplankton",1368873.40974408,18416171.4900209,37888871.6053321,7651901.7549282,28099330.4287885,14743410
1928,"salps",104679.281922992,1071686.64073341,2901184.56761291,428831.328471783,2081826.74548452,961270.3
1928,"shelf and coastal fishes",1399048.12219548,4927987.45562374,18250755.68676,2774186.53951733,6292999.90623074,4027900
1928,"small divers",11052.8472654778,37568.6888012037,47755.9954767995,22140.1348156325,42552.450414165,23589.46
1928,"sperm whales",11231.4656735932,23999.7316436973,12607036.2321754,14810.7469341257,2525543.62705632,16217.75
1928,"squids",47340.2684527394,142838.254683989,433980.54488797,94604.1620612112,300556.91300034,221151.2
1928,"toothfishes",1894.26331189775,1059186.5970961,2776796.69039238,184273.227775488,1835935.47351084,1105756
1929,"antarctic krill",96562.4986923341,13580002.0246259,429861562.711899,1655756.94884233,36695548.4295413,5897364
1929,"baleen whales",111686.250379257,833969.753099294,104564833.948231,178621.82262379,17856249.791369,187241.3
1929,"bathypelagic fishes",310142.98141642,2437155.07226925,9093003.38439136,1029090.86123212,4552741.29307914,1769209
1929,"flying birds",3951.66280303275,6017.20299758464,6582.07910821066,5425.80402605497,6267.95963892055,4423.023
1929,"large divers",1760.34889931871,18364.6881366559,2770605.11252715,6052.89655948232,196929.821039302,16217.75
1929,"leopard seals",344.3334552029,3354.06860274009,23552.4484127188,1975.29933427849,4666.44180896537,2948.682
1929,"medium divers",71496.7867237269,411831.36773705,1397316.19820505,163244.539379222,816504.687285706,390700.4
1929,"mesopelagic fishes",11897.9108578457,1822523.55589522,7488558.73724522,504147.875161221,3613325.54106135,1769209
1929,"mesozooplankton",1.28961596096749e-28,17003132.1736225,28556056.597721,8219130.66014108,24361684.6970278,12974200
1929,"minke whales",1470.65644693576,26149.6218407062,177031011.87064,7849.59544354594,16883313.585768,20640.77
1929,"orca",5023.27117733209,8969.05958011665,284589.168716054,7131.86891339219,17843.8172029628,8846.046
1929,"other krill",86545.5330901232,11467617.9280687,127349174.254416,1366130.18213134,78713681.6478173,2801248
1929,"other macrozooplankton",1392920.21258225,18989023.2940432,38057259.1477942,7921783.06362536,28296268.6702407,14743410
1929,"salps",104522.064504569,1082190.71892827,2898736.257798,434720.813102086,2083263.53322852,961270.3
1929,"shelf and coastal fishes",1403402.14946972,4929029.40471924,18522472.9604555,2780757.16679245,6291917.922599,4027900
1929,"small divers",11085.0820286871,37631.3448729155,47746.3522629892,22189.2617316843,42569.1513629075,23589.46
1929,"sperm whales",11239.130572126,23989.2608538064,12584287.8427851,14816.0629686046,2521012.20248095,16217.75
1929,"squids",46952.6732169061,142757.431574458,433979.21686827,94524.6308408935,300382.115446962,221151.2
1929,"toothfishes",1889.04085181105,1059267.77642883,2777076.28463698,185301.119472425,1836056.58015954,1105756
1930,"antarctic krill",95489.0898065351,13590746.7839609,522497684.038163,1654037.48321482,36548851.6909795,5897364
1930,"baleen whales",111773.785298131,833170.80591693,104431353.087056,178658.316315121,17833662.4478919,187241.3
1930,"bathypelagic fishes",310459.667451208,2437361.4456087,9169545.60138699,1026184.68181322,4535769.24093835,1769209
1930,"flying birds",3952.26971990168,6018.6484841071,6581.31891067034,5432.26141844347,6267.25243491318,4423.023
1930,"large divers",1725.182869163,18349.937046675,2754994.14570426,6058.7096508653,195438.838451706,16217.75
1930,"leopard seals",334.58848922937,3355.06729900948,23369.3502675018,1973.91193926166,4667.37937015323,2948.682
1930,"medium divers",70428.7530928718,411717.164370736,1392451.15242955,163262.929981525,815941.673282815,390700.4
1930,"mesopelagic fishes",11824.7411264685,1829689.97006668,7291494.8278553,502343.770422429,3614766.52472223,1769209
1930,"mesozooplankton",1.20056899969448e-30,17139796.45467,28537777.8149138,8719175.06347066,24354954.9485658,12974200
1930,"minke whales",1424.17812055823,26138.3879086421,176443872.577284,7849.85588413276,16824027.4748666,20640.77
1930,"orca",5032.68366498277,8969.90613660231,283838.772550017,7137.23627456603,17820.7173712834,8846.046
1930,"other krill",81041.2159531754,11349364.9216988,125070258.209858,1375659.07711094,76272821.710899,2801248
1930,"other macrozooplankton",1416139.73059126,18476341.0557667,37410152.3162845,7906030.78804654,27661656.580768,14743410
1930,"salps",105101.144161299,1083852.48519985,2892511.33600775,439659.088633256,2081051.44626879,961270.3
1930,"shelf and coastal fishes",1400023.18949135,4927202.17461611,18711718.3206338,2783679.66927841,6292821.05388719,4027900
1930,"small divers",11106.9159540695,37686.1049896999,47734.7391162719,22238.5870502043,42573.6887244628,23589.46
1930,"sperm whales",11246.8143664096,23978.8279011741,12561580.5685212,14820.1608560419,2516489.013694,16217.75
1930,"squids",46327.3878148973,142531.185556632,433654.749868485,94282.7647709844,299995.996204841,221151.2
1930,"toothfishes",1883.8082567732,1059569.72921053,2777177.27503351,186135.700736527,1836062.52615738,1105756
1931,"antarctic krill",94900.8316516344,13636083.6779422,614409701.0241,1661389.43829359,36477983.5079961,5897364
1931,"baleen whales",111223.961561525,831902.429851553,104137586.875271,176902.230027371,17659993.9553047,187241.3
1931,"bathypelagic fishes",314065.560955067,2442782.6899686,9989849.43270682,1037863.18273738,4535740.59962908,1769209
1931,"flying birds",3952.13915378844,6018.63185526005,6580.5499953725,5434.43224076728,6266.6708710018,4423.023
1931,"large divers",1689.30813183782,18345.4252555223,2739458.8633479,6067.3880005339,193965.060251565,16217.75
1931,"leopard seals",324.943388299804,3356.0388737193,23188.2611780623,1972.66524929898,4668.43339208517,2948.682
1931,"medium divers",69356.085694018,411641.681527037,1387891.96729061,163355.364367474,815602.954407636,390700.4
1931,"mesopelagic fishes",11814.3684641729,1836884.35347581,7135896.41683698,510186.047304949,3627594.90728451,1769209
1931,"mesozooplankton",1.15446429011056e-32,17437643.9414357,29098056.586567,9105591.78012454,24856796.2124368,12974200
1931,"minke whales",1378.07624370952,26133.0669296588,175858661.694006,7865.03170834948,16764936.1653231,20640.77
1931,"orca",5041.94305906488,8970.29518045557,283090.402399034,7142.43485151385,17797.1912375328,8846.046
1931,"other krill",76990.3733140707,11523590.7268843,124037544.203947,1439193.99960038,76166241.3731993,2801248
1931,"other macrozooplankton",1455562.74840046,18811080.3068433,38184433.6300606,7948363.37033739,28463079.598466,14743410
1931,"salps",106129.038476872,1089466.05247055,2891882.20859216,444059.524953149,2085961.27899107,961270.3
1931,"shelf and coastal fishes",1405136.93949297,4929579.9371471,18836814.6389987,2792069.4310363,6293027.54709555,4027900
1931,"small divers",11127.0013768481,37705.5128223786,47724.656018907,22272.5104468922,42569.5146945101,23589.46
1931,"sperm whales",11253.9936427532,23968.0795841023,12538913.9851641,14823.1997852495,2511973.38659383,16217.75
1931,"squids",46069.1091333016,142574.513312628,433363.650859917,94400.9808647894,299739.999221131,221151.2
1931,"toothfishes",1875.12619263122,1060892.61803675,2777310.06329256,186569.410211332,1836091.32084966,1105756
1932,"antarctic krill",96183.7327705367,13779712.9252469,699461664.127018,1701122.75598283,36558458.1639612,5897364
1932,"baleen whales",68183.7026863405,822357.656460298,103255633.060896,172550.382041483,16330890.5259683,187241.3
1932,"bathypelagic fishes",320342.629117009,2473316.80667576,10911177.7129109,1071076.16474627,4543959.16354427,1769209
1932,"flying birds",3952.40191391133,6019.12407795677,6579.86533649741,5437.82162383131,6266.15779547116,4423.023
1932,"large divers",1653.98715076441,18340.7330128906,2723998.60860897,6076.86927508386,192500.970299865,16217.75
1932,"leopard seals",315.387804610277,3356.362387052,23009.0362678014,1972.91044916471,4669.43554139643,2948.682
1932,"medium divers",68291.1405972603,411357.380933904,1384048.62279756,163443.077090418,815396.603592462,390700.4
1932,"mesopelagic fishes",12025.5502912505,1863795.00022315,7039067.91546447,520947.120885344,3642787.04341602,1769209
1932,"mesozooplankton",1.09857209136447e-34,17980486.8711876,29606550.5026359,9898627.93428021,25291165.1125396,12974200
1932,"minke whales",1332.24511582898,26122.3288948082,175275380.702702,7875.45895437635,16706039.5535617,20640.77
1932,"orca",5051.33137739467,8970.93712660217,282344.076735866,7147.76080032622,17773.8160982404,8846.046
1932,"other krill",75432.972125209,11825312.0662054,123267085.326989,1585275.68393081,75993370.1808024,2801248
1932,"other macrozooplankton",1534049.81278545,19609749.2300815,39018833.2156238,8291701.91897099,29366828.0255707,14743410
1932,"salps",108958.873652728,1105753.65541331,2894544.50506342,454002.399588972,2099231.19336633,961270.3
1932,"shelf and coastal fishes",1418503.64431055,4935896.79470536,18913540.6465433,2805536.71543895,6295904.40460619,4027900
1932,"small divers",11154.5619443537,37725.2463584068,47715.6314097006,22314.9530598144,42566.3221696918,23589.46
1932,"sperm whales",11261.3316010196,23957.4167632599,12516288.4041824,14826.2638964037,2507466.03533078,16217.75
1932,"squids",45971.4651348287,142606.962222121,433119.741745143,94656.8590929414,299571.65305926,221151.2
1932,"toothfishes",1867.56313692291,1061869.5227445,2777408.81411591,187055.678397194,1836179.99932593,1105756
1933,"antarctic krill",97473.5210700696,13825136.7734369,753893047.307636,1742126.19587693,36475882.0491621,5897364
1933,"baleen whales",40482.4491279624,809021.752325407,102604425.344561,170535.885444291,15341634.879834,187241.3
1933,"bathypelagic fishes",328734.874639869,2503723.02933113,11902581.9959326,1110086.54871298,4608094.67760354,1769209
1933,"flying birds",3952.89227227583,6019.56178019017,6579.2245671395,5442.38318360958,6266.71760073082,4423.023
1933,"large divers",1619.38175686855,18337.3217670531,2708613.03936995,6083.47912592854,191044.915615481,16217.75
1933,"leopard seals",305.89577410039,3356.54237786046,22831.6022045785,1973.1473384559,4668.60382144834,2948.682
1933,"medium divers",67235.1457138575,411278.341422947,1380221.77342073,163360.271029274,815152.596770574,390700.4
1933,"mesopelagic fishes",12445.1339113517,1908738.75727811,7308086.07688995,532479.456563826,3676299.32623455,1769209
1933,"mesozooplankton",9.60118753878565e-37,17665213.0318991,29000397.6272114,9468023.5698267,24763859.2981697,12974200
1933,"minke whales",1286.55001243807,26039.7508302898,174694023.014479,7885.29225171162,16647336.8202227,20640.77
1933,"orca",5060.91515370464,8971.74306235237,281599.790643178,7153.27708031538,17750.7145824161,8846.046
1933,"other krill",70054.0150208443,11643769.804652,121082442.401953,1643295.60822999,73785315.2461075,2801248
1933,"other macrozooplankton",1616881.15341735,19462126.8859027,38480939.7876723,8449549.23177427,28781101.7023468,14743410
1933,"salps",112073.758381056,1119491.58808124,2907581.86224269,466951.026797066,2119889.77001431,961270.3
1933,"shelf and coastal fishes",1439411.73615959,4946147.98810963,18962716.6245803,2866560.22742188,6303799.00599785,4027900
1933,"small divers",11186.4382736586,37744.6148754382,47707.0516009366,22368.837517016,42562.9482993668,23589.46
1933,"sperm whales",11260.9200409372,23779.8489094286,12405836.7728124,14779.8261385202,2501679.54366195,16217.75
1933,"squids",45928.6498027801,142700.905613539,432875.174686584,95731.6024532885,299444.492885818,221151.2
1933,"toothfishes",1862.8819380495,1062574.27965919,2777441.71118467,187677.25845754,1836423.51905855,1105756
1934,"antarctic krill",96521.8627294039,13730266.7059038,754365763.356612,1742450.07150753,36174138.5239568,5897364
1934,"baleen whales",16422.818683445,780575.336321171,101541968.189765,97910.2193697573,14613478.6414657,187241.3
1934,"bathypelagic fishes",337138.289405338,2556211.27641362,12907004.6634701,1140942.02425997,4657285.30486624,1769209
1934,"flying birds",3951.90353323586,6018.37924281385,6578.48590606771,5438.94508444954,6267.21894882241,4423.023
1934,"large divers",1582.57662657803,18334.7383625696,2693302.9372126,6090.30907024265,189721.132922874,16217.75
1934,"leopard seals",296.462732166244,3358.81436717481,22656.1684620521,1972.82918269408,4665.18886809046,2948.682
1934,"medium divers",66156.3949318542,411203.821795508,1376436.12385861,163659.465356384,814808.301024399,390700.4
1934,"mesopelagic fishes",12672.4992059014,1951057.21472244,7958950.54982173,538454.092599633,3702870.88500912,1769209
1934,"mesozooplankton",8.12785778358327e-39,17278616.0137386,28868217.482366,8802567.40503901,24647066.7108886,12974200
1934,"minke whales",1241.22737480339,26037.7519549679,174114566.505384,7913.46344375946,16588826.1404714,20640.77
1934,"orca",5070.04048020164,8972.16383890912,280857.462964942,7158.29216754465,17726.7273924605,8846.046
1934,"other krill",57773.547917596,11209880.1916168,120365281.09154,1569471.80710532,72955278.2039047,2801248
1934,"other macrozooplankton",1643596.00763101,18771344.9061568,38204897.6220778,8203413.43361218,28171657.2143356,14743410
1934,"salps",112786.320485497,1120821.98877352,2928625.02199049,466590.671498118,2131642.05488691,961270.3
1934,"shelf and coastal fishes",1477514.70057902,4964590.85695085,19004838.7100024,2952361.24615155,6314065.08180538,4027900
1934,"small divers",11198.6903609877,37721.5086156727,47699.8018855462,22377.6268596419,42563.9700690079,23589.46
1934,"sperm whales",10393.3200754336,21695.9153879831,11235803.8735781,13983.5712319087,2376393.60801373,16217.75
1934,"squids",46771.7644577729,143317.645454145,432888.441137478,97981.7997562353,299661.160806108,221151.2
1934,"toothfishes",1850.33696357116,1065024.2723157,2777645.88442033,188851.009074594,1836991.47566568,1105756
1935,"antarctic krill",94981.7076838335,13619210.0748722,718334196.043827,1727925.06879231,36133061.2414567,5897364
1935,"baleen whales",9326.60000183901,757278.677976028,100805808.042032,62682.5033425495,14002546.4207393,187241.3
1935,"bathypelagic fishes",341863.633873866,2606110.19531738,13832610.3370406,1154667.44555953,4731882.87238067,1769209
1935,"flying birds",3950.59233058081,6018.26701889081,6577.70435301253,5431.83815317144,6266.12110610469,4423.023
1935,"large divers",1544.05930269453,18336.1338674993,2678067.52273393,6102.75370324375,188537.785928243,16217.75
1935,"leopard seals",287.057606534003,3361.05573801214,22482.5758835729,1971.31659341656,4662.81823055124,2948.682
1935,"medium divers",65050.8800058568,410962.931038241,1372680.51436744,163873.306979276,814625.447699813,390700.4
1935,"mesopelagic fishes",12584.1294635162,1970318.97780621,8435160.33243421,537698.08692963,3725552.32356909,1769209
1935,"mesozooplankton",7.04114437945337e-41,17478479.1465278,29371191.4804935,9114917.39500812,25059575.1573001,12974200
1935,"minke whales",1196.09427803058,26032.5949095672,173537010.35443,7952.08530297764,16530507.2680199,20640.77
1935,"orca",5078.8467826599,8972.69248862768,280117.104362671,7162.96263876231,17702.2965066123,8846.046
1935,"other krill",45561.9026549743,11183831.5036607,122234537.803428,1535622.87565014,74519421.9874366,2801248
1935,"other macrozooplankton",1628347.3697373,18806537.3898184,38611239.6553941,7903125.83464586,28411711.637443,14743410
1935,"salps",112462.04355254,1120805.35792507,2947443.7575639,461441.842662481,2138667.10226448,961270.3
1935,"shelf and coastal fishes",1527829.98648487,4989128.30790283,19044100.592521,2984249.28595884,6328323.5768666,4027900
1935,"small divers",11195.5224091384,37655.7560158816,47692.0175189294,22352.4095664031,42562.8466062947,23589.46
1935,"sperm whales",8255.72193940476,19924.2075247143,11212365.4705042,12386.5637400733,2103039.97545828,16217.75
1935,"squids",48721.0367005895,144382.934125824,433207.965071024,100433.337261498,302684.868012951,221151.2
1935,"toothfishes",1829.18765703503,1065894.31197423,2777992.21768902,189536.744169705,1838547.27586043,1105756
1936,"antarctic krill",93254.2336301153,13449259.9274433,670113159.082452,1712817.0893763,36084346.774521,5897364
1936,"baleen whales",6216.59734491539,737340.619638483,100206846.312807,43942.7775963959,13586520.4747502,187241.3
1936,"bathypelagic fishes",343325.001609047,2658334.56752438,14580140.3623031,1169289.86762355,4774694.10664002,1769209
1936,"flying birds",3951.95842000031,6020.52437383977,6577.05257522328,5436.8108143168,6267.14656165731,4423.023
1936,"large divers",1508.47158884094,18336.4770762717,2662905.73389444,6111.57688008633,187352.945193934,16217.75
1936,"leopard seals",277.805354950179,3363.218372468,22310.6584007846,1970.89517812739,4662.76771214126,2948.682
1936,"medium divers",63976.1399104528,410926.651548329,1368921.74328936,163816.285267016,814526.769498332,390700.4
1936,"mesopelagic fishes",12501.7862278986,1997967.33891641,8729579.75949211,540276.204524334,3752710.83235662,1769209
1936,"mesozooplankton",5.98014280783371e-43,17040272.4760629,28674637.8265805,8451374.72575321,24398400.9031159,12974200
1936,"minke whales",1151.17012582969,26033.228603859,172961373.959517,7964.25774872755,16472382.0391372,20640.77
1936,"orca",5088.13910683128,8973.28111526718,279378.811098744,7168.13819259675,17678.9556071781,8846.046
1936,"other krill",35612.3875108469,11121604.9609051,123030803.052373,1475092.49393525,74836060.0161833,2801248
1936,"other macrozooplankton",1611822.73240641,18688506.1198727,37887621.0699351,7813679.02972638,27886085.4640294,14743410
1936,"salps",111927.340447769,1120630.21948608,2960403.7734623,458381.78346184,2144231.73530898,961270.3
1936,"shelf and coastal fishes",1579277.8954454,5023902.13748785,19076380.4365151,3061259.22803151,6340910.93965227,4027900
1936,"small divers",11224.6344202484,37653.9330443498,47683.7664877819,22375.3389583312,42570.3210148814,23589.46
1936,"sperm whales",7053.64587814759,19216.934003353,11189963.7482447,10873.7983544985,1850623.58704053,16217.75
1936,"squids",51114.6088002744,145570.298411893,433643.301857251,103219.252876201,303082.126202625,221151.2
1936,"toothfishes",1815.88216217953,1067257.56371692,2778286.4023123,189780.143338135,1839348.77255508,1105756
1937,"antarctic krill",90027.7246440338,13126239.1496627,616676867.49669,1658888.75553964,35823951.9907509,5897364
1937,"baleen whales",4520.63857758084,719854.056279048,99669209.2615545,29886.6671609819,13284493.0062737,187241.3
1937,"bathypelagic fishes",340476.123568785,2682666.30315011,15094551.479275,1155046.03755177,4795818.32424127,1769209
1937,"flying birds",3949.54963452265,6019.16255357328,6575.66080167207,5425.73198150294,6267.40073254398,4423.023
1937,"large divers",1467.36103567452,18334.6943097921,2647817.24468473,6112.71607555277,186186.791342494,16217.75
1937,"leopard seals",268.408377083313,3365.43862504856,22140.3848396542,1969.82882208944,4663.51755613897,2948.682
1937,"medium divers",62805.2550407776,410929.127478303,1365207.81354322,163827.633730889,814486.077097679,390700.4
1937,"mesopelagic fishes",12040.3930200659,1992810.94916784,8788302.19281735,531484.637571621,3780136.6368775,1769209
1937,"mesozooplankton",5.2328499838802e-45,17056856.8473547,28919452.3936372,8353947.73042409,24590793.2983374,12974200
1937,"minke whales",1106.04264555637,26038.4196087774,172387607.345428,7974.01551428499,16414445.3078312,20640.77
1937,"orca",5096.64949172796,8973.68256704905,278642.433702397,7172.48174851931,17654.3698573296,8846.046
1937,"other krill",27442.995647397,10998199.2097203,124978442.855427,1368431.20516543,75456336.7209373,2801248
1937,"other macrozooplankton",1533836.5407895,18161763.9703625,37690294.2648787,7554722.98423349,27363791.9681494,14743410
1937,"salps",109278.789919846,1107196.56315848,2964220.37932319,447032.149979966,2144888.68901323,961270.3
1937,"shelf and coastal fishes",1606611.98396628,5059498.23669404,19102541.8821435,3110419.2527496,6355366.26103747,4027900
1937,"small divers",11194.6258130177,37582.8416869466,47672.3361582589,22314.1336831494,42559.9132812374,23589.46
1937,"sperm whales",6040.22722478247,18113.383628223,11167624.5811785,9313.13237159027,1719716.4237764,16217.75
1937,"squids",54444.1947134449,147078.44115384,434124.668456952,105790.838008879,303494.173892086,221151.2
1937,"toothfishes",1786.6795296123,1069730.96954673,2785982.52820637,197168.736826742,1840456.9913866,1105756
1938,"antarctic krill",86994.5715059296,12899647.0381328,582601984.467101,1611807.05631948,35661866.3005878,5897364
1938,"baleen whales",3394.9969960207,707272.355739014,99122062.5189166,20316.9752483143,13140152.3405443,187241.3
1938,"bathypelagic fishes",330479.905463656,2674892.34592209,15333406.2352553,1132427.89306313,4799359.50205615,1769209
1938,"flying birds",3948.40824310119,6017.9789832392,6573.92594382776,5420.1876834767,6267.16506423698,4423.023
1938,"large divers",1425.69454669179,18329.3875987934,2632799.71233674,6114.02190555498,185069.292816798,16217.75
1938,"leopard seals",258.894600698593,3367.25174288271,21971.2765459871,1969.09861041631,4663.96296235968,2948.682
1938,"medium divers",61583.8425386392,410769.732993028,1361493.67867466,163987.432121483,814163.713517093,390700.4
1938,"mesopelagic fishes",11307.6101735668,1969532.72860925,8654642.54609239,518341.071786582,3760836.03113578,1769209
1938,"mesozooplankton",4.66254980238228e-47,16890221.4533169,28353310.4507616,8244336.14149372,24128896.8029859,12974200
1938,"minke whales",1060.21338912881,26054.5248766659,171815734.993335,7980.37382882482,16356699.2951281,20640.77
1938,"orca",5105.4843930979,8973.95320332301,277908.111524499,7177.17441853735,17630.674385136,8846.046
1938,"other krill",22612.8205135653,11106336.655804,126563093.560338,1318786.22224124,76636902.8069991,2801248
1938,"other macrozooplankton",1434952.47835898,17766355.8195072,36713908.6268428,7322213.88744445,26756296.9196164,14743410
1938,"salps",106910.871617593,1098858.222204,2959248.83812643,437993.937859782,2139979.82787762,961270.3
1938,"shelf and coastal fishes",1610544.56720004,5068476.46958915,19105218.0517527,3128293.58504055,6355082.44708497,4027900
1938,"small divers",11150.7600560765,37523.6278490214,47654.6425022363,22261.0201183542,42533.0080069726,23589.46
1938,"sperm whales",5199.39860115413,16951.0677240423,11145384.7726121,7999.57948813699,1480761.02796272,16217.75
1938,"squids",57661.4894655999,147848.079249554,434463.997648819,108164.008217057,303329.985728855,221151.2
1938,"toothfishes",1757.01998127488,1071234.95746597,2843433.09053054,199249.85281999,1841111.20048291,1105756
1939,"antarctic krill",83347.1407886783,12723427.8676023,565423856.881477,1557415.5179822,35653169.1855133,5897364
1939,"baleen whales",3098.71419598671,701171.627405774,98794416.705173,17547.0258402494,13031649.1621856,187241.3
1939,"bathypelagic fishes",318144.197026228,2636440.1022647,15329185.0965883,1101759.31033922,4784638.66751686,1769209
1939,"flying birds",3946.76649794699,6018.08932097714,6571.54350800512,5418.79775500255,6265.31744867945,4423.023
1939,"large divers",1381.99668071558,18319.417078663,2617854.65494404,6124.80715033737,184104.547255779,16217.75
1939,"leopard seals",249.435012892297,3368.70298373378,21803.6036220766,1968.74362034642,4663.86298183194,2948.682
1939,"medium divers",60306.5590512451,410725.22243673,1357804.60809089,163887.87523491,813753.926506932,390700.4
1939,"mesopelagic fishes",10483.6373872498,1939019.39332299,8386064.87791219,502445.797657334,3759515.5587668,1769209
1939,"mesozooplankton",4.41794814110879e-49,16509223.9167724,28264496.9699474,7493174.90091037,23987466.916922,12974200
1939,"minke whales",1014.51509510661,25990.545919529,171245741.565958,7979.11083153667,16299143.2308615,20640.77
1939,"orca",5113.99473746525,8974.04718085487,277175.765511708,7181.53070455236,17606.6264530428,8846.046
1939,"other krill",19421.5856805099,11115237.3340753,128232684.905862,1257504.71535806,77918419.5494157,2801248
1939,"other macrozooplankton",1332373.82202299,17461332.9735149,36464575.6693582,7063459.99565304,26356942.9971189,14743410
1939,"salps",103630.087001104,1085915.3524691,2953072.34231435,427998.461631406,2135654.71520339,961270.3
1939,"shelf and coastal fishes",1621718.45477263,5074146.69803221,19406982.1084317,3158650.80088023,6373403.91422763,4027900
1939,"small divers",11092.1115417766,37461.274694404,47634.3017983111,22185.3516473093,42499.1908562284,23589.46
1939,"sperm whales",4761.81467907964,16240.4433914049,11124029.9478576,7312.36978696355,1432000.09148085,16217.75
1939,"squids",61062.2828468062,148843.331573175,434778.476415249,109512.067092731,303022.061398582,221151.2
1939,"toothfishes",1726.16111126026,1073122.78452057,2896887.54741009,206659.324962303,1842852.73933924,1105756
1940,"antarctic krill",83641.1972513783,12934169.7850076,588489494.334159,1522873.80902177,36173845.9430818,5897364
1940,"baleen whales",2408.28035751224,688368.772817731,98268097.3558022,13273.4002363486,12681582.9099123,187241.3
1940,"bathypelagic fishes",309720.600263237,2628845.8393769,15150102.6698495,1090094.98999399,4763027.1235688,1769209
1940,"flying birds",3947.77573668691,6019.85311707974,6568.80545246343,5419.30727955989,6264.96719959624,4423.023
1940,"large divers",1340.75442861407,18308.4052113606,2602982.95919027,6136.43247528635,183142.688734066,16217.75
1940,"leopard seals",240.25019878879,3368.15318092602,21637.5569342876,1968.3891709939,4663.5127061734,2948.682
1940,"medium divers",59055.3747420368,410701.485084954,1354121.61442762,163795.215256093,812837.894077705,390700.4
1940,"mesopelagic fishes",9994.99002754858,1946150.60561759,8103261.79837742,498652.97164433,3763903.12226422,1769209
1940,"mesozooplankton",4.58858184815743e-51,18005680.4981603,30335685.4872839,9727896.3775239,25648448.6938482,12974200
1940,"minke whales",969.571339725002,25996.0185208231,170677645.77816,7986.09667797122,16241779.7789778,20640.77
1940,"orca",5122.68466974512,8974.33073200022,276445.455740577,7186.0858469908,17583.1475339033,8846.046
1940,"other krill",19441.7959707827,12068619.4487587,130468792.100971,1413867.9797898,80458676.7516495,2801248
1940,"other macrozooplankton",1342038.05080078,19048721.9173237,38789921.6616855,7535979.3084302,28947317.22525,14743410
1940,"salps",103868.558063137,1103292.31502565,2963206.61178124,430188.632442268,2150358.88748635,961270.3
1940,"shelf and coastal fishes",1631822.87631665,5071084.15454531,20128662.2780773,3205396.95316948,6371496.80006923,4027900
1940,"small divers",11077.755563336,37444.6370181471,47614.4964893632,22160.8224342365,42511.9204545135,23589.46
1940,"sperm whales",2807.90066645069,12749.231612286,11096426.3925613,4289.95403865873,1109931.51711321,16217.75
1940,"squids",61692.7390833197,149700.50478875,435210.280977067,110241.821850557,303489.686516442,221151.2
1940,"toothfishes",1708.11660105637,1074650.79385481,2946463.51141335,208140.901283048,1843449.99243453,1105756
1941,"antarctic krill",82110.0590459665,13048519.9235796,620623049.961033,1494914.79276663,36325054.3742379,5897364
1941,"baleen whales",2228.28849197366,677095.081437035,97942292.3540143,11435.0973744815,12551679.13691,187241.3
1941,"bathypelagic fishes",304528.794096309,2633281.21099306,14895285.1861688,1086005.4114815,4766137.70558121,1769209
1941,"flying birds",3946.70927447903,6019.28467996291,6565.03445686394,5418.29928141104,6264.90084609951,4423.023
1941,"large divers",1297.69035162943,18298.423595664,2588183.18635249,6144.26428527061,182186.578260778,16217.75
1941,"leopard seals",231.012668090355,3369.00429675172,21472.9813522003,1967.34312638186,4665.11865290028,2948.682
1941,"medium divers",57757.4714390821,410732.534110264,1350461.50167445,163986.557703956,812633.790493624,390700.4
1941,"mesopelagic fishes",9659.47862601492,1948914.09034199,7888783.78548149,494724.153826601,3768441.75822336,1769209
1941,"mesozooplankton",4.34344371011634e-53,16741979.6134663,28255938.3853007,7484194.40958672,24046458.8595124,12974200
1941,"minke whales",924.344729165942,26004.9888910851,170111413.522331,8007.68135621526,16184604.4923208,20640.77
1941,"orca",5131.15527675517,8974.52505223372,275717.129040307,7190.42160151527,17559.4514509439,8846.046
1941,"other krill",18836.0061614539,11541256.5643499,128958849.880293,1331748.69066876,78505679.8190044,2801248
1941,"other macrozooplankton",1320581.12313433,18637187.1958751,37678306.5113183,7715653.99452319,27510548.6407096,14743410
1941,"salps",103024.243679936,1106272.77129002,2965509.9730464,431768.952820866,2160445.29480419,961270.3
1941,"shelf and coastal fishes",1645548.1735475,5076289.82875977,20760246.685821,3242093.73892727,6376048.15025754,4027900
1941,"small divers",11039.0986759544,37432.0304228067,47590.4614098619,22115.6958261905,42523.4712143702,23589.46
1941,"sperm whales",1919.53150710997,10778.8088764917,11070839.842153,2902.26349144337,867461.997759854,16217.75
1941,"squids",62009.5920270465,150298.848625816,435519.66383617,110998.181960444,303481.204165455,221151.2
1941,"toothfishes",1689.14426775948,1076606.81076042,2992478.76839307,208071.115271091,1844015.1540154,1105756
1942,"antarctic krill",83987.3528230088,13228401.7915326,674231396.069145,1501951.44620144,36428465.7476975,5897364
1942,"baleen whales",2434.21327639169,676471.720564055,97817280.4277695,11644.9909827419,12535889.2661849,187241.3
1942,"bathypelagic fishes",304704.712323294,2655409.8959227,14647067.2010857,1098002.47299063,4790077.33647526,1769209
1942,"flying birds",3948.87739839348,6021.14888040256,6564.43075228541,5419.41875871143,6266.66157585015,4423.023
1942,"large divers",1259.03640850527,18295.42530761,2573456.45452583,6157.05071957414,181231.048200026,16217.75
1942,"leopard seals",222.021510748461,3370.89303677149,21310.1882465479,1966.86282409624,4666.4292532278,2948.682
1942,"medium divers",56524.8739924363,410673.987798835,1346793.9628146,163958.718484303,812422.865440031,390700.4
1942,"mesopelagic fishes",9626.12418459357,1980969.01029259,7801160.41581326,503155.70546448,3793365.29712147,1769209
1942,"mesozooplankton",4.08103296945855e-55,18352329.6041075,30388704.5890497,10397501.3195656,25668252.5477015,12974200
1942,"minke whales",879.537095361152,26000.8337628651,169547072.718632,8017.42644039304,16127620.8197757,20640.77
1942,"orca",5140.23808676252,8975.18488248964,274990.873251766,7195.41251558397,17537.002723017,8846.046
1942,"other krill",18663.8651878421,12020424.9618443,127662097.833535,1489090.37435457,77264645.48996,2801248
1942,"other macrozooplankton",1389752.32869957,19161599.1788362,38527957.9808436,8135672.70854695,29041025.6652912,14743410
1942,"salps",105789.515443168,1132481.66482173,2978286.77261708,444174.27436084,2173314.88817523,961270.3
1942,"shelf and coastal fishes",1643642.69645935,5085649.36989946,21311260.358345,3311120.67533975,6381931.02719252,4027900
1942,"small divers",11058.6284451171,37515.3810885816,47564.0684054796,22151.5927369255,42553.0187121703,23589.46
1942,"sperm whales",1939.55191316008,10790.2560604193,11050867.2208495,2924.37818803469,865925.844110306,16217.75
1942,"squids",61858.656981064,151123.902991536,435765.331049374,111144.714785288,302874.746642361,221151.2
1942,"toothfishes",1683.61853920906,1078905.00424879,3035127.08186344,208893.989523713,1845718.12420872,1105756
1943,"antarctic krill",86354.1832965901,13561032.057133,722706980.998537,1508152.31843144,36453699.720802,5897364
1943,"baleen whales",2641.23246322826,675849.366420342,97692425.8216962,11858.4367276704,12520119.4287386,187241.3
1943,"bathypelagic fishes",311093.121986701,2697617.50928575,14479281.8124545,1120464.69555372,4823205.50095878,1769209
1943,"flying birds",3949.50103872312,6021.67112820369,6564.6809568584,5422.82912131441,6266.04847385443,4423.023
1943,"large divers",1220.5947085212,18300.6146091612,2558802.32375243,6166.23705262748,180281.272319961,16217.75
1943,"leopard seals",213.135953511188,3372.7678178879,21149.3235501592,1966.89041479884,4666.35588431994,2948.682
1943,"medium divers",55303.0323023271,410638.774859662,1343151.25145846,163940.49474984,812216.684252993,390700.4
1943,"mesopelagic fishes",9887.17044236836,2024008.17271431,7853416.57860435,515454.351295919,3833858.28784896,1769209
1943,"mesozooplankton",3.66134367958278e-57,18181004.8902798,29849608.7790537,9983935.58468973,25302006.5061509,12974200
1943,"minke whales",835.16965167046,26007.9573560392,168984587.772215,8032.9924634544,16070824.7802925,20640.77
1943,"orca",5149.23103456586,8975.79371569815,274266.595850332,7200.31180835435,17514.3558299524,8846.046
1943,"other krill",18077.3975768235,12164377.8189418,124157538.919978,1582087.3984854,75392646.5022026,2801248
1943,"other macrozooplankton",1499842.34533016,20058352.6478679,39411267.5342181,8506350.51880041,29779226.7104379,14743410
1943,"salps",109528.198795529,1153739.34635082,2990046.79837664,457767.880683495,2183685.1625291,961270.3
1943,"shelf and coastal fishes",1649718.91239433,5089453.54549502,21808123.2337057,3362090.07388854,6392743.88025446,4027900
1943,"small divers",11078.3331821338,37576.9100788662,47534.0749219977,22187.1334429363,42564.6870710861,23589.46
1943,"sperm whales",1959.65217918294,10801.9466581548,11030930.5635088,2946.82466562994,864392.591731366,16217.75
1943,"squids",62021.7436326422,151849.748445296,435911.765884327,111669.212207047,305580.130065707,221151.2
1943,"toothfishes",1680.17608569462,1081460.40112191,3075187.29311713,216820.491407791,1847455.38373536,1105756
1944,"antarctic krill",86900.7300776189,13532585.43426,740488273.739141,1518836.16435925,36074494.8525717,5897364
1944,"baleen whales",2848.61315941188,675227.97036535,97567724.1995385,12074.4949813422,12504369.1063224,187241.3
1944,"bathypelagic fishes",321134.951610452,2733522.00480947,14409577.9516999,1144658.88016794,4868114.44781036,1769209
1944,"flying birds",3948.69613773662,6021.44185384717,6562.65413357267,5421.6781252611,6264.26211414861,4423.023
1944,"large divers",1181.39882235918,18293.8545539327,2544221.18418984,6179.6819589809,179339.000063869,16217.75
1944,"leopard seals",204.366061952039,3373.21494448793,20990.5286876004,1967.18620569591,4676.2960337655,2948.682
1944,"medium divers",54082.3850372929,410561.511832207,1339544.11671158,164057.305648766,811568.816845021,390700.4
1944,"mesopelagic fishes",10187.1162645827,2055142.97458297,7993506.00488577,524057.354244146,3844804.10641339,1769209
1944,"mesozooplankton",3.07293525728478e-59,17726532.0076529,29447408.662519,9287912.90019618,24943798.6147865,12974200
1944,"minke whales",791.455293892585,26010.5476506681,168423945.621873,8040.19444507621,16014215.0996249,20640.77
1944,"orca",5157.85862387657,8976.15678258284,273544.251763535,7204.83531734906,17491.0413752259,8846.046
1944,"other krill",15418.6363927457,11599318.2828489,121728483.362855,1563786.63788895,73625835.4558916,2801248
1944,"other macrozooplankton",1571639.27881841,19252617.2770345,38811064.8411587,8477387.10981829,28687109.5469324,14743410
1944,"salps",111562.870509239,1152641.70646995,2997414.25612653,460941.024053474,2183768.20234698,961270.3
1944,"shelf and coastal fishes",1672083.20918881,5104487.34690186,22265473.5564079,3368158.91748742,6402981.11730246,4027900
1944,"small divers",11085.0256184795,37592.9256583438,47499.8958562762,22191.5348318759,42577.4348924712,23589.46
1944,"sperm whales",1979.44851282518,10813.7473576036,11011029.5032987,2969.28443706797,862861.941267701,16217.75
1944,"squids",62747.7445298205,153290.712631712,436190.04461696,112481.547423079,305790.588477071,221151.2
1944,"toothfishes",1672.63010748541,1085774.15745446,3113413.98210424,219948.889110686,1848900.63803162,1105756
1945,"antarctic krill",84049.0733861892,13065036.9181273,714285415.874599,1454295.44569363,35502649.5707998,5897364
1945,"baleen whales",3056.05229061082,674607.384423988,97443174.6757911,12292.3129189934,12488638.0547766,187241.3
1945,"bathypelagic fishes",324039.507425916,2735727.92848998,14394434.9084239,1148716.97591202,4861059.00539405,1769209
1945,"flying birds",3946.79838526711,6019.68532659159,6559.46004321968,5418.96016674455,6261.5247112112,4423.023
1945,"large divers",1140.63389687879,18271.9674632745,2529710.38105318,6193.9483795909,178401.911454511,16217.75
1945,"leopard seals",195.546109617579,3377.48793243528,20833.351986416,1966.79469250334,4674.86991660629,2948.682
1945,"medium divers",52822.4946791951,410570.147179948,1335958.72328942,164121.451181483,811204.651283177,390700.4
1945,"mesopelagic fishes",10014.1471577068,2039407.89449151,8076621.30747086,518974.567294293,3839385.31088524,1769209
1945,"mesozooplankton",2.46595274662972e-61,16663360.5647553,28159078.9721509,7899388.28008016,23892274.8830251,12974200
1945,"minke whales",747.639239776367,26021.1512553904,167865138.799042,8061.18674772618,15957790.1836665,20640.77
1945,"orca",5166.42178271455,8976.48268302156,272823.863935039,7209.31210192207,17467.7062929548,8846.046
1945,"other krill",11465.5373537951,10773168.6030475,121483745.030744,1396823.20749466,73336092.2674049,2801248
1945,"other macrozooplankton",1509376.52719307,17746241.6292561,36911445.8705171,7822310.13454697,26662586.6188749,14743410
1945,"salps",110297.940833593,1125015.08461292,2991338.92732319,449483.60817822,2169338.88826474,961270.3
1945,"shelf and coastal fishes",1689594.98950159,5115050.98097691,22681856.4432256,3383882.61442643,6410077.54550859,4027900
1945,"small divers",11055.6261714178,37546.8759241012,47456.1400936411,22157.0835635907,42548.4097251426,23589.46
1945,"sperm whales",1999.1592724175,10825.6835913252,10991164.2183657,2991.79613623533,861334.06818549,16217.75
1945,"squids",63479.2573153958,154426.799842671,436437.017617836,112990.054179793,306014.953273991,221151.2
1945,"toothfishes",1653.19059232308,1087009.13872709,3150217.59667113,225215.911345332,1850341.48360466,1105756
1946,"antarctic krill",82194.0570633987,12888011.4181466,758313110.70173,1429765.25940433,35347194.5364851,5897364
1946,"baleen whales",3263.79790556515,673987.878909278,97318797.7302952,12507.3200760512,12472928.7112804,187241.3
1946,"bathypelagic fishes",322676.599820114,2725212.46127439,14372833.0322355,1144919.35518425,4853923.82133531,1769209
1946,"flying birds",3947.96786355175,6021.09403067674,6560.15261404743,5420.29993456659,6259.58168805047,4423.023
1946,"large divers",1102.47985355331,18270.7395405996,2515270.57971076,6204.87774900619,177466.930185141,16217.75
1946,"leopard seals",186.972597517955,3380.8023892003,20677.9498131492,1966.51192220119,4673.78632936342,2948.682
1946,"medium divers",51598.0473021934,410338.392993685,1332377.00718951,164128.761621866,810900.033712342,390700.4
1946,"mesopelagic fishes",9725.82666468184,2029744.45361856,8108892.50819338,516717.259960686,3827240.70628983,1769209
1946,"mesozooplankton",2.14863208056521e-63,17215969.4196539,29391837.7196897,8895478.46921609,24781281.5364336,12974200
1946,"minke whales",704.544814739997,26024.28395761,167308191.37803,8077.75378677426,15901553.3609365,20640.77
1946,"orca",5175.38771047241,8977.0722170277,272105.477600745,7214.23331530565,17445.2000065279,8846.046
1946,"other krill",8401.72153496739,11194983.609041,123797745.415932,1349776.656555,75491030.3344885,2801248
1946,"other macrozooplankton",1475712.56262524,18182970.170761,37634447.6868005,7517959.13419681,27682203.539528,14743410
1946,"salps",109432.807433907,1117380.34095805,2992085.71930717,443386.719347053,2163752.46859925,961270.3
1946,"shelf and coastal fishes",1697458.33315686,5116085.18379952,23048920.9620968,3429102.24150369,6416552.09183982,4027900
1946,"small divers",11066.4882780569,37545.2496907748,47409.0567754758,22167.7380685622,42529.0182268772,23589.46
1946,"sperm whales",2019.59591884098,10837.9460236764,10971335.411423,3014.7385510646,859809.585313763,16217.75
1946,"squids",63802.8794077176,155431.203564286,436802.886495187,113532.166324255,306252.892490084,221151.2
1946,"toothfishes",1638.96004046155,1090255.62014465,3255184.313318,230886.875799394,1852382.67652076,1105756
1947,"antarctic krill",77902.0289167318,12678828.4099358,746399926.086332,1367689.4894116,35509402.3344333,5897364
1947,"baleen whales",3406.00869996703,672923.645815342,97172921.3238781,12425.5520460013,12452186.333722,187241.3
1947,"bathypelagic fishes",317564.983334971,2701939.97779192,14289224.0454227,1130621.52088409,4842325.46527972,1769209
1947,"flying birds",3945.83102614114,6019.38941573506,6556.25774631659,5419.58310357967,6256.0147161728,4423.023
1947,"large divers",1060.9400360334,18269.2325034695,2500901.11807343,6224.97879242577,176540.95984091,16217.75
1947,"leopard seals",178.45339336944,3381.86107211792,20524.1395701371,1967.6134657997,4673.67809110343,2948.682
1947,"medium divers",50307.1569074246,410374.825458284,1328838.06851599,164168.044589793,810362.968077885,390700.4
1947,"mesopelagic fishes",9240.40246170427,2002535.36181271,8021386.79740968,505611.845341343,3808659.99432446,1769209
1947,"mesozooplankton",1.93085763691853e-65,16227654.910365,28227500.1278378,6802702.13773798,23806208.3089247,12974200
1947,"minke whales",662.173411740286,25993.7396267072,166753057.469707,8063.25103533623,15845499.5061036,20640.77
1947,"orca",5183.70426996049,8977.1944770996,271388.961149374,7218.4898226085,17421.6184889803,8846.046
1947,"other krill",6068.46831963664,10880131.2899555,126476586.030451,1222293.95558567,76758914.3281948,2801248
1947,"other macrozooplankton",1379255.16527828,17875858.5431994,37333602.1471491,7162761.3569267,26825053.7272152,14743410
1947,"salps",105514.351037043,1093660.01166715,2986412.96844375,429636.343376622,2161041.04497643,961270.3
1947,"shelf and coastal fishes",1723728.39487639,5124544.31888162,23360438.1322975,3441233.4448662,6418854.1077716,4027900
1947,"small divers",11033.4702951401,37467.7793270721,47356.7991152703,22109.7454707462,42540.0820809522,23589.46
1947,"sperm whales",2011.82352642829,10797.8712216015,10951350.6724032,2993.54830415688,854228.166728405,16217.75
1947,"squids",64659.977278852,156300.737893241,437227.772136477,114101.823705463,307841.125322226,221151.2
1947,"toothfishes",1614.23815452996,1093310.60388678,3372039.05414142,234497.58949845,1854714.38552042,1105756
1948,"antarctic krill",76758.9064568719,12711386.8789245,723523837.347931,1329395.06175546,35730945.2891081,5897364
1948,"baleen whales",2784.85506906403,658945.309209475,96746889.8468446,9616.4178413593,12366164.634684,187241.3
1948,"bathypelagic fishes",310917.470340059,2679071.544013,14088131.2242152,1116331.50527325,4815415.83269037,1769209
1948,"flying birds",3947.60017929414,6020.73365957085,6558.20416601037,5421.06781982546,6255.57845374375,4423.023
1948,"large divers",1022.28456803196,18260.006866643,2486599.79809567,6234.20310467171,175613.489926074,16217.75
1948,"leopard seals",170.047156813951,3383.18606571735,20371.6284042083,1967.54646457308,4678.53570800115,2948.682
1948,"medium divers",49030.1555429004,410300.672653371,1325281.41769201,164173.576790967,809886.281656803,390700.4
1948,"mesopelagic fishes",8861.38776480333,1995717.84363096,7858637.01635279,503144.208722787,3779433.06133182,1769209
1948,"mesozooplankton",1.79195386479417e-67,17580538.8172616,29744575.0470022,9291893.66663043,25077515.1015346,12974200
1948,"minke whales",619.878481164913,25950.4773571239,166199780.063783,8052.3927597991,15789632.9502578,20640.77
1948,"orca",5192.93466089373,8977.92585872391,270674.49871759,7223.73083815389,17399.842381068,8846.046
1948,"other krill",5006.23646123965,11334025.5281296,129040548.875076,1278566.55532861,78917824.7388158,2801248
1948,"other macrozooplankton",1357652.98788778,18368359.8398195,37703026.2841836,7365352.48996319,27971799.4437415,14743410
1948,"salps",104777.089548174,1104069.24529536,2988106.05232875,431125.848900245,2163636.04356001,961270.3
1948,"shelf and coastal fishes",1719130.88717862,5121273.10099334,23591408.081537,3448713.64255098,6416962.97419488,4027900
1948,"small divers",11044.6836026535,37487.3251844959,47299.6532681264,22129.9892245581,42518.2616122596,23589.46
1948,"sperm whales",1245.5163554899,8529.68230724435,10924325.1070271,1803.94485435078,668324.848501054,16217.75
1948,"squids",64414.9237387828,156259.444191532,437539.459770749,114416.551192853,308415.822862392,221151.2
1948,"toothfishes",1601.34697834474,1096279.74250952,3482789.63386576,245216.866217248,1856571.11669015,1105756
1949,"antarctic krill",73794.0406163177,12941597.5896212,694722687.23746,1327880.4649734,35937547.6000951,5897364
1949,"baleen whales",1988.85160961633,634745.225941117,96115283.9307692,6125.82675472987,11874577.0771061,187241.3
1949,"bathypelagic fishes",308438.315768053,2681023.82210388,13798849.0364225,1116911.06352397,4804941.85823049,1769209
1949,"flying birds",3949.10048632795,6022.02247530117,6559.70487449217,5424.8314064631,6254.75081874464,4423.023
1949,"large divers",984.453367528785,18252.0035140586,2472367.64033676,6235.70435541458,174689.616022042,16217.75
1949,"leopard seals",161.795600469651,3384.38736448859,20220.6627677016,1965.66772546878,4677.22800175429,2948.682
1949,"medium divers",47755.3387550668,410208.574049239,1321736.20062578,164187.773419978,809639.702578644,390700.4
1949,"mesopelagic fishes",8725.16817744986,2009576.75588262,7868634.42927474,507972.879603884,3783048.18009745,1769209
1949,"mesozooplankton",1.67790353549486e-69,17125240.664257,28937549.7737974,8360387.72538737,24408380.2785106,12974200
1949,"minke whales",578.334351010266,25937.6965394882,165648331.659835,8058.35714199894,15733951.0542023,20640.77
1949,"orca",5202.41755398117,8978.76305551012,269962.005563686,7229.23531639535,17378.4794702808,8846.046
1949,"other krill",4565.6951399087,11431031.0981068,127316437.365875,1302364.36597669,77650726.1320221,2801248
1949,"other macrozooplankton",1381245.54921962,18891297.8653788,37872302.9695596,7758735.55290005,28180333.0262907,14743410
1949,"salps",104625.585717871,1118560.08333363,2989530.71458329,437743.274752485,2172071.42220039,961270.3
1949,"shelf and coastal fishes",1713400.24160274,5126044.41045752,23747925.6229521,3465453.59409058,6416618.63171438,4027900
1949,"small divers",11073.7406830189,37527.959361392,47241.0201500054,22178.8312205432,42517.5229822274,23589.46
1949,"sperm whales",558.824035279462,5579.34649923442,10891755.0219043,772.700610839652,417899.66128291,16217.75
1949,"squids",63951.2362482557,156379.937292515,437649.887132867,114562.379279894,308339.640188572,221151.2
1949,"toothfishes",1595.72032207675,1098819.66892774,3587134.03504676,248694.47185785,1858660.26988829,1105756
1950,"antarctic krill",64607.6775969858,12981931.1070872,670827208.824316,1329950.89150172,35731296.7173708,5897364
1950,"baleen whales",2140.69461268493,633311.448958368,95964960.2753805,6177.86742666814,11805426.8303816,187241.3
1950,"bathypelagic fishes",308798.18552149,2687834.04096595,13979844.5096181,1121116.1903637,4797279.6734939,1769209
1950,"flying birds",3949.56290011029,6021.99367515664,6559.99327456704,5431.01863816536,6253.26226788596,4423.023
1950,"large divers",946.375266827897,18234.4734603296,2458203.46576321,6229.73381544612,173769.523067166,16217.75
1950,"leopard seals",153.603253641992,3382.2861260085,20071.0994139488,1965.26107628724,4677.97687273512,2948.682
1950,"medium divers",46460.2054652516,410100.922033093,1318204.15312696,164409.944951126,809375.598200938,390700.4
1950,"mesopelagic fishes",8650.78064749398,2020707.51708245,8048206.56910911,511718.787670075,3788215.98398976,1769209
1950,"mesozooplankton",1.53885598598649e-71,17250855.5343393,28924857.9855075,8903675.29445258,24392588.2707927,12974200
1950,"minke whales",537.363386513884,25921.9585559659,165098697.872948,8081.41766347523,15678451.9338217,20640.77
1950,"orca",5212.17447605652,8979.70012038454,269251.477769081,7235.01155786299,17357.4767302618,8846.046
1950,"other krill",4242.89864974429,11316770.3019102,125037426.920691,1308225.93185216,75356677.6168589,2801248
1950,"other macrozooplankton",1403955.33075162,18390774.7782002,37220745.9793292,7839961.4751371,27514749.2412154,14743410
1950,"salps",105211.64548163,1126173.49976296,2986686.05458018,441953.255144846,2170819.99663366,961270.3
1950,"shelf and coastal fishes",1703417.56509801,5121793.10097913,23838851.2653967,3466737.44493419,6415334.33792585,4027900
1950,"small divers",11093.6112797446,37568.4812202573,47178.0851482432,22227.8778540865,42507.7049535723,23589.46
1950,"sperm whales",476.272086491192,5014.74110646116,10868977.9592171,647.600957827896,375326.628078663,16217.75
1950,"squids",63368.7401800024,156589.70799213,437438.251351806,114521.298470307,308076.314782142,221151.2
1950,"toothfishes",1589.97775687072,1103474.38990108,3684740.15765193,251962.432637431,1860511.98911639,1105756
1951,"antarctic krill",57018.5818577003,13063639.8440065,659618856.806794,1330149.69560299,35602634.756698,5897364
1951,"baleen whales",2065.94340118448,628027.021258409,95683655.5982601,5482.48273443034,11597513.894542,187241.3
1951,"bathypelagic fishes",312410.30587346,2698583.33014877,14292070.1854427,1125841.44546827,4793624.10508837,1769209
1951,"flying birds",3949.29022975042,6021.9352621378,6558.96874193007,5433.01436772819,6251.46748960483,4423.023
1951,"large divers",908.002010167775,18219.6297468718,2444108.67100397,6236.16164614557,172855.762795952,16217.75
1951,"leopard seals",145.588876863949,3382.97395883149,19923.1873428987,1964.95363019204,4678.81355736294,2948.682
1951,"medium divers",45159.4252788559,410029.148744964,1314702.32133893,164687.890814497,809089.829584538,390700.4
1951,"mesopelagic fishes",8618.80699740164,2026779.84686521,8111294.13919193,514868.121255109,3803876.87682227,1769209
1951,"mesozooplankton",1.46835852222867e-73,17559378.8786912,29513894.3271842,9306097.03774001,24904729.4266213,12974200
1951,"minke whales",497.622986431964,25913.6665176085,164550868.90848,8073.66980126342,15623135.1782175,20640.77
1951,"orca",5221.8270826534,8980.48208603732,268542.866463107,7240.65246694111,17336.1034218801,8846.046
1951,"other krill",4034.14677996735,11503770.6323969,124004775.329921,1343047.52587219,75213162.6190052,2801248
1951,"other macrozooplankton",1442815.68960536,18749955.9080893,38006262.4316165,7900158.83318572,28229025.2444852,14743410
1951,"salps",106242.420996396,1131084.61629399,2986942.67394836,445795.573744307,2170885.21763567,961270.3
1951,"shelf and coastal fishes",1706811.4369597,5121373.01354339,23884619.1599816,3477541.27473483,6405189.20410817,4027900
1951,"small divers",11111.7935081488,37581.3318547328,47113.9497403229,22261.54506571,42482.9471899239,23589.46
1951,"sperm whales",392.665959739832,4369.32964930467,10845472.105988,526.538222741757,346886.658720426,16217.75
1951,"squids",63261.4321390309,156912.714263351,437254.426188494,114543.007993664,307950.798153734,221151.2
1951,"toothfishes",1581.1322143426,1107441.48788442,3775733.50757893,254516.505342728,1862066.8046246,1105756
1952,"antarctic krill",51123.3013739523,13199845.7854802,674896540.915779,1358102.67150605,35652591.9399857,5897364
1952,"baleen whales",1953.02934755684,619666.263779277,95370219.0038657,4751.29036850105,11370832.5020687,187241.3
1952,"bathypelagic fishes",318662.338690473,2714843.4498543,14427176.8750585,1140330.82990376,4799145.93586007,1769209
1952,"flying birds",3949.40417523099,6021.88724419662,6558.4571459684,5436.1791171436,6250.45822159381,4423.023
1952,"large divers",870.019499419621,18206.0767936881,2430082.35420952,6245.32987546373,171946.265296523,16217.75
1952,"leopard seals",137.726350741153,3386.73041705936,19776.7992352021,1964.66261471397,4679.66353654199,2948.682
1952,"medium divers",43856.5473344206,409924.382641559,1311217.83336394,164969.226179834,808872.200960781,390700.4
1952,"mesopelagic fishes",8742.95020590399,2047244.00419193,8398611.16923413,521879.889488493,3817434.11872622,1769209
1952,"mesozooplankton",1.39524053560689e-75,18061376.1383677,30026630.9295703,10060403.7431384,25357490.0026935,12974200
1952,"minke whales",458.90170381961,25887.7510362661,164004846.649741,8077.90452423726,15568000.6861792,20640.77
1952,"orca",5231.67170170999,8981.2972131499,267836.191089177,7246.46257847072,17314.9354485668,8846.046
1952,"other krill",3982.39494923475,11790837.1947918,123234388.529459,1427838.78521075,75059344.8472275,2801248
1952,"other macrozooplankton",1520715.55629175,19536692.4133914,38853575.7478392,8227802.41025069,29156840.3947573,14743410
1952,"salps",109071.402287048,1143527.49446494,2990583.15695118,455754.479022967,2176669.70820952,961270.3
1952,"shelf and coastal fishes",1711648.25752675,5123500.5624573,23901925.1658859,3476134.26199662,6406681.2680031,4027900
1952,"small divers",11137.3306108702,37597.9885867459,47047.1871975358,22303.7279482204,42458.2492927505,23589.46
1952,"sperm whales",237.03482983923,3183.67981374853,10815906.702143,311.958276323516,278640.198022204,16217.75
1952,"squids",63283.7615075479,157047.230776905,437107.519369148,115054.951940895,307939.178383169,221151.2
1952,"toothfishes",1572.7659247872,1111449.33760736,3860259.4221197,256171.957458613,1862668.01357031,1105756
1953,"antarctic krill",45972.4360454118,13331134.9555029,706033708.997884,1377117.12580252,35538796.0841938,5897364
1953,"baleen whales",1675.29371036139,605604.5695227,94912789.5495771,3651.74077886382,11185088.58863,187241.3
1953,"bathypelagic fishes",327003.1108416,2739395.60472202,14447079.1158351,1161721.63714059,4814396.13263448,1769209
1953,"flying birds",3949.72844183031,6022.34026447904,6558.25574736439,5440.42903323929,6249.55909383947,4423.023
1953,"large divers",832.458778838202,18193.0288680838,2416124.08022926,6253.700626145,171040.562523105,16217.75
1953,"leopard seals",130.001966884302,3386.08949526373,19631.8720041373,1964.30313137527,4680.50586739333,2948.682
1953,"medium divers",42549.3280837095,409844.313886016,1307747.71604421,165122.024866771,808651.63049529,390700.4
1953,"mesopelagic fishes",9013.89468023214,2074685.02859232,8714736.78011357,531796.393201919,3844365.79858528,1769209
1953,"mesozooplankton",1.22346122062451e-77,17796478.0833683,29420816.5646785,9674880.13259219,24835383.2694732,12974200
1953,"minke whales",421.168570783841,25880.3581257103,163460624.944337,8074.59454634017,15513047.6771178,20640.77
1953,"orca",5241.77602599389,8982.17299647446,267131.447261418,7252.50139588071,17294.0885473383,8846.046
1953,"other krill",3738.48147960861,11657207.1443062,121050250.686415,1476816.95208676,73452975.5797156,2801248
1953,"other macrozooplankton",1603556.16477556,19321944.679223,38354653.581094,8398646.56353961,28728064.0743115,14743410
1953,"salps",112182.48307427,1150802.34610695,2991309.38462161,463974.138978473,2181378.30633808,961270.3
1953,"shelf and coastal fishes",1713447.82560966,5125815.94811588,23909524.2835811,3492338.56875536,6398265.82914392,4027900
1953,"small divers",11168.3188715978,37612.2752590892,46976.635400853,22357.3305249961,42420.2398875154,23589.46
1953,"sperm whales",221.538547706706,2919.77785495596,10793644.7082201,287.109514311664,258014.3635495,16217.75
1953,"squids",63297.8535769262,156971.943291996,436935.501239218,115427.192209178,308814.831409207,221151.2
1953,"toothfishes",1566.24321118969,1116751.77432629,3938784.40647546,257449.534920605,1863310.46979281,1105756
1954,"antarctic krill",40626.1362536525,13261229.5344124,721940197.303396,1364734.23993319,35325877.086033,5897364
1954,"baleen whales",1525.75719916581,585381.332250212,94506745.9340779,3011.55826473862,11027769.3122443,187241.3
1954,"bathypelagic fishes",335338.607265671,2762063.16836452,14415781.4970155,1177959.36922745,4838283.19027127,1769209
1954,"flying birds",3948.53463451453,6021.28616744392,6555.60386908322,5436.5682106425,6247.77444866161,4423.023
1954,"large divers",793.879262624065,18183.5201177034,2402235.09339833,6266.71215103349,170142.821262032,16217.75
1954,"leopard seals",122.473707529962,3387.58574270864,19488.5885020184,1963.23643217347,4688.82765736658,2948.682
1954,"medium divers",41226.2419535435,409557.492312684,1304317.06009095,165149.872888935,808440.535677758,390700.4
1954,"mesopelagic fishes",9144.24277662282,2083862.32986077,8896014.16442163,536803.273566262,3872634.74703837,1769209
1954,"mesozooplankton",1.04159656794195e-79,17356855.5872101,29285270.1330278,8993152.23973818,24702442.2758143,12974200
1954,"minke whales",385.041110378756,25876.4131985862,162918182.102533,8071.95514952274,15458274.4625066,20640.77
1954,"orca",5251.44381935959,8982.6681192157,266428.553258524,7258.03989537546,17272.3704971448,8846.046
1954,"other krill",3114.44794215679,11159250.9427644,120334325.523645,1425230.01126784,72960593.6300741,2801248
1954,"other macrozooplankton",1631279.57274143,18676050.5275674,38127191.857682,8208118.31451233,28034659.2355786,14743410
1954,"salps",112885.954571437,1143906.38644996,2989979.2563912,460926.534411886,2182558.49550817,961270.3
1954,"shelf and coastal fishes",1733822.18966132,5133167.39937837,23924927.9740459,3504237.82739032,6399092.34318938,4027900
1954,"small divers",11180.2783907381,37581.3300820833,46902.6795181338,22365.8552335231,42400.0747143262,23589.46
1954,"sperm whales",212.316101901186,2659.3708495404,10771815.5368897,271.742458861963,248087.89819108,16217.75
1954,"squids",64010.3934702041,157423.283659937,436980.962203353,115745.950200621,309079.050359956,221151.2
1954,"toothfishes",1552.86643259231,1121318.84759864,4012094.75667056,258956.06561395,1864505.79955686,1105756
1955,"antarctic krill",35454.0525816617,13155896.8892041,721243653.237458,1342163.97522576,35257397.656374,5897364
1955,"baleen whales",1471.9300400507,577179.935751475,94165388.0196847,2722.86087368451,10842079.8429286,187241.3
1955,"bathypelagic fishes",340006.310571771,2771978.12238838,14353346.7322666,1181503.69074347,4857597.1468048,1769209
1955,"flying birds",3946.96335980374,6020.07659347999,6552.37173584048,5429.01854536865,6243.36056110619,4423.023
1955,"large divers",754.580049094442,18181.6243768785,2388414.44459206,6273.41028520998,169182.911350999,16217.75
1955,"leopard seals",115.113302898639,3389.95405572749,19346.7984388757,1962.18799198032,4700.50075183064,2948.682
1955,"medium divers",39880.4177493612,409457.346638299,1300914.60375719,165300.778189916,808232.826107704,390700.4
1955,"mesopelagic fishes",9048.22382927297,2086922.89351025,9117539.29952929,534390.690976604,3892049.18262675,1769209
1955,"mesozooplankton",9.08026888141074e-82,17545054.6547136,29765122.475453,9261602.42888824,25096824.3285194,12974200
1955,"minke whales",350.320557602508,25863.9133182525,162377517.689326,8068.24203764788,15403680.821879,20640.77
1955,"orca",5260.8195940337,8982.90903948619,265727.520218982,7263.23870038374,17250.2127997458,8846.046
1955,"other krill",2477.35341710581,11210932.8393714,122204992.636963,1396069.35914508,74545695.2444913,2801248
1955,"other macrozooplankton",1617629.05550758,18780686.4316247,38570087.9902565,7904634.95696416,28339159.3016556,14743410
1955,"salps",112549.458987608,1134833.30437432,2989740.36008056,458115.377162771,2182236.05367247,961270.3
1955,"shelf and coastal fishes",1762629.5158803,5143808.37185708,23947371.1456007,3534100.71023333,6401124.5010194,4027900
1955,"small divers",11175.0436886478,37515.4101359735,46822.8488827188,22340.399433311,42382.3843867028,23589.46
1955,"sperm whales",173.837129573998,2191.07486795335,10746745.7024821,219.663595517813,218910.694233266,16217.75
1955,"squids",65100.638058724,158232.610296373,437285.90327555,116336.652283726,310569.075414746,221151.2
1955,"toothfishes",1532.3656082708,1125898.74313862,4080680.01399298,260060.466759326,1868858.57114286,1105756
1956,"antarctic krill",30746.1605389125,13074710.8596616,711170644.12967,1324988.0648402,35292530.7173036,5897364
1956,"baleen whales",1500.73687398274,572443.686746184,93900393.3756558,2637.22379059052,10706814.1563634,187241.3
1956,"bathypelagic fishes",341428.480176562,2774182.44944363,14257031.6248532,1185410.96872217,4863798.7152329,1769209
1956,"flying birds",3948.02075509656,6021.33286706835,6552.96012371467,5433.36911125541,6242.43934768724,4423.023
1956,"large divers",716.894008989499,18179.5069807441,2374660.45780102,6276.12996979062,168139.458418051,16217.75
1956,"leopard seals",107.901583932238,3389.46019920801,19206.3429643361,1961.18160902026,4704.64836348878,2948.682
1956,"medium divers",38537.2778663041,409448.567809179,1297506.64109928,165478.904118091,808015.218905693,390700.4
1956,"mesopelagic fishes",8960.60463709393,2095182.89267307,9367155.97273734,536435.636718768,3890422.309579,1769209
1956,"mesozooplankton",7.76162529952559e-84,17079663.2061722,29041130.4687912,8561207.57780126,24450941.8078738,12974200
1956,"minke whales",316.484312371199,25851.1428612956,161838651.420834,8084.41346107,15349268.5154756,20640.77
1956,"orca",5270.75298203132,8983.46781861692,265028.445748737,7268.98100072806,17229.1639806315,8846.046
1956,"other krill",1948.95038998839,11170804.6503769,123002766.825235,1346474.05462099,74904617.1432934,2801248
1956,"other macrozooplankton",1602722.7686128,18678478.1438567,37872243.8910262,7815582.03071998,27906824.2789003,14743410
1956,"salps",112005.276843563,1132146.05580158,2988398.71445419,458044.01282378,2185125.24561086,961270.3
1956,"shelf and coastal fishes",1771984.32116759,5155925.77746095,23967159.9112965,3551115.30179697,6405391.72798569,4027900
1956,"small divers",11199.1884446148,37513.2962928205,46737.1409481842,22363.1196791724,42375.385798214,23589.46
1956,"sperm whales",157.205350763298,1895.55917063244,10723394.641835,197.256360384063,199583.919603642,16217.75
1956,"squids",65557.4478050773,159120.80306544,437664.783222985,116695.484874531,311562.682683972,221151.2
1956,"toothfishes",1518.4136636122,1132267.01707338,4144831.99407161,260958.470536757,1870319.56060395,1105756
1957,"antarctic krill",26179.7447605032,12868294.1703617,684404101.117321,1278046.84212721,35259016.3748561,5897364
1957,"baleen whales",1386.2077492037,563980.876100054,93530685.0191322,2358.7584187725,10660673.475109,187241.3
1957,"bathypelagic fishes",338577.755411654,2757107.49020914,14123059.247139,1174829.41524179,4865002.96519479,1769209
1957,"flying birds",3945.23987176896,6018.32431646194,6548.2453491139,5425.8917116398,6237.36728255671,4423.023
1957,"large divers",676.695176216589,18179.8975820418,2360973.9430712,6282.01734344315,167111.337718849,16217.75
1957,"leopard seals",100.839817469451,3391.29047046656,19067.220537212,1960.06856738194,4705.77741053012,2948.682
1957,"medium divers",37130.8939992294,409425.126056714,1294141.98208662,165841.041205599,807877.955625691,390700.4
1957,"mesopelagic fishes",8607.85377435586,2071953.87235649,9492001.01984162,527477.399788029,3888019.97898555,1769209
1957,"mesozooplankton",6.83532570822466e-86,17093979.4995293,29269196.4052566,8450928.37643834,24670597.434146,12974200
1957,"minke whales",284.41288751861,25859.4949534326,161301533.908734,8102.38552083781,15295032.6150992,20640.77
1957,"orca",5279.88883662847,8983.0956067253,264331.179270409,7273.85754259139,17206.8342424191,8846.046
1957,"other krill",1507.76937217084,11005621.3531916,124951896.6635,1285327.17781624,75610676.591394,2801248
1957,"other macrozooplankton",1526466.23278007,18190741.9746813,37693515.7426351,7555990.36281183,27366854.635442,14743410
1957,"salps",109346.748782386,1117210.42356158,2982064.55937603,449784.133552445,2181265.87327767,961270.3
1957,"shelf and coastal fishes",1798061.58116055,5160726.73747385,23982646.7385823,3567028.52653527,6408492.78558335,4027900
1957,"small divers",11166.4041273528,37432.8986975871,46643.3841686654,22301.7765642633,42352.2147429855,23589.46
1957,"sperm whales",133.865283799803,1573.70668075991,10698591.0665594,166.705547127415,177211.566718725,16217.75
1957,"squids",66553.1949181203,159001.938523291,438055.531859614,117264.725880834,312230.693589761,221151.2
1957,"toothfishes",1491.7877943618,1138412.51519943,4205077.6318809,262676.260760179,1871880.02360904,1105756
1958,"antarctic krill",22181.1103296936,12717747.7232693,663182918.37578,1231967.44142987,35182693.7048234,5897364
1958,"baleen whales",1430.86421207933,562398.282570063,93372785.73573,2486.37404358876,10624835.5333726,187241.3
1958,"bathypelagic fishes",328634.422257525,2716990.25206241,13917294.9484286,1143315.54378459,4830859.74811261,1769209
1958,"flying birds",3943.68009327773,6015.54777959677,6545.94383447899,5425.11889892597,6234.50683107061,4423.023
1958,"large divers",636.240906299995,18179.2281420005,2347351.7307584,6286.73822734072,166082.370146761,16217.75
1958,"leopard seals",93.83379560617,3392.80360260916,18929.007343303,1958.73460918838,4716.65380823351,2948.682
1958,"medium divers",35666.0959282584,409186.174371222,1290774.84217148,165969.54233083,807486.433998576,390700.4
1958,"mesopelagic fishes",8068.29658437873,2028459.64460141,9483857.16783911,514855.573065973,3847920.51391436,1769209
1958,"mesozooplankton",6.12827481504195e-88,16918501.969572,28663427.95169,8295314.25284813,24200628.9685872,12974200
1958,"minke whales",253.167695154063,25864.7454082977,160766189.943539,8098.07906929804,15240975.2020517,20640.77
1958,"orca",5289.39907993195,8981.87691144066,263635.861950984,7279.10121905165,17185.3861050262,8846.046
1958,"other krill",1245.22682705521,11145598.7891793,126537382.435671,1269934.2970908,76847869.4937052,2801248
1958,"other macrozooplankton",1429096.45940318,17799513.3728102,36726879.4888593,7323624.69162297,26788068.0276228,14743410
1958,"salps",106971.538756324,1104747.08037633,2970089.45493208,442323.308514109,2171869.43685764,961270.3
1958,"shelf and coastal fishes",1799666.76130655,5153982.50732809,23974603.2997724,3561392.14426594,6397617.79506568,4027900
1958,"small divers",11119.7648995021,37378.4011255447,46538.1304081626,22248.5797637705,42310.3669594769,23589.46
1958,"sperm whales",125.820700900161,1387.56638625606,10675811.7262658,156.150079512014,170161.596519558,16217.75
1958,"squids",66772.6019270986,158549.775858736,438281.750285779,117119.448323436,315453.527685829,221151.2
1958,"toothfishes",1465.11099013122,1142470.27071285,4261307.56689445,265148.32181467,1873767.31160247,1105756
1959,"antarctic krill",18698.054317819,12537963.5768114,645825562.287611,1181505.280936,35272884.6119041,5897364
1959,"baleen whales",1339.90948193297,556071.360864426,93061993.3588998,2338.06777871107,10526187.4436142,187241.3
1959,"bathypelagic fishes",316368.341757041,2673779.51259712,13656305.6093526,1108185.56746532,4794589.70145512,1769209
1959,"flying birds",3941.5854515811,6013.87532625527,6542.7856325891,5423.90436350781,6229.86454056502,4423.023
1959,"large divers",595.321740886194,18178.716929583,2333795.91660177,6290.9600943933,165209.03348542,16217.75
1959,"leopard seals",87.0287380198241,3394.32742338772,18791.9509484492,1958.64014659758,4718.24980540604,2948.682
1959,"medium divers",34161.9400623566,409168.688627928,1287430.92923804,166152.82285804,807151.600126443,390700.4
1959,"mesopelagic fishes",7469.01065013265,1984508.63185415,9377489.82689471,498351.548800477,3819642.43309124,1769209
1959,"mesozooplankton",5.83924408449919e-90,16541311.6128348,28549406.4253329,7552532.80475445,24031195.0881879,12974200
1959,"minke whales",223.633750339176,25849.1199407383,160232604.534834,8083.15300635842,15187095.6313135,20640.77
1959,"orca",5298.58259082329,8980.37201088825,262942.413905404,7283.98404637236,17163.5426648257,8846.046
1959,"other krill",1070.39826479017,11117172.7638566,128208108.619203,1217768.21046184,78046730.5825716,2801248
1959,"other macrozooplankton",1327701.31929589,17474446.3692201,36478815.8969469,7073013.57161926,26375612.1126614,14743410
1959,"salps",103684.241860879,1090600.45068305,2959397.7020279,432719.277007349,2164747.96497375,961270.3
1959,"shelf and coastal fishes",1807642.68867559,5142820.10409615,23942077.893743,3556299.49231601,6388638.26388748,4027900
1959,"small divers",11060.5436087183,37277.0590581774,46426.6668632465,22172.8979786702,42281.0386505508,23589.46
1959,"sperm whales",105.748673107059,1133.23777369497,10650539.5817432,131.386030786487,158754.196449575,16217.75
1959,"squids",67017.4339790885,158726.142160868,438469.682818857,116712.717189418,314798.449766306,221151.2
1959,"toothfishes",1437.88043380833,1146864.17651813,4313781.33833797,266706.784240619,1875797.28229597,1105756
1960,"antarctic krill",16166.729768116,12892318.1918859,661805967.547959,1180475.40767427,35906278.6219357,5897364
1960,"baleen whales",1218.46161065993,544727.999946016,92689396.1313514,2088.14871271572,10455867.43341,187241.3
1960,"bathypelagic fishes",307984.406024536,2654365.66110795,13368881.764933,1094781.949618,4780316.04609522,1769209
1960,"flying birds",3942.1272045,6013.99190065344,6543.02094980665,5424.3187503943,6228.4848123163,4423.023
1960,"large divers",556.115335484276,18177.0379525083,2320307.01756027,6293.85658757993,164451.587652544,16217.75
1960,"leopard seals",80.4613193823189,3394.92605659961,18656.2027552279,1959.05959655941,4718.47507909097,2948.682
1960,"medium divers",32668.0348040585,409150.582665564,1284090.9346865,166481.097316011,806740.199875101,390700.4
1960,"mesopelagic fishes",7111.95514652329,1988650.82228815,9222742.64456406,494504.011193457,3801925.82774066,1769209
1960,"mesozooplankton",6.08903481165449e-92,18023348.4945583,30609670.1229322,9762274.75350066,25655483.1282423,12974200
1960,"minke whales",195.728407133445,25850.2189545057,159700796.660025,8084.97661038051,15133396.5011845,20640.77
1960,"orca",5307.96593920688,8980.78513739755,262250.895594715,7289.05746796483,17142.2259876788,8846.046
1960,"other krill",1071.79639457393,12070826.4515142,130444846.442919,1335961.05436207,80454319.8488715,2801248
1960,"other macrozooplankton",1337914.72298415,19042199.2664746,38800125.0466791,7546575.88177687,28928175.2483028,14743410
1960,"salps",103918.945046347,1111210.81734247,2966838.36076276,440170.897734438,2177170.11364688,961270.3
1960,"shelf and coastal fishes",1814866.16007417,5129816.70583717,23884720.5256986,3550645.40648822,6378838.2567935,4027900
1960,"small divers",11045.5406608573,37279.2936031358,46313.6323173875,22148.42074365,42260.5602009263,23589.46
1960,"sperm whales",98.1034480978616,1014.02023211656,10627362.9818207,122.003317851688,151829.272097169,16217.75
1960,"squids",67005.4408259019,157835.060428945,438764.641613585,116216.455163465,314674.243568981,221151.2
1960,"toothfishes",1421.15083318624,1150026.64398154,4362578.48779592,270111.43672785,1877380.78597254,1105756
1961,"antarctic krill",13744.7641863786,12974293.7839796,683557542.022873,1174219.41995154,36136935.1808203,5897364
1961,"baleen whales",1163.64611128883,538894.696744177,92397264.1534715,2023.45555734704,10317210.3746896,187241.3
1961,"bathypelagic fishes",302809.729431494,2662654.69048404,13102247.7294878,1086164.00301024,4785881.96660689,1769209
1961,"flying birds",3940.56359669578,6012.4834844591,6540.77310688383,5422.01890499036,6226.1132775871,4423.023
1961,"large divers",516.67457778882,18174.9018908754,2306884.01841951,6301.33985955717,163697.836291364,16217.75
1961,"leopard seals",74.0615836160811,3397.54101607427,18521.6366657321,1959.48459660565,4719.19009873819,2948.682
1961,"medium divers",31142.7047468523,409172.388062979,1280771.94521855,166852.245332202,806328.871621566,390700.4
1961,"mesopelagic fishes",6866.05120285235,1999354.24098351,9069417.45452991,490869.517840492,3811306.41450678,1769209
1961,"mesozooplankton",5.78780256254595e-94,16755784.2387255,28490357.7149058,7526128.04555702,24050193.6925655,12974200
1961,"minke whales",169.581301872701,25838.8824963462,159170732.834177,8078.83566582717,15079873.4859207,20640.77
1961,"orca",5317.11494439747,8981.1581409023,261561.253234884,7293.87531583235,17120.6249830552,8846.046
1961,"other krill",1039.13070389738,11538195.6607948,128935906.560738,1278470.16083743,78476488.2175734,2801248
1961,"other macrozooplankton",1316975.32877172,18625633.1930365,37685647.9567686,7717021.24128688,27527037.5661433,14743410
1961,"salps",103072.264119711,1115716.09010078,2967672.42147988,438986.185482945,2185130.11623375,961270.3
1961,"shelf and coastal fishes",1825755.89074613,5118718.727977,23817352.2996945,3538953.76429251,6371372.82454697,4027900
1961,"small divers",11006.2542350683,37279.6450112297,46195.0155466593,22103.3933897911,42234.7106446069,23589.46
1961,"sperm whales",101.617388460046,994.260434766472,10606801.2295185,126.198846041906,149609.674498523,16217.75
1961,"squids",67114.9668941494,157512.215500228,438930.830164299,115646.438362702,316022.459903569,221151.2
1961,"toothfishes",1403.65210070102,1153982.90677521,4407993.07982005,273469.639003598,1878257.24313366,1105756
1962,"antarctic krill",12002.4153940273,13210760.5181542,727409125.827014,1203025.73965118,36186287.7175073,5897364
1962,"baleen whales",1216.27716384965,536938.111317109,92254446.1875793,2171.05977745732,10291632.4970896,187241.3
1962,"bathypelagic fishes",302974.114493201,2687987.47274664,12893089.8602592,1097796.13605009,4798476.57228993,1769209
1962,"flying birds",3942.22858439515,6014.3523141153,6543.19274991344,5424.21647169812,6225.59496704672,4423.023
1962,"large divers",479.615667297943,18173.3727972445,2293527.45931214,6304.68552796035,162947.842115679,16217.75
1962,"leopard seals",67.8613131653458,3397.85527626621,18388.5102880455,1959.2128087423,4720.64589413271,2948.682
1962,"medium divers",29643.3595897166,409254.552004196,1277443.15888016,167050.15999754,805908.684459244,390700.4
1962,"mesopelagic fishes",6837.40620005594,2034508.46784947,8953752.93788096,498935.65483811,3834414.07831865,1769209
1962,"mesozooplankton",5.46071107919713e-96,18375655.9818758,30647569.1452623,10394531.9250489,25749749.3422843,12974200
1962,"minke whales",144.979091367504,25835.4206435748,158642441.157543,8080.89951687159,15026529.930766,20640.77
1962,"orca",5326.90127975837,8981.79220118276,260873.57623272,7299.33763238207,17100.2062514576,8846.046
1962,"other krill",1030.65608565991,11996847.1187577,127639550.607565,1431391.44814141,77277724.1204387,2801248
1962,"other macrozooplankton",1386354.16841019,19140409.6922653,38524927.749402,8137058.52964593,29014383.2163447,14743410
1962,"salps",105837.821555022,1141279.2404729,2979845.00352218,453373.271770849,2195093.24312076,961270.3
1962,"shelf and coastal fishes",1821582.87296033,5113052.62829676,23872174.8866022,3536913.03868568,6368356.31283081,4027900
1962,"small divers",11025.0443003031,37344.1825403198,46074.830380915,22139.4319967162,42235.2838197569,23589.46
1962,"sperm whales",108.23386715916,1000.29022594844,10587103.7101673,134.016458305853,148589.634971537,16217.75
1962,"squids",66715.7217821792,156753.932887972,439032.073682098,114956.504647217,315345.945415184,221151.2
1962,"toothfishes",1396.72789031687,1158057.85002828,4450381.13337521,276482.227094142,1879061.71777979,1105756
1963,"antarctic krill",10611.0543679187,13534691.1709435,769785248.695027,1244531.58869103,36206119.418093,5897364
1963,"baleen whales",1239.59844147688,534640.667964919,92080322.7828687,2265.47404552113,10278369.9736572,187241.3
1963,"bathypelagic fishes",309329.255801032,2730361.80699228,12788593.0988015,1118448.09460326,4833322.79999594,1769209
1963,"flying birds",3942.34932106019,6014.54086665677,6543.40766888275,5424.51110987903,6223.87966261141,4423.023
1963,"large divers",443.42097219926,18172.8779833374,2280237.56538209,6309.38544139325,162201.94138709,16217.75
1963,"leopard seals",61.905937797945,3396.12847134182,18256.9710397232,1955.09491892758,4722.17596672089,2948.682
1963,"medium divers",28157.0059556468,409291.725692364,1274137.3349808,167294.510815407,805494.090284375,390700.4
1963,"mesopelagic fishes",7018.98279260053,2071406.31291498,9139401.37055216,511030.862211592,3881109.2626939,1769209
1963,"mesozooplankton",4.91836367621034e-98,18201055.0628462,30068959.4105853,10042705.1751832,25371222.6602953,12974200
1963,"minke whales",122.549840860683,25835.1761358528,158115886.568446,8087.53235549196,14973362.0297392,20640.77
1963,"orca",5336.56736302404,8982.40433922408,260187.771327266,7304.65540980158,17079.5012446555,8846.046
1963,"other krill",999.53722822929,12122689.9169844,124135094.178792,1532131.94256835,75381127.6371163,2801248
1963,"other macrozooplankton",1496543.98520531,20058839.2459255,39399083.9172804,8520849.05914663,29786390.814548,14743410
1963,"salps",109578.107888727,1162255.10246836,2991550.02899928,468384.926263771,2207643.79353671,961270.3
1963,"shelf and coastal fishes",1825647.79499339,5113162.38485345,24033770.491487,3552825.56821092,6368105.90524169,4027900
1963,"small divers",11044.0289302346,37406.6482113085,45954.8339387892,22150.3541902695,42226.6700029577,23589.46
1963,"sperm whales",109.653012689989,978.728762957678,10566701.672157,135.776172726447,146551.954526728,16217.75
1963,"squids",66662.1746741382,156237.81908071,439041.682686353,114536.401850826,313978.83096057,221151.2
1963,"toothfishes",1391.26919046965,1162366.21236107,4490603.52593662,279621.959640319,1879357.47105808,1105756
1964,"antarctic krill",9215.30675098605,13538313.7337953,785502915.875924,1270865.7362388,35983221.4668353,5897364
1964,"baleen whales",1267.28196640518,532333.335687142,91920059.1669733,2384.5120285539,10265208.3405181,187241.3
1964,"bathypelagic fishes",319329.262715583,2779982.39949084,12858897.4109257,1146064.56548258,4882295.71561041,1769209
1964,"flying birds",3941.05595672978,6013.16006819365,6541.39173449428,5424.33511442647,6222.14781165812,4423.023
1964,"large divers",407.980434039142,18168.3651070976,2267014.94605121,6317.03534661858,161404.919896468,16217.75
1964,"leopard seals",56.2387539538546,3398.63609185859,18127.1455414218,1950.34318686844,4723.84844590737,2948.682
1964,"medium divers",26689.7834057768,409361.561106448,1270865.30041943,167638.487526556,804768.930743027,390700.4
1964,"mesopelagic fishes",7228.46057467277,2106137.524462,9433514.5652837,519206.592628817,3921538.17557617,1769209
1964,"mesozooplankton",4.14530598297663e-100,17698838.8747237,29666982.7902603,9310473.69520199,24960605.3364788,12974200
1964,"minke whales",102.478468153274,25835.4333472597,157493196.430986,8095.69230357915,14911103.9741389,20640.77
1964,"orca",5345.81626866857,8984.2919504592,259503.793734716,7309.53227895944,17058.0352064289,8846.046
1964,"other krill",853.034828131921,11548705.6552928,121706449.500571,1491502.91273886,73614879.7559879,2801248
1964,"other macrozooplankton",1568523.53299425,19251325.2068444,38791251.3319676,8478571.75104577,28644544.6731993,14743410
1964,"salps",111614.17451143,1161993.06723021,2999159.07099403,472190.742751035,2217387.9130023,961270.3
1964,"shelf and coastal fishes",1846398.57142241,5120717.55852015,24188917.6379977,3560098.86746179,6376608.99914347,4027900
1964,"small divers",11050.0797711418,37407.3562478666,45836.8877997565,22073.577818001,42204.1593914292,23589.46
1964,"sperm whales",107.584402930277,940.697472094762,10545891.61511,133.341155933499,142397.313871078,16217.75
1964,"squids",67336.8647745332,156540.506499873,439194.684565734,114738.234107816,314585.604947577,221151.2
1964,"toothfishes",1382.37483971778,1167830.83960496,4529371.61645817,282892.382264872,1879658.13718127,1105756
1965,"antarctic krill",7652.09539075521,13243637.3989955,759096229.901648,1211686.57658585,35406202.914448,5897364
1965,"baleen whales",1293.49612674773,529465.020811322,91765813.7242349,2511.69327791553,10227307.3592613,187241.3
1965,"bathypelagic fishes",322248.495474161,2787257.31438721,13046875.3829056,1152917.02056018,4900037.67788602,1769209
1965,"flying birds",3938.68891162079,6011.40450648255,6538.24684595224,5423.47478432161,6218.19724592853,4423.023
1965,"large divers",372.772815696174,18170.2733186112,2253856.47384918,6323.07908767204,160581.27307817,16217.75
1965,"leopard seals",50.781788216627,3399.22623133069,17998.6416925979,1949.96805545615,4725.4246556298,2948.682
1965,"medium divers",25201.0437430105,409316.911506349,1267608.98459678,167793.941128373,804518.020963105,390700.4
1965,"mesopelagic fishes",7103.46382690338,2099793.94828674,9432608.65666352,514974.086250859,3922229.63395899,1769209
1965,"mesozooplankton",3.34227446388828e-102,16651613.6594751,28356139.1693589,7955359.98380218,23868620.6999597,12974200
1965,"minke whales",83.8868420210563,25541.8467738739,153777935.327572,7978.64979259635,14665974.1758112,20640.77
1965,"orca",5354.9650593011,8986.19211910897,258821.667694058,7314.31011830332,17036.4546260976,8846.046
1965,"other krill",634.026206744587,10763330.1874345,121461705.858939,1373772.48485378,73320350.4098809,2801248
1965,"other macrozooplankton",1506683.76760697,17714812.4408506,36884174.2647655,7825070.41748071,26648674.9663683,14743410
1965,"salps",110350.528686908,1136608.41065307,2993464.12923132,461938.950877644,2206551.10546237,961270.3
1965,"shelf and coastal fishes",1862493.80951189,5127049.31226857,24334229.3081442,3567071.25372406,6384771.76829739,4027900
1965,"small divers",11020.1205907164,37342.2123484844,45715.0486182243,21955.1830688149,42171.4851963446,23589.46
1965,"sperm whales",101.439655205173,877.97626683091,10524488.9875609,125.922387689389,135898.150519203,16217.75
1965,"squids",68084.1003162283,156921.978365349,439329.01455744,115100.794049945,315254.036379261,221151.2
1965,"toothfishes",1363.92431645778,1171419.09458206,4566977.12070472,284520.335929855,1880036.60516882,1105756
1966,"antarctic krill",6402.24971880214,13069672.2149006,718682686.015643,1174354.18951626,35274617.6894688,5897364
1966,"baleen whales",1347.77436653728,528859.861946873,91642458.2812756,2705.26566304407,10208655.5957198,187241.3
1966,"bathypelagic fishes",320924.906487736,2783647.83557994,13224451.4552581,1150464.59313453,4897156.02570255,1769209
1966,"flying birds",3939.43106664441,6012.34372996521,6538.99257161092,5424.74790084961,6216.68707420587,4423.023
1966,"large divers",339.301369856944,18169.1064923643,2240762.18400839,6328.9557186561,159768.868885656,16217.75
1966,"leopard seals",45.5785775984248,3399.67021662911,17871.5941852483,1948.93932704383,4727.20429397576,2948.682
1966,"medium divers",23725.7608518047,409282.951797988,1264346.19267671,167934.060986521,804420.780207929,390700.4
1966,"mesopelagic fishes",6896.45951315593,2090035.48750095,9333394.01336777,512365.682816926,3908462.54753964,1769209
1966,"mesozooplankton",2.92523877577866e-104,17209863.3774871,29592489.8617292,8909190.07979287,24786352.8089133,12974200
1966,"minke whales",67.6598460259858,25303.405028197,150941816.01398,7897.65580242781,14497592.373942,20640.77
1966,"orca",5364.50066849757,8986.62417518634,258141.439507131,7319.4912216271,17015.5999944774,8846.046
1966,"other krill",463.692000218365,11201180.7821537,123775111.854126,1336869.18251413,75322068.4013669,2801248
1966,"other macrozooplankton",1473353.34492395,18162685.6016615,37600661.1373216,7520532.68337657,27665296.0449357,14743410
1966,"salps",109487.011285334,1131884.38836251,2994595.80620692,458784.131662149,2201056.75511121,961270.3
1966,"shelf and coastal fishes",1869155.09765413,5132705.63262184,24459789.2014565,3577757.8813152,6394866.74952494,4027900
1966,"small divers",11030.3996029505,37336.7478013114,45596.070823461,21885.5658478137,42153.5822582157,23589.46
1966,"sperm whales",106.816242935275,890.352253406491,10505174.2328749,132.680594591762,134463.972925741,16217.75
1966,"squids",68430.2333769419,157220.304952399,439593.837308357,115393.094209036,315586.281850192,221151.2
1966,"toothfishes",1349.69506094544,1175984.7680696,4603611.33981358,287620.552805789,1880586.6467687,1105756
1967,"antarctic krill",5231.64998550238,12767145.5047077,660236972.608209,1113223.19250741,35362951.837914,5897364
1967,"baleen whales",1390.13584769528,528097.56733806,91513727.1437163,2879.07969680611,10184890.8450247,187241.3
1967,"bathypelagic fishes",315873.244363178,2765057.45178775,13340781.0713484,1138878.17169968,4890812.66049912,1769209
1967,"flying birds",3936.8972013907,6010.45384301344,6535.17678179872,5422.56876950857,6213.89691837595,4423.023
1967,"large divers",306.189431406074,18173.4781658432,2227732.55537565,6344.26173140405,158962.815135499,16217.75
1967,"leopard seals",40.7032511498308,3400.67719879849,17745.8891736715,1947.59353910863,4728.89805122729,2948.682
1967,"medium divers",22246.9267662776,409338.527277655,1261121.28127435,168081.885527526,804246.381117521,390700.4
1967,"mesopelagic fishes",6548.65846417915,2067311.73268975,9135897.83801035,501256.34745607,3896060.19813828,1769209
1967,"mesozooplankton",2.63986137613774e-106,16210658.5869352,28403493.3326541,6823202.69742888,23806545.1662033,12974200
1967,"minke whales",54.1984710654689,25290.8550787454,150440614.926148,7904.75696188732,14446101.6944553,20640.77
1967,"orca",5373.31004039172,8986.50744293844,257462.976412534,7323.51177123995,16993.5768378051,8846.046
1967,"other krill",333.839337045101,10882283.0746178,126453555.16203,1210507.64778033,76686683.7727482,2801248
1967,"other macrozooplankton",1377267.66869957,17849228.7727859,37295304.8101837,7163349.75315659,26756800.797867,14743410
1967,"salps",105568.43841544,1108942.77795946,2989246.10579222,443485.255905047,2197916.76759198,961270.3
1967,"shelf and coastal fishes",1893909.4938933,5140212.0803259,24561153.4696791,3585325.62481885,6402456.51407676,4027900
1967,"small divers",10996.9699132014,37271.98422132,45478.5816835101,21775.1536693853,42144.5280811468,23589.46
1967,"sperm whales",109.238096173725,881.294982974577,10485520.6549171,135.952459095127,131688.302256508,16217.75
1967,"squids",69307.2943643201,157580.829413777,439930.29340843,115834.934415441,316103.461997198,221151.2
1967,"toothfishes",1327.31094658965,1181572.50110428,4639366.2189885,289169.011449607,1881217.45619743,1105756
1968,"antarctic krill",4395.57769914328,12841266.8776562,631841107.267208,1102135.87790306,35603538.9553313,5897364
1968,"baleen whales",1330.30590209493,518838.616816199,91283178.291501,2797.74955164903,10156381.7135946,187241.3
1968,"bathypelagic fishes",309281.544166282,2746175.56274278,13340031.0128038,1130020.08140011,4866631.14155186,1769209
1968,"flying birds",3938.30113921653,6011.73668082385,6537.16777243417,5425.44094353188,6213.77660968237,4423.023
1968,"large divers",274.510401921433,18169.5285024257,2214764.2000751,6357.00464485379,158155.858604166,16217.75
1968,"leopard seals",35.9960388525812,3400.8321316863,17621.2618052135,1949.72463385457,4730.5501216508,2948.682
1968,"medium divers",20743.7426172961,409079.609378747,1257872.5613104,168044.374631021,804041.905849583,390700.4
1968,"mesopelagic fishes",6275.352087065,2064415.11263331,9003827.33644327,498871.983109335,3878364.1464861,1769209
1968,"mesozooplankton",2.45792744166113e-108,17565458.360135,29941044.2944564,9315620.81934383,25068661.4913818,12974200
1968,"minke whales",41.9831753565359,25077.2742189428,147429943.457019,7827.77943690492,14269134.6804278,20640.77
1968,"orca",5383.03526552367,8987.05107444335,256786.465057283,7328.37663170546,16973.2377094265,8846.046
1968,"other krill",274.046549754337,11330086.5242702,129016431.848482,1243712.66471803,78745853.5796698,2801248
1968,"other macrozooplankton",1355893.45434931,18359949.0464029,37661756.3088802,7366752.25729275,27948066.4126485,14743410
1968,"salps",104832.187245606,1122556.37273539,2991113.51131225,445571.641076032,2198018.72132395,961270.3
1968,"shelf and coastal fishes",1887834.63146893,5141802.06390548,24609675.1873888,3582198.37114826,6403583.70056395,4027900
1968,"small divers",11007.6985467894,37302.085479503,45359.7709124239,21762.0229699663,42152.1878097831,23589.46
1968,"sperm whales",104.555565828812,845.90664439546,10464846.4317066,130.488522446341,125277.354018268,16217.75
1968,"squids",69072.116233789,157495.708978247,440159.248480657,115782.021718017,315675.018145658,221151.2
1968,"toothfishes",1314.15581304669,1184633.80149375,4673635.60328028,289962.209774589,1881816.59912506,1105756
1969,"antarctic krill",3737.39982840655,13110550.4945896,631016673.157406,1115262.80033823,35793458.0656387,5897364
1969,"baleen whales",1369.08850429024,516056.587812595,91151398.1009041,2967.11334839575,10143439.2486856,187241.3
1969,"bathypelagic fishes",306806.380355275,2747257.55185588,13243866.6024556,1127963.58300077,4852780.90137917,1769209
1969,"flying birds",3939.45555205138,6012.86060310881,6538.6991501925,5426.72673461122,6213.09497578185,4423.023
1969,"large divers",244.245191056145,18146.9606930502,2201858.67916397,6369.23303688132,157351.479724525,16217.75
1969,"leopard seals",31.5670628368231,3401.16350264801,17497.9473551538,1949.45969273217,4732.18006263575,2948.682
1969,"medium divers",19249.1291275444,409007.847951428,1254629.15897385,168056.01293067,803587.499871586,390700.4
1969,"mesopelagic fishes",6170.83023886975,2076273.37571455,9108749.55822948,503699.685662463,3872010.72448828,1769209
1969,"mesozooplankton",2.3057668518405e-110,17121287.6506346,29121645.8099901,8371157.02516794,24411587.3755717,12974200
1969,"minke whales",31.9498566541852,25080.3395384396,146940349.819562,7844.43332017256,14218397.1917948,20640.77
1969,"orca",5392.96765761826,8987.78991782523,256111.818878409,7333.43630744336,16953.1948478966,8846.046
1969,"other krill",248.642846073694,11428767.7929466,127291699.153834,1283632.10730309,77505026.9316146,2801248
1969,"other macrozooplankton",1379638.182723,18857451.4397464,37828701.2172207,7771828.75711217,28112618.0709008,14743410
1969,"salps",104679.516054292,1133594.43406878,2992476.1784918,452599.555219006,2204604.51532295,961270.3
1969,"shelf and coastal fishes",1879455.57510632,5142970.27878994,24612744.9681561,3580765.83429514,6403443.72176458,4027900
1969,"small divers",11036.2877900261,37350.1643223717,45243.6213592279,21772.8911480144,42143.4550898344,23589.46
1969,"sperm whales",100.915045953411,787.422068001546,10444360.780269,126.308993319545,120595.641697064,16217.75
1969,"squids",68598.000016995,157239.07583638,440186.872047542,115859.591083202,315010.885946212,221151.2
1969,"toothfishes",1306.51495508099,1187886.30748247,4706350.85788568,290696.714739745,1888538.87379815,1105756
1970,"antarctic krill",3173.53754069895,13168606.4519981,649043893.202833,1126930.48780126,35591820.0407579,5897364
1970,"baleen whales",1411.62798773259,515299.424070396,91026388.2507536,3159.5615315023,10130601.0471966,187241.3
1970,"bathypelagic fishes",307144.794112685,2747613.8489949,13094193.6754487,1128989.54556865,4837842.54987263,1769209
1970,"flying birds",3939.56808840973,6012.84687883673,6539.03082229286,5428.23943943246,6210.87118613878,4423.023
1970,"large divers",215.159483801444,18143.7821602867,2189015.15033065,6380.694185863,156550.405763806,16217.75
1970,"leopard seals",27.408419572158,3401.08778661705,17375.8390932892,1944.22377218231,4733.65891921369,2948.682
1970,"medium divers",17753.7942155723,408920.63068187,1251397.0203571,168152.040247224,802781.590806026,390700.4
1970,"mesopelagic fishes",6109.00244468827,2084565.2485562,9204307.52940434,507426.560118988,3884370.76171609,1769209
1970,"mesozooplankton",2.11718673367218e-112,17234688.271471,29112823.0283365,8911070.97762745,24387663.2159062,12974200
1970,"minke whales",23.6634325506445,25067.8675699554,146452367.089127,7862.79243670969,14167826.6430383,20640.77
1970,"orca",5403.12279542743,8988.42071848182,255439.034129433,7338.69762277926,16933.3968741947,8846.046
1970,"other krill",229.915034438383,11315878.3333823,125012773.450515,1290963.32675192,75337177.2963807,2801248
1970,"other macrozooplankton",1402501.6889939,18382787.7615071,37176484.3699706,7826625.0755998,27408853.120923,14743410
1970,"salps",105263.420220277,1138267.21446366,2989440.10032572,458708.326149061,2202296.05548969,961270.3
1970,"shelf and coastal fishes",1865891.24070528,5142014.38274917,24578137.5543291,3578599.99515309,6402471.36816552,4027900
1970,"small divers",11055.7372736412,37396.2052044942,45126.6752874422,21808.287506714,42127.4724094022,23589.46
1970,"sperm whales",102.282535039574,780.50219148338,10424741.0975009,128.162091082997,119422.318739018,16217.75
1970,"squids",67984.4513687755,156911.566974924,439888.660755653,115686.344449806,314217.535086399,221151.2
1970,"toothfishes",1298.3821837925,1192389.82285226,4737281.69210422,291068.829964275,1892171.65077895,1105756
1971,"antarctic krill",2710.67927539836,13181110.8584415,676008338.513335,1140342.41487105,35472493.0869986,5897364
1971,"baleen whales",1452.68328893798,514697.398291947,90903046.3836369,3349.14861940972,10117798.9625337,187241.3
1971,"bathypelagic fishes",310726.803928498,2754660.69726042,12953385.709658,1135342.94854316,4842715.19737789,1769209
1971,"flying birds",3938.94377402257,6012.47916543608,6538.08543480467,5429.4152307059,6208.03020535057,4423.023
1971,"large divers",187.791920942731,18133.3812427677,2176235.09233611,6392.83528325185,155754.055530873,16217.75
1971,"leopard seals",23.5956756060223,3401.73326987852,17255.1554812366,1944.48646435293,4741.69778198524,2948.682
1971,"medium divers",16295.6455952762,408762.63669448,1248190.65528525,168396.132157316,802283.804380405,390700.4
1971,"mesopelagic fishes",6077.65163596563,2092983.43471039,9328572.31788776,510558.240665024,3889277.00875609,1769209
1971,"mesozooplankton",2.02091905926389e-114,17547799.1163531,29690797.0620776,9305284.80727278,24895042.7897791,12974200
1971,"minke whales",17.0436601974953,24833.1704832468,143859478.272884,7833.66425004328,14012028.092494,20640.77
1971,"orca",5413.10273902764,8989.00465303519,254768.061841196,7343.78926964939,16913.1364663758,8846.046
1971,"other krill",217.506229151496,11494863.7784837,123980397.845981,1323198.76455514,75134907.0232569,2801248
1971,"other macrozooplankton",1441499.69830264,18740697.1127242,37963077.2216834,7899873.17520989,28202380.5509045,14743410
1971,"salps",106292.102145622,1142410.88889589,2989458.07879155,464972.797300833,2202800.00173772,961270.3
1971,"shelf and coastal fishes",1865778.9590679,5143758.11749088,24525503.341218,3581042.3940229,6402855.37514818,4027900
1971,"small divers",11073.5708948276,37403.4119511597,45014.1916095442,21839.5843857592,42102.1847211406,23589.46
1971,"sperm whales",97.4778450792281,754.397347930863,10404167.005589,122.236346005508,117316.808754972,16217.75
1971,"squids",67841.0925726323,156818.994758709,439617.16286658,115792.341609877,313675.416860899,221151.2
1971,"toothfishes",1287.52299380053,1195823.53323398,4766564.58869892,293023.744392932,1895586.56544465,1105756
1972,"antarctic krill",2360.66035239549,13405023.0522117,714908866.240777,1150136.28597234,35614251.071056,5897364
1972,"baleen whales",1500.46406266202,514306.721153815,90787036.4855295,3570.20229641252,10105108.9949047,187241.3
1972,"bathypelagic fishes",316939.623570705,2769420.69224273,12863236.3407475,1148595.67541463,4848399.23516116,1769209
1972,"flying birds",3938.70793992468,6012.52691859775,6537.67713509544,5431.19443884446,6206.767200931,4423.023
1972,"large divers",162.170792940309,18131.3980914907,2163517.37180249,6397.42175167113,154960.791363721,16217.75
1972,"leopard seals",20.0930822483151,3403.36579672608,17135.7748643375,1948.37137110349,4742.85259443141,2948.682
1972,"medium divers",14864.576544803,408697.230169088,1244996.20683658,168635.577788299,802085.152604275,390700.4
1972,"mesopelagic fishes",6156.71214248152,2109766.92917352,9520387.05218182,517518.325100055,3897577.13206919,1769209
1972,"mesozooplankton",1.91985122277145e-116,18069781.8709518,30195768.1027467,10095473.1783261,25380386.389914,12974200
1972,"minke whales",11.9675403137848,24865.0767095484,143381644.440537,7847.60156455418,13962139.2127033,20640.77
1972,"orca",5423.21661025731,8989.62325857144,254098.922562774,7347.96985727398,16892.9836813212,8846.046
1972,"other krill",213.594083221528,11790766.1849625,123210277.534001,1425113.5982231,75079326.4429826,2801248
1972,"other macrozooplankton",1519507.92932816,19511303.0777976,38809305.2523387,8215395.80666499,29139995.8047409,14743410
1972,"salps",109118.978763903,1152211.30215763,2992791.94635262,474748.888038598,2206915.77641767,961270.3
1972,"shelf and coastal fishes",1867256.39571826,5148464.81576921,24467077.3413102,3584730.37639262,6403483.72386249,4027900
1972,"small divers",11098.7912387498,37408.7732453663,44905.4172186848,21878.3248700921,42088.5302333287,23589.46
1972,"sperm whales",103.503963116318,776.552236665186,10385398.9711333,130.004448488972,117136.501788748,16217.75
1972,"squids",67821.6062438905,156736.041779871,439381.02889156,116061.710959558,313651.135987195,221151.2
1972,"toothfishes",1270.92765098268,1198604.22120694,4793196.41050811,293073.217854523,1888901.97950169,1105756
1973,"antarctic krill",2058.42617819103,13576528.0191268,751005756.579466,1160762.10427507,35656441.3447366,5897364
1973,"baleen whales",1545.51856891584,513892.663150454,90670362.0980305,3771.36749247704,10092424.3889089,187241.3
1973,"bathypelagic fishes",325232.951574593,2793295.66783204,12854443.4139471,1166836.70700014,4863075.38285772,1769209
1973,"flying birds",3938.6857311446,6012.80318906874,6537.6020482895,5433.61755230649,6205.81219884896,4423.023
1973,"large divers",138.346948851847,18127.3595556725,2150857.59590533,6398.51175596172,154151.87028335,16217.75
1973,"leopard seals",16.8960317203107,3404.05401355421,17017.5853245472,1951.77336005682,4743.8346147342,2948.682
1973,"medium divers",13461.2657961804,408525.63436779,1241705.47492017,168841.970667829,801866.830635652,390700.4
1973,"mesopelagic fishes",6339.40133750406,2125089.69627612,9737104.79336376,528510.439006517,3911428.7991023,1769209
1973,"mesozooplankton",1.6837826935334e-118,17796809.2623687,29580414.5496889,9653483.81966818,24844011.1483908,12974200
1973,"minke whales",7.21489820216357,18682.7909703367,134273145.039037,5852.8491102614,10162346.4896553,20640.77
1973,"orca",5429.15148654529,8976.60432868036,252304.857764483,7346.37731160052,16859.6409148389,8846.046
1973,"other krill",199.495207195361,11658539.2240242,121026637.677014,1474882.42084011,73459426.7691639,2801248
1973,"other macrozooplankton",1602465.47298007,19310547.1400366,38310169.493419,8400836.73985416,28643847.9596681,14743410
1973,"salps",112227.334265571,1159613.3184555,2993141.44050503,482839.514012779,2209950.21162761,961270.3
1973,"shelf and coastal fishes",1865478.72787921,5155249.96670148,24417531.4103233,3588272.29362035,6405752.42756645,4027900
1973,"small divers",11129.4823390624,37422.7647115127,44843.6244557682,21926.7207989293,42078.6865668254,23589.46
1973,"sperm whales",103.753786097447,776.495283279428,10365805.6826401,130.235083160937,115822.010521879,16217.75
1973,"squids",67788.134672585,156756.994070846,439118.191813851,116286.701691593,313249.360063447,221151.2
1973,"toothfishes",1258.94867040365,1201931.36236184,4819159.27873927,294873.822995144,1887935.50496639,1105756
1974,"antarctic krill",1754.65588759411,13474547.0489922,757947808.164223,1136151.21073297,35489684.7127601,5897364
1974,"baleen whales",1582.02512594382,513374.369916326,90550256.2251843,3958.59852482633,10077844.0659901,187241.3
1974,"bathypelagic fishes",333525.718733,2812521.56729431,12976446.2760034,1180299.66943587,4885319.90473093,1769209
1974,"flying birds",3937.16096297509,6012.2020919254,6535.13489729817,5432.35161210501,6203.46559755908,4423.023
1974,"large divers",116.802285797285,18124.2598081706,2138315.12620504,6399.85838232763,153419.992579509,16217.75
1974,"leopard seals",14.0868280160979,3404.89610505024,16900.7637732526,1953.77492510245,4743.59134877282,2948.682
1974,"medium divers",12136.4766174299,408264.48923776,1238185.58803871,169121.353917283,801579.393628858,390700.4
1974,"mesopelagic fishes",6423.8605251596,2128310.67067105,9807680.04647739,532204.323972063,3926375.08772479,1769209
1974,"mesozooplankton",1.43426529920298e-120,17345840.7231057,29432536.4791143,8996078.18726568,24673336.0183901,12974200
1974,"minke whales",4.32272302772488,13169.898841055,129619678.865792,3859.45746594084,6680900.0772947,20640.77
1974,"orca",5299.29598875216,8761.41206848013,226372.413624576,7082.30942176807,16195.2722232051,8846.046
1974,"other krill",165.204860894914,11177975.5683799,120311536.117432,1427293.47805461,72972650.0127974,2801248
1974,"other macrozooplankton",1630343.89401671,18670199.1748793,38084460.7450547,8219942.44857003,27935393.0766575,14743410
1974,"salps",112926.341590901,1153443.78477195,2991391.98730769,513743.90609156,2207919.69428534,961270.3
1974,"shelf and coastal fishes",1881761.73030361,5162885.34201724,24392731.6632345,3597248.30329229,6411524.43265287,4027900
1974,"small divers",11141.2511082814,37391.410025045,44833.8061767365,21932.0187073148,42054.3244616875,23589.46
1974,"sperm whales",99.6182370442907,743.971936329808,10345567.8903729,125.385471689759,115110.408944763,16217.75
1974,"squids",68459.4016179712,157059.642151917,439074.27753076,116686.017550143,312104.304517426,221151.2
1974,"toothfishes",1242.82548355334,1204693.39551445,4844698.35632176,296675.640981049,1894494.42847875,1105756
1975,"antarctic krill",1480.3340063209,13395219.0253204,742236745.504059,1102256.80587761,35281825.1672705,5897364
1975,"baleen whales",1621.65147440174,512985.724622283,90434684.5328173,4181.58178465659,10065207.6843836,187241.3
1975,"bathypelagic fishes",338174.337427825,2815783.04674932,13092918.2872337,1186121.22803283,4901821.46330087,1769209
1975,"flying birds",3935.28432789369,6011.03901793077,6532.14186343081,5429.77311082713,6200.62680011211,4423.023
1975,"large divers",97.4744696762839,18113.8645295595,2125899.85712301,6402.17162997848,152738.065996663,16217.75
1975,"leopard seals",11.6256424819487,3406.04484808106,16785.3563456041,1956.45712155351,4740.77912013946,2948.682
1975,"medium divers",10880.7691916375,408069.397278002,1234469.57696183,169457.591549411,801124.809190001,390700.4
1975,"mesopelagic fishes",6350.63652699761,2119714.81784643,9755993.94134792,529887.739133764,3931380.99124919,1769209
1975,"mesozooplankton",1.24999661554778e-122,17537709.881479,29894881.7569503,9196441.4827061,25080411.8235323,12974200
1975,"minke whales",2.73319036867169,11451.9966925842,126828453.314787,3299.03501449427,5352812.96352196,20640.77
1975,"orca",5309.06149186809,8762.29125801263,225779.871292096,7087.70652188874,16175.2923755644,8846.046
1975,"other krill",130.139006601146,11221920.1016243,122182845.621617,1390015.26359079,74532735.3916365,2801248
1975,"other macrozooplankton",1616854.7153274,18748520.1038952,38527610.46285,7905635.33031509,28226348.4478514,14743410
1975,"salps",112585.130054069,1148160.69599102,2990726.52392229,519811.003888278,2206934.66604403,961270.3
1975,"shelf and coastal fishes",1906276.49259323,5174417.10625597,24388668.6853055,3608409.40244989,6418005.07504937,4027900
1975,"small divers",11135.9165239877,37341.8572982338,44821.8984013092,21907.3447708008,42035.0046799901,23589.46
1975,"sperm whales",102.854176896213,753.280486539773,10326527.8718539,129.130069100656,114770.682119087,16217.75
1975,"squids",69512.6398272077,157612.549217748,439289.984674566,116998.738741574,310754.466661411,221151.2
1975,"toothfishes",1217.77396325036,1207767.69922242,4869180.41204442,298368.21085806,1897187.06489897,1105756
1976,"antarctic krill",1247.24233804769,13304713.9995997,716386470.073676,1062093.60191109,35236095.3272297,5897364
1976,"baleen whales",1661.47584509799,512597.457235311,90319272.0749831,4407.47544266969,10052589.2858033,187241.3
1976,"bathypelagic fishes",339595.844997032,2818911.65416676,13253416.6702629,1190733.01410034,4898469.96260314,1769209
1976,"flying birds",3936.06685943189,6012.06964452336,6532.97696664006,5432.55168556854,6199.07884385893,4423.023
1976,"large divers",79.9668633141986,18104.4317061968,2113534.5343677,6402.65531017919,152055.74530933,16217.75
1976,"leopard seals",9.41253935686884,3406.3334866702,16671.4912375189,1958.78953833309,4732.82198806285,2948.682
1976,"medium divers",9646.41374644994,408002.678352903,1230593.31814991,169262.537220029,800590.774563218,390700.4
1976,"mesopelagic fishes",6284.69832891774,2118407.91931527,9725134.08898536,531857.6554983,3941624.5559539,1769209
1976,"mesozooplankton",1.0691843964623e-124,17090860.171181,29155007.9686348,8522316.49716494,24418897.558556,12974200
1976,"minke whales",1.65633937584489,10542.7315665185,124925837.694745,3104.15388946576,4849984.4817215,20640.77
1976,"orca",5319.34340819774,8763.65601713888,225189.246830305,7093.34860356026,16156.3545683118,8846.046
1976,"other krill",101.101729215986,11165834.2194202,122981147.661124,1328871.36789991,74893169.1782728,2801248
1976,"other macrozooplankton",1602076.66667156,18645531.7075717,37828909.6142843,7816678.21973461,27857367.8590997,14743410
1976,"salps",112036.874210166,1152494.67467321,2988918.34262603,514870.383919651,2207257.52391735,961270.3
1976,"shelf and coastal fishes",1911485.13812583,5186532.73102018,24390661.8752115,3621513.04954462,6423346.29051559,4027900
1976,"small divers",11159.9264093062,37336.3795163476,44808.9217777098,21931.1334617946,42022.2495976606,23589.46
1976,"sperm whales",105.377038507284,756.74083318045,10307423.5150387,132.121576835603,114208.64452599,16217.75
1976,"squids",69932.4727462108,157815.309245487,439576.452803334,117704.368271667,311199.851275184,221151.2
1976,"toothfishes",1195.83940145438,1209349.58888629,4892860.9926549,299790.506371046,1896357.53687346,1105756
1977,"antarctic krill",1028.27415950169,13021509.0003421,679428163.471091,998446.177823598,35037505.1656684,5897364
1977,"baleen whales",1696.10817938437,512209.847763647,90203988.7920669,4632.84760972498,10039984.4086292,187241.3
1977,"bathypelagic fishes",336761.652108293,2802694.55524891,13379200.8880184,1176976.35284151,4902716.63741919,1769209
1977,"flying birds",3933.04267913199,6009.41504497773,6528.56706638228,5431.41020329173,6193.51871102474,4423.023
1977,"large divers",64.7959138160207,18106.0986933544,2101239.4752898,6404.51522823203,151377.455531545,16217.75
1977,"leopard seals",7.5599667705624,3407.56029874154,16559.3875106869,1961.50678827687,4724.91578262357,2948.682
1977,"medium divers",8509.44053700465,407969.305489324,1226714.8596393,169721.490886812,800228.474459552,390700.4
1977,"mesopelagic fishes",6033.87611766519,2093499.29557723,9518217.35288541,522799.408502855,3946228.82463886,1769209
1977,"mesozooplankton",9.54591787067055e-127,17126113.1067272,29371495.0875479,8447558.99941925,24651666.4954354,12974200
1977,"minke whales",0.975342856974675,9800.44092282169,123306878.032525,3009.60706153183,4302185.88486165,20640.77
1977,"orca",5219.41713054635,8712.59032926309,219073.028777518,7017.5015216895,16087.5237147866,8846.046
1977,"other krill",78.4226635594,11013477.6603753,124930678.26992,1265784.02034536,75520120.4555957,2801248
1977,"other macrozooplankton",1525933.14746863,18192610.3932355,37652871.8833524,7479411.74943823,27370538.4967278,14743410
1977,"salps",109372.576609551,1143828.41958793,2981979.69300355,502792.155967935,2204113.66358159,961270.3
1977,"shelf and coastal fishes",1932840.59422975,5194924.39144095,24398608.9703401,3629952.02331863,6428552.06348536,4027900
1977,"small divers",11127.178973492,37262.7257258075,44797.8589537562,21873.6599719531,41988.8449597252,23589.46
1977,"sperm whales",107.936427540938,763.143840947189,10288377.1143299,135.115129389519,113668.323153902,16217.75
1977,"squids",70890.817826001,158115.188268989,439876.673971044,118021.403744316,311703.939567572,221151.2
1977,"toothfishes",1169.19162486385,1210501.2742397,4917215.73649129,301901.596861462,1898318.39063296,1105756
1978,"antarctic krill",844.563288756572,12564065.3487603,741521087.037034,926867.421404892,34559924.3819882,5897364
1978,"baleen whales",1728.9787669077,511822.578636501,90088854.7331985,4859.87638689091,10027396.2358396,187241.3
1978,"bathypelagic fishes",326860.373286196,2757236.34039969,13410175.7299991,1150720.41133105,4870261.45110388,1769209
1978,"flying birds",3931.26415382328,6007.82195184735,6526.58265740681,5426.8755488412,6190.75400071829,4423.023
1978,"large divers",51.3394366136579,18096.2314717447,2089039.948345,6405.45650684221,150699.023067887,16217.75
1978,"leopard seals",5.94009229555379,3408.52862792189,16448.4228696986,1963.7053420588,4721.05455913218,2948.682
1978,"medium divers",7396.50683940496,407750.631477638,1222784.96298362,170116.645601248,799995.672656043,390700.4
1978,"mesopelagic fishes",5653.34792207589,2057398.15665355,9239709.06563951,510370.511999569,3910227.81324969,1769209
1978,"mesozooplankton",9.06765297875827e-129,16987169.4428951,28749428.2949215,8344328.93222781,24293701.099492,12974200
1978,"minke whales",0.522251521462263,8785.51706464129,120799272.888273,2751.78536243494,3071390.04785487,20640.77
1978,"orca",5043.30250272901,8646.77405316511,209203.813218112,6857.71011677054,15999.2109325583,8846.046
1978,"other krill",68.5904387136152,11179430.3250697,126516138.141166,1259233.35317793,76757070.9284641,2801248
1978,"other macrozooplankton",1428645.47527388,17792409.2354583,36687049.3274398,7210651.33244202,26806318.7430849,14743410
1978,"salps",106990.256650821,1135534.51233784,2969133.14951227,501010.91080247,2191063.79090334,961270.3
1978,"shelf and coastal fishes",1929570.388036,5189726.02991723,24387231.0016561,3617676.23593311,6421620.8010753,4027900
1978,"small divers",11080.6043419427,37184.5368757831,44778.5459268211,21823.4149745869,41955.52017617,23589.46
1978,"sperm whales",104.244760907652,736.933732704293,10268449.2573395,130.269213257685,111690.726210967,16217.75
1978,"squids",71066.1615359974,157808.344325566,440010.022317052,117821.641591799,311704.575636678,221151.2
1978,"toothfishes",1139.93954207371,1213277.17458473,4940192.70549238,304187.746268411,1898634.09848286,1105756
1979,"antarctic krill",689.614656693742,11463022.7251341,726105942.02817,825289.786738604,34060196.940107,5897364
1979,"baleen whales",1756.55034580446,511384.549185759,89972122.6360662,5079.26635215679,10013472.7279552,187241.3
1979,"bathypelagic fishes",314625.08251758,2701649.54612891,13331442.5203907,1115986.08344697,4832963.36167172,1769209
1979,"flying birds",3928.97724496911,6005.34219204433,6523.76015714454,5419.7720151499,6189.70777129504,4423.023
1979,"large divers",40.0736733772793,18085.9208507431,2076922.52996055,6413.86856531597,150021.26111687,16217.75
1979,"leopard seals",4.60501359244611,3408.7185326999,16337.4970321574,1963.65070712671,4717.5183594539,2948.682
1979,"medium divers",6378.18392316806,407754.863711274,1218831.2282513,170114.230215897,798975.164376768,390700.4
1979,"mesopelagic fishes",5231.74868254333,2017195.43342891,8923059.68874369,493138.356589532,3869857.83441542,1769209
1979,"mesozooplankton",1.06258643052865e-130,16747883.0589386,28625842.4507186,7765344.66353936,24207283.8553476,12974200
1979,"minke whales",0.264392944158679,7713.19426934962,117205727.511341,2387.45098174002,2486553.80771252,20640.77
1979,"orca",5040.4227225019,8641.83126834321,208012.682101347,6851.5776908117,15968.1879093734,8846.046
1979,"other krill",69.9426816251882,11180264.033279,128187329.234127,1223470.28055728,78055050.0180349,2801248
1979,"other macrozooplankton",1327296.88602305,17535979.0557463,36441974.1425756,6960928.72524087,26440202.5692006,14743410
1979,"salps",103692.583273661,1126304.29164883,2957136.18473775,491491.00201744,2183619.21068173,961270.3
1979,"shelf and coastal fishes",1932449.25235864,5173034.53845399,24355374.1405875,3600150.49842733,6406519.25877256,4027900
1979,"small divers",11021.5228254078,37104.1409902575,44758.6711131159,21729.2479825821,41929.7372015861,23589.46
1979,"sperm whales",94.8612943094297,685.499849466284,10247561.7371957,118.159169493911,108130.489320765,16217.75
1979,"squids",71259.6579305001,157591.896519776,440103.312906166,116935.748231977,311514.036979448,221151.2
1979,"toothfishes",1111.89206592149,1213758.28067151,4962248.88894807,306138.714778861,1898686.19341137,1105756
1980,"antarctic krill",587.258691838642,11041293.3450809,667173734.215696,683733.948650988,33923485.5032188,5897364
1980,"baleen whales",1787.12686560193,510998.364964396,89857294.2652847,5307.4642357101,10000920.2561419,187241.3
1980,"bathypelagic fishes",306205.761902513,2681932.16584028,13140493.2184206,1092816.55427211,4809579.09172819,1769209
1980,"flying birds",3929.34987567147,6005.3545448213,6524.31983142478,5420.98834902128,6190.44452907762,4423.023
1980,"large divers",30.708706271775,18087.77267733,2064855.48642853,6426.46776615211,149195.487777655,16217.75
1980,"leopard seals",3.49651270926714,3409.56167302536,16225.2296993081,1963.01098939298,4710.76280219849,2948.682
1980,"medium divers",5439.80437607143,407846.446797941,1214813.88546403,170305.026752094,798084.793213861,390700.4
1980,"mesopelagic fishes",4979.79311570808,2012442.5033725,9428942.3160232,487719.200123436,3852090.07349572,1769209
1980,"mesozooplankton",3.25943912439101e-132,18268569.0041128,30680437.5396837,10000791.6413807,26071155.0700618,12974200
1980,"minke whales",0.131221220212616,7357.09115749576,114875785.227076,2311.29122663269,1946889.51034649,20640.77
1980,"orca",5050.84372945517,8642.89279385934,207470.559040074,6856.98699794866,15949.2048996058,8846.046
1980,"other krill",110.86053425302,12031211.3813881,130424114.189248,1393914.2258095,80651944.1075332,2801248
1980,"other macrozooplankton",1337336.37800554,19153492.5472299,38766763.8460753,7458089.86146937,29050837.8377341,14743410
1980,"salps",103910.800692826,1145680.52024824,2962561.35965163,503916.806051413,2191902.30014632,961270.3
1980,"shelf and coastal fishes",1934626.28615591,5162814.6878776,24298973.175493,3582662.71923774,6389556.89366058,4027900
1980,"small divers",11006.6281483596,37095.5877684171,44750.6535094177,21662.8992186336,41907.1060975017,23589.46
1980,"sperm whales",97.4989686196553,686.427176121746,10228605.0936717,120.655923745684,107715.066145158,16217.75
1980,"squids",71188.7016876829,157075.63228853,440296.40579786,116131.73308743,315096.880066456,221151.2
1980,"toothfishes",1092.57008748537,1215888.9203359,4982581.52169815,307709.876609735,1898679.19829916,1105756
1981,"antarctic krill",496.105966557011,11507618.7376884,703582188.222309,688833.011023469,34532347.8706606,5897364
1981,"baleen whales",1814.89981829984,510612.684865204,89742606.1799211,5538.45592803807,9988382.92363272,187241.3
1981,"bathypelagic fishes",300947.708412174,2673015.08632741,13477524.4280391,1085379.36470463,4797115.91719579,1769209
1981,"flying birds",3927.64978923746,6003.45752893844,6522.43399709809,5406.05383882087,6188.57918293117,4423.023
1981,"large divers",23.341406845322,18092.0707698889,2053343.07863015,6452.40936383123,148216.150388215,16217.75
1981,"leopard seals",2.63244275584206,3415.19435203807,16114.3748252203,1965.22288058495,4704.594713032,2948.682
1981,"medium divers",4628.91443695362,408029.917358959,1211284.19946202,171342.180525346,797965.173805237,390700.4
1981,"mesopelagic fishes",4805.7289228132,2015339.97203516,9773456.79219696,482025.144314888,3858281.67061979,1769209
1981,"mesozooplankton",1.63618326746493e-133,16958898.3944518,28547385.5206432,7975239.21102484,24236668.3090613,12974200
1981,"minke whales",0.0620367337441977,6553.03194408953,111335362.413963,2097.72629860615,1700789.23365848,20640.77
1981,"orca",2265.61304469243,7449.90334658121,79821.6197436529,2860.01111683592,12994.2164995486,8846.046
1981,"other krill",207.347919086128,11504346.2186979,128915502.931162,1323540.60740955,78689108.4485471,2801248
1981,"other macrozooplankton",1315512.20245585,18775016.0579032,37654169.4579205,7684354.57234813,27613769.9835973,14743410
1981,"salps",103047.006872275,1148156.85997061,2961282.22908073,505344.151905926,2198886.24227147,961270.3
1981,"shelf and coastal fishes",1940282.33575781,5144980.27726736,24232493.9165028,3571898.37763262,6377080.47270722,4027900
1981,"small divers",10967.5596648313,37090.7269910841,44751.3688955995,21575.9566253327,41893.8533418213,23589.46
1981,"sperm whales",103.076050687488,705.578218338276,10210153.3372265,126.638714894143,107551.073505176,16217.75
1981,"squids",71238.8840503831,156437.86339091,440359.674325502,115020.030078403,313507.899845334,221151.2
1981,"toothfishes",1071.19934370737,1217260.38574472,5000346.51568933,307827.609130564,1899153.54099702,1105756
1982,"antarctic krill",413.407146676163,12072015.1910384,743072235.657244,695279.971681918,34970063.9361439,5897364
1982,"baleen whales",1841.2065612994,510227.555984878,89628065.8816215,5770.83224761572,9975861.95228269,187241.3
1982,"bathypelagic fishes",298238.58210033,2677863.27510356,14170961.0860306,1085271.22873354,4807133.58479402,1769209
1982,"flying birds",3926.33867145199,6001.56737144356,6520.82648732062,5398.40935082775,6187.36394194235,4423.023
1982,"large divers",17.7092559270681,18130.2036743635,2042395.6788935,6493.4528776709,147253.590826499,16217.75
1982,"leopard seals",1.97389936636379,3419.49320828957,16005.6812923004,1970.93122837295,4696.85502194581,2948.682
1982,"medium divers",3948.40896402487,408463.177252602,1208224.31748037,172272.776964664,797237.7008953,390700.4
1982,"mesopelagic fishes",4629.36356975166,2018298.62970697,10022492.8156235,477106.156020357,3871719.83241653,1769209
1982,"mesozooplankton",4.94952960058047e-135,17172315.2680815,29432028.5142877,8505664.84574976,24830574.0401666,12974200
1982,"minke whales",0.0298447772653108,6217.04635018527,108905101.441969,2067.8188302759,1581943.7265145,20640.77
1982,"orca",2279.63335715417,7452.64288318589,79624.6716466516,2872.47839379943,12981.2883393013,8846.046
1982,"other krill",340.565803122143,11187939.3211478,129168614.588602,1252412.97880796,77946271.3882984,2801248
1982,"other macrozooplankton",1283694.64986347,18078076.1370744,37417807.4811698,7465916.20427416,27183427.1933051,14743410
1982,"salps",101690.660588838,1148425.54903167,2965513.33011287,504999.531145308,2205113.25761312,961270.3
1982,"shelf and coastal fishes",1953848.48759452,5140220.93777255,24171300.9247423,3567093.47754754,6378394.36420213,4027900
1982,"small divers",10934.962133506,37072.9225109717,44753.676166108,21493.9334179845,41894.5404287867,23589.46
1982,"sperm whales",108.749296501104,724.633005874583,10191734.929236,132.478712261436,107387.355390156,16217.75
1982,"squids",70627.2339249109,155741.547415794,440526.485183293,114333.781474839,311612.811546715,221151.2
1982,"toothfishes",1050.14997843418,1218944.48154051,5016102.30815678,307888.654921624,1899601.85582702,1105756
1983,"antarctic krill",346.394225272975,12552846.9252488,770006415.827035,664658.01830189,35438930.6170112,5897364
1983,"baleen whales",1865.84649710963,509842.971165741,89513672.1706854,6004.39571039322,9963357.11692612,187241.3
1983,"bathypelagic fishes",296530.967813198,2695005.81041368,14736344.2355055,1087084.77197099,4836361.68044423,1769209
1983,"flying birds",3925.089878207,6000.50961747283,6519.1306848984,5395.93398539092,6186.68213477135,4423.023
1983,"large divers",13.3177235881517,18150.0378079543,2031496.00197521,6558.76859724168,146300.310850723,16217.75
1983,"leopard seals",1.46610607277566,3428.40782678884,15896.5426798181,1977.62910440636,4681.94095949337,2948.682
1983,"medium divers",3357.89332996436,409019.383383083,1205181.74120845,173182.168987241,797120.538605692,390700.4
1983,"mesopelagic fishes",4461.4728905892,2032705.38474776,10219268.8348175,473631.741707973,3893559.08275685,1769209
1983,"mesozooplankton",9.51790122653472e-137,17593989.6687584,30036005.3378678,8826565.50382984,25330878.1964566,12974200
1983,"minke whales",0.0143449433690447,6306.25795092075,108054150.708911,2257.41557552838,1522155.93260268,20640.77
1983,"orca",2295.13713825924,7455.38044610459,79429.9034892669,2886.93370636292,12968.3692487064,8846.046
1983,"other krill",484.117789672876,11545057.2090294,130459083.561296,1258131.06164228,80111731.1388534,2801248
1983,"other macrozooplankton",1266001.70683825,18819231.1986167,38788050.541625,7455989.35242674,28535296.7108461,14743410
1983,"salps",100765.149841464,1154757.5662301,2976677.23464646,510040.321351814,2214985.06512528,961270.3
1983,"shelf and coastal fishes",1975112.57163183,5130263.42047546,24125418.537216,3568620.75195357,6379510.91108956,4027900
1983,"small divers",10904.8101210791,37050.0102289273,44758.8622520417,21414.6328148431,41898.7124204462,23589.46
1983,"sperm whales",114.506804331732,744.794686605886,10173349.7569343,138.556516710996,107223.901704918,16217.75
1983,"squids",70155.5087524222,155457.083605205,440863.619674174,113711.86321265,311911.637781871,221151.2
1983,"toothfishes",1029.5914306078,1220710.5307197,5030539.80131775,307585.808478125,1898936.1335962,1105756
1984,"antarctic krill",296.741528757222,13050955.7495731,799856617.782934,661691.0372298,36082349.8159122,5897364
1984,"baleen whales",1890.14526289818,509458.772103048,89399436.0621928,6242.5148828947,9950870.06037617,187241.3
1984,"bathypelagic fishes",297142.760126959,2735897.22218567,15191191.0799096,1100455.61586246,4868848.41330307,1769209
1984,"flying birds",3926.00576275747,6002.19335735489,6520.38810588169,5400.59698031684,6187.97151101898,4423.023
1984,"large divers",9.80852689058441,18168.5067165834,2020646.7250211,6577.26572609234,145345.029803042,16217.75
1984,"leopard seals",1.06364573378502,3435.34770734538,15787.8674665498,1982.6281451403,4670.3702592176,2948.682
1984,"medium divers",2819.32020993804,409147.6973457,1202123.91371912,173392.683937793,796690.974026522,390700.4
1984,"mesopelagic fishes",4428.3361877972,2071639.06860609,10377756.3714944,478980.002931972,3930675.17637721,1769209
1984,"mesozooplankton",1.27130872875487e-138,17922802.182748,30181685.7321874,9285684.2983708,25421913.8454938,12974200
1984,"minke whales",0.00633188284101167,6422.68946611843,107124335.195884,2366.13020478098,1449224.21391121,20640.77
1984,"orca",2311.88762658657,7458.88403520417,79236.8080398063,2902.42753504814,12956.5257678351,8846.046
1984,"other krill",602.496271396868,11675285.4642037,129780308.180708,1319056.77594644,79936306.9985692,2801248
1984,"other macrozooplankton",1300170.21175175,19513488.4189989,39119530.0283211,7861587.66968847,29153573.0038376,14743410
1984,"salps",101669.213652461,1172176.21935716,2991372.80815387,522575.72773927,2232465.60664104,961270.3
1984,"shelf and coastal fishes",1983226.92366416,5123372.46671882,24094666.9048935,3581367.45690986,6367468.31457537,4027900
1984,"small divers",10908.9294126114,37094.2117325186,44767.0764425685,21397.0799792259,41917.8125020912,23589.46
1984,"sperm whales",120.13362928647,765.728068468268,10154998.603753,145.314263261876,107061.459362403,16217.75
1984,"squids",70229.6837478188,155345.326428774,441250.323138963,113620.292178976,312184.945118647,221151.2
1984,"toothfishes",1014.7670404881,1222441.69559304,5044160.71221496,307466.104365561,1900526.46479857,1105756
1985,"antarctic krill",246.428401543306,12989140.8190954,793121772.495402,632602.011503184,35981365.2777301,5897364
1985,"baleen whales",1911.01569458289,509075.133584979,89285329.6836493,6484.42185978457,9938396.53353677,187241.3
1985,"bathypelagic fishes",296415.601563825,2760207.91456707,15553969.4640961,1108179.72592823,4903760.08266444,1769209
1985,"flying birds",3923.18182989449,5999.07514997629,6516.90006701374,5393.66978762935,6185.61400431884,4423.023
1985,"large divers",7.20488099281673,18171.2552054009,2009843.82054915,6635.40902229475,144405.506149408,16217.75
1985,"leopard seals",0.772036984810516,3441.05178792877,15679.4810194854,1988.83597411991,4668.76546759131,2948.682
1985,"medium divers",2370.90459039021,409261.719092137,1199104.64242697,174277.750660518,796202.039529671,390700.4
1985,"mesopelagic fishes",4324.33345200197,2080015.16564175,10499575.1221735,475093.276909227,3957696.43672412,1769209
1985,"mesozooplankton",1.25394623961948e-140,17033755.4848821,28925380.9263582,7943994.47141365,24399678.4117431,12974200
1985,"minke whales",0.00278546125646228,6491.75688297955,106166658.989865,2480.58729037068,1376160.82312969,20640.77
1985,"orca",2329.07246494268,7461.86534839585,79044.8578542944,2918.53639126826,12943.999891696,8846.046
1985,"other krill",590.613829611213,11128321.0202919,128058811.476887,1211569.9417972,77482979.6503701,2801248
1985,"other macrozooplankton",1263291.26517954,18344252.0619989,37696347.2323882,7712143.54081351,27372272.5121125,14743410
1985,"salps",100347.541181995,1166013.2998553,2992808.7364459,515917.344447703,2235526.00991333,961270.3
1985,"shelf and coastal fishes",1999390.74866773,5122391.34673472,24088358.5933199,3593326.60931778,6370665.71434907,4027900
1985,"small divers",10859.562424164,37045.956730785,44767.6127880135,21315.6868210415,41915.9084524395,23589.46
1985,"sperm whales",124.42572775364,781.674864336229,10136679.888709,151.231282654546,106898.651953642,16217.75
1985,"squids",69858.9644253834,155511.964823054,441471.7801428,113662.773965354,312619.414926438,221151.2
1985,"toothfishes",993.978016017229,1224399.88119211,5057337.87921527,307043.686636542,1900560.2758275,1105756
1986,"antarctic krill",205.188055380913,13067767.0681726,790355149.910104,634897.445488849,35998278.2049768,5897364
1986,"baleen whales",1930.46887421077,508691.972918837,89171369.2588966,6726.87729996911,9925939.1453293,187241.3
1986,"bathypelagic fishes",292533.341433044,2765166.6989956,15810624.2377833,1104992.8379598,4920297.31932164,1769209
1986,"flying birds",3921.20254435306,5997.57917460731,6516.97034746935,5386.60811493197,6184.05052025733,4423.023
1986,"large divers",5.23727839827303,18186.1157046258,1999088.97539526,6682.19601219041,143570.372948224,16217.75
1986,"leopard seals",0.554733903880049,3448.0981245808,15571.3307608948,1994.09014235206,4670.32765050591,2948.682
1986,"medium divers",1983.14470837331,409333.620101111,1196095.03560784,175411.658227053,795577.096157104,390700.4
1986,"mesopelagic fishes",4136.79782156532,2069446.57443639,10566990.4140608,468361.636317002,3960451.08552253,1769209
1986,"mesozooplankton",1.19558824210286e-142,17688582.3609376,30030236.692028,9164126.51930602,25263571.3543274,12974200
1986,"minke whales",0.0011919915087236,6657.78370480921,105338523.137691,2603.05545287148,1319242.79628795,20640.77
1986,"orca",2341.07248353564,7464.96163135404,78853.8419969944,2934.98978785528,12931.6849886087,8846.046
1986,"other krill",537.846295220587,11327543.9588098,128741289.774649,1241522.82695669,78575378.7184253,2801248
1986,"other macrozooplankton",1227806.89703676,18314606.8487811,38038947.9205124,7537903.86245379,27963222.7019624,14743410
1986,"salps",99622.0509399069,1163494.79544336,2995091.62524586,518773.677703558,2235588.15820579,961270.3
1986,"shelf and coastal fishes",2011916.41361023,5119363.19598275,24097300.0002504,3596062.59489924,6384599.79230343,4027900
1986,"small divers",10807.6418048278,36995.6580432307,44768.18964424,21233.1133997602,41905.1101665541,23589.46
1986,"sperm whales",128.761125960934,800.491641844218,10118394.3546265,157.245535704011,106736.177833043,16217.75
1986,"squids",69612.1172879142,155708.961900667,441743.271803568,113587.785954774,313065.786042607,221151.2
1986,"toothfishes",972.978103154303,1226571.34216903,5070664.61470832,306619.751058382,1901851.5707696,1105756
1987,"antarctic krill",167.986811384941,12986039.5734789,768516388.833625,615246.59593242,36101267.8052763,5897364
1987,"baleen whales",1947.99016592804,508309.345882897,89057548.0306063,6968.48267400251,9913496.77026008,187241.3
1987,"bathypelagic fishes",285096.082808457,2758191.90778282,15960531.3479803,1095881.21981611,4925965.34196008,1769209
1987,"flying birds",3918.15858598607,5995.0923467176,6516.70028249381,5373.94433252749,6181.31070161529,4423.023
1987,"large divers",3.80134450492636,18197.5861191209,1988381.13279768,6731.21011093998,142646.12032818,16217.75
1987,"leopard seals",0.398811018695289,3452.90706166233,15463.5987909163,1999.86274904647,4670.4249911321,2948.682
1987,"medium divers",1660.82094257072,409467.450388125,1193112.46763012,176285.493884132,795282.106344645,390700.4
1987,"mesopelagic fishes",3875.53327764217,2046354.16574505,10578155.6250889,455880.901701374,3950479.09857498,1769209
1987,"mesozooplankton",1.09615368785723e-144,16582054.5527463,28629528.8524198,7083464.98730239,24105830.7377625,12974200
1987,"minke whales",0.000512977395341745,6809.34424276323,104692087.346016,2721.57776058792,1271843.46463352,20640.77
1987,"orca",2351.40125764484,7467.72502741218,78663.5469485672,2951.39093080107,12918.9861839226,8846.046
1987,"other krill",444.533294193075,11139839.3776671,129489329.294112,1132918.6456142,79284874.4641654,2801248
1987,"other macrozooplankton",1147319.9192453,17834111.1170097,37372023.0832464,7146507.23560935,26893707.8274545,14743410
1987,"salps",97011.0461361315,1147326.79166941,2990937.48390762,507536.368455588,2228556.29551365,961270.3
1987,"shelf and coastal fishes",2006082.86779313,5115196.82839823,24118045.8429657,3593304.28763151,6391452.57816343,4027900
1987,"small divers",10731.3410907675,36914.6523836988,44769.8699986524,21114.7657138383,41895.6803944464,23589.46
1987,"sperm whales",133.081858028085,817.628614902295,10100141.4217123,163.405817369002,106573.593033417,16217.75
1987,"squids",69179.9085370329,155999.109813531,442045.026422806,113649.673378127,312564.750607132,221151.2
1987,"toothfishes",949.727911019248,1228375.37202697,5084244.97979981,305998.347105959,1901063.98583478,1105756
1988,"antarctic krill",139.337571872726,12967227.6440289,754890768.03336,608054.511649683,36175262.1216891,5897364
1988,"baleen whales",1965.65287425309,507926.947645868,88943889.5597142,7209.35629271946,9901073.30255848,187241.3
1988,"bathypelagic fishes",273530.53764592,2732058.27166933,15976491.6593121,1077244.0107984,4896956.72016142,1769209
1988,"flying birds",3919.01668183332,5995.2795294186,6517.53157630595,5380.66254150745,6180.0074650159,4423.023
1988,"large divers",2.65409167285025,18200.6385327871,1977721.75801826,6765.51047675382,141595.668575821,16217.75
1988,"leopard seals",0.275529086601504,3457.2046162535,15355.9273024481,2005.00351949416,4670.0538587631,2948.682
1988,"medium divers",1352.6943408845,409470.203361374,1190082.576726,177183.136590754,794830.619926846,390700.4
1988,"mesopelagic fishes",3615.19836069158,2027345.11551548,10520355.3612757,446852.219523224,3922215.68175202,1769209
1988,"mesozooplankton",9.6418420904129e-147,17087399.4748387,29043486.948444,8377695.76738829,24424071.1254513,12974200
1988,"minke whales",0.000195134308160387,6835.57671459337,103786672.875397,2773.89243534305,1187020.77306425,20640.77
1988,"orca",2363.12950274206,7471.88982743816,78474.044174546,2967.63498846805,12908.2659894912,8846.046
1988,"other krill",356.145214537457,11350162.6766835,130357789.037049,1143375.68374303,80164126.0526131,2801248
1988,"other macrozooplankton",1093466.09481419,17585678.915791,36508166.6385233,7049483.45173575,26725899.8808858,14743410
1988,"salps",96332.2404132698,1149951.90044047,2987016.48905773,507294.686321821,2224129.60490235,961270.3
1988,"shelf and coastal fishes",1990734.42629171,5104353.91644179,24129281.3158306,3578916.51687841,6386522.89946816,4027900
1988,"small divers",10687.2763142698,36930.9395832785,44771.5463910906,21055.9062982884,41903.413782729,23589.46
1988,"sperm whales",136.096839136756,830.217614236499,10081922.7662727,170.096728731645,106412.346317723,16217.75
1988,"squids",69138.2682020401,155512.082063491,442084.92054211,113305.493545572,313722.577864636,221151.2
1988,"toothfishes",930.691200792426,1231465.91971753,5097777.59286897,306074.004075386,1900614.68686334,1105756
1989,"antarctic krill",118.28840028612,13258698.3808768,756607263.25198,603236.388072134,36422209.3670302,5897364
1989,"baleen whales",1982.48795484805,507545.031692406,88830379.8022147,7451.68349980155,9888666.14218888,187241.3
1989,"bathypelagic fishes",264415.105913852,2719353.43858618,15893439.3608336,1066179.17332752,4872824.40126887,1769209
1989,"flying birds",3919.45809950334,5995.8592065287,6517.99506967586,5388.5209480275,6178.36674418376,4423.023
1989,"large divers",1.83618749172094,18206.6829558516,1967109.77145711,6794.34291856388,140761.825847358,16217.75
1989,"leopard seals",0.188696603253759,3463.85322056093,15248.710372135,2009.91904403013,4668.98875499277,2948.682
1989,"medium divers",1097.58195922463,409662.703744116,1187060.44358336,178075.175303171,794365.234404484,390700.4
1989,"mesopelagic fishes",3429.5478777164,2023395.60834499,10422193.8460234,443011.389641415,3900132.19445167,1769209
1989,"mesozooplankton",8.69528573437818e-149,17472711.3614846,29580726.4586004,8828418.53204367,24885361.137289,12974200
1989,"minke whales",7.37946439090144e-05,7138.25487681741,103440988.700056,2974.30824921282,1180391.45880004,20640.77
1989,"orca",2375.07216185187,7476.19828489289,78285.1593262923,2984.04316062376,12897.9731288649,8846.046
1989,"other krill",291.400607017122,11999793.1856223,129702636.531088,1265162.28342892,80375590.2355641,2801248
1989,"other macrozooplankton",1093044.30586662,18434743.539389,37540485.0363218,7353927.54084147,27926087.1224016,14743410
1989,"salps",97146.5567982806,1164384.54257267,2987968.09336247,515958.507747874,2228798.50232124,961270.3
1989,"shelf and coastal fishes",1979696.22839947,5097231.5981468,24139897.8209165,3564748.20718298,6382501.43081731,4027900
1989,"small divers",10657.8468090102,36972.4720895687,44773.7534996396,21014.2547244516,41902.1730723939,23589.46
1989,"sperm whales",138.719636727888,849.051197933927,10063737.0415718,176.59594261391,106251.467005685,16217.75
1989,"squids",69056.7046429737,154595.868766389,441804.082206289,112883.089346716,313617.291831831,221151.2
1989,"toothfishes",914.389520932518,1232855.89544578,5111558.63454186,307014.977833496,1901208.19487633,1105756
1990,"antarctic krill",104.301269254026,13707548.4955677,786518594.40183,623571.770816645,36901183.6817638,5897364
1990,"baleen whales",1998.71509351681,507163.720258505,88717019.9457455,7695.50074609328,9876275.33108197,187241.3
1990,"bathypelagic fishes",264401.392222978,2750382.48578087,15757707.566525,1077156.50706358,4878469.42664252,1769209
1990,"flying birds",3920.14234783963,5997.01007224038,6518.2668491869,5396.77931135368,6179.65464137523,4423.023
1990,"large divers",1.27617523505568,18203.1819168409,1956547.05201423,6815.25826978719,139858.786259826,16217.75
1990,"leopard seals",0.129689147366659,3463.92591203191,15142.6354446012,2016.62787323256,4669.91969931582,2948.682
1990,"medium divers",897.230460163333,410008.057092732,1184063.68406333,178795.604344043,793832.961684611,390700.4
1990,"mesopelagic fishes",3414.19534973649,2046672.33827304,10321176.3538862,450855.705039466,3921616.13398514,1769209
1990,"mesozooplankton",8.07890467020265e-151,18424144.6740501,30976099.1889044,10028235.7798814,25997736.7919639,12974200
1990,"minke whales",2.79972923841044e-05,7397.93659724215,103040641.121025,3137.57709351298,1166245.53362478,20640.77
1990,"orca",2386.84715744306,7480.28672812234,78096.8238078782,3000.38815636314,12887.733213997,8846.046
1990,"other krill",253.613912789264,12477769.6537467,128574170.214278,1463466.37757011,80004508.4070069,2801248
1990,"other macrozooplankton",1182430.05568952,19882484.8084002,39818647.8976324,8154222.07873873,29897065.6197099,14743410
1990,"salps",100465.02165624,1192996.51178178,3002313.49087514,538718.890811451,2249733.99323342,961270.3
1990,"shelf and coastal fishes",1985865.15334464,5098715.23926843,24156944.6878086,3563137.96552436,6392367.65716603,4027900
1990,"small divers",10663.38300291,37043.8513021572,44781.5405911006,21003.8321909925,41888.639554475,23589.46
1990,"sperm whales",141.302292610791,867.908834580178,10045584.0788117,182.981528708606,106090.921122005,16217.75
1990,"squids",69302.463329857,154168.363321277,441608.562511887,112830.599369394,313785.032289904,221151.2
1990,"toothfishes",902.592764560942,1233896.30065535,5125795.96099533,307997.715481101,1905018.31836346,1105756
1991,"antarctic krill",89.1795784685726,13784493.4487517,810221412.969029,623354.230829055,36934627.7611574,5897364
1991,"baleen whales",2013.22257983635,506782.923580125,88603797.9950855,7939.65041193649,9863899.16594647,187241.3
1991,"bathypelagic fishes",268328.067194004,2790080.76655223,15609129.6290981,1097445.96813895,4906303.83774323,1769209
1991,"flying birds",3918.99028075651,5996.31136681803,6518.5518814476,5396.67129842251,6178.32820342145,4423.023
1991,"large divers",0.886064573436177,18213.9472823651,1946031.60824273,6844.7016064514,138948.300558872,16217.75
1991,"leopard seals",0.0892374481170515,3466.05662741654,15093.3712766449,2021.47154084547,4672.52672591589,2948.682
1991,"medium divers",735.197298972585,410261.48409178,1181089.18482301,179626.035297941,793652.827649946,390700.4
1991,"mesopelagic fishes",3422.9583999144,2074199.62477053,10242813.6650256,455770.402425691,3962889.95245832,1769209
1991,"mesozooplankton",6.73570142028134e-153,17013614.5080031,28755477.258495,7813545.25541684,24140563.6403745,12974200
1991,"minke whales",1.06327849620834e-05,7624.47488445872,102627881.308637,3298.79040944095,1150381.78157417,20640.77
1991,"orca",2398.47612035806,7484.2209371026,77909.0151137813,3016.67213194735,12877.340461071,8846.046
1991,"other krill",203.47789257372,11589788.2546767,125517195.599133,1355356.40592758,76523397.7043292,2801248
1991,"other macrozooplankton",1212596.33796846,18802872.3734455,38108703.2867849,8123386.3111033,27881041.3995997,14743410
1991,"salps",101758.225178163,1192629.55794543,3012394.84488018,539036.209523071,2254804.55438348,961270.3
1991,"shelf and coastal fishes",1991079.66633468,5106790.53480234,24184106.6531507,3566431.51929171,6395073.18997565,4027900
1991,"small divers",10647.3780051995,37067.9968788814,44783.9713348563,20985.0132445439,41886.325219285,23589.46
1991,"sperm whales",143.821389399934,888.034268815246,10027463.7446198,189.616217368533,105930.498101996,16217.75
1991,"squids",69482.1429360766,154184.659495084,442798.794957047,113136.135445806,313294.870586278,221151.2
1991,"toothfishes",888.626570882262,1235344.76031225,5140492.0300631,308946.108312764,1905441.20629522,1105756
1992,"antarctic krill",75.1779963463091,13662935.9885413,824662730.094936,616721.793463563,36658770.2736314,5897364
1992,"baleen whales",2026.85997687927,506402.546918829,88490723.6646179,8183.94600672682,9851539.16475805,187241.3
1992,"bathypelagic fishes",270569.484863982,2770494.9628611,15471696.5522868,1103848.35272451,4895919.90002793,1769209
1992,"flying birds",3918.6535633054,5996.03868250957,6519.32712579911,5397.29120217351,6179.72455906679,4423.023
1992,"large divers",0.60639391366146,18211.0957005377,1935563.80084292,6870.86413913586,138039.802174305,16217.75
1992,"leopard seals",0.0606202287922422,3470.64999920382,15454.3109438434,2029.74429459287,4674.19736398332,2948.682
1992,"medium divers",597.493173813884,410339.572893035,1178112.32189077,180439.024060525,792394.648270688,390700.4
1992,"mesopelagic fishes",3364.49298830222,2084104.77644988,10190361.3902594,456871.079472305,3975825.92795093,1769209
1992,"mesozooplankton",5.620529249529e-155,17601699.8368337,29654822.916554,9144703.35437381,24956298.0160945,12974200
1992,"minke whales",3.86892435799844e-06,7795.85324500186,102125936.523037,3408.17704272433,1122773.62607903,20640.77
1992,"orca",2410.46216592341,7488.55111660668,77721.7641594194,3033.15565564473,12867.4057642243,8846.046
1992,"other krill",154.622775872697,11350974.1061842,124631520.747542,1364170.88165359,75715910.1311875,2801248
1992,"other macrozooplankton",1217597.29213491,18139521.325293,37426419.8109435,7846595.48185322,27623719.0916986,14743410
1992,"salps",103086.393455477,1191872.43359502,3059416.76670605,539177.878492232,2252493.25667803,961270.3
1992,"shelf and coastal fishes",1987859.11239484,5112875.45564034,24557661.9241922,3570956.61730982,6399869.14845259,4027900
1992,"small divers",10635.0525886109,37068.4454642009,44783.0806442308,20985.0223606779,41880.2841624323,23589.46
1992,"sperm whales",146.371581061383,905.912266517713,10009376.5388619,196.489848131454,105770.673252306,16217.75
1992,"squids",69798.7332321106,154117.206488093,445651.842507757,113182.768984504,312385.672058954,221151.2
1992,"toothfishes",872.853329194801,1234838.51876434,5155656.84647515,310025.839350898,1911232.47108781,1105756
1993,"antarctic krill",65.5193763192534,13790912.6794516,909797176.125964,628830.315890305,36538392.4712184,5897364
1993,"baleen whales",2040.70401761803,506022.43708425,88377811.8174114,8428.15364276535,9839197.19924775,187241.3
1993,"bathypelagic fishes",273128.173525365,2795483.74698468,15355294.2905198,1124496.25666383,4895175.19049081,1769209
1993,"flying birds",3921.2648054778,5998.35060457303,6520.95346776529,5409.44064851539,6181.16818377953,4423.023
1993,"large divers",0.401365856917865,18232.3171502446,1925143.526585,6933.75229243668,137123.675974303,16217.75
1993,"leopard seals",0.0398412139053956,3473.04176995839,15839.4524968241,2035.81711170548,4671.02571529502,2948.682
1993,"medium divers",475.085217392629,410437.229984312,1175098.75244578,181380.735411501,790749.2866755,390700.4
1993,"mesopelagic fishes",3390.61072714613,2107821.93287746,10159424.0124436,466598.024007507,3977147.02543118,1769209
1993,"mesozooplankton",4.85150746275757e-157,18061250.4802624,30039172.9978502,10014723.7459009,25249740.4003087,12974200
1993,"minke whales",1.26228099989497e-06,7752.63867309038,101150931.172562,3331.93603285958,1062767.22821861,20640.77
1993,"orca",2423.53632488233,7494.00321375426,77535.1199942706,3050.19925749233,12858.7098325518,8846.046
1993,"other krill",124.470204328684,12044536.8410542,122737661.019886,1542532.93043118,75906551.9549441,2801248
1993,"other macrozooplankton",1297562.94968296,19376419.556311,38317404.4375554,8112499.85013518,28968394.1174417,14743410
1993,"salps",107382.385417911,1213229.4608473,3091266.92592777,553259.621085105,2259452.26080095,961270.3
1993,"shelf and coastal fishes",1979520.67246676,5119823.19545982,24979305.2521352,3572526.14145007,6401966.00725865,4027900
1993,"small divers",10673.5328392707,37143.8748000659,44782.9659490678,21077.5952924448,41881.8120664518,23589.46
1993,"sperm whales",149.080961040244,925.72522332564,9991323.07318981,203.524681382992,105612.187755311,16217.75
1993,"squids",70611.2661623556,153789.387128155,447024.949630507,113403.012931187,311867.251502003,221151.2
1993,"toothfishes",862.215738675651,1236307.48328591,5171320.63531499,311591.492147282,1911365.55173259,1105756
1994,"antarctic krill",58.4565998635889,14116717.3181592,1011493195.00852,653960.896005062,36674025.2047083,5897364
1994,"baleen whales",2053.40101551269,505643.017618075,88265037.3253853,8672.75227724803,9826869.75203304,187241.3
1994,"bathypelagic fishes",281479.768494434,2838735.21741563,15283853.7481114,1157856.00241969,4926108.22684108,1769209
1994,"flying birds",3921.73390817384,5998.82284095036,6521.9427122142,5413.54824271292,6181.03937705776,4423.023
1994,"large divers",0.270346412759345,18248.8327058246,1914769.42835183,6982.74320249369,136222.818260457,16217.75
1994,"leopard seals",0.0266913976575916,3477.83999471879,16238.0442602348,2042.02293474752,4671.72731652363,2948.682
1994,"medium divers",384.247312088767,410564.431886401,1172129.34074309,182720.723012324,788919.153236899,390700.4
1994,"mesopelagic fishes",3536.08742855799,2142332.92561545,10155594.0879276,480229.766455674,3993488.23850519,1769209
1994,"mesozooplankton",4.26188864689075e-159,18579152.6196299,30813822.5015365,10649606.2041494,25855146.364487,12974200
1994,"minke whales",4.43190914345872e-07,8004.63939644163,100813932.096023,3512.45194826611,1058371.43703068,20640.77
1994,"orca",2436.0314097163,7498.84132025423,77348.933920818,3066.91625762144,12849.2796448766,8846.046
1994,"other krill",104.256274002632,12252375.3626243,120603395.201944,1731009.07364902,74197422.721496,2801248
1994,"other macrozooplankton",1443045.28291739,20224106.3727192,39742554.2930392,8676394.17913753,30098517.8163189,14743410
1994,"salps",112799.990277349,1229052.6373416,3114487.14895701,567372.517055556,2272064.47253072,961270.3
1994,"shelf and coastal fishes",1978701.57227519,5132964.68055863,25362535.607889,3585005.26702952,6426964.50618402,4027900
1994,"small divers",10714.3065866931,37210.2172158169,44786.6669788953,21170.8177287343,41887.5207745688,23589.46
1994,"sperm whales",151.702433875952,945.362340159911,9973301.62705876,210.311697968181,105453.629174469,16217.75
1994,"squids",71402.6649622563,153949.812569179,447698.967815416,113898.221719643,312788.244267792,221151.2
1994,"toothfishes",852.766674777371,1238391.26939047,5187956.5624712,312997.756648926,1912183.55937578,1105756
1995,"antarctic krill",50.8421175852817,14107931.9511634,1030218688.12224,661709.299543939,36513096.1374317,5897364
1995,"baleen whales",2064.54172200555,505264.297107588,88152393.1338203,8917.46184838591,9814555.91031305,187241.3
1995,"bathypelagic fishes",292946.724076935,2873867.26197351,15245794.0727524,1182960.78587708,4976546.0750302,1769209
1995,"flying birds",3919.91236204219,5998.45770297872,6522.37793882495,5409.81107197667,6180.14376150144,4423.023
1995,"large divers",0.186527038946589,18258.6056470813,1904441.09908548,7008.16586041735,135341.041674489,16217.75
1995,"leopard seals",0.0183693688774595,3485.08737726169,16639.0753932634,2047.26313641423,4674.11212966671,2948.682
1995,"medium divers",317.251284562244,410936.192192129,1169215.26586673,183260.637467116,788084.282052886,390700.4
1995,"mesopelagic fishes",3658.31265956613,2167693.68062311,10209562.0711264,487927.275956802,4028718.28922225,1769209
1995,"mesozooplankton",3.59937806304205e-161,17897921.7326141,29980952.7013975,9366746.30089867,25150990.4700891,12974200
1995,"minke whales",1.65068683906477e-07,7982.54551096751,99984025.2507837,3483.85725481889,1034535.86162693,20640.77
1995,"orca",2447.63907815352,7502.74319094686,77163.1601845444,3083.13218156495,12838.8049750584,8846.046
1995,"other krill",82.5547926615651,11605317.1672844,119408601.342132,1704659.42966483,72640275.4214924,2801248
1995,"other macrozooplankton",1529165.83615404,19556260.5291195,39418190.29783,8590132.44227116,29202748.2202648,14743410
1995,"salps",115504.028018665,1221976.21389478,3127583.74076608,564153.114016574,2276442.26831424,961270.3
1995,"shelf and coastal fishes",2003995.31387557,5155352.08028038,25711550.4544576,3612870.91298289,6447574.88684997,4027900
1995,"small divers",10724.2634489933,37171.3844489858,44790.6217073941,21206.6034021865,41885.2226392522,23589.46
1995,"sperm whales",154.190862174086,964.633032871141,9955311.87154203,217.559017824587,105294.654699879,16217.75
1995,"squids",72035.5226104736,154804.548542096,447755.813597067,114868.940983456,315546.320958045,221151.2
1995,"toothfishes",839.627909412467,1239379.9285934,5205616.31553728,314153.401240735,1913783.04336063,1105756
1996,"antarctic krill",43.6500348062786,13966449.3081598,990918696.267691,672629.541234191,36294998.7365651,5897364
1996,"baleen whales",2075.62862965426,504885.874822919,88039908.1233462,9161.81721543022,9802259.94206148,187241.3
1996,"bathypelagic fishes",302272.487206079,2905586.24392502,15197471.4904388,1211558.42920948,5009429.88226349,1769209
1996,"flying birds",3921.65429636315,5999.63633617565,6523.85739044603,5415.86310932766,6180.63400161987,4423.023
1996,"large divers",0.124693638037326,18281.2471760348,1894159.46181616,7023.77791567033,134470.907245145,16217.75
1996,"leopard seals",0.0122643328282912,3489.9053284218,17062.8826794803,2050.63184438674,4674.5291127847,2948.682
1996,"medium divers",256.376591411708,411125.10973211,1166267.7156766,184076.596062394,787521.080915623,390700.4
1996,"mesopelagic fishes",3742.14829315615,2180309.6118044,10366683.6539876,500405.312982749,4043944.35805481,1769209
1996,"mesozooplankton",2.91107076652042e-163,17673617.987245,29672756.0257563,9382510.13873739,24844819.0376082,12974200
1996,"minke whales",5.62264425144785e-08,8060.01117985367,99314259.1184961,3518.42723995503,985937.885810493,20640.77
1996,"orca",2460.23823535575,7507.66520996475,76977.9705796849,3099.8379942218,12829.4830954563,8846.046
1996,"other krill",61.7671658023296,11248198.4802217,118610766.906153,1679601.18755733,72215995.8392905,2801248
1996,"other macrozooplankton",1586536.13869288,18905255.948545,38242071.3902064,8531478.80384698,28389786.7062164,14743410
1996,"salps",117995.665791554,1215668.3867591,3126898.38697681,561517.093704506,2269985.01715702,961270.3
1996,"shelf and coastal fishes",2006060.89687954,5183681.98696403,26012360.2480975,3631910.8737516,6468340.00428557,4027900
1996,"small divers",10776.9518759454,37213.4051467168,44795.4769760813,21307.9837777119,41884.4084669447,23589.46
1996,"sperm whales",156.850037746849,983.647699263248,9937355.72267903,224.470726775179,105136.985882488,16217.75
1996,"squids",72952.7004217668,155531.242450249,446528.121673231,115869.285614566,317534.241182423,221151.2
1996,"toothfishes",829.166587276103,1240670.71332259,5223916.57205957,315492.579122662,1917698.40825217,1105756
1997,"antarctic krill",37.4083468014943,13921252.0797799,917576680.263198,685682.337047084,36053300.0042966,5897364
1997,"baleen whales",2085.57620544648,504507.953625032,87927557.8344115,9406.7233461945,9789978.35483117,187241.3
1997,"bathypelagic fishes",307089.461314998,2915179.63652077,15132838.4984727,1219231.57162904,5014951.8525416,1769209
1997,"flying birds",3921.37995845882,5999.46807420692,6524.87062029771,5416.67155665935,6180.39022204565,4423.023
1997,"large divers",0.0833798349596647,18281.8716281548,1883921.14311354,7035.04359937619,133724.175926568,16217.75
1997,"leopard seals",0.00822451595279547,3492.31309287499,17483.7989166941,2054.31134350398,4678.11107623005,2948.682
1997,"medium divers",207.622401069246,411063.19134539,1163339.15351243,184801.338095963,786464.439917305,390700.4
1997,"mesopelagic fishes",3738.98816142221,2175801.41779518,10374087.3912181,504263.14147101,4038799.23344227,1769209
1997,"mesozooplankton",2.43510891829563e-165,18185636.9959514,30305389.9889141,10284723.3585491,25474555.1588639,12974200
1997,"minke whales",1.9150078556628e-08,7752.81520078953,98105590.4802522,3316.30846425681,876943.629913309,20640.77
1997,"orca",2472.68383400102,7512.38753206527,76793.2580445237,3116.41347905119,12819.9471273659,8846.046
1997,"other krill",44.5541971270622,11536411.718552,118794939.062794,1788282.3620503,72965860.5948184,2801248
1997,"other macrozooplankton",1626713.03233957,19261483.6046664,38557832.8547589,8420460.29297328,28911547.3053768,14743410
1997,"salps",120393.274618101,1212180.91919877,3115224.34972583,563743.859905828,2262366.84544377,961270.3
1997,"shelf and coastal fishes",2004972.39510789,5204161.07038533,26272649.1098996,3648199.01612602,6488761.27541365,4027900
1997,"small divers",10798.85101713,37201.8137104229,44795.6331795329,21358.536372656,41876.2945074755,23589.46
1997,"sperm whales",159.46770215912,1001.00078886886,9919431.67294635,232.339132721715,104979.322441182,16217.75
1997,"squids",73007.7214909532,156229.697661819,444513.138342062,116955.081517765,317911.460191062,221151.2
1997,"toothfishes",814.061212201666,1243173.17659421,5242917.06268692,317343.469771796,1919586.20760897,1105756
1998,"antarctic krill",32.4468311120528,13933773.8198735,848460970.928254,711098.307462153,35893148.4797505,5897364
1998,"baleen whales",2095.4386963058,504130.435619301,87815361.3261392,9651.55036141469,9777713.78608494,187241.3
1998,"bathypelagic fishes",312713.83557793,2916531.58543088,15035320.4073485,1229344.57537419,5027766.559928,1769209
1998,"flying birds",3923.10606176918,6001.31665884697,6526.10099703472,5423.63184153016,6180.86584455541,4423.023
1998,"large divers",0.0549063200220768,18284.2564582068,1873728.01678623,7055.40355257822,132756.362272204,16217.75
1998,"leopard seals",0.00543907412711388,3494.95897634423,17929.5509426036,2062.67755574559,4677.14170074886,2948.682
1998,"medium divers",166.623729579272,411185.584835375,1160398.96675533,185123.41945614,785683.754969515,390700.4
1998,"mesopelagic fishes",3810.40587386443,2183203.09930088,10408994.1762832,513593.331992471,4033192.8193376,1769209
1998,"mesozooplankton",2.06675073202146e-167,17708195.8070539,29688134.0528701,9580148.80716063,24852071.2736629,12974200
1998,"minke whales",6.36901895781527e-09,7963.47122161275,97676574.6369801,3489.68576376509,858400.866593235,20640.77
1998,"orca",2485.63219038747,7517.56086400816,76609.0815714267,3133.18835957678,12810.9258552396,8846.046
1998,"other krill",31.3661533989943,11577551.1151709,117952671.744018,1798880.25675098,72289926.0255535,2801248
1998,"other macrozooplankton",1710050.16181498,19330311.1637155,38409929.5490801,8458157.05185207,28685038.9678756,14743410
1998,"salps",122991.722346312,1212310.6677239,3098780.08287798,565456.260498505,2261653.85239755,961270.3
1998,"shelf and coastal fishes",1996194.5594157,5220902.10878574,26487188.6198593,3667139.30548055,6500091.84108434,4027900
1998,"small divers",10857.7894164697,37238.2792645093,44797.6905882923,21461.0962687776,41880.4399310122,23589.46
1998,"sperm whales",162.182090924186,1018.84128983419,9901540.47309923,240.430417744526,104822.460658241,16217.75
1998,"squids",73077.2296609753,156730.912583973,441534.485811715,117881.062271187,319416.839555101,221151.2
1998,"toothfishes",802.996018154426,1247107.95258837,5262250.24221461,319410.772800934,1921813.59894618,1105756
1999,"antarctic krill",28.103587976787,13913566.3076693,805506089.4757,737928.878259793,35778174.2956981,5897364
1999,"baleen whales",2104.12042906739,503753.503735677,87703294.7162279,9886.67595270799,9765462.96337705,187241.3
1999,"bathypelagic fishes",317314.861534386,2903734.37151433,14911918.5037576,1227741.5833748,5015689.6484973,1769209
1999,"flying birds",3922.10550159008,6000.52522021904,6526.58539163513,5422.40873287091,6180.14563150611,4423.023
1999,"large divers",0.036622386888345,18296.8805359992,1863578.18851629,7117.69607771379,131787.873199044,16217.75
1999,"leopard seals",0.0036548598284555,3498.69368304762,18370.2420165837,2068.17504972866,4681.47941187283,2948.682
1999,"medium divers",135.223234989203,411172.509736655,1157494.82976064,185422.025056521,784854.850105105,390700.4
1999,"mesopelagic fishes",3821.97596002599,2170651.27645922,10328757.1150831,516760.853163832,4024069.16373181,1769209
1999,"mesozooplankton",1.76950983503596e-169,18280417.7473173,30399927.881766,10487436.6952455,25530159.5491767,12974200
1999,"minke whales",2.18618199006919e-09,7834.39446819213,96728860.2217174,3391.20715467761,789016.698326973,20640.77
1999,"orca",2498.07719461691,7522.15382170943,76425.3569292812,3149.63832041655,12801.2786289691,8846.046
1999,"other krill",22.3145328967996,11670630.6893572,118018138.518357,1870250.87873948,72157286.7888692,2801248
1999,"other macrozooplankton",1768908.35020258,19287382.2482079,38661501.7235296,8492242.76558366,28920844.413823,14743410
1999,"salps",125572.127657615,1211505.25712402,3078345.4903234,564238.596245786,2255559.6287742,961270.3
1999,"shelf and coastal fishes",1997142.7201563,5234255.48431223,26662764.7969636,3686016.80692818,6508155.164402,4027900
1999,"small divers",10878.0864962165,37218.6421512392,44796.1481308699,21499.6948575609,41866.1584098509,23589.46
1999,"sperm whales",164.804329527147,1038.51046440541,9883680.89354406,248.745907769859,104665.248649942,16217.75
1999,"squids",72778.9064347767,157059.553371705,438355.557032337,118711.942259832,319883.192516928,221151.2
1999,"toothfishes",787.817997478222,1248653.02310459,5282050.17351703,321179.650666895,1923811.18303253,1105756
2000,"antarctic krill",23.7298128848113,13705874.8716939,792048728.102327,741679.137877272,35615887.3133886,5897364
2000,"baleen whales",2111.65945168043,503377.202901235,87591356.3530238,10116.9900725195,9753225.60876081,187241.3
2000,"bathypelagic fishes",319025.910933777,2869279.62170882,14952198.4038426,1213092.51008966,5002773.09988837,1769209
2000,"flying birds",3918.88764124698,5998.48244731091,6526.30272495205,5413.16537166858,6178.14140464806,4423.023
2000,"large divers",0.0249712715518769,18302.5838323587,1853471.47165139,7132.71504563804,130838.303654625,16217.75
2000,"leopard seals",0.00251688616771242,3504.43557208912,18803.2229585711,2073.94107383153,4686.07830362474,2948.682
2000,"medium divers",111.578466519755,411164.977793193,1154638.81915351,185597.489054445,784136.413976325,390700.4
2000,"mesopelagic fishes",3724.50277075397,2136072.88808362,10112937.3544286,510526.381519975,4012811.24474197,1769209
2000,"mesozooplankton",1.53686112418516e-171,17404358.959753,29355283.0151393,8778291.61288827,24653147.0887421,12974200
2000,"minke whales",8.16155508024856e-10,8049.38872898099,96335800.3847158,3578.74568562983,774349.07865302,20640.77
2000,"orca",2509.68634876485,7525.83644012611,76242.0449886372,3165.59011818969,12790.6830449222,8846.046
2000,"other krill",15.4394019777022,11325868.9758634,118903649.031661,1807354.04510109,72844937.1983408,2801248
2000,"other macrozooplankton",1733044.35859099,18724694.5338738,38061184.3781608,8202011.55534297,27943586.5659971,14743410
2000,"salps",124950.476202672,1188287.20037531,3056355.79426379,550936.797338311,2241456.29602445,961270.3
2000,"shelf and coastal fishes",2015622.40851056,5246922.04395047,26802760.4386798,3693413.35053912,6515806.25407171,4027900
2000,"small divers",10849.9956554049,37126.1513653024,44792.8467774801,21457.2296639628,41836.3830080059,23589.46
2000,"sperm whales",167.2904217351,1061.33032645187,9865852.60989341,256.193581125549,104507.386361601,16217.75
2000,"squids",72496.7548830415,157793.660734415,438068.590756504,119341.751201614,320616.121729227,221151.2
2000,"toothfishes",766.578820797002,1250738.97855314,5301924.15617341,322355.677694027,1925201.51842884,1105756
2001,"antarctic krill",19.2850765085567,13393264.5712637,795998235.590854,700775.748504176,35373008.3959427,5897364
2001,"baleen whales",2118.452646261,503001.495205382,87479553.2986598,10359.7914223893,9741002.89942523,187241.3
2001,"bathypelagic fishes",315223.038959202,2822167.24090653,14867960.6283294,1182644.4460311,4988687.40567593,1769209
2001,"flying birds",3915.22582338279,5994.20457365738,6525.44358436258,5395.70015593149,6174.69820494425,4423.023
2001,"large divers",0.0173250780307732,18309.3164808391,1843409.38558446,7175.06018187703,129905.693438699,16217.75
2001,"leopard seals",0.00176622626961325,3508.67331583224,19237.6851105681,2079.6654849585,4692.47402166502,2948.682
2001,"medium divers",93.1769520468753,411306.642333831,1151821.43703017,185809.670212131,783496.954064492,390700.4
2001,"mesopelagic fishes",3495.38542859294,2086733.37922687,9850750.33187027,494999.524848654,3986455.47189186,1769209
2001,"mesozooplankton",1.38637255123616e-173,16458481.0959331,28762606.1281848,7140696.78590581,24048290.7338892,12974200
2001,"minke whales",3.1802778908701e-10,8214.16534602793,95800692.0224124,3673.30052661205,751126.477642005,20640.77
2001,"orca",2520.59448033286,7528.76019092719,76059.1471224281,3181.114331859,12779.3537515018,8846.046
2001,"other krill",10.0169298769856,10742991.5746306,122801883.973184,1577106.20558017,75007378.4425379,2801248
2001,"other macrozooplankton",1586895.2020123,17426399.2811949,37066672.3821685,7377599.51704675,26443376.6440273,14743410
2001,"salps",120292.348220448,1155084.72355742,3031754.45225727,526538.783895408,2225997.43056963,961270.3
2001,"shelf and coastal fishes",2048799.95898312,5258022.57117767,26904885.9284247,3698311.44061095,6514685.64074728,4027900
2001,"small divers",10794.0044457843,36975.1572669802,44792.9199263716,21360.2645025473,41798.4583197054,23589.46
2001,"sperm whales",169.68160053369,1080.07562037828,9848055.83870198,263.434955025385,104349.086464945,16217.75
2001,"squids",72620.1275314069,158094.139071027,438132.891047531,119682.151571244,321442.20088148,221151.2
2001,"toothfishes",740.959987798274,1253147.1323615,5321254.46711625,322484.942422101,1927274.33623851,1105756
2002,"antarctic krill",15.9597153911686,13342653.4847637,900500529.280916,686358.941942077,35752614.8873627,5897364
2002,"baleen whales",2125.11264839983,502626.155938109,87367903.0825764,10604.2108982354,9728797.93804032,187241.3
2002,"bathypelagic fishes",305830.037987582,2770904.70647744,14646910.2810918,1149869.74700313,4940122.57248375,1769209
2002,"flying birds",3914.63381197086,5993.78246881595,6525.20373859719,5390.60961802471,6172.45111238194,4423.023
2002,"large divers",0.0117746307789481,18313.3145863433,1833392.29818365,7209.23793317951,128970.738440655,16217.75
2002,"leopard seals",0.00121545495284026,3512.4136995304,19688.0559250254,2089.16793428878,4697.64258474151,2948.682
2002,"medium divers",76.5399614855965,411496.096296607,1148982.77106522,186088.551045,782797.990888744,390700.4
2002,"mesopelagic fishes",3236.70429451425,2044200.08521116,9753286.4624769,481814.168298854,3946284.27500024,1769209
2002,"mesozooplankton",1.32357455093143e-175,17686430.2497783,30358612.0554963,9218580.72237631,25427486.2760581,12974200
2002,"minke whales",1.16030866396801e-10,8269.56728925599,95186906.9751836,3721.31047350729,718086.940278889,20640.77
2002,"orca",2532.04464134521,7532.25606084617,75876.8010395767,3196.88578379018,12768.7707591082,8846.046
2002,"other krill",7.13981102088399,11472690.6142954,128138401.886639,1553561.63008094,79243914.3931557,2801248
2002,"other macrozooplankton",1488274.67366954,18339556.0519314,38169422.4391661,7187225.94767993,28053881.6154223,14743410
2002,"salps",117766.236064226,1151238.78289466,3004041.84759752,520585.085523138,2221498.53434297,961270.3
2002,"shelf and coastal fishes",2058295.98860154,5253559.7143605,26959700.2557879,3694725.80466961,6507843.81573794,4027900
2002,"small divers",10758.2906106717,36880.0886179795,44798.8875649333,21291.3667430997,41786.007829422,23589.46
2002,"sperm whales",172.178118541633,1095.08577749189,9830291.88941346,271.040966032115,104191.474652453,16217.75
2002,"squids",73123.5854120642,158206.769915059,438417.379608598,119295.186398423,321563.819108512,221151.2
2002,"toothfishes",718.453505305311,1254762.38629609,5339810.513968,322088.776927227,1927603.70303002,1105756
2003,"antarctic krill",12.7767243965816,13071400.3238049,935928222.606393,647804.006021106,35966307.4947415,5897364
2003,"baleen whales",2130.89075325863,502251.340901772,87256381.376935,10848.4429409621,9716606.52495095,187241.3
2003,"bathypelagic fishes",292778.71640631,2717444.74749119,14363360.6514954,1111523.20522877,4910098.91550978,1769209
2003,"flying birds",3910.68761637644,5990.69858738501,6523.78220012877,5379.89394336596,6168.86454963805,4423.023
2003,"large divers",0.00813559305474828,18319.4861620832,1823417.95447232,7215.68535607516,128052.486341857,16217.75
2003,"leopard seals",0.000852010541160164,3517.94919914255,20123.5521248014,2094.76355174922,4694.54289698098,2948.682
2003,"medium divers",63.5016992968698,411993.4782363,1146180.88142067,186490.820311691,782360.188973656,390700.4
2003,"mesopelagic fishes",2943.48749300226,2004294.53835104,9648899.19753164,461474.345710099,3927042.92463735,1769209
2003,"mesozooplankton",1.24264822531762e-177,15878470.2643534,27859425.220829,5751495.73055674,23350001.0375925,12974200
2003,"minke whales",4.46178842602143e-11,8266.13348504569,94482982.5517812,3719.91386421063,683156.923653405,20640.77
2003,"orca",2542.72596990209,7534.94869166132,75694.8728037262,3212.43611272885,12757.4285792276,8846.046
2003,"other krill",4.87078300212169,10904306.1044259,130471294.758194,1337105.15110045,79171954.2476013,2801248
2003,"other macrozooplankton",1319764.92087215,17326234.9564505,36607813.7989735,6814047.96971519,26057847.876361,14743410
2003,"salps",111558.090315451,1130719.53056121,2971305.48867355,501026.272083652,2210110.03817677,961270.3
2003,"shelf and coastal fishes",2048051.14798421,5239778.90817095,26977521.0966636,3683944.81702221,6498474.76997045,4027900
2003,"small divers",10671.9911794467,36739.0720612006,44800.254372717,21147.3899553769,41764.2231099153,23589.46
2003,"sperm whales",174.543367382157,1112.73390425931,9812559.15161293,278.192182322707,104033.211322803,16217.75
2003,"squids",72966.7997289427,157879.126735039,438638.944612617,118549.304885101,321627.120635966,221151.2
2003,"toothfishes",694.513763164848,1256274.33557428,5357148.31263661,321190.430672744,1927339.5941987,1105756
2004,"antarctic krill",10.6827356451463,13248622.5459124,954120042.071998,646881.701931533,36222660.5876372,5897364
2004,"baleen whales",2137.49670728227,501876.553515906,87145039.6850051,11092.6730632706,9704436.99147068,187241.3
2004,"bathypelagic fishes",278640.822770743,2688644.71095389,14053197.7610353,1084613.00575438,4867561.41903898,1769209
2004,"flying birds",3914.76099506728,5993.34600299777,6524.4899139341,5388.8880307682,6172.11605617589,4423.023
2004,"large divers",0.00523641078352936,18311.7224891131,1813490.02948221,7217.42751073431,127108.285520198,16217.75
2004,"leopard seals",0.000555885787927454,3520.40054959188,20605.9722402592,2101.14933565197,4684.43106916288,2948.682
2004,"medium divers",49.9960614362373,412026.478822468,1143276.2427856,186914.540296063,782301.380552882,390700.4
2004,"mesopelagic fishes",2743.62751401074,2000859.56329927,9528615.27445373,451316.554592489,3901675.02990023,1769209
2004,"mesozooplankton",1.17541329072874e-179,17482684.4179092,29801615.9865186,9152612.65005458,24886437.067974,12974200
2004,"minke whales",1.3945293950225e-11,8342.45269120779,93919117.2041576,3805.64483500021,679707.566253532,20640.77
2004,"orca",2555.61769292361,7539.94534904532,75513.6738234372,3228.65053852344,12748.7300471102,8846.046
2004,"other krill",3.78248945985981,11548873.4385148,131869538.688648,1431342.25409801,81216490.2403893,2801248
2004,"other macrozooplankton",1284078.02966882,17745540.7528743,36631946.6423179,7057382.38179637,27244315.776079,14743410
2004,"salps",110773.74503855,1146690.94852658,2948849.5670448,514123.755621404,2210678.78819852,961270.3
2004,"shelf and coastal fishes",2033617.50570899,5222944.1923815,26939756.3624114,3659262.38396877,6477623.30156326,4027900
2004,"small divers",10678.7194243062,36845.4006655447,44804.3671187675,21174.5066705902,41750.9553038533,23589.46
2004,"sperm whales",177.295630454534,1133.45043240265,9794860.91647497,286.554333415806,103877.239017193,16217.75
2004,"squids",72438.3771296316,156415.934161535,438556.197042333,117081.08131863,320948.251872336,221151.2
2004,"toothfishes",666.109058375132,1256059.15097109,5367027.15000401,321418.525671969,1921929.56052647,1105756
2005,"antarctic krill",9.3428411487005,13627177.3510542,947353699.066247,672849.673355395,36888040.7232439,5897364
2005,"baleen whales",2143.87265142678,501502.411879496,87033834.3527519,11333.9883079427,9692281.99101531,187241.3
2005,"bathypelagic fishes",273799.809038631,2701141.53590002,14079501.7296019,1078593.90657153,4865314.09641785,1769209
2005,"flying birds",3915.48997329664,5994.55775577617,6524.03163819988,5395.00089221306,6173.27898599611,4423.023
2005,"large divers",0.00345828612918174,18320.2686986757,1803606.84914326,7261.53291187838,126180.861055975,16217.75
2005,"leopard seals",0.000370957088284993,3525.10072443723,21105.6978502607,2110.04994177483,4677.91311334925,2948.682
2005,"medium divers",40.1591440951652,411917.303220427,1140412.94749925,187057.336079065,781851.399195572,390700.4
2005,"mesopelagic fishes",2683.35662513897,2031568.54761821,9454779.68498182,457074.485638882,3915933.23746003,1769209
2005,"mesozooplankton",1.17936918900918e-181,18397548.5739836,30875329.7079682,10045543.2253167,25883390.1215453,12974200
2005,"minke whales",4.67320860974376e-12,8294.94373414199,93216406.7879181,3804.04142390124,676027.772463773,20640.77
2005,"orca",2567.80705230606,7544.22216959274,75332.9412407948,3244.74599044085,12739.2686928079,8846.046
2005,"other krill",3.42967159692863,12521193.2331506,129895642.102173,1661871.41828981,81118399.0199579,2801248
2005,"other macrozooplankton",1362420.7203582,19921110.04903,39508278.4962867,7923222.56352415,29691994.7750211,14743410
2005,"salps",113045.31009564,1179351.46242265,2961722.63579275,543392.524874723,2227210.38665901,961270.3
2005,"shelf and coastal fishes",2031919.0510468,5202305.09770486,26887862.4018815,3640539.35870702,6465105.67922672,4027900
2005,"small divers",10689.6043791274,36928.5546009337,44810.2910514497,21188.6272285388,41768.7388962998,23589.46
2005,"sperm whales",179.970794976456,1153.74822955551,9777194.02720934,294.523661932717,103721.079563866,16217.75
2005,"squids",71703.6821868963,155372.225668094,438262.737092459,116073.350184989,320331.671118412,221151.2
2005,"toothfishes",647.328891688408,1254283.86284354,5377959.42483718,321530.183214095,1921494.51425549,1105756
2006,"antarctic krill",7.9262280898463,13652751.5558633,911314460.455263,665636.675147533,36771438.9335875,5897364
2006,"baleen whales",2149.41520676674,501128.847653387,86922756.5720139,11568.7166475449,9680140.17085411,187241.3
2006,"bathypelagic fishes",274437.469294004,2719229.38611473,14444781.9350478,1081811.33447091,4868186.83437404,1769209
2006,"flying birds",3912.82789877423,5991.70346567068,6523.10467879397,5388.26375247248,6170.5559032693,4423.023
2006,"large divers",0.00232979974436212,18330.9795501018,1793767.35650303,7281.99014694244,125269.870653811,16217.75
2006,"leopard seals",0.000252358993490301,3533.06196924465,21594.5234507991,2118.08379928696,4672.77832927102,2948.682
2006,"medium divers",32.7216323775375,412159.439483806,1137590.70961683,187747.725974504,780548.201754676,390700.4
2006,"mesopelagic fishes",2654.9297653285,2046156.36381264,9565585.8799956,455293.777342769,3941320.5635866,1769209
2006,"mesozooplankton",1.04529864547411e-183,16811316.9740114,28473232.560309,7393981.86984743,23897407.6343272,12974200
2006,"minke whales",1.68490438653104e-12,8500.6986578974,92905546.2869803,4008.70868340769,672980.476273952,20640.77
2006,"orca",2579.29690564742,7547.81772380971,75152.6665522602,3260.83477311109,12729.0969609778,8846.046
2006,"other krill",2.69490858287421,11585163.8857358,126384604.424586,1533617.42463691,76988346.2529256,2801248
2006,"other macrozooplankton",1367194.43757448,18528642.0350212,37630884.0658375,7957960.60235153,27345674.1577267,14743410
2006,"salps",112888.08530523,1179823.36490904,2963353.35313057,541871.608850942,2236438.04408597,961270.3
2006,"shelf and coastal fishes",2027516.36575272,5185132.62590676,26834438.2901047,3621268.65379286,6459616.2067201,4027900
2006,"small divers",10653.8802198134,36940.078348464,44825.829356552,21133.8594699079,41750.568245335,23589.46
2006,"sperm whales",182.538806502363,1172.19204076916,9759558.37220313,302.515684799661,103564.554330944,16217.75
2006,"squids",70626.8069833633,154513.303497091,438918.448482556,115332.884781978,320853.243764152,221151.2
2006,"toothfishes",621.729877579666,1252865.65058284,5385686.57992967,321824.920534723,1920440.37277748,1105756
2007,"antarctic krill",6.65100350864692,13549857.6305409,900033166.619316,655037.383943623,36596261.2023352,5897364
2007,"baleen whales",2127.847359738,500443.546952475,86801378.1734002,11665.4998710382,9659914.17758186,187241.3
2007,"bathypelagic fishes",274252.97465277,2729798.93550257,14657237.5756168,1086125.12908971,4874214.45908353,1769209
2007,"flying birds",3911.56541373732,5990.58618878677,6522.7525206993,5384.4798099859,6169.72721158325,4423.023
2007,"large divers",0.00156066703830414,18345.3704597603,1783970.74046918,7284.93482443583,124361.75865263,16217.75
2007,"leopard seals",0.000170476743597597,3538.78483738637,22096.3575056339,2123.61982635171,4673.35721906393,2948.682
2007,"medium divers",26.5362718864878,412355.904459068,1134767.45222696,188646.950052788,779528.125228127,390700.4
2007,"mesopelagic fishes",2578.60501929115,2048615.31754495,9752495.01484537,451749.827851457,3953895.31091315,1769209
2007,"mesozooplankton",9.17204729037068e-186,17565721.3316311,29753521.006984,9019525.43175008,24991797.6628656,12974200
2007,"minke whales",5.65005540047535e-13,7161.56135706381,90277989.1740125,3050.01237130411,565014.16857751,20640.77
2007,"orca",2590.93329941111,7551.63277585143,74972.919185629,3276.88604332433,12719.2059658778,8846.046
2007,"other krill",2.06502965411184,11397963.8975539,126262101.101396,1526430.46720872,76594416.1102053,2801248
2007,"other macrozooplankton",1345476.9060448,17852676.0562681,37230555.5384794,7620373.60924547,27401167.5433747,14743410
2007,"salps",113189.708801169,1178996.20051568,2967529.04139886,542922.312776992,2235076.96476989,961270.3
2007,"shelf and coastal fishes",2021347.00781142,5167748.04382271,26783864.9522044,3611183.24124333,6451301.27054137,4027900
2007,"small divers",10622.7217227689,36927.6927034434,44869.5716938653,21086.0804607896,41725.4935150388,23589.46
2007,"sperm whales",185.164642288083,1192.14205308316,9741954.88892211,310.815231103497,103408.547491906,16217.75
2007,"squids",69834.0502357268,153927.842327677,439888.37467394,114530.543639669,320103.170061493,221151.2
2007,"toothfishes",580.966837231277,1247768.26053037,5385871.2279369,308386.27279069,1917981.78596329,1105756
2008,"antarctic krill",5.38455344913304,13411821.2283142,860321045.922143,622710.437276305,36403692.9547872,5897364
2008,"baleen whales",2132.51013591853,500071.465148396,86690585.0896502,11902.2969418207,9647811.52931646,187241.3
2008,"bathypelagic fishes",269725.740873602,2721838.71483186,14889018.7898848,1076371.42549833,4890961.34622354,1769209
2008,"flying birds",3907.11491853752,5987.19068473762,6521.51580476081,5377.71184308538,6163.91443137351,4423.023
2008,"large divers",0.00107760111961359,18354.5290935183,1774214.68264597,7305.54449522772,123695.169036767,16217.75
2008,"leopard seals",0.000118751151178232,3543.92157986584,22586.7745027028,2128.69423496423,4674.58492209589,2948.682
2008,"medium divers",21.9680332458023,412692.040883577,1132001.18482741,189129.552774845,778733.697283634,390700.4
2008,"mesopelagic fishes",2414.52586959059,2030503.80010292,9804877.63554794,437609.984153834,3955323.90153241,1769209
2008,"mesozooplankton",8.30026283589397e-188,16222551.9326249,28273808.2968826,6493963.00251267,23770827.4595218,12974200
2008,"minke whales",2.20364817051217e-13,7411.24526116101,89903074.3548775,3257.84029626614,559006.315418516,20640.77
2008,"orca",2601.487297538,7554.38522583798,74793.5557405348,3292.87553758319,12708.1925248694,8846.046
2008,"other krill",1.48107118645839,10908936.2554571,127869116.770974,1383079.38787465,78110432.8125778,2801248
2008,"other macrozooplankton",1234401.22257576,17344764.9384374,36863171.7248664,6977014.29511839,26388776.9131648,14743410
2008,"salps",109520.444762103,1152968.5817399,2964813.90561865,527752.852546141,2226645.08755948,961270.3
2008,"shelf and coastal fishes",2014519.67949753,5157993.35391266,26749755.9277305,3598524.70182792,6456990.92656382,4027900
2008,"small divers",10541.3907197629,36805.1513920944,44906.1571857429,20959.5713635245,41701.3939198712,23589.46
2008,"sperm whales",187.629922302297,1213.89308973431,9724382.08096151,319.065751227052,103251.846611942,16217.75
2008,"squids",68639.4393523714,153964.664328834,440051.033832431,114078.234213059,320421.959952999,221151.2
2008,"toothfishes",548.730735683537,1247336.29987567,5390254.92157669,302401.747060008,1915275.91498065,1105756
2009,"antarctic krill",4.46177641204444,13451334.294612,825322348.4481,613368.994240916,36755005.4169067,5897364
2009,"baleen whales",2137.36050913557,499699.785621221,86579949.5290926,12141.9448033799,9635727.16492528,187241.3
2009,"bathypelagic fishes",262512.028007135,2717379.318062,15043126.9448618,1065159.63230257,4896253.32197729,1769209
2009,"flying birds",3907.10751726377,5987.56448366874,6521.17153723703,5378.39595024145,6165.35593944928,4423.023
2009,"large divers",0.00072919417827215,18353.3719032994,1764503.86964293,7335.62163231854,123051.688037212,16217.75
2009,"leopard seals",8.09478066840864e-05,3547.09905526664,23110.5131141918,2129.41459670854,4675.04771941132,2948.682
2009,"medium divers",17.8902939223834,412782.502018692,1129211.68732229,189601.361604349,778152.506687469,390700.4
2009,"mesopelagic fishes",2265.72029811091,2020726.47850641,9751596.69601216,428224.415449008,3943795.10663149,1769209
2009,"mesozooplankton",7.85069821666286e-190,17332997.0479249,29988251.5021747,8450835.0351103,25097948.5487713,12974200
2009,"minke whales",7.82113306440688e-14,7274.38158707965,88914713.7352415,3182.30830862852,531179.854054647,20640.77
2009,"orca",2612.64027392622,7557.87121659009,74614.7464677936,3308.82964264249,12698.041173964,8846.046
2009,"other krill",1.12366949256175,11441416.9350483,131829993.251245,1369264.25902673,81153845.0829062,2801248
2009,"other macrozooplankton",1178409.70201988,17943238.0438194,37682111.0543664,6887163.59967136,27484686.405939,14743410
2009,"salps",107946.594524176,1153923.38634529,2973230.81617113,526192.727030006,2232338.14495018,961270.3
2009,"shelf and coastal fishes",2010648.50579723,5145092.01822667,26713594.9880066,3586052.87715445,6457823.04481984,4027900
2009,"small divers",10500.8137596679,36773.8715625627,44931.2252747677,20894.6508082083,41702.3177329628,23589.46
2009,"sperm whales",190.257154111029,1236.34703168847,9706841.92224364,327.375704374263,103096.16101021,16217.75
2009,"squids",68080.4889750686,153692.807351987,438749.957972739,113678.814219687,320521.412011841,221151.2
2009,"toothfishes",503.792778213832,1241751.95930324,5385422.11952785,281702.260280212,1914290.05322306,1105756
2010,"antarctic krill",3.83817776270678,13716510.0627178,830958086.403701,627748.835596732,37223801.9424295,5897364
2010,"baleen whales",2142.43813128613,499328.451412535,86469470.1134449,12381.7129138493,9623660.4044276,187241.3
2010,"bathypelagic fishes",257835.680119639,2740320.05452547,15027762.1337426,1069635.45376459,4899061.53071607,1769209
2010,"flying birds",3909.2757998516,5989.51498225622,6521.30923296839,5382.51661630538,6167.67230330723,4423.023
2010,"large divers",0.000483092067601982,18352.4080669342,1754837.73881812,7362.64540156973,122408.752924808,16217.75
2010,"leopard seals",5.39350780297542e-05,3548.44381150602,23669.2949773083,2132.49717762484,4673.00952704701,2948.682
2010,"medium divers",14.3358485555728,412820.36284384,1126396.9047766,190731.194551755,777636.263746585,390700.4
2010,"mesopelagic fishes",2210.31654702021,2040333.70355074,9652175.69976443,431732.946672302,3952159.24453833,1769209
2010,"mesozooplankton",7.26604719919911e-192,17942910.1084927,30258936.3402005,9208425.32439937,25418787.307685,12974200
2010,"minke whales",2.62870728040916e-14,7566.22177360758,88618035.096304,3436.29478469324,528098.364331243,20640.77
2010,"orca",2624.44079390523,7562.10689009454,74436.4893055978,3324.74764031104,12688.7431445454,8846.046
2010,"other krill",0.927930227236455,12199671.6740692,131623880.949583,1491735.6180298,82171424.4165317,2801248
2010,"other macrozooplankton",1210184.1484354,19362419.1514998,38855796.5763326,7534316.66112258,29116940.4364767,14743410
2010,"salps",109316.556922972,1184167.61550041,2988424.32689162,542218.649890071,2249502.61409371,961270.3
2010,"shelf and coastal fishes",2012036.00730388,5136283.01104813,26672934.4965062,3578703.86605918,6460712.10045296,4027900
2010,"small divers",10506.352591071,36822.1348724958,44958.5407774098,20900.1662343198,41700.2528173941,23589.46
2010,"sperm whales",193.053480680812,1258.94090422086,9689334.30519462,336.769634841528,102941.543035283,16217.75
2010,"squids",68071.3243868047,153417.82052409,437268.915980787,113351.448930626,320311.010124889,221151.2
2010,"toothfishes",477.61774241017,1240774.35237562,5386243.71220538,281489.466428777,1913078.44916544,1105756
