"time","species","median","q05","q25","q75","q95"
0,"antarctic krill",0.656714679835662,0.102510082309344,0.36251252124946,1.2301402482428,1.85498183372458
0,"baleen whales",0.0465854346697134,0.00904586634571687,0.0463624972923172,0.177123844507768,1.0236822849813
0,"bathypelagic fishes",0.120759111332516,0.0484322889622809,0.0826833776410687,0.167077852075972,0.229619794756869
0,"flying birds",0.000309093437863294,0.000278957333028094,0.000305038118468807,0.000314543861326769,0.000324987393057778
0,"large divers",0.000976444462101103,0.000279726084342027,0.000574832577392723,0.002312679550207,0.0180573650995265
0,"leopard seals",0.000166750317837208,8.8366692974301e-05,0.000131969790289789,0.000193181640986338,0.000238412061224986
0,"medium divers",0.021617906578405,0.00776342001781913,0.0143464812251508,0.0346597632475801,0.0468038999747643
0,"mesopelagic fishes",0.089290639479499,0.026885313120538,0.0621282188714749,0.132798950680378,0.18255125561581
0,"mesozooplankton",0.866086878208154,0.416157518266034,0.633482282159349,1.02463062766148,1.2368237233562
0,"minke whales",0.00140552387532617,0.000326838304805402,0.000689441897124831,0.00532568886087226,1.23803826807635
0,"orca",0.000458363355601939,0.000342889471960886,0.000424900397223787,0.000527358363640005,0.00103827980614175
0,"other krill",0.571931971569169,0.0692345305575974,0.257860259124933,1.56169059831736,3.98213061102844
0,"other macrozooplankton",0.920133144292221,0.384969471443334,0.74130254243841,1.12382269226912,1.39226892736789
0,"salps",0.0535456727783215,0.0196119104494422,0.0413802657652976,0.0781575920667641,0.105283709567812
0,"shelf and coastal fishes",0.250082676574386,0.126354717309401,0.215561566899283,0.284696566671583,0.321909682068567
0,"small divers",0.00194920133110052,0.00114417579888433,0.00181044677011561,0.00206949442686741,0.00221100033795398
0,"sperm whales",0.00128661757733605,0.000738172926860072,0.00105891165248545,0.00602949881420605,0.151435208781172
0,"squids",0.00719451656122539,0.00444037339414748,0.00617585820068369,0.00862823452937528,0.0151437291556737
0,"toothfishes",0.0509423096484346,0.00659028591888149,0.0299695947881686,0.0690519318688113,0.0936332048197292
365,"antarctic krill",0.675576088110113,0.10477824897303,0.375831306928816,1.24435981726898,1.87252270463196
365,"baleen whales",0.0465395860272462,0.00904692384002682,0.0463162729943056,0.176910830689559,1.02238552735145
365,"bathypelagic fishes",0.119973506549259,0.0489603264968825,0.0823227831949897,0.165533197624446,0.228867969868497
365,"flying birds",0.000309165005952301,0.000279452789719246,0.000305186372572535,0.000314604955515498,0.000325024616020471
365,"large divers",0.000975897634357313,0.000280230899565551,0.000575174825071995,0.00230988340055509,0.0179189686640309
365,"leopard seals",0.000166777931446903,8.85769514038185e-05,0.000131977518117506,0.000193236293192399,0.000238458274040336
365,"medium divers",0.0216094210574105,0.00776589558363303,0.0143331151087172,0.0346312134109279,0.0466428750184082
365,"mesopelagic fishes",0.089530368457618,0.02691921871037,0.0622471943068067,0.132176182903099,0.181370977773756
365,"mesozooplankton",0.937046528197882,0.52112110572081,0.704109354093067,1.09386293240679,1.31248369703628
365,"minke whales",0.00140457490052176,0.000327271038383313,0.000689584240498482,0.00529722467412554,1.23377327457094
365,"orca",0.000458399487312232,0.000343200141578334,0.000424973510124944,0.000527201421125323,0.00103674525722128
365,"other krill",0.625365681784528,0.0817187684495672,0.292669345219208,1.62272082969461,4.03747109457755
365,"other macrozooplankton",1.01229830765031,0.413245307127613,0.799189292520359,1.21306550653038,1.52318408332874
365,"salps",0.0548811753987467,0.0203837794743332,0.0424510034498291,0.0791692454741944,0.106003979719843
365,"shelf and coastal fishes",0.249643625255652,0.12596564763211,0.215167928981853,0.284417483469267,0.321545728524329
365,"small divers",0.00195106403184543,0.00114562030864182,0.00181239021487554,0.00207056400012721,0.00221248695291839
365,"sperm whales",0.00128597503120719,0.000738448715717805,0.00105864623314893,0.00602021975568985,0.151163208004858
365,"squids",0.00717519692568113,0.0044279917053968,0.00615734927276149,0.00860166398840918,0.0151457485933224
365,"toothfishes",0.0509714714428358,0.0066558539659319,0.0300364095896432,0.0690857613154739,0.093674739054319
730,"antarctic krill",0.694540652877641,0.108839015107683,0.390578688179034,1.25851072926733,1.88521092065301
730,"baleen whales",0.0464937987530553,0.00904787273424082,0.0462700756313904,0.176698064811091,1.02109040422313
730,"bathypelagic fishes",0.120413703520056,0.0498114924209643,0.0834174097073164,0.165740661348711,0.229548167359445
730,"flying birds",0.000309209761469152,0.000279715327354774,0.000305226894120104,0.00031459785276992,0.000325004128476541
730,"large divers",0.000975432097253015,0.000280839913005864,0.000575514834467169,0.00231000253756802,0.0177815614461322
730,"leopard seals",0.000166830046188311,8.87809844282877e-05,0.000131906906098736,0.000193289639388128,0.000238503868936063
730,"medium divers",0.0216004530656989,0.00777867518218913,0.0143197771454525,0.0346026254401855,0.0466010946376427
730,"mesopelagic fishes",0.0908348024523354,0.0273430220906389,0.0634592657925451,0.133208525147925,0.182035050520629
730,"mesozooplankton",0.929954863580646,0.507018565609845,0.706781209956169,1.08228660023157,1.29526346977191
730,"minke whales",0.00140436415475445,0.000328052241356049,0.000689870807769333,0.00526897408569672,1.22952232939836
730,"orca",0.00045842938670612,0.000343502203068282,0.000425066758922188,0.000527038612123231,0.00103519681621072
730,"other krill",0.626892086331451,0.0896370581924964,0.300387140281501,1.60076758878719,3.88206640113806
730,"other macrozooplankton",1.04225858761816,0.443045524655635,0.840474344947759,1.25910508355628,1.53195590955263
730,"salps",0.0558562910918159,0.0209964484235759,0.0434619107795265,0.0799286167694226,0.106771299486797
730,"shelf and coastal fishes",0.249557148401791,0.125937080387679,0.215061947796193,0.284274511846235,0.321380370052463
730,"small divers",0.00195355651001101,0.00114706485599308,0.00181454896677506,0.00207121993074364,0.00221321565752418
730,"sperm whales",0.00128532205123031,0.000738707707450774,0.00105837499656722,0.00601095635821462,0.150891674586283
730,"squids",0.00716439236140882,0.00442129926540437,0.0061410992315041,0.00858832932127426,0.0151469777786782
730,"toothfishes",0.0510056543970157,0.00672140544497944,0.0301023438299431,0.0690901063085451,0.093709980163359
1095,"antarctic krill",0.695384909020503,0.111213333565711,0.392863281287967,1.25680377048848,1.88064546434658
1095,"baleen whales",0.0464480776040807,0.0090485616653322,0.046223874490719,0.176485522961118,1.01979687077611
1095,"bathypelagic fishes",0.121946987982387,0.0507202744753974,0.0847047196569764,0.167483437550542,0.231013545007268
1095,"flying birds",0.000309146672962096,0.000279584200207048,0.000305172612182575,0.000314569351051007,0.000324898696931808
1095,"large divers",0.000974545558310708,0.00028173393849081,0.000575833892809836,0.00230551050441094,0.0176453012704516
1095,"leopard seals",0.000166954008766956,8.89824923540159e-05,0.000132007048092214,0.000193352459990482,0.000238524109676739
1095,"medium divers",0.0215911990391569,0.00779832510313467,0.0143059172964655,0.0345586033737445,0.0465691014926105
1095,"mesopelagic fishes",0.0919687150141431,0.0278921507159844,0.0645170211199759,0.134740407358067,0.183763376791945
1095,"mesozooplankton",0.906343802195492,0.468308119717851,0.675730295550415,1.06747271434731,1.2785077851969
1095,"minke whales",0.0014042702888404,0.000329626358374928,0.000690496942234487,0.00524099816151082,1.22528532334868
1095,"orca",0.000458442211240984,0.000343782952247099,0.000425144636830258,0.000526861111502862,0.00103360882520807
1095,"other krill",0.593672400840349,0.086052470095918,0.282867123197309,1.55013286626046,3.76586744315992
1095,"other macrozooplankton",0.997418507223005,0.443329503676456,0.822570958129939,1.21524790448584,1.4839963223953
1095,"salps",0.0558052604048282,0.0211209040808888,0.0435938615076756,0.0802893342868385,0.106943798418782
1095,"shelf and coastal fishes",0.24970006769988,0.126468841169613,0.215203035979945,0.284445267276317,0.321522308048604
1095,"small divers",0.00195448363772416,0.00114691347290588,0.00181573463093848,0.0020710988037412,0.00221315516625188
1095,"sperm whales",0.00128464891911482,0.000738931527734544,0.00105808927196797,0.00600170749662995,0.150620583536835
1095,"squids",0.00717025712618826,0.00442829268645854,0.00615067434801272,0.00859451417738769,0.0151683830459918
1095,"toothfishes",0.0510746979195483,0.00679275295562785,0.0302089531527288,0.0691199114843215,0.0937491358043662
1460,"antarctic krill",0.674965981722574,0.108641309432483,0.379685774049753,1.24416973076043,1.86019856863537
1460,"baleen whales",0.0464024151594238,0.00904896784573549,0.0461775157989326,0.17627320253515,1.01850491109678
1460,"bathypelagic fishes",0.12221098685273,0.050111036193602,0.0846854946753359,0.16794163797678,0.231339693990661
1460,"flying birds",0.000309084108905265,0.000279113825775446,0.000305069700313961,0.000314501479817782,0.000324789055445168
1460,"large divers",0.000974115620597015,0.000282532797253713,0.000575692219914303,0.00230417516206233,0.0175099221975782
1460,"leopard seals",0.00016694166567406,8.93603277855523e-05,0.000132123369903226,0.000193451789666173,0.000238516628368978
1460,"medium divers",0.0215811327576844,0.00781916723107738,0.014290192145463,0.0345366803516934,0.0465373863991756
1460,"mesopelagic fishes",0.0912477319879872,0.0276302677767889,0.0637307846062933,0.134788248088922,0.184284854228906
1460,"mesozooplankton",0.854990771825851,0.393169647387309,0.620911824544456,1.00950638638139,1.22109155013516
1460,"minke whales",0.00140432455127346,0.000331440778354398,0.000691061313541538,0.00521309483159369,1.22106215628031
1460,"orca",0.000458452391341487,0.00034405684914476,0.000425216421316482,0.000526680571888723,0.00103201628723615
1460,"other krill",0.552807912780677,0.0770434776445179,0.257180228258419,1.51869446387586,3.76233380578076
1460,"other macrozooplankton",0.922637601497585,0.403753426362226,0.758874967381687,1.13007688110267,1.39120384953225
1460,"salps",0.0545220615763944,0.0204222908293918,0.0424837660394665,0.0792082993682395,0.106059182120848
1460,"shelf and coastal fishes",0.249658825147453,0.126393365767276,0.215118918739395,0.284479895814834,0.321487020663065
1460,"small divers",0.00195213543016257,0.00114470207031634,0.00181444408396211,0.00207022258134666,0.00221125557895506
1460,"sperm whales",0.00128397058656601,0.000739140784712364,0.00105779657891193,0.00599247422820503,0.150349961176915
1460,"squids",0.00717149818972436,0.00444227133669902,0.00615470035916179,0.00860315274108938,0.0151915756109711
1460,"toothfishes",0.0511311999143086,0.00685985168847092,0.0303356572700837,0.0691447324348451,0.0937863872915554
1825,"antarctic krill",0.66946867161799,0.106234127895199,0.374045806972694,1.23848758185455,1.85503433007393
1825,"baleen whales",0.0463568059905699,0.00904989979603897,0.0461312271651726,0.17606125332997,1.01721475848451
1825,"bathypelagic fishes",0.121911594182251,0.0501121252066277,0.0844425000777118,0.167862043726987,0.230888455452776
1825,"flying birds",0.000309103369821852,0.000279331605920199,0.000305120231596963,0.000314532129191859,0.000324765734953446
1825,"large divers",0.000973725596924005,0.000283296234772101,0.000575152725206456,0.00230257026805827,0.0173752347367724
1825,"leopard seals",0.000167093611900386,8.95105343178436e-05,0.000132227196205742,0.000193439301027184,0.000238506023481037
1825,"medium divers",0.021572540480833,0.00782902812820292,0.0142847170442553,0.0345221682373501,0.0465052075867015
1825,"mesopelagic fishes",0.0908933311800954,0.027666855701988,0.0636044300867308,0.134465132837865,0.183757057994623
1825,"mesozooplankton",0.878924429303139,0.447231798124205,0.6441468282884,1.04724645916671,1.26974610007361
1825,"minke whales",0.00140411894033929,0.000332513267914933,0.00069147793977321,0.0051853494450198,1.21685307377266
1825,"orca",0.000458470068221762,0.000344345948310421,0.000425308354822312,0.000526512868123128,0.00103046463780318
1825,"other krill",0.572703841474369,0.076871138674959,0.26185551470461,1.55269088872113,3.90632497578908
1825,"other macrozooplankton",0.942887450853415,0.390075888552927,0.75342592082581,1.14499201612937,1.4380208170757
1825,"salps",0.0544026618559492,0.0203796757143043,0.042273722378477,0.0789246710933954,0.105863505397659
1825,"shelf and coastal fishes",0.249739482435727,0.126652036672597,0.215090486534286,0.284415796663895,0.32138939245309
1825,"small divers",0.00195235232950021,0.0011447343554671,0.00181492737651088,0.00207024093627644,0.00221051254096676
1825,"sperm whales",0.00128332099301656,0.000739391724429344,0.00105753525411671,0.00598326051153405,0.150079886629705
1825,"squids",0.00717297031800303,0.00444972988938419,0.00615747352498841,0.00860296503035292,0.0152076390672817
1825,"toothfishes",0.0512034629780274,0.00691062656034272,0.0304168000803547,0.0691756196731769,0.0938245812318164
2190,"antarctic krill",0.654983548515462,0.10063725677539,0.361801167139889,1.235186725465,1.86179978070512
2190,"baleen whales",0.0463112650900194,0.00905027069984174,0.0460848663528603,0.175849471001448,1.01592610480154
2190,"bathypelagic fishes",0.121143859461102,0.049768106030246,0.083799269780301,0.167487906113741,0.230596434813493
2190,"flying birds",0.000309057511176802,0.000278843388035751,0.000304984297251287,0.000314410650747621,0.000324680216457454
2190,"large divers",0.000973786056054728,0.000284239591928777,0.00057448751214702,0.00229849328560473,0.0172417406790409
2190,"leopard seals",0.000167196523142641,8.98521922015154e-05,0.000132290636774132,0.000193475521596752,0.000238498913355004
2190,"medium divers",0.0215726851927346,0.00784158988714846,0.0142783097105903,0.0345146930064028,0.0464742075877746
2190,"mesopelagic fishes",0.089962510807079,0.027070339271142,0.0629016148782405,0.133754075596066,0.1832436963792
2190,"mesozooplankton",0.830730855240272,0.342509099811916,0.587242729351836,0.995727944823605,1.21790184698857
2190,"minke whales",0.00140449879482659,0.000334933675903656,0.000692781250979359,0.00515786947206949,1.21265768041704
2190,"orca",0.000458442158924726,0.000344610688266988,0.000425371738346958,0.000526322762555328,0.00102885172229857
2190,"other krill",0.556698770874769,0.0675492820919815,0.24805638694422,1.55148418370435,3.93120418406486
2190,"other macrozooplankton",0.923352478682482,0.379428204963833,0.736417508183841,1.12316701637074,1.38815981225534
2190,"salps",0.0536161113282323,0.0196940807416886,0.0412704694292139,0.0785970355942051,0.105623803142194
2190,"shelf and coastal fishes",0.249843782926304,0.126848482699506,0.215078236012564,0.284487699197991,0.321399541852812
2190,"small divers",0.00194904089136742,0.0011412323275385,0.00181066703258915,0.00206849991521506,0.00220900362062647
2190,"sperm whales",0.00128263013634322,0.000739581047347559,0.00105724183596519,0.00597405897617795,0.149810215183524
2190,"squids",0.00718739233265426,0.00446773343870599,0.00616800426663544,0.0086221622548761,0.0152413652500887
2190,"toothfishes",0.0513321851698092,0.00692480873936287,0.0304709361700656,0.0692559619555308,0.0938517146835451
2555,"antarctic krill",0.663058957520021,0.100070221996836,0.364101889995875,1.23983116018049,1.87133615673429
2555,"baleen whales",0.0462657671525784,0.00905132248242687,0.0460387218371182,0.175638085454955,1.0146392966297
2555,"bathypelagic fishes",0.120375137993402,0.0496786102113409,0.0830135456540754,0.166536848242988,0.229915407260004
2555,"flying birds",0.00030910903679013,0.000279231234123174,0.000305105550078751,0.000314450415507204,0.000324667172722368
2555,"large divers",0.000973394587329595,0.000284909236313041,0.000574548192431728,0.00229457117114861,0.0171086323717983
2555,"leopard seals",0.000167305180559745,9.01106314844846e-05,0.000132241331216702,0.000193448740697872,0.000238479538359755
2555,"medium divers",0.0215738981858875,0.00784532409890677,0.0142722645090511,0.0345002319326109,0.0464418527436393
2555,"mesopelagic fishes",0.0896588118526256,0.0268421377680883,0.0627662713347738,0.133028886735378,0.182174238415687
2555,"mesozooplankton",0.897518350652641,0.466930957777227,0.660537313192636,1.06125382668135,1.28288149721948
2555,"minke whales",0.0014024630875847,0.000335516661897772,0.000692238655001185,0.00512705166986768,1.20847634959164
2555,"orca",0.000458469092079311,0.000344926309640926,0.00042547095207365,0.000526163569157446,0.00102733180362957
2555,"other krill",0.580039198912062,0.0702511074059338,0.262092382043991,1.5909660048452,4.08482637103602
2555,"other macrozooplankton",0.949982937176487,0.392612974468557,0.761372966412708,1.15778065463608,1.45242292625942
2555,"salps",0.0543017335264005,0.0198779654328532,0.0416326649621381,0.0788050094700292,0.105817517485002
2555,"shelf and coastal fishes",0.249520687956104,0.126819692939432,0.214837079860955,0.284161953379777,0.321127499029731
2555,"small divers",0.00195011019292986,0.00114170142488747,0.00181134980054847,0.00206935933125964,0.00220908369466317
2555,"sperm whales",0.00128199353289874,0.000739849567833636,0.00105699284054834,0.00596487932596015,0.149541139074037
2555,"squids",0.00717931898472949,0.00445516730787484,0.00615810074323477,0.00860770911425277,0.0152442120717395
2555,"toothfishes",0.0514499198144938,0.00692825563570349,0.0305170872503759,0.0693533180509277,0.0938756879072585
2920,"antarctic krill",0.673370809473626,0.0995396249621456,0.368945269910462,1.24471257944384,1.88202721608935
2920,"baleen whales",0.0462203248221619,0.00905253524920015,0.0459926602117755,0.175426989856224,1.01335417561762
2920,"bathypelagic fishes",0.120747586161007,0.0500867045211859,0.0832280911260272,0.166503467863228,0.229873637566657
2920,"flying birds",0.00030919053145088,0.000279750243679281,0.000305233171259993,0.000314508356401043,0.000324663152343457
2920,"large divers",0.000972978571626533,0.000285505106510762,0.000574569284213385,0.00229123002692823,0.0169790564410244
2920,"leopard seals",0.000167409887716478,9.0301984595379e-05,0.000132190364295374,0.00019344361565655,0.000238484409530287
2920,"medium divers",0.0215616680348512,0.00783443265827923,0.014265404699504,0.0344738600879235,0.0464093901957863
2920,"mesopelagic fishes",0.0902902135089615,0.0270280349491046,0.0634289318657656,0.133336204763283,0.182042701627687
2920,"mesozooplankton",0.875079697820492,0.420497613954652,0.642552859764087,1.03403704677598,1.25063138133077
2920,"minke whales",0.00140189236254187,0.000335455681624552,0.000691520610522144,0.00508264706790349,1.20430885488987
2920,"orca",0.000458506420448578,0.000345232116347099,0.000425593315818318,0.000526010462191461,0.00102582993279245
2920,"other krill",0.587665829977774,0.0723844154796262,0.267448784186889,1.59008032710245,4.01644478007902
2920,"other macrozooplankton",0.978815132995621,0.40759728515306,0.78187839062159,1.18051770702569,1.45414964471407
2920,"salps",0.054807757303361,0.0202026728962782,0.0421903918554561,0.0792301600376559,0.106189597341191
2920,"shelf and coastal fishes",0.249225109523782,0.127003282092656,0.214636131947765,0.283947883371024,0.321035940968872
2920,"small divers",0.00195277373875203,0.00114362794771322,0.00181382499049304,0.00207012248684444,0.00221021693064002
2920,"sperm whales",0.00128136501834227,0.000740131966078641,0.00105675307250268,0.00595571680602333,0.149272566951556
2920,"squids",0.00716123874611626,0.00444756061197098,0.00614551607438236,0.00858600805944097,0.0152333317508339
2920,"toothfishes",0.0515618561172646,0.00693526394329713,0.0306032250244461,0.0694017799947487,0.0938964107743359
3285,"antarctic krill",0.674967226178292,0.0989822536656036,0.370399489117263,1.24413914596421,1.8719840074982
3285,"baleen whales",0.0461749380999001,0.00905367541276272,0.0459466351640965,0.175216141905654,1.01207067017399
3285,"bathypelagic fishes",0.120782711464404,0.0499507948509403,0.0835580463323923,0.166526161581241,0.229971687641018
3285,"flying birds",0.000309216488702039,0.000280069395854238,0.000305285108027286,0.000314523940433759,0.00032464488466613
3285,"large divers",0.000972529708978262,0.000285448683034468,0.000573858957690241,0.00228414521646601,0.0168727222057465
3285,"leopard seals",0.000167415134918914,9.0473609797361e-05,0.000132091919917599,0.000193484756090734,0.000238490464117768
3285,"medium divers",0.0215538041723711,0.00782337188885938,0.014261731171459,0.0344470361294013,0.0463769045046225
3285,"mesopelagic fishes",0.0907813786796882,0.0270960351824684,0.0635529180936031,0.133221995067435,0.182321695410509
3285,"mesozooplankton",0.882533448004385,0.446891033708236,0.653849731773005,1.03876656835252,1.24812105907671
3285,"minke whales",0.00140109565805615,0.000335647781967262,0.000690750509062579,0.00504334708420769,1.20015506953749
3285,"orca",0.000458553319831103,0.000345518303539026,0.000425730721181207,0.000525863049635415,0.00102434340443518
3285,"other krill",0.581050498924497,0.0733909457392323,0.265594336409012,1.55903783773521,3.887596886156
3285,"other macrozooplankton",0.952220634765862,0.405209192095785,0.775415821051733,1.16012725707138,1.42455248918166
3285,"salps",0.0550078651323415,0.0203289328976834,0.0425438841461768,0.0794661575059174,0.106363746727741
3285,"shelf and coastal fishes",0.248843442645643,0.126858023798671,0.214415776573527,0.283681062939796,0.320884704919572
3285,"small divers",0.00195475986259525,0.00114568167177181,0.00181672983470729,0.00207007921716826,0.00221062983891643
3285,"sperm whales",0.00128072146159911,0.000740417924217728,0.00105651733505264,0.00594657061799867,0.149004482392345
3285,"squids",0.00714031565057179,0.00443189147630249,0.00612960592860872,0.00856068118464472,0.0152048965490244
3285,"toothfishes",0.0516487725527903,0.00694231818463226,0.0306395845075936,0.0694153071942467,0.0939096975130605
3650,"antarctic krill",0.67865474895482,0.098787169294042,0.372949342112515,1.24397764901727,1.86757211624902
3650,"baleen whales",0.0461296157926219,0.00905467276981697,0.0459006296304823,0.175005534356514,1.01078876390636
3650,"bathypelagic fishes",0.121221262550383,0.0502095840951015,0.0839964161716354,0.166596364135407,0.230237364564405
3650,"flying birds",0.000309213928814873,0.000280104111150193,0.000305288439555423,0.000314499945950301,0.000324600523518547
3650,"large divers",0.000972060612386569,0.000285328156591195,0.00057318473064181,0.00228084254102438,0.0167671438042573
3650,"leopard seals",0.000167399081057644,9.07227850225241e-05,0.000132176551094563,0.000193474973393715,0.000238480014029526
3650,"medium divers",0.0215486844978702,0.00782505295277282,0.014263730251313,0.0344212298552925,0.0463451562860035
3650,"mesopelagic fishes",0.0912195658729262,0.0273885025510068,0.0639285943620518,0.133541880248228,0.18268347569206
3650,"mesozooplankton",0.89667891568382,0.467156683168171,0.666517432628328,1.05744331128174,1.27446045595495
3650,"minke whales",0.0014008021568089,0.000336298483062996,0.000691619965891585,0.00500487471032343,1.19601492515304
3650,"orca",0.000458586818982573,0.000345800418716342,0.000425849049808866,0.000525708441968369,0.00102283366398438
3650,"other krill",0.590291783423985,0.0765445028229421,0.271857914134689,1.56862039730865,3.88499411009354
3650,"other macrozooplankton",0.970713196678256,0.406861128178219,0.780021675726903,1.17677011787179,1.46644864607202
3650,"salps",0.0552127140313415,0.0205810303453505,0.0427811602116006,0.0796672445506072,0.106388703729928
3650,"shelf and coastal fishes",0.248704174526655,0.12697757352585,0.214276711151872,0.283493383969839,0.320896579401885
3650,"small divers",0.00195567360320428,0.00114704923541035,0.00181862337122087,0.00207010318580606,0.00221013639586203
3650,"sperm whales",0.00128001382008613,0.000740681233488549,0.00105627080261813,0.00593743970279015,0.148736851119783
3650,"squids",0.00713134297386261,0.00443097058053256,0.00612598543687267,0.00854827605473487,0.0151854805916313
3650,"toothfishes",0.0516777803852108,0.00694550791909985,0.0306920754562812,0.0694221646009821,0.0939219721923754
4015,"antarctic krill",0.689383069919303,0.101128089239236,0.381754383439339,1.24857816737227,1.87087227946878
4015,"baleen whales",0.0460843519024922,0.00905570372005231,0.0458547553410887,0.174795198481264,1.00950850202778
4015,"bathypelagic fishes",0.12183318088945,0.0508655658119103,0.0847140761925969,0.167141720364632,0.230650974008484
4015,"flying birds",0.000309237647008627,0.000280110869629947,0.000305302336415066,0.000314493244145807,0.000324565790603153
4015,"large divers",0.000971202877714451,0.000285218533719209,0.000572508690197482,0.00227793252869938,0.0166621481176249
4015,"leopard seals",0.000167499630419556,9.093017029984e-05,0.000132229695133014,0.000193465502678493,0.000238471213669757
4015,"medium divers",0.0215433973193422,0.00783270373837733,0.0142541950119581,0.0343953269705335,0.0463135941137147
4015,"mesopelagic fishes",0.0919862509077667,0.0279197534626045,0.0650349674903215,0.134312396170883,0.183212582753721
4015,"mesozooplankton",0.923223041513072,0.508137454505438,0.699879046531718,1.08080268272459,1.2971824006845
4015,"minke whales",0.00140047772266151,0.000336942942134297,0.000692442099916482,0.00496676965015571,1.19188843665592
4015,"orca",0.00045862486816623,0.000346089636418123,0.000425971978125329,0.000525556921567415,0.00102133212616955
4015,"other krill",0.606160352492262,0.082271284213299,0.285579941978242,1.58267967517518,3.87216283991668
4015,"other macrozooplankton",1.00984036197349,0.422837741378903,0.812047374085861,1.22109085137928,1.51057083253562
4015,"salps",0.0556748839123005,0.0211225093348121,0.0434466592026172,0.0802747938958241,0.106859118425355
4015,"shelf and coastal fishes",0.248937456416184,0.127224101499506,0.214420657676959,0.283447536098956,0.320892365988438
4015,"small divers",0.00195611434208011,0.00114886384333798,0.00182029945222854,0.00206994258021881,0.00220964656462736
4015,"sperm whales",0.00127931010933865,0.000740948120771892,0.00105602720681804,0.00592832534359513,0.148469709712619
4015,"squids",0.00712786870012241,0.00444052947613707,0.00613135774520344,0.00853880257716538,0.0151692055589752
4015,"toothfishes",0.0516977538044256,0.00696481172923113,0.0307332086797922,0.0694330248968954,0.0939343065845282
4380,"antarctic krill",0.695511363395626,0.103633512698342,0.388085529100922,1.25033440547942,1.86788062283333
4380,"baleen whales",0.0460391449385779,0.00905677313491641,0.0458090149213371,0.174585134793345,1.00822988366214
4380,"bathypelagic fishes",0.122682791655773,0.0512780219837736,0.085603912531201,0.167808131950118,0.231191610911409
4380,"flying birds",0.000309259096762648,0.000280125615982586,0.000305351674552677,0.000314513047764329,0.000324569855554121
4380,"large divers",0.000970777930452405,0.000285121295333497,0.000571821445601692,0.00227616557452409,0.0165576973009458
4380,"leopard seals",0.000167464628488778,9.10709932244821e-05,0.000132190403063394,0.000193477119759433,0.000238488469196006
4380,"medium divers",0.0215374599254241,0.00783847391962944,0.0142380719987087,0.0343690768876653,0.0462273628245363
4380,"mesopelagic fishes",0.0931706661754831,0.0284399249077168,0.0658594887097179,0.13524754330375,0.183964307595653
4380,"mesozooplankton",0.909788550107456,0.485445553951671,0.685173802432338,1.06161421092857,1.27001028495024
4380,"minke whales",0.00139936466935327,0.000337573398108902,0.000691570100017026,0.00494596903446455,1.18777555155788
4380,"orca",0.000458670854617069,0.000346388297339816,0.000426106008317612,0.000525410611047477,0.00101984551980313
4380,"other krill",0.597604606795072,0.0850282633878626,0.283955794078565,1.55434140762475,3.77184931715669
4380,"other macrozooplankton",1.00658743703782,0.436593269094783,0.81699014096019,1.21721652949505,1.4829853765995
4380,"salps",0.0559484225635359,0.0215121532948672,0.0438647229134397,0.0805517683881354,0.107053342156205
4380,"shelf and coastal fishes",0.249055628930999,0.127504584814045,0.214609279006411,0.283548409701651,0.320946053657943
4380,"small divers",0.00195728602184679,0.00115123426531139,0.00182199204924187,0.00207025570980641,0.00220969526780115
4380,"sperm whales",0.001278613588802,0.000741223953514641,0.00105577119945581,0.00591922778871369,0.148203064942637
4380,"squids",0.00712640569361359,0.0044527282438614,0.0061356923526438,0.0085319856871999,0.0151525805630651
4380,"toothfishes",0.051724600330639,0.00700952087924318,0.0307782057666841,0.0694504791627333,0.0939474864956497
4745,"antarctic krill",0.688983580276764,0.103569981032076,0.383936806043677,1.2468415606761,1.86129949109586
4745,"baleen whales",0.0459940062101489,0.0090574993378119,0.0457631137264209,0.174375280729582,1.00695281115659
4745,"bathypelagic fishes",0.123712783533957,0.0517918284141508,0.0863634806658082,0.16931951811763,0.231852370206135
4745,"flying birds",0.000309200031369867,0.000280130055633005,0.000305310323002682,0.00031444440862319,0.000324444446091589
4745,"large divers",0.000970434516837554,0.000285560632938086,0.000571201282115441,0.00227385640836493,0.0164541298752826
4745,"leopard seals",0.000167457834470594,9.1255933277701e-05,0.000132208892948787,0.000193535915068904,0.000238543507383829
4745,"medium divers",0.0215305464167392,0.00785644801384744,0.0142303249715222,0.034287655684556,0.046169262540329
4745,"mesopelagic fishes",0.0936164906404021,0.0287932724904724,0.0662556721231405,0.136237956647156,0.184626118432545
4745,"mesozooplankton",0.887552931522862,0.449331223946215,0.65632064398458,1.04911163359267,1.26352916778222
4745,"minke whales",0.00139945224136269,0.000338613188282812,0.000692832298065369,0.00492914533991917,1.183676104097
4745,"orca",0.000458685456195716,0.000346667659961703,0.000426212272893025,0.000525247459664795,0.00101831143085418
4745,"other krill",0.574057742003128,0.0812841609151974,0.269478065092279,1.53226033681259,3.73998244158811
4745,"other macrozooplankton",0.970421672737051,0.4222738392117,0.793383438629513,1.18188217190996,1.45430094430091
4745,"salps",0.0555258192818959,0.0213135968830829,0.04349640526886,0.0802781750287046,0.106811803278384
4745,"shelf and coastal fishes",0.249397681572233,0.128147593939929,0.215029486541371,0.283916290849216,0.321345935388248
4745,"small divers",0.00195577836716118,0.00115120282151773,0.00182096595614223,0.00206950984019064,0.00220855562651
4745,"sperm whales",0.00127789250018998,0.000741474335465344,0.00105549823590874,0.005910144230116,0.147936845944165
4745,"squids",0.00715300397893364,0.00447938977183747,0.00615884122250077,0.00855615543036713,0.0151629884913232
4745,"toothfishes",0.0517509253253333,0.00705931476923103,0.0308449910304208,0.0694788877409261,0.0939598516691482
5110,"antarctic krill",0.682226228866149,0.102247661686784,0.379030803690832,1.24724340592368,1.85954591184355
5110,"baleen whales",0.0459489300457642,0.00905800571031723,0.0457172258925246,0.174165660664423,1.00567731901502
5110,"bathypelagic fishes",0.123966466014074,0.0520071245282103,0.086461192254719,0.169964781917952,0.232252643253333
5110,"flying birds",0.000309134373278429,0.000280005355695826,0.000305210451655739,0.000314396134012074,0.00032435805768005
5110,"large divers",0.000968907457276949,0.000285561164130507,0.000570617089739774,0.00227150163557168,0.0163513009255346
5110,"leopard seals",0.000167510543107119,9.15227372207774e-05,0.000132350642841927,0.000193580855186371,0.000238604209925332
5110,"medium divers",0.0215256379232957,0.0078688245652139,0.0142198348332961,0.0342506763364864,0.04606339710219
5110,"mesopelagic fishes",0.0932155777690021,0.0288078468717565,0.0659794012358605,0.136395782449203,0.185053668381293
5110,"mesozooplankton",0.897533270714092,0.465060941612016,0.664394924882103,1.06351571422481,1.28438911203642
5110,"minke whales",0.00139975827326392,0.000340284926033492,0.000694579339323241,0.0049124829451542,1.17959008576024
5110,"orca",0.000458680722814027,0.000346931510003607,0.000426309384239005,0.000525074368036297,0.00101675380117057
5110,"other krill",0.576990615773815,0.0794581281200092,0.264728091175547,1.5584202376725,3.83445793664086
5110,"other macrozooplankton",0.969760914999036,0.411435412758937,0.783809054104559,1.18373730398958,1.46787000871095
5110,"salps",0.0550431422865559,0.0210058619342015,0.0430362098460662,0.0800201579656144,0.106658567862029
5110,"shelf and coastal fishes",0.249993701434766,0.128848487641984,0.215600765645389,0.284429385178885,0.321719777230139
5110,"small divers",0.00195271889573536,0.00114948971968455,0.00181782980699019,0.00206876740128349,0.0022075847381416
5110,"sperm whales",0.00127715661422399,0.000741735986538585,0.00105522036493283,0.00590107545116882,0.147671078369742
5110,"squids",0.00718575848259954,0.00451397041109964,0.00617844913826005,0.00859071496129872,0.0151943435777708
5110,"toothfishes",0.051779148638501,0.00710414697650954,0.0309128991758597,0.0695143419931892,0.0939813386415872
5475,"antarctic krill",0.678007387318415,0.101200527111302,0.37698205727851,1.24265630318996,1.8578867486638
5475,"baleen whales",0.0459039021851099,0.00905895868104508,0.0456715003132139,0.173956393641932,1.00440359069569
5475,"bathypelagic fishes",0.123999797986108,0.0524740410016867,0.0865987845706082,0.170075184510429,0.232475842895259
5475,"flying birds",0.00030920158122332,0.000280183938015968,0.00030531603761377,0.000314420976162953,0.000324369883662266
5475,"large divers",0.000968406547655364,0.000285658607361483,0.000569977583885785,0.00226918276124724,0.0162542295001862
5475,"leopard seals",0.000167528957343958,9.17950146185077e-05,0.000132430557006581,0.000193622810790176,0.000238660816662735
5475,"medium divers",0.0215023630274852,0.00785918132389467,0.0142312110701373,0.0342208647352542,0.0458943624411753
5475,"mesopelagic fishes",0.0931984106854969,0.0289920976758205,0.0662405568242851,0.136304286886672,0.184897762609672
5475,"mesozooplankton",0.874146380457518,0.430122003529246,0.642420698343538,1.03669290328208,1.25050176267574
5475,"minke whales",0.00139648070463033,0.000341157439419145,0.000695323414631764,0.00489564220896849,1.17551766820562
5475,"orca",0.000458707001736244,0.000347234568966659,0.000426421352612526,0.000524919745315631,0.00101525489271979
5475,"other krill",0.574068293521892,0.0769159501694344,0.262983702480811,1.55801005909029,3.8620488155737
5475,"other macrozooplankton",0.964789559132523,0.407319810173152,0.781003642560708,1.17478697521179,1.44662196466552
5475,"salps",0.0549373816319867,0.0208136288825548,0.0428386952047798,0.0798991288165805,0.106439248431532
5475,"shelf and coastal fishes",0.250455377099091,0.129411554171132,0.216095397727302,0.284787056222825,0.321906213453686
5475,"small divers",0.00195217884970561,0.00115044822394218,0.00181756090484396,0.00206857596232016,0.00220685560584173
5475,"sperm whales",0.00127645192530023,0.000742018985576677,0.00105496211301653,0.00589202649594749,0.147405864876408
5475,"squids",0.00720933918265861,0.00453975413307355,0.00620316210114415,0.00860546360336677,0.0152148201623522
5475,"toothfishes",0.0518265992704318,0.00717094824137928,0.0309997229146508,0.0695577883351728,0.0940076122940697
5840,"antarctic krill",0.665673502753405,0.0983227086857656,0.368117567110795,1.2381649668463,1.85510781160008
5840,"baleen whales",0.0458589421602169,0.00905919809619564,0.0456256775017326,0.173747266701871,1.00313130074709
5840,"bathypelagic fishes",0.123313183261453,0.0516604120926082,0.0855091560598431,0.169446034083894,0.23204066218069
5840,"flying birds",0.000309089113036432,0.000279634903720195,0.000305147202820139,0.000314302673343629,0.000324242236002666
5840,"large divers",0.000967592410731349,0.000285658904337126,0.000569475156438308,0.0022657104148006,0.0161634505599936
5840,"leopard seals",0.00016758989016413,9.18839241523877e-05,0.000132528077018947,0.000193582679572488,0.000238720251443355
5840,"medium divers",0.0215027827531131,0.00785827114529554,0.0142414428913761,0.0341934127375928,0.0457296480131078
5840,"mesopelagic fishes",0.0920484116985231,0.0284039205177749,0.0650873830732585,0.135396443156327,0.184622485468238
5840,"mesozooplankton",0.874045069912646,0.423620986939315,0.638598672069251,1.03929704903584,1.26121309900582
5840,"minke whales",0.00139718296070009,0.000342881478008091,0.000696308333109036,0.00487910813098424,1.17145843515946
5840,"orca",0.000458693239006117,0.000347524967286624,0.000426485752929123,0.000524739473269108,0.00101368917311674
5840,"other krill",0.564605414208272,0.0723587048659354,0.254754260005851,1.55695125243922,3.91202960535239
5840,"other macrozooplankton",0.938466549084764,0.395001174676804,0.759484353221456,1.14710682426692,1.41692834432889
5840,"salps",0.0542062868141626,0.0202775601393655,0.0420449175808899,0.0792664104995354,0.106099727328252
5840,"shelf and coastal fishes",0.250779653514239,0.129664281436774,0.216352843017221,0.285132451349785,0.322155773901036
5840,"small divers",0.00194881928713485,0.00114714682846745,0.00181267157648755,0.00206780495301986,0.00220573823481262
5840,"sperm whales",0.00127570431875174,0.000742270863132523,0.00105465774586092,0.00588298900211892,0.147141033793158
5840,"squids",0.00723541029950169,0.0045550225514617,0.00622694692912954,0.00864017587655282,0.0152532547765499
5840,"toothfishes",0.05185294956328,0.00721757413759544,0.0310664086024886,0.0695998929483236,0.0940383339572108
6205,"antarctic krill",0.656239490141277,0.0954222930968082,0.361733431142298,1.22922506961019,1.85263890660916
6205,"baleen whales",0.0458140303623253,0.00905951142847236,0.0455799506996966,0.173538431999004,1.00186067269319
6205,"bathypelagic fishes",0.121427191427828,0.0495638947460957,0.0834644870287221,0.167438062185774,0.230145256925155
6205,"flying birds",0.000309019898499933,0.000279188193702509,0.000305068842867381,0.000314216541319598,0.000324092633849837
6205,"large divers",0.000967405223542015,0.000285815348363659,0.000569212220375959,0.00226175187996111,0.0160728987960589
6205,"leopard seals",0.000167577295731863,9.21489169205518e-05,0.000132541969054073,0.00019352108869991,0.00023876235840207
6205,"medium divers",0.0215004071237141,0.00785066383028451,0.0142486100979258,0.0341642758312978,0.0456651139327969
6205,"mesopelagic fishes",0.0899116730621354,0.0270535018608896,0.0627748129376159,0.133243102919916,0.183198485875512
6205,"mesozooplankton",0.866482773297139,0.416505426691568,0.633260543213605,1.02534505097455,1.23670544601048
6205,"minke whales",0.00139671071797251,0.000344445413546,0.000697658694064985,0.00486236277948733,1.16741259209927
6205,"orca",0.000458705426895544,0.000347827368605919,0.000426575674068027,0.000524571445238287,0.00101217107223216
6205,"other krill",0.572132590667595,0.0705434859711974,0.25784350719547,1.56175294342935,3.98725160442875
6205,"other macrozooplankton",0.919668597194908,0.384976367235428,0.739016958957133,1.12183208685344,1.39047784038803
6205,"salps",0.0536491718708405,0.0199256993218118,0.0415068899576282,0.0784379763768702,0.105424751799503
6205,"shelf and coastal fishes",0.250370196681541,0.128762009667424,0.215972942086475,0.284905790307021,0.321830233193558
6205,"small divers",0.00194495630994004,0.00114429382137529,0.00180883454711987,0.00206675054595754,0.00220385852582585
6205,"sperm whales",0.00127497523063713,0.000742534547017574,0.00105437475765889,0.00587396971431205,0.146876717172562
6205,"squids",0.00723148694660836,0.00455140361663877,0.00621246273101087,0.00863360441208815,0.0152717620836052
6205,"toothfishes",0.0519295571116077,0.00723402468477897,0.0311501302348704,0.0696438035744333,0.0940557539665964
6570,"antarctic krill",0.648889524132292,0.0921714314602928,0.354568278464178,1.22403885804333,1.85302191354952
6570,"baleen whales",0.0457691788967889,0.00905969040695984,0.0455342591743848,0.173329848189994,1.00059164967911
6570,"bathypelagic fishes",0.119171275304724,0.0480580696686271,0.0817116113807359,0.164780966029278,0.228848803106406
6570,"flying birds",0.000308974905308909,0.000278653690891636,0.000304951864857658,0.000314092108148392,0.000323915749401977
6570,"large divers",0.000966573506606749,0.000286195069885925,0.000569032772250672,0.00225778336860062,0.0159829727344285
6570,"leopard seals",0.000167589833056588,9.24120323832395e-05,0.000132553874318872,0.000193637643668282,0.000238764818100987
6570,"medium divers",0.0214821938221631,0.00785343521480123,0.0142551081322821,0.0341057156827013,0.0456181087010662
6570,"mesopelagic fishes",0.0878605865472313,0.0262087378209663,0.0606084979559359,0.131359833675424,0.181701461605738
6570,"mesozooplankton",0.848361540159251,0.376737819917094,0.609852937914815,1.00952480129623,1.22971148170071
6570,"minke whales",0.00139471398420472,0.000345485828922508,0.000698962492212036,0.00484578339411487,1.16338004392055
6570,"orca",0.000458712066855401,0.000348112548668372,0.0004266486544383,0.000524377224260108,0.00101063360506215
6570,"other krill",0.570105070703144,0.0671925250109708,0.256977346092192,1.56817935546816,4.03694493466476
6570,"other macrozooplankton",0.904314872066497,0.373802583647362,0.721775662714328,1.09929093263111,1.36673981445808
6570,"salps",0.053115102181141,0.0194866786601537,0.0408206839944837,0.0778441909610415,0.104929674193622
6570,"shelf and coastal fishes",0.249631254748068,0.127543181169014,0.215166839472927,0.284441037785613,0.321343618818143
6570,"small divers",0.00194139133250717,0.00114031325291646,0.00180405101274005,0.0020658550408212,0.00220228212397268
6570,"sperm whales",0.00127423056642952,0.000742786754681897,0.00105407093131213,0.00586496475935241,0.146612842344998
6570,"squids",0.00721333760645918,0.00453484335016591,0.00619129268087646,0.00862531560485246,0.0152916645440213
6570,"toothfishes",0.0519039129150918,0.00723771830925815,0.0312054286267503,0.0696702828239559,0.0940623962012077
6935,"antarctic krill",0.66758155419679,0.0934681880628831,0.364946863847635,1.24164689193745,1.87689102536304
6935,"baleen whales",0.0457243809352028,0.00906035449306338,0.0454887381763993,0.173121629832474,0.99932441188781
6935,"bathypelagic fishes",0.118242153443954,0.0481010635434076,0.0812825454802031,0.163274558696969,0.228385736677279
6935,"flying birds",0.000308993364240256,0.000278768721834222,0.000305006032118281,0.000314110588847316,0.000323934901238204
6935,"large divers",0.000966361744419651,0.000286711319052368,0.000568833463680246,0.00225385666800236,0.0158934753727322
6935,"leopard seals",0.000167691924662792,9.25707107320887e-05,0.000132618093940865,0.000193699440835079,0.000238759660877161
6935,"medium divers",0.0214784495099595,0.0078595244592219,0.0142630968849777,0.0340601337485157,0.0455717565210205
6935,"mesopelagic fishes",0.0877729938001882,0.0259801734845588,0.0612039540023123,0.130966081034478,0.181053760211471
6935,"mesozooplankton",0.920232864947703,0.49052431553018,0.684017617650697,1.08926774857085,1.31268181789886
6935,"minke whales",0.00139398850591529,0.000345873805254555,0.000699223271419559,0.00482924824270625,1.15936099048694
6935,"orca",0.000458723988203639,0.000348403893999286,0.000426733424763972,0.000524196630195969,0.00100912569626244
6935,"other krill",0.620197991518303,0.0736118791129687,0.284420346619818,1.63857161184871,4.18322095005582
6935,"other macrozooplankton",0.988290775151523,0.395706333965896,0.774242051123779,1.19000325202479,1.50035160415696
6935,"salps",0.0541891807742554,0.0201424578172063,0.0416090699087303,0.0785103980891462,0.105488441626291
6935,"shelf and coastal fishes",0.249086101794738,0.126985180215036,0.214424545399693,0.283954794340611,0.320937072142979
6935,"small divers",0.00194067121449336,0.00113897433809145,0.00180313623352014,0.00206559176376943,0.00220193698673284
6935,"sperm whales",0.00127350414568029,0.000743051598213431,0.00105379012396789,0.00585597808678041,0.146349484306137
6935,"squids",0.00719053107416687,0.00450683784474287,0.00615734257288708,0.00860217658472251,0.0153065461606732
6935,"toothfishes",0.0518917715107631,0.00724917074180369,0.0312568321175905,0.069686667820679,0.0940590731403949
7300,"antarctic krill",0.673924928481862,0.0929070924330672,0.366887688502657,1.24957195773772,1.88869052574776
7300,"baleen whales",0.0456796415994752,0.00906076439955133,0.0454433369094079,0.172913630400481,0.998058731869113
7300,"bathypelagic fishes",0.118155231574171,0.0479794812499963,0.0811214069946867,0.163626909413327,0.228787111855196
7300,"flying birds",0.000308972943325424,0.000278517815281348,0.000304936154651819,0.000314049486637989,0.000323830005088924
7300,"large divers",0.000965643790218318,0.00028724644202216,0.000568719178432744,0.00225185748309081,0.0158045875781861
7300,"leopard seals",0.00016779915736297,9.27071222223098e-05,0.000132642906581614,0.000193694813644517,0.000238747431678423
7300,"medium divers",0.0214756799121731,0.00786717020825584,0.0142611599909584,0.0340289659219309,0.0455251369562931
7300,"mesopelagic fishes",0.0880466273375287,0.0256555076555771,0.0611295004821979,0.131136500953328,0.181588673505237
7300,"mesozooplankton",0.858757626555359,0.374162614467981,0.619601283601779,1.01671935182798,1.23051948296758
7300,"minke whales",0.00139413315808864,0.00034672638365271,0.000699543236465318,0.0048128141398093,1.15535512342498
7300,"orca",0.000458734241929174,0.000348683867558532,0.000426807567626072,0.000524003976558328,0.00100760460824366
7300,"other krill",0.592100872920856,0.0728258809969159,0.274082281994841,1.59949616371463,4.06264243051903
7300,"other macrozooplankton",0.962817795062328,0.399876510143173,0.776878772275215,1.17032095905173,1.42686810379684
7300,"salps",0.0542019978472123,0.0201174997611623,0.041705200469291,0.0786883723661564,0.105808411190243
7300,"shelf and coastal fishes",0.248628365744096,0.126667174942574,0.213661976809299,0.283487966837092,0.320502078809873
7300,"small divers",0.00194074427619801,0.0011365989634841,0.00180219576014716,0.00206535157217242,0.00220150275609102
7300,"sperm whales",0.00127276713977691,0.000743306931396092,0.00105349521150858,0.00584700589051436,0.14608656905274
7300,"squids",0.00717119027916359,0.00448404878845636,0.00612169700137046,0.00858252656299656,0.0152984559445983
7300,"toothfishes",0.0519132832296841,0.007265432225362,0.0312819341948077,0.0696577635183779,0.0940409413013328
7665,"antarctic krill",0.690049064997769,0.0952042366267282,0.377504300503582,1.25569706523754,1.89546991834575
7665,"baleen whales",0.045634949351209,0.00906185112470544,0.0453981532169772,0.172706018172847,0.996794863403913
7665,"bathypelagic fishes",0.118943861028273,0.0486424177121979,0.0820667599419923,0.164553575892469,0.229216155859092
7665,"flying birds",0.000308996895194045,0.000279061872479872,0.000305089774530728,0.000314121447879483,0.000323981771175869
7665,"large divers",0.000963626987493508,0.000287551816110256,0.000567951166295087,0.00224640400318755,0.0157159606447222
7665,"leopard seals",0.000167818829395717,9.28929532931487e-05,0.000132748124188697,0.000193675053652808,0.000238729904244252
7665,"medium divers",0.0214587264687565,0.00786471006575918,0.0142586673087922,0.0339963197080846,0.0454798713200372
7665,"mesopelagic fishes",0.0893368269964015,0.0260049698367996,0.0625931254754672,0.132180201752823,0.182530326666444
7665,"mesozooplankton",0.937189365692903,0.525278015255605,0.7063380968868,1.09848621216394,1.31376895736675
7665,"minke whales",0.00139384431884552,0.000347572000550119,0.000698479289025272,0.00479096335664391,1.15136269514476
7665,"orca",0.000458758828665726,0.000348990735624584,0.000426915720503772,0.00052384977754221,0.00100614824614272
7665,"other krill",0.616028339533487,0.0789502108027072,0.289268022365877,1.60381426451073,3.9938878648416
7665,"other macrozooplankton",0.989899684533887,0.418392686661741,0.800655829522226,1.20452207515282,1.50332222182987
7665,"salps",0.0555522553610897,0.0210723091665503,0.0428457497686676,0.0795227374385328,0.106538830043544
7665,"shelf and coastal fishes",0.248124878559834,0.126680701454758,0.213114576227126,0.283190063253747,0.320165182749994
7665,"small divers",0.00194425191120917,0.00113839163802747,0.00180645769920674,0.002066416934165,0.00220161827187576
7665,"sperm whales",0.00127207138183252,0.000743589258194313,0.00105325372121549,0.00583805398323887,0.145824214603921
7665,"squids",0.00714333671106031,0.0044684039668843,0.00609274764042139,0.00855758269420421,0.0152818581493136
7665,"toothfishes",0.0519259290946759,0.00728487940075764,0.0313192883553142,0.0696141321304159,0.094016127310319
8030,"antarctic krill",0.706830523337769,0.0998115370652446,0.390379517650781,1.26472933762631,1.89910471761054
8030,"baleen whales",0.0455903175501649,0.00906285551433441,0.0453530099234012,0.172498646788081,0.995532582288677
8030,"bathypelagic fishes",0.121181654610311,0.0499372285142545,0.0838717703081749,0.166332481970066,0.230797050531493
8030,"flying birds",0.00030902077633319,0.000279370849354075,0.00030513032108616,0.000314149787087681,0.000324000648974773
8030,"large divers",0.000963056670827646,0.000287845560819751,0.000567257215997113,0.00224647218285005,0.0156279586135788
8030,"leopard seals",0.000167856632184938,9.29953970326364e-05,0.000132815346699596,0.000193709538084801,0.000238640744039559
8030,"medium divers",0.0214405467303681,0.00785840398274261,0.014251673482751,0.0339641501233246,0.0454350661401089
8030,"mesopelagic fishes",0.0911774349876605,0.0266314185359138,0.0644719882645123,0.134414976328516,0.184168816722312
8030,"mesozooplankton",0.929693492991749,0.504897720408501,0.705281286320687,1.08165315426802,1.29497499353104
8030,"minke whales",0.00139360347700348,0.000348292599042358,0.000696418519454856,0.00476910160140389,1.14738340535175
8030,"orca",0.000458784421012783,0.000349293206719929,0.000427017809422955,0.000523687781100785,0.00100467857378522
8030,"other krill",0.621976642697328,0.0872112063422856,0.299694043842647,1.59424301160067,3.88780698849942
8030,"other macrozooplankton",1.03737432917974,0.445945527407882,0.831214468647215,1.25084269326481,1.54134673041324
8030,"salps",0.0563450305493031,0.0216375641518782,0.0437696345690972,0.0804325381274431,0.107361455053482
8030,"shelf and coastal fishes",0.247996247902409,0.127058708724447,0.212935924123375,0.283084774178881,0.320319666972093
8030,"small divers",0.00194678382332673,0.00114017790780466,0.00181058122308119,0.00206685327404767,0.00220146254685525
8030,"sperm whales",0.00127137230158881,0.000743866868645,0.0010530061296625,0.00582911759483231,0.14556231697288
8030,"squids",0.00713462114045944,0.00446233278899262,0.00608385673447241,0.00853788462144133,0.0152766670752148
8030,"toothfishes",0.0519413979942626,0.00729999890759308,0.0313574722221599,0.0695763668311985,0.0939932547923456
8395,"antarctic krill",0.705128581355574,0.101319850792083,0.393681069558755,1.26414885333065,1.88946195143736
8395,"baleen whales",0.0455457508009798,0.00906360245022733,0.0453078897283435,0.172291488563226,0.994271839867477
8395,"bathypelagic fishes",0.123298593900553,0.0510771763596913,0.0857956285978815,0.169224985086002,0.232926442143298
8395,"flying birds",0.000309003239192308,0.000279272012833524,0.000305080522143865,0.000314097786838255,0.000323941591046969
8395,"large divers",0.000962728021183092,0.000287937295324191,0.000567114782508359,0.00224366625756302,0.0155407315066633
8395,"leopard seals",0.000168024515623897,9.29093427509297e-05,0.000132890362526262,0.000193651084306609,0.000238402332650145
8395,"medium divers",0.0214310552068195,0.00786394317204446,0.0142339175297115,0.0339332400263505,0.0453746172517263
8395,"mesopelagic fishes",0.0928419754207615,0.027374977906509,0.0657968662948031,0.136420741578666,0.185750182960677
8395,"mesozooplankton",0.905217344736672,0.465967491737298,0.674995347176036,1.06492968798958,1.27807133197969
8395,"minke whales",0.00139381378688646,0.00034987077038731,0.000694603516937062,0.00474771729602948,1.14341715871215
8395,"orca",0.000458804621657638,0.000349573956423126,0.000427099341780743,0.000523501710791708,0.00100317049634677
8395,"other krill",0.592785362694277,0.0864696888212159,0.283421680955707,1.55186057638437,3.77866207934769
8395,"other macrozooplankton",1.00015983167249,0.441025003991239,0.81980956075162,1.21603873765249,1.48339470424045
8395,"salps",0.0561475467241754,0.0216829423442365,0.0439790711484758,0.0807161707682795,0.10753843010989
8395,"shelf and coastal fishes",0.248569757676848,0.127957424352002,0.213278818159021,0.283288785336989,0.320895070531511
8395,"small divers",0.00194733789184114,0.00114037585953582,0.00181266414593315,0.00206701067498594,0.00220134234076263
8395,"sperm whales",0.00127065706741989,0.000744130832836979,0.00105273651753172,0.00582019549765067,0.14530084950787
8395,"squids",0.00714921088976462,0.00448544572652047,0.00610004224774041,0.00855147437840933,0.0152928928503188
8395,"toothfishes",0.0519705936293087,0.00731710935514892,0.0314611872150602,0.0695540893376287,0.0939833511762682
8760,"antarctic krill",0.682769101241318,0.0989311048891215,0.379205649008584,1.24898459215639,1.86758801722941
8760,"baleen whales",0.0455012415805538,0.00906406169032395,0.0452627950057877,0.172084540567779,0.993012621927251
8760,"bathypelagic fishes",0.123520050876118,0.0508701782795151,0.085458878020159,0.170038289626946,0.233473668745833
8760,"flying birds",0.000308951719646058,0.000278824457831089,0.000304966134761532,0.000314019370830854,0.000323747937235594
8760,"large divers",0.000962442254985774,0.000287921440008718,0.000567095998388056,0.00223752536339764,0.0154540232771729
8760,"leopard seals",0.000168311877811516,9.30226560520364e-05,0.000132966674626654,0.000193632113470622,0.000238275296647762
8760,"medium divers",0.0214278049116127,0.00787456545531451,0.0142474466962215,0.0339025080452636,0.0452713278877776
8760,"mesopelagic fishes",0.0923130186030872,0.0270540889215064,0.0648014103107974,0.136536068742401,0.185809521184626
8760,"mesozooplankton",0.853664178852738,0.391471703630652,0.618758979129154,1.0089331203247,1.22088787868227
8760,"minke whales",0.00139110775619289,0.000351348166105638,0.000694529324542508,0.00472644790113499,1.13946385592678
8760,"orca",0.000458823564066328,0.000349830363118578,0.000427177846308365,0.000523312127911938,0.00100165850069449
8760,"other krill",0.552758856257846,0.0764581162603456,0.257307349847291,1.51959262044605,3.76198517413714
8760,"other macrozooplankton",0.920480087012277,0.402095464670954,0.757555559415672,1.12946918020055,1.38361161272671
8760,"salps",0.0548793797332503,0.0210117516704217,0.0428363581240526,0.0797630452269713,0.106621954095495
8760,"shelf and coastal fishes",0.24888722611051,0.128224935838298,0.21367639223866,0.28354067339924,0.321163277719125
8760,"small divers",0.00194528534313503,0.00113858804332713,0.00181141690189558,0.00206618117802205,0.00220064803031675
8760,"sperm whales",0.00126993715167658,0.000744389240816564,0.00105246123181039,0.00581128868441508,0.145039837329076
8760,"squids",0.00716710197817892,0.00450753041168738,0.00611919649200656,0.00857024384319703,0.0153033099556268
8760,"toothfishes",0.0519585499170297,0.00732846706267062,0.0315411450075679,0.0695384613973559,0.0939786579958113
9125,"antarctic krill",0.673961192766461,0.0975322811652492,0.374707755966138,1.24041576003179,1.85959871524052
9125,"baleen whales",0.0454567843166651,0.0090657545568038,0.0452178161052319,0.171877952371886,0.991755163769872
9125,"bathypelagic fishes",0.123284844291795,0.0511604834620224,0.0853477963532585,0.170045802344837,0.233141227252883
9125,"flying birds",0.000308989734816852,0.00027906178197333,0.000305047549436447,0.000314053002449795,0.000323828446055696
9125,"large divers",0.000962209381011585,0.000287952722477934,0.000567454012430851,0.00223337284590977,0.0153676409450799
9125,"leopard seals",0.000168522395932931,9.32453994027595e-05,0.000133142991195641,0.000193617574732423,0.000238353567099223
9125,"medium divers",0.0214228441185696,0.0078813707081439,0.0142501099249853,0.0338708862599899,0.0451686439506272
9125,"mesopelagic fishes",0.0919855066421451,0.027291327605515,0.0648972831404687,0.136021061423519,0.185227556144441
9125,"mesozooplankton",0.878925595223841,0.447013815614989,0.643772890223902,1.04667430754223,1.26994546956172
9125,"minke whales",0.00139116010383166,0.000352504492553154,0.000695341358626795,0.00470504688818142,1.13552373925444
9125,"orca",0.000458849075875845,0.000350103009351797,0.00042727807331019,0.000523147645296061,0.00100018742125928
9125,"other krill",0.572470189888923,0.0760120515628215,0.262190464872771,1.5512031860596,3.90859396199334
9125,"other macrozooplankton",0.940461759048769,0.389927152567088,0.751928278912733,1.14322750867081,1.43759557143906
9125,"salps",0.0547683017062856,0.0209135195536274,0.042523598934149,0.0794994887319164,0.10634337720122
9125,"shelf and coastal fishes",0.249273018785323,0.128708015270476,0.21415374424643,0.283866171413598,0.321326714307029
9125,"small divers",0.00194537664530721,0.00113911720703731,0.00181178258683688,0.00206639009168104,0.00220011366427468
9125,"sperm whales",0.00126924264662739,0.000744665565045272,0.00105221522683648,0.00580240099174431,0.144779358518796
9125,"squids",0.00718702578453313,0.00452730203156944,0.00614457238016964,0.0085785798050761,0.015317458500462
9125,"toothfishes",0.0519555984503021,0.00734553746085918,0.0316104289634368,0.0695433053473492,0.0939847276055036
9490,"antarctic krill",0.660452830575462,0.0926616053233323,0.361647925114071,1.23634618487513,1.85852124003957
9490,"baleen whales",0.0454123940008751,0.00906690917362015,0.045172826648848,0.171671520824761,0.990499156686441
9490,"bathypelagic fishes",0.122536806924483,0.0508654541854047,0.0846569035523882,0.169291984750728,0.232609620957948
9490,"flying birds",0.000308910170133072,0.000278588882584347,0.000304948708915304,0.000313988463301413,0.000323625225565422
9490,"large divers",0.000961850679730523,0.000288161703883125,0.000568160330154082,0.00223300378797118,0.0152820842833018
9490,"leopard seals",0.00016857075944993,9.35285829410508e-05,0.000133025987476395,0.000193639124013643,0.000238327669782019
9490,"medium divers",0.0214211014260521,0.00789708830923841,0.0142393963840692,0.03384084577512,0.0450660646578029
9490,"mesopelagic fishes",0.0909954205896728,0.0267882198330062,0.0642732195273272,0.135159002524304,0.184704868213056
9490,"mesozooplankton",0.830371494337815,0.342176044152288,0.586593623145769,0.9935414970136,1.21809485175941
9490,"minke whales",0.00139166098319899,0.000354788730075093,0.000696984545191918,0.00468428042856397,1.13159642531696
9490,"orca",0.000458853269736105,0.000350358200610177,0.00042734254772853,0.00052294312137081,0.000998656528414
9490,"other krill",0.556992687456754,0.0672512503164267,0.248397977264185,1.55277787586284,3.93447858467705
9490,"other macrozooplankton",0.921322879423682,0.378927001581888,0.735464590820092,1.12159315373645,1.3866054466439
9490,"salps",0.0538657823852728,0.020389600950149,0.041508855405149,0.0790108818747415,0.105981369345697
9490,"shelf and coastal fishes",0.249570856500959,0.129218972592582,0.214602901974507,0.284343655906534,0.321644788057972
9490,"small divers",0.00194210001635864,0.00113612764540571,0.00180748002110502,0.00206511663375117,0.00219966096937755
9490,"sperm whales",0.00126850979769999,0.000744914586630462,0.00105192615876262,0.00579352495987882,0.144519267332148
9490,"squids",0.0072111875030819,0.00455478894490963,0.00617031108278692,0.00860722050503733,0.0153308924088711
9490,"toothfishes",0.0519810295709138,0.00736178552412472,0.0316318813869554,0.0696146384851405,0.0939871671267492
9855,"antarctic krill",0.666519867673887,0.0913362416518195,0.364358825852303,1.23956188219301,1.86846967930394
9855,"baleen whales",0.0453680452382338,0.00906879477269692,0.0451279739921385,0.171465476266346,0.989244950422841
9855,"bathypelagic fishes",0.121854059673633,0.0505519309232056,0.0843033689655841,0.168352153556988,0.231348144820307
9855,"flying birds",0.000308996310613785,0.000278990337051026,0.000305063788333775,0.000314036452695886,0.000323744666115255
9855,"large divers",0.000961313211099867,0.000288044511603954,0.000567912790730123,0.00223242476711955,0.0151965590741361
9855,"leopard seals",0.000168547308815482,9.37493576819805e-05,0.00013290007239683,0.000193612196808064,0.000238325226595605
9855,"medium divers",0.0214146880502186,0.00790793552920108,0.0142211171123099,0.0338083417439845,0.0449602924588364
9855,"mesopelagic fishes",0.0905766934830164,0.0267627487767449,0.0639934699042867,0.13412329803317,0.183629951358161
9855,"mesozooplankton",0.896240584122138,0.466890256257178,0.660317767805369,1.06169456175205,1.28355081333549
9855,"minke whales",0.00139133568244762,0.000355480781734284,0.00069746900854658,0.00466290382646143,1.12768228222022
9855,"orca",0.000458828956988227,0.000350656723805099,0.000427456204816746,0.000522795704241451,0.000997217925684656
9855,"other krill",0.580672758751641,0.0696627832792374,0.262453058204488,1.59289538802901,4.08977964897988
9855,"other macrozooplankton",0.948873241226518,0.39220732528219,0.759746065076067,1.15728331506197,1.44853140302143
9855,"salps",0.0544909090107585,0.0208027113937169,0.0418852523081589,0.07922045112444,0.106102951447452
9855,"shelf and coastal fishes",0.249754350342742,0.129347739114381,0.214662896509637,0.284376421156811,0.321539242007249
9855,"small divers",0.00194301877398272,0.00113715359780787,0.00180796582954203,0.00206565049097522,0.00219974832855804
9855,"sperm whales",0.0012678254487831,0.000745197266129574,0.00105169143763652,0.00578467015692041,0.144259755223346
9855,"squids",0.00721424742361,0.00455576351977081,0.00617809275018995,0.00859963766942159,0.0153307119965288
9855,"toothfishes",0.0520302459668836,0.0073975681802459,0.0316537507728983,0.0696217380223733,0.0939880380363908
10220,"antarctic krill",0.676221378602682,0.090928463226178,0.369324460290011,1.24575529659273,1.87301972457635
10220,"baleen whales",0.0453237506746422,0.00907084301964354,0.0450831885792152,0.171259712824079,0.987992386818082
10220,"bathypelagic fishes",0.121839177458801,0.0507973954921089,0.0846670527025549,0.168272053019809,0.230995847023259
10220,"flying birds",0.000309053625543051,0.000279520879247817,0.000305193000236792,0.000314092135562926,0.000323767459370087
10220,"large divers",0.000960717903080328,0.000288163426777231,0.000568126790438739,0.00223048843808178,0.0151114644175371
10220,"leopard seals",0.000168524177620161,9.39847178699728e-05,0.000132909678339281,0.000193577713188543,0.000238379880644609
10220,"medium divers",0.0214075330944749,0.00791704962626882,0.0142197865702057,0.0337358022811304,0.0448636449063204
10220,"mesopelagic fishes",0.0912483539223718,0.0270597332930698,0.0649374311850031,0.134580093662755,0.183774616119123
10220,"mesozooplankton",0.874882953789246,0.420681792050621,0.642514674503236,1.03457038037002,1.25085515148579
10220,"minke whales",0.00139106657077458,0.000355932000635948,0.000697022059264082,0.00464153566993259,1.12378109177306
10220,"orca",0.000458815599554149,0.000350960439599983,0.00042757961616416,0.000522660126290641,0.00099579772688939
10220,"other krill",0.587971957954056,0.0718025041513718,0.267458196020025,1.59054091916876,4.02397131406096
10220,"other macrozooplankton",0.976873603832672,0.405875843268797,0.781474396627559,1.17934262424583,1.45293515990782
10220,"salps",0.0550666193029282,0.0210852100548935,0.0423925351026443,0.0796724343567282,0.10647048383921
10220,"shelf and coastal fishes",0.249848933308352,0.129629142040571,0.214721448144765,0.284372523621164,0.321534844681587
10220,"small divers",0.00194576725432939,0.00113985649342029,0.00181045358331047,0.00206661843082977,0.00220023171435899
10220,"sperm whales",0.00126714960096607,0.000745484862895815,0.00105146560357326,0.00577583180207508,0.144000730303754
10220,"squids",0.00720711660714303,0.0045395701505461,0.00618308796114831,0.00858882117391092,0.015326837467749
10220,"toothfishes",0.0520510879023697,0.0074300401282119,0.0316778394707185,0.0696308709347123,0.0939896505489256
10585,"antarctic krill",0.676939816764426,0.0907488540205903,0.370707260490361,1.24619419950056,1.86799775397339
10585,"baleen whales",0.0452795103142924,0.00907279582230569,0.045038446070296,0.171054188938201,0.986741395030944
10585,"bathypelagic fishes",0.121834019017803,0.0507070844408955,0.08493004565122,0.167795178712806,0.230621450889727
10585,"flying birds",0.000309077985726104,0.00027981835569651,0.000305239581758972,0.000314108262159554,0.000323746653670708
10585,"large divers",0.000960394043153097,0.000288332608238363,0.000568182061254944,0.00222729017346668,0.0150314714314174
10585,"leopard seals",0.000168457473301189,9.41731414165205e-05,0.000132930151929854,0.000193616806222189,0.000238428334057135
10585,"medium divers",0.0214013858916468,0.00792473280960272,0.014212843998905,0.0336669980571279,0.0447959572424408
10585,"mesopelagic fishes",0.0915440154360677,0.0269781782870644,0.0649327501750954,0.134280247827966,0.183841167616329
10585,"mesozooplankton",0.881936925797923,0.447421277550006,0.654027077409026,1.03906475907614,1.24854210940309
10585,"minke whales",0.00139061741074417,0.000356062540412445,0.000696461434990667,0.00462014591452847,1.11989273176779
10585,"orca",0.000458857012178316,0.000351268153872326,0.000427712275478847,0.000522535656527656,0.000994393200475744
10585,"other krill",0.581710441757646,0.0734647264018754,0.266130337600293,1.56035008567996,3.89564296861706
10585,"other macrozooplankton",0.950869526252846,0.405236058465309,0.774862661869026,1.15867615701174,1.4229383810146
10585,"salps",0.0552694895700933,0.0212953536376746,0.042702519266757,0.0796653928555887,0.10656367205407
10585,"shelf and coastal fishes",0.249512908983178,0.129650669934863,0.214669537230851,0.284197213362665,0.321471974427929
10585,"small divers",0.00194847272036533,0.00114249601866652,0.00181344433901794,0.0020666894003149,0.00220010446505044
10585,"sperm whales",0.00126647801948674,0.000745773200215451,0.00105124291171503,0.00576700907623574,0.143742175810722
10585,"squids",0.00719671600438821,0.00451565780402087,0.00617572171506077,0.008568635755976,0.0153154677696914
10585,"toothfishes",0.0520644900608,0.0074543065967899,0.0317347482958225,0.0696557902902769,0.0939877712902682
10950,"antarctic krill",0.680533122451528,0.0910858429660349,0.372465712300844,1.2463309971092,1.86233535814899
10950,"baleen whales",0.0452353329506563,0.00907458319849549,0.0449937396320539,0.17084889776576,0.985491958901133
10950,"bathypelagic fishes",0.122189658925118,0.0510325773444124,0.0852297944872113,0.167760467419822,0.230674473303651
10950,"flying birds",0.000309075754415252,0.00027988051736006,0.000305228999005494,0.00031409512180339,0.000323713534103795
10950,"large divers",0.000960207987338298,0.000288488564001193,0.000567992924592826,0.00222408278431025,0.0149599601969208
10950,"leopard seals",0.000168429986045106,9.44323920731631e-05,0.000132935438098279,0.000193661261986942,0.000238481100971557
10950,"medium divers",0.0213974814949233,0.00793575779977246,0.0142073947385628,0.0336326603065555,0.0447776754419115
10950,"mesopelagic fishes",0.0918680949124923,0.0271990128883345,0.0653316321509805,0.134462166207572,0.183938897390531
10950,"mesozooplankton",0.897059020474805,0.467441539714694,0.667866619840231,1.05835677601519,1.27443613628976
10950,"minke whales",0.00138996822792895,0.000356821464070813,0.000695809719050179,0.00459909623700401,1.11601713887823
10950,"orca",0.000458898268862228,0.000351565091983045,0.000427833433898981,0.000522398440959656,0.000992966181014067
10950,"other krill",0.590566361314687,0.0760040641680897,0.272140849489447,1.56858128657792,3.89308939170229
10950,"other macrozooplankton",0.969082752044646,0.406962756831613,0.779457763804954,1.17562368597723,1.46545101666482
10950,"salps",0.0554071678655733,0.0214796223945707,0.0429345489721388,0.0797741908029836,0.106601797052735
10950,"shelf and coastal fishes",0.249729664150028,0.129999074074275,0.214696603465648,0.284171772083031,0.321534456517074
10950,"small divers",0.00194904384690732,0.00114425611871483,0.00181560128280138,0.00206647021286632,0.00219975321696894
10950,"sperm whales",0.00126579440100173,0.00074605161717219,0.00105100410443402,0.00575820092215349,0.143484057165154
10950,"squids",0.00719790275815251,0.00451041974116582,0.00617823755528949,0.00856263769611174,0.0153130533231953
10950,"toothfishes",0.0520784067762569,0.00747638926797923,0.0318123362495768,0.0696539420112313,0.0939790841137067
11315,"antarctic krill",0.691488909036133,0.093285154579702,0.380979263246489,1.25073981207539,1.86775346039193
11315,"baleen whales",0.045191212573588,0.00907639566323123,0.0449490900237918,0.170643870859013,0.984244124349236
11315,"bathypelagic fishes",0.122872822709837,0.0516106799581928,0.0858873063439431,0.168122817850918,0.230947741724259
11315,"flying birds",0.000309080611201447,0.000279986726820334,0.000305285387866963,0.000314086765152934,0.000323697414769915
11315,"large divers",0.000960016962696759,0.000288733277777686,0.000568026533486169,0.0022233839650838,0.01488879415302
11315,"leopard seals",0.00016841499979023,9.46459929667872e-05,0.000132838893516293,0.00019366076163259,0.000238520712432156
11315,"medium divers",0.0213934234285298,0.00794644758375144,0.0142099001236871,0.0335982252582291,0.0447595630490279
11315,"mesopelagic fishes",0.0926434002782472,0.0275932338163818,0.0660471549217862,0.135114038951195,0.184501604785965
11315,"mesozooplankton",0.923739462696374,0.508590736666767,0.699767801279354,1.08058011247521,1.29759665720717
11315,"minke whales",0.00138715041844684,0.000357611429729902,0.00069490834450821,0.00457582915580271,1.11215432961137
11315,"orca",0.000458942848067823,0.000351868250521736,0.000427958885556717,0.000522267018224338,0.000991547534582113
11315,"other krill",0.60633616870919,0.0812835959508585,0.285902466685767,1.58318786563896,3.88013916843115
11315,"other macrozooplankton",1.00825294891884,0.422905675218166,0.811634352692569,1.22059784174876,1.50929727578144
11315,"salps",0.0558560392662862,0.0219107140000734,0.0435867215071826,0.0804346661232051,0.107018410292215
11315,"shelf and coastal fishes",0.249875533294749,0.130639331918627,0.214792937615825,0.284166767876114,0.321630381707312
11315,"small divers",0.00194952122916282,0.00114639770152094,0.00181745380672774,0.00206639189766336,0.00219951999146686
11315,"sperm whales",0.00126511403296639,0.000746330777143179,0.00105076230089252,0.00574940862105908,0.143226410859716
11315,"squids",0.00720430010092477,0.00451935708098938,0.00618162415791292,0.00855761399944138,0.0153163677084784
11315,"toothfishes",0.052099763066422,0.00748015606201431,0.0318318705041046,0.0696508946533246,0.0939732286890928
11680,"antarctic krill",0.6973041204338,0.0957087033762492,0.387796118371159,1.24995970169138,1.861746444682
11680,"baleen whales",0.0451471476883929,0.00907823818948354,0.0449045544706149,0.170439108943418,0.982997890897359
11680,"bathypelagic fishes",0.123778041655493,0.0521909123780287,0.0866595281527097,0.168713624485538,0.231446876080507
11680,"flying birds",0.000309102442509861,0.000280089714370531,0.000305331162975103,0.000314095675722773,0.000323701852978777
11680,"large divers",0.00095981946307782,0.000288959377207762,0.000568061276878036,0.00222033118840536,0.0148179721974567
11680,"leopard seals",0.00016843241638866,9.49090131966267e-05,0.000132950135711283,0.000193730893282281,0.000238558236290939
11680,"medium divers",0.0213887298079326,0.00795601354998923,0.014200286884486,0.0335635515138705,0.0447416145432001
11680,"mesopelagic fishes",0.0935643655882954,0.0279711466701932,0.0669812583143339,0.136022231320806,0.18509620011691
11680,"mesozooplankton",0.909899528542328,0.48632075117627,0.684932123988733,1.06204050576062,1.27025823116205
11680,"minke whales",0.00138467620254971,0.000358129650441458,0.000694365557769231,0.00455172055803886,1.10830425444316
11680,"orca",0.000458994213737738,0.000352181261401309,0.000428091527335077,0.000522145068871354,0.000990143808781984
11680,"other krill",0.597508100647964,0.0847788186742544,0.283909370194636,1.55481154451938,3.77570222317409
11680,"other macrozooplankton",1.0054312868305,0.437160871146165,0.816939998601441,1.21688011986173,1.48191962861746
11680,"salps",0.0560061310370256,0.0221065986337424,0.0439488758105311,0.0808109812326841,0.107166309618806
11680,"shelf and coastal fishes",0.2501186332814,0.131134247872373,0.21498800543479,0.284284985078903,0.321670969469664
11680,"small divers",0.00195031316195187,0.00114903452371388,0.00181921128345246,0.00206686222104483,0.0021993674609919
11680,"sperm whales",0.00126444027234395,0.000746624218862928,0.00105048780731141,0.00574063243696149,0.142969243656781
11680,"squids",0.00720444542165067,0.00453420462144633,0.0061858801846442,0.008555390009738,0.015304567755234
11680,"toothfishes",0.0521376668331872,0.00748401645688687,0.0318545164776031,0.0696665889501267,0.0939728783736303
12045,"antarctic krill",0.689176414184703,0.0955847809855651,0.384464436298257,1.24683521365773,1.8556356450879
12045,"baleen whales",0.0451031496113014,0.00907970652340133,0.0448600854531045,0.17023454963035,0.981753318359174
12045,"bathypelagic fishes",0.124415109437109,0.0527656092465472,0.0873173970773959,0.170106919128837,0.232071049169537
12045,"flying birds",0.000309084113490793,0.00028003982329847,0.000305258023933116,0.000314005556791055,0.000323624800891394
12045,"large divers",0.000959398182363139,0.000289640918916585,0.000568431498025323,0.00221898260705895,0.0147474925513741
12045,"leopard seals",0.000168480857209693,9.51820547023415e-05,0.000132970913133809,0.000193831640606095,0.000238605331933386
12045,"medium divers",0.0213878785472063,0.00796890370796933,0.0141831482209216,0.0335358004474567,0.0446953642322402
12045,"mesopelagic fishes",0.09389644995792,0.0282534369486316,0.0672423905508641,0.136836461157131,0.185814038983327
12045,"mesozooplankton",0.888475133577056,0.450970646769795,0.656682101491836,1.04845243894542,1.26394609665387
12045,"minke whales",0.00138255347551273,0.000359621411853217,0.000694945890744236,0.00453338977413861,1.1044667541212
12045,"orca",0.000459012871919092,0.000352433846540574,0.000428195410034625,0.000521991605646154,0.000988693193542697
12045,"other krill",0.574413862407462,0.08117582007066,0.270058584233801,1.53341332320444,3.74410659539069
12045,"other macrozooplankton",0.970329008389179,0.422366615101035,0.793291558957313,1.18158598196635,1.45242061095655
12045,"salps",0.0555913947576354,0.0219468624630254,0.0435644689408387,0.08045990498822,0.106901686694778
12045,"shelf and coastal fishes",0.250686740705427,0.132031729587748,0.215532283518675,0.284642683797586,0.321915319720128
12045,"small divers",0.00194903898943542,0.00114920812437761,0.00181825651660615,0.00206635420220586,0.00219896403916514
12045,"sperm whales",0.00126374157336849,0.000746889098288867,0.00105022728362001,0.0057318695922101,0.142712484643087
12045,"squids",0.00722814801237774,0.00456461303806879,0.00620584692715528,0.00857667005368021,0.0153121432817847
12045,"toothfishes",0.0522470442938292,0.00749331092215369,0.0319379268751009,0.0696900527148538,0.0939734326081723
12410,"antarctic krill",0.683872876843313,0.0943824910182277,0.379008893698325,1.24650784231369,1.85451060281119
12410,"baleen whales",0.0450592126642844,0.00908093877934318,0.0448156501740688,0.170030217350987,0.980510445990221
12410,"bathypelagic fishes",0.12476104698225,0.0529420328890441,0.0872954646025595,0.170901342837107,0.232729221763469
12410,"flying birds",0.000309046258743622,0.000279812852358251,0.000305179246760375,0.000313959554101214,0.000323499168818795
12410,"large divers",0.000958375934026708,0.000290437967031697,0.000568757178859103,0.00221717690609001,0.0146773483654358
12410,"leopard seals",0.00016856513878218,9.56214647530954e-05,0.000133229389910235,0.00019385036466633,0.000238657246369123
12410,"medium divers",0.0213891299395475,0.00797363595562841,0.0141809304489636,0.0334776087098924,0.0445933076225494
12410,"mesopelagic fishes",0.0936944398259461,0.0283746687173748,0.0673259445855574,0.137066448243167,0.185934012871324
12410,"mesozooplankton",0.8979408268344,0.466334340457198,0.664188869695574,1.06229050046544,1.28445146066043
12410,"minke whales",0.00138306762402778,0.000361500005421327,0.000696352810320092,0.00451611134150071,1.10064182184737
12410,"orca",0.00045901160050429,0.000352633103102798,0.000428280356657927,0.000521818591764528,0.000987219174227118
12410,"other krill",0.577009982553128,0.0792659799607364,0.264856747291628,1.55778246175787,3.83971026992683
12410,"other macrozooplankton",0.969088969521164,0.411630771896583,0.783516038937995,1.18340941029322,1.46643078768448
12410,"salps",0.0551095437553446,0.0218127980127338,0.0431172851774891,0.0801006267621103,0.10667701739389
12410,"shelf and coastal fishes",0.25135717594634,0.132750883483296,0.216195263199431,0.28512180720344,0.32219578284967
12410,"small divers",0.00194659085911277,0.00114787614136352,0.00181533413539243,0.00206563674255459,0.00219750792285151
12410,"sperm whales",0.00126302777236096,0.000747135388555415,0.00104994749180886,0.0057231208860179,0.142456159563755
12410,"squids",0.00725716659269236,0.0046036816915216,0.00623564168601995,0.00861391897395621,0.0153343774963051
12410,"toothfishes",0.0523490155497446,0.00752422247356677,0.0320581235411851,0.0697189887179328,0.0939758374764533
12775,"antarctic krill",0.679423833096092,0.0936181780705426,0.377332305589487,1.24261603970914,1.85198528370164
12775,"baleen whales",0.0450153225584506,0.00908265365804523,0.0447713305953379,0.169826231087647,0.97926923427019
12775,"bathypelagic fishes",0.124842177957638,0.0531361151221015,0.0875053755349026,0.170967010223004,0.232839668215672
12775,"flying birds",0.000309112685790766,0.000280010601450678,0.000305267674237624,0.00031399607188817,0.00032355586656439
12775,"large divers",0.000957254232766913,0.000291000378766069,0.000568808703141892,0.00220968342201051,0.0146075681281772
12775,"leopard seals",0.000168628244851171,9.57643602593021e-05,0.000133213849634351,0.000193899812138419,0.000238711044283047
12775,"medium divers",0.0213865083595925,0.00797566409925959,0.0141804283823386,0.0334619861760388,0.0444559533366501
12775,"mesopelagic fishes",0.0937327219036097,0.0285034653314472,0.0674747270873656,0.137098090466275,0.185809051811056
12775,"mesozooplankton",0.874177987311702,0.430945386558155,0.642834999730523,1.03412458846861,1.25091485644873
12775,"minke whales",0.00138296543201598,0.000362522325564487,0.000697040422476123,0.00450181246677438,1.09682962696731
12775,"orca",0.000459041559353493,0.000352868826779073,0.000428391471943025,0.000521674542992051,0.000985803047355169
12775,"other krill",0.5740235444324,0.0769429837638261,0.26274411411237,1.55802582712923,3.87002497520157
12775,"other macrozooplankton",0.963867395231077,0.407682402954844,0.780705168059123,1.17380965469215,1.44543406487937
12775,"salps",0.0549692646963287,0.0217452135095956,0.0429817010553189,0.0800787511012759,0.106525798410141
12775,"shelf and coastal fishes",0.251875742056286,0.133703746203176,0.216720419826302,0.285554724478915,0.322272370089923
12775,"small divers",0.00194633845301394,0.00114903203177995,0.00181511328462606,0.00206579738669367,0.00219759976222063
12775,"sperm whales",0.00126234477893002,0.000747419554875538,0.00104970603964608,0.00571439137132661,0.142200371275508
12775,"squids",0.00727417507574185,0.00463528235989407,0.00625776387048133,0.00863026875814159,0.0153532219521239
12775,"toothfishes",0.0524087371298944,0.00757702361232974,0.0321071417418208,0.0697812007639533,0.0939933708002815
13140,"antarctic krill",0.668410383168959,0.0910557857921144,0.368782157265927,1.23659528261792,1.84860678384874
13140,"baleen whales",0.0449714988743326,0.00908360174156405,0.0447269833983359,0.169622378167474,0.978029497234559
13140,"bathypelagic fishes",0.123877064081222,0.0525785442509677,0.0864107863918867,0.17008772150894,0.232718098980038
13140,"flying birds",0.000308973962303183,0.000279452753168165,0.000305118744891938,0.00031387388582891,0.000323337422516571
13140,"large divers",0.000957198795065277,0.000291227023533852,0.000568823838044015,0.00220221873021694,0.0145330794274858
13140,"leopard seals",0.000168749014514891,9.60407588675226e-05,0.000133388460574961,0.000193938261764235,0.00023876030424601
13140,"medium divers",0.0213889383890502,0.0079860620645378,0.0141858963189446,0.0334554886061329,0.0443599125591591
13140,"mesopelagic fishes",0.0924732436821231,0.0278807889954386,0.0662268663725215,0.136264217585376,0.185407636572655
13140,"mesozooplankton",0.874177567375426,0.425407152240961,0.639334714641333,1.03945085550735,1.26073877151023
13140,"minke whales",0.00138365182753669,0.000364915013222984,0.000697903774210708,0.00448672693892176,1.09302976442794
13140,"orca",0.000459023944933682,0.000353052476510861,0.000428458344397679,0.000521476506121359,0.000984320588229246
13140,"other krill",0.564577238282615,0.072596117707041,0.254947757090135,1.55675507448578,3.91843126258236
13140,"other macrozooplankton",0.937664133551795,0.394339033719932,0.758492338793185,1.14565913051819,1.4166669427813
13140,"salps",0.0543075764313692,0.0212583208830478,0.042174490953843,0.0794671297081938,0.106150832707029
13140,"shelf and coastal fishes",0.252254436091537,0.133812018749175,0.217051395455625,0.285840662373936,0.322480151095222
13140,"small divers",0.00194277324032426,0.00114587546751776,0.00181040531236992,0.00206417259192074,0.00219746647753016
13140,"sperm whales",0.00126161880690163,0.000747650940593067,0.00104941772989224,0.00570567271896779,0.141944948083954
13140,"squids",0.00729776047784,0.00466808086502043,0.00629289502487903,0.00866284322805944,0.0153757705118032
13140,"toothfishes",0.0524316572879041,0.00763026064682113,0.03216684063796,0.0698861582045585,0.0939954941251195
13505,"antarctic krill",0.65978459972641,0.0885488691142528,0.361531780287907,1.22710354848029,1.84582472709135
13505,"baleen whales",0.0449277219770008,0.00908463048962323,0.0446827136574065,0.169418810631144,0.976791358619426
13505,"bathypelagic fishes",0.121934504271592,0.0505818187927171,0.0844309411182923,0.167906957019151,0.230925498642597
13505,"flying birds",0.000308894354895456,0.00027900928830216,0.000305052951989416,0.000313849442858472,0.000323225792581511
13505,"large divers",0.000956991566387759,0.000291031576076913,0.000568206940829005,0.00219699180551274,0.014441226383084
13505,"leopard seals",0.000168830799322085,9.63312427302e-05,0.000133473005323045,0.000193993975008427,0.000238791775602772
13505,"medium divers",0.0213881180788311,0.00800261516245262,0.014189413643253,0.0334308415591259,0.0442806497445917
13505,"mesopelagic fishes",0.0905301671772179,0.0269075014973897,0.0639326158640246,0.134071582867392,0.183824102845625
13505,"mesozooplankton",0.8666686147568,0.417228230477247,0.634584776691656,1.02552075640996,1.23705619405302
13505,"minke whales",0.00138380542458676,0.00036556807025324,0.000698730167470538,0.0044713648837659,1.08924243561102
13505,"orca",0.000459037116218933,0.000353243363579295,0.000428516322775621,0.000521306924570292,0.000982884935172015
13505,"other krill",0.573382589615969,0.0707903739011036,0.257739265538249,1.56157718773453,3.99151456982246
13505,"other macrozooplankton",0.918572833599954,0.384945553257399,0.738501706505297,1.12060851482377,1.38968691281909
13505,"salps",0.0538282110035026,0.0206379701046262,0.0415723432475405,0.0785541179282451,0.105500589002268
13505,"shelf and coastal fishes",0.251985008697145,0.132591156449594,0.216712169493477,0.285563051218596,0.322265019901732
13505,"small divers",0.00193922099181704,0.00114313798372062,0.0018063904983501,0.00206280375238559,0.0021970307962413
13505,"sperm whales",0.00126091112511147,0.0007479043756954,0.0010491477382901,0.00569697167440046,0.141690022245253
13505,"squids",0.00729222754968672,0.00466353495945236,0.00629050591388703,0.00866293799014072,0.015385569945324
13505,"toothfishes",0.0524234684612303,0.0076729691479301,0.0322300285854115,0.0699546604095774,0.0939916458805241
13870,"antarctic krill",0.651866471692785,0.0858655168119349,0.354550712645014,1.22312609599879,1.84760545367723
13870,"baleen whales",0.0448840039693155,0.00908552217307984,0.0446384907279467,0.169215487149718,0.975554789172949
13870,"bathypelagic fishes",0.119600359786008,0.049049593332664,0.0822030565195892,0.165588479004567,0.229012827913017
13870,"flying birds",0.000308768582367693,0.000278477897108964,0.000304909801010753,0.000313784960257805,0.000323104130503591
13870,"large divers",0.000956836791231615,0.000291137196666713,0.000567343378375759,0.00219171486883763,0.0143500584457508
13870,"leopard seals",0.000168861490120835,9.66791530915113e-05,0.000133640824383176,0.000194055625732602,0.000238817311732794
13870,"medium divers",0.0213888187834087,0.00802255973379277,0.0141887425528379,0.0334035720263359,0.0441777749985791
13870,"mesopelagic fishes",0.0884370992785128,0.0257504293035038,0.0621993376299718,0.131982404450075,0.182456055244281
13870,"mesozooplankton",0.8477452577036,0.377408044426541,0.610007926798108,1.00968188387099,1.22968028102567
13870,"minke whales",0.0013825977885303,0.000367405898235395,0.000699774281307062,0.00445620964558431,1.085467551616
13870,"orca",0.000459061621320701,0.000353450452489106,0.000428552681996755,0.000521118149781364,0.000981429808613108
13870,"other krill",0.570143315349318,0.0673981927808313,0.256953834870305,1.56851091533042,4.03789535910958
13870,"other macrozooplankton",0.903783073683456,0.37396308022672,0.720702009106615,1.09800493737026,1.36496371896796
13870,"salps",0.0531893000157928,0.0201525714762296,0.0408415760513844,0.0779588930554062,0.105102987201489
13870,"shelf and coastal fishes",0.251366671589943,0.131508293889054,0.216053408256729,0.285173089558865,0.321901244612292
13870,"small divers",0.00193646381964735,0.00113924683108981,0.00180156541193425,0.00206065486993589,0.00219521454475143
13870,"sperm whales",0.00126018779353825,0.000748138295072903,0.00104885764781052,0.00568828438113867,0.141435521132537
13870,"squids",0.00727548922258462,0.00464839988600787,0.00625709227850595,0.00865157474118277,0.0153958795080123
13870,"toothfishes",0.0523967003662662,0.00770509968921687,0.0322867228132621,0.0699434129760436,0.0939717113704918
14235,"antarctic krill",0.672874029747964,0.0875830583898641,0.36413250223029,1.24093189944691,1.87218742658934
14235,"baleen whales",0.0448403379889015,0.0090869429219241,0.0445943909497439,0.169012522150421,0.97431989216462
14235,"bathypelagic fishes",0.118928804743708,0.0490370563550066,0.0816744000992077,0.164467533747012,0.228441002831961
14235,"flying birds",0.000308808061283525,0.000278596627591749,0.000304970866097042,0.000313796993201462,0.000323083542476837
14235,"large divers",0.000955238230290072,0.000291514775595738,0.000567505618759964,0.0021843465831955,0.0142592633180245
14235,"leopard seals",0.000169074807154212,9.69510624565651e-05,0.000133840245914786,0.00019405257444095,0.000238845990554114
14235,"medium divers",0.0213875409232223,0.00803089237872369,0.0141869036247772,0.0333622338156987,0.044072016817721
14235,"mesopelagic fishes",0.0881029193152169,0.0256579782916234,0.0624551045891667,0.131716720414726,0.181861183782076
14235,"mesozooplankton",0.919455883707144,0.491019725210507,0.683954619889113,1.08962907626244,1.31286903241227
14235,"minke whales",0.00138172579104737,0.000368904960655499,0.000700644168043308,0.00444150411212764,1.08170531104441
14235,"orca",0.000459049941760294,0.000353657457664279,0.000428618751011689,0.000520945693862113,0.000980003585738082
14235,"other krill",0.620235730316708,0.0736208953503031,0.284409429421667,1.64095825429967,4.18687642760095
14235,"other macrozooplankton",0.98807293878981,0.395803329452121,0.774109329739564,1.18905984127743,1.4975050198798
14235,"salps",0.0542094236956297,0.0207709869583929,0.0416609930035359,0.0787180892499051,0.105621400033269
14235,"shelf and coastal fishes",0.250665682180706,0.131233804770509,0.215314252047523,0.284593778680737,0.321528818746237
14235,"small divers",0.00193676652115914,0.00113798172332656,0.00180077306951959,0.00206092534324572,0.00219515603138243
14235,"sperm whales",0.00125948251932744,0.000748392923331713,0.00104858631583886,0.00567961478952333,0.141181519827404
14235,"squids",0.00725990217535902,0.00463254028183215,0.006228622741286,0.00863110657272205,0.0153951043531432
14235,"toothfishes",0.0524469947520261,0.00773987424401744,0.0323356049722216,0.0699254469758831,0.0939521366060985
14600,"antarctic krill",0.673913734508738,0.0876398207807446,0.366183081561056,1.24734251393454,1.8798826695253
14600,"baleen whales",0.0447967292022722,0.00908808759211995,0.0445503175175802,0.168809769364067,0.973086534241313
14600,"bathypelagic fishes",0.119070104469801,0.048613213888256,0.0819471758435867,0.16465726488712,0.229093285194239
14600,"flying birds",0.000308736266769941,0.000278327554897067,0.000304890227739995,0.000313738856881426,0.000323015077431535
14600,"large divers",0.000955073728851949,0.000292162359117991,0.000567087029259728,0.00217591548274663,0.0141691081359947
14600,"leopard seals",0.000169029374384681,9.72714467235646e-05,0.000133934292981795,0.000194044104765839,0.000238835862334056
14600,"medium divers",0.0213873184004065,0.00803566156147882,0.0141855664334,0.0333340181619442,0.0440184758595111
14600,"mesopelagic fishes",0.08824412379676,0.0251686451193312,0.0625454627308133,0.131968833912082,0.182183139814147
14600,"mesozooplankton",0.858457343205226,0.376097523502838,0.619604877518056,1.01658422073636,1.23111981846416
14600,"minke whales",0.00138178473428948,0.000370528216633023,0.000700929087257395,0.00442193154355061,1.07795541235163
14600,"orca",0.000459020173796876,0.000353847286560537,0.000428700127811467,0.000520759887229169,0.000978564015581041
14600,"other krill",0.592143098086754,0.0728302190937308,0.274237747620805,1.59938685583867,4.0707811325569
14600,"other macrozooplankton",0.962727581392585,0.399512094246259,0.776747537726949,1.16947436588514,1.42657356815113
14600,"salps",0.0543082731225482,0.0207491548908532,0.0417713042833448,0.0788399070567446,0.105906898385607
14600,"shelf and coastal fishes",0.249891568120036,0.130856260652075,0.214523094097651,0.283925360455016,0.321100856939964
14600,"small divers",0.00193605497695154,0.00113566295744365,0.00179941754522042,0.00206099366201191,0.00219447004216989
14600,"sperm whales",0.00125876660539023,0.000748635368554221,0.00104830808769059,0.00567095910380026,0.140927944311788
14600,"squids",0.00723268026584836,0.0046071665655534,0.00619399562943313,0.00860893054344472,0.0153909333021838
14600,"toothfishes",0.0524544145919082,0.00777028191618774,0.0323624745781528,0.0698869605143605,0.0939185433846067
14965,"antarctic krill",0.691202988357385,0.0907823853216836,0.377495946334,1.25675718759555,1.88742190617304
14965,"baleen whales",0.0447531660290992,0.00908996091034292,0.0445063823956288,0.168607396896961,0.971854860998636
14965,"bathypelagic fishes",0.120169578538935,0.0493018179339517,0.0829161100657154,0.165584971058339,0.229528280633684
14965,"flying birds",0.000308861164363561,0.000278869847731939,0.000305018665268949,0.000313771636280452,0.000323076172944448
14965,"large divers",0.000954921180438308,0.000292401009175953,0.000567128631408749,0.00216812699671465,0.0140790952926239
14965,"leopard seals",0.000169087246765656,9.73684101018841e-05,0.000133993212621096,0.000194004397884651,0.000238840780905522
14965,"medium divers",0.0213826233686946,0.00803661321216169,0.0141823340631378,0.0332970210218689,0.0439719755292299
14965,"mesopelagic fishes",0.0896100858345005,0.0256007658431132,0.0637849349529646,0.133274495537878,0.183091516290018
14965,"mesozooplankton",0.937623502094738,0.525858905745077,0.706282736005856,1.09855607231442,1.31362437704349
14965,"minke whales",0.00138161234743509,0.000371306992872699,0.000700492572432985,0.00440655370748919,1.07421810502916
14965,"orca",0.000459053143196242,0.000354077690870192,0.000428809131555664,0.000520617347285903,0.000977188127956005
14965,"other krill",0.616123379151672,0.0785828984602154,0.289607714391213,1.60382361417687,4.00179152078103
14965,"other macrozooplankton",0.989652684038672,0.41848098894859,0.8005176635902,1.20434945707603,1.50309316654495
14965,"salps",0.0556975316886164,0.0214459085870586,0.0429235420138892,0.0797477936412528,0.106474376539426
14965,"shelf and coastal fishes",0.249444975128071,0.130959257024186,0.213937039227467,0.283625568301199,0.320835572991326
14965,"small divers",0.00193961626744377,0.00113750284202825,0.00180410519189405,0.00206230270722326,0.00219431521507124
14965,"sperm whales",0.00125813284202772,0.000748916016535656,0.00104807599109547,0.00566232312960774,0.140674912707402
14965,"squids",0.00720668938007508,0.00458242963308772,0.00616897020246779,0.0085712367780101,0.0153739273057236
14965,"toothfishes",0.0524802956902636,0.00780792820242749,0.032396928112531,0.0698579146132903,0.0938974507938692
15330,"antarctic krill",0.708669665260774,0.0941771608331379,0.390937864219758,1.26498719663919,1.890679969912
15330,"baleen whales",0.044709661864765,0.00909173451593528,0.0444624865396103,0.168405258589579,0.970624745052369
15330,"bathypelagic fishes",0.122148918466979,0.0503779208952767,0.0848806572625385,0.167309825637312,0.231116418686899
15330,"flying birds",0.000308869784762093,0.000279161269965227,0.000305054063658666,0.000313782323506106,0.000323068453280494
15330,"large divers",0.000954829860111364,0.000292619875325553,0.0005669766254908,0.00216454844075311,0.0139897423220385
15330,"leopard seals",0.000169079759902943,9.75665256665221e-05,0.000134006763018013,0.000194076358952609,0.000238853278168008
15330,"medium divers",0.0213732430563078,0.00804244586990877,0.0141749859513042,0.0332563917306883,0.0439259396957023
15330,"mesopelagic fishes",0.0918351220945759,0.0262619776517591,0.0655227159184251,0.135191396096961,0.184354060460455
15330,"mesozooplankton",0.929403972573164,0.505396282993301,0.705511400944062,1.08196261825634,1.29518165142797
15330,"minke whales",0.00137938055028044,0.000372094050390086,0.000699211229853903,0.00439133248690797,1.07049309673096
15330,"orca",0.000459078049634313,0.000354296953271416,0.000428914136559675,0.000520464575598687,0.000975798866637308
15330,"other krill",0.622066791045272,0.0867255859533918,0.299693761739537,1.59398662022145,3.8956328933069
15330,"other macrozooplankton",1.03544407146528,0.446144235506551,0.830143364441605,1.24945435400381,1.54027901056255
15330,"salps",0.0564480023758405,0.0220996719223616,0.0439209109552511,0.0807150050118169,0.107369216020002
15330,"shelf and coastal fishes",0.249317855723856,0.131520275769623,0.213733334474644,0.283644528389312,0.32088380663072
15330,"small divers",0.00194201987590564,0.00113932589633363,0.0018083354137728,0.00206316170753518,0.00219380660920633
15330,"sperm whales",0.00125752170311647,0.000749191344123492,0.00104783816301936,0.00565370210675974,0.140422321002484
15330,"squids",0.00719404455361113,0.00457574083056618,0.00615974171918426,0.00855564339930549,0.0153600355340998
15330,"toothfishes",0.0525146404792492,0.00784913990827862,0.0324346818733008,0.0698533412429344,0.0938766434822144
15695,"antarctic krill",0.70606437136442,0.0971947621934672,0.394680760834923,1.26384533788151,1.88354939341135
15695,"baleen whales",0.0446662213222726,0.00909322384395395,0.0444186109983146,0.168203326792966,0.969396158421646
15695,"bathypelagic fishes",0.124226367312845,0.051751271934501,0.0865583614697631,0.169936635719299,0.233259603978146
15695,"flying birds",0.000308858062953717,0.000279040797540844,0.00030502375517978,0.000313753672293678,0.000323046619423666
15695,"large divers",0.000954425484719503,0.000293016091881689,0.000566720677572615,0.0021642337142245,0.0139012400440538
15695,"leopard seals",0.000169259210828396,9.75808558452139e-05,0.000134099110315129,0.000194147949433625,0.000238850449027108
15695,"medium divers",0.0213724460641625,0.00805053287321964,0.014173723202336,0.033216636369453,0.0438808832955726
15695,"mesopelagic fishes",0.0933836415718036,0.0268954394139173,0.0669345355150426,0.137241499929235,0.186257181164801
15695,"mesozooplankton",0.905179421967169,0.468190166755934,0.674818996652585,1.06657480538528,1.27844450246002
15695,"minke whales",0.00137883590076478,0.000372996945391587,0.000704137587192005,0.00437644602072945,1.06678029654928
15695,"orca",0.000459078754602454,0.000354486664493533,0.000429003483586114,0.000520283365111292,0.00097437141499698
15695,"other krill",0.592793928414559,0.0865392560099826,0.283083696679217,1.55050995505664,3.78233209668621
15695,"other macrozooplankton",0.999848060206057,0.441201501300974,0.81947919813159,1.21516841208767,1.48218881092972
15695,"salps",0.0562264593237723,0.0222650432538267,0.0440077432040332,0.0807267853522944,0.107658234789465
15695,"shelf and coastal fishes",0.249690954380006,0.133063678955024,0.214175925823453,0.283967572176538,0.321180269909642
15695,"small divers",0.0019425493681434,0.00113955260532328,0.00181031084519756,0.00206347800049818,0.00219342730558574
15695,"sperm whales",0.0012568915660538,0.000749442551692677,0.00104758164030936,0.00564509481105579,0.140170142524986
15695,"squids",0.00720950469466938,0.00460003837916374,0.00617638755154164,0.00856879501830457,0.0153607960014686
15695,"toothfishes",0.052568912800101,0.00789457799038092,0.0324823926309638,0.0698525702665769,0.0938613848325415
16060,"antarctic krill",0.684419053120164,0.09433556896086,0.383591452662384,1.24853115130201,1.85914809735926
16060,"baleen whales",0.0446228368906249,0.00909439767497769,0.0443747560150881,0.168001598619264,0.968169088484472
16060,"bathypelagic fishes",0.12433288133811,0.0514905672987467,0.0862832673754508,0.170844935224569,0.233977563475857
16060,"flying birds",0.000308734189928685,0.000278549357659562,0.000304929975879021,0.000313682473978162,0.000322955674531777
16060,"large divers",0.000953914153541026,0.000293888634270769,0.00056654005995719,0.00216382896310791,0.0138133026686428
16060,"leopard seals",0.000169300966687182,9.7801092634662e-05,0.000134118363419038,0.000194174091104213,0.000238844223205801
16060,"medium divers",0.0213723101375469,0.00805894903677133,0.0141726896883096,0.033176593358669,0.0438347170268897
16060,"mesopelagic fishes",0.0930048480125641,0.0268024812055131,0.0659417333794339,0.137248131428538,0.186609075689191
16060,"mesozooplankton",0.853707460294359,0.394191244411518,0.618342368027877,1.00783927168055,1.22096848778131
16060,"minke whales",0.00137833882102221,0.000373445260065037,0.000707449455997036,0.00436162341754048,1.06307960669315
16060,"orca",0.00045908879622766,0.000354669372636732,0.000429078654584692,0.00052009759847121,0.000972939834635057
16060,"other krill",0.552753153850456,0.0765976533012021,0.257564422403629,1.52018960087548,3.76585894952027
16060,"other macrozooplankton",0.919754195516138,0.402108159125032,0.756596060836313,1.12897350562192,1.38134228709451
16060,"salps",0.0549336274333174,0.0217119049159532,0.0429344276394279,0.0797416371469523,0.106664498898727
16060,"shelf and coastal fishes",0.250018928805355,0.132773780526509,0.214448593514674,0.284309365312184,0.321355271960489
16060,"small divers",0.00194061557735058,0.00113778786324067,0.00180902594217812,0.00206216665365061,0.00219278064676695
16060,"sperm whales",0.00125625699736759,0.000749685501112892,0.00104731961527278,0.00563650223364841,0.139918402454551
16060,"squids",0.00722601345352359,0.00462460079514854,0.00619545522343077,0.00858420679234487,0.0153630011288985
16060,"toothfishes",0.0526294856916738,0.00793549715225631,0.0325403962575745,0.0698516909261564,0.0938463367980944
16425,"antarctic krill",0.677431883069908,0.0923995492240215,0.377571007370814,1.23976225466806,1.84895280810115
16425,"baleen whales",0.0445795029504742,0.00909613975117297,0.0443310208348019,0.167800223392066,0.966943671330662
16425,"bathypelagic fishes",0.124512569411168,0.0516674550538287,0.0861251110752077,0.170721789875411,0.233307444775032
16425,"flying birds",0.000308863196375771,0.000278781650403892,0.000305009628065373,0.000313735308124559,0.000323002076339881
16425,"large divers",0.000953703777666226,0.000294441588404377,0.000566912641692046,0.00216222503452564,0.0137256457775239
16425,"leopard seals",0.000169405400028084,9.77801733017718e-05,0.000134067100232543,0.000194207351374328,0.000238832553898332
16425,"medium divers",0.0213695640995198,0.00806564834497266,0.0141705599495638,0.0331363380043479,0.0437420023933942
16425,"mesopelagic fishes",0.0925943934392703,0.0268100426063112,0.0658737601948441,0.13686164655909,0.185844873481009
16425,"mesozooplankton",0.878305794356538,0.447575637421422,0.644289585586923,1.04703220522963,1.26976584539712
16425,"minke whales",0.00137824146519008,0.000374248149584534,0.000708441339059005,0.00434664335390919,1.05939126776153
16425,"orca",0.000459120431803039,0.000354888289533824,0.000429146432894001,0.000519939672543723,0.00097154845623
16425,"other krill",0.572649215946436,0.0762879379728754,0.26188626060248,1.55094934171517,3.9125082603627
16425,"other macrozooplankton",0.940093808783523,0.389922020958537,0.751345340814682,1.14283941479052,1.43605764667788
16425,"salps",0.054775008320702,0.0215648124620146,0.0426383632520406,0.0797035210798508,0.106349066900506
16425,"shelf and coastal fishes",0.250366990507002,0.133664461193873,0.214876261688991,0.284530535023333,0.321536001469639
16425,"small divers",0.00194061677614355,0.00113833700032869,0.00180917174620686,0.00206240001872894,0.00219237381770273
16425,"sperm whales",0.00125565844453131,0.000749959311729949,0.00104708453859334,0.00562792820459267,0.139667178965972
16425,"squids",0.0072414431879942,0.00463980629073266,0.00621784713431528,0.00859586318523969,0.0153680995042535
16425,"toothfishes",0.0526979512624728,0.00796484891330405,0.0326038134602773,0.0698752884712026,0.093845723957839
16790,"antarctic krill",0.666613991232754,0.0883996287713128,0.365277427871337,1.23466476471623,1.85227951906151
16790,"baleen whales",0.0445362345433754,0.00909726892764641,0.0442872692618107,0.167598998215698,0.965719729426364
16790,"bathypelagic fishes",0.123609129195288,0.0514048763219451,0.0855307886093836,0.170161810167288,0.233035054507589
16790,"flying birds",0.000308713544042354,0.000278280752975338,0.000304886813738112,0.000313629672250076,0.000322835565557608
16790,"large divers",0.000953577813261872,0.000295012279203185,0.000567408464849667,0.00215955017122185,0.0136389528719476
16790,"leopard seals",0.000169553736961094,9.79062485490646e-05,0.000134063344124227,0.000194224277731315,0.000238810470373316
16790,"medium divers",0.0213715672768978,0.00807541627606477,0.0141771907827226,0.0330965644909236,0.0436507941186128
16790,"mesopelagic fishes",0.0914758096563441,0.0262666350794414,0.0652612154112641,0.136072698129303,0.185082919067521
16790,"mesozooplankton",0.829410994446508,0.342288013827901,0.58683542331639,0.99203859545819,1.21789493758662
16790,"minke whales",0.00137768676641362,0.000375986101783869,0.000709766220433215,0.00433213421294537,1.05571490645625
16790,"orca",0.000459128025074473,0.000355136480348022,0.000429208309028105,0.000519736373712159,0.00097009769829179
16790,"other krill",0.557239952116569,0.0676953325391277,0.248487842977049,1.55321898387673,3.93506392984299
16790,"other macrozooplankton",0.920966930580508,0.379000124652387,0.735183387888764,1.12075927529209,1.38632613850885
16790,"salps",0.0538897295967723,0.0208417608591039,0.0415532107591574,0.079235357473282,0.106147362191097
16790,"shelf and coastal fishes",0.250731953726169,0.134491258631077,0.215199184968915,0.284820699515082,0.321801808130928
16790,"small divers",0.00193755136591941,0.00113536436210461,0.00180482586109672,0.00206087201501732,0.00219219260687304
16790,"sperm whales",0.00125501250175669,0.000750186744525215,0.00104680214857629,0.00561936527927856,0.139416326314488
16790,"squids",0.00726495133853969,0.00466902351202074,0.00624405393517851,0.00862816205690195,0.0153862899191643
16790,"toothfishes",0.0527731072654656,0.00797720760251313,0.0326545773827119,0.0698804741819559,0.093831819785339
17155,"antarctic krill",0.671884027152903,0.0877944166663051,0.365603949574134,1.23598426647661,1.86307212300761
17155,"baleen whales",0.0444930062275805,0.00909912998741636,0.0442436588900384,0.167398153168135,0.964497458435046
17155,"bathypelagic fishes",0.122808691531249,0.0511685178411237,0.0851308482056672,0.16927663127632,0.231952818660398
17155,"flying birds",0.000308873860567091,0.00027867110686375,0.000305044039570724,0.000313710732476134,0.000322920387365711
17155,"large divers",0.000953292394283908,0.000295649003812053,0.000567500901279995,0.00215013010863218,0.0135521427851162
17155,"leopard seals",0.000169636179841381,9.79749242726769e-05,0.000134213893025001,0.000194185491771359,0.000238795793841667
17155,"medium divers",0.021368141718193,0.00808085156020062,0.0141750576704,0.0330556864352894,0.0435642533834585
17155,"mesopelagic fishes",0.0909786553493016,0.0262094806942582,0.0653106435323682,0.135151581550145,0.184044781869383
17155,"mesozooplankton",0.895533729709215,0.467217364476119,0.660179778789872,1.06031680037149,1.28323801755918
17155,"minke whales",0.0013771527619218,0.00037662235794659,0.000707521812271969,0.00431709504731021,1.05205088347295
17155,"orca",0.000459166658468519,0.000355420263724931,0.00042927605246074,0.000519604058543215,0.000968737909308585
17155,"other krill",0.580690456138149,0.0693640475188697,0.262430709316018,1.59496433291186,4.09402360308288
17155,"other macrozooplankton",0.947919105710297,0.392278672582602,0.759551071036046,1.15647428609617,1.44611428889346
17155,"salps",0.0546153054802405,0.0209304873096487,0.0419719593268181,0.0793619831395682,0.106254384182647
17155,"shelf and coastal fishes",0.25079389844965,0.134852146957237,0.215367732590206,0.284826186631093,0.321771857773019
17155,"small divers",0.00193880532888106,0.00113640562888347,0.00180560802718917,0.00206174357992078,0.00219203400585455
17155,"sperm whales",0.00125442698109509,0.000750473463321303,0.00104657681990055,0.00561082300682785,0.139166036051155
17155,"squids",0.00726563413404621,0.00467124114624329,0.00624878569582564,0.00862258119339395,0.0153850303414164
17155,"toothfishes",0.0527833025462913,0.00799363445242923,0.0327608460376551,0.0698949822889379,0.0938303235918292
17520,"antarctic krill",0.679425518982369,0.0884866192016969,0.369971964854431,1.24572985696435,1.87104938282166
17520,"baleen whales",0.0444498306703223,0.00910115372281933,0.0442001164536828,0.167197582510151,0.96327677041901
17520,"bathypelagic fishes",0.122941275859013,0.0514511184613518,0.0859359596391344,0.169089467088894,0.231466025209506
17520,"flying birds",0.000308927120143134,0.000279195469892566,0.000305143217747199,0.000313755956007056,0.000322907498025209
17520,"large divers",0.000952981299258861,0.000296206185223045,0.000567261188769472,0.00214797219295316,0.013465746831132
17520,"leopard seals",0.000169801738648085,9.81930248134451e-05,0.000134433270935404,0.000194209229820859,0.000238779000226678
17520,"medium divers",0.0213683787605419,0.00808658054533067,0.0141768343573274,0.0330149491313379,0.0434754904074131
17520,"mesopelagic fishes",0.0915268765304467,0.0265021041639751,0.0659819128189077,0.135158734919589,0.184103217706833
17520,"mesozooplankton",0.873313453903769,0.421829364610485,0.642355078416236,1.0318174906109,1.2512158059386
17520,"minke whales",0.00137645393656844,0.000377092327046922,0.000707353560600862,0.00430129051146456,1.04839898813307
17520,"orca",0.000459210691190576,0.000355710485545585,0.000429354491811046,0.000519481316913369,0.000967396111384118
17520,"other krill",0.588001730926549,0.0714959504942503,0.267473323187854,1.59117877959256,4.02820889436238
17520,"other macrozooplankton",0.976651361649985,0.4060216210034,0.781320807973113,1.17813091879453,1.45206583125295
17520,"salps",0.0551903489564985,0.0213470721893912,0.0425039994529032,0.0797677192248518,0.106553158339052
17520,"shelf and coastal fishes",0.250756810667826,0.135345018793197,0.215602679268792,0.284907986449836,0.321844665660808
17520,"small divers",0.00194140338470443,0.00113891322061074,0.00180851762796787,0.00206256439615916,0.00219192995096031
17520,"sperm whales",0.00125385015069935,0.000750768748835185,0.00104636151048913,0.00560229661683215,0.138916216312715
17520,"squids",0.00726052783499308,0.00466649830393846,0.00624268311486954,0.00861020407878733,0.0153785547346375
17520,"toothfishes",0.0527919777153405,0.00801304434177687,0.0328577852534091,0.0699114226255241,0.0938291797206774
17885,"antarctic krill",0.678701325068641,0.0887117072395897,0.371861439307338,1.24497668346448,1.86138837993834
17885,"baleen whales",0.0444067078927802,0.00910308155848195,0.0441566140404254,0.166997244772447,0.962057623439364
17885,"bathypelagic fishes",0.122793300295515,0.0512940253076918,0.086009014725459,0.168827052939835,0.230883124751053
17885,"flying birds",0.000308975777938363,0.000279506682187483,0.000305201240647502,0.000313761806330856,0.000322887441209254
17885,"large divers",0.000952621122941492,0.000296653683684333,0.000566742237085344,0.00214581461658993,0.0133797606930014
17885,"leopard seals",0.000169791345914248,9.83926177193144e-05,0.00013455695404855,0.000194178207026561,0.000238728417989692
17885,"medium divers",0.0213640925022411,0.00809430166235462,0.014185886014277,0.0329918505604225,0.0434349314912655
17885,"mesopelagic fishes",0.0920808125287887,0.0264298343256934,0.0660627720204579,0.135173293239943,0.184140534075389
17885,"mesozooplankton",0.881751993487405,0.447644501198428,0.654083428305405,1.0362315501474,1.24889214329269
17885,"minke whales",0.00137567065974497,0.000377429403638895,0.000706534191259667,0.00427821454135354,1.04475910172045
17885,"orca",0.000459259885533298,0.000356006844245642,0.000429456187069462,0.000519366315141036,0.000966069631149528
17885,"other krill",0.581807727438436,0.0731517888188626,0.266381227709694,1.56089378752222,3.90363691079646
17885,"other macrozooplankton",0.950523227593287,0.40530402234744,0.774710138675056,1.15777240100015,1.42147445768644
17885,"salps",0.0553232114081482,0.021538846413102,0.0427941007423199,0.0797244847674497,0.106620963292008
17885,"shelf and coastal fishes",0.250712135304822,0.135188594092801,0.215536588556224,0.284733674898126,0.321794913944696
17885,"small divers",0.00194367667947081,0.00114143135285119,0.0018116935243204,0.00206362719575593,0.00219160633657014
17885,"sperm whales",0.00125327533186225,0.000751065965322149,0.00104614981011485,0.00559378529228467,0.13866685035815
17885,"squids",0.00724923149051051,0.00467008341118726,0.00623772643200508,0.00858865057070841,0.0153619380389669
17885,"toothfishes",0.0527964335007928,0.00803156979129723,0.032903456235029,0.0699459461288072,0.0938237083952708
18250,"antarctic krill",0.682220990573954,0.0890571913371779,0.3750505387417,1.24529917437145,1.8595325515856
18250,"baleen whales",0.0443636466876919,0.00910484352011369,0.0441131453825221,0.166797133096239,0.96084001107179
18250,"bathypelagic fishes",0.123048033535352,0.0515457374358236,0.0864196952721959,0.169021532781048,0.231121367280708
18250,"flying birds",0.000308965227203133,0.000279608013262754,0.000305216000791251,0.000313756296430886,0.000322837067905482
18250,"large divers",0.000952315644507974,0.000297231435086191,0.000566200177874067,0.00214359358535089,0.0132944654346562
18250,"leopard seals",0.000169872494620289,9.86410781804067e-05,0.000134577973942577,0.000194125095322819,0.000238572607546797
18250,"medium divers",0.0213511305093591,0.00810523434929185,0.0141866227472858,0.0329771266947608,0.0434059796827133
18250,"mesopelagic fishes",0.0923932767235097,0.0266451856673924,0.0663909766793574,0.135377533629435,0.184240717660422
18250,"mesozooplankton",0.897051725541318,0.468191482440951,0.66789611377919,1.05634754363926,1.27473419282047
18250,"minke whales",0.00137535155836603,0.000377644635112422,0.000708218346635051,0.00425558848030016,1.0411311653459
18250,"orca",0.000459301207734826,0.00035629352695218,0.000429567578822296,0.000519240396366318,0.000964720796584056
18250,"other krill",0.59078647676619,0.0756853836587159,0.272147218033097,1.5681231790337,3.89808722359031
18250,"other macrozooplankton",0.967607177634215,0.407029073379707,0.779411578699646,1.17471726388263,1.46267126644795
18250,"salps",0.0554472600731051,0.0217801187325565,0.0430703073308374,0.0797959884973569,0.106597703958036
18250,"shelf and coastal fishes",0.250876642464839,0.135338200213576,0.215561288290615,0.284682804365776,0.321814540795937
18250,"small divers",0.00194445578756952,0.00114315981068209,0.00181365195776473,0.00206372163993827,0.00219142631367799
18250,"sperm whales",0.00125268434328281,0.000751345361176287,0.00104592233696385,0.00558528797957195,0.138417903592229
18250,"squids",0.00724676667105026,0.00467831273492915,0.00624289308810313,0.00858070553617933,0.0153527804816352
18250,"toothfishes",0.0528558267843256,0.00805019183178395,0.0329322294363155,0.0699740342979703,0.0938234314885626
18615,"antarctic krill",0.693160341082159,0.0908873371902349,0.383576489545901,1.25141229653947,1.86273499461106
18615,"baleen whales",0.0443206410417394,0.00910663036457477,0.0440697320724677,0.166597279012122,0.959623956802415
18615,"bathypelagic fishes",0.123773195933277,0.0521830943862323,0.087117931876219,0.169469769085695,0.231434531496697
18615,"flying birds",0.000308977915163192,0.00027977564342509,0.000305251216093494,0.00031374597254908,0.000322811060148004
18615,"large divers",0.000952085983199872,0.000297789092642294,0.000565132109205179,0.00214137659991267,0.0132096448972214
18615,"leopard seals",0.000169959164816589,9.88550833038841e-05,0.00013450052283209,0.000194136588388539,0.000238517886242862
18615,"medium divers",0.0213455922681478,0.00810715435151744,0.0141918564681571,0.0329347280442207,0.0433771553467808
18615,"mesopelagic fishes",0.0931283903944097,0.0270366639276837,0.0672897952248631,0.136107789084646,0.184742829195883
18615,"mesozooplankton",0.923368474391451,0.508777950849006,0.700000920764559,1.08057906582236,1.29791101693385
18615,"minke whales",0.00137499319303699,0.000377915678733286,0.000711720284251359,0.00423308453116788,1.03751519642824
18615,"orca",0.000459344286084649,0.000356582763659159,0.000429671688392711,0.000519117944213226,0.000963380059063087
18615,"other krill",0.60637823269301,0.0812375701491272,0.286136196099193,1.58364789224811,3.888140618356
18615,"other macrozooplankton",1.00704375801225,0.42323590090405,0.811269751894672,1.21933473407619,1.50942542984339
18615,"salps",0.0559054286609528,0.0222927695629707,0.0436532343125979,0.0803962014036862,0.107088356902756
18615,"shelf and coastal fishes",0.2510230508724,0.135589651550451,0.215781457575111,0.284823133122984,0.321824527170258
18615,"small divers",0.0019449141667832,0.00114532479263325,0.00181543543436909,0.00206372836171458,0.00219127615834052
18615,"sperm whales",0.00125209769339373,0.000751620886800256,0.0010456820579168,0.00557680595760605,0.138169412500552
18615,"squids",0.00724347567859185,0.00469228431786593,0.00624573313737415,0.00857531488990898,0.0153461227459871
18615,"toothfishes",0.0528928824523123,0.00807420797561,0.0329635292678903,0.0700043868182636,0.0938258391219251
18980,"antarctic krill",0.699069779353472,0.0927879996748461,0.390085766862591,1.25050532567743,1.85955794342421
18980,"baleen whales",0.0442776894632596,0.00910844699925908,0.0440263751747534,0.166397683266162,0.958409458907405
18980,"bathypelagic fishes",0.124698140984586,0.0528192179083733,0.0877523671314308,0.170017685924135,0.231828650168175
18980,"flying birds",0.000308995401254177,0.000279940550078717,0.000305297520330965,0.00031372923869645,0.000322807421686385
18980,"large divers",0.000951667662078805,0.000298151268615013,0.000564833909993682,0.00213917486101506,0.0131172690596946
18980,"leopard seals",0.000170014370492732,9.90079145638846e-05,0.0001344208404804,0.00019419158882328,0.000238465554374574
18980,"medium divers",0.0213394915473159,0.00810812912683784,0.014197960505385,0.032922175220709,0.0433125686559555
18980,"mesopelagic fishes",0.0941526331284349,0.0274434180333098,0.0682330025869774,0.137093483450605,0.185369866535416
18980,"mesozooplankton",0.907519543744528,0.487192242107407,0.684260251707169,1.05919250085295,1.27043055121437
18980,"minke whales",0.00137451270016511,0.000378515768665198,0.000711426106696056,0.00421333195250272,1.03391114793721
18980,"orca",0.000459390523313137,0.000356877183286254,0.000429781607083097,0.000519001638157297,0.000962053877803195
18980,"other krill",0.597390157541144,0.0847519361960308,0.283637626279939,1.55536169598841,3.77944597396183
18980,"other macrozooplankton",1.00406632148163,0.438260664534138,0.817089734345759,1.21652261620725,1.48179526045284
18980,"salps",0.056060975068379,0.0225960053696396,0.0440272099294434,0.0808068374541108,0.107243320179813
18980,"shelf and coastal fishes",0.251310151779701,0.135843383799233,0.216053034979362,0.285076344128241,0.321995879895983
18980,"small divers",0.00194546779487809,0.00114807547443088,0.00181722419300306,0.00206386914624165,0.00219110067312078
18980,"sperm whales",0.00125152000519346,0.000751809513935415,0.00104544696539307,0.00556833949068318,0.137921383859668
18980,"squids",0.00724925483734867,0.00471048527335195,0.00624906246904605,0.00857044580385713,0.0153396616703453
18980,"toothfishes",0.0529599843250231,0.00810932040488318,0.033000858534443,0.0700228083336938,0.0938309385505877
19345,"antarctic krill",0.694828165733692,0.0924385978297728,0.388092310608853,1.24918218910004,1.84930331481155
19345,"baleen whales",0.0442348032808858,0.00910988859876,0.0439830327350956,0.166198283536432,0.957196463134544
19345,"bathypelagic fishes",0.125786516361173,0.0535950779355123,0.0886465735679082,0.171145381761821,0.232991954243002
19345,"flying birds",0.000308963394822308,0.000279797568186456,0.000305212101580013,0.000313675247708742,0.000322717972093419
19345,"large divers",0.000951439064030687,0.000298425714583285,0.000565608750411846,0.00213684232516414,0.0129370931026379
19345,"leopard seals",0.000170134033644384,9.91948751269421e-05,0.000134534768084862,0.00019427394790596,0.00023842293080911
19345,"medium divers",0.0213371140341005,0.00811326355935698,0.0141988590393737,0.0328747408292205,0.0432412336213109
19345,"mesopelagic fishes",0.0945536825042533,0.0278375913622569,0.0686027618760051,0.137864707757565,0.186187977471258
19345,"mesozooplankton",0.886080927548451,0.45315189856367,0.655694143450882,1.04777797859059,1.26424043889528
19345,"minke whales",0.00137461366550613,0.000379147980707172,0.000710287236055344,0.00419800134621941,1.03031886702144
19345,"orca",0.000459417247744343,0.000357150003484933,0.000429868134839877,0.000518859832862477,0.000960681179426667
19345,"other krill",0.574564224298374,0.0811490333996426,0.270325469887183,1.53396881234815,3.74790446487995
19345,"other macrozooplankton",0.96970523542221,0.422545978886536,0.793091915514236,1.18083877387248,1.45015612644713
19345,"salps",0.0557582114880682,0.0224169438040327,0.0436986987240513,0.0805049350561564,0.107013970502719
19345,"shelf and coastal fishes",0.25181593324173,0.136438620345759,0.216550023969914,0.285504354331537,0.322302448731723
19345,"small divers",0.00194464483569143,0.00114851314069941,0.0018162821998696,0.00206358689091748,0.00219058585918964
19345,"sperm whales",0.00125091284855489,0.000751956091932979,0.00104518891499311,0.00555988580875374,0.137673746771334
19345,"squids",0.00726523881832282,0.004737430126937,0.00626917173695231,0.00859200049310749,0.0153509475604282
19345,"toothfishes",0.0530362716767282,0.00817017104398636,0.0330225846743577,0.0700494107456785,0.0938409107914385
19710,"antarctic krill",0.684685400361446,0.0917199374215287,0.383658660515722,1.24685310598551,1.84667972019582
19710,"baleen whales",0.0441919768144808,0.00911109346352205,0.0439397226026991,0.165999104233671,0.955984986014913
19710,"bathypelagic fishes",0.125797987421989,0.0537588948907641,0.0886387163966564,0.171435215642796,0.233976564605254
19710,"flying birds",0.000308909847347126,0.000279403420886848,0.000305097133864027,0.000313600454593732,0.000322676136728194
19710,"large divers",0.000951257345186605,0.000298719432342535,0.000566393210734123,0.00213504340076813,0.0127426069525555
19710,"leopard seals",0.000170140529595769,9.95625109490426e-05,0.000134730544021531,0.000194293702131204,0.000238437405446885
19710,"medium divers",0.021316480430643,0.00812065852019692,0.0142038551375291,0.0328180406899167,0.043181693299911
19710,"mesopelagic fishes",0.0940085470194421,0.0279099754179724,0.0686079300210887,0.138182747818525,0.186358550835893
19710,"mesozooplankton",0.896366186905241,0.467539246770873,0.664554920924436,1.06245409715564,1.28488127154104
19710,"minke whales",0.00137503050787174,0.000379292592773044,0.000710360617930113,0.00418281523554848,1.02673834825615
19710,"orca",0.000459430837776234,0.000357409382002665,0.000429938050546264,0.000518702428280313,0.000959285070702497
19710,"other krill",0.576984927462944,0.0792465649702944,0.264895599056181,1.55777793305988,3.84368243064452
19710,"other macrozooplankton",0.968136485311431,0.411778208452078,0.78330101344981,1.18261656859449,1.46512973142042
19710,"salps",0.0551832242037897,0.0221744183769425,0.0431981861583475,0.0802757363434318,0.10668915050051
19710,"shelf and coastal fishes",0.252336556521982,0.137114670773825,0.217150160024274,0.286085504740988,0.322547035571617
19710,"small divers",0.00194201523794853,0.00114720730466094,0.00181326313476994,0.00206258824594728,0.00219016471422115
19710,"sperm whales",0.00125028967555431,0.00075207888676859,0.00104491654910109,0.00555144570995369,0.137426527008626
19710,"squids",0.00729167198027441,0.00477149322799716,0.00630675407425964,0.0086255460162761,0.0153736502640273
19710,"toothfishes",0.05311696601,0.00822913664022144,0.0330373024275731,0.0700701023410195,0.0938575900206277
20075,"antarctic krill",0.683359361927897,0.0913045542215974,0.380528993007496,1.24416335668521,1.84629326091433
20075,"baleen whales",0.0441491957502085,0.00911278136072569,0.043896524280123,0.165800264209952,0.954775129287549
20075,"bathypelagic fishes",0.125725388728243,0.0540674803101759,0.0887445256734118,0.171709652606915,0.234063791454535
20075,"flying birds",0.000308960610595651,0.000279641719067606,0.00030519003670921,0.000313645705774629,0.00032264913214452
20075,"large divers",0.000950988314772041,0.00029865853785048,0.000567195696446892,0.00213215244915728,0.0125475422062028
20075,"leopard seals",0.000170151084150477,9.95331991350656e-05,0.00013489490225204,0.000194456363819849,0.000238476580043592
20075,"medium divers",0.0213101489756631,0.00812401267955477,0.014205479521411,0.0327455630093766,0.0431401158708078
20075,"mesopelagic fishes",0.0940526883351226,0.0281264057989988,0.0687848547453703,0.138362400609227,0.186194796409317
20075,"mesozooplankton",0.874043452112795,0.432495194637835,0.642580617865795,1.03225641379385,1.25120517497833
20075,"minke whales",0.00137346720194822,0.000379864410580058,0.000711338183255154,0.00416747149590756,1.02316975813451
20075,"orca",0.000459460591174678,0.000357689910385934,0.000430029389270297,0.000518570416062539,0.000957945863261938
20075,"other krill",0.573923185695451,0.0769164643708,0.26275871069104,1.55767888998691,3.87401509324386
20075,"other macrozooplankton",0.963549379384964,0.407901831989234,0.780134311177174,1.17246175678627,1.44276219390578
20075,"salps",0.0550021600604759,0.0220752117981388,0.043060564257292,0.0801895261361031,0.106656996524289
20075,"shelf and coastal fishes",0.252898764040883,0.137774469110524,0.217659110144659,0.286557220172622,0.322704808207397
20075,"small divers",0.00194172175353671,0.00114837251475346,0.0018130060019073,0.00206274556220934,0.00219022945809075
20075,"sperm whales",0.00124970739098749,0.000752255280163333,0.00104468635072783,0.00554302423749779,0.137179827478972
20075,"squids",0.00731056702734703,0.00480070958486767,0.00632557613370672,0.00864178840775626,0.015389189110151
20075,"toothfishes",0.0531787826318615,0.00829827244333959,0.0331065457844176,0.0700951419119313,0.0938884219212236
20440,"antarctic krill",0.67746196216398,0.0886809083454031,0.371645621421739,1.23639582387088,1.84244076907753
20440,"baleen whales",0.0441064797195185,0.00911370107585851,0.0438529505385939,0.165601551077525,0.953566707471133
20440,"bathypelagic fishes",0.125149714781962,0.0531587540467174,0.0875977708909779,0.171261736515061,0.233900564011353
20440,"flying birds",0.000308848327584241,0.000278990364921698,0.000304989262194973,0.000313553103755206,0.000322528277967805
20440,"large divers",0.000950807489760836,0.000299068408913051,0.00056794621718741,0.00212965736007908,0.0123588185943095
20440,"leopard seals",0.000170236769663766,9.94640861030072e-05,0.000135175805345187,0.000194595881584651,0.00023850080365417
20440,"medium divers",0.021306319000397,0.00813259117132995,0.0142122383073807,0.0326721425476024,0.0431218426792577
20440,"mesopelagic fishes",0.0928396335188379,0.0275228264019769,0.0676415474931528,0.137446071476487,0.186029888964475
20440,"mesozooplankton",0.873243061370738,0.426338441918349,0.638740914328523,1.03954430429808,1.26081779107409
20440,"minke whales",0.00137388208326213,0.000381314901052029,0.000711331412790195,0.0041524073508389,1.01961270311521
20440,"orca",0.000459462214391793,0.000357938754006706,0.000430082061950818,0.000518400911247072,0.000956540807495354
20440,"other krill",0.564546989408538,0.0728442661797328,0.254469346376788,1.55701785573166,3.92242688456632
20440,"other macrozooplankton",0.937436075440215,0.394270400608983,0.758874285020574,1.14523518149123,1.41559507503525
20440,"salps",0.054518247980078,0.0215500218905301,0.0422349786594518,0.079833434436422,0.106261539518971
20440,"shelf and coastal fishes",0.253444968024435,0.138096714135045,0.218050448258026,0.286739345156173,0.322795948234284
20440,"small divers",0.00193785518706667,0.00114522504215671,0.0018084064960264,0.00206139305490768,0.00218948246637486
20440,"sperm whales",0.00124907048415379,0.000752356932038897,0.0010444018716853,0.00553461308128215,0.136933476592382
20440,"squids",0.00733184826178102,0.00482225347570026,0.00634689078747405,0.00867436219835754,0.0154114595070816
20440,"toothfishes",0.0532599402666282,0.00834805579035287,0.0332040841908855,0.0700908885686836,0.0939099335049882
20805,"antarctic krill",0.667405960907405,0.086024799268399,0.364845642068837,1.22637395671452,1.84284318232393
20805,"baleen whales",0.0440638090635506,0.00911470118170375,0.0438095529751315,0.165403116716067,0.952359844107308
20805,"bathypelagic fishes",0.122973893450972,0.0516486271255297,0.085313254976442,0.169195552838039,0.231834972860243
20805,"flying birds",0.000308721209706606,0.000278490464854395,0.000304947218315726,0.000313444148930162,0.000322430503551279
20805,"large divers",0.000950502023138759,0.000299302467278918,0.000567855855184851,0.00212724675385232,0.0121698995398435
20805,"leopard seals",0.00017028575852625,9.94281317705764e-05,0.000135238949578343,0.000194780568424863,0.000238510157857347
20805,"medium divers",0.0212942100259537,0.00813767051063031,0.0142093271854217,0.032621578496205,0.0430723652068787
20805,"mesopelagic fishes",0.0908893885867682,0.0265804627762967,0.0654242220625846,0.13515493653049,0.184050166083296
20805,"mesozooplankton",0.864717155303021,0.418185666894161,0.634827229730256,1.0231808965312,1.23714908315637
20805,"minke whales",0.00137380559374188,0.000382385231611621,0.000711162715290323,0.00413717990150261,1.01606737988206
20805,"orca",0.000459477498916888,0.000358182202497355,0.000430149520760451,0.000518251581615954,0.000955181673271385
20805,"other krill",0.5733766255962,0.0707744860520462,0.2579359959964,1.56063605086111,3.99566703127029
20805,"other macrozooplankton",0.917631750790205,0.384936641295323,0.738431162715569,1.11881573521376,1.38834981517902
20805,"salps",0.0538740041696318,0.0211540780315261,0.0416101505878114,0.0789435647871436,0.105716314243141
20805,"shelf and coastal fishes",0.253076378613679,0.137596036838401,0.217673923288502,0.286272899853209,0.322489871381474
20805,"small divers",0.00193398376680053,0.00114249633524462,0.00180419323406257,0.00206006634578742,0.00218902271979343
20805,"sperm whales",0.00124845374595606,0.000752482582405226,0.00104413588462511,0.005526218973038,0.13668760664643
20805,"squids",0.00732765800750103,0.00480519967055735,0.00633783725872385,0.0086769607316619,0.0154096231788626
20805,"toothfishes",0.0532875064209482,0.00838245176545856,0.0332985024048296,0.0700976783225226,0.0939164647583256
21170,"antarctic krill",0.658392153607226,0.0829907087014918,0.356951804948087,1.22247745536722,1.8446648712057
21170,"baleen whales",0.0440211958847083,0.00911556388703343,0.0437664158069403,0.16520491979484,0.951154509918831
21170,"bathypelagic fishes",0.120586763090517,0.0499054169402228,0.0831070115572969,0.166350534294641,0.229909118627065
21170,"flying birds",0.000308596473167429,0.000277988562843893,0.000304812485891352,0.000313349999845848,0.000322336787514026
21170,"large divers",0.000950216069374159,0.000299437807974618,0.000567773871160072,0.00212476626383802,0.0120238498659974
21170,"leopard seals",0.000170328776665422,9.9497094859499e-05,0.000135399200038826,0.000194837613781259,0.000238516525117256
21170,"medium divers",0.021294549493578,0.00814428928013108,0.0142044068028468,0.0325861766489942,0.0429846227017645
21170,"mesopelagic fishes",0.08881317423562,0.0254920902062784,0.0635381457534846,0.132842210385729,0.182713299858198
21170,"mesozooplankton",0.846149050365549,0.378067770574228,0.609055012527169,1.00977877109875,1.22975812649635
21170,"minke whales",0.00137301100617527,0.000384035833117081,0.000710109082647333,0.00412208874634329,1.01253370585877
21170,"orca",0.000459483554952191,0.000358400795070136,0.000430201200681871,0.0005180893756358,0.000953802985182318
21170,"other krill",0.570275849251805,0.0679813109062082,0.25694585154609,1.56808917862132,4.03843613435168
21170,"other macrozooplankton",0.903279870448918,0.374068795543839,0.719957230652385,1.09743822817359,1.36461170492771
21170,"salps",0.0533221668700908,0.0207065439914624,0.0410990623474773,0.0783287528907933,0.105257010511387
21170,"shelf and coastal fishes",0.252315952414881,0.137033918331379,0.2169205746035,0.285654937944786,0.322066116195587
21170,"small divers",0.0019308750995609,0.00113861374582111,0.00179952488537701,0.0020587164794121,0.00218759459558175
21170,"sperm whales",0.00124781452210766,0.000752577994451651,0.00104384635712359,0.00551783806569785,0.13644214508619
21170,"squids",0.00731182325899441,0.00476288013255692,0.00631149195595503,0.00866733483674333,0.0154012406494755
21170,"toothfishes",0.0532830514909369,0.00839690533378369,0.0333719843772468,0.0701000922001718,0.0939226280733092
21535,"antarctic krill",0.677168898236887,0.0843712366438113,0.365126268217132,1.24119429751553,1.86791036093587
21535,"baleen whales",0.0439786332882129,0.0091169563789839,0.0437234533668259,0.165007074577045,0.949950808013195
21535,"bathypelagic fishes",0.119667696144311,0.0496765673395613,0.0829917834438841,0.165535194639548,0.228913780980658
21535,"flying birds",0.000308623022483109,0.000278055691971235,0.000304871969723496,0.00031337594763009,0.000322312736301324
21535,"large divers",0.000949159673173272,0.000299598212823706,0.000567785246084051,0.00212239924039787,0.0119262241077635
21535,"leopard seals",0.000170388737865463,9.97446770063713e-05,0.000135543227654597,0.000194821982147581,0.000238524122535434
21535,"medium divers",0.0212869335908731,0.00815036717422236,0.0142066969438671,0.0325498160625443,0.0429223337233465
21535,"mesopelagic fishes",0.0884426369345882,0.0253197627990829,0.063555315305338,0.132157225492294,0.182407803896639
21535,"mesozooplankton",0.918757906544087,0.491469671333337,0.68451304370819,1.08717468485067,1.31321123346983
21535,"minke whales",0.0013718112459745,0.000384898393581775,0.000709452056922277,0.0040933341795846,1.00901187809474
21535,"orca",0.000459499124342091,0.000358634106866565,0.000430241800293779,0.000517939580674918,0.000952452546250133
21535,"other krill",0.620270415506764,0.0736186232176016,0.284481323470909,1.64182833345125,4.19048673177021
21535,"other macrozooplankton",0.985522164026862,0.395866185622759,0.774053571154385,1.1887550925471,1.49566515501138
21535,"salps",0.0543068373528564,0.0211664890394494,0.0418784202678843,0.0790587795998723,0.105636150011548
21535,"shelf and coastal fishes",0.25169934658554,0.136856626037697,0.216296504775211,0.285138664175821,0.321775232063711
21535,"small divers",0.0019310199312149,0.00113735699750764,0.00179884782232057,0.00205889596669462,0.00218752677924683
21535,"sperm whales",0.00124719601710201,0.000752731416446482,0.00104357933950008,0.00550947430227574,0.136197166980357
21535,"squids",0.00728803245551733,0.00473160243063799,0.00628713266971062,0.00864513366211744,0.0153888651116937
21535,"toothfishes",0.0532726135674108,0.00842735120398251,0.033455547139099,0.07010366032284,0.0939155103149231
21900,"antarctic krill",0.680320741989959,0.0840065907274379,0.366495953659731,1.25263740074761,1.87703635721007
21900,"baleen whales",0.0439361264856956,0.00911807228658939,0.0436804926251559,0.164809435059469,0.948748605570179
21900,"bathypelagic fishes",0.119688501197081,0.0492331244340301,0.0827363928146364,0.165479143112794,0.229443947210502
21900,"flying birds",0.000308535261475786,0.000277874292390621,0.000304772750831318,0.000313302060065876,0.000322258767234054
21900,"large divers",0.000947931337489169,0.000299961383960918,0.000567751734087815,0.00211984757286235,0.0118597460322241
21900,"leopard seals",0.000170432224340668,0.000100106439605569,0.000135695305342223,0.000194801247604145,0.000238578445378665
21900,"medium divers",0.0212815103161748,0.00815394498649959,0.0142239407140343,0.0325082463857137,0.0428607276346885
21900,"mesopelagic fishes",0.0887710627299015,0.0248683926184688,0.0635964210588492,0.132686815312768,0.182871028637587
21900,"mesozooplankton",0.857561965706092,0.377049769288513,0.618976687893441,1.01572711903682,1.23165489032578
21900,"minke whales",0.00137203032599282,0.000385388980868768,0.0007101292214972,0.00407156014738308,1.00550160188223
21900,"orca",0.00045950993961412,0.0003588519422066,0.000430259021182431,0.000517781559813985,0.000951088654710185
21900,"other krill",0.592184737616169,0.0728283256918523,0.274088648863918,1.59927172890831,4.07625909351601
21900,"other macrozooplankton",0.962092806092713,0.399532873555824,0.776716310124728,1.16893514883319,1.42610935725606
21900,"salps",0.0544862498739144,0.0211342776822143,0.0419645585906315,0.0791934844573862,0.106095940162263
21900,"shelf and coastal fishes",0.250820159601623,0.13662747661202,0.215540716864763,0.284874415831483,0.321412388442082
21900,"small divers",0.00192940683921436,0.00113504634402868,0.00179737003283129,0.00205901425993501,0.00218710319908294
21900,"sperm whales",0.00124655967818456,0.000752969752466882,0.00104329809595687,0.00550112389571379,0.135952598357411
21900,"squids",0.00726583162680805,0.00471106682545129,0.00625670580951426,0.00862425194326267,0.0153710967698558
21900,"toothfishes",0.0533330889074938,0.00845817523811328,0.0335124020576376,0.0700990759154549,0.0938940431622092
22265,"antarctic krill",0.693740386230374,0.0859827474628918,0.378440485011649,1.25780005050554,1.88467792959761
22265,"baleen whales",0.0438936638561145,0.0091199178035461,0.0436377378795651,0.16461216914451,0.947548047862344
22265,"bathypelagic fishes",0.120892548475391,0.0500519365097207,0.0841181759404061,0.166080819860265,0.230125884030251
22265,"flying birds",0.000308705170786808,0.000278228515598432,0.000304911456485345,0.000313360863666763,0.000322242784091414
22265,"large divers",0.000947284812065379,0.000300297716297576,0.000567781290038436,0.00211913478488875,0.0117935354141695
22265,"leopard seals",0.000170480776952954,0.000100236808200746,0.000135700341343384,0.000194787149661229,0.000238630737924862
22265,"medium divers",0.0212742750900503,0.00815296172261713,0.0142372810307333,0.0324708308737608,0.0428040482051567
22265,"mesopelagic fishes",0.090238505703801,0.0252672339112483,0.0649046739973677,0.133797494486327,0.183296105072612
22265,"mesozooplankton",0.937673203110559,0.526590301653446,0.706101728940846,1.09526643545203,1.31385907397242
22265,"minke whales",0.00136956986525057,0.000385318768700127,0.000709240554923154,0.00404688525280705,1.00200312342875
22265,"orca",0.0004595444292695,0.000359111259939658,0.000430342042004897,0.000517654894697098,0.000949787406876333
22265,"other krill",0.61622353754682,0.0782655135639328,0.289659140286519,1.6038385246767,4.00666372350359
22265,"other macrozooplankton",0.988535967716328,0.41854808879678,0.800204776855072,1.20397871567605,1.50211539866045
22265,"salps",0.0557345073074805,0.0219157687136991,0.0430723726875432,0.0799005252527446,0.106760867746188
22265,"shelf and coastal fishes",0.250420503592546,0.136533594566143,0.214929861495404,0.284494768733355,0.321209973750704
22265,"small divers",0.00193329696215318,0.00113689408181417,0.0018016614339595,0.00206067164139276,0.00218725544880708
22265,"sperm whales",0.00124597417879731,0.000753235939172698,0.00104306981926852,0.00549279264014231,0.135708557319776
22265,"squids",0.00723519005792713,0.00467842131020454,0.00622474525169169,0.008590601663748,0.0153444072047447
22265,"toothfishes",0.0533120472273908,0.00849477309923087,0.0335472571059708,0.0701075702604585,0.0938761229876985
22630,"antarctic krill",0.711537441615451,0.0899052120959036,0.391060162362138,1.26495624330426,1.88883633252582
22630,"baleen whales",0.0438512588308972,0.00912166345549733,0.043595006590279,0.164415130887398,0.946349007857364
22630,"bathypelagic fishes",0.122987938566587,0.051376851687059,0.0860036171706118,0.168110600507169,0.231712920032979
22630,"flying birds",0.000308735717689088,0.00027852245036315,0.000304952241734015,0.000313371555548133,0.000322211427389397
22630,"large divers",0.000947350690503508,0.000300725027835091,0.000567735717159215,0.00211834931021166,0.0117460204619999
22630,"leopard seals",0.000170582748706737,0.000100513309748781,0.000135651050748513,0.000194760326723084,0.000238689330682838
22630,"medium divers",0.0212516056988326,0.00815342978021918,0.0142417132914637,0.0324362213230584,0.0427801545222034
22630,"mesopelagic fishes",0.0922370771928733,0.0259088972210145,0.066673174512041,0.135960838773893,0.184649764430919
22630,"mesozooplankton",0.929730817472251,0.505629433057628,0.705658683588056,1.08165852783814,1.29533980741921
22630,"minke whales",0.00136778937892086,0.000385528505142466,0.000709595075266995,0.00402261279896013,0.998516158477328
22630,"orca",0.000459576182016263,0.000359358544938405,0.000430422042351812,0.000517522153191195,0.000948472811236123
22630,"other krill",0.622163677585415,0.0871531757396221,0.299710076099694,1.59373097256459,3.90348752563818
22630,"other macrozooplankton",1.03494113699528,0.446284695737061,0.829625673849718,1.24816248224285,1.54010956511286
22630,"salps",0.0564345858994061,0.0226527425624641,0.0440253543322061,0.0808046734687303,0.107385019118082
22630,"shelf and coastal fishes",0.250192073675218,0.136737379503329,0.214781875556394,0.284397031173771,0.321114667939104
22630,"small divers",0.00193708512175645,0.00113872478675407,0.00180588262793004,0.00206121826611768,0.0021883394358936
22630,"sperm whales",0.0012453836323764,0.00075349595420001,0.00104283718017724,0.00548447578697718,0.135464939920481
22630,"squids",0.00722139927237303,0.00467102227894985,0.00621016886542595,0.00857139595800287,0.0153257621253648
22630,"toothfishes",0.0533101469553903,0.00851596853214477,0.0335707783914092,0.0701215371726631,0.0938591426586349
22995,"antarctic krill",0.712980005413046,0.0937154577674897,0.394810227817619,1.26477495972757,1.88121332923007
22995,"baleen whales",0.0438089160318417,0.00912312441665872,0.0435522620652822,0.164218292673117,0.94515145761161
22995,"bathypelagic fishes",0.125232823513069,0.0527121991543251,0.0880422003389246,0.170597839050714,0.233849141930941
22995,"flying birds",0.000308698206626914,0.00027840474999953,0.000304908665628487,0.000313341315266393,0.000322182020493439
22995,"large divers",0.000947803728170379,0.000301378713035789,0.000567715035452713,0.00211324937320498,0.0117007026102956
22995,"leopard seals",0.000170762466224416,0.000100619731020735,0.000135555437538826,0.000194762121749955,0.000238761004689752
22995,"medium divers",0.0212438610418017,0.00815743820981026,0.014225662782105,0.0323986626623235,0.0427386008384174
22995,"mesopelagic fishes",0.0938860418647513,0.0265454329364396,0.0682025336467369,0.137967293890347,0.186492005633306
22995,"mesozooplankton",0.90487226345142,0.469016404320366,0.674754287116308,1.06488875853227,1.27873293043546
22995,"minke whales",0.00136672794329742,0.000386316967275975,0.000710783834934795,0.00399902388759676,0.995040620512426
22995,"orca",0.000459595218228182,0.000359574977155778,0.000430476943651316,0.000517370211886769,0.000947120357173964
22995,"other krill",0.592793330770123,0.0865115731290805,0.28309879212374,1.54956869131334,3.7859733328525
22995,"other macrozooplankton",0.998781536740415,0.441166217397753,0.818506219061338,1.21417425332236,1.47971196187264
22995,"salps",0.0563606728725113,0.0228010061410724,0.0440672839404085,0.0809828307360149,0.107783713319155
22995,"shelf and coastal fishes",0.250552397064508,0.137374521394836,0.215157825584327,0.284776474348277,0.321533511309293
22995,"small divers",0.00193814154470912,0.00113895894567252,0.00180796498899797,0.0020611815155785,0.0021882023330344
22995,"sperm whales",0.00124477406666112,0.000753741459229656,0.00104258447893243,0.00547617211572533,0.135221719482481
22995,"squids",0.00723199318810282,0.00469565329014325,0.00622797842187697,0.00858317854112051,0.0153266438646791
22995,"toothfishes",0.0533167662486082,0.00853184402563333,0.0336173651648612,0.0701391074357472,0.0938491550629036
23360,"antarctic krill",0.692137165190446,0.0914094905309067,0.383256266232834,1.24827613477103,1.85028811347701
23360,"baleen whales",0.0437666279601846,0.00912426925556082,0.0435095095296658,0.164021651655576,0.943955384597528
23360,"bathypelagic fishes",0.125509135254156,0.0521865833129503,0.08776655798734,0.171638104759011,0.234361328006569
23360,"flying birds",0.000308547634188133,0.000277926454419904,0.000304799579646496,0.000313281195031787,0.000322100339943488
23360,"large divers",0.000946783411043051,0.000302071495120081,0.000567767810285231,0.0021077554855073,0.0116555494783455
23360,"leopard seals",0.000170910421519364,0.000100896865904681,0.000135400253768285,0.000194893524201948,0.000238837523368817
23360,"medium divers",0.0212459263857615,0.00815990359909092,0.0142146651187698,0.0323562965143973,0.0426914489293214
23360,"mesopelagic fishes",0.093398895914941,0.0264656884347628,0.0674868525919185,0.138104111356937,0.187022737588107
23360,"mesozooplankton",0.852794458746467,0.397428118537227,0.618227668772969,1.0079384420366,1.22104861587857
23360,"minke whales",0.00136565533921399,0.000387144862346921,0.000710624940695656,0.00397562481370201,0.991576412971779
23360,"orca",0.000459567668950454,0.000359798505079464,0.000430527230124384,0.000517215243158292,0.000945763655512928
23360,"other krill",0.552749213744349,0.0765377970224051,0.257610773367163,1.52046484705069,3.76968264951411
23360,"other macrozooplankton",0.919164729241554,0.402114088119206,0.755517077754513,1.12822775354819,1.37907383321642
23360,"salps",0.0551834660219831,0.0222374363072059,0.0430122121034101,0.0802274779602333,0.106779921001794
23360,"shelf and coastal fishes",0.250914760440151,0.137577562145203,0.215413506763128,0.285043182762666,0.321804259225847
23360,"small divers",0.00193597313859103,0.00113720144810118,0.0018066576539787,0.00206018160778558,0.00218728402606717
23360,"sperm whales",0.00124416003915384,0.000753982477275974,0.00104232294716298,0.00546788261584405,0.134978921222609
23360,"squids",0.00725063721685185,0.00472349400642662,0.00625361449102954,0.00860141147632364,0.0153289616086001
23360,"toothfishes",0.0533803626820508,0.00854376484806544,0.0336729497805293,0.0701596993771974,0.09384116075754
23725,"antarctic krill",0.688158781585103,0.0896385453582949,0.377333781013704,1.23867365463358,1.84449440264873
23725,"baleen whales",0.0437243889507384,0.00912598306023805,0.0434669270212413,0.163825356901771,0.942760924463821
23725,"bathypelagic fishes",0.125424444597284,0.052508615065421,0.0877045115996867,0.171748238986125,0.233772220769533
23725,"flying birds",0.000308670636167054,0.000278150624316405,0.000304875018689163,0.000313308423155798,0.000322081385233493
23725,"large divers",0.000946671874052528,0.000302578268661812,0.00056785120146041,0.00209670108330676,0.0116107333185499
23725,"leopard seals",0.000171125677516688,0.000101032399506899,0.000135273364630045,0.000194848991107954,0.000238848480984033
23725,"medium divers",0.0212429315844945,0.00815989273358333,0.0142138852961032,0.0323156029665835,0.0426438358212566
23725,"mesopelagic fishes",0.0929599218314262,0.0264463193291655,0.067237354224941,0.137796070202382,0.186132329898327
23725,"mesozooplankton",0.878288248257621,0.447886709384321,0.643510805336308,1.04697441349408,1.26919516317655
23725,"minke whales",0.00136438481056835,0.000387831001710367,0.000710377391242882,0.00395213138130427,0.988123774570297
23725,"orca",0.000459518736305981,0.000360053776966467,0.000430601479410443,0.000517079572934067,0.000944446504562051
23725,"other krill",0.572659341031344,0.0761462446836082,0.261879497184994,1.55050854444738,3.91620176299687
23725,"other macrozooplankton",0.939254162440656,0.389911286823843,0.750646067888046,1.14190841643279,1.43574831313257
23725,"salps",0.055074227070261,0.0221044308358325,0.0427287112490439,0.0799833435461959,0.106442112069622
23725,"shelf and coastal fishes",0.251351897999889,0.137903329440792,0.215805301062607,0.285409383294481,0.321905952194038
23725,"small divers",0.00193541134988582,0.00113775768814316,0.0018066681368037,0.00206035692787704,0.00218699974851238
23725,"sperm whales",0.00124358192318906,0.000754242935799067,0.0010420924670728,0.00545961111060185,0.134736623335582
23725,"squids",0.00726443372864097,0.00474527986529307,0.00626698064784046,0.00861069887002872,0.0153341895091653
23725,"toothfishes",0.0534518188246492,0.00858200656774831,0.0337256570484834,0.0702090234875138,0.0938465486411846
24090,"antarctic krill",0.676851516133841,0.0857603601705441,0.365157148690193,1.2351413527914,1.85097467787853
24090,"baleen whales",0.0436822140945557,0.00912708317269297,0.0434242655531986,0.163629205783854,0.941567900201872
24090,"bathypelagic fishes",0.124647750182006,0.0521462992130467,0.0871244985354015,0.171129521887817,0.233481540503862
24090,"flying birds",0.000308546082946769,0.000277784587116721,0.000304785327746639,0.000313182777496073,0.000322046812574764
24090,"large divers",0.000946654818035569,0.00030342528972315,0.000567976280284764,0.00208569819677185,0.0115659193458804
24090,"leopard seals",0.000171263594474858,0.000101085062229598,0.000135221703978445,0.000194929337299422,0.000238893516124107
24090,"medium divers",0.0212422328397471,0.0081763885464679,0.0142155786228774,0.032273623508517,0.0425976268183731
24090,"mesopelagic fishes",0.0919196290498928,0.0259342493487352,0.0664152016611046,0.136766383674403,0.185546138468159
24090,"mesozooplankton",0.828983164620308,0.342147031432714,0.585777014115974,0.992096942899405,1.21825858082598
24090,"minke whales",0.00136356739184939,0.000388531681324882,0.000710322241476682,0.00392950123219862,0.984682342257287
24090,"orca",0.000459542371601441,0.000360269708996282,0.000430660849480821,0.000516911702435461,0.000943070542219215
24090,"other krill",0.557479561525385,0.0682607684504626,0.248584029398453,1.55385555293934,3.93555423935662
24090,"other macrozooplankton",0.920986797469995,0.379064758753192,0.734903512947667,1.11871634771111,1.38408510273603
24090,"salps",0.0540382439039785,0.0214039686661037,0.0416298681293855,0.0796717775929082,0.106338663080471
24090,"shelf and coastal fishes",0.251686330577479,0.138369841637882,0.216118554365112,0.285724531069146,0.322092806811127
24090,"small divers",0.00193212590970398,0.00113479206152744,0.00180264750448263,0.00205885030722299,0.00218581786106017
24090,"sperm whales",0.00124295646868965,0.000754474789996856,0.00104181264601611,0.00545135017227574,0.13449468018481
24090,"squids",0.00728685211179523,0.00476062769592119,0.00628991085896718,0.00864139035926974,0.0153524905081167
24090,"toothfishes",0.0535482512057462,0.00861449114328482,0.0337891338883803,0.0702470927552441,0.0938483348501944
24455,"antarctic krill",0.680906315418815,0.0848072533208554,0.365239024980175,1.24027105672896,1.85891499770018
24455,"baleen whales",0.0436400779038253,0.00912891603402174,0.0433818189957311,0.163433428106507,0.940376507163005
24455,"bathypelagic fishes",0.123742149486366,0.0517338876590333,0.0866169596883026,0.170193636448862,0.232243216235739
24455,"flying birds",0.000308662648195309,0.000278045888568585,0.000304888704982604,0.000313293194922395,0.000322039273216328
24455,"large divers",0.000946262008593282,0.000303942303249598,0.000568421835223913,0.00207598276402893,0.0115215609506554
24455,"leopard seals",0.000171302875561736,0.000101050477046192,0.000135183144588822,0.000195012885193556,0.000238918654697885
24455,"medium divers",0.0212368311968715,0.00818817652280974,0.0142190916398823,0.0322302767380391,0.042541989064988
24455,"mesopelagic fishes",0.0913867630107528,0.0257360481497014,0.0662166760209872,0.135848647967568,0.1844874561783
24455,"mesozooplankton",0.895362134747087,0.467728552697546,0.658467494107862,1.06021909152563,1.28367257529782
24455,"minke whales",0.00136212517419388,0.000388555868146142,0.000710190939596123,0.00391339405520467,0.981252468658902
24455,"orca",0.000459573791714523,0.000360536979007805,0.000430769203994459,0.000516788570593846,0.000941784267398687
24455,"other krill",0.580717024731774,0.0690874187962559,0.262673251939645,1.59699828609197,4.09821334187028
24455,"other macrozooplankton",0.947561844870467,0.392342470938434,0.759028553453385,1.15515340804318,1.44584749585903
24455,"salps",0.0547388470453538,0.0215703247500596,0.0420003342778989,0.0797311430131836,0.106590758354859
24455,"shelf and coastal fishes",0.25165902579822,0.138402295539373,0.216149234381362,0.285771420288587,0.322034472426254
24455,"small divers",0.00193196542408598,0.00113584010654325,0.00180319792604663,0.00205935484604133,0.00218591715286845
24455,"sperm whales",0.00124239129307074,0.000754742821591846,0.00104159389049581,0.00544310933022164,0.134253283281058
24455,"squids",0.00729152017486082,0.00476271975796085,0.00629641095492872,0.00863486328908841,0.0153513571022293
24455,"toothfishes",0.0536456666952974,0.00865408864094256,0.0338694651267172,0.0702911413239933,0.0938556778044774
24820,"antarctic krill",0.691480379270954,0.0849935879697723,0.369204030977539,1.25091646204572,1.86977574096976
24820,"baleen whales",0.0435979930669947,0.00913091183395082,0.0433394510129608,0.163237918268025,0.939186657675338
24820,"bathypelagic fishes",0.123720861774273,0.0522510718030359,0.0871548732364887,0.169973312484761,0.231776017422325
24820,"flying birds",0.000308793075837865,0.000278572939256196,0.000305009486539694,0.000313345956084028,0.00032208160734565
24820,"large divers",0.0009460644467008,0.000304427142401808,0.000568692375981497,0.00207124467452987,0.0114774484373956
24820,"leopard seals",0.000171336764160505,0.000101023230893588,0.000135093053341165,0.000195134550911976,0.000238953064564705
24820,"medium divers",0.0212306764669269,0.00819505679873933,0.0142216631619533,0.0321866288395685,0.0424873577991854
24820,"mesopelagic fishes",0.0920940318246682,0.0260189033448608,0.0669788256308221,0.136036100389292,0.184546248554573
24820,"mesozooplankton",0.872119997827769,0.421837701097783,0.642560824176959,1.03186810619208,1.25102905072693
24820,"minke whales",0.00136059926700231,0.000389113030404945,0.000709640798473918,0.00389797732195591,0.977833950711174
24820,"orca",0.000459606735959819,0.000360814768910931,0.000430867389004015,0.000516673876559374,0.000940515661146826
24820,"other krill",0.588041278379354,0.0712102550466723,0.267877469270651,1.59181526029436,4.03241311516779
24820,"other macrozooplankton",0.976409693273164,0.406180639195427,0.780965529918287,1.17673836674158,1.45190163623316
24820,"salps",0.0553232239361364,0.0219154737290911,0.0425607282039479,0.0802730852606908,0.106695349025215
24820,"shelf and coastal fishes",0.251820435316335,0.138797927987657,0.216222158699015,0.285735989831437,0.322128462712375
24820,"small divers",0.00193402148786856,0.00113835431359115,0.00180603311205181,0.00206103612144988,0.00218647902570989
24820,"sperm whales",0.00124183475326414,0.000755014978379959,0.00104138643132628,0.00543488382542985,0.134012340854166
24820,"squids",0.00728392423604605,0.00476502498987024,0.00630184665071995,0.00862406887014862,0.0153450081701986
24820,"toothfishes",0.0536823580377005,0.0087007356178018,0.0339509100898983,0.0703129919709446,0.0938641651635928
25185,"antarctic krill",0.690796105587169,0.085029821659621,0.371274893833521,1.24696141585132,1.86108596823187
25185,"baleen whales",0.0435559596219735,0.00913281163000692,0.0432971126206636,0.163042634889104,0.937998309995795
25185,"bathypelagic fishes",0.12395072879588,0.0523081388104795,0.0873494023775702,0.169438841438022,0.231489425627518
25185,"flying birds",0.000308837458387746,0.000278886629087217,0.000305079407132232,0.000313406166528739,0.000322067488580185
25185,"large divers",0.000945917572328538,0.000304819499124954,0.000568545340813205,0.00206804283016167,0.0114335449262551
25185,"leopard seals",0.000171351810768554,0.000101100707591293,0.00013500958154577,0.000195061103475958,0.000238990158984318
25185,"medium divers",0.0212209250847633,0.00819486905352128,0.0142234041889706,0.0321426248588343,0.0424449547896701
25185,"mesopelagic fishes",0.0924945687621451,0.0259575396182128,0.0672752540450118,0.135817734262491,0.184564496640465
25185,"mesozooplankton",0.879929159805857,0.447826712148256,0.652884185445692,1.03672549538821,1.2492045271508
25185,"minke whales",0.00135895331835136,0.000389436286847728,0.000709401928285492,0.0038825171969248,0.974426673006502
25185,"orca",0.000459641272785101,0.00036110314754428,0.000430971831585001,0.000516566841237631,0.0009392621107576
25185,"other krill",0.581914436220579,0.0728585750822159,0.266363378218416,1.56120243567795,3.90755060485451
25185,"other macrozooplankton",0.949083207557928,0.405371027214486,0.774171087845313,1.15655665203973,1.42004240941675
25185,"salps",0.0554503938093528,0.0221685153297821,0.0428656015474527,0.0801052143823349,0.106711426686371
25185,"shelf and coastal fishes",0.251627334761652,0.138951173056944,0.216130100074783,0.285635110496014,0.322066299122369
25185,"small divers",0.00193714407701836,0.00114087884904072,0.00180916340762765,0.0020612299144856,0.00218666853524443
25185,"sperm whales",0.00124128018541943,0.000755271710844231,0.00104118328998611,0.00542667284330379,0.133771836199176
25185,"squids",0.00728015677031964,0.00476938993557114,0.00629451317668892,0.008601973822194,0.0153285105384806
25185,"toothfishes",0.0537135334762292,0.00874879315910728,0.0340042573131365,0.070315293610942,0.09386827461242
25550,"antarctic krill",0.695158610706651,0.0854965525261621,0.374152355845353,1.24851221148546,1.86000752517453
25550,"baleen whales",0.0435139863609734,0.0091345454353022,0.0432547867142815,0.162847571095614,0.936811457640636
25550,"bathypelagic fishes",0.124147836988268,0.0525965030025,0.0877484642041667,0.169610934612535,0.231584408824451
25550,"flying birds",0.000308822087135165,0.000278990547452945,0.000305083195680582,0.000313361950345068,0.000322033932264054
25550,"large divers",0.000945793487595046,0.000305112086984634,0.000568781011612733,0.00206518812792941,0.0113897800314339
25550,"leopard seals",0.000171437341436611,0.000101202671324426,0.000134930055115426,0.000195095249153093,0.000239033007393273
25550,"medium divers",0.0212161366311741,0.00819722194083061,0.0142271081494787,0.0321127184213563,0.0423908349695852
25550,"mesopelagic fishes",0.0927910567000559,0.0261698501823618,0.0675405602961687,0.13604247530842,0.184742273119396
25550,"mesozooplankton",0.895630270726682,0.468989328527606,0.6680437082198,1.05582831940304,1.27505118825012
25550,"minke whales",0.00135823906110352,0.000390335052757226,0.000710502002131149,0.00386293950030911,0.971030581066672
25550,"orca",0.000459674054238978,0.000361380157997392,0.000431076360092989,0.000516448776185872,0.000937986448916256
25550,"other krill",0.590890070051887,0.0753855404711349,0.272160943811114,1.56812266418716,3.90204192444983
25550,"other macrozooplankton",0.96708980202279,0.407095634243265,0.779184734199749,1.17426380248291,1.46278270400871
25550,"salps",0.0555714565711,0.0224591927955073,0.0430955998042959,0.0801305349986662,0.106656084702321
25550,"shelf and coastal fishes",0.251651706335025,0.139348569539286,0.216180306339221,0.285637649662896,0.322093307636419
25550,"small divers",0.00193901705201268,0.00114261358171053,0.00181113055431014,0.00206110001581584,0.00218605951614333
25550,"sperm whales",0.00124070943650675,0.000755488339396651,0.00104096307249941,0.00541847533405713,0.133531734721704
25550,"squids",0.00727316725078092,0.00477641876731587,0.00630180490603805,0.00859201522165256,0.0153194621715533
25550,"toothfishes",0.0538226726942426,0.00879803246999354,0.0340584866269689,0.0703096851133933,0.0938717235804077
25915,"antarctic krill",0.705500628733154,0.0879842280876646,0.3831844821549,1.2558332601699,1.86350180864558
25915,"baleen whales",0.0434720672675505,0.00913630416057185,0.043212515120297,0.16265275839539,0.935626124088795
25915,"bathypelagic fishes",0.124711922878256,0.0532034579895026,0.0885604314206769,0.170184978734108,0.231909771057783
25915,"flying birds",0.000308841386533701,0.000279160597415667,0.000305134075710778,0.000313363738044362,0.000322011274303205
25915,"large divers",0.000945538978292877,0.000305219165823158,0.000568998272590738,0.0020630163646176,0.0113462262282491
25915,"leopard seals",0.000171452459545316,0.000101353083185086,0.000134810911938809,0.000195079690947773,0.000239032912531881
25915,"medium divers",0.0212112402696531,0.0082027355124538,0.0142291167083295,0.0320550196038582,0.0423448161132346
25915,"mesopelagic fishes",0.0936206881507651,0.0266605799557428,0.0683627664038646,0.136709499233676,0.185147812669797
25915,"mesozooplankton",0.923118530753185,0.508932106399119,0.699675742332959,1.07908811889871,1.29806351117615
25915,"minke whales",0.00135756085612707,0.000391050868508852,0.000710794979308749,0.00383872472695093,0.967645692948754
25915,"orca",0.000459707139341219,0.000361663096651116,0.000431184751969015,0.000516334102457805,0.000936718698487626
25915,"other krill",0.606428383068318,0.0815004750927744,0.286377669770338,1.58410548587685,3.89332658833272
25915,"other macrozooplankton",1.00698965350127,0.424282437536764,0.810838458525364,1.21913661992373,1.50954744698305
25915,"salps",0.0560746563341051,0.0229724627506911,0.043730819581016,0.0806680955829205,0.107036569068965
25915,"shelf and coastal fishes",0.251772011662748,0.139846900338588,0.216349032166764,0.285673188580116,0.322170125823629
25915,"small divers",0.00193960734417143,0.00114478471156639,0.00181312116316822,0.00206129209713601,0.00218568449299617
25915,"sperm whales",0.00124014297494678,0.000755708713685282,0.00104073904754189,0.0054102925742442,0.133292072878744
25915,"squids",0.00727244435085569,0.00479028897714504,0.0063088299461879,0.00858931935851826,0.0153129084895174
25915,"toothfishes",0.0538476821928538,0.00882530216358754,0.0341036028177795,0.0703075129164944,0.0938764621668169
26280,"antarctic krill",0.710390801297687,0.0921916318099021,0.390352372127913,1.25766037775664,1.85772830058441
26280,"baleen whales",0.0434302008529964,0.00913809264563472,0.0431703006267192,0.162458197554245,0.9344423076884
26280,"bathypelagic fishes",0.125555288435562,0.0540837229583313,0.0893451453236949,0.171141468401524,0.232441231695923
26280,"flying birds",0.000308881105078991,0.000279383899448184,0.000305188779723342,0.00031338932895904,0.000321991966482832
26280,"large divers",0.000945413385823769,0.000305308802933912,0.000569035897115769,0.00205832285199943,0.0113028967728259
26280,"leopard seals",0.000171462901817713,0.000101324848146042,0.000134795388340167,0.000195121997083477,0.000239049235996691
26280,"medium divers",0.0212007176598747,0.00821314546795836,0.0142085280294263,0.032011045289042,0.0423048835419388
26280,"mesopelagic fishes",0.0948262576478395,0.0272499217392713,0.0692534629260549,0.137586667649756,0.185972323357659
26280,"mesozooplankton",0.906944080568508,0.487367486210152,0.684170054631236,1.05943809512318,1.27058252032214
26280,"minke whales",0.00135682678642235,0.000391600011702344,0.00071108506334999,0.00381462248493666,0.964271963905339
26280,"orca",0.000459740666498572,0.000361955661107682,0.000431295409543466,0.000516225512557349,0.000935465226106159
26280,"other krill",0.597273329023769,0.0847704331962641,0.283784820550292,1.55583756062934,3.78321944163906
26280,"other macrozooplankton",1.00124254460643,0.438282539607579,0.816941109459431,1.21612649270637,1.48078385961659
26280,"salps",0.0562459054596215,0.0233105500691428,0.0441756420419846,0.0809959998469954,0.107304933986964
26280,"shelf and coastal fishes",0.252068557524327,0.140331471970331,0.216597050223308,0.285797490143477,0.3222700194268
26280,"small divers",0.00194027910061809,0.00114754141258108,0.00181513849886145,0.00206134711827508,0.00218567176420528
26280,"sperm whales",0.00123958541685131,0.0007559371704768,0.00104051142815448,0.00540212482845077,0.13305285745893
26280,"squids",0.00727282835535179,0.00481076407160147,0.00631465480949226,0.00858790497717446,0.0153065498849034
26280,"toothfishes",0.0538579064401108,0.00884649016939179,0.0341723534467716,0.070312909749818,0.0938868935515631
26645,"antarctic krill",0.706646487399672,0.0928458204156313,0.388093455837716,1.25368545163139,1.84713783538132
26645,"baleen whales",0.0433883984582206,0.00913950561092287,0.0431280614712774,0.162263826317744,0.933259954303954
26645,"bathypelagic fishes",0.12638636393023,0.0544062471727133,0.0900086391338508,0.172096957083258,0.233634704567318
26645,"flying birds",0.000308815842688622,0.000279187434990177,0.000305113018370901,0.000313308933866804,0.000321935878731209
26645,"large divers",0.000945319458168354,0.000305762054051606,0.000568843395711554,0.00205403288911406,0.0112596400950875
26645,"leopard seals",0.000171510923695435,0.000101294420960567,0.000134861377552261,0.000195295120736939,0.000239068632831949
26645,"medium divers",0.0211755050681706,0.00823122814594754,0.0142067608265781,0.0319676297083942,0.0422829948103519
26645,"mesopelagic fishes",0.0951566925182682,0.0276767192988845,0.0697314560101333,0.138615768881815,0.186493008728323
26645,"mesozooplankton",0.886328809700846,0.454137306469705,0.655664722947108,1.04700377335912,1.26388686973235
26645,"minke whales",0.00135431844813421,0.000392126040277585,0.000711367227667856,0.003791063812027,0.960909247506528
26645,"orca",0.000459768778543504,0.000362219157165361,0.000431393753668207,0.000516091361236754,0.000934165701721769
26645,"other krill",0.574717323238815,0.0811239895210662,0.269547545924028,1.53453943907145,3.75166798003034
26645,"other macrozooplankton",0.968720336119405,0.422660607029407,0.791323197841426,1.17893724820942,1.44711248499259
26645,"salps",0.0559489675122641,0.0230973762104791,0.0438012503167531,0.0808025410584913,0.107119840051465
26645,"shelf and coastal fishes",0.252704524593759,0.141124183607984,0.217125724420014,0.286408356881929,0.322493119708267
26645,"small divers",0.00193927727449426,0.00114798503558727,0.00181422118968946,0.00206111837385162,0.00218541611725602
26645,"sperm whales",0.00123899840259216,0.000756136112626846,0.00104022716435033,0.00539396933422877,0.13281401761146
26645,"squids",0.00729107213056005,0.00482960097029063,0.00633672577063944,0.00861012436034431,0.0153179273049816
26645,"toothfishes",0.0539341848591605,0.00886749868250631,0.0342730013837141,0.0703232503179174,0.0939000026961282
27010,"antarctic krill",0.703356364357051,0.0916376943890554,0.382213758632656,1.24833583979979,1.84279416813353
27010,"baleen whales",0.0433466544010057,0.00914068147336882,0.0430858324070367,0.162069669075628,0.932079080472149
27010,"bathypelagic fishes",0.126730569453164,0.0545464102471041,0.0900326350137851,0.172576832487832,0.234650538826504
27010,"flying birds",0.000308727574857725,0.000278796059707189,0.000305017549587454,0.000313282341104471,0.000321902681133452
27010,"large divers",0.00094523536826059,0.000306237972696,0.000569017629878241,0.00204720874550337,0.0112100501570848
27010,"leopard seals",0.000171570485781873,0.000101253076727379,0.000135011691712689,0.000195457661597671,0.000239043644078025
27010,"medium divers",0.0211776355967043,0.00825348834938615,0.0142006714923829,0.0319244095080954,0.0422682819817821
27010,"mesopelagic fishes",0.095048305890662,0.0276591839141333,0.0696307280592128,0.138945087342018,0.18681809448334
27010,"mesozooplankton",0.896471535360205,0.467379105861709,0.664646018956251,1.06181701438908,1.28477233575797
27010,"minke whales",0.00135457561094051,0.000393020396082674,0.000711030280132221,0.0037678909895,0.957557539442046
27010,"orca",0.00045977077864854,0.000362438920433968,0.000431480174000818,0.000515941621369528,0.000932842842127574
27010,"other krill",0.576965932507046,0.079257764505319,0.26448711415793,1.55873188953675,3.84760952944022
27010,"other macrozooplankton",0.96796152182822,0.411864289492427,0.78294293723561,1.18069845848108,1.46323647839209
27010,"salps",0.0554932857165682,0.0227901057367643,0.0433269365802712,0.0806718692450944,0.106696881367387
27010,"shelf and coastal fishes",0.253349059344691,0.141917400333291,0.217780608362777,0.286907773252324,0.322693456693593
27010,"small divers",0.00193642266596911,0.00114668513498339,0.00181115439386368,0.00206012770549849,0.00218517202454366
27010,"sperm whales",0.00123839536188057,0.000756317220552538,0.00103994289669301,0.00538582688852185,0.132575579117024
27010,"squids",0.00731439872073133,0.00484097030189719,0.00636596898527738,0.00864064758451431,0.015340713042587
27010,"toothfishes",0.0539993837613646,0.00889058115590954,0.0343645574185815,0.0703784891141944,0.093913585538581
27375,"antarctic krill",0.701740133066841,0.0907527873250631,0.380654712972895,1.24774130024204,1.84553188608212
27375,"baleen whales",0.0433049543430259,0.00914234082310113,0.043043758646024,0.16187584454849,0.93089978778881
27375,"bathypelagic fishes",0.126687637672581,0.0547179027639677,0.0900564813785056,0.172628249756355,0.235058250731265
27375,"flying birds",0.000308807102768542,0.000279036769069405,0.000305122208099653,0.000313299423383635,0.000321893403527101
27375,"large divers",0.000945079745991492,0.000306426089226495,0.000568422459821128,0.00204137743341139,0.0111337890416734
27375,"leopard seals",0.000171668033701433,0.000101310402015376,0.000135078683321361,0.00019549619329669,0.000239023028820232
27375,"medium divers",0.0211690976029795,0.00826826632817159,0.0141941982771756,0.0318806100477343,0.0421983986770793
27375,"mesopelagic fishes",0.0949647240836503,0.0278505956920959,0.0697036389394892,0.139043910902107,0.186608610115432
27375,"mesozooplankton",0.874251843278113,0.432533273864066,0.640100538639164,1.03137817048109,1.25061950341048
27375,"minke whales",0.00135423203593887,0.000393806519881442,0.000710678989706826,0.00374669513139222,0.954217002897031
27375,"orca",0.000459794838907697,0.000362663575613405,0.000431586442851614,0.000515817334280385,0.000931575959528318
27375,"other krill",0.574018290812251,0.0768926562829892,0.26086759049119,1.5570704708824,3.87796742066776
27375,"other macrozooplankton",0.962986006149713,0.408069104783366,0.779495330351631,1.17195853214352,1.43769071687266
27375,"salps",0.0553519271762738,0.0226010874590314,0.043117163265992,0.0806767753961036,0.106707508243217
27375,"shelf and coastal fishes",0.253880957807148,0.142602237746437,0.218299908623927,0.287268064235138,0.322841775975153
27375,"small divers",0.00193594146775366,0.00114785628057956,0.00181090326386094,0.00206021147703357,0.00218473185173889
27375,"sperm whales",0.00123783309999023,0.000756562812479405,0.00103971811065771,0.00537770252476118,0.132337644884084
27375,"squids",0.007331744329624,0.00486994824020081,0.00638488649868164,0.00865864998904108,0.0153563459158746
27375,"toothfishes",0.054058888351101,0.00893687927998733,0.0344424740658226,0.0704436370061441,0.0939446873943728
27740,"antarctic krill",0.688156475270395,0.0881582444095569,0.371545924331587,1.24162640614343,1.8402137878198
27740,"baleen whales",0.0432633179656896,0.00914323101228026,0.0430016006355986,0.161682140632774,0.929721891250082
27740,"bathypelagic fishes",0.126001186477761,0.0539721822681769,0.0890851032570349,0.172137630676369,0.234692457026638
27740,"flying birds",0.000308615511109451,0.000278388302395107,0.000304936526093447,0.000313220877852585,0.000321809494890462
27740,"large divers",0.000944583438929169,0.000306532889886354,0.00056811293449801,0.00203442219861616,0.011051337104486
27740,"leopard seals",0.000171734162972209,0.000101361655338232,0.000135269275400651,0.000195602429741663,0.000239009058712952
27740,"medium divers",0.0211721441747622,0.00829276476720118,0.0141894885472016,0.031849776832798,0.0421410193605208
27740,"mesopelagic fishes",0.0937157785511318,0.0273301812060798,0.0684669552843513,0.138124297630031,0.186529747976033
27740,"mesozooplankton",0.872388737565769,0.426478715699492,0.637670029043395,1.03944175776088,1.26078743159356
27740,"minke whales",0.00135177653508991,0.000394871439793304,0.000710654804740395,0.00373442484355565,0.950887256040256
27740,"orca",0.00045976509921917,0.00036285862476818,0.000431647072788466,0.000515655572023615,0.000930243785821759
27740,"other krill",0.564522146310277,0.0727988953701595,0.253515769349793,1.55767255471614,3.92638308436957
27740,"other macrozooplankton",0.936477658048954,0.394273595069782,0.758285849072549,1.14347778331509,1.410145103379
27740,"salps",0.0545980719204826,0.0220963564375083,0.0423444109175453,0.0801526117782672,0.106471147568925
27740,"shelf and coastal fishes",0.254233229000609,0.142884928466297,0.218663970772921,0.287619861868152,0.323051792137158
27740,"small divers",0.00193070270696817,0.00114471475254886,0.00180605437302656,0.00205883520296405,0.00218334884252393
27740,"sperm whales",0.00123721628865519,0.000756794310970862,0.00103945105719971,0.00536958795177138,0.13210004349889
27740,"squids",0.00735245043289062,0.00487543374392594,0.00639814062320272,0.00869071796784851,0.0153786905523173
27740,"toothfishes",0.0541747290236338,0.00899123490246708,0.0345038446504694,0.0704936151212621,0.0939692812086928
28105,"antarctic krill",0.678165106965041,0.0856714638939364,0.364720898656278,1.23273333872438,1.84017892602573
28105,"baleen whales",0.04322172558658,0.00914420148077697,0.042959530705088,0.161488709045228,0.928545514203021
28105,"bathypelagic fishes",0.123921537994392,0.0520301064339908,0.086773902238658,0.169986856111222,0.232701547698399
28105,"flying birds",0.000308563688471888,0.000277998055367741,0.000304838114663631,0.000313159141040322,0.000321709291052937
28105,"large divers",0.000944286978154698,0.000306848343073912,0.000568070715277862,0.00203004323726265,0.0109688643608258
28105,"leopard seals",0.000171663829816529,0.000101428268590214,0.000135473356498375,0.000195613390833855,0.000239045839105532
28105,"medium divers",0.0211715461047077,0.00831082703938036,0.0141840396955197,0.0318555381885725,0.0421108120883692
28105,"mesopelagic fishes",0.0914136834897687,0.0265088478264166,0.0662821880292826,0.136009154823547,0.184814963971581
28105,"mesozooplankton",0.864702272266708,0.418367505335261,0.632200005475446,1.02188374230878,1.23634561194798
28105,"minke whales",0.00135018737552758,0.00039518300162279,0.000710529501541785,0.00372178424241138,0.947568490262815
28105,"orca",0.000459766951958949,0.000363108303352049,0.000431728762862992,0.000515514061204641,0.000928956710690431
28105,"other krill",0.573373977079964,0.06847313775898,0.257601385674375,1.55982602604152,3.99978019137434
28105,"other macrozooplankton",0.91708340013119,0.384924920311974,0.737923322576241,1.11712319764798,1.38310607285821
28105,"salps",0.0540603029640815,0.0217442929594657,0.0417029094800341,0.0793462203229482,0.105871356867652
28105,"shelf and coastal fishes",0.254129199333353,0.141992739455557,0.218252449294228,0.287285520301701,0.322820250617315
28105,"small divers",0.00192699913351643,0.00114199191565412,0.00180180987865134,0.00205773476436503,0.00218286793515679
28105,"sperm whales",0.00123661959232012,0.000757041370042672,0.00103919736747001,0.00536148988754826,0.131862907238076
28105,"squids",0.00734792914765174,0.00486803617000772,0.00639114976188,0.00869146687660626,0.01537692947207
28105,"toothfishes",0.0541955449176205,0.00903820222158831,0.0345546501588998,0.0705134375034487,0.0939881365154738
28470,"antarctic krill",0.669170754496267,0.0828041577576923,0.355747379437335,1.22878460597285,1.84438100014425
28470,"baleen whales",0.0431801893079267,0.00914503437906867,0.0429174956578654,0.161295508455376,0.927370627347944
28470,"bathypelagic fishes",0.121437196350876,0.0504033730337691,0.0844097623832718,0.167707982204578,0.230664114725782
28470,"flying birds",0.000308476364050836,0.000277683235708954,0.000304694656063401,0.000313055854516036,0.000321628463686101
28470,"large divers",0.000943735401157744,0.000306753660111274,0.000568014010761826,0.00202730527695546,0.0108872710449752
28470,"leopard seals",0.000171642145690422,0.000101367342776885,0.000135654843189266,0.000195655502118761,0.000239072900959192
28470,"medium divers",0.0211682569828321,0.00833059720740918,0.0141892405268879,0.0318884998649158,0.042066368550289
28470,"mesopelagic fishes",0.0893001417319954,0.0254325935546446,0.0641881438125308,0.133722504302174,0.183394156618317
28470,"mesozooplankton",0.845909228565769,0.378274285680194,0.605140797774221,1.0096648771178,1.22938397959315
28470,"minke whales",0.00134883906920294,0.000395583802889197,0.000710515862908169,0.00369869495523882,0.944043187645467
28470,"orca",0.000459778822181656,0.000363339665622178,0.000431793079165541,0.000515359705699251,0.00092765006087621
28470,"other krill",0.570359910852318,0.0671882759927185,0.256099976235894,1.56845359567502,4.03891928934259
28470,"other macrozooplankton",0.90294752155998,0.374130518349696,0.719670868276646,1.09477777734152,1.36139511940173
28470,"salps",0.0534536484937087,0.021203145843713,0.0411849464688252,0.0787730365212123,0.105446063154758
28470,"shelf and coastal fishes",0.253331320486463,0.140941557109534,0.217467633259196,0.286743145178176,0.322417457159466
28470,"small divers",0.00192343628807117,0.00113811518805786,0.00179670802923167,0.00205674295236039,0.00218284610161129
28470,"sperm whales",0.00123600042814625,0.000757275020024626,0.00103894551689536,0.00535340449430615,0.131626163641489
28470,"squids",0.00733081743723887,0.00483499804795805,0.00636571704568477,0.00868097514395759,0.0153686172602171
28470,"toothfishes",0.0542263784676128,0.00907407198739646,0.0345884413142315,0.0705147508397897,0.0939917885976026
28835,"antarctic krill",0.688226494881692,0.0835155692313467,0.36436981683325,1.24849033193498,1.86924285636732
28835,"baleen whales",0.0431387022031567,0.00914639774807533,0.0428756340040869,0.161102652962377,0.9261973336296
28835,"bathypelagic fishes",0.12067347193213,0.0499031406622689,0.0844938556015718,0.16674453978915,0.229743072772556
28835,"flying birds",0.000308467287985453,0.00027771913264562,0.000304770400396727,0.000313067622617756,0.000321594604871735
28835,"large divers",0.000943368638237415,0.000306833784679392,0.000567976941166,0.0020255073701969,0.0108059287428941
28835,"leopard seals",0.00017168207934748,0.000101254289704871,0.000135693518773787,0.000195788606985062,0.00023910919585507
28835,"medium divers",0.0211665629049886,0.00833988925017067,0.0141809896522157,0.0318760866794104,0.0420120162446795
28835,"mesopelagic fishes",0.0890539588057657,0.0252314558205878,0.0640951263596897,0.133385946664876,0.18276247008398
28835,"mesozooplankton",0.918853734392913,0.4919661331291,0.682553295928887,1.08603864004624,1.31279362470225
28835,"minke whales",0.00134818119754408,0.000396306737346696,0.000710374980814621,0.00368554184041995,0.937259231959215
28835,"orca",0.000459798240389764,0.000363579351724008,0.00043186973294774,0.000515217791191421,0.000926371063081272
28835,"other krill",0.620301595577559,0.0731157197725754,0.284400696312517,1.64268493900329,4.19297483227154
28835,"other macrozooplankton",0.983562012938297,0.395929795581165,0.77391410973318,1.18689693961324,1.49412002779509
28835,"salps",0.054678176837079,0.0217671443961423,0.0420759197588143,0.0795056153504133,0.105823884001586
28835,"shelf and coastal fishes",0.252652011506297,0.140479390663917,0.216696066807094,0.286260466108011,0.322111586288159
28835,"small divers",0.00192347403348513,0.00113686432001334,0.00179497299400372,0.00205725872328631,0.00218272911685263
28835,"sperm whales",0.00123540190685109,0.000757522375131974,0.00103871436776848,0.00534533570775974,0.131389887734908
28835,"squids",0.00731061708161215,0.00481262026669842,0.00634402128447703,0.00866772403108595,0.0153563166930776
28835,"toothfishes",0.0542271665266477,0.00911011148726477,0.034656761366802,0.0705091863375026,0.0939980463146133
29200,"antarctic krill",0.693321020939154,0.0831054809207164,0.365964954716127,1.25805195408515,1.87665910581184
29200,"baleen whales",0.0430972695278587,0.00914748420511841,0.0428337725784728,0.160909996824463,0.92502550075079
29200,"bathypelagic fishes",0.120512244333306,0.0497954330970173,0.0846101057376636,0.166504157042118,0.229992144499981
29200,"flying birds",0.000308427869664458,0.000277642500263442,0.00030468876631807,0.000312994980712866,0.000321550034621437
29200,"large divers",0.000943460158412123,0.000307561971916916,0.000567874938358508,0.00202364377695634,0.0107253773193969
29200,"leopard seals",0.000171710785922596,0.000101234013588356,0.000135780165798692,0.000195706013326748,0.000239091578112746
29200,"medium divers",0.0211589356405057,0.00834503556082138,0.0141701866604945,0.0318678059177813,0.0419951854169607
29200,"mesopelagic fishes",0.0894449081289826,0.0247654780450135,0.0641593754740815,0.133769886188774,0.183367608707721
29200,"mesozooplankton",0.85664850726921,0.37729847396826,0.618352572097205,1.01582145204613,1.23044054730735
29200,"minke whales",0.00134719196241371,0.000397688677125574,0.000711083032338795,0.0036640317437834,0.928030668983113
29200,"orca",0.000459814552810091,0.000363806111620105,0.00043193521306785,0.000515067642706851,0.00092507855784059
29200,"other krill",0.592227217845923,0.0726241215641908,0.273123652041836,1.5993535830219,4.08024490624486
29200,"other macrozooplankton",0.961471720760441,0.399614094717276,0.775993857282569,1.16650856702245,1.4229203945544
29200,"salps",0.0546745775009328,0.0217351101501144,0.0421681337368293,0.0796947720892436,0.10608645108628
29200,"shelf and coastal fishes",0.251908276710329,0.140003056440912,0.21616005998189,0.285746951626494,0.321800812759299
29200,"small divers",0.00192310124886119,0.0011345594625459,0.00179326150482432,0.00205717885803372,0.00218255934369996
29200,"sperm whales",0.00123478554641754,0.000757713131087046,0.00103848072955732,0.00533727974939277,0.131154005622191
29200,"squids",0.00728549798519985,0.00480293938518918,0.00631514382751415,0.00864915525493272,0.0153386091226672
29200,"toothfishes",0.0542102871598385,0.00914438598331195,0.0346790491145313,0.0704926797203867,0.0939899583704733
29565,"antarctic krill",0.701339121375344,0.0856208793994959,0.377437647787821,1.26618249976622,1.88923669840702
29565,"baleen whales",0.043055879621069,0.00914930114942123,0.0427920701504405,0.160717707738936,0.923855273667662
29565,"bathypelagic fishes",0.121566515917775,0.0506323626339593,0.0854121688447892,0.167262126899303,0.230787964785727
29565,"flying birds",0.000308510130682478,0.000277895276082487,0.000304810547630179,0.000313107059431053,0.000321542738413017
29565,"large divers",0.000943581711542487,0.00030808185870473,0.000568022505409723,0.00202198882853702,0.0106446360065063
29565,"leopard seals",0.00017170750042044,0.000101309517718942,0.000135875459554705,0.000195756378966817,0.000239101494879576
29565,"medium divers",0.0211535895924042,0.00834859628136251,0.0141705407249048,0.031810160110988,0.0419641152391626
29565,"mesopelagic fishes",0.090926995573882,0.0251903911109284,0.065321484415201,0.134598459404566,0.183901391850423
29565,"mesozooplankton",0.937320615915826,0.525132384459985,0.703717409695472,1.0955212916447,1.31421941244333
29565,"minke whales",0.00134695832337776,0.000398202199898125,0.000710911677761887,0.00364314654341639,0.917861498338944
29565,"orca",0.00045984884778251,0.00036406353397917,0.000432036820176781,0.000514948830380123,0.000923847715102431
29565,"other krill",0.616319245981472,0.0775821863487205,0.28876801149444,1.60384505801156,4.01050863264246
29565,"other macrozooplankton",0.987542059227959,0.418615754341107,0.799581320224431,1.20159681237812,1.50165752189446
29565,"salps",0.0558782175265903,0.0225309621353904,0.0432715572366814,0.0802243054382164,0.106926744150029
29565,"shelf and coastal fishes",0.251316921968417,0.139922840673044,0.215641677733925,0.285322138905269,0.321409874288652
29565,"small divers",0.00192701040763434,0.00113641294939121,0.00179766597882599,0.00205732527101419,0.00218313460372065
29565,"sperm whales",0.00123421988847326,0.000757994783079169,0.00103825781170675,0.00532924240193026,0.130918635345644
29565,"squids",0.0072559588731359,0.00477571659349091,0.0062875313623302,0.00861438525717436,0.0153383149631114
29565,"toothfishes",0.0542048197374072,0.00917692707343872,0.0346919109831598,0.0706032158277123,0.0939919296007964
29930,"antarctic krill",0.717901106510005,0.0890261927287856,0.391698664307397,1.27991402327313,1.89584669675998
29930,"baleen whales",0.0430145459495674,0.00915101817891687,0.0427503749959869,0.160525639973977,0.922686525696082
29930,"bathypelagic fishes",0.12373541638783,0.052176439316441,0.0872609305380877,0.169432482232635,0.232232785164911
29930,"flying birds",0.000308551812831005,0.000278112796910765,0.000304852227965944,0.00031312145559571,0.000321529755898631
29930,"large divers",0.000943195141614892,0.0003086907035201,0.000568084294460815,0.00201986953750985,0.0105646916388135
29930,"leopard seals",0.000171695263224015,0.000101341936141173,0.000136051104448871,0.000195882324795386,0.000239080453555288
29930,"medium divers",0.0211493769753291,0.00835539127144733,0.0141634842137989,0.0317768323194966,0.0419502720501915
29930,"mesopelagic fishes",0.0931301126775795,0.0258916784248784,0.0672659644877559,0.136582814680378,0.185234576165072
29930,"mesozooplankton",0.929609236985159,0.50535684620683,0.704273409476872,1.08172831294115,1.29364155161366
29930,"minke whales",0.00134679634058331,0.000398988396453666,0.000711578625743554,0.00362308722937951,0.907745745491892
29930,"orca",0.000459880402125079,0.000364314094131595,0.000432118360464479,0.000514823857498226,0.000922603591055385
29930,"other krill",0.62225630903839,0.0861299423616482,0.299611163460934,1.59348303693483,3.90893363695216
29930,"other macrozooplankton",1.03432842035576,0.446383892600769,0.828797587113897,1.24644609168358,1.53924908093856
29930,"salps",0.0565842117356585,0.0232816739802665,0.0442034272053104,0.0811108876233005,0.107545514017361
29930,"shelf and coastal fishes",0.251082578068576,0.140242751047707,0.215389733055944,0.285083017086719,0.321414117196097
29930,"small divers",0.00193028174339298,0.00113824932606575,0.00180214086086536,0.00205832560039273,0.00218318170488108
29930,"sperm whales",0.00123364915108718,0.000758273312667369,0.00103803497533725,0.00532121892816805,0.130683673058853
29930,"squids",0.00723956903792723,0.0047673968358952,0.00627783759714082,0.0085943804709982,0.0153743943593994
29930,"toothfishes",0.0542496116261513,0.00921246553917457,0.0347302343982827,0.0705861213875636,0.093992135838539
30295,"antarctic krill",0.715658972408518,0.0913332395233051,0.394203817791314,1.27602625203256,1.89176675148895
30295,"baleen whales",0.0429732731437698,0.00915245023931236,0.0427086971682942,0.160333765948731,0.921519228929041
30295,"bathypelagic fishes",0.125973542668331,0.0535188990255985,0.0892962323359538,0.17159012624816,0.234490718066581
30295,"flying birds",0.000308517172403652,0.000278020331223758,0.000304819410057156,0.000313083825017976,0.000321514919330275
30295,"large divers",0.000942716853071143,0.000309162620617048,0.000567624226927123,0.00201676429867298,0.0104858833340891
30295,"leopard seals",0.000171702869559611,0.000101384736273799,0.000136279985925982,0.000195981403468408,0.000239094373142409
30295,"medium divers",0.0211482607908187,0.00836362009504456,0.0141534191085607,0.03172887649851,0.0419278068349668
30295,"mesopelagic fishes",0.0948359328482697,0.026451808269482,0.0687148248494841,0.138714468687159,0.187225530159437
30295,"mesozooplankton",0.904322307656195,0.470514138096078,0.671326368509487,1.06205252341357,1.2783458165949
30295,"minke whales",0.00134655232220954,0.000400291622534968,0.000712278110174841,0.003609751456884,0.897683334322892
30295,"orca",0.00045987121963461,0.000364543428290295,0.000432132465227188,0.000514679608349564,0.000921321971745338
30295,"other krill",0.59279508969321,0.0837114873122133,0.282027567426024,1.54883644540698,3.78960896272527
30295,"other macrozooplankton",0.997297243239041,0.441131333314832,0.817783338005369,1.2124871336344,1.47639290885816
30295,"salps",0.0564906939188887,0.0234151321993872,0.0442893445840376,0.0813922668584215,0.107742185417898
30295,"shelf and coastal fishes",0.251413701806328,0.141051649759591,0.215707336973111,0.285614153346374,0.321733415232592
30295,"small divers",0.00193175029891088,0.00113848903639218,0.00180453581680978,0.00205868521846298,0.0021833252228581
30295,"sperm whales",0.00123305938827352,0.000758522927272933,0.00103780226816924,0.00531320811120754,0.130449092084932
30295,"squids",0.00725308310311928,0.00477991694311532,0.0062920692515101,0.00860630151860231,0.015381942683627
30295,"toothfishes",0.0542788550256149,0.00925531404822328,0.0347928779383507,0.0705795892009082,0.0940033000421503
30660,"antarctic krill",0.696989085504338,0.0891431793813605,0.382037046379786,1.25260225335208,1.86658354321467
30660,"baleen whales",0.0429320537168005,0.00915356571624533,0.0426670367803537,0.160142082857573,0.920353370929349
30660,"bathypelagic fishes",0.126354896742921,0.0530753578420308,0.0891548776441056,0.172601658041226,0.2354057463696
30660,"flying birds",0.000308430839986661,0.00027774359341971,0.000304713719335615,0.000312994647656758,0.000321479117037659
30660,"large divers",0.000942427362922328,0.000309410608443041,0.000567254696482877,0.00201365233746836,0.0104077429665934
30660,"leopard seals",0.000171678611583403,0.000101422264847508,0.000136518834192096,0.000196009835386753,0.000239162917731359
30660,"medium divers",0.0211477712209708,0.00836516579433077,0.0141602348768689,0.0316704581706214,0.0419222806475042
30660,"mesopelagic fishes",0.0940887058567851,0.0263278942349418,0.0683983549133938,0.138797069154896,0.187674922866442
30660,"mesozooplankton",0.85243934155618,0.395755081262942,0.614836274459815,1.00804422442952,1.22040915278253
30660,"minke whales",0.00134586175189305,0.000400594601151772,0.000712823388289636,0.00359624812726844,0.887673815380518
30660,"orca",0.000459857665853032,0.000364767725733795,0.000432157713837252,0.000514532292900851,0.000920036019615697
30660,"other krill",0.552746717674836,0.0757625028560456,0.257244285705933,1.52010189592445,3.77111057512268
30660,"other macrozooplankton",0.916757576575923,0.402120068563729,0.754328668307682,1.12511053074549,1.37668826889743
30660,"salps",0.0553836880861944,0.0227459913385842,0.0432011774908821,0.0805541605865821,0.106845259232302
30660,"shelf and coastal fishes",0.251787275921674,0.141253279023771,0.216047113886456,0.285859472050383,0.322087499432737
30660,"small divers",0.00192942143085969,0.00113673695996625,0.00180340197017109,0.00205741097092986,0.00218294008343307
30660,"sperm whales",0.00123246514616819,0.000758764227908728,0.00103756538748795,0.00530521093876036,0.130214917665862
30660,"squids",0.00727190283577313,0.00480478234276822,0.00630761455676872,0.00861928662201374,0.0153886365570933
30660,"toothfishes",0.0542773591717005,0.00929525232394128,0.0348333242206743,0.0705772289545128,0.094016769431219
31025,"antarctic krill",0.692480728992733,0.0885421619405708,0.376090383753151,1.24795097381816,1.86358589625967
31025,"baleen whales",0.0428908819588374,0.0091552508250499,0.0426254933821621,0.159950739513852,0.919189086911749
31025,"bathypelagic fishes",0.126228482839275,0.0531861199108303,0.0889655027594082,0.172775958303093,0.235362344487583
31025,"flying birds",0.000308500791127102,0.000277885036633166,0.000304817285965728,0.000313039367278296,0.000321469236358197
31025,"large divers",0.000942202522779533,0.000309779498286612,0.000566708707146913,0.00201055215653121,0.0103297027898625
31025,"leopard seals",0.000171686315175479,0.00010136298080575,0.000136672381414491,0.000195951182391772,0.000239239224377096
31025,"medium divers",0.0211267013150102,0.00836598894474933,0.0141677100724433,0.0316199104519841,0.0419194019877926
31025,"mesopelagic fishes",0.0937018735007349,0.0263667289189572,0.0681722221058733,0.138403958602818,0.186967236216239
31025,"mesozooplankton",0.878400405635605,0.448423420919494,0.639592073543482,1.04655642615214,1.26818327128002
31025,"minke whales",0.00134554569536672,0.000400922688029265,0.000713523570459159,0.00358297150417567,0.880889655539795
31025,"orca",0.000459871044425087,0.000365011274204436,0.000432219040130222,0.000514404246958154,0.000918789006078723
31025,"other krill",0.572893966254087,0.0737257996007872,0.261443867403683,1.55069786756276,3.91597231020422
31025,"other macrozooplankton",0.936117197730959,0.389901049911554,0.749944009182528,1.13762752946081,1.43245944815441
31025,"salps",0.0553035462759636,0.0225156646727136,0.042895120447663,0.0804131117459964,0.106801203344584
31025,"shelf and coastal fishes",0.252194434407853,0.141668807632732,0.216463277977092,0.286142673264942,0.322407979268832
31025,"small divers",0.00192894232399755,0.00113729859220093,0.00180390933838521,0.00205752472026659,0.00218284827044375
31025,"sperm whales",0.00123190672338717,0.000759029784812328,0.00103733890843407,0.00529723122733241,0.129981227988706
31025,"squids",0.00728763522050595,0.00481975311425136,0.00632803143855733,0.00863226322180508,0.0153972304795105
31025,"toothfishes",0.0543163605350662,0.00934164251023133,0.0348683832164125,0.0705893275902897,0.0940453202964779
31390,"antarctic krill",0.681320638221031,0.0850498915943985,0.363445493326375,1.24625748030176,1.85741942573463
31390,"baleen whales",0.0428497730094216,0.00915632161519559,0.0425839305832751,0.159759533557775,0.918026200383369
31390,"bathypelagic fishes",0.125675973955869,0.052729134156982,0.0884142349238277,0.172227830139589,0.234948185346136
31390,"flying birds",0.000308433148629285,0.000277673615348264,0.000304663244881177,0.000312946211831136,0.000321448357014091
31390,"large divers",0.000942121106199256,0.000309707709073564,0.000567232198104677,0.00200744382508606,0.0102530572496167
31390,"leopard seals",0.00017193034822301,0.000101430221710333,0.000136676393065927,0.000195924962075151,0.000239265412481158
31390,"medium divers",0.0211286998446499,0.00836725410846246,0.0141736516813545,0.0315807636499497,0.0419118262771971
31390,"mesopelagic fishes",0.0929224874196215,0.025881146502472,0.0672342131829605,0.137432498424464,0.186546158225093
31390,"mesozooplankton",0.828759022697097,0.340321297638247,0.580079235925692,0.992203919083944,1.21817294857501
31390,"minke whales",0.00134478740240999,0.000401756792403197,0.000715190981891836,0.00356955782763505,0.874386563763267
31390,"orca",0.000459884182201386,0.000365219091572857,0.000432283875928805,0.00051424397968442,0.000917483762455482
31390,"other krill",0.557706124886456,0.0671075829365738,0.247904600458972,1.55408231650876,3.93599851628002
31390,"other macrozooplankton",0.919478590414585,0.379128395245463,0.734443343894441,1.11404079588402,1.38151651768353
31390,"salps",0.0542744190561164,0.0217897224654994,0.041840436190651,0.0801075298611441,0.106612843164206
31390,"shelf and coastal fishes",0.252565413111155,0.142138250189362,0.216926457782062,0.286618977094966,0.322771502042246
31390,"small divers",0.00192550191128043,0.00113433827037389,0.00179973478538268,0.00205708727394581,0.00218150111615168
31390,"sperm whales",0.00123130102298525,0.000759257704243918,0.00103709681843417,0.00528926156578128,0.129747877558643
31390,"squids",0.00731714536425923,0.00485508793464189,0.0063509843534758,0.00866500479871436,0.015415074661633
31390,"toothfishes",0.0543208389174528,0.0093975659129798,0.0348915171498364,0.0705788184100072,0.0941315581152697
31755,"antarctic krill",0.687120188677149,0.0848684347324092,0.364929819523608,1.24504495850356,1.87034070229512
31755,"baleen whales",0.0428087013354196,0.0091581259405218,0.0425425065494649,0.159568694518669,0.916864906383923
31755,"bathypelagic fishes",0.124789448339615,0.0525187687668318,0.0877830749866877,0.171244124126113,0.233598153737973
31755,"flying birds",0.000308512561170547,0.000277857859577806,0.000304827031573149,0.000313016173155185,0.000321436555226261
31755,"large divers",0.000941549200359877,0.000310060164886428,0.000567473327757267,0.00200432335569308,0.0101758234021149
31755,"leopard seals",0.000171999153992667,0.000101364077501977,0.000136669944168384,0.000195852270440321,0.000239279787512092
31755,"medium divers",0.0211246130864475,0.00836973081547574,0.0141808050788465,0.0315369981544834,0.0419070504974366
31755,"mesopelagic fishes",0.0924829837015436,0.0256401122391015,0.0669642934676462,0.13671506102709,0.185332554872232
31755,"mesozooplankton",0.895275458540728,0.467356671898584,0.657406568263754,1.06002541219085,1.28227931474528
31755,"minke whales",0.00134143769132473,0.000402308675758049,0.000715364354347513,0.00355697605974287,0.868861281946949
31755,"orca",0.00045991583592432,0.000365472743761425,0.00043238642269201,0.000514128446851015,0.000916266970500662
31755,"other krill",0.580740629755831,0.0686820009600615,0.262528561400842,1.59846813900922,4.10236608162647
31755,"other macrozooplankton",0.944419050770303,0.392405218201446,0.758913151260682,1.15246745969396,1.44099130404044
31755,"salps",0.05495828926838,0.0219913501780402,0.0421934769082325,0.0801719840350728,0.106760345922283
31755,"shelf and coastal fishes",0.252717305416602,0.142265976385504,0.216975391597908,0.286690448383256,0.322717943909269
31755,"small divers",0.00192659942570275,0.00113539152900679,0.00180019225556453,0.00205769395952343,0.00218217694431615
31755,"sperm whales",0.00123075546890755,0.000759525483801318,0.00103687441420891,0.00528131146390846,0.12951505779776
31755,"squids",0.00732503870174303,0.00485149549031852,0.00636296277773159,0.00866049418789256,0.0154131750256585
31755,"toothfishes",0.0543172613895436,0.00944990911669169,0.034923044887271,0.0705809934762974,0.09415053710312
32120,"antarctic krill",0.696410360237226,0.0849106127611451,0.369244515893526,1.25415862910863,1.88182299638673
32120,"baleen whales",0.0427676796461176,0.00916009346788667,0.0425011479862743,0.159378116931768,0.915705117506103
32120,"bathypelagic fishes",0.124982311398423,0.0527738903195959,0.0878947325362277,0.171099320119545,0.233473912465596
32120,"flying birds",0.000308574512696648,0.000278246360310511,0.000304948974792922,0.000313070854249752,0.000321433827636951
32120,"large divers",0.000941778878802867,0.000310404951768324,0.000567803029828005,0.00200143633691146,0.0100989651815027
32120,"leopard seals",0.000172003518089235,0.000101297401757871,0.000136657998143452,0.000195878490383763,0.00023930470815207
32120,"medium divers",0.0211195573198487,0.0083715148399601,0.0141861397154691,0.0314926616169331,0.0418720352454208
32120,"mesopelagic fishes",0.0934627464561651,0.0258537371877549,0.0674570459756954,0.136712602062366,0.185298745695454
32120,"mesozooplankton",0.871955496083205,0.421493880007235,0.639774763143313,1.03047573405879,1.24931716395014
32120,"minke whales",0.00134100624824134,0.000402543356079279,0.000716631010584559,0.00354439863514004,0.865810953116308
32120,"orca",0.000459951773339315,0.000365736867353446,0.00043249788558904,0.000514021297496831,0.000915067548869887
32120,"other krill",0.58808297067019,0.0700579580580174,0.26832135773917,1.59245358921464,4.03659905886242
32120,"other macrozooplankton",0.97379606636119,0.406245285314121,0.780677950187026,1.174613738626,1.45109070103798
32120,"salps",0.0554969599450395,0.0222933750308762,0.0427066494373357,0.0805841317577759,0.106834027345052
32120,"shelf and coastal fishes",0.252770738703551,0.142602931630382,0.217080873192548,0.286790341395214,0.322662457569179
32120,"small divers",0.00192981255758541,0.00113791085803509,0.00180283990591889,0.00205847507325012,0.00218303340322603
32120,"sperm whales",0.00123021850532341,0.000759798100954082,0.00103665537412844,0.00527337617387913,0.129282677050305
32120,"squids",0.00732089392689528,0.00484741696619967,0.00636197393206297,0.00864649267226456,0.0154042110485622
32120,"toothfishes",0.0543214244322477,0.00950262151140641,0.0349583668536413,0.0706835027953723,0.0941567477004892
32485,"antarctic krill",0.696961373536456,0.0848224350366574,0.37098168815935,1.25146354667623,1.8743000867169
32485,"baleen whales",0.04272670799574,0.00916196493923697,0.0424598268647422,0.159187759505658,0.914546792199585
32485,"bathypelagic fishes",0.1249928946466,0.052624855477601,0.0881532201476487,0.170758128473444,0.232603550817351
32485,"flying birds",0.00030864864021062,0.000278577508638127,0.00030501067616506,0.000313097942197817,0.000321397560764778
32485,"large divers",0.00094102241265,0.000310703059018733,0.000568068311121164,0.00199854149207731,0.0100225045359849
32485,"leopard seals",0.000172054733282537,0.00010122625329547,0.00013669669209128,0.000195944632099298,0.000239352788212987
32485,"medium divers",0.0211137007369608,0.00837245794777051,0.0141947941905829,0.0314444912094829,0.0418431627324521
32485,"mesopelagic fishes",0.0938302548752144,0.025761218996022,0.0678312046434954,0.136604141434198,0.185372642293448
32485,"mesozooplankton",0.878963920752308,0.447137182742085,0.650575580018974,1.03480900301416,1.2489720486444
32485,"minke whales",0.00134043014916114,0.000402556712006809,0.000715628533814277,0.00353177367123752,0.862770639736749
32485,"orca",0.000459995186492426,0.000366012116644412,0.000432618603774127,0.000513921729209051,0.000913882942117098
32485,"other krill",0.582018713933272,0.0705466193390226,0.265717126610918,1.56161419349092,3.91142675440507
32485,"other macrozooplankton",0.947504669526498,0.405437476310079,0.773094881382154,1.15464373456016,1.41854649132144
32485,"salps",0.0555821787281974,0.0225466199299106,0.043070366962637,0.0805470303984774,0.106720586988143
32485,"shelf and coastal fishes",0.252677034595698,0.142752803552739,0.21696602490524,0.286603463117764,0.322708771994215
32485,"small divers",0.00193262076870256,0.00114044036154894,0.00180605176143483,0.00205862187743474,0.00218326608843399
32485,"sperm whales",0.00122968348211149,0.00076000824902779,0.00103643763755884,0.00526545488341426,0.129050718650974
32485,"squids",0.00730929156700677,0.0048350135779992,0.00635561106509662,0.00862419061270626,0.0153844100617867
32485,"toothfishes",0.0543369091902831,0.00954542055059118,0.0349912536521218,0.0706883185822882,0.0941570526234554
32850,"antarctic krill",0.699287653905036,0.0851997117423487,0.373259004453623,1.25165078487724,1.87067513911967
32850,"baleen whales",0.0426857951760803,0.00916367034890861,0.0424185866492045,0.158997615351816,0.913389923924318
32850,"bathypelagic fishes",0.125079758744446,0.0529325022303185,0.0885311539925087,0.170753141300952,0.232584104767045
32850,"flying birds",0.000308647785289423,0.000278688683887553,0.000305015945809729,0.000313088096823719,0.000321367719654492
32850,"large divers",0.00094079100088841,0.00031114807025769,0.000568314017056867,0.00199563066476933,0.00994692615517328
32850,"leopard seals",0.000172104553297904,0.000101162304298596,0.000136779920414616,0.000196022015228553,0.000239406745974161
32850,"medium divers",0.0211098297136298,0.00837719305581544,0.0142056089438608,0.0313997060795885,0.0418257836325488
32850,"mesopelagic fishes",0.0940883972154533,0.026158501602615,0.0681607004345503,0.137017976478438,0.185963783096256
32850,"mesozooplankton",0.89419401404901,0.466951052638197,0.663700539950518,1.05502236387366,1.27470747965657
32850,"minke whales",0.0013401572775507,0.000403334950974566,0.000716066375878564,0.00352040627377121,0.859740316168395
32850,"orca",0.000460015136427896,0.00036627870932979,0.000432733080555501,0.000513811047067682,0.00091267647360922
32850,"other krill",0.590955651397585,0.0738092844680118,0.271282187118952,1.56865493183268,3.90597182255483
32850,"other macrozooplankton",0.964685134163195,0.407608532638878,0.778032716834262,1.17197778110649,1.45965018043758
32850,"salps",0.0557368687988338,0.0227722400991001,0.0432973703311865,0.0806545132706133,0.106967302772952
32850,"shelf and coastal fishes",0.252788074507847,0.143164404127209,0.217037808874252,0.286686994718521,0.3227146462184
32850,"small divers",0.00193361544005755,0.00114217995412416,0.00180821173492022,0.00205855948676107,0.00218305202935834
32850,"sperm whales",0.00122913227322037,0.00076016409117341,0.00103621517696893,0.00525754654645215,0.128819148010059
32850,"squids",0.00731145755170446,0.00484099133679348,0.00635557404198302,0.00861651682753985,0.0153712806458897
32850,"toothfishes",0.0544042484830097,0.00956753015271877,0.0350235644603724,0.0706956274799108,0.0941584127839097
33215,"antarctic krill",0.706668551648574,0.08724044069086,0.381998826583095,1.26325754372703,1.87483738601976
33215,"baleen whales",0.0426449351675665,0.00916540074195615,0.0423773996173638,0.158807715954639,0.91223453614921
33215,"bathypelagic fishes",0.125735409181574,0.0535940891507374,0.0890575776661759,0.171389308698313,0.23288580264183
33215,"flying birds",0.000308666154987113,0.000278860946731429,0.000305069013215499,0.00031309444014497,0.000321341205958174
33215,"large divers",0.000940549930535579,0.000311633919109845,0.000568422274554133,0.00199271959660429,0.0098718444844159
33215,"leopard seals",0.000172121141331766,0.000101174865913421,0.000136734288510293,0.000196174678359586,0.000239458195610878
33215,"medium divers",0.0210952496320091,0.00838168232869159,0.0141884159558741,0.0313683238689348,0.0418151019248448
33215,"mesopelagic fishes",0.0949421533050072,0.0265864175844729,0.0689789166700646,0.137788149590023,0.186435969033414
33215,"mesozooplankton",0.922075102940292,0.507526240521966,0.694755363893892,1.07904733080596,1.29698141760204
33215,"minke whales",0.00133960660925589,0.00040386959990563,0.000716481404748308,0.00350907790311271,0.856719977171826
33215,"orca",0.000460048041529168,0.000366551820309069,0.000432847095331852,0.000513703687473754,0.000911477746776215
33215,"other krill",0.606480341634856,0.0812968763616913,0.285487366890312,1.5844739308515,3.89720325015751
33215,"other macrozooplankton",1.00589703218776,0.425217325135627,0.808416714705774,1.21513718129258,1.50631776514336
33215,"salps",0.0562343121288313,0.0232818521201805,0.043924980641415,0.081333814035379,0.107157742381919
33215,"shelf and coastal fishes",0.252980254319775,0.143679891948933,0.217329576096018,0.286755716793791,0.322844705051066
33215,"small divers",0.00193462715828408,0.00114435585615436,0.00181024785927433,0.00205882304464606,0.00218288823759517
33215,"sperm whales",0.00122858530728029,0.000760321220549082,0.00103599387149096,0.00524965243717979,0.128588001548121
33215,"squids",0.00731198700577877,0.00485316336489943,0.00635592048909287,0.00861230432510939,0.015362632325081
33215,"toothfishes",0.0544535715619364,0.00959118966105323,0.0350673466542694,0.0707042169433713,0.0941616808231138
33580,"antarctic krill",0.709093019943923,0.0893572169122015,0.389352289449064,1.26728236442914,1.87138662247955
33580,"baleen whales",0.0426041264843232,0.00916716090128918,0.042336268297565,0.15861806209914,0.911080627291303
33580,"bathypelagic fishes",0.126657881381505,0.0545287322851297,0.0901506237761964,0.172375737044202,0.234023455627594
33580,"flying birds",0.000308688187038747,0.000279089188735716,0.000305123023858984,0.000313121205987513,0.000321315583922908
33580,"large divers",0.000940374854893805,0.000311972527523869,0.000568471813264405,0.00198899465404659,0.00979717445420282
33580,"leopard seals",0.000172129818821739,0.000101186136348634,0.000136737670388518,0.000196164743089747,0.000239415548476021
33580,"medium divers",0.0210911931810604,0.00837741496890215,0.0141864576387887,0.0313052914408729,0.0418016696127453
33580,"mesopelagic fishes",0.0960046547715072,0.0271464740955327,0.0699974173583287,0.138671203459271,0.187106716269008
33580,"mesozooplankton",0.905898750840405,0.484697751433057,0.682129270002236,1.05939613267006,1.26993476400356
33580,"minke whales",0.00133537183568086,0.000404373709450786,0.000715731552255379,0.00349771714260009,0.85370958120679
33580,"orca",0.000460089378345476,0.000366834627940279,0.000432954599296949,0.000513602350972764,0.000910293036424133
33580,"other krill",0.597160344712821,0.0843225715962128,0.282878194208399,1.55625594535936,3.78455861437828
33580,"other macrozooplankton",0.998817000362513,0.438303809116245,0.815863842255405,1.21155296876465,1.4800072868702
33580,"salps",0.0564425005264754,0.023930423347162,0.044338913394369,0.0816532390226144,0.107327283100422
33580,"shelf and coastal fishes",0.253345112460243,0.144188388695959,0.217565956139147,0.286901364555052,0.323120366618418
33580,"small divers",0.00193561723434522,0.00114711724100808,0.0018125297158685,0.00205944452713911,0.00218271478557796
33580,"sperm whales",0.00122804719319032,0.00076048375809762,0.00103577489408848,0.00524177282042436,0.128357286064328
33580,"squids",0.00731257209271267,0.00486945761455184,0.00636168058031969,0.00860731328688308,0.0153560273707798
33580,"toothfishes",0.0544847913781831,0.00961666169527123,0.0351461709021508,0.0707095496938903,0.094168932846641
33945,"antarctic krill",0.705276241497051,0.0894038103520113,0.385894112763205,1.2567183395115,1.86211674576376
33945,"baleen whales",0.0425633804793593,0.00916854514600251,0.0422951105305319,0.158428591599948,0.909928143331369
33945,"bathypelagic fishes",0.127437977890568,0.055326630334199,0.0908423007914502,0.173184365354579,0.236087450064046
33945,"flying birds",0.000308617381874683,0.000278903132711033,0.000305055570404968,0.000313060155073851,0.000321295309089051
33945,"large divers",0.000940149297195559,0.000312308178968402,0.000568558108207451,0.00198399573028317,0.00972928882676723
33945,"leopard seals",0.000172085734710805,0.000101167697232039,0.000136896588034024,0.000196227476099584,0.000239240258344379
33945,"medium divers",0.0210873429090763,0.00839269424127154,0.0141898247085435,0.0312428472215407,0.0417849773524901
33945,"mesopelagic fishes",0.0962055437026903,0.0273239221665012,0.0703198096183056,0.139553437182841,0.188464408650387
33945,"mesozooplankton",0.885967450860164,0.449581279989367,0.654059188622133,1.04644869912474,1.26394240406269
33945,"minke whales",0.00133526941370395,0.000405818566601807,0.000715391455572621,0.00348661432967796,0.850709035643759
33945,"orca",0.000460110622182183,0.000367091588145915,0.000433044120818514,0.000513475427116051,0.000909062736690231
33945,"other krill",0.574864590702256,0.0804896767030831,0.2682543967105,1.53510687470248,3.752203283883
33945,"other macrozooplankton",0.966137184091374,0.422686798397332,0.790647473716969,1.17536527690886,1.44718210161799
33945,"salps",0.0560442540189769,0.0238381477431373,0.0439465822118857,0.0814245859759251,0.107198754414716
33945,"shelf and coastal fishes",0.253942299403363,0.144924947992256,0.2180876762092,0.287252947496453,0.323463761914534
33945,"small divers",0.00193427931972737,0.00114756546716507,0.00181161777917882,0.00205870874430925,0.00218263584514587
33945,"sperm whales",0.00122747963930229,0.000760619937527185,0.00103554600087208,0.00523390494119605,0.128126930763599
33945,"squids",0.00732979320162882,0.00487807463414561,0.00638176641801467,0.008626714125386,0.0153665562546171
33945,"toothfishes",0.0545281735254949,0.00966293814473841,0.0352237154174822,0.070798274852162,0.0941860925843831
34310,"antarctic krill",0.701747957243374,0.0887095700328456,0.380790065251571,1.25307155860416,1.85651440520234
34310,"baleen whales",0.0425226914683914,0.00916969199366323,0.0422539609002266,0.158239328826235,0.908777100810067
34310,"bathypelagic fishes",0.127704413915663,0.0552581735434251,0.090859256766441,0.173560151110619,0.237502512466646
34310,"flying birds",0.000308541482508778,0.000278524838857611,0.000304947835418335,0.000312993844942062,0.000321280484195539
34310,"large divers",0.000940147416221318,0.000312928085097496,0.000568564473309861,0.00198126946431437,0.00966860430752482
34310,"leopard seals",0.000172242068456831,0.000101079572927676,0.000137009035381439,0.000196248715607266,0.000239113966689326
34310,"medium divers",0.0210736660322828,0.00840355633518272,0.0141766093651756,0.0311816023603283,0.041775499782245
34310,"mesopelagic fishes",0.0958871482341805,0.0272728546831178,0.0702275811751128,0.139931972104362,0.188072859109246
34310,"mesozooplankton",0.895112869887805,0.465273207055913,0.659878594275692,1.06115520972204,1.28337632349215
34310,"minke whales",0.00133500520269204,0.000407799029464264,0.000716739533090487,0.0034756613508913,0.847718328517969
34310,"orca",0.000460137169255604,0.000367330601516512,0.000433119315568563,0.00051333293925881,0.000907809183719046
34310,"other krill",0.576949286906308,0.078748095889321,0.264094882364373,1.56105784668064,3.85149383245743
34310,"other macrozooplankton",0.9655962020014,0.408994731046047,0.780874246571272,1.17772654954317,1.46260503748882
34310,"salps",0.0556876442026431,0.0236356009852532,0.0434443875548424,0.0813928464450338,0.107022940860338
34310,"shelf and coastal fishes",0.254475129686912,0.145698307224253,0.218671791787953,0.287710363379756,0.323881456775451
34310,"small divers",0.00193102830452055,0.00114627014188869,0.00180863050239871,0.00205828079552842,0.00218174724519411
34310,"sperm whales",0.00122689605287422,0.000760732585257979,0.00103531101852731,0.00522604959523318,0.127896961425456
34310,"squids",0.00735453324196908,0.0049121382808822,0.00641420321486456,0.00866505236901226,0.0155205395265159
34310,"toothfishes",0.0545957134945261,0.00969929565525959,0.0353035181956525,0.0708408477285472,0.0942807734268544
34675,"antarctic krill",0.699529343454349,0.0880088123720492,0.378629718838003,1.25092931273591,1.85783853038065
34675,"baleen whales",0.0424820450890628,0.00917132275371257,0.0422129737414411,0.158050392365983,0.907627601179487
34675,"bathypelagic fishes",0.127846531841612,0.0554946808698195,0.0908922905958138,0.173609111163187,0.237396158435377
34675,"flying birds",0.000308614512335557,0.000278761523503717,0.000305053522378311,0.000313048721442504,0.000321270290374544
34675,"large divers",0.0009401050170604,0.000313334417983677,0.000567836450950682,0.00197606268978946,0.00960784314769205
34675,"leopard seals",0.000172302723689451,0.000101061117951401,0.000137155796722773,0.000196197289176343,0.000239098940678826
34675,"medium divers",0.0210710798506238,0.00840026346961344,0.0141615615261902,0.0311229836089083,0.0417703671869681
34675,"mesopelagic fishes",0.0959173660674067,0.0274614967506976,0.0704246012348959,0.139988343760426,0.188469490018043
34675,"mesozooplankton",0.87261745646381,0.429567578937736,0.635609653915405,1.0313823362303,1.25089992822634
34675,"minke whales",0.00133503822450961,0.000408423271500721,0.000716872277217133,0.00345806032940382,0.844737553455364
34675,"orca",0.000460166337335516,0.000367595030643441,0.00043320678882087,0.000513215926043544,0.000906610712337539
34675,"other krill",0.573999643069164,0.0756391010937826,0.259747761024446,1.55823361045794,3.88188174938877
34675,"other macrozooplankton",0.960756353118405,0.405368632834468,0.778553043741979,1.17041416773299,1.43775805757612
34675,"salps",0.0554876248362144,0.0234354236797823,0.0432407695758643,0.08134531704744,0.107059736121019
34675,"shelf and coastal fishes",0.254998306665498,0.146369509581685,0.219168691613289,0.288063765130495,0.324131020661597
34675,"small divers",0.00193084179461599,0.00114744592076499,0.00180828964532736,0.00205880779035552,0.00218202771110155
34675,"sperm whales",0.00122635314229616,0.000760875621143072,0.00103508851511242,0.00521821180628087,0.127667480941526
34675,"squids",0.00736747465396595,0.00494340744687178,0.00643498599574118,0.00868706293100856,0.0155393979427997
34675,"toothfishes",0.0546904220396733,0.00972854508488374,0.0354358046369529,0.070902091496699,0.0943092926139103
35040,"antarctic krill",0.692763558595123,0.085676930897101,0.369246808614606,1.24689943000408,1.85378017835642
35040,"baleen whales",0.0424414610717501,0.0091721835179299,0.0421718836709283,0.157861570401162,0.906479459908251
35040,"bathypelagic fishes",0.126794471745097,0.0544183756254646,0.0897587416446282,0.173280855209289,0.237312751166775
35040,"flying birds",0.000308511447182909,0.000278185095134825,0.000304874193809199,0.000312941653678285,0.000321208089517397
35040,"large divers",0.000940097044610144,0.00031335301943053,0.000567609138863682,0.00197263753183764,0.00954804023204282
35040,"leopard seals",0.00017238234516003,0.000101013917543522,0.000137257319409887,0.000196175206326368,0.000239127688932885
35040,"medium divers",0.0210723630167492,0.00840129967991933,0.0141660658721201,0.0310899435627444,0.0417679996172543
35040,"mesopelagic fishes",0.0946281707162508,0.0269834219975354,0.0691838728630595,0.139328498471448,0.188095845628187
35040,"mesozooplankton",0.871965956582769,0.423139615128436,0.629766886072851,1.03905000294646,1.26096977862824
35040,"minke whales",0.00133530389992448,0.000408891427097525,0.000717286497248323,0.0034392740965987,0.841766447603057
35040,"orca",0.00046018843537978,0.000367816180982626,0.000433264863487469,0.000513061491992005,0.000905347501223738
35040,"other krill",0.564499708889318,0.0696346764788472,0.252628812890057,1.55755168636973,3.93029797838044
35040,"other macrozooplankton",0.934286582557564,0.393678112767831,0.757658326226918,1.14002544019839,1.40813730174836
35040,"salps",0.0548109832918508,0.0228923704301541,0.0424660131251186,0.0809531898612579,0.106815125619314
35040,"shelf and coastal fishes",0.255395334702123,0.146745430738026,0.219496249252908,0.288580899661153,0.32427103848305
35040,"small divers",0.0019267802526429,0.0011443089917548,0.00180328683767954,0.00205799494492438,0.00217944181055525
35040,"sperm whales",0.00122575575536873,0.000760950050726144,0.00103479526168817,0.00521038330179303,0.127438318095149
35040,"squids",0.00739456981075051,0.00496909733628026,0.00645917904785518,0.00872713648744139,0.0155586065256984
35040,"toothfishes",0.054720842726939,0.00972362578023887,0.0355235673721398,0.0709153185407892,0.0943277101260549
35405,"antarctic krill",0.683467410564087,0.0833551724644564,0.362860225528286,1.23757881190387,1.84843675515846
35405,"baleen whales",0.0424009197108514,0.00917312449453451,0.0421308888683049,0.157673014483642,0.90533280014839
35405,"bathypelagic fishes",0.124721636958668,0.0524153939188036,0.0877063448023492,0.171166534991099,0.236594525845298
35405,"flying birds",0.000308464621275442,0.000277924618244574,0.000304775394304375,0.000312882291468942,0.000321183019689784
35405,"large divers",0.000939555162618708,0.000313374254992221,0.000567238365745026,0.00196894614425117,0.00949073282183964
35405,"leopard seals",0.00017245445451237,0.000100949064929189,0.000137311479824111,0.000196115628947366,0.00023913858613511
35405,"medium divers",0.0210645497277669,0.00840783835880103,0.0141721091425893,0.0310564017805088,0.0417513849937698
35405,"mesopelagic fishes",0.092487803970279,0.0262504285402212,0.0669403282176913,0.137129816249348,0.18615622799971
35405,"mesozooplankton",0.863899872292215,0.417029254331863,0.627938186618764,1.01997418740868,1.23642042127611
35405,"minke whales",0.00133613000414795,0.000409231666739338,0.00071735191279919,0.00342406519599257,0.838805123552456
35405,"orca",0.000460202003525552,0.000368054264517565,0.000433331719332105,0.000512927350282472,0.000904128591915246
35405,"other krill",0.573372323571487,0.0671124765927313,0.257024966593146,1.56124241528167,3.99972755600472
35405,"other macrozooplankton",0.915142709413769,0.38299611951648,0.735548505486318,1.11505819711212,1.38119798057389
35405,"salps",0.0542644631047708,0.0224459574901858,0.0419084716249093,0.0801454017298713,0.106238379545616
35405,"shelf and coastal fishes",0.254933309086992,0.145941636244733,0.219055497966242,0.288526531013551,0.323852207300231
35405,"small divers",0.00192345494443528,0.00114159073334245,0.00179883049029391,0.0020575024178749,0.00217793985967151
35405,"sperm whales",0.00122517843390162,0.000761053000442636,0.00103449798312335,0.00520257078618979,0.127209605120258
35405,"squids",0.00738968368714246,0.00495278772946667,0.00644979821265195,0.00873035333564585,0.0155478400525113
35405,"toothfishes",0.0547426279590697,0.00971597841415949,0.0355907282826827,0.0709729325817056,0.0943226466186067
35770,"antarctic krill",0.675246514812128,0.0806218793172615,0.355903253066743,1.23511393044952,1.85048382257802
35770,"baleen whales",0.0423604331086778,0.00917392776759698,0.0420899277846239,0.157484683285887,0.904187592580841
35770,"bathypelagic fishes",0.122503450174873,0.0505724776505153,0.0855122032386805,0.168902532023045,0.23486114522878
35770,"flying birds",0.000308370751122208,0.000277858441652077,0.000304677408291433,0.000312829583498526,0.00032113748604158
35770,"large divers",0.000939100084379585,0.000313961403007844,0.000566856904740097,0.00196498459724986,0.00944125861440579
35770,"leopard seals",0.000172537679967076,0.000100900196200785,0.000137473594199666,0.000196046412686605,0.000239138865990806
35770,"medium divers",0.0210607112408419,0.00840168820134323,0.0141700051995177,0.0310288047714123,0.0417300625933345
35770,"mesopelagic fishes",0.0903804490356559,0.0251674751262035,0.0649219065476282,0.134819896261785,0.184630652542425
35770,"mesozooplankton",0.844030376168297,0.376334971569387,0.602371884183195,1.00921876424035,1.22955476118011
35770,"minke whales",0.00133284343645978,0.000409140333665647,0.00071866240168101,0.00340747749789103,0.835853541108503
35770,"orca",0.000460206372896224,0.000368273937557134,0.000433387027970464,0.000512780403012856,0.000902890095180364
35770,"other krill",0.570417952788338,0.0640307469337097,0.255623797552219,1.57059730371043,4.03936071683517
35770,"other macrozooplankton",0.900484871685,0.370899844802294,0.718784170835123,1.09146665103029,1.36082957932893
35770,"salps",0.0536309609437867,0.0219501350085954,0.0413312845071918,0.0794844260081528,0.105810482285154
35770,"shelf and coastal fishes",0.254151283253188,0.144925291215923,0.218269090560016,0.288092740227995,0.323642255430156
35770,"small divers",0.00191939776461122,0.00113771858157677,0.00179407950498811,0.00205670112130024,0.00217705075818496
35770,"sperm whales",0.00122457866381028,0.000761200989961933,0.00103413889647766,0.00519477043080908,0.126981269655694
35770,"squids",0.00737550635356251,0.00492668076254267,0.00642668603805426,0.00872615766989923,0.0155294526667793
35770,"toothfishes",0.0547420811669656,0.00970196809409518,0.0356158700466132,0.0709892536538221,0.0943048617520949
36135,"antarctic krill",0.690683372101523,0.081493640393661,0.364085519238135,1.25098936219765,1.87915634390163
36135,"baleen whales",0.0423199943075125,0.009175262120914,0.0420491394360518,0.157296690742667,0.903043939986472
36135,"bathypelagic fishes",0.121426049292327,0.0504730639434138,0.0851653205450246,0.167842362040005,0.233982308805266
36135,"flying birds",0.000308391335144876,0.000277876936491476,0.00030469352118469,0.000312825589033026,0.000321120833321249
36135,"large divers",0.000938274644011995,0.000314525318219539,0.000565528306419138,0.00195921358543973,0.00939193244264313
36135,"leopard seals",0.000172523059681701,0.000100865338061514,0.000137636365597043,0.000196069220986327,0.00023911409269085
36135,"medium divers",0.0210603605464115,0.0083941845996901,0.0141803358604037,0.031000288384785,0.0416811910190449
36135,"mesopelagic fishes",0.090073852293042,0.0251199522542833,0.0647820900504333,0.134353391660854,0.183879655442839
36135,"mesozooplankton",0.918816371539369,0.490569831309645,0.679616682287277,1.08408398569564,1.31212288730743
36135,"minke whales",0.00133311899700402,0.000409477693229368,0.000719824453283477,0.00339681104220076,0.832911834152359
36135,"orca",0.000460220307115065,0.000368502253803888,0.000433445364107698,0.000512645906427744,0.000901678675995277
36135,"other krill",0.620330037947497,0.0724552340939308,0.284000186104582,1.64353313710227,4.19179598689147
36135,"other macrozooplankton",0.980610797740426,0.392307874694413,0.771183212853877,1.18464772107542,1.49407243847549
36135,"salps",0.0547007889512292,0.0223539794415174,0.0421972243015663,0.0802326260841405,0.106435792586598
36135,"shelf and coastal fishes",0.253507589731954,0.144429689672629,0.217629437238031,0.287629934469098,0.323193323714016
36135,"small divers",0.001919564945455,0.00113647235530602,0.00179329556033411,0.00205659475663157,0.00217700429394973
36135,"sperm whales",0.00122399946524355,0.000761397315369005,0.00103385635888262,0.00518698616414785,0.126753386673837
36135,"squids",0.00735226562416462,0.0049161658736037,0.00640234128688113,0.00870095009968462,0.0155112908011868
36135,"toothfishes",0.0547429408975169,0.00969423623814559,0.0356539970405771,0.0710113033088636,0.0942871255231041
36500,"antarctic krill",0.695124596378518,0.0810623110440062,0.365602229971078,1.25872280864152,1.8942315174745
36500,"baleen whales",0.0422796086057528,0.00917631928622385,0.0420083503180732,0.157108891371148,0.901901710581774
36500,"bathypelagic fishes",0.121451217319552,0.0502797557823049,0.0853583766274426,0.168045147564093,0.233887635701012
36500,"flying birds",0.000308306872251289,0.000277817329631979,0.00030463627461375,0.000312773525924294,0.000321096274873638
36500,"large divers",0.000938045728229641,0.000314731486433581,0.000565419132060933,0.00194743270277408,0.00934290102095892
36500,"leopard seals",0.000172499227013491,0.000100829757734978,0.000137770383053285,0.000196051505572446,0.000239154003114263
36500,"medium divers",0.0210621658463176,0.00840330569094636,0.0141799553506215,0.0309723700926868,0.0416700845206845
36500,"mesopelagic fishes",0.0904456626809457,0.0246261718282951,0.0646995625385949,0.134771684845084,0.184363901514429
36500,"mesozooplankton",0.856334770454815,0.37309472625094,0.613625170186128,1.01452658587194,1.23092525251904
36500,"minke whales",0.00133357161126531,0.00041059322352716,0.000721760814331149,0.00338398199977013,0.829979776549739
36500,"orca",0.000460229488956814,0.0003687175797971,0.000433491882724937,0.000512503175577807,0.00090045370475581
36500,"other krill",0.592268903189882,0.0681510707268318,0.272390836762962,1.59994587525218,4.08421814665941
36500,"other macrozooplankton",0.958208087340974,0.399704856337923,0.773089914260364,1.16286920112057,1.42190236879625
36500,"salps",0.0548445998120749,0.0222783930589029,0.0422923793615134,0.0804228302905923,0.10693827698485
36500,"shelf and coastal fishes",0.252814328535669,0.143907643945328,0.216869631664871,0.287149908574184,0.32275270105822
36500,"small divers",0.00191870299783969,0.00113417207023492,0.00179160854350817,0.00205650394062979,0.00217682993298533
36500,"sperm whales",0.00122340242407587,0.000761572393327856,0.00103358200424114,0.00517921421607805,0.126525882364882
36500,"squids",0.00733044446213508,0.004884888124702,0.00636888286094867,0.00867695815408892,0.0154043288542867
36500,"toothfishes",0.0547763710713118,0.00968300859733185,0.0357082461163496,0.0709991712064846,0.0942678286604205
36865,"antarctic krill",0.702180398290667,0.0832733542833077,0.378140144995313,1.26937115946744,1.90161064871985
36865,"baleen whales",0.0422392643033205,0.00917810772092959,0.0419677650898799,0.156921452661702,0.900761049012015
36865,"bathypelagic fishes",0.122528864782499,0.0512758532963616,0.086050506263939,0.168974695866709,0.234362993907102
36865,"flying birds",0.000308413958116113,0.000277867098911567,0.000304776830927324,0.000312787652593242,0.000321116996956124
36865,"large divers",0.000938226120942795,0.000315210925694191,0.000565245554287369,0.00193962355896378,0.00929389934598795
36865,"leopard seals",0.000172443343706369,0.000100795648139016,0.000137877750518483,0.000196149163816066,0.000239244028969072
36865,"medium divers",0.0210590654164443,0.00839891138332169,0.0141866387548865,0.0309422112695962,0.0416586628616465
36865,"mesopelagic fishes",0.0918397812558205,0.0251253361174391,0.0658959395740846,0.135781158193969,0.185457166754375
36865,"mesozooplankton",0.937198906748769,0.52273285304601,0.701085811849708,1.09418459875991,1.31444617480132
36865,"minke whales",0.00133349699556208,0.000411071906314539,0.000721888723712887,0.00337107303414943,0.827057542048113
36865,"orca",0.000460262374402169,0.000368964101920791,0.000433567793679751,0.000512391727719373,0.000899289449635528
36865,"other krill",0.616412149583615,0.0761103468034923,0.288443993637792,1.6040775328129,4.01432617070552
36865,"other macrozooplankton",0.985137998710159,0.419256172966186,0.797350420804544,1.19603780937088,1.50173752821649
36865,"salps",0.055994757733902,0.0229582358095547,0.0433450542549427,0.0808811945533615,0.107361044208027
36865,"shelf and coastal fishes",0.252256910520401,0.143776786319918,0.216229077636771,0.286793976135219,0.322460386978577
36865,"small divers",0.00192250396153696,0.00113603016023223,0.00179592374495924,0.00205739626103784,0.00217787555304511
36865,"sperm whales",0.00122285595506938,0.00076180636961858,0.00103332699283443,0.00517146035806672,0.126298874696699
36865,"squids",0.00730623853617164,0.00485568683780987,0.00633537112734574,0.00863938220374728,0.015369902308448
36865,"toothfishes",0.0547504927937949,0.00968487928007185,0.035741560547597,0.0710365994206564,0.0942733937621918
37230,"antarctic krill",0.720228691305944,0.0864095651977738,0.391163997440944,1.28004449635475,1.90405454365707
37230,"baleen whales",0.0421989749016385,0.00917979620336113,0.0419272006073449,0.156734229095149,0.899621828938205
37230,"bathypelagic fishes",0.124580474505197,0.0527218162564969,0.0881081100066067,0.170739013325504,0.235514110516434
37230,"flying birds",0.000308448114959993,0.000278016973143614,0.000304832003576466,0.000312798601249653,0.000321089423324647
37230,"large divers",0.000938425342343477,0.000315946040938561,0.000565119003292918,0.00193808666199036,0.00924519273854872
37230,"leopard seals",0.000172427675207063,0.000100781312948794,0.000137892568488404,0.000196254711438533,0.000239230010746393
37230,"medium divers",0.0210548197219154,0.00839412237139605,0.0141874474214609,0.0309095129638518,0.0416475231919637
37230,"mesopelagic fishes",0.094119723312361,0.025741406868749,0.067805130116659,0.13763899631833,0.187381762719399
37230,"mesozooplankton",0.927510012961682,0.503664636275848,0.700930478477067,1.08163648298612,1.29373415933297
37230,"minke whales",0.00133374255362929,0.00041184631853145,0.000721370954379036,0.00335816058822485,0.824144928671985
37230,"orca",0.000460292470479596,0.000369203570110725,0.000433639090630206,0.00051227405254416,0.000898111987294272
37230,"other krill",0.622346234979128,0.0809441486451303,0.299535148032454,1.59324356883855,3.91274332364585
37230,"other macrozooplankton",1.03188611986358,0.44509253367769,0.82795049122959,1.24289433167881,1.53796270185229
37230,"salps",0.0568538378149072,0.023643420696527,0.0442783402446658,0.0817356101957985,0.108038912941352
37230,"shelf and coastal fishes",0.252114901503829,0.144033241250114,0.216028819116189,0.286619268407711,0.322520376136165
37230,"small divers",0.00192602534234478,0.00113787107752262,0.00180045089589008,0.00205767322478038,0.00217789655787232
37230,"sperm whales",0.00122230437675532,0.00076202996594859,0.00103309488020307,0.00516371986409015,0.126072259936183
37230,"squids",0.00729392905589862,0.00484968073663426,0.00632249348787292,0.00861455192921559,0.0153700334076269
37230,"toothfishes",0.0548292652029339,0.00968718419578574,0.0357746238937353,0.0710251396222072,0.0942546539689713
37595,"antarctic krill",0.7220478623554,0.0879809783501005,0.393721376703515,1.27650229562173,1.89339244127487
37595,"baleen whales",0.0421587450395499,0.0091811994777401,0.0418866196422463,0.15654719312559,0.898484022489641
37595,"bathypelagic fishes",0.126933630638574,0.0541707229147231,0.0900527272598431,0.17324829449298,0.238041869475052
37595,"flying birds",0.00030841469784525,0.00027794566632575,0.000304776488760574,0.000312779853770165,0.000321081407465696
37595,"large divers",0.000937871066230436,0.000316593612657615,0.000564169048156067,0.00193640500865116,0.00919687091713457
37595,"leopard seals",0.000172487576520259,0.000100757628118291,0.000137842179802515,0.000196345308949524,0.000239337937177773
37595,"medium divers",0.0210520110718662,0.00840088216214892,0.0141828035580156,0.0308467246507378,0.0416153108189673
37595,"mesopelagic fishes",0.0956503889372087,0.0263014734770712,0.0693550609534831,0.139620215355646,0.189377551670002
37595,"mesozooplankton",0.903143947002349,0.465123734068425,0.670501190261021,1.06209790886164,1.27853976778052
37595,"minke whales",0.00133380617645109,0.000412228794004086,0.000720520728981395,0.00334519340798586,0.821241871733749
37595,"orca",0.000460309789884745,0.000369421463868946,0.000433693012926293,0.000512137054966384,0.000896897393221846
37595,"other krill",0.592798228181303,0.0803990844937815,0.281761109115583,1.55021736542012,3.79177042046059
37595,"other macrozooplankton",0.993479967359015,0.440921881152975,0.816146003030282,1.21111152804319,1.47643059118006
37595,"salps",0.0568645847222538,0.0238853064435933,0.044347331846579,0.0820391644441856,0.108305401796176
37595,"shelf and coastal fishes",0.252480753200562,0.144765514066451,0.216465912475619,0.286916286073542,0.322937132230092
37595,"small divers",0.00192728774090215,0.00113811520374144,0.00180282654559685,0.00205783186916685,0.00217755996782283
37595,"sperm whales",0.00122173376821181,0.000762226277856954,0.00103285994255028,0.00515599152077405,0.125846011408951
37595,"squids",0.00730091497125395,0.00487716201285868,0.00633909675086369,0.00862965846251508,0.0153892926038427
37595,"toothfishes",0.0548843661625544,0.00968657729683887,0.0358018142833696,0.071043244407398,0.0942510692910697
37960,"antarctic krill",0.702096276868308,0.0858391111637282,0.381095317117281,1.25534780382173,1.86521256929269
37960,"baleen whales",0.0421185672417126,0.00918228577986185,0.0418460270256634,0.156360341987044,0.897347617315569
37960,"bathypelagic fishes",0.127451882522594,0.0537788681391354,0.0902112194687764,0.173685838041828,0.239430797607714
37960,"flying birds",0.000308339733481221,0.000277823784281048,0.000304675224478758,0.000312742514203676,0.000321072420101894
37960,"large divers",0.000936868500533939,0.000317478034266214,0.000563748568279318,0.00192846282790766,0.00914881491112364
37960,"leopard seals",0.000172556300738098,0.00010072987262851,0.000137868594179312,0.000196434392712039,0.000239531121023215
37960,"medium divers",0.0210488891080672,0.00840066888512728,0.0141838537881911,0.0307843874513506,0.0415931431736406
37960,"mesopelagic fishes",0.0950854047878692,0.0261061915649912,0.0689843056561703,0.139821093552895,0.189855972438204
37960,"mesozooplankton",0.850621197260061,0.389348111821855,0.611038865849385,1.0078972728837,1.22056307945897
37960,"minke whales",0.00133432589897585,0.000413285047825271,0.000721205224420713,0.00333206488838462,0.818348290565067
37960,"orca",0.000460325045666116,0.000369634349417152,0.000433743939526524,0.000511996959323987,0.000895678392853867
37960,"other krill",0.552745209536564,0.0716220499801108,0.256616076891876,1.51764081706893,3.77061824580394
37960,"other macrozooplankton",0.912583430074913,0.40212541224201,0.753201194083251,1.12422614484294,1.37668588489966
37960,"salps",0.055537278339761,0.0234816381456156,0.0432795671958372,0.0812333322251251,0.10733100461106
37960,"shelf and coastal fishes",0.252804303446655,0.144976851686978,0.216790085589856,0.287074043805448,0.323342323677933
37960,"small divers",0.00192548273744596,0.00113636742521116,0.00180144824742168,0.0020573255336127,0.00217599192884644
37960,"sperm whales",0.0012211586644575,0.000762412468283549,0.00103261929139079,0.005148276314088,0.125620154377733
37960,"squids",0.00731881186443908,0.00489674707107696,0.00635912993492251,0.00864689490589205,0.0154080589915393
37960,"toothfishes",0.0548894205078692,0.00968123510149979,0.0358157702588387,0.0710528666131882,0.0942539074434779
38325,"antarctic krill",0.694685568017077,0.0844890862523887,0.375405351422551,1.24835685227775,1.85936091613081
38325,"baleen whales",0.0420784357548916,0.00918406941610067,0.0418056015037927,0.15617382424159,0.896212748202959
38325,"bathypelagic fishes",0.127430005540476,0.0540175812570656,0.0900091008550703,0.173678974444637,0.240085726850399
38325,"flying birds",0.000308422381999515,0.000277887247530016,0.000304772343210548,0.000312753358621581,0.000321074709992821
38325,"large divers",0.000936799521235846,0.000318125273187577,0.000564480299739574,0.00192601429130323,0.00910086696629805
38325,"leopard seals",0.000172575380862299,0.00010071228082377,0.00013786935793596,0.000196493438547045,0.000239457131081556
38325,"medium divers",0.0210414856404066,0.00839813501703969,0.0141843050439571,0.0307232493661708,0.0415825640226196
38325,"mesopelagic fishes",0.0947881382366605,0.0260590335356281,0.0687575637806687,0.139231474778639,0.189145030461457
38325,"mesozooplankton",0.877269021207374,0.444623220933218,0.638337664977405,1.04504561485357,1.2683500137461
38325,"minke whales",0.00133445415085684,0.000414099033644889,0.000722197612129149,0.00331680653149492,0.815464353614021
38325,"orca",0.000460353694958854,0.00036986689196766,0.000433812960072538,0.000511876086173631,0.000894497743418092
38325,"other krill",0.573121336741754,0.0693689580409605,0.260433753559684,1.55287692688911,3.91547649097313
38325,"other macrozooplankton",0.933129781303108,0.388749490606363,0.747666691730446,1.13687864607018,1.43233733211132
38325,"salps",0.0554819000670005,0.0233722571862048,0.0430199612661857,0.0811587603505267,0.107171481675396
38325,"shelf and coastal fishes",0.253148781312833,0.145409380262993,0.217150308328119,0.287363942403504,0.323574824723949
38325,"small divers",0.00192509733307607,0.00113693337472142,0.00180203588246092,0.00205744399256915,0.00217694611404758
38325,"sperm whales",0.00122061929247778,0.00076263845082359,0.00103240745374228,0.00514056975149549,0.125394767009681
38325,"squids",0.00733624502733374,0.00491586041153641,0.00637938256567241,0.00865819695979425,0.015429420719164
38325,"toothfishes",0.0549513596781985,0.00968273768803374,0.0359776151852634,0.0710676029622297,0.0943198092193738
38690,"antarctic krill",0.686792422809215,0.081086524991661,0.362608268714957,1.24791171141881,1.85690329822434
38690,"baleen whales",0.0420383657660784,0.00918561470930041,0.0417650935522192,0.155987437798878,0.895079239166528
38690,"bathypelagic fishes",0.126489554200562,0.0535446756759492,0.0892743700193692,0.173488596810951,0.239411026088401
38690,"flying birds",0.000308317396589377,0.000277845966180809,0.000304647804174498,0.000312711908927201,0.000321054666446612
38690,"large divers",0.000936289658707015,0.000319107817205984,0.000565279078124062,0.00192346050359098,0.00905338111602528
38690,"leopard seals",0.000172702807378699,0.000100728736823469,0.000137897305972345,0.000196520486260879,0.000239434504849825
38690,"medium divers",0.0210428999309622,0.00840105140456677,0.0141685933733645,0.0306999804854195,0.0415540738312993
38690,"mesopelagic fishes",0.0936539715338795,0.0255814436726792,0.0679315981297005,0.138525567157374,0.188073480952531
38690,"mesozooplankton",0.828207621984713,0.338068212684063,0.575655414409113,0.992313818357159,1.21832136518151
38690,"minke whales",0.00133246066692451,0.000413482719251816,0.000723675242893231,0.00329777153874149,0.812589801427056
38690,"orca",0.000460358239009601,0.000370063261267067,0.000433877092658255,0.000511723007262089,0.000893259437733097
38690,"other krill",0.557920829519631,0.0625139404998805,0.245226273503352,1.55501377935127,3.93640507494006
38690,"other macrozooplankton",0.917761098162605,0.376844601104721,0.730998282478031,1.11142987696516,1.38144995213284
38690,"salps",0.0545593542965477,0.0226964829755751,0.041929583204106,0.0808932254839436,0.107137106274251
38690,"shelf and coastal fishes",0.2536135660599,0.145872669997738,0.217469955589584,0.287694096396653,0.323864104068829
38690,"small divers",0.00192153071286093,0.00113397725758307,0.00179806191067985,0.00205691329607157,0.00217542004241078
38690,"sperm whales",0.00122003270171638,0.00076277800620939,0.00103215142636008,0.00513281987934769,0.125169703962922
38690,"squids",0.00736002439678574,0.00494160464744184,0.00640722691923933,0.0086909780750181,0.0155144799000918
38690,"toothfishes",0.0549397194141749,0.0096718261289499,0.0361120266914725,0.0711075543391349,0.0943630387158328
39055,"antarctic krill",0.68780852134682,0.0803691770187456,0.364545083283017,1.25013680148232,1.86889071573874
39055,"baleen whales",0.0419983316976184,0.00918745249533087,0.0417247984918594,0.155801411910227,0.893947284933446
39055,"bathypelagic fishes",0.125728848218187,0.0529662415020713,0.0886325636597379,0.172491584268586,0.238179958889735
39055,"flying birds",0.000308421823978341,0.000277918206016561,0.00030477493667078,0.000312765511907542,0.000321054771397893
39055,"large divers",0.000936037364153779,0.000319566534703614,0.000565905624204944,0.00192101160240999,0.00900581836285913
39055,"leopard seals",0.000172736329521183,0.000100778297232036,0.000137804754488949,0.000196621475197498,0.000239611643914576
39055,"medium divers",0.0210375212923027,0.0084103238041041,0.014151131035613,0.0306724745356224,0.0415282992211952
39055,"mesopelagic fishes",0.0932820105330621,0.0254695794607265,0.0675651369577328,0.137790713846654,0.187095919815002
39055,"mesozooplankton",0.894906320056169,0.464951695229129,0.6567068038818,1.05878970594489,1.28255972209017
39055,"minke whales",0.00132929336843297,0.000412922440014186,0.000725132911671908,0.00327831176152907,0.809724853370097
39055,"orca",0.000460393957547878,0.00037030633213357,0.000433971437202538,0.000511614610085195,0.000892108387015533
39055,"other krill",0.580780250605354,0.0656026281471595,0.261680370850391,1.5985554401211,4.10228282074323
39055,"other macrozooplankton",0.942337004308749,0.389762251004393,0.754515107727036,1.15026629080296,1.44078043544846
39055,"salps",0.0551763963732405,0.0228766300767739,0.0423601749811489,0.0809963768971636,0.107245324203944
39055,"shelf and coastal fishes",0.253656684715996,0.146033499049136,0.217489106648182,0.287573392327563,0.323785151332801
39055,"small divers",0.00192242845187183,0.00113503472222473,0.00179884435745659,0.00205753609289285,0.00217560758570954
39055,"sperm whales",0.00121950613100412,0.000762953817820626,0.00103195523069863,0.00512510988152567,0.124945156553354
39055,"squids",0.00736578744679292,0.00495187249238807,0.00641451569621815,0.00868764534054795,0.0155421925403575
39055,"toothfishes",0.0549656473568503,0.00968693909276246,0.0361742616518439,0.0711160609213733,0.0943765378238077
39420,"antarctic krill",0.694327452819015,0.0804249790098159,0.36877125586488,1.25481556094339,1.87847544031494
39420,"baleen whales",0.0419583462792385,0.00918935424585103,0.041684579967994,0.15561564124775,0.892816798360174
39420,"bathypelagic fishes",0.125866284639777,0.0531497680687431,0.0888375927707872,0.172367596508411,0.237486623681426
39420,"flying birds",0.000308506834242014,0.00027811154730753,0.000304920589683914,0.000312794008320238,0.000321029006767579
39420,"large divers",0.000935768575961092,0.000319580574774014,0.000565562623772262,0.00191857025397701,0.00895844002165297
39420,"leopard seals",0.000172720932960623,0.000100717238590449,0.000137810075938118,0.000196659427078904,0.000239563536971665
39420,"medium divers",0.0210315008057734,0.008418980569034,0.0141470437214054,0.0306443123901549,0.0415156456083085
39420,"mesopelagic fishes",0.0940409535037287,0.0256378467092091,0.0681565403043892,0.137734411773632,0.187122856116302
39420,"mesozooplankton",0.871622051829426,0.419171186495095,0.637724011860779,1.03045870887878,1.24962713622396
39420,"minke whales",0.00132945560530573,0.000412616582535682,0.000726099757510477,0.00325893109776386,0.806869375588287
39420,"orca",0.000460435053185938,0.000370559931809031,0.000434069286496054,0.000511514540910013,0.000890974422083826
39420,"other krill",0.588125046714979,0.0670623924059708,0.265383053394149,1.59398931411174,4.04075329241136
39420,"other macrozooplankton",0.969096082339174,0.404889976818936,0.777477687071595,1.17266229203033,1.45093726527142
39420,"salps",0.0557238957278615,0.0230527780021874,0.042912599340151,0.0815053525165744,0.107496126586324
39420,"shelf and coastal fishes",0.253675637097871,0.146220316815785,0.2176011719464,0.287485123789436,0.323770980047176
39420,"small divers",0.0019249500982417,0.00113755820798273,0.00180147619033044,0.00205806918930256,0.00217774406370233
39420,"sperm whales",0.00121898810795239,0.000763141530933759,0.00103176951348417,0.00511741916767449,0.124721033246528
39420,"squids",0.00736018926426836,0.00496054491526378,0.00641330332258164,0.00867293818076903,0.0155307447470428
39420,"toothfishes",0.055002419727759,0.00970671508958651,0.0362211872596831,0.0711222167301718,0.0943897005951938
39785,"antarctic krill",0.693901523553179,0.0803564141011113,0.370661045558277,1.25252618950698,1.87246529355744
39785,"baleen whales",0.0419184095810469,0.00919121161898739,0.0416443887471306,0.155430084606053,0.891687738086287
39785,"bathypelagic fishes",0.125978385245775,0.0532789213450046,0.0891532429923662,0.172179765467424,0.237677294645832
39785,"flying birds",0.000308524838125183,0.000278397491052289,0.000304988934267272,0.000312790740096426,0.000321017719938722
39785,"large divers",0.000934293631297036,0.00031898290130244,0.000564762924557682,0.00191611569138635,0.00891125557668062
39785,"leopard seals",0.000172779232632442,0.000100687599412902,0.000137975455929843,0.000196600245600116,0.000239586256951473
39785,"medium divers",0.0210244889591771,0.00842657476988846,0.0141441083865591,0.0306156000548866,0.0415026021096354
39785,"mesopelagic fishes",0.09437381644166,0.0257765742998748,0.0682564225245292,0.13766615913361,0.187022401728801
39785,"mesozooplankton",0.878420513965246,0.44630911964361,0.649369481714764,1.03399739129113,1.24910033007939
39785,"minke whales",0.00132787233207844,0.000413135138915351,0.000725125426784569,0.00323900485775342,0.804023272423308
39785,"orca",0.000460481252410804,0.000370824610910538,0.000434170993587364,0.000511421978466991,0.000889855043003103
39785,"other krill",0.582120834209313,0.0673736913206164,0.262471281110434,1.56214317041602,3.91527291215046
39785,"other macrozooplankton",0.944476678525677,0.404536194240869,0.770717659229123,1.15246294698058,1.4172964741836
39785,"salps",0.0558828281090667,0.0231320900487233,0.043154139986933,0.0812922769820795,0.107279291488147
39785,"shelf and coastal fishes",0.253560052358731,0.146072137773365,0.217644661626818,0.287406313374307,0.323636452156065
39785,"small divers",0.00192769898495137,0.00114009175250585,0.00180438972714651,0.0020588612106356,0.00217807556388992
39785,"sperm whales",0.00121847199551617,0.0007633311471522,0.00103158730330823,0.00510974449568314,0.124497317418627
39785,"squids",0.00735264870247774,0.00496051461419812,0.0064007592049818,0.00865109180672379,0.0155172415524121
39785,"toothfishes",0.055084262755519,0.00972619289023313,0.0362532776368291,0.0711514173613918,0.0945621313508554
40150,"antarctic krill",0.697277459397169,0.081947265590798,0.372482337342339,1.25273171491958,1.86647805206689
40150,"baleen whales",0.0418785303945093,0.00919300468099374,0.0416042072806101,0.155244735083192,0.890560097518564
40150,"bathypelagic fishes",0.126285694544287,0.0536966796333056,0.0895530258167595,0.1723983167149,0.237565873983657
40150,"flying birds",0.000308512258426569,0.000278509454520252,0.000304993190468211,0.000312781871150664,0.000321002286257207
40150,"large divers",0.000933502350501585,0.0003191586274208,0.0005646545955586,0.00191362971236009,0.00886439588992097
40150,"leopard seals",0.000172756688052058,0.000100607818190348,0.000137893794578127,0.000196612538049238,0.000239610972997381
40150,"medium divers",0.0210214575752956,0.00843530801758805,0.0141421853836692,0.0305883542842481,0.0414872668009009
40150,"mesopelagic fishes",0.0946186777781518,0.0260040632639329,0.0688131945782651,0.137858128093424,0.187364900744792
40150,"mesozooplankton",0.893838356938744,0.466420421030581,0.661774652384831,1.05336842112751,1.27490721189907
40150,"minke whales",0.00132763418469301,0.000413514121452675,0.000725630116126333,0.003213478771319,0.801186522845985
40150,"orca",0.000460519476798174,0.000371080257328086,0.0004342696200747,0.000511318242151933,0.000888714049701949
40150,"other krill",0.591002506502308,0.0696907484019118,0.268923145626006,1.56483824779848,3.90986427633336
40150,"other macrozooplankton",0.962719034947005,0.408241866380697,0.777007583822441,1.17078331326742,1.45912891930368
40150,"salps",0.0561063059228523,0.0233673584797299,0.0433962422421207,0.0814041485565733,0.107214573065858
40150,"shelf and coastal fishes",0.253626771780781,0.146106076090867,0.217723760989892,0.287636788653256,0.323645290577459
40150,"small divers",0.00192878875396466,0.00114183528824731,0.00180621155158705,0.00205877591249722,0.00217754645151863
40150,"sperm whales",0.00121793969339799,0.000763503138968964,0.00103138953568866,0.0051020770656162,0.124273974485828
40150,"squids",0.0073475500094041,0.00495593622869376,0.00640253051514359,0.00864311412956205,0.0155211569000532
40150,"toothfishes",0.0550831030837144,0.00976537632795251,0.0362976891217332,0.0711976914456949,0.0946694902575241
40515,"antarctic krill",0.713065485529046,0.0835624038691297,0.381093090600611,1.26329473852476,1.87322933025633
40515,"baleen whales",0.0418387026969376,0.00919480486459169,0.0415640773930054,0.15505962413943,0.889433900113072
40515,"bathypelagic fishes",0.126822514613783,0.0543926484775518,0.0904205029535518,0.172897562176454,0.237718438283532
40515,"flying birds",0.000308530625757317,0.000278682383934076,0.000305047892659842,0.000312785562164986,0.000320991975910988
40515,"large divers",0.000933187171786892,0.000319640160655933,0.000565260936252826,0.00191114319994999,0.00881775481270082
40515,"leopard seals",0.000172847197932634,0.000100527924698287,0.000137878144899812,0.000196661636218329,0.000239636269586081
40515,"medium divers",0.0210183005786389,0.00844773770258836,0.0141448978162976,0.0305610672269645,0.0414771226712763
40515,"mesopelagic fishes",0.0953820957917918,0.0264045389736247,0.0697069102620308,0.138652695872622,0.188003955468049
40515,"mesozooplankton",0.922419955253051,0.506359384763165,0.69340899440521,1.07853448307041,1.29707138244852
40515,"minke whales",0.00132563459066918,0.000413498435254911,0.000727021757086523,0.00318820082345259,0.7983591214856
40515,"orca",0.000460559408439722,0.000371342331120189,0.000434369730407789,0.000511217765541476,0.000887580638204298
40515,"other krill",0.606532386172062,0.0739527702194826,0.283771748007885,1.58143311440728,3.90104735854949
40515,"other macrozooplankton",1.00335208206314,0.423453156641547,0.805810396921662,1.21359655564536,1.50406511278163
40515,"salps",0.0565227141566277,0.0238765625594189,0.0439995288459774,0.081890280526079,0.107673476831853
40515,"shelf and coastal fishes",0.253780612044139,0.146264713328489,0.217877522969602,0.287730633424741,0.323700406771881
40515,"small divers",0.00192933498797126,0.00114401507369337,0.00180773785227779,0.00205877560263358,0.00217759594418899
40515,"sperm whales",0.00121741159221793,0.000763679218440769,0.00103118162482681,0.00509442445704064,0.124051040830145
40515,"squids",0.00734677822511015,0.00496128914641335,0.00640613103606774,0.0086378893060681,0.0155506594326659
40515,"toothfishes",0.0551218400522164,0.00980996378105261,0.0363310617823319,0.0712042099628723,0.0946698008584354
40880,"antarctic krill",0.723528645744733,0.0853089670681144,0.388704287168906,1.26654019852357,1.87044888219775
40880,"baleen whales",0.0417989250051712,0.00919661085137097,0.0415240019364447,0.154874752578471,0.888309144352749
40880,"bathypelagic fishes",0.127606755744773,0.0552928196887338,0.0912113311565498,0.173790115399518,0.238209161051423
40880,"flying birds",0.00030855888851651,0.000278911202285924,0.00030510414440807,0.000312815415752858,0.000321000212246454
40880,"large divers",0.000932401552594877,0.000320080003863047,0.000565906907029133,0.0019086632894467,0.00877130834334887
40880,"leopard seals",0.000172780912334765,0.000100448540708681,0.000137943913871671,0.000196672254533663,0.000239707800084724
40880,"medium divers",0.0210077253001146,0.00845547006797138,0.0141488603874211,0.0305334136160351,0.0414670142899378
40880,"mesopelagic fishes",0.0964492716077841,0.0268536829027825,0.0707174939082872,0.139600564054022,0.188677991696928
40880,"mesozooplankton",0.906243399089805,0.484457417718584,0.681213134981036,1.05879305490577,1.27002440903636
40880,"minke whales",0.00132490685098146,0.000413382317596545,0.000728351490866523,0.00315969444932558,0.795541028523646
40880,"orca",0.000460602470205543,0.000371614063038294,0.000434471681171523,0.000511123253138758,0.000886460993611113
40880,"other krill",0.597050778426103,0.07545022993914,0.280649241288148,1.55405307970866,3.78480898863421
40880,"other macrozooplankton",0.995762290230754,0.436919845627136,0.814472248678646,1.20924193125687,1.47986915895598
40880,"salps",0.05674097122588,0.0242243409146522,0.0444140464109429,0.0821792753793379,0.107796085300048
40880,"shelf and coastal fishes",0.254013449389854,0.146488636459483,0.218058840265572,0.287858048573602,0.323805342343019
40880,"small divers",0.00193033857131586,0.00114678028419995,0.00180953052513277,0.00205891335906488,0.00217816489511413
40880,"sperm whales",0.00121689229399539,0.000763863965510718,0.00103096216268681,0.00508678801132584,0.123828523260984
40880,"squids",0.00735032047319041,0.00496913878339219,0.0064121032417802,0.00863411290484169,0.0155396743922428
40880,"toothfishes",0.0551586408757303,0.00985954797500369,0.0363554444300151,0.0712595472448728,0.0946722129202077
41245,"antarctic krill",0.714250392560605,0.0860212686107697,0.385701296704253,1.25772254323056,1.85747138772222
41245,"baleen whales",0.0417592086841168,0.00919826581559097,0.0414838986022898,0.154690058285755,0.887185776334605
41245,"bathypelagic fishes",0.128279043272803,0.0558585564118969,0.092117069839861,0.17496272202123,0.238832764156306
41245,"flying birds",0.000308492418659299,0.000278725660604544,0.00030503017318556,0.000312767213094084,0.000321000859727162
41245,"large divers",0.000932231788038462,0.000320728331924794,0.000566170621646708,0.00190613121903795,0.00872527016686072
41245,"leopard seals",0.000172834481126849,0.000100372536350859,0.000138091870231914,0.000196592194987459,0.000240010289475986
41245,"medium divers",0.0209967741079134,0.00846358120103364,0.014156056611804,0.0304624665427068,0.0414575527721073
41245,"mesopelagic fishes",0.0967575779221544,0.0270282655040401,0.07110865820798,0.140447840070881,0.189435557235869
41245,"mesozooplankton",0.886076067515826,0.449584496045669,0.649276818741415,1.0458557644512,1.26423826059041
41245,"minke whales",0.00132479662671983,0.000413140014848351,0.000729735336128308,0.0031389145613294,0.792732158125523
41245,"orca",0.000460625966868606,0.000371859449182837,0.000434562733360481,0.000511003157587641,0.000885296213827149
41245,"other krill",0.575004327165887,0.073678339956438,0.266958587250474,1.53322773986219,3.75172099463894
41245,"other macrozooplankton",0.9628724954566,0.422802043780699,0.787711516347077,1.17480230895077,1.44718754914641
41245,"salps",0.0562607362874523,0.0242283588651451,0.0439868823926498,0.0821593858326774,0.107585352639945
41245,"shelf and coastal fishes",0.254709059386666,0.14706795753051,0.218660580622518,0.288166892809529,0.324124644971961
41245,"small divers",0.00192922435065251,0.00114723223836085,0.00180868904443497,0.00205818830694772,0.00217823746697248
41245,"sperm whales",0.00121634357180702,0.0007640144391222,0.00103072948567234,0.00507915121604356,0.123606351041264
41245,"squids",0.00736184401384898,0.0049957364466254,0.00643560330151713,0.00865851395415692,0.0155710736988703
41245,"toothfishes",0.0551963645196764,0.00991255531773364,0.0363826367514823,0.0713010902489333,0.0946786727091385
41610,"antarctic krill",0.704687778821938,0.0849098311880544,0.381140937145338,1.25367110082869,1.85443133557561
41610,"baleen whales",0.0417195480474454,0.00919982164557544,0.0414438019731991,0.154505565610341,0.886063812601564
41610,"bathypelagic fishes",0.128378847514803,0.0560216053001282,0.0918338476548349,0.175072493212227,0.239181906705002
41610,"flying birds",0.000308443719135329,0.000278347785497046,0.000304912871460099,0.00031276039943508,0.000320954915711195
41610,"large divers",0.000932182740932236,0.000321012345481481,0.000565892178192472,0.00190356345793157,0.00867589494857969
41610,"leopard seals",0.000172991946254221,0.000100296981549623,0.000138240639555213,0.000196522172521894,0.00024084651947807
41610,"medium divers",0.0209959358131381,0.00846221992469051,0.0141452270335573,0.0304179332773728,0.0414484067637147
41610,"mesopelagic fishes",0.0965007858900128,0.026976012398067,0.0708459050894226,0.140678914287138,0.189821667760463
41610,"mesozooplankton",0.89522089640459,0.464605716115796,0.658249080338754,1.05993587160311,1.28357606603113
41610,"minke whales",0.00132530594751777,0.000412978543883067,0.00073048277508579,0.00311541920377499,0.789932498786733
41610,"orca",0.000460636369539939,0.000372086711732123,0.000434645185870102,0.000510867533967404,0.000884108265359703
41610,"other krill",0.576933785368246,0.0714962296660333,0.263530942660243,1.55854490924477,3.85532407076005
41610,"other macrozooplankton",0.964028393329405,0.409065111580627,0.778735124971472,1.1767878426591,1.46184425815805
41610,"salps",0.0559286209913185,0.0239450613028137,0.0435041329654961,0.0820905720588579,0.107362327373866
41610,"shelf and coastal fishes",0.255323921114065,0.147698645991251,0.219307198027253,0.288550780761191,0.324517795727683
41610,"small divers",0.00192608899978441,0.00114594060523947,0.00180558956025394,0.00205808494307779,0.00217661311261775
41610,"sperm whales",0.00121577881139223,0.000764144049929805,0.00103048868107724,0.00507151892658346,0.123384549945291
41610,"squids",0.00739113923272656,0.00503449344501626,0.00646050500660267,0.00869191510816359,0.0156076391879132
41610,"toothfishes",0.0552307395599046,0.00997621664923138,0.0364166894711079,0.0713586474605364,0.0946908847734267
41975,"antarctic krill",0.701316410129805,0.0836999189757964,0.378587205333124,1.25197341033054,1.85403521536158
41975,"baleen whales",0.0416799287092665,0.00920156834732636,0.0414038665669819,0.154321393006254,0.88494335446079
41975,"bathypelagic fishes",0.12829589630794,0.0561677935102744,0.0917971794631236,0.174835386740879,0.239175355124128
41975,"flying birds",0.00030849890332464,0.000278585154388565,0.000305036368794329,0.000312768572529825,0.000321038981022597
41975,"large divers",0.000932067109254954,0.000321413300578307,0.000565692532205446,0.00189737601989179,0.00862238253742728
41975,"leopard seals",0.000172981592885139,0.000100235984460575,0.000138452404322606,0.000196666986579811,0.000241151565046514
41975,"medium divers",0.0209948107148412,0.00846354938962575,0.0141238713445923,0.0303943195065908,0.0414388849615347
41975,"mesopelagic fishes",0.0964267323493492,0.0271386855786126,0.0709747898802138,0.140712842319235,0.189722015830991
41975,"mesozooplankton",0.871770744676631,0.428903059980714,0.634573720248585,1.03092135124684,1.25115661040341
41975,"minke whales",0.00132539997545369,0.000413586139394258,0.000730238457566544,0.0030830188327697,0.787142139368333
41975,"orca",0.00046066308218594,0.000372339931308072,0.000434734527803856,0.000510757375272497,0.000882974530952246
41975,"other krill",0.573982149451605,0.0690549789597169,0.25888829672277,1.55614691960255,3.88574603529363
41975,"other macrozooplankton",0.959939429851805,0.405404414356973,0.777670852883646,1.16952727051495,1.43777164885798
41975,"salps",0.0557897165412964,0.0239452260145182,0.0432878191720431,0.0820226665200785,0.107428292377933
41975,"shelf and coastal fishes",0.255799608655529,0.148286190821209,0.21979999012606,0.288943953496975,0.324749994314532
41975,"small divers",0.00192615100472009,0.00114712017971374,0.0018057231475563,0.00205841378323569,0.00217611863034005
41975,"sperm whales",0.00121525462884866,0.000764363214666349,0.00103027919937841,0.00506391613888884,0.123163222840329
41975,"squids",0.00740843467593164,0.00505518058050099,0.0064804913901599,0.00871245091943108,0.015623761371011
41975,"toothfishes",0.0552932745489754,0.0100283902999135,0.0364574436838703,0.0714072285669492,0.0948078550290323
42340,"antarctic krill",0.692014408342831,0.0813385203134272,0.368858818878189,1.24913044450295,1.85027840378073
42340,"baleen whales",0.041640370447872,0.00920253148931215,0.0413638266632826,0.154137328942792,0.883824217849836
42340,"bathypelagic fishes",0.12764103243297,0.0550683999524154,0.0907495175042339,0.174280368760172,0.23899680746371
42340,"flying birds",0.000308420350922802,0.000278131440630614,0.000304844092229675,0.000312709486585477,0.00032091187413421
42340,"large divers",0.000932047010615856,0.000321478925873614,0.000565637834270056,0.00188962625243287,0.00856965585385923
42340,"leopard seals",0.000173017407976225,0.000100183724130415,0.000138545190779064,0.000196871513089819,0.000241200522035217
42340,"medium divers",0.020992974640917,0.0084692461593861,0.0141080822456846,0.0303593398676111,0.0414338901776703
42340,"mesopelagic fishes",0.0954496382380395,0.0266674000604367,0.0699651873240985,0.139839490693479,0.18899166345181
42340,"mesozooplankton",0.872009418465267,0.422229532971134,0.628561370476205,1.03826539083444,1.2610467169931
42340,"minke whales",0.00132551145628389,0.000413730018270376,0.000730434101188723,0.00306702065980759,0.784360829764754
42340,"orca",0.000460661681201919,0.00037254934727011,0.000434807280194715,0.000510609879974854,0.000881776597838272
42340,"other krill",0.564478515329205,0.0660752612901215,0.251695629865786,1.55836020107822,3.93415939966796
42340,"other macrozooplankton",0.933922732833185,0.393668047745281,0.754188146814826,1.13839252651919,1.40798852191532
42340,"salps",0.0551641161060241,0.023426790293661,0.0424971981015428,0.0814381069126185,0.107282097777767
42340,"shelf and coastal fishes",0.256171931661857,0.148483381979019,0.22011677360103,0.289351743389419,0.325054558890523
42340,"small divers",0.00192218296260486,0.00114398697179411,0.00180093409209843,0.00205788422864017,0.0021757909994414
42340,"sperm whales",0.00121467603944143,0.000764548045623738,0.00103002406949454,0.00505630259082981,0.122942198712784
42340,"squids",0.00743056671948979,0.00508760978457355,0.00650313793068374,0.00874299562745656,0.0156482910756343
42340,"toothfishes",0.0553500572206015,0.0100816821538579,0.0365137269385477,0.0714540662712523,0.0948645412688518
42705,"antarctic krill",0.683735924879559,0.079203471072059,0.36197767653545,1.2411735856601,1.84775275181731
42705,"baleen whales",0.0416008535348754,0.00920345197290661,0.0413238806964038,0.153953524804716,0.882706525724328
42705,"bathypelagic fishes",0.12540603231907,0.0529230173000738,0.088606374470882,0.172311269569153,0.237405700668286
42705,"flying birds",0.000308375914562617,0.000278094749085847,0.000304734502862792,0.000312673826756379,0.000320784682613205
42705,"large divers",0.000931894231330646,0.000321729308371022,0.000566169469590164,0.0018819154731091,0.00851688568970482
42705,"leopard seals",0.000173060890298921,0.000100125453055942,0.000138379259540843,0.000196836732788663,0.000241528109632921
42705,"medium divers",0.0209808117203669,0.0084823007630199,0.0140976288500608,0.0303356349114048,0.0414071280054879
42705,"mesopelagic fishes",0.0931524763885579,0.0259744981873626,0.0677171191069985,0.137895010210925,0.187080987323625
42705,"mesozooplankton",0.863523653850082,0.416784657046367,0.62735761127319,1.01780032501223,1.23649286417473
42705,"minke whales",0.00132543297155072,0.000413888287049371,0.000730970394422513,0.00305536250789718,0.781588675240149
42705,"orca",0.000460598250135287,0.000372776221582493,0.000434871844304606,0.000510482688644637,0.000880622195169933
42705,"other krill",0.573371496722754,0.0666673864768995,0.256591539751129,1.56188788116504,3.99916454047422
42705,"other macrozooplankton",0.914408364324118,0.38301147568581,0.733681234007067,1.11315720670282,1.38036806635759
42705,"salps",0.0545871073010621,0.0230933980105233,0.0420268260663803,0.0806578664478195,0.106607517025952
42705,"shelf and coastal fishes",0.255851505136916,0.147700879238522,0.219654809953242,0.289123975661735,0.324749152311356
42705,"small divers",0.00191886874126978,0.00114127245588544,0.00179705349017015,0.00205729001188072,0.00217461516892352
42705,"sperm whales",0.00121411746833027,0.000764761970066949,0.0010297875091877,0.00504870974093816,0.122721609744883
42705,"squids",0.00742562906532041,0.00507009267761815,0.00648728125382062,0.00874285488478369,0.0156419718707804
42705,"toothfishes",0.055383103092001,0.0101224746887587,0.0366032980475466,0.0714957579005518,0.0948881719007785
43070,"antarctic krill",0.676886382879262,0.0768882601390554,0.355345806851115,1.23646406787163,1.85222547671146
43070,"baleen whales",0.0415613900729004,0.00920428371807918,0.0412839670058278,0.153769939270104,0.881590248749097
43070,"bathypelagic fishes",0.123037231455139,0.0510670497466975,0.0864525758383046,0.170170373841084,0.23582695907892
43070,"flying birds",0.000308265492726975,0.000278028797204405,0.000304597471807873,0.000312630753118169,0.000320696166502907
43070,"large divers",0.000931732436488174,0.000322077819790857,0.000566684347736646,0.00187518758105778,0.00847119705355518
43070,"leopard seals",0.000173120535722625,0.000100067645939644,0.000138365431395882,0.000196776568960771,0.000241749899375861
43070,"medium divers",0.0209788009391957,0.00850169746322262,0.0140839975124248,0.0303134159976539,0.0413901476060318
43070,"mesopelagic fishes",0.0909329515885385,0.0249415863152264,0.0656333889752231,0.13577058946107,0.185295960701941
43070,"mesozooplankton",0.843975643505426,0.375713637016066,0.59976213611999,1.0062276432317,1.2296944937601
43070,"minke whales",0.00132473787935916,0.000413873255643457,0.000731386771096241,0.00302319056551441,0.778825642699508
43070,"orca",0.000460525844020412,0.000372984596591201,0.000434916373348304,0.000510342736560175,0.000879448197860995
43070,"other krill",0.570461633755144,0.0624189348118041,0.254933923445827,1.56987291599229,4.03976525061985
43070,"other macrozooplankton",0.899394877061759,0.370925428641465,0.718538003107015,1.09072353369068,1.36005661170231
43070,"salps",0.0540502275062667,0.022570268735886,0.0414203935400565,0.0799216622657246,0.106166994825212
43070,"shelf and coastal fishes",0.255235212744869,0.146822249286452,0.218862884032588,0.288586542533814,0.32421237263345
43070,"small divers",0.0019155693378354,0.00113740404344136,0.00179247028674012,0.00205673344254838,0.00217303418544373
43070,"sperm whales",0.00121353646683422,0.000764947973510067,0.00102952868310767,0.00504111982110531,0.122501383673893
43070,"squids",0.00740993732267262,0.00503310549760252,0.00646389377871518,0.00873581585282872,0.0156290310244647
43070,"toothfishes",0.0553976560214769,0.0101496932229238,0.036595463970493,0.0715161524984677,0.0948956499941426
43435,"antarctic krill",0.695285082329005,0.0780399592811559,0.363888537057227,1.25548015144933,1.87979024836063
43435,"baleen whales",0.0415219730737936,0.00920540170902067,0.0412442247620236,0.153586686108751,0.880475489539338
43435,"bathypelagic fishes",0.122248730986438,0.0511547589802274,0.0861625844356841,0.169073597196123,0.234969738001921
43435,"flying birds",0.000308277035699243,0.000278047006730399,0.000304654266738212,0.000312616038236114,0.000320682833077489
43435,"large divers",0.00093159997678022,0.000322051342920701,0.000567155853183697,0.00187219697414899,0.00843234583189774
43435,"leopard seals",0.000173120422726696,0.000100014483279314,0.000138501173243997,0.00019671660956496,0.000241694223850243
43435,"medium divers",0.0209783561343805,0.00851850736102718,0.0140719567541148,0.0302895695797821,0.0413690240254262
43435,"mesopelagic fishes",0.0908280719261144,0.0249530413157909,0.0657184473307631,0.135201640983254,0.184672476557473
43435,"mesozooplankton",0.918345013948954,0.490649684207321,0.680362837011205,1.08401196372653,1.31244575608277
43435,"minke whales",0.00132485563928994,0.000413428585569777,0.000731741705010046,0.00300433568501835,0.776071863306097
43435,"orca",0.000460546617335354,0.000373201940690657,0.000434972477092617,0.000510215227943796,0.000878300725129138
43435,"other krill",0.620355699844892,0.0694989349267164,0.283647296494875,1.64240362488887,4.19064599643058
43435,"other macrozooplankton",0.979344898033533,0.392333784688814,0.770451194219338,1.18352879944439,1.49402562129618
43435,"salps",0.0551850394813451,0.0231383712413783,0.0422876792230906,0.0805625964929415,0.106861296709282
43435,"shelf and coastal fishes",0.254634042164517,0.146437095525176,0.218258477858612,0.288173165892583,0.323702500453502
43435,"small divers",0.00191566661177241,0.00113616165736405,0.00179206018050259,0.00205655292167206,0.00217275921258388
43435,"sperm whales",0.00121297596892435,0.000765163647859287,0.00102927626156189,0.00503355386984225,0.122281595414739
43435,"squids",0.00739107383532303,0.00499901668267385,0.00643243496297046,0.00871592872973528,0.0156011353106388
43435,"toothfishes",0.0554251406773313,0.0101770502878511,0.0365817863015924,0.0715160858577251,0.0948983894063236
43800,"antarctic krill",0.699786543326185,0.0777680040201051,0.365401504295775,1.26294407039669,1.89419099602793
43800,"baleen whales",0.0414826078775968,0.00920636103605831,0.0412044803153506,0.153403620094602,0.879362116816964
43800,"bathypelagic fishes",0.122111302361165,0.0511502796569457,0.0862308668973528,0.169197542023481,0.23473284858829
43800,"flying birds",0.000308214699472449,0.000277987155862219,0.000304584324048785,0.000312547272808754,0.000320616153094174
43800,"large divers",0.000931469693072251,0.000322138214726452,0.000566670414957103,0.00185748226333327,0.00839368591344569
43800,"leopard seals",0.000173123801148992,9.99594738443287e-05,0.000138701386100586,0.000196853806403309,0.000241638280333526
43800,"medium divers",0.0209838681784191,0.00853751301194943,0.0140414294465481,0.0302658886505841,0.041347910677493
43800,"mesopelagic fishes",0.0912672518214138,0.0245599212157934,0.0656731172620882,0.135240624058367,0.18492292138837
43800,"mesozooplankton",0.85657779008779,0.373542417084686,0.61185082310438,1.01145507482695,1.23043056506473
43800,"minke whales",0.00132461212585056,0.000412487415306001,0.000731506525392774,0.00298140728991025,0.773327117441195
43800,"orca",0.000460565323656736,0.000373406233309439,0.000435018721773603,0.000510079490905251,0.000877139663720528
43800,"other krill",0.592309435842205,0.0653697725304369,0.270735731040446,1.59892722219721,4.08816347684977
43800,"other macrozooplankton",0.956085983243139,0.399198849675188,0.772527718469185,1.16114358955571,1.42064892608139
43800,"salps",0.0552747144907067,0.0231004514352031,0.0423387418593462,0.0807651655929631,0.107185155645551
43800,"shelf and coastal fishes",0.253915285462058,0.145968759111448,0.217550445439834,0.287709493201981,0.323291007422284
43800,"small divers",0.0019149040591972,0.00113386514901107,0.00179106670703669,0.00205609572090357,0.00217261096485055
43800,"sperm whales",0.00121231345193665,0.000765356174791262,0.00102900957546874,0.00502599617116324,0.122062171248784
43800,"squids",0.00736561315489487,0.00497280986637679,0.00639654889519626,0.00869348161583369,0.0155912482644833
43800,"toothfishes",0.0554150872233164,0.0101775578012508,0.0365957642164126,0.0715108615182159,0.0948843530834626
44165,"antarctic krill",0.716540500791841,0.0800212229456882,0.377510994127708,1.26999082541641,1.90244073649238
44165,"baleen whales",0.0414432827459613,0.00920772890721856,0.0411649385796247,0.153220908508919,0.878250274920538
44165,"bathypelagic fishes",0.123342858491654,0.0519713248631677,0.0872583794314144,0.170190079516958,0.235428008016701
44165,"flying birds",0.000308282075383458,0.000278036329852312,0.000304711341610769,0.000312621123728285,0.000320725747968951
44165,"large divers",0.000931376849118323,0.000322245676863488,0.000565831518751995,0.0018544169659609,0.00835524464724446
44165,"leopard seals",0.000173122059824791,9.99068474783344e-05,0.000138838147090691,0.000196973040441969,0.000241590867316133
44165,"medium divers",0.0209819937873325,0.00854765834104698,0.0140359798200368,0.0302100481335455,0.0413263780384201
44165,"mesopelagic fishes",0.0928249806248164,0.0249964437217359,0.0670867208048733,0.136257990690601,0.1858199153148
44165,"mesozooplankton",0.937469792529508,0.52277784754781,0.700318560617677,1.09344362903768,1.3148766494796
44165,"minke whales",0.00132446370379871,0.000412561133667001,0.000730775165447503,0.00296918556288426,0.770591573894672
44165,"orca",0.000460597446511687,0.000373642261119825,0.000435097724392791,0.000509974956297067,0.000876038406377862
44165,"other krill",0.616502624363769,0.0743243729868236,0.287148072332294,1.60383573990253,4.0181025290757
44165,"other macrozooplankton",0.983579405465472,0.419596884595628,0.7960863749362,1.19532879163972,1.50176870651204
44165,"salps",0.0562447450764621,0.0239274910062669,0.0434975908403768,0.0814529054722569,0.107873996044388
44165,"shelf and coastal fishes",0.253279105750577,0.145938160666759,0.216987601533928,0.28718229238419,0.32300190286357
44165,"small divers",0.00191867187546633,0.00113572710661625,0.00179537001884916,0.00205671761337231,0.00217269318620991
44165,"sperm whales",0.00121175277875956,0.000765615135664015,0.00102878842801548,0.00501847548474871,0.121843229063759
44165,"squids",0.00733965746602031,0.00495771085289689,0.00636635001340574,0.00865329353627938,0.0155675181916522
44165,"toothfishes",0.0554021550399349,0.0101943795128393,0.0366487049283153,0.0715360511464395,0.0948629993664687
44530,"antarctic krill",0.734692641644492,0.0828645939361656,0.389758699347959,1.2848965820839,1.90467939275722
44530,"baleen whales",0.0414040112142087,0.00920904814879508,0.0411251950578809,0.153038406045082,0.877139837854133
44530,"bathypelagic fishes",0.125542025120013,0.0535632555426959,0.0890502292601461,0.172221058001453,0.237366189762582
44530,"flying birds",0.000308292196676945,0.000278049117587081,0.00030475254036299,0.000312626352199745,0.000320695153404898
44530,"large divers",0.00093133854457658,0.000322381680854296,0.000564818580838092,0.00184629291351405,0.00831701741052282
44530,"leopard seals",0.000173134779255393,9.9653820089079e-05,0.000138995242917786,0.000196990353755354,0.000241551450406496
44530,"medium divers",0.0209745757601383,0.00855446857456277,0.0140265943022262,0.0301812166041369,0.0413051472334867
44530,"mesopelagic fishes",0.0948112733855836,0.0256280835420817,0.0689549023902703,0.13805546037427,0.187700020177105
44530,"mesozooplankton",0.927833231978441,0.503787123259852,0.700384609376774,1.08019128227871,1.29382021623862
44530,"minke whales",0.00132457164761596,0.00041276623027088,0.00073046099045259,0.00295347989840172,0.767865039366636
44530,"orca",0.00046062844933646,0.00037387104316782,0.00043517063764482,0.000509864142090338,0.000874924021266067
44530,"other krill",0.622433839312872,0.0794871992493754,0.296249705350798,1.5926012706248,3.91652312903001
44530,"other macrozooplankton",1.03128872800172,0.445197121907885,0.827991084226636,1.24209827643511,1.53369324128288
44530,"salps",0.0570525462546123,0.0246292393690849,0.0443353217933668,0.082224697748181,0.108411049364652
44530,"shelf and coastal fishes",0.253152529482885,0.146252270289573,0.216935450577397,0.287060444324159,0.32300534892278
44530,"small divers",0.00192268187544141,0.00113757183291642,0.00179974959883658,0.00205711899091044,0.00217365454341421
44530,"sperm whales",0.00121121918312241,0.00076586171098899,0.00102856287941286,0.00501096773593948,0.121624665244792
44530,"squids",0.00732300051430164,0.00495221506578397,0.00635436576344954,0.00863143574292215,0.0155453737065832
44530,"toothfishes",0.0554060176784723,0.0102130947476155,0.036731122015347,0.0715148661999262,0.0948414856155282
44895,"antarctic krill",0.735078179735785,0.0842972102560046,0.393077329242397,1.27861338048427,1.89232885251296
44895,"baleen whales",0.0413647979294045,0.0092102129869282,0.0410854304104305,0.152856085192946,0.876030777783364
44895,"bathypelagic fishes",0.127744090157933,0.0550192412156959,0.0910928808175523,0.175106092900605,0.239939830132662
44895,"flying birds",0.000308275612608613,0.000278038051288736,0.000304721234696433,0.000312591661490206,0.000320646395768037
44895,"large divers",0.000931180500669379,0.000322328249392491,0.000564147624973759,0.00183649285224371,0.00827717159028518
44895,"leopard seals",0.000173183220078594,9.96047725694118e-05,0.000138988715230312,0.000196982160354883,0.000241531957815037
44895,"medium divers",0.0209755798593785,0.00856117701796169,0.0140413079783201,0.0301532126152098,0.0412685608334277
44895,"mesopelagic fishes",0.0965441922660964,0.0260598129825344,0.0702843225187098,0.14015724292544,0.189796073366578
44895,"mesozooplankton",0.902535292420831,0.465747320383842,0.668646279899128,1.06031546826482,1.27827798270611
44895,"minke whales",0.00132473205953476,0.000412668826560562,0.000730839060790015,0.00293711058711007,0.765147453400533
44895,"orca",0.000460652479185631,0.00037407789895048,0.000435223330883014,0.000509733984364584,0.000873772865546728
44895,"other krill",0.592802465982374,0.0778276346014508,0.279790165111165,1.54943500338789,3.79123968719213
44895,"other macrozooplankton",0.991832060851574,0.440896128513215,0.814426765121574,1.20954643503973,1.47406317911333
44895,"salps",0.057152448213261,0.024696053688757,0.0444474846330912,0.0826309587541897,0.108325175672773
44895,"shelf and coastal fishes",0.253655717048439,0.146728958944605,0.217294592598319,0.287286855864354,0.32345213715657
44895,"small divers",0.00192359760002583,0.00113781962976875,0.0018013623559641,0.00205722663093208,0.00217341900203753
44895,"sperm whales",0.00121066639777419,0.000766075113325051,0.00102831994488625,0.0050034653218184,0.121406453121217
44895,"squids",0.0073379148124902,0.00497125653548474,0.00636904011867349,0.00864202529861862,0.0155584261493317
44895,"toothfishes",0.0554208170335169,0.0102181477767842,0.0368228963105825,0.0715093038399169,0.0948322521245918
45260,"antarctic krill",0.711680138053882,0.0822393067796805,0.379856092588966,1.25782429301342,1.86766986097349
45260,"baleen whales",0.041325635427379,0.00921120530659133,0.0410456495736532,0.152673943225393,0.874923082440205
45260,"bathypelagic fishes",0.128324690859421,0.0546075793848205,0.0907829735728682,0.175531097203642,0.241086065498011
45260,"flying birds",0.000308210887789541,0.000277991561404877,0.000304618261773884,0.000312540523427607,0.000320547100377128
45260,"large divers",0.000931224944139092,0.000322121836008513,0.000564060430761564,0.00183334992508702,0.00823494525383918
45260,"leopard seals",0.000173234750092438,9.95669501147579e-05,0.000139064645328121,0.000196968352471066,0.000241546969601773
45260,"medium divers",0.0209770870410191,0.00857776010944436,0.0140569233704248,0.0301247024122142,0.0412560076406237
45260,"mesopelagic fishes",0.0959345416664303,0.0258501065376251,0.0695740258737133,0.140196720805023,0.190183672333452
45260,"mesozooplankton",0.850473246627877,0.389031823986492,0.609719990934318,1.00519559334978,1.22058136680577
45260,"minke whales",0.00132404123832612,0.000412559522717311,0.000731112100878579,0.00292125054705371,0.762438735143723
45260,"orca",0.000460674971251908,0.000374279770857588,0.000435272303729269,0.000509600702842602,0.000872617239755097
45260,"other krill",0.552744445434815,0.0709937506899605,0.256320971825392,1.51469246503241,3.77301623538128
45260,"other macrozooplankton",0.912420384439323,0.402130204199444,0.752271085937441,1.12238325504659,1.37529669258784
45260,"salps",0.0559433411615138,0.0240425698037887,0.043337096410802,0.0819646050707595,0.107613651133928
45260,"shelf and coastal fishes",0.254129729688154,0.146821544905301,0.217614262243853,0.287467503624655,0.323702066247529
45260,"small divers",0.00192130445136736,0.00113607540503108,0.00179986165609732,0.00205663993789823,0.0021720109554922
45260,"sperm whales",0.00121010919866357,0.000766266966318046,0.00102807187321533,0.004995971787787,0.121188617974272
45260,"squids",0.00735340866996323,0.00499067151125907,0.00639348347071318,0.00866021411146267,0.0155698448858988
45260,"toothfishes",0.0554370905671323,0.0102094632283236,0.0368746222869544,0.0715108274772323,0.0948277704221872
45625,"antarctic krill",0.703420528611774,0.0804333956979256,0.373817039238336,1.25006462708243,1.86330630905524
45625,"baleen whales",0.0412865179127299,0.00921251416549492,0.0410060335646896,0.152492128455186,0.873816886188995
45625,"bathypelagic fishes",0.128154868154452,0.0545342563682564,0.0909525531748282,0.175522449211695,0.24057316071503
45625,"flying birds",0.000308277285988031,0.000278054584888532,0.000304721349326251,0.000312571102771209,0.000320550277771646
45625,"large divers",0.000931244467928605,0.000321985365052623,0.000563903750526636,0.00182135936325133,0.00819341022754487
45625,"leopard seals",0.000173210004488746,9.93211121055349e-05,0.00013930266734561,0.000196953417656953,0.00024162724502641
45625,"medium divers",0.0209766157161924,0.00859165372144544,0.0140687216635566,0.0300741230064055,0.0412510663045196
45625,"mesopelagic fishes",0.0955115102296174,0.0258057080100294,0.0695738518498277,0.139810521580343,0.18956476617966
45625,"mesozooplankton",0.876618293884815,0.444085111623649,0.638381573545241,1.0432235006651,1.26833179060766
45625,"minke whales",0.00132403411515332,0.000411961811581128,0.000730762655122595,0.00290902809718265,0.759739050279918
45625,"orca",0.000460704299050875,0.000374501703421985,0.000435360073377098,0.000509486582446428,0.000871499400570369
45625,"other krill",0.573328347061185,0.0688393441727795,0.260399243972867,1.55076702850206,3.91499422948972
45625,"other macrozooplankton",0.932630851988185,0.388737726536964,0.746631469577292,1.13616773700841,1.43080592395606
45625,"salps",0.0556729017430313,0.0237885813615853,0.0430434786271141,0.0817523574131149,0.107527629036132
45625,"shelf and coastal fishes",0.25453615680429,0.147133045785659,0.217891657417834,0.28758229501668,0.323961163906004
45625,"small divers",0.00192119656761114,0.00113664496024406,0.00180057159929851,0.00205666527006044,0.00217180209487598
45625,"sperm whales",0.00120958818690602,0.000766490208865774,0.00102785261776801,0.00498850427815906,0.120971237944558
45625,"squids",0.00736905902669749,0.0050085718505655,0.00641076267556651,0.00866955641885836,0.0155783346622515
45625,"toothfishes",0.0554680639870359,0.0102163891466768,0.0369090015222068,0.0715284164483379,0.094833706103841
45990,"antarctic krill",0.689691781355856,0.0770490408181656,0.361999660912974,1.24920886719455,1.85601347956809
45990,"baleen whales",0.0412474606188234,0.00921347402263651,0.0409663279560142,0.152310439063228,0.87271201354542
45990,"bathypelagic fishes",0.127328054410378,0.0540208128909308,0.0904001378380159,0.174916776096362,0.239945642183492
45990,"flying birds",0.000308210725850197,0.000278012968703495,0.00030458378918624,0.000312550126513008,0.000320479822256347
45990,"large divers",0.000931332767440949,0.0003217352313859,0.000563870091465369,0.0018195814135832,0.00815223001101508
45990,"leopard seals",0.000173290077384357,9.92801217087128e-05,0.00013963804069684,0.000196969589837202,0.000241721814708159
45990,"medium divers",0.0209798388918892,0.00860582728987097,0.0140872764428285,0.0300382745901338,0.0412419450181782
45990,"mesopelagic fishes",0.0943839635092256,0.0252428964394067,0.0686316631410262,0.139130930366328,0.188823222986596
45990,"mesozooplankton",0.827546546046821,0.338261451746949,0.574775215584487,0.992424839976041,1.21824689241895
45990,"minke whales",0.00132279049502361,0.000411989994678429,0.000730274465833851,0.00289713230245309,0.757048150588251
45990,"orca",0.00046071985217082,0.00037469957133966,0.00043543336673512,0.0005093403017663,0.000870324468661369
45990,"other krill",0.557863928733795,0.0623433800378954,0.245336846900272,1.55491770497874,3.93677812248527
45990,"other macrozooplankton",0.916374927569538,0.376867134080038,0.729993650979308,1.1105236049838,1.3806110531207
45990,"salps",0.0546855750577497,0.0229406571593434,0.0420179836774566,0.0811054675763082,0.10735458389952
45990,"shelf and coastal fishes",0.255195134970822,0.147507937717015,0.218219250915316,0.288034203894209,0.324244914959415
45990,"small divers",0.00191768556712827,0.0011336923036179,0.00179650007901138,0.00205614048786986,0.00217169265576289
45990,"sperm whales",0.00120893558168921,0.000766652261548969,0.00102758968134164,0.00498102881111207,0.120754167846395
45990,"squids",0.00739628052272339,0.00503917120282259,0.00644130355010692,0.00870459237883605,0.0156008550976144
45990,"toothfishes",0.0554980975666323,0.0102378949121343,0.0368992308992051,0.07154198923422,0.0948467588747851
46355,"antarctic krill",0.694561966705928,0.0763318768142113,0.363717487551428,1.25284054731441,1.86955338384337
46355,"baleen whales",0.0412084379243511,0.00921484130401697,0.0409268342613397,0.152129104019793,0.871608658921702
46355,"bathypelagic fishes",0.126496677663907,0.0533550257496195,0.0897170128596887,0.173964705248117,0.238726801099822
46355,"flying birds",0.000308298657188182,0.000278084811898161,0.000304728954980799,0.000312583951551271,0.000320479646997377
46355,"large divers",0.000931277296258882,0.000321605462695566,0.000563263153871697,0.0018188705024528,0.00811104302585933
46355,"leopard seals",0.000173307904451173,9.94178399960897e-05,0.000139682387431358,0.00019701796527223,0.000241810939540617
46355,"medium divers",0.020970699524215,0.00860277080485436,0.0140965604594134,0.0300135092251953,0.0412306514875702
46355,"mesopelagic fishes",0.094025429708719,0.0251348385781878,0.0683237394971795,0.138409740689881,0.187481362848632
46355,"mesozooplankton",0.894237050181333,0.465292007987555,0.657165780327518,1.05601627332762,1.28082374885949
46355,"minke whales",0.00132217666028029,0.000412144355804773,0.000730219901455369,0.00288491161320081,0.754366244114292
46355,"orca",0.00046075222278743,0.000374954592829275,0.000435526424219319,0.000509238610912121,0.000869235634060061
46355,"other krill",0.58101366830199,0.0647985800472667,0.261926069962743,1.59863702133346,4.10167924089715
46355,"other macrozooplankton",0.94227714919742,0.389751580151172,0.754324574851831,1.14917486233674,1.43970770072095
46355,"salps",0.0553388982729769,0.0231621840954846,0.0424046193658678,0.0814303636091267,0.107482448064032
46355,"shelf and coastal fishes",0.255448000137614,0.147572612014725,0.218244103269846,0.287990611857323,0.324143509554785
46355,"small divers",0.00191867627874692,0.0011347533020616,0.00179721595769615,0.00205630201593931,0.00217174166207168
46355,"sperm whales",0.00120830906384031,0.000766889071046036,0.00102737998283821,0.00497359252256322,0.12053759888247
46355,"squids",0.00740121743781554,0.00504691378823565,0.00644243843899938,0.00869589510628841,0.0155951881078446
46355,"toothfishes",0.0555261446977215,0.0102750550165269,0.0369207369543713,0.0715780137606467,0.0948554466242041
46720,"antarctic krill",0.704583373065708,0.0764450542667713,0.36833422678587,1.26155297684093,1.88042890880488
46720,"baleen whales",0.0411694625790596,0.00921630191293697,0.0408874181866559,0.151948018133981,0.870506735437698
46720,"bathypelagic fishes",0.126544449310463,0.0537994619119456,0.0900888185653831,0.173817121325645,0.238292048587219
46720,"flying birds",0.000308351797447258,0.000278147675219824,0.00030485138744624,0.000312617899158389,0.000320518514872133
46720,"large divers",0.000930288714811415,0.000321499881933032,0.00056250534394961,0.00181528572640115,0.00807002792613985
46720,"leopard seals",0.000173291261481717,9.91911622627077e-05,0.000139806555304731,0.000196973481645286,0.00024189944195431
46720,"medium divers",0.0209670245552333,0.00859223621161159,0.0141043134780047,0.0299888105372641,0.0412069329162785
46720,"mesopelagic fishes",0.0946432685318415,0.0253893486267089,0.068960960930139,0.138470047366825,0.187429399559265
46720,"mesozooplankton",0.87096319991721,0.418423142787795,0.637524558090195,1.02939881775243,1.24705617927132
46720,"minke whales",0.00132124308040278,0.000412078067926365,0.000729759170074615,0.00287271001634826,0.751693205367282
46720,"orca",0.000460787621380782,0.000375216387080443,0.000435623494064109,0.000509145191964653,0.000868163613207292
46720,"other krill",0.588166286851318,0.066663727757178,0.265250974403469,1.59371621222845,4.04246509876598
46720,"other macrozooplankton",0.968747465811964,0.404984607952497,0.776133957155892,1.17174016747021,1.44917526818872
46720,"salps",0.0560415441302544,0.0234549889038676,0.0429535817276799,0.0818079629771749,0.107700005518449
46720,"shelf and coastal fishes",0.255548066909321,0.147893231474548,0.218376282077586,0.287988247127572,0.324060745234181
46720,"small divers",0.00192160760936351,0.00113728029963821,0.00180051253032546,0.00205723708056591,0.00217198526254285
46720,"sperm whales",0.00120769094168209,0.000767136226918072,0.00102717820913142,0.00496617494220966,0.120321439641313
46720,"squids",0.00739712836760021,0.0050494369682036,0.00643568613701533,0.00868110578491938,0.0156481465192446
46720,"toothfishes",0.0555616583947549,0.0103335175315572,0.036947766780463,0.0716011749336056,0.0949187073988841
47085,"antarctic krill",0.706500624789313,0.0764792230640815,0.370183434376264,1.25666070333463,1.8736358420276
47085,"baleen whales",0.0411305346684983,0.00921771325865867,0.0408480309851859,0.151767140284642,0.869406201920349
47085,"bathypelagic fishes",0.12651943425783,0.0538126237594451,0.0902326256201303,0.17318370501095,0.238201636226711
47085,"flying birds",0.000308375501112382,0.000278255413156687,0.000304911270467576,0.000312634556858332,0.000320502870045544
47085,"large divers",0.000930088932453867,0.000321382041575589,0.000561904652480374,0.0018106251298117,0.00802918157964051
47085,"leopard seals",0.000173255581387399,9.91440637676667e-05,0.000139846794289839,0.000196853517098786,0.000242176208725043
47085,"medium divers",0.0209625646454769,0.00858526480065369,0.0141108607771067,0.0299630533680985,0.0411634538872878
47085,"mesopelagic fishes",0.0949256708328723,0.0255813858030042,0.0692331871568139,0.138418562199536,0.187483063834576
47085,"mesozooplankton",0.877824087353415,0.446643910378818,0.646822444113072,1.03253603376733,1.24853087208524
47085,"minke whales",0.00132023441234124,0.00041197481777357,0.000729834737713487,0.00286048337707411,0.749028941291846
47085,"orca",0.000460826058008828,0.000375485766426127,0.000435724843104907,0.000509059208525875,0.000867105959990585
47085,"other krill",0.582220631421041,0.0671296477380138,0.262623553108675,1.56047293815381,3.91907518011349
47085,"other macrozooplankton",0.944075499998538,0.40492190610185,0.769445128899764,1.15102645287378,1.41598027610802
47085,"salps",0.0561750546764338,0.0237607410081875,0.0432018573144894,0.0818284006761487,0.107516214420387
47085,"shelf and coastal fishes",0.255458322298953,0.148029370691178,0.218325336494502,0.287865612799602,0.323998352851331
47085,"small divers",0.001924031195765,0.00113981726436046,0.0018037117471511,0.00205748423825707,0.00217262606225645
47085,"sperm whales",0.00120707766332807,0.000767387026274174,0.00102697962138646,0.00495877288886766,0.120105673541347
47085,"squids",0.00738076501240626,0.00504747603697836,0.00643002156403754,0.00865977596769364,0.0156289464255249
47085,"toothfishes",0.0555889097993749,0.0103455790517206,0.0369716343729629,0.0716108691690303,0.0949202422680144
47450,"antarctic krill",0.710087807023908,0.077035685785078,0.372422675368329,1.25582755609505,1.86787589670564
47450,"baleen whales",0.0410916629838816,0.00921903370637031,0.0408087373365672,0.151586463557351,0.868307051726421
47450,"bathypelagic fishes",0.12679464327885,0.0541609383803446,0.0906477069083359,0.173501829359784,0.238130865516807
47450,"flying birds",0.000308368747976179,0.000278340160084865,0.000304926696095873,0.000312630463085769,0.000320442259002332
47450,"large divers",0.000929666428386877,0.000321232820648764,0.000561328889670451,0.00180488154045894,0.00798860095093846
47450,"leopard seals",0.000173212803863675,9.91207277398138e-05,0.000139809844262439,0.000196821133210835,0.000242310531132068
47450,"medium divers",0.0209532578937274,0.00858785331703697,0.0141129782856282,0.0299350724778529,0.0411498708467333
47450,"mesopelagic fishes",0.0952372803988261,0.0257361469673371,0.0696690091809672,0.138617332871262,0.187668971134323
47450,"mesozooplankton",0.892811414778897,0.466117086982163,0.660776137954385,1.05235370285617,1.27440277579741
47450,"minke whales",0.00131994592068265,0.000411988307683656,0.000729220911044672,0.00284845695075924,0.74637343552199
47450,"orca",0.000460860392473507,0.000375750304431157,0.000435821997381042,0.000508962011221327,0.000866026936374159
47450,"other krill",0.591037064733938,0.0690942441184923,0.269338798045282,1.56469013759383,3.91209257787841
47450,"other macrozooplankton",0.962309904621508,0.407798655444538,0.776502397257697,1.17001206482972,1.45508343285349
47450,"salps",0.0563019816096826,0.0239806218613455,0.0434398669904381,0.0819958671457579,0.10743930402776
47450,"shelf and coastal fishes",0.255510777605552,0.148458072271788,0.218363421016011,0.287912420665596,0.324070378757997
47450,"small divers",0.00192511205589569,0.00114156412171372,0.00180558166293129,0.00205736416646643,0.0021724133856863
47450,"sperm whales",0.00120645330959322,0.000767615541673282,0.0010267865023162,0.00495137763854865,0.119890266004903
47450,"squids",0.00737754556852149,0.00504879738891517,0.00643089668543969,0.00865192210464754,0.0156180230599803
47450,"toothfishes",0.0556123668505231,0.0103376113026876,0.0369871246171313,0.0716371506210231,0.0949221038844754
47815,"antarctic krill",0.720097049392908,0.0791391556202267,0.381141150328082,1.26485441347944,1.87885514862331
47815,"baleen whales",0.0410528414994316,0.00922037276469964,0.0407695684400432,0.151406019387491,0.867209308296267
47815,"bathypelagic fishes",0.127524351557498,0.0548717661252031,0.0914039461822769,0.174372737574494,0.238249350503474
47815,"flying birds",0.000308378387989774,0.000278513596852772,0.000304967679995082,0.000312633226873134,0.000320408409011414
47815,"large divers",0.000929429322495728,0.000321090543331644,0.000560283932180821,0.00179900268135275,0.00794821111786426
47815,"leopard seals",0.000173189938970247,9.92139046225882e-05,0.00013994136784465,0.000196788035907433,0.000242374342205265
47815,"medium divers",0.0209482295370939,0.00859029215303297,0.0141163812389728,0.0298980732625312,0.0411406546496133
47815,"mesopelagic fishes",0.0961245117139713,0.0260813764414464,0.0705351294065421,0.139483706477786,0.188262504214691
47815,"mesozooplankton",0.922750501648379,0.506628756557299,0.690814743307087,1.07739661790493,1.29528957905639
47815,"minke whales",0.00131931266440579,0.000411923956924232,0.000727487623332405,0.0028364803026259,0.743726682283518
47815,"orca",0.000460895512155435,0.000376018629517552,0.000435920688291774,0.000508868016054238,0.000864955343449041
47815,"other krill",0.606583307973492,0.0732565940581656,0.283018241327744,1.58052952192309,3.90484520624157
47815,"other macrozooplankton",1.00277948260559,0.423374402739434,0.805354631907954,1.21327615909548,1.49881044134395
47815,"salps",0.0568445135943092,0.0244953692532262,0.0440603179679974,0.0825225396646697,0.10785244160497
47815,"shelf and coastal fishes",0.255656587990034,0.148975178515844,0.218577507648627,0.288026281966468,0.324158936132478
47815,"small divers",0.0019261898677151,0.00114374718426442,0.0018070684369799,0.00205735027065638,0.00217274373309056
47815,"sperm whales",0.00120583276230713,0.000767847641751282,0.00102661483150726,0.00494399671590617,0.119675253375123
47815,"squids",0.00737548801497144,0.00505962654466494,0.00643608612062292,0.00864954285297846,0.0156101620364177
47815,"toothfishes",0.0556397988154128,0.0103319448272967,0.0370141957679224,0.0716822287288549,0.0949258528171046
48180,"antarctic krill",0.72718198233698,0.0830423094574,0.388096485824536,1.26835031127395,1.87793157987225
48180,"baleen whales",0.0410140687345906,0.00922173501458538,0.040730450629429,0.151225808596975,0.866112970175862
48180,"bathypelagic fishes",0.12844236079601,0.0556576099766892,0.0923309076084446,0.175161673620591,0.238715945331057
48180,"flying birds",0.000308413722872949,0.000278742835404485,0.000304994024207298,0.00031265923150723,0.000320362338123951
48180,"large divers",0.000929288709724856,0.000320962521284036,0.000560415757428251,0.00179042665691176,0.0079079946807819
48180,"leopard seals",0.000173187620416712,9.91447460594508e-05,0.000140127380786625,0.000196793138431972,0.000242438275589971
48180,"medium divers",0.0209448372397109,0.00859309404967467,0.0141191211661289,0.0298409306965004,0.0411314911385387
48180,"mesopelagic fishes",0.0971807597547021,0.0265708264387605,0.0713949822366487,0.140589514462073,0.188972599814244
48180,"mesozooplankton",0.906573716543544,0.483696882236446,0.679575985589174,1.05687985530281,1.26840913534083
48180,"minke whales",0.00131857605583478,0.00041136466016829,0.000727566905808108,0.00282450901492835,0.741088643309087
48180,"orca",0.000460931949700125,0.000376274732935463,0.000436021462422751,0.000508779928185062,0.000863897278920831
48180,"other krill",0.596944558237831,0.0746746712171123,0.280945284210953,1.55431324843606,3.78841991608902
48180,"other macrozooplankton",0.994342667158569,0.436997079843,0.814386477496795,1.20832220405353,1.47788856268215
48180,"salps",0.0571000700832538,0.0248345374855314,0.0444918250289035,0.0828811914538749,0.107939770056435
48180,"shelf and coastal fishes",0.255873256812863,0.149459644590311,0.218951799169896,0.288328092345213,0.324291894751802
48180,"small divers",0.00192716702750848,0.00114651563207131,0.00180885405595843,0.00205785809372857,0.00217321032734725
48180,"sperm whales",0.0012052195638481,0.000768088655672287,0.00102645231890527,0.00493663145261737,0.119460642471516
48180,"squids",0.00737559879710021,0.00507491615567714,0.0064455409578979,0.00864583254220318,0.015577888494176
48180,"toothfishes",0.0557824027015851,0.0103527046537045,0.037049933482909,0.0716934354754349,0.094933245420379
48545,"antarctic krill",0.721684747281779,0.0826807740846241,0.384644006148226,1.25891230399311,1.86538900778147
48545,"baleen whales",0.0409753560659415,0.0092228864035638,0.0406913414492216,0.151045769143943,0.865017983578805
48545,"bathypelagic fishes",0.129083680827353,0.0564682871239364,0.0928266460733969,0.176413566971239,0.239371919255013
48545,"flying birds",0.000308380713666957,0.000278557653384706,0.00030493892098137,0.000312649716329053,0.000320312800473272
48545,"large divers",0.000929277425876061,0.000320780499561413,0.000561086563230595,0.00178624401108101,0.00786810337646492
48545,"leopard seals",0.00017322520849037,9.90791227168856e-05,0.000140226143580595,0.000196796148798022,0.000242506757304349
48545,"medium divers",0.0209314661999777,0.00860658765044564,0.0141202990852619,0.0297706480224009,0.0411228756017174
48545,"mesopelagic fishes",0.0974617410871585,0.0267688863485163,0.0718740129621123,0.141410124807097,0.189825880334473
48545,"mesozooplankton",0.885612777888128,0.44964998843177,0.646492506794185,1.04329435747394,1.2640902161211
48545,"minke whales",0.00131837168783908,0.000411012967242821,0.000727764774907857,0.00281284098770757,0.738459239714969
48545,"orca",0.000460957246465459,0.000376479843963854,0.000436109009252591,0.00050866628603619,0.000862794523357964
48545,"other krill",0.575135395709349,0.072940613117939,0.266938453508774,1.53093412295141,3.75299235484136
48545,"other macrozooplankton",0.961684258085303,0.42284858082085,0.786858484550703,1.173816619694,1.44620156129882
48545,"salps",0.0567124680691928,0.0245590670560073,0.0440777657301057,0.0826945020321687,0.107580706344045
48545,"shelf and coastal fishes",0.256334274887756,0.150190887268143,0.219497746408495,0.288766922884584,0.32463698589615
48545,"small divers",0.00192622453475975,0.00114697070247082,0.00180777775799574,0.00205777165997737,0.00217229251893262
48545,"sperm whales",0.00120458298604493,0.000768287943375164,0.00102625418261973,0.00492926545017709,0.119246362615039
48545,"squids",0.00739490134297451,0.00509986651227428,0.00647356297605133,0.00866990892066164,0.0156068943543999
48545,"toothfishes",0.0558106800796862,0.0103863328490053,0.0370745107989149,0.0717113566086672,0.0949460833698456
48910,"antarctic krill",0.715102124271297,0.0817950455638836,0.380232062193079,1.25526452260706,1.86335030724385
48910,"baleen whales",0.0409366978051376,0.00922390116082959,0.0406522585894653,0.150865925357825,0.863924365048626
48910,"bathypelagic fishes",0.129421582649058,0.056559778170361,0.0928110294243944,0.176835729158309,0.239782167883347
48910,"flying birds",0.000308334447678674,0.00027827959446838,0.000304845493807871,0.000312601523509255,0.000320266779985022
48910,"large divers",0.000928983849333595,0.000320560905788154,0.00056179829922119,0.00178334274520749,0.00783337314938718
48910,"leopard seals",0.000173261804165731,9.90517031698374e-05,0.000140415502346575,0.00019692174267687,0.000242577265666343
48910,"medium divers",0.020926388342165,0.00857928519189759,0.0141211139634516,0.0297118298236795,0.0411139680851335
48910,"mesopelagic fishes",0.097179136674201,0.02668660246807,0.071699836157938,0.141596642593319,0.190106502423941
48910,"mesozooplankton",0.894911597270933,0.460527033945936,0.655453246950026,1.05677801242312,1.28239211010695
48910,"minke whales",0.00131846468956878,0.00041052171946209,0.00072653377987801,0.00279669460096378,0.735838460221959
48910,"orca",0.000460974719913303,0.000376671107055156,0.000436181574523932,0.000508537160931754,0.000861668684930457
48910,"other krill",0.576918826654708,0.07077459283504,0.263637259009854,1.55511203196926,3.85779844071905
48910,"other macrozooplankton",0.963582625975405,0.409120593663658,0.778381478832662,1.17493109788934,1.46052163745292
48910,"salps",0.0561193877589559,0.0242310769359324,0.0435964312083302,0.0826104614561856,0.107604445948118
48910,"shelf and coastal fishes",0.256890081020432,0.150923417538991,0.220052911089023,0.289282504126275,0.325022916390397
48910,"small divers",0.00192365865576019,0.00114568213474827,0.00180456455290967,0.00205686108316494,0.00217208922810035
48910,"sperm whales",0.00120393204140272,0.000768463584540179,0.00102603276625254,0.0049219035346105,0.119032439572513
48910,"squids",0.00741877418723313,0.005130250466218,0.00650080093760328,0.00870705750005067,0.0156453819133669
48910,"toothfishes",0.0558931782497913,0.0104058966586856,0.0371961805663171,0.071732887721519,0.0949631779944292
49275,"antarctic krill",0.709941407042062,0.0809701193481031,0.377718356982321,1.25687921994543,1.86468803821761
49275,"baleen whales",0.0408980795432866,0.00922518471743021,0.040613284911778,0.150686395557221,0.86283221574562
49275,"bathypelagic fishes",0.129328629020787,0.0566227655754923,0.0927392331201277,0.177286005847949,0.239939377288737
49275,"flying birds",0.000308402958560367,0.000278453176878251,0.000304942222670943,0.000312643972157525,0.000320253366028741
49275,"large divers",0.000928890378849103,0.000320423273240901,0.000562203876520559,0.001780520664079,0.00779959275040579
49275,"leopard seals",0.000173313407778559,9.90778599060092e-05,0.000140440016038576,0.000197028104773444,0.000242612631825851
49275,"medium divers",0.0209246062776849,0.00858387036133482,0.014115271186223,0.0296596244574072,0.041102910464444
49275,"mesopelagic fishes",0.0972496544738749,0.0267994765709136,0.0718575200529287,0.141635211482232,0.190023205820199
49275,"mesozooplankton",0.871257667312692,0.426987218266159,0.631836750899256,1.02919276072842,1.24934577941602
49275,"minke whales",0.0013153182703634,0.000409769007959045,0.000726145073012215,0.00278793854563958,0.73322638839882
49275,"orca",0.00046100077494337,0.000376880365166427,0.000436262798881635,0.000508433465494253,0.00086059622075298
49275,"other krill",0.5739652320654,0.0680036609172026,0.259027875943384,1.55318463266408,3.88881312875202
49275,"other macrozooplankton",0.959757359046615,0.403822725442453,0.77713834637902,1.16869234787096,1.43630424013997
49275,"salps",0.0560008132671503,0.0240331554797318,0.0434031540279806,0.0826055974517246,0.107665981622923
49275,"shelf and coastal fishes",0.257275207622903,0.151553427212096,0.220625214246047,0.28958159363237,0.325305107291364
49275,"small divers",0.0019236179478512,0.00114686491024795,0.00180428449416833,0.00205719955697325,0.00217233119028958
49275,"sperm whales",0.00120331096810288,0.00076870055490122,0.00102584735140378,0.00491457051920104,0.118818976183189
49275,"squids",0.00743779682364477,0.00516065009343641,0.00652524968850697,0.00872338410111697,0.015636070936005
49275,"toothfishes",0.0559758463978113,0.0104411499474429,0.0373623602912012,0.0717740463377374,0.0949876411307785
49640,"antarctic krill",0.696507052486503,0.0788306001424436,0.368520306164776,1.25235951540885,1.86365535885557
49640,"baleen whales",0.0408595211054896,0.00922602988809467,0.0405742762060976,0.150506968500931,0.861741352074236
49640,"bathypelagic fishes",0.128382558890782,0.0557907773631846,0.0917377992987138,0.176083614074903,0.239973289148087
49640,"flying birds",0.000308296588073536,0.000278295348205771,0.000304749337177605,0.000312557303013362,0.00032019768262626
49640,"large divers",0.000928602790803739,0.000320154909129247,0.000562514495138738,0.00177753505579727,0.00776703610372744
49640,"leopard seals",0.000173387612429711,9.91442350072369e-05,0.000140485409502875,0.000197102972009693,0.000242624616341535
49640,"medium divers",0.0209196589336112,0.00859837378171057,0.0141143190322408,0.0296087288507058,0.0410915535036095
49640,"mesopelagic fishes",0.09576731227702,0.0263280364266856,0.0705908244821502,0.140851551375954,0.189453041032614
49640,"mesozooplankton",0.871612675922559,0.422130303035709,0.627524405904349,1.03369572659714,1.26111223032833
49640,"minke whales",0.00131323216588123,0.00040984153578079,0.000724966956332605,0.00277837717839203,0.730622787341072
49640,"orca",0.000461011306522901,0.000377058190893089,0.000436319649835604,0.000508292541481933,0.000859460086892846
49640,"other krill",0.564457998117646,0.0651176990746533,0.251653434734039,1.55568654220811,3.93435195977276
49640,"other macrozooplankton",0.933644147765605,0.39210172886246,0.752988050358718,1.13671073888592,1.40715231260173
49640,"salps",0.0552694499652764,0.0234942825244195,0.0426836098394264,0.0818875120745949,0.107358587538143
49640,"shelf and coastal fishes",0.257738617003955,0.151847716082246,0.22102950729812,0.289861779035335,0.32558464601151
49640,"small divers",0.00191912495589403,0.00114373478662965,0.0017998310732615,0.0020570648155322,0.00217199581774382
49640,"sperm whales",0.00120264844958157,0.000768872707244051,0.00102559702460967,0.00490722644556079,0.118605801636692
49640,"squids",0.00746182696364687,0.00519364045217897,0.00653818579272697,0.00875779606219995,0.0156604494269332
49640,"toothfishes",0.0560204770534349,0.0104740087645621,0.0374043195776473,0.0718097739746421,0.0950147158003067
50005,"antarctic krill",0.688318747671231,0.0767658705501313,0.360837141249955,1.24594229442677,1.86116073677628
50005,"baleen whales",0.0408210027410036,0.00922691333398026,0.040535338412175,0.150327795404204,0.86065189679141
50005,"bathypelagic fishes",0.126278764010193,0.0537693051881518,0.0897689013847682,0.173492855939175,0.238155496922588
50005,"flying birds",0.000308240436235916,0.000278258880896078,0.000304662680263639,0.000312474769151987,0.000320120346232599
50005,"large divers",0.000927927985224636,0.000320274513503462,0.000559966998834461,0.00177451620796433,0.00773460002977882
50005,"leopard seals",0.000173379671251959,9.91456395385282e-05,0.000140398043267028,0.000197120485688744,0.000242620395109714
50005,"medium divers",0.0209061596462868,0.00860981700966831,0.0141222420921374,0.0295701443380145,0.0410746140616991
50005,"mesopelagic fishes",0.0936208610858549,0.0256516748279775,0.0684603090406713,0.138804685132406,0.187416459494418
50005,"mesozooplankton",0.861988994071651,0.413877768050934,0.623010208014138,1.01624103096904,1.23582411626133
50005,"minke whales",0.00131296720724882,0.00041025306377275,0.00072405769142239,0.00276684740997279,0.728027754277564
50005,"orca",0.000461020821495841,0.000377248903030171,0.000436395387751099,0.000508171909123204,0.000858366737299559
50005,"other krill",0.573371283749979,0.0649961954460805,0.256637630192556,1.55925347109848,3.9986170569723
50005,"other macrozooplankton",0.913906650418,0.379391299191447,0.733323300615374,1.11093046565202,1.37890356460972
50005,"salps",0.0547448351960026,0.023135717462912,0.0420628258742831,0.0810207425512826,0.106693535706916
50005,"shelf and coastal fishes",0.257361036079001,0.151013245375717,0.220573134166998,0.289641401933234,0.325258469325208
50005,"small divers",0.00191668802171835,0.00114102340651351,0.00179653640237041,0.00205620947868837,0.00217056852066377
50005,"sperm whales",0.00120200344202387,0.000769078509266015,0.0010253640393578,0.00489990260747417,0.118393048059497
50005,"squids",0.00745334493355226,0.00518260040952662,0.00652889257212472,0.00875561488198595,0.0156616218280309
50005,"toothfishes",0.0560505566317682,0.0104837476193655,0.0374165300849284,0.0718173322633144,0.0950327968563477
50370,"antarctic krill",0.679319326421256,0.0743548383089462,0.352793930366172,1.24220309410174,1.86266998708011
50370,"baleen whales",0.040782536552974,0.0092277082045838,0.0404964408130667,0.150148834953374,0.859563820549267
50370,"bathypelagic fishes",0.123926769808206,0.0519383236463333,0.0875340366214815,0.171040757714904,0.23635215677333
50370,"flying birds",0.00030813722763112,0.000278177107105839,0.000304542261662194,0.000312384280140306,0.000320031923405436
50370,"large divers",0.000927820733401764,0.000320605830505437,0.0005592947094728,0.0017714203447331,0.00770231889513846
50370,"leopard seals",0.000173381391337961,9.91402486841318e-05,0.000140446347940501,0.000197115275686849,0.000242620290184254
50370,"medium divers",0.0209023389079494,0.00857216341982251,0.0141370764600529,0.0295464891900424,0.041061604391762
50370,"mesopelagic fishes",0.0914525274726513,0.024765095580364,0.0661915265500861,0.136520109658659,0.186059125704127
50370,"mesozooplankton",0.84348604834361,0.374592596034589,0.597059258135933,1.00507939558793,1.22831649329588
50370,"minke whales",0.00131291675649994,0.000410753212548772,0.000723944864087374,0.00275550060629812,0.725441263447041
50370,"orca",0.000460998692840895,0.000377422434773227,0.000436464754517855,0.000508038565021619,0.000857253790333682
50370,"other krill",0.570495361395928,0.062437830785879,0.25496612588326,1.56631957825061,4.04013702350092
50370,"other macrozooplankton",0.897757429540287,0.367316134618095,0.717945528226236,1.08782927585791,1.35723368428239
50370,"salps",0.0541500964191631,0.0226903422626616,0.0414443256016908,0.0803154275677821,0.106437342588056
50370,"shelf and coastal fishes",0.25663095352607,0.149954621199733,0.219814158195963,0.289242561821972,0.324764109121761
50370,"small divers",0.00191265891633443,0.00113715811989527,0.00179171912270032,0.00205511315488815,0.00217009870502897
50370,"sperm whales",0.00120134298395717,0.000769256849514944,0.00102511493471852,0.00489258133069041,0.118180643285129
50370,"squids",0.00743600064300641,0.00514537247116472,0.00650164749223662,0.00874844478628903,0.0156613854546344
50370,"toothfishes",0.0560501758705097,0.0104766055680222,0.0374289994427431,0.0720813815445174,0.0950378126149918
50735,"antarctic krill",0.696836088144733,0.0759081881881549,0.363094860959066,1.25912906606859,1.88532866195291
50735,"baleen whales",0.0407441155235685,0.00922878913300328,0.0404576603922789,0.149970200752525,0.858477225794918
50735,"bathypelagic fishes",0.123111989372742,0.0518821451071231,0.0869957055197385,0.169991824886957,0.236218804046172
50735,"flying birds",0.000308164767570366,0.000278211022619704,0.000304574971230513,0.000312401701844011,0.000320009372923567
50735,"large divers",0.000927753842988928,0.000320878743519837,0.000558764163603785,0.00176842515827538,0.00767020675162354
50735,"leopard seals",0.000173397808121582,9.91329034170251e-05,0.000140521004965595,0.000197081826747666,0.000242740416572141
50735,"medium divers",0.0208983419982429,0.00858330934569579,0.0141443221292674,0.0295213014761623,0.0410379295072253
50735,"mesopelagic fishes",0.0913837485993236,0.0246502165485735,0.0662875580194231,0.136022308315626,0.185281625259737
50735,"mesozooplankton",0.917853392382749,0.490275944261795,0.677156580878128,1.08055765934285,1.31239856584117
50735,"minke whales",0.00130892381462725,0.000411016228335125,0.000723915814695672,0.00274420630701569,0.722863442956605
50735,"orca",0.000461012855355315,0.000377602886554051,0.000436537079541154,0.000507917643327685,0.000856166835916262
50735,"other krill",0.620229884188733,0.0694420416673385,0.283931133908437,1.63038185035897,4.18952425815811
50735,"other macrozooplankton",0.978264776856667,0.389030957497732,0.769794651629133,1.17964090551376,1.49250776390709
50735,"salps",0.0553212056720097,0.0231417678866046,0.0422860525753018,0.0809493905065605,0.107121143744863
50735,"shelf and coastal fishes",0.25589713508874,0.149556872506095,0.219094700958516,0.288846755110532,0.324263436633398
50735,"small divers",0.00191271581430622,0.00113591898479246,0.00179148848733949,0.00205491568286744,0.00217012762006599
50735,"sperm whales",0.00120069991693816,0.000769464707133779,0.00102488291121458,0.00488528343032418,0.117968662169615
50735,"squids",0.0074163035640781,0.00512421410454092,0.00647003656117944,0.00872749651440815,0.0156359726190162
50735,"toothfishes",0.0560437354881579,0.010502927228757,0.0374465644392743,0.0721186322923815,0.095032987115259
51100,"antarctic krill",0.702273646120974,0.0757628963034621,0.364938528405865,1.26645020951854,1.89516011949779
51100,"baleen whales",0.0407057450332964,0.00922971160017708,0.0404188998979942,0.149791747830523,0.857391981748518
51100,"bathypelagic fishes",0.123128688510871,0.0520458302352241,0.0872141255789374,0.170039885555188,0.236372906241412
51100,"flying birds",0.00030810982552475,0.00027808725001875,0.000304497836682767,0.000312340124177512,0.000319960480145263
51100,"large divers",0.000927696582012815,0.000321187359988936,0.000558218355102487,0.00176405116773975,0.00762619846467016
51100,"leopard seals",0.000173562603491444,9.91270512950621e-05,0.000140464183919053,0.000197039382219594,0.000242849741644101
51100,"medium divers",0.0208901609832696,0.00859576248373933,0.0141438709561769,0.0294970163189478,0.0410028991339675
51100,"mesopelagic fishes",0.0919192712561364,0.0244469946012268,0.0664395780563169,0.136379490728515,0.185548211419365
51100,"mesozooplankton",0.854152947588108,0.372660160818029,0.607272294205533,1.0083286338022,1.22620389783774
51100,"minke whales",0.00130751249631352,0.000411035074195516,0.000723617545175615,0.00273302367202025,0.720294079733426
51100,"orca",0.000461030224804852,0.000377773535405565,0.000436606172448596,0.000507788503853817,0.000855066263101021
51100,"other krill",0.591868111770313,0.0654043018647733,0.270775488777282,1.59555743009731,4.08921750054517
51100,"other macrozooplankton",0.955549266932569,0.397557618663955,0.771450090279795,1.15897720543237,1.42013703724278
51100,"salps",0.0554447695277149,0.0231036154915829,0.0423962854015788,0.0810994439308082,0.10743996391242
51100,"shelf and coastal fishes",0.255264993237552,0.149018745643523,0.218569663525439,0.288316615964571,0.323864474115317
51100,"small divers",0.00191212852272057,0.00113362566369688,0.00179031381555082,0.00205464372333749,0.002170205369818
51100,"sperm whales",0.0012000592607324,0.000769651136316631,0.00102463954450189,0.00487799331261312,0.117757031087404
51100,"squids",0.00740055193488518,0.00509587242946695,0.00643970460719497,0.00870677841416282,0.0156113296024553
51100,"toothfishes",0.0560579973957605,0.0105033798624373,0.037430941729893,0.07208521584536,0.0950113386129374
51465,"antarctic krill",0.69789382634001,0.0740774982664318,0.360667824535541,1.26384953672845,1.8963795835576
51465,"baleen whales",0.0406674259034007,0.00923065517808995,0.0403801976257831,0.149613534962823,0.856308137595687
51465,"bathypelagic fishes",0.123612665286004,0.0521510080379108,0.0880230387942395,0.170556086718372,0.237056525632803
51465,"flying birds",0.00030806725083793,0.000277946143748021,0.000304453390474804,0.000312297125946548,0.000319926666282232
51465,"large divers",0.000927328876053287,0.000321749999203868,0.000557825412031246,0.00175320248504787,0.00757988770785518
51465,"leopard seals",0.000173641246200153,9.92084889777764e-05,0.000140508554191939,0.000197043226963309,0.000242908189933818
51465,"medium divers",0.0208933552650167,0.00860962991077477,0.0141598557939112,0.0294735712575138,0.0409673850993533
51465,"mesopelagic fishes",0.0922165585743836,0.0242583641448879,0.0662954463744123,0.13712300066265,0.186412265648543
51465,"mesozooplankton",0.86865902366542,0.410656254355192,0.621665977707882,1.03294304411798,1.26066707558439
51465,"minke whales",0.00130808021240051,0.000410822740471817,0.000723165243374262,0.00272202225569304,0.717733229001303
51465,"orca",0.000461045477849868,0.000377935527801793,0.000436673701272516,0.000507652597130605,0.000853954608421964
51465,"other krill",0.573963563319092,0.06208150795228,0.260368990308336,1.57362366188591,4.0506802339012
51465,"other macrozooplankton",0.920922316731569,0.389726219331237,0.745074493795897,1.12574710005691,1.40336365807171
51465,"salps",0.0554273422987913,0.0229826777178145,0.0423537149631251,0.0812144827279492,0.107623227472106
51465,"shelf and coastal fishes",0.254966838276003,0.149138399618094,0.218093554619131,0.287865340106612,0.323801763457593
51465,"small divers",0.00191150920569932,0.00113113347575454,0.00178941953600211,0.00205395085864885,0.00216995803991019
51465,"sperm whales",0.00119953320003659,0.000769827809201831,0.00102439297259723,0.0048707156862307,0.117545770397513
51465,"squids",0.00738551230608549,0.00509500458731378,0.00641878031552687,0.00869595349420667,0.0155964158905456
51465,"toothfishes",0.0560233295262297,0.0105117913136754,0.0374158852242607,0.0720479518508456,0.0949849699984754
51830,"antarctic krill",0.702704677091569,0.0732406604873615,0.36106684165072,1.27171358583256,1.90780836207956
51830,"baleen whales",0.0406291581274876,0.00923174561877595,0.0403415471887393,0.149435552783678,0.855225682842
51830,"bathypelagic fishes",0.124503344615618,0.0525718057580426,0.0889629880518518,0.171645377452481,0.23829893085241
51830,"flying birds",0.000308028224235507,0.000277812364709168,0.000304415879417935,0.000312239851525798,0.000319901948552837
51830,"large divers",0.000927386721660195,0.00032226522291894,0.00055761692394879,0.00174687629010065,0.00753399698956185
51830,"leopard seals",0.000173691435941983,9.93322867367687e-05,0.00014063399423661,0.000197087048807963,0.000242779446309604
51830,"medium divers",0.020895750036227,0.00858521726110841,0.0141774177743624,0.0294510811772939,0.0409583628197667
51830,"mesopelagic fishes",0.092920422694838,0.0241152259914263,0.0666623950537236,0.138156820040372,0.187520688101764
51830,"mesozooplankton",0.891004675471739,0.434681278755482,0.644762298005015,1.05571535058098,1.29033674134113
51830,"minke whales",0.00130895915950433,0.000410684636513914,0.000724019531059697,0.00271176801619147,0.715180851491267
51830,"orca",0.000461053476160739,0.000378087541067644,0.000436730399054416,0.000507498077293776,0.000852830630723102
51830,"other krill",0.590655279290969,0.0633146009215882,0.268393806514552,1.60133070177809,4.13775680060404
51830,"other macrozooplankton",0.961468750952344,0.393219275073013,0.763648350429574,1.16512262114974,1.46637219589725
51830,"salps",0.0557004177799159,0.0230294051597787,0.0425205117134927,0.081692299595219,0.108330790220184
51830,"shelf and coastal fishes",0.254662673947221,0.149380250464867,0.217806385734682,0.287641570361253,0.324017852058235
51830,"small divers",0.00191055434425171,0.00112837588491974,0.00178827641976442,0.00205334608114396,0.00216959244280499
51830,"sperm whales",0.00119900872849556,0.000769993597369236,0.00102414202789136,0.00486345017809203,0.117334879241313
51830,"squids",0.00738042232945087,0.00511122125347412,0.00641067602329974,0.0086948580434302,0.0155946827070097
51830,"toothfishes",0.0559844104440123,0.010520165522728,0.0374115422624903,0.0720098952116492,0.0949627673105374
52195,"antarctic krill",0.716770145183662,0.0742534589436144,0.369637195638993,1.2848118112285,1.92165017766117
52195,"baleen whales",0.0405909317539695,0.00923346233838246,0.040303003397111,0.149257879234647,0.854144682814359
52195,"bathypelagic fishes",0.126017400766375,0.0534184695555338,0.0906061969179456,0.173941211623515,0.240189410986709
52195,"flying birds",0.000308096689959231,0.000278031641647038,0.000304502899413414,0.00031232360288129,0.00031988641208098
52195,"large divers",0.000927429785089128,0.000322702914816263,0.000557628647768313,0.00174431763788135,0.00748810516412938
52195,"leopard seals",0.000173709531516497,9.9376179078179e-05,0.000140695984386015,0.000197101682202887,0.000242638336024124
52195,"medium divers",0.0209001947452625,0.00860186380595102,0.0141899570153612,0.0294260309600657,0.040949988484703
52195,"mesopelagic fishes",0.0947081863615872,0.0244084970838085,0.0679043958051574,0.13980243459805,0.188809808437408
52195,"mesozooplankton",0.909420738330231,0.459987526896089,0.66937668086539,1.06879331197791,1.29582904826557
52195,"minke whales",0.00130838103858104,0.000410661424212202,0.000724395427767108,0.00270309566598112,0.712636987609374
52195,"orca",0.000461053938961635,0.000378263155299305,0.00043680301940922,0.000507362380976707,0.000851750802713841
52195,"other krill",0.604200624248062,0.0665272448022559,0.277358785153883,1.62442719124798,4.14110515173392
52195,"other macrozooplankton",1.00003765366504,0.409447341019724,0.801460582155303,1.21000230555056,1.49640698820515
52195,"salps",0.056728166272279,0.0235044894882107,0.0433644854241308,0.0825253535023867,0.109151718771796
52195,"shelf and coastal fishes",0.254719927497898,0.149805784790483,0.217785184109731,0.287716966499724,0.324293469187571
52195,"small divers",0.00191280663816668,0.00112848176445721,0.00179074225498251,0.0020542988563033,0.00217012515491572
52195,"sperm whales",0.0011984872223692,0.000770211546912282,0.00102392236214007,0.00485621627943779,0.117124434148889
52195,"squids",0.00738057118612949,0.00512598025363434,0.00640962206718036,0.00868733436169292,0.0155882052417056
52195,"toothfishes",0.0559682192875708,0.0105421667642049,0.0374443253279953,0.0719924414520662,0.094944889170741
52560,"antarctic krill",0.70877641590641,0.0726621448225513,0.365741696798232,1.27696144517759,1.91516816580521
52560,"baleen whales",0.0405527604560947,0.00923476063765616,0.0402644284566461,0.149080312061977,0.853064958209097
52560,"bathypelagic fishes",0.127111476963167,0.0537752614382097,0.0909676899407251,0.175610237001121,0.241854371574924
52560,"flying birds",0.000308010786569591,0.000277595925887475,0.000304382756915325,0.000312196889508176,0.000319840741525584
52560,"large divers",0.000927518654148826,0.000323276476797667,0.000557431347210887,0.00174015586520743,0.00744284179516395
52560,"leopard seals",0.000173779882399146,9.9425010621799e-05,0.000140944811645704,0.000197087848820673,0.000242481350238737
52560,"medium divers",0.0208999750474223,0.00862578352053574,0.0141777975402281,0.029403851145367,0.0409412139694765
52560,"mesopelagic fishes",0.0950187726006831,0.0242163504719798,0.0680068884624503,0.140461634540608,0.189842177773686
52560,"mesozooplankton",0.866347555528169,0.386913081847329,0.616369499708656,1.02438060259813,1.24545202613969
52560,"minke whales",0.00130944827781945,0.000410483586179184,0.000724616497448656,0.00269500204082558,0.710101380309487
52560,"orca",0.000461022694126798,0.000378345401833267,0.000436858726018806,0.000507193514744859,0.000850628297187836
52560,"other krill",0.571596048011836,0.0613825225203544,0.260645682376748,1.56190496515097,4.00882017783556
52560,"other macrozooplankton",0.941770963685503,0.398125689199339,0.769378746427174,1.15111833805796,1.40710086659347
52560,"salps",0.0561194235314523,0.0232818915821143,0.0429870905370406,0.0823737153721333,0.108983412723637
52560,"shelf and coastal fishes",0.254884230981,0.149864378055617,0.217887663708583,0.287928793060436,0.324653758347931
52560,"small divers",0.00191056634593521,0.00112521593038426,0.00178860683540628,0.00205359780216618,0.00216963339685803
52560,"sperm whales",0.00119796554622778,0.000770376969070277,0.00102367414866311,0.00484897944706999,0.116914297104814
52560,"squids",0.00739190558689574,0.00513498293308497,0.00641679587246928,0.00870150775127236,0.0155945258304445
52560,"toothfishes",0.0559293601703482,0.0105532398483995,0.0374485354299991,0.0719638966726764,0.0949380723234769
52925,"antarctic krill",0.70507500163462,0.0714182781223005,0.363082942073716,1.27139037883645,1.90860824585283
52925,"baleen whales",0.0405146371763952,0.00923621149573687,0.0402259079218063,0.14890297718366,0.851986614679574
52925,"bathypelagic fishes",0.127110082857517,0.0532448363416585,0.0902308782142713,0.176185914232115,0.2426899112782
52925,"flying birds",0.000307963940613036,0.000277062777665869,0.000304318867846845,0.000312167346192165,0.000319797021264564
52925,"large divers",0.000927370632807364,0.000324297798248908,0.000556923432217446,0.00173212354390156,0.00740511037066031
52925,"leopard seals",0.000173846176293556,9.94728956271385e-05,0.000141047766732042,0.000197066855605526,0.000242450114692843
52925,"medium divers",0.020890134985655,0.008649610482804,0.0141837628391916,0.029381647121941,0.0409325421837507
52925,"mesopelagic fishes",0.0942242214010067,0.0238647566340687,0.0672742742360933,0.140095387608618,0.189804247786654
52925,"mesozooplankton",0.900723013998072,0.458915864661454,0.659102060635682,1.06214540192603,1.29314876741752
52925,"minke whales",0.00131049835393896,0.000410170732342497,0.000725069974985908,0.00268153413656504,0.707574139897415
52925,"orca",0.000461024359415036,0.000378415535225275,0.000436929186869807,0.000507026436466643,0.00084951025116319
52925,"other krill",0.584534438605133,0.0629054234520933,0.267585921100356,1.58694111538079,4.05852853962455
52925,"other macrozooplankton",0.939108453655959,0.3884097535592,0.755826930376928,1.1446426975499,1.43781438268247
52925,"salps",0.0558997987192533,0.0232695124439202,0.0428159128332152,0.0821238523876113,0.108681877123676
52925,"shelf and coastal fishes",0.254960253001514,0.149691120041097,0.218051982349831,0.288135013752541,0.324999659493031
52925,"small divers",0.00190885499597525,0.00112184596303523,0.00178627305297652,0.00205235888312812,0.00216914142428938
52925,"sperm whales",0.00119744513407534,0.000770546439178518,0.00102342917526499,0.00484175592723682,0.116704542771183
52925,"squids",0.00740156619065344,0.00513686021031892,0.00642180753238887,0.00871792371668723,0.0156038436746253
52925,"toothfishes",0.0559177469495503,0.0105582206573474,0.0374192618626223,0.071939557155198,0.0949313288161128
53290,"antarctic krill",0.695141101281482,0.0689819384318867,0.355632157385051,1.26608233565205,1.90441556719296
53290,"baleen whales",0.0404765660078493,0.00923793853101415,0.0401874051006084,0.148725821285609,0.85090960599378
53290,"bathypelagic fishes",0.126458913559788,0.0523481622718779,0.0892262192090646,0.175910313834847,0.242742130791385
53290,"flying birds",0.000307901605750369,0.00027632741876301,0.000304184997638291,0.000312104693000655,0.000319756384119041
53290,"large divers",0.000927501518724128,0.000324859691610336,0.000557220225468374,0.00172429630124994,0.00735719690205708
53290,"leopard seals",0.000173801965871477,9.9530223494519e-05,0.000141216188418528,0.000197141469621225,0.000242495697055947
53290,"medium divers",0.020890410111935,0.0086770521985841,0.0141929087039689,0.0293611763365329,0.0409235316021394
53290,"mesopelagic fishes",0.0927885171311636,0.0232072605697194,0.0659549884508769,0.139080657241406,0.189343696704945
53290,"mesozooplankton",0.844159673265615,0.351872374608791,0.586199769392354,1.00564530898003,1.23311046323632
53290,"minke whales",0.00131145803097704,0.000409656255665843,0.000726256268002554,0.00267499160839034,0.705055182314195
53290,"orca",0.000460987466401525,0.000378460906130302,0.000437013969786761,0.000506839460829883,0.000848368498122231
53290,"other krill",0.574246452703677,0.0579392851429046,0.259120081306081,1.57763651349747,4.08344787906492
53290,"other macrozooplankton",0.918314824870272,0.372857218011423,0.734394009779267,1.11475891216984,1.38611607106443
53290,"salps",0.0550727493478,0.0227279584567952,0.0420184296935076,0.0814475936037046,0.108336083603065
53290,"shelf and coastal fishes",0.254868934636838,0.149280986807351,0.217954167036632,0.28834550838784,0.325400377605024
53290,"small divers",0.0019051117533057,0.00111676433901602,0.00178178714503306,0.00205101427321241,0.00216859656358863
53290,"sperm whales",0.00119692456036658,0.000770684569879913,0.00102316656393566,0.00483453349553896,0.116495127843086
53290,"squids",0.0074120652188301,0.00513323947987215,0.00642783089031897,0.00873870126811759,0.0156121152769881
53290,"toothfishes",0.0559221136199185,0.010551746690535,0.0374670899943236,0.0719213875279041,0.0949251377775467
53655,"antarctic krill",0.692724593312769,0.0678318148652544,0.354790800495403,1.25865767275665,1.89832382506555
53655,"baleen whales",0.0404385270220704,0.00923977684937087,0.0401490492356242,0.148549029682337,0.849834090670108
53655,"bathypelagic fishes",0.125027545437457,0.0508366772167694,0.0874969601962687,0.173872095387186,0.241171999941517
53655,"flying birds",0.000307912625120113,0.000276438889830309,0.000304247417991068,0.000312124928760309,0.000319744897883706
53655,"large divers",0.000927440094142959,0.000325269437028742,0.000557432704267374,0.00171522459949325,0.00730945957915164
53655,"leopard seals",0.000173811647229627,9.95492420093774e-05,0.000141226977180291,0.000197085595467518,0.000242548055993035
53655,"medium divers",0.0208881883149306,0.0086917633357319,0.0141968051840435,0.0293349441787436,0.0409196007233556
53655,"mesopelagic fishes",0.0915569488636815,0.0226366050883904,0.0648263354709415,0.137623382354443,0.18791048726367
53655,"mesozooplankton",0.868871552122836,0.41918968754722,0.62946546929981,1.02543660133487,1.24763140708422
53655,"minke whales",0.00131686079361942,0.000409482115449789,0.000727643862211461,0.00266766160284477,0.702544653953985
53655,"orca",0.000461016418022201,0.000378572287542074,0.000437102982518883,0.000506722799136643,0.000847321272209662
53655,"other krill",0.584301666945282,0.0584480334531682,0.266123136652922,1.58668768095307,4.13697666201081
53655,"other macrozooplankton",0.90585965972321,0.370888511143591,0.725547666137328,1.10452543416183,1.37708452689117
53655,"salps",0.055259185460899,0.0228454422910388,0.0420778481438347,0.0809409879239092,0.107912875953588
53655,"shelf and coastal fishes",0.254260643755817,0.148407459382726,0.217218052860402,0.287970438303354,0.325201122545672
53655,"small divers",0.00190554664735064,0.00111570034979179,0.00178186509767623,0.00205119132661299,0.00216821065076931
53655,"sperm whales",0.00119640630744581,0.000770919377301605,0.00102295840274687,0.00482735186760791,0.116286205256615
53655,"squids",0.00739611447518431,0.00511111980803043,0.00641129869147385,0.00870889787821943,0.0155844630941914
53655,"toothfishes",0.0559114093076487,0.0105517284770927,0.0374678216538438,0.0719119633350246,0.0949137543458241
54020,"antarctic krill",0.705539792374323,0.0684650793978636,0.36162540400563,1.26556446408089,1.90522282946877
54020,"baleen whales",0.0404005361064099,0.00924162995501502,0.04011075433481,0.148372481375379,0.848759973178287
54020,"bathypelagic fishes",0.123922976536619,0.0505388468502534,0.08669025231976,0.172342764786118,0.239367011435445
54020,"flying birds",0.000307917677184834,0.000276617717825928,0.000304301273369346,0.000312135859158732,0.000319715493003634
54020,"large divers",0.000926986786015626,0.000322821213338049,0.000557427447162205,0.00170583532039142,0.00726694889020343
54020,"leopard seals",0.00017386541892045,9.95530082174451e-05,0.000141234506668236,0.000197010171661625,0.000242730355669951
54020,"medium divers",0.0208911539221615,0.00870567571310467,0.0141932431280436,0.029308476152666,0.040897475909057
54020,"mesopelagic fishes",0.0910094031911749,0.0222759930357971,0.0646857061577349,0.136350983186157,0.186738294580304
54020,"mesozooplankton",0.890285113462149,0.445972618561134,0.652158790314779,1.04515428340978,1.27018881374185
54020,"minke whales",0.00131648555833731,0.00040973002552681,0.000728473144938615,0.00266034369781204,0.700042444296549
54020,"orca",0.000461046252546785,0.000378687151775201,0.000437178921351946,0.000506612781060812,0.000846281965666805
54020,"other krill",0.615319062307251,0.0643662564633338,0.283933965945951,1.61096136482753,4.14625607851919
54020,"other macrozooplankton",0.951261618589164,0.384839550914034,0.755185583166067,1.14664776737308,1.4396338241838
54020,"salps",0.055776362605199,0.0232725001953445,0.0426409529647948,0.0810538762263467,0.107974926705229
54020,"shelf and coastal fishes",0.253584723336103,0.147713282534161,0.216500103682908,0.287499075213897,0.324940906921979
54020,"small divers",0.00190724639795674,0.00111574036476215,0.00178332679195044,0.00205120845606414,0.00216826442959204
54020,"sperm whales",0.00119588867880745,0.000771157846616308,0.0010227518031946,0.00482018406973101,0.116077663800531
54020,"squids",0.00737966003434113,0.00508223349010506,0.00638695746399718,0.00867401930224138,0.0155522571647864
54020,"toothfishes",0.0559483084357574,0.0105651795946296,0.0374563718791842,0.0718932487890133,0.0948944417182056
54385,"antarctic krill",0.729153173090236,0.0715241896596897,0.378212166372959,1.28835525358931,1.92708215151969
54385,"baleen whales",0.0403625993959045,0.00924349872974436,0.0400725207945638,0.148196179670114,0.847687259399062
54385,"bathypelagic fishes",0.125016767288285,0.0519304952751333,0.08865063609146,0.172982902853276,0.239404707133854
54385,"flying birds",0.000307954131849637,0.000276928292910195,0.00030434882889295,0.00031218696716876,0.00031972235763388
54385,"large divers",0.000927077225118913,0.000323142632271185,0.000557502405469323,0.00169962848474653,0.0072210128365479
54385,"leopard seals",0.000173851204014215,9.95466294568559e-05,0.000141314892575526,0.000196984422953892,0.000242870435172699
54385,"medium divers",0.0208853067588792,0.00870871358226856,0.0141915038702691,0.0292834952372555,0.0408802497042121
54385,"mesopelagic fishes",0.0932180020565308,0.0228406832757574,0.0663585059626897,0.137678246241616,0.187407783536865
54385,"mesozooplankton",0.940727717670128,0.509833552191311,0.700743768809574,1.09940673874376,1.32714607312056
54385,"minke whales",0.00131440694236085,0.000409614761035451,0.000728749220922964,0.00265330130980228,0.697548567802497
54385,"orca",0.000461074192180332,0.000378787707305521,0.000437242973059647,0.0005064825725926,0.000845226109529923
54385,"other krill",0.639331293752861,0.0747910125242339,0.302695769071002,1.64607527746632,4.11672262752899
54385,"other macrozooplankton",1.02441481974771,0.422583126507041,0.813209951453795,1.23196491064556,1.54040569378991
54385,"salps",0.0572249642490826,0.0240337880196271,0.0438970797258773,0.0822061839468087,0.108804004226811
54385,"shelf and coastal fishes",0.25351208335197,0.148018098199354,0.216328305932788,0.287403898628326,0.325300628665628
54385,"small divers",0.00191122527878556,0.00111706923041373,0.00178686520999177,0.00205288177172482,0.00216828950473666
54385,"sperm whales",0.00119537275732069,0.000771381780247862,0.00102253958998489,0.00481302862487108,0.115869488456774
54385,"squids",0.00737335848318292,0.00507089139164099,0.00637749043133954,0.00866253439581826,0.0155419991956445
54385,"toothfishes",0.0559566778688313,0.0106056437588904,0.0374673472419593,0.0718785109367631,0.0948774653439497
54750,"antarctic krill",0.729700746448892,0.071797845257919,0.380580842372717,1.28592656812878,1.91954840590129
54750,"baleen whales",0.0403247139796809,0.00924532132119482,0.0400342960290887,0.148020044101838,0.846615867906333
54750,"bathypelagic fishes",0.126610919272562,0.0530113105015836,0.0902093887763431,0.174713300152437,0.240606210735672
54750,"flying birds",0.000307923296136694,0.000276825415532197,0.000304315554151138,0.000312141789241539,0.000319698592109709
54750,"large divers",0.00092719151971279,0.00032348235403079,0.00055748799571562,0.00169345992983426,0.00717551588735513
54750,"leopard seals",0.000173886337681065,9.95392933261041e-05,0.000141429137459729,0.000197070769728046,0.000242865248817054
54750,"medium divers",0.0208763890784661,0.00871247607507764,0.0141862188691895,0.0292596353236365,0.0408599100670181
54750,"mesopelagic fishes",0.0945577490074272,0.0230929027734341,0.0675048889546733,0.139082472146939,0.188965974763428
54750,"mesozooplankton",0.86730668233461,0.392960001397052,0.62229138353339,1.01893823933397,1.23538606140005
54750,"minke whales",0.00131449610835262,0.000409416463915444,0.000730288480976231,0.00264547560366128,0.695062854471169
54750,"orca",0.000461100524100444,0.000378877887002545,0.000437305062724299,0.000506305510976646,0.000844159441771815
54750,"other krill",0.594977986890344,0.0702675226313328,0.278923606828657,1.55966818576746,3.92995156836143
54750,"other macrozooplankton",0.971195487030144,0.41956739682875,0.794795417233267,1.18354814360211,1.43858684308051
54750,"salps",0.056946583312019,0.0239804943107605,0.0438628541255089,0.08258024986018,0.108837532916388
54750,"shelf and coastal fishes",0.253808512762568,0.148374292282367,0.216381686192497,0.287643745467531,0.325653124548197
54750,"small divers",0.00191345137040296,0.0011172992597577,0.0017894922911951,0.00205314165826015,0.00216817937689476
54750,"sperm whales",0.00119485764728221,0.000771587170523133,0.00102232413476672,0.00480588286110165,0.115661664274328
54750,"squids",0.00737574448412585,0.00507365624282532,0.00637962669813441,0.00866354844831062,0.0155415659311925
54750,"toothfishes",0.0559669475221979,0.0106531190826191,0.037481584247227,0.0718633469707154,0.0948586507413138
55115,"antarctic krill",0.723573486605897,0.0721943699319118,0.378139635955849,1.27027610770131,1.90053458641699
55115,"baleen whales",0.0402868733531554,0.00924715541534092,0.0399961312220312,0.147844149937052,0.845545857317338
55115,"bathypelagic fishes",0.127338734150823,0.0534528420321636,0.0906919696637092,0.175781312734974,0.241355428308871
55115,"flying birds",0.00030792314368083,0.000276832364076071,0.00030432457418503,0.000312128579284616,0.000319675611770671
55115,"large divers",0.000927268819108544,0.000323796495180458,0.000557447030498918,0.00169088183754846,0.00713570898856313
55115,"leopard seals",0.000173884513947129,9.94827236952451e-05,0.000141533595436936,0.000196990549880483,0.000242846832231221
55115,"medium divers",0.0208646633756344,0.00871840636856226,0.0141770692439971,0.0292233326517619,0.0408442088706421
55115,"mesopelagic fishes",0.0950184840108272,0.0231217620176267,0.0677496014150497,0.139909509379964,0.189526273090984
55115,"mesozooplankton",0.895550864459533,0.467284619372428,0.657782237253333,1.05083833355942,1.27347989325112
55115,"minke whales",0.00131442459731048,0.000409228542072666,0.000730087577815241,0.00263715223588942,0.6925853381776
55115,"orca",0.000461129275125966,0.000378986885019981,0.000437376870877762,0.000506151319349003,0.000843120131669944
55115,"other krill",0.582665880122821,0.0705608933218139,0.271350228896009,1.55101056609586,3.89137405899236
55115,"other macrozooplankton",0.937197655518574,0.404356204298464,0.764101076424651,1.14758119013082,1.42604250328792
55115,"salps",0.0567315843922538,0.0240730087356356,0.0438251922714277,0.0825275989579949,0.108534367970524
55115,"shelf and coastal fishes",0.253870763409912,0.148531680403623,0.216381419301569,0.287787010851616,0.325848685966547
55115,"small divers",0.00191412332545711,0.00111815176340974,0.00179167990851535,0.00205325489791862,0.00216814052268738
55115,"sperm whales",0.00119434422593078,0.000771817030010456,0.00102212496528588,0.00479875784015556,0.115454245999213
55115,"squids",0.00737528228374856,0.00507651996239431,0.006385055014692,0.00865803904756292,0.0155369201081471
55115,"toothfishes",0.0559267292686682,0.0106998891198545,0.0375049578963668,0.0718755434178282,0.0948436564688215
55480,"antarctic krill",0.733526626600508,0.0760365316131451,0.388961820989582,1.27240297508318,1.8941902637361
55480,"baleen whales",0.040249067656516,0.00924907540779877,0.0399580866868178,0.147668587575849,0.844477308997513
55480,"bathypelagic fishes",0.128233917616544,0.053956144447201,0.0911322108649467,0.17643004303375,0.240909338845555
55480,"flying birds",0.000308051562559517,0.00027772574502539,0.000304500125461327,0.000312220926013526,0.000319723737241963
55480,"large divers",0.000927240546752928,0.000321990002972058,0.000557401134119938,0.00168898396180908,0.00709754250255569
55480,"leopard seals",0.00017385323117553,9.94272074580144e-05,0.000141549316582025,0.000196872627869232,0.000242973032626664
55480,"medium divers",0.0208503403892013,0.00872030524970415,0.0141713018862832,0.0291619698249834,0.0408312063120832
55480,"mesopelagic fishes",0.0961693822003421,0.0235905634983585,0.069105757854562,0.140225135736361,0.189109094654565
55480,"mesozooplankton",0.922401252171831,0.511374367123155,0.694119321914733,1.07421141752306,1.28832263732914
55480,"minke whales",0.00131376015995695,0.000409149919988261,0.000730639725421133,0.00262807934953868,0.690116081578036
55480,"orca",0.000461165227298922,0.000379155592291174,0.000437475059535842,0.000506066849734104,0.000842158149894733
55480,"other krill",0.618586925000764,0.0790026342849374,0.295454581690867,1.57717170718834,3.89804070584921
55480,"other macrozooplankton",0.998406781983892,0.421284119024905,0.796819406908323,1.20238744716515,1.49855233753429
55480,"salps",0.0575734519976256,0.0248671839906945,0.0447394486367793,0.0831161780351903,0.108732728746242
55480,"shelf and coastal fishes",0.253878852023923,0.148799314484917,0.216492435123414,0.287821261231437,0.325803567831368
55480,"small divers",0.00191857146153726,0.00112335111681819,0.00179757129196395,0.0020545125839737,0.00216926674376906
55480,"sperm whales",0.00119383254788098,0.000772126444642169,0.00102196465013583,0.00479166852838653,0.115247307426541
55480,"squids",0.00736607873441072,0.00507946691507976,0.00639131670464497,0.00863216872409923,0.015517456297625
55480,"toothfishes",0.0559121666105579,0.0107430229994346,0.0375513020801075,0.0719010074887215,0.0948784589875328
55845,"antarctic krill",0.744813171413149,0.0800534560978313,0.404177911643131,1.28516179001135,1.89372046581923
55845,"baleen whales",0.0402113222029006,0.00925094732926026,0.0399200489205761,0.147493191100415,0.84341008389319
55845,"bathypelagic fishes",0.129862199661327,0.0560158704306544,0.09337478726084,0.178147668547973,0.24192163525729
55845,"flying birds",0.000308086562892462,0.000277983565958851,0.000304585478759526,0.000312257170856746,0.000319741608503506
55845,"large divers",0.000927318772509185,0.000319477609572553,0.00055802852328842,0.00168543105268111,0.00705976366231303
55845,"leopard seals",0.000173885916840987,9.94112248184533e-05,0.000141535744309104,0.00019677713393755,0.000243090905529132
55845,"medium divers",0.0208498347002605,0.00872525169688733,0.0141653440967972,0.0290746732671184,0.0408172793912583
55845,"mesopelagic fishes",0.0979555077569841,0.0242778402740236,0.0709707540226733,0.141911246874248,0.190311037011658
55845,"mesozooplankton",0.948420000351036,0.542427975312861,0.721946288957856,1.10421944471822,1.31910847991183
55845,"minke whales",0.00131413646065079,0.000409025591401391,0.000731763483138528,0.00261959774257705,0.687654930194415
55845,"orca",0.000461200051861466,0.000379332347331089,0.000437563176960549,0.000505942984803585,0.000841153492972482
55845,"other krill",0.628826057765472,0.0868461989269523,0.30573540790337,1.57864814662538,3.80687357008034
55845,"other macrozooplankton",1.04200836232245,0.446231172521679,0.844435069272677,1.2605901513003,1.55035973010022
55845,"salps",0.0584050053319646,0.0255587406548344,0.0455526790106802,0.0840481767693903,0.109299173838468
55845,"shelf and coastal fishes",0.25444255440358,0.149535674451424,0.217302454598894,0.288186220177737,0.326130397997295
55845,"small divers",0.00192126071390812,0.00112746691533554,0.00180212683462078,0.00205542667718932,0.0021697609799857
55845,"sperm whales",0.00119332276290311,0.000772381971638451,0.00102178304969619,0.00478458093003885,0.115040691193881
55845,"squids",0.00737663942135692,0.00510301233179791,0.006414617470404,0.00864224386265974,0.0155259164800693
55845,"toothfishes",0.056013589216578,0.0107975193972999,0.0376064499492825,0.0719526877701144,0.0949009865836718
56210,"antarctic krill",0.746366882780636,0.081923215756319,0.406223255833238,1.28073332889583,1.88779858374037
56210,"baleen whales",0.0401736382712132,0.00925269768565344,0.0398819878525243,0.147317915954605,0.842344136601015
56210,"bathypelagic fishes",0.131715943054904,0.0577464566598779,0.0949759231050995,0.180618833512494,0.244394615451913
56210,"flying birds",0.000308059853860589,0.000277877137206264,0.000304507304746148,0.000312214367793883,0.000319703004194898
56210,"large divers",0.000927503219758769,0.000319902044404709,0.000558819390469636,0.00168023322301261,0.00702245124813344
56210,"leopard seals",0.000174005484463309,9.93477567946574e-05,0.000141545255817711,0.000196791467460494,0.000243094437844064
56210,"medium divers",0.0208582165123121,0.00873401391153185,0.0141602653281301,0.0289886569939769,0.0408121333865257
56210,"mesopelagic fishes",0.0993277284973636,0.0246953382731953,0.0722105819886344,0.143754442068609,0.191904301210136
56210,"mesozooplankton",0.910099396653123,0.477451836663317,0.674055778864564,1.06830494181129,1.28544948887903
56210,"minke whales",0.00131526907359276,0.000408873874800442,0.000731645675269323,0.00261192976382531,0.685201800095446
56210,"orca",0.000461218043728464,0.000379492064899732,0.000437603779513115,0.000505761541474268,0.000840087878790015
56210,"other krill",0.596289844949164,0.084249552139738,0.287185073945719,1.54344477120384,3.72043220018734
56210,"other macrozooplankton",1.00978511733508,0.448474966285425,0.8316193040036,1.2302817195159,1.50097465340941
56210,"salps",0.0579500108368041,0.0254603897186548,0.0454183009598311,0.0841717188507,0.109265948500735
56210,"shelf and coastal fishes",0.255622331777433,0.150612577024104,0.218540501738952,0.289117706800933,0.326837131411347
56210,"small divers",0.00192064665156455,0.00112820258620305,0.00180185584785964,0.00205544518846265,0.00216990181952787
56210,"sperm whales",0.00119282414456248,0.000772511163681877,0.00102156789038752,0.00477748704981996,0.114834368627062
56210,"squids",0.00740752221357718,0.00515190019780723,0.00646261530563754,0.00869421750242005,0.0155643377649571
56210,"toothfishes",0.05608410821228,0.0108680044582212,0.0376670696857517,0.0720216314556985,0.094939059959141
56575,"antarctic krill",0.740699343540015,0.0825482600220349,0.404273024964345,1.26895153412948,1.87401763357424
56575,"baleen whales",0.0401359908222873,0.00925454747568882,0.0398440443285404,0.147142964212982,0.841279635376841
56575,"bathypelagic fishes",0.132969293732263,0.0586584692964646,0.0960533678034287,0.181592883977325,0.245578066293485
56575,"flying birds",0.000308150792539542,0.000278093088189576,0.00030467151768621,0.000312290201961506,0.000319734211528725
56575,"large divers",0.000927562425131241,0.000320269936185542,0.000559949488485097,0.00167599568469273,0.00698505245382687
56575,"leopard seals",0.000174052324219245,9.92831880728154e-05,0.000141747495909903,0.000196810663829976,0.000243514939350846
56575,"medium divers",0.0208583092889443,0.00874169456733082,0.0141562061031114,0.0289372730356625,0.0408102896038769
56575,"mesopelagic fishes",0.100134306584592,0.0252516564836225,0.0732348290594995,0.14478245653022,0.192542653072263
56575,"mesozooplankton",0.901250782378667,0.479887124194041,0.665677660155103,1.05432865945176,1.26914170473073
56575,"minke whales",0.00131443923644333,0.000409060223163602,0.000730682325058097,0.00260353057371679,0.682756824882056
56575,"orca",0.000461262844452564,0.000379739714660625,0.000437676729150645,0.000505645205596939,0.000839095502760328
56575,"other krill",0.577810344138702,0.0830833616474021,0.275320259811985,1.52261218125046,3.70329826698142
56575,"other macrozooplankton",0.978341480359795,0.438616528492596,0.804382498366744,1.1911633088592,1.46693851039991
56575,"salps",0.0576406443786195,0.0254670581818669,0.0452982621231274,0.0842473503496897,0.109122464088874
56575,"shelf and coastal fishes",0.256748169498299,0.151623163782368,0.219924959544972,0.289834420135297,0.327335537488569
56575,"small divers",0.00192301918211134,0.001132399402186,0.00180458884557194,0.00205592891134879,0.00217015201223712
56575,"sperm whales",0.00119233544960189,0.000772703253184636,0.00102139184361031,0.0047704289350704,0.114628523256227
56575,"squids",0.00743452413935985,0.00519863578931856,0.00650766423640995,0.00871971362205584,0.015594242420555
56575,"toothfishes",0.0561884800514559,0.0109458838727196,0.0377864968177185,0.0721041593000605,0.0950458608804415
56940,"antarctic krill",0.736804786538651,0.0829302893357436,0.404794185611018,1.26285270424293,1.86600308347287
56940,"baleen whales",0.0400983938634642,0.00925619540780292,0.0398061061977776,0.146968172128061,0.840216437466062
56940,"bathypelagic fishes",0.132856012803653,0.058057514655018,0.0955559963710754,0.181108019887184,0.24579177214737
56940,"flying birds",0.000308170382361086,0.000278138977108734,0.000304688032778796,0.000312290677077109,0.000319714801722918
56940,"large divers",0.000927043898252605,0.000320618552121386,0.000560347479959267,0.00167227829027395,0.00694790046304677
56940,"leopard seals",0.000174092615246596,9.92331367501349e-05,0.000141797434336994,0.000196858152225193,0.000243684794764358
56940,"medium divers",0.0208484557107987,0.00875391760663262,0.0141522408420984,0.0289141273479022,0.0408079581906745
56940,"mesopelagic fishes",0.0996262606167626,0.0254280191995517,0.0733841485761292,0.144459222382846,0.19230631649838
56940,"mesozooplankton",0.928374771778933,0.528982084274703,0.701699585427769,1.08399335076847,1.29996484977095
56940,"minke whales",0.00131419409483692,0.000409011243725131,0.000730846288998195,0.00259532613861155,0.680319812752754
56940,"orca",0.000461288155693064,0.000379983768621355,0.000437746751492706,0.000505518839150704,0.000838093728018154
56940,"other krill",0.591502874429492,0.0876339589367251,0.281056673398803,1.53781985725634,3.7433623318931
56940,"other macrozooplankton",0.993413093430769,0.432431786697735,0.806131218833231,1.20195182810996,1.48686033589375
56940,"salps",0.0573481125074933,0.0255310780066655,0.0451617884016307,0.0839875041622595,0.108852706246823
56940,"shelf and coastal fishes",0.25759377277185,0.152161313006275,0.220953376984266,0.290379082250694,0.327530323017085
56940,"small divers",0.00192251591538643,0.00113460273088585,0.00180460675494011,0.00205588523675026,0.00216991454264137
56940,"sperm whales",0.00119184847673094,0.000772878717257892,0.00102120481030813,0.00476337580237169,0.114423024115447
56940,"squids",0.00746380893621856,0.00525084040654256,0.00654879944108015,0.00875518069241584,0.0156370806142669
56940,"toothfishes",0.0563306806272661,0.0110228720919398,0.0379210878022841,0.0721898256867503,0.0950912161492964
57305,"antarctic krill",0.736305091181928,0.0835396338727415,0.406883928484806,1.26062308161584,1.85535099942616
57305,"baleen whales",0.0400608395090148,0.00925804770954251,0.0397680953124574,0.146793664521583,0.839154654257097
57305,"bathypelagic fishes",0.132936783287957,0.0584793952214077,0.0958130666354287,0.180654213641039,0.24532984951479
57305,"flying birds",0.00030825929764469,0.000278254072465211,0.000304837300237747,0.000312353206439413,0.000319766322072306
57305,"large divers",0.000927053204368944,0.000321025642890003,0.000560641613021641,0.00166575561560643,0.00691081144010143
57305,"leopard seals",0.000174042664268723,9.91860743272015e-05,0.000141726731911083,0.000196835859107917,0.00024394429453515
57305,"medium divers",0.0208204656086258,0.00876237745354472,0.0141546993370022,0.0288769383984308,0.0408022489559753
57305,"mesopelagic fishes",0.0999325882902123,0.0258471415648535,0.0740011450705451,0.144461118224699,0.191808378055903
57305,"mesozooplankton",0.904894604903703,0.490874582129642,0.674839012878497,1.05516187149889,1.26648838949732
57305,"minke whales",0.00131394723335899,0.000409027432827331,0.000731759390780697,0.00258681922233458,0.677890882992918
57305,"orca",0.000461335305192386,0.000380246897404397,0.000437854913036125,0.000505424160860609,0.000837127792411472
57305,"other krill",0.593072183306595,0.0907451764381564,0.282187032080656,1.53710719252642,3.70652629427209
57305,"other macrozooplankton",0.998414416091841,0.438078955213505,0.813644207529631,1.20842228603989,1.48354786165752
57305,"salps",0.0573877435269682,0.0256011045099852,0.0451885911068378,0.0839999106161426,0.108680930140673
57305,"shelf and coastal fishes",0.258676093330313,0.152909452540264,0.222019396319366,0.290805893533384,0.327731979722327
57305,"small divers",0.00192457111289253,0.00113911292805686,0.00180697378814229,0.00205674841203227,0.00216973337782681
57305,"sperm whales",0.00119136039103731,0.000773083013928533,0.00102103462606372,0.0047563448770813,0.114217949927182
57305,"squids",0.00748323187685944,0.00526972918039287,0.00658065000504308,0.00877438249210041,0.0157350451791566
57305,"toothfishes",0.0564216774930738,0.011075887132229,0.0380745118702944,0.0723025310039215,0.0951340330794154
57670,"antarctic krill",0.734742662098359,0.0843251386751138,0.408388309335166,1.25808119182447,1.84967560680671
57670,"baleen whales",0.0400233404776287,0.00925960127068831,0.0397301191744262,0.146619286807801,0.838094148230636
57670,"bathypelagic fishes",0.132232027588046,0.0583294638298672,0.0954785833306764,0.179917656746254,0.244582416065892
57670,"flying birds",0.000308236352663457,0.000278276970273686,0.000304782406942186,0.000312331317460366,0.00031970940281164
57670,"large divers",0.000927012676607221,0.000321576954922143,0.000561338066613098,0.00166088301914684,0.00687406629511903
57670,"leopard seals",0.000174154390316962,9.91366021196626e-05,0.000141707219283254,0.000196800234457965,0.000244081206780822
57670,"medium divers",0.0208220290176084,0.00877508779160108,0.0141610119243218,0.0288308747886214,0.0407962949336633
57670,"mesopelagic fishes",0.0992377382799733,0.0259383874425973,0.0737507703247446,0.143744081273597,0.191143931881418
57670,"mesozooplankton",0.934469063770667,0.537608154931579,0.707933514792523,1.08788452426674,1.30227656721666
57670,"minke whales",0.00131328874453004,0.000408894369077181,0.00073090711458641,0.00256571604088355,0.675469850701108
57670,"orca",0.000461367232646238,0.000380487656699355,0.000437943619188919,0.000505296218483958,0.000836126976418108
57670,"other krill",0.598568891432667,0.0939915876316826,0.286169685800651,1.53923038682088,3.69965602233907
57670,"other macrozooplankton",0.995570562718744,0.438385056169544,0.815583963865354,1.2106348655049,1.48919596977819
57670,"salps",0.0571566701912195,0.0256703047205302,0.0450302626946707,0.0837877031288528,0.108357812851988
57670,"shelf and coastal fishes",0.259438840788859,0.153513095319127,0.222885605621924,0.291081338341763,0.327850590632696
57670,"small divers",0.00192412803657106,0.00114061940924382,0.00180631250540766,0.00205650666661834,0.00216926790719625
57670,"sperm whales",0.00119087566222421,0.000773302806357364,0.00102084005707199,0.00474931131670602,0.114013184184183
57670,"squids",0.00750610645985077,0.00531239283933056,0.00660988569973815,0.00880487966235554,0.0157457904834021
57670,"toothfishes",0.0564998656806713,0.0111207108209926,0.0381896625353028,0.0723884646643851,0.0951738191222426
58035,"antarctic krill",0.723798821507092,0.0838566779760441,0.400557398588722,1.24947836406122,1.84965127542079
58035,"baleen whales",0.0399858993284448,0.00926080153764374,0.0396921909580582,0.14644502600734,0.83703490359261
58035,"bathypelagic fishes",0.130855487425585,0.057524384100399,0.0939936606936995,0.179003327182839,0.243609181675981
58035,"flying birds",0.000308126146528918,0.000278007528926269,0.000304623936861269,0.000312220880092763,0.000319626917741185
58035,"large divers",0.000926936403627282,0.000322092573949878,0.000561907868086415,0.00165580345507336,0.00683068742660949
58035,"leopard seals",0.000174313758925053,9.90848360076497e-05,0.000141883316448126,0.000196993142766467,0.000244017593374079
58035,"medium divers",0.0208208541004508,0.00879420198061405,0.0141690959353796,0.0287865079938612,0.0407959996856694
58035,"mesopelagic fishes",0.09756649866314,0.0256344836707344,0.0722734606217615,0.142678101397209,0.190550661625164
58035,"mesozooplankton",0.888785794727959,0.45142864548682,0.652090711318451,1.04450682388692,1.25984257584146
58035,"minke whales",0.00131382239465406,0.000408529560915424,0.000730602918845908,0.00253782279520312,0.673056680373185
58035,"orca",0.000461373254481886,0.000380691095001652,0.000437997453789047,0.000505115070014215,0.000835070947031441
58035,"other krill",0.579329488627164,0.0907094038508528,0.274954078838278,1.53253979189466,3.74173821006076
58035,"other macrozooplankton",0.963980353014261,0.421232241579334,0.787735416956795,1.17261175163693,1.43712049142412
58035,"salps",0.056121829336259,0.0251265061706647,0.0440378444112632,0.082949455573279,0.107733935413554
58035,"shelf and coastal fishes",0.26007450396944,0.153819906933411,0.223564309281083,0.291372105878516,0.327779096606993
58035,"small divers",0.00191966989537641,0.00113809295004772,0.00180143673281395,0.00205434869950557,0.0021682224158185
58035,"sperm whales",0.00119039504668152,0.000773482743268872,0.00102060904860993,0.00474226679492819,0.113808701195664
58035,"squids",0.00752102324951523,0.00534066112604328,0.00662875915799995,0.00883732113818723,0.0158572306052667
58035,"toothfishes",0.0566137275660739,0.0111186542320117,0.0382323571726331,0.07248217279378,0.095210206173959
58400,"antarctic krill",0.699932823510472,0.0798738664938297,0.381914696284208,1.23934730434264,1.83680517974121
58400,"baleen whales",0.0399485128871728,0.00926180855902887,0.039654312810826,0.146270937132266,0.835976965764831
58400,"bathypelagic fishes",0.12845080979729,0.0561405735092097,0.0920802360672815,0.176889977317755,0.242976082001347
58400,"flying birds",0.000307976013767343,0.000276919381939757,0.000304397838877772,0.000312079675215253,0.000319609828283365
58400,"large divers",0.000927034661117031,0.000322595724525997,0.000562353538549518,0.00165281813360845,0.00678515732388087
58400,"leopard seals",0.000174346217190614,9.90330580755897e-05,0.000142015748902383,0.000197031222109113,0.0002443518494586
58400,"medium divers",0.0208182029637651,0.00880758429442528,0.0141670887718532,0.028755639115387,0.0407959137016137
58400,"mesopelagic fishes",0.0949745108459723,0.0249046737544269,0.0699324900050872,0.140917724678751,0.190318906063839
58400,"mesozooplankton",0.841814132748313,0.363788254044203,0.589034902953497,1.00539435670039,1.23018620174748
58400,"minke whales",0.0013132105872341,0.000407779804506385,0.000732921943854985,0.00250879447254908,0.670651415948436
58400,"orca",0.000461380077497339,0.00038086136296078,0.000438021791897896,0.000504891004359826,0.000833972329909292
58400,"other krill",0.550783605036379,0.0797331041774056,0.252512689118853,1.5279600797131,3.8598342628522
58400,"other macrozooplankton",0.900261341230887,0.383532170526283,0.729210585010949,1.0968021267735,1.36153264426967
58400,"salps",0.0548087950430944,0.0240180826386037,0.0424146409796611,0.08134056785886,0.10710438810372
58400,"shelf and coastal fishes",0.260434999705686,0.153972982829921,0.223981605605651,0.291402807674144,0.327518040081073
58400,"small divers",0.00191185205787641,0.00113266364758858,0.00179318553164699,0.00205225456731423,0.00216612106247987
58400,"sperm whales",0.00118991741172427,0.000773617057763262,0.0010203493827177,0.00473521561217667,0.113604526317601
58400,"squids",0.00754251368888738,0.00536738854780713,0.00662913019600323,0.00888040933995385,0.0158822294468327
58400,"toothfishes",0.0566568577341949,0.0111195742783093,0.0383544823967641,0.0725171636499826,0.0952017706347564
58765,"antarctic krill",0.696071196389713,0.07856602630568,0.377776347108902,1.24496403852684,1.85728769987198
58765,"baleen whales",0.0399111664703073,0.00926306056414979,0.0396164853979677,0.146097166879354,0.834920459269169
58765,"bathypelagic fishes",0.126295508971251,0.0546499172857569,0.0904058307217631,0.174614945996043,0.241056350196633
58765,"flying birds",0.000307937047761459,0.000276516943263558,0.000304363163283029,0.000312043998381602,0.000319604660156393
58765,"large divers",0.000927032059285149,0.000323077252275115,0.000562455237520241,0.00164976870857692,0.00673957657621359
58765,"leopard seals",0.000174334298130374,9.89808387501697e-05,0.000142130006141706,0.000197063961484915,0.000244537774078475
58765,"medium divers",0.020820120120449,0.00878302954142508,0.0141556158877145,0.0286957158598823,0.0407886749589909
58765,"mesopelagic fishes",0.0931369231304333,0.0242786650035634,0.0680565320124144,0.139026213866855,0.188753666037067
58765,"mesozooplankton",0.9017307059448,0.472422449195291,0.659386296442969,1.06669493716073,1.29853883633079
58765,"minke whales",0.00131343651180829,0.000407506944673548,0.000734085535514108,0.00248198351950005,0.668254175333462
58765,"orca",0.000461380194870419,0.000381052273642686,0.000438067255959862,0.000504705586752805,0.00083291997045079
58765,"other krill",0.587882583705092,0.0779125512891662,0.270933177818597,1.59931245412863,4.0653125462435
58765,"other macrozooplankton",0.944652642021985,0.377026636171377,0.745470127074954,1.14466656976415,1.44860476740535
58765,"salps",0.0548941237343441,0.0235701339752792,0.0422402974152323,0.0811595258478974,0.107374117957048
58765,"shelf and coastal fishes",0.26018355144135,0.153807038979104,0.223863172257665,0.291585873708158,0.326880736613478
58765,"small divers",0.00190723691374309,0.0011291022375235,0.00178744577606323,0.00205110963284383,0.00216568070786862
58765,"sperm whales",0.00118943820193269,0.000773785247165462,0.00102011379548252,0.00472818995496529,0.113400776820905
58765,"squids",0.00753699255107985,0.00537686102450574,0.006613581770858,0.00888712439735077,0.0158983812153044
58765,"toothfishes",0.0566862320138026,0.0111234667410178,0.0383898319088149,0.0725630462662595,0.0952986809174287
59130,"antarctic krill",0.684698592159626,0.0746793704885462,0.361675886907885,1.24653165359417,1.8717008615015
59130,"baleen whales",0.0398738723749344,0.00926398591427718,0.0395787025672294,0.145923516225802,0.833865212534959
59130,"bathypelagic fishes",0.12442292330521,0.0527387340479328,0.0881489605699836,0.172317364058619,0.239605897741167
59130,"flying birds",0.00030774975458979,0.000275881811308813,0.000304106061818988,0.00031190708821437,0.000319512272231994
59130,"large divers",0.000926982614182815,0.000323500051111556,0.000562363314384605,0.00164677452907983,0.00669308604362256
59130,"leopard seals",0.000174356387579747,9.89230077388385e-05,0.000142230880028044,0.000197037215207182,0.000244574631676349
59130,"medium divers",0.0208243638161632,0.00879431670817867,0.0141471427264981,0.028660840553771,0.0407716869027877
59130,"mesopelagic fishes",0.0912041479983549,0.0232475191230901,0.0658121770235615,0.137181922702161,0.18727844164003
59130,"mesozooplankton",0.809401599679918,0.290236515572895,0.542821503145067,0.970108513859703,1.19521920414732
59130,"minke whales",0.00131311762878397,0.000407437884236644,0.000735263801992595,0.0024675023462639,0.665864731545769
59130,"orca",0.000461339635768036,0.000381207457537943,0.000438097054246884,0.000504474314598448,0.000831822144513656
59130,"other krill",0.558644138137333,0.0679516192324728,0.248946401659594,1.57215779508987,4.07470144192917
59130,"other macrozooplankton",0.894815426723282,0.361996294741884,0.716166366628287,1.08535915509362,1.34708936733757
59130,"salps",0.0536764576957631,0.022433953379863,0.0410543729868652,0.0801804876078559,0.10705071136009
59130,"shelf and coastal fishes",0.259420669797463,0.153166983415748,0.223067632215368,0.291068157747974,0.325988312017254
59130,"small divers",0.0019015311166496,0.00112220000900184,0.00177872567645446,0.00204909737387061,0.00216461743299093
59130,"sperm whales",0.00118896177833421,0.000773900008074159,0.00101984457312173,0.00472115510115961,0.113197314191436
59130,"squids",0.00752715725767108,0.00535862666021862,0.00658923861793846,0.00889302234578179,0.0159038849191211
59130,"toothfishes",0.056726651965522,0.0110858168680606,0.0383997992563884,0.0725772069470113,0.0953179359112097
59495,"antarctic krill",0.689675406644472,0.0748680569470051,0.365443687792314,1.24582393006216,1.88691772380799
59495,"baleen whales",0.0398365962136007,0.0092657989544922,0.0395409680504235,0.145750382469254,0.832811569265964
59495,"bathypelagic fishes",0.122451500817667,0.0515304192483492,0.0869576303827703,0.170529264885231,0.236849792063043
59495,"flying birds",0.000307893760441141,0.00027641980355333,0.000304389408366739,0.000312001318229584,0.000319503196695644
59495,"large divers",0.000926852565178923,0.000323911264565073,0.000562702045423374,0.0016435531827904,0.0066386344350381
59495,"leopard seals",0.000174297399456207,9.88664451774892e-05,0.00014225500907421,0.000196990297310652,0.000244502974695772
59495,"medium divers",0.0208126541012168,0.00880024802644195,0.014148849325683,0.0286059833332417,0.0407142845568988
59495,"mesopelagic fishes",0.0907419297107954,0.0229840303337392,0.0651348987081877,0.135979331909558,0.185626949915773
59495,"mesozooplankton",0.892552678336498,0.466077635168711,0.654625561558415,1.04768906436706,1.27023107542323
59495,"minke whales",0.00131192495867805,0.000407465716934043,0.000735067282663005,0.00245623925768388,0.663483458994923
59495,"orca",0.000461372465006907,0.000381455150641008,0.000438189521093205,0.000504390000826319,0.000830887025105087
59495,"other krill",0.59556411441781,0.0725810695552646,0.27161422169733,1.6055468855023,4.18498288874955
59495,"other macrozooplankton",0.915532609170385,0.374966900116559,0.731541803966323,1.11446372436764,1.40923806047483
59495,"salps",0.0549817309076574,0.0230585728805536,0.041863719683797,0.0806665421013928,0.107295794851361
59495,"shelf and coastal fishes",0.258085608508002,0.152045518562018,0.221667259361213,0.290003765683671,0.324645898771131
59495,"small divers",0.00190460439452046,0.00112367075279818,0.00178147609324088,0.00205041451498987,0.00216549474501331
59495,"sperm whales",0.00118847676249903,0.000774109645157226,0.0010196669503164,0.00471418798216048,0.112994434260457
59495,"squids",0.00747451143322569,0.00529683949808313,0.00653125352890344,0.00882257829775867,0.0158723935276242
59495,"toothfishes",0.0567194071599005,0.0110797731307292,0.0384389316082705,0.0725840255444621,0.0953392780925831
59860,"antarctic krill",0.717478746002462,0.0780749457820462,0.384512775128005,1.27488328251475,1.91581888268448
59860,"baleen whales",0.0397993775738436,0.00926749884044974,0.039503285615046,0.145577422184643,0.83175924421542
59860,"bathypelagic fishes",0.1227047887455,0.0520786069652626,0.087666936701281,0.170491269872573,0.236474444587513
59860,"flying birds",0.000307932017002305,0.000276719168781072,0.000304451623633036,0.000312017153704589,0.000319490270176597
59860,"large divers",0.000926344774285431,0.000324427851001584,0.000563394942737764,0.00163746799418389,0.006585146097082
59860,"leopard seals",0.000174261492702665,9.88147967305585e-05,0.000142325128827006,0.000196966331796135,0.000244440053625497
59860,"medium divers",0.02081036478326,0.00881035631596985,0.0141519229221013,0.0285531301077974,0.0407021623608724
59860,"mesopelagic fishes",0.0923198419018241,0.023225637873196,0.0662466872335256,0.136680620703087,0.186003412955866
59860,"mesozooplankton",0.94000598848981,0.511552591852226,0.704473285703482,1.09650150671227,1.32101328166686
59860,"minke whales",0.0013105253239095,0.000407553886113435,0.000735056092719195,0.00244286633106525,0.661110051994256
59860,"orca",0.000461391771346964,0.000381675148752917,0.000438262135621546,0.00050426118670741,0.000829904600882692
59860,"other krill",0.64355545931161,0.0824813531847605,0.303186576334959,1.65227899279642,4.1738761681078
59860,"other macrozooplankton",1.02966532781436,0.414664156404189,0.808033860279697,1.22582863208031,1.5430789405401
59860,"salps",0.0566605578701662,0.0240063950686129,0.0433384102675051,0.0817513094019503,0.108204672080498
59860,"shelf and coastal fishes",0.256975606635907,0.151627819872788,0.220591260063819,0.289104049429488,0.324179050966632
59860,"small divers",0.00190839373692534,0.00112452003877586,0.00178564769331672,0.00205152941605579,0.00216591842478118
59860,"sperm whales",0.00118799586435235,0.000774212210233251,0.00101946698273821,0.00470722330601897,0.112791855904799
59860,"squids",0.00743101440980344,0.00524601899536774,0.00648713008752826,0.0087720193152418,0.0157654560894947
59860,"toothfishes",0.0567617776828015,0.0110696867321425,0.038460917782588,0.0727302237799826,0.0953298799009072
60225,"antarctic krill",0.719095757180267,0.0780319528438169,0.38387898428933,1.27347644446497,1.91455500506044
60225,"baleen whales",0.0397622139907943,0.00926886705031338,0.0394656482727255,0.145404570841152,0.830708169243026
60225,"bathypelagic fishes",0.123857688601618,0.0524433682677287,0.0885910402180621,0.171132408230854,0.237848842681931
60225,"flying birds",0.000307798197182304,0.00027637582256386,0.00030427601994067,0.000311881646570434,0.000319470587571742
60225,"large divers",0.000926327621468944,0.000325185795140679,0.000563856660940056,0.00163442992016638,0.00653258814163826
60225,"leopard seals",0.000174217091279115,9.87597221610533e-05,0.000142339764867028,0.000196981095119564,0.000244382061624056
60225,"medium divers",0.0208057295656842,0.00882402456903759,0.0141583272812515,0.0285021507455466,0.0406760995807081
60225,"mesopelagic fishes",0.0931095169770846,0.0230951814375707,0.0667235775236021,0.137611110394893,0.187462630053259
60225,"mesozooplankton",0.858433296639903,0.375411724247278,0.611936375594087,1.00734737221608,1.2203919196762
60225,"minke whales",0.00131090543081718,0.000407619353015335,0.000734558492334882,0.00243435247235137,0.658744369727856
60225,"orca",0.000461377694517421,0.00038186838561703,0.000438320482897397,0.000504089768030333,0.000828877851215467
60225,"other krill",0.595586313126641,0.0781425639026349,0.277219208440813,1.55834956831932,3.95286035278736
60225,"other macrozooplankton",0.960366566144077,0.409634913982119,0.783323091540139,1.16647349135485,1.41385070972006
60225,"salps",0.0563467554589338,0.023945946727527,0.0432822326717814,0.0818102313955646,0.108414380113182
60225,"shelf and coastal fishes",0.256098660013372,0.1510885271658,0.219684267563557,0.288439091635795,0.323835961309319
60225,"small divers",0.00190909445245065,0.00112234669891807,0.00178576596083635,0.00205064919614698,0.00216563015525216
60225,"sperm whales",0.00118751851757916,0.000774263705225051,0.0010192415188739,0.00470025717913388,0.112589566480065
60225,"squids",0.00740064052680815,0.0052088048438481,0.00644830865674954,0.00873858527057636,0.0157144602886554
60225,"toothfishes",0.0567604792524149,0.0110508890963909,0.038453263892163,0.0727218019637585,0.0953386742028928
60590,"antarctic krill",0.71484317098701,0.0779081247643057,0.379461667771461,1.26434207695278,1.90030301927825
60590,"baleen whales",0.0397250958450558,0.0092703109087439,0.0394280590569182,0.145231966887699,0.829658456853021
60590,"bathypelagic fishes",0.124230587051415,0.05241944831574,0.0888546876884877,0.171903780851282,0.23850474049
60590,"flying birds",0.000307731045523018,0.000276185814924976,0.000304216639631401,0.000311819073342382,0.000319428518755525
60590,"large divers",0.000926310135651231,0.000325910403906246,0.000564394061548385,0.00163139075828631,0.00648147346077764
60590,"leopard seals",0.000174344693365405,9.87046742006251e-05,0.000142364706596493,0.000196925523989027,0.00024446029349724
60590,"medium divers",0.0207952147151654,0.00883645808021733,0.0141405432971187,0.0284527286940936,0.0406674959461644
60590,"mesopelagic fishes",0.0931288546910426,0.0229335803934648,0.0665007048530082,0.137863666193642,0.187810570383583
60590,"mesozooplankton",0.895888566099477,0.465456140183194,0.655840675397144,1.05111345459981,1.27405150853927
60590,"minke whales",0.00130969332977192,0.000407731324140017,0.00073404423216979,0.00242094999872211,0.656386516983497
60590,"orca",0.000461375891617825,0.000382071085353188,0.000438396543563305,0.000503931632836776,0.000827867691131841
60590,"other krill",0.584461585880579,0.0774811408178487,0.274060883835437,1.56062059657881,3.93709849594046
60590,"other macrozooplankton",0.922959778285979,0.394562788875414,0.751855736084108,1.12972934568485,1.41750998047119
60590,"salps",0.0561399878942369,0.0240163286856078,0.043184710159949,0.0818240051776185,0.108189113887787
60590,"shelf and coastal fishes",0.25554829688078,0.150441560406243,0.218855941818564,0.28772573242946,0.323639949751276
60590,"small divers",0.00190917345174256,0.00112054089681924,0.00178634671699878,0.0020498938384952,0.00216506887298272
60590,"sperm whales",0.00118704125086749,0.000774460149989154,0.00101902996594134,0.00469330962710953,0.112387660787743
60590,"squids",0.00738018106201605,0.00517652509001662,0.00641803819236764,0.00870927305437821,0.0156929265058381
60590,"toothfishes",0.0567524674442933,0.0110352656684134,0.0384374897635385,0.0727125971194195,0.0953928945089764
60955,"antarctic krill",0.6976808198626,0.0748070597715651,0.365358305355542,1.25641016140409,1.89170932249146
60955,"baleen whales",0.0396880368327989,0.00927136583084903,0.0393905168279277,0.145059457912704,0.828609974433897
60955,"bathypelagic fishes",0.124000526973598,0.0517422155918862,0.0884681225891041,0.171947211881776,0.239186448798845
60955,"flying birds",0.00030754070279277,0.000275736741680698,0.000303933641637354,0.000311683834070663,0.000319334968124158
60955,"large divers",0.000925540460777918,0.000326865642674577,0.000564289476025297,0.00162731169258892,0.00644426475007805
60955,"leopard seals",0.000174420799906234,9.8713825213499e-05,0.000142388476318743,0.000196960757814699,0.00024537013678188
60955,"medium divers",0.0207976034458307,0.00885417825918964,0.0141303913761009,0.0284095606176622,0.0406624320589428
60955,"mesopelagic fishes",0.0918569231295251,0.0222229156393967,0.0654061235957185,0.137743706801118,0.187936317212712
60955,"mesozooplankton",0.829631463851687,0.328194838299127,0.567245814757887,0.98748759543999,1.21521398171346
60955,"minke whales",0.00131017767216029,0.000408026462500355,0.000734766431013026,0.00240279809950137,0.654036316926113
60955,"orca",0.000461339344799365,0.000382229736971005,0.000438461817837342,0.000503707417604136,0.000826788693428764
60955,"other krill",0.563675786434405,0.0705957907350636,0.258602237009504,1.55732339513012,4.02678344474698
60955,"other macrozooplankton",0.896091930260954,0.364410791847328,0.712838950257826,1.08416913588084,1.35996465865341
60955,"salps",0.0549988788204144,0.0231538935861835,0.0420576560801378,0.0811010440821667,0.107854561637696
60955,"shelf and coastal fishes",0.254761120881031,0.149829792444505,0.21815638943984,0.287239661393721,0.323347533148788
60955,"small divers",0.00190275180720656,0.00111451217599134,0.00178093424378799,0.00204724631373034,0.0021641969060477
60955,"sperm whales",0.00118656848344957,0.000774607326196744,0.0010188022377791,0.00468634748554055,0.112186019559051
60955,"squids",0.00736788883641985,0.00516115888198026,0.00640538973490892,0.00870993318192985,0.0156893333834931
60955,"toothfishes",0.0567107205053898,0.0110493121771985,0.038418376905088,0.0726931847601431,0.0953301819580749
61320,"antarctic krill",0.699779321676241,0.0741122759107528,0.364660297618869,1.25978055756534,1.90707199636618
61320,"baleen whales",0.0396510182902469,0.00927279591218154,0.039353027820242,0.144887303295283,0.827562946150057
61320,"bathypelagic fishes",0.123499772277035,0.0513772885462446,0.0880281555642877,0.172096536994199,0.239272980205556
61320,"flying birds",0.000307531501966547,0.000275764406652107,0.000303949700661125,0.0003116958095794,0.000319333657943997
61320,"large divers",0.000925608631197672,0.000327366765574953,0.000563452580605631,0.00162143415224597,0.00641464773406395
61320,"leopard seals",0.000174504679436523,9.87273769762272e-05,0.000142596559711419,0.000196982459494744,0.00024546153643365
61320,"medium divers",0.0207988003164323,0.0088683665798202,0.0141267766886952,0.0283650846016958,0.0406571988315322
61320,"mesopelagic fishes",0.0913886626271503,0.0217629545838568,0.064892007393559,0.137401933711422,0.187671525404821
61320,"mesozooplankton",0.884629273119456,0.432596859051499,0.638967929613661,1.046626169823,1.28157628815797
61320,"minke whales",0.00131032111171189,0.000407829406838517,0.000735346486304579,0.00239545620745997,0.651694015389179
61320,"orca",0.000461329474972961,0.000382416878674663,0.000438540130610845,0.00050352804210231,0.000825761449127862
61320,"other krill",0.590188127072385,0.0691997667288082,0.271146694556809,1.61434693480121,4.1628447142139
61320,"other macrozooplankton",0.923425898464508,0.363013846554783,0.731192017587508,1.12213062874646,1.41769169092287
61320,"salps",0.0554264419417123,0.0232336810229356,0.0421602549271247,0.0813785795546928,0.108091205510864
61320,"shelf and coastal fishes",0.254029804919939,0.149506122628191,0.217456450739785,0.286723787268058,0.323248635133451
61320,"small divers",0.00190128962872148,0.00111158056299258,0.00177854054306695,0.00204674899008743,0.00216341909451407
61320,"sperm whales",0.00118609409410037,0.000774792919076354,0.00101859623830259,0.00467941727638477,0.111984820517837
61320,"squids",0.00735668811712631,0.00514117949814749,0.00639067566966138,0.00869432661564344,0.0156841082448617
61320,"toothfishes",0.0566588027443877,0.0110522353742101,0.0384248860377338,0.0726770029557518,0.095272961436058
61685,"antarctic krill",0.723235667078272,0.0763605924812036,0.379506019796184,1.28473045198011,1.93089218239811
61685,"baleen whales",0.0396140381953725,0.00927455766922031,0.0393155873670573,0.144715469961006,0.826517349525226
61685,"bathypelagic fishes",0.124473703020574,0.0518269099218446,0.0888412841205641,0.173388060643534,0.239617527689163
61685,"flying birds",0.000307650732297963,0.000276038900406091,0.000304115213744831,0.000311736507157055,0.000319337342783219
61685,"large divers",0.000925570457662651,0.000327735995719089,0.000562896821437138,0.00161248665663217,0.00636866550039662
61685,"leopard seals",0.000174522059826725,9.86712708367364e-05,0.000142544175986801,0.000196979331026167,0.000245430165443345
61685,"medium divers",0.0207953879458895,0.008879127807252,0.0141288116036216,0.028319144101197,0.0406527835210977
61685,"mesopelagic fishes",0.0928778376850205,0.0219794326893665,0.0660608012341339,0.138245892046941,0.188007594512369
61685,"mesozooplankton",0.915778820988287,0.468678880890577,0.673195394584872,1.07009302164161,1.29499890453844
61685,"minke whales",0.00130723620645849,0.000407855981641085,0.000735252944813944,0.00238442748117918,0.649359558722779
61685,"orca",0.000461332432917698,0.000382633890870364,0.000438613044087574,0.000503422852845035,0.000824786942220185
61685,"other krill",0.625997898732631,0.0755535743689692,0.292340401723835,1.64960733158254,4.23428126594089
61685,"other macrozooplankton",1.00085109409539,0.394416135491045,0.79079047985681,1.20074212452197,1.50291268629819
61685,"salps",0.0567634355858723,0.0238757044346098,0.0433494305850725,0.0823946711807323,0.108966621218272
61685,"shelf and coastal fishes",0.253588103513649,0.149581396772396,0.216995093508237,0.286366205486318,0.323116832071314
61685,"small divers",0.0019046351304833,0.00111256226553093,0.00178123186117611,0.00204851806315937,0.00216443048350674
61685,"sperm whales",0.00118561769168835,0.000775003550112892,0.00101841021726195,0.00467251996251377,0.111784063122395
61685,"squids",0.00734117471399908,0.00512642537964206,0.00637665969292261,0.00866659666238564,0.0157479912467425
61685,"toothfishes",0.0566148560907897,0.0110442123086167,0.0384095111267365,0.072681259568099,0.0952123691636133
