"w","n_unfished","n_density_unfished","biomass_unfished","biomass_density_unfished","n_mean","n_median","n_q05","n_q95","n_density_mean","biomass_mean","biomass_median","biomass_q05","biomass_q95","biomass_density_mean","period","n_ratio","n_ratio_median","biomass_ratio","biomass_ratio_median","n_diff","biomass_diff","log_n_ratio","log_biomass_ratio","period_label"
3.16227766016838e-08,574585959789.093,41819851495736262656,18170.0034448745,1322459821365.26,460598701313.348,479651874691.174,250354962551.645,594928764310.381,33523564159353184256,14565.4098346577,15167.9240799378,7916.91905189358,18813.299407703,1060108180303.44,"pre_whaling",0.801618441011707,0.834778272109599,0.801618441011707,0.834778272109599,-113987258475.745,-3604.59361021687,-0.0960323005368299,-0.0960323005368299,"Pre-Whaling (1841-1860)"
4.53623270600988e-08,397451507631.694,20165839199547478016,18029.3252797183,914769393211.234,313127655255.406,312629611535.958,179110021783.816,413447537192.486,15887427330287798272,14204.1991092576,14181.6066871658,8124.84738789887,18754.9424043179,720690674700.068,"pre_whaling",0.787838640042529,0.786585546998761,0.787838640042529,0.786585546998761,-84323852376.2875,-3825.12617046065,-0.103562722757998,-0.103562722757998,"Pre-Whaling (1841-1860)"
6.50714749759769e-08,270367482809.824,9562936749308919808,17593.2108919773,622274399379.505,209482768608.148,203260507497.962,125256768627.183,282152910388.692,7409435651989771264,13631.3527353835,13226.461027258,8150.64268529547,18360.1060477569,482142906614.564,"pre_whaling",0.774807556112428,0.751793467859206,0.774807556112428,0.751793467859206,-60884714201.6753,-3961.85815659382,-0.11080615258647,-0.11080615258647,"Pre-Whaling (1841-1860)"
9.33439073780173e-08,180912579630.368,4460774468771752448,16887.0870765353,416386118847.255,137848046105.197,132847330823.014,84649195171.9331,189006789920.581,3398929172821971968,12867.2752478842,12400.4889437602,7901.48663375262,17642.6322921631,317269329892.335,"pre_whaling",0.761959430277551,0.734317818553254,0.761959430277552,0.734317818553254,-43064533525.1707,-4019.81182865105,-0.118068151594312,-0.118068151594312,"Pre-Whaling (1841-1860)"
1.33900223528244e-07,119176754533.391,2048508305051332352,15957.7940713917,274295719945.838,89217637494.4116,86189254705.8011,55145370383.768,124434390159.792,1533546303387165440,11946.2616031636,11540.7604708395,7383.97742093436,16661.7926569969,205342192814.454,"pre_whaling",0.748616102558948,0.72320525125269,0.748616102558948,0.723205251252689,-29959117038.9794,-4011.53246822817,-0.125740835547427,-0.125740835547427,"Pre-Whaling (1841-1860)"
1.92077558830971e-07,77400936192.0662,927464003294214656,14866.9828750038,178145021656.352,56819718528.2844,54686744093.048,34596461002.9294,80422808728.9638,680847625428267776,10913.7928283757,10504.0963058067,6645.20377363355,15447.4167749894,130775549828.125,"pre_whaling",0.734096011284533,0.706538535365332,0.734096011284533,0.706538535365332,-20581217663.7818,-3953.19004662805,-0.134247135664039,-0.134247135664039,"Pre-Whaling (1841-1860)"
2.75531941876727e-07,49659697648.6006,414819911653823168,13682.8329261301,114296135787.11,35646931927.0856,34218842973.2964,20989433885.1629,51181080111.318,297767764462822272,9821.86837581739,9428.38425320716,5783.25947727211,14102.0223904198,82044530370.7333,"pre_whaling",0.717824183693758,0.68906667969334,0.717824183693758,0.68906667969334,-14012765721.5151,-3860.96455031268,-0.143981914256015,-0.143981914256015,"Pre-Whaling (1841-1860)"
3.95245813495413e-07,31547501449.4223,183706772449240064,12469.0178741247,72609332721.3167,22065517584.7418,20839252816.4255,12524175204.8391,32153632673.6848,128491475764369520,8721.30344797861,8236.62743206469,4950.1278171957,12708.5887029433,50785717865.7144,"pre_whaling",0.699437881637559,0.660567457294058,0.699437881637559,0.660567457294058,-9481983864.68056,-3747.71442614605,-0.155250849949803,-0.155250849949803,"Pre-Whaling (1841-1860)"
5.66973295442978e-07,19896647478.3901,80769013397987296,11280.86778909,45793873695.9349,13507175205.3109,12656673319.4899,7527628895.74494,19964392840.3645,54831408975387592,7658.20763828082,7175.99578129644,4267.9645618923,11319.2776002197,31087944640.5572,"pre_whaling",0.678866890514153,0.636120900932506,0.678866890514153,0.636120900932506,-6389472273.07914,-3622.66015080922,-0.168215372085142,-0.168215372085142,"Pre-Whaling (1841-1860)"
8.13313403379543e-07,12490852178.3372,35347737070865740,10158.9774962742,28748788338.8711,8198909100.40914,7636724617.57989,4507990396.31406,12294236131.9942,23202010480262556,6668.28266445327,6211.05048939624,3666.40901162849,9999.06703046393,18870506108.9502,"pre_whaling",0.656393093389452,0.61138539697269,0.656393093389452,0.61138539697269,-4291943077.92808,-3490.69483182096,-0.182835997269508,-0.182835997269508,"Pre-Whaling (1841-1860)"
1.16668403509199e-06,7824329012.76348,15435522169479064,9128.5197444982,18008377288.4397,4950127998.81388,4580333231.81213,2702789855.23163,7545388638.37728,9765413793669734,5775.23530787801,5343.80165695651,3153.30177430733,8803.08446295925,11393152369.1416,"pre_whaling",0.632658467037744,0.585396297157295,0.632658467037744,0.585396297157295,-2874201013.94959,-3353.28443662019,-0.198830675305951,-0.198830675305951,"Pre-Whaling (1841-1860)"
1.67358810525261e-06,4899862683.09818,6738493369443974,8200.35190380426,11277462350.425,2982174704.73543,2749179662.93699,1623005495.65835,4621526884.97452,4101209722407355,4990.93211363044,4600.99438309373,2716.24269229343,7734.53242279851,6863735808.56731,"pre_whaling",0.608624138595207,0.561072797492906,0.608624138595207,0.561072797492906,-1917687978.36275,-3209.41979017382,-0.215650827116187,-0.215650827116187,"Pre-Whaling (1841-1860)"
2.40073324207457e-06,3071346079.27545,2944505203351529,7373.48263043195,7068971523.14755,1798227190.22424,1648247114.0562,957742583.396043,2833749754.16155,1723963754573883,4317.06379237368,3957.00163786819,2299.28445730925,6803.07723453626,4138777093.7372,"pre_whaling",0.585485042652196,0.536653008652491,0.585485042652196,0.536653008652491,-1273118889.05121,-3056.41883805827,-0.232484195342412,-0.232484195342411,"Pre-Whaling (1841-1860)"
3.44381038650601e-06,1927538417.76678,1288223709044418,6638.0768234946,4436398189.35046,1088219435.73254,990335427.490448,573777159.806236,1748404664.77203,727285155425221,3747.62139557343,3410.52743131648,1975.97974248063,6021.17414435749,2504632172.20501,"pre_whaling",0.564564330185095,0.513782458685227,0.564564330185095,0.513782458685227,-839318982.034239,-2890.45542792117,-0.248286564540409,-0.248286564540409,"Pre-Whaling (1841-1860)"
4.94008654120945e-06,1210188456.32457,563827073346206,5978.43570541606,2785354536.6071,662238122.993618,598015191.196508,342612929.162537,1079696801.32783,308536890097085,3271.51363847658,2954.24679746866,1692.53752020019,5333.79563682648,1524198938.23523,"pre_whaling",0.547219005050569,0.494150467285667,0.547219005050569,0.494150467285667,-547950333.330956,-2706.92206693949,-0.261838827871893,-0.261838827871893,"Pre-Whaling (1841-1860)"
7.08646885155566e-06,758820695.787624,246454505075540,5377.35922461479,1746492173.54338,406456494.670611,363907003.170262,212208103.520117,672432863.943364,132011468301888,2880.34128899578,2578.81564282903,1503.80611564301,4765.17454509702,935495158.169455,"pre_whaling",0.535642342027488,0.479569159342105,0.535642342027488,0.479569159342105,-352364201.117013,-2497.01793561901,-0.271125099729374,-0.271125099729374,"Pre-Whaling (1841-1860)"
1.01654172179288e-05,473419169.86397,107188478955795,4812.50338063274,1089615609.54083,250701904.772326,225523637.658538,132099019.333736,420373217.196906,56762289223707.4,2548.48945934014,2292.54186930403,1342.84164560667,4273.26914004953,577012352.203727,"pre_whaling",0.529555879294793,0.476372001842128,0.529555879294793,0.476372001842128,-222717265.091644,-2264.0139212926,-0.27608820592677,-0.27608820592677,"Pre-Whaling (1841-1860)"
1.45821154906901e-05,292712184.22509,46200613598883.2,4268.3628759024,673702683.23966,155460740.973935,140046790.572575,80961964.9747032,263385846.476519,24537351058846.7,2266.94647915017,2042.17847422977,1180.59672361433,3840.72283193377,357806486.975708,"pre_whaling",0.531104440990365,0.478445374398496,0.531104440990365,0.478445374398496,-137251443.251155,-2001.41639675223,-0.274820067081059,-0.274820067081059,"Pre-Whaling (1841-1860)"
2.0917792907584e-05,178813141.672384,19674832839942.8,3740.37626665741,411554078.837258,96893560.8023923,87425623.8863039,49943111.2732573,164567199.773592,10661210883183.8,2026.79943894284,1828.75109527004,1044.69965877442,3442.382604245,223009001.39852,"pre_whaling",0.541870468222731,0.488921692604018,0.541870468222731,0.488921692604018,-81919580.8699916,-1713.57682771457,-0.266104517261082,-0.266104517261082,"Pre-Whaling (1841-1860)"
3.00062127750894e-05,113346531.082556,8694097882470.7,3401.10012898146,260876950.94887,64035309.821294,58690888.3429026,32513509.3325608,107416865.411982,4911744948905.18,1921.45713161652,1761.09128357615,975.607279097674,3223.17331918508,147382864.03382,"pre_whaling",0.564951650568414,0.517800481252973,0.564951650568414,0.517800481252973,-49311221.2612619,-1479.64299736494,-0.247988718180263,-0.247988718180263,"Pre-Whaling (1841-1860)"
4.30433941612213e-05,73318670.9811614,3920446671492.63,3155.88445441903,168749331.369105,44543101.1606993,41562271.5997936,23273140.7286044,72723247.3801422,2381778752212.95,1917.28626042314,1788.98123870565,1001.75496975089,3130.25540166747,102519841.636324,"pre_whaling",0.607527394654279,0.566871590054771,0.607527394654279,0.566871590054771,-28775569.8204621,-1238.5981939959,-0.216434134060605,-0.216434134060605,"Pre-Whaling (1841-1860)"
6.17450057694841e-05,39678105.894703,1479028604122.05,2449.92487739063,91322629.6947481,26752258.4075975,25478156.8806281,14501004.8147683,41995565.2827151,997208775910.436,1651.81834972384,1573.1489435902,895.364625951184,2593.01642067399,61572661.62197,"pre_whaling",0.674232244820157,0.642121298537829,0.674232244820157,0.642121298537829,-12925847.4871055,-798.106527666798,-0.17119048140182,-0.17119048140182,"Pre-Whaling (1841-1860)"
8.85721447336123e-05,20068784.203299,521496476762.593,1777.53525908223,46190061.4178853,15533365.0427483,14939977.9288534,8894048.96471051,23418459.8985944,403641548984.759,1375.82345676634,1323.26588743137,787.764992170174,2074.2232195766,35751397.6971775,"pre_whaling",0.77400628186509,0.744438615588755,0.77400628186509,0.744438615588754,-4535419.16055069,-401.711802315894,-0.111255514551896,-0.111255514551896,"Pre-Whaling (1841-1860)"
0.000127055212400501,9519333.74959813,172441401397.24,1209.48097146645,21909578.8811664,8777191.79535418,8614132.01456755,5293528.34006918,12516717.6745712,158997603544.169,1115.18796783866,1094.47037275684,672.570367595563,1590.31422269975,20201474.2894751,"pre_whaling",0.922038456286368,0.904909129268759,0.922038456286367,0.904909129268759,-742141.954243951,-94.2930036277885,-0.0352509650584423,-0.0352509650584424,"Pre-Whaling (1841-1860)"
0.000182258508549024,4200941.42216886,53050110198.2631,765.657318106314,9668833.96309681,4804773.74368625,4833289.89820377,2866545.81768837,6464544.33506739,60675394147.4098,875.710896439767,880.908208231685,522.452365419325,1178.21820895843,11058606.8429311,"pre_whaling",1.14373738189514,1.15052542096825,1.14373738189514,1.15052542096825,603832.321517382,110.053578333453,0.0583263158145765,0.0583263158145766,"Pre-Whaling (1841-1860)"
0.000261446683775594,1711727.64087839,15068811589.1929,447.525515234676,3939690.81843372,2538537.30253748,2624792.50112322,1449139.57300224,3448664.95813671,22347445592.7144,663.692159389064,686.243295017711,378.872735689416,901.642016757939,5842665.54107069,"pre_whaling",1.48302641256339,1.5334171385912,1.48302641256339,1.5334171385912,826809.661659083,216.166644154388,0.171148885841858,0.171148885841858,"Pre-Whaling (1841-1860)"
0.000375040753934783,639533.097648767,3924750368.87508,239.850975108441,1471941.33734873,1290784.27519487,1350608.99184765,625139.052856739,1898191.26483409,7921413416.81031,484.096707736245,506.533414573641,234.452621697468,711.899083075797,2970852.86006965,"pre_whaling",2.01832286701097,2.11186723066116,2.01832286701097,2.11186723066116,651251.177546098,244.245732627804,0.304990640664693,0.304990640664693,"Pre-Whaling (1841-1860)"
0.000537989486348578,217772.492911969,931658414.471697,117.15931160256,501222.431853959,629856.80182271,597383.092405218,241994.290880995,1043431.8803933,2694607484.55301,338.856337285757,321.385823036408,130.190384250355,561.355381372524,1449670.49652571,"pre_whaling",2.89226978761417,2.74315219712666,2.89226978761417,2.74315219712666,412084.308910741,221.697025683198,0.461238801004006,0.461238801004006,"Pre-Whaling (1841-1860)"
0.000771736629646219,67374.2362227779,200933439.084825,51.9951659875548,155067.695062547,293508.488788285,248079.642245587,81248.5337117962,565603.198902689,875344543.540539,226.511251910026,191.452146990449,62.7024695704389,436.496706438281,675535.447811183,"pre_whaling",4.35639059146849,3.68211435340497,4.35639059146849,3.68211435340497,226134.252565508,174.516085922472,0.639126811422277,0.639126811422277,"Pre-Whaling (1841-1860)"
0.00110704287100476,19126.9151791984,39765639.3136991,21.1743150934443,44022.2675131772,129227.923581004,91564.3212440589,24707.4064492921,299518.436823708,268670141.015173,143.060851535098,101.365629071625,27.3521581707058,331.579750220176,297429.364262691,"pre_whaling",6.75633903168802,4.78719753740741,6.75633903168802,4.78719753740741,110101.008401806,121.886536441654,0.829711434252584,0.829711434252584,"Pre-Whaling (1841-1860)"
0.00158803388508885,5333.02017298436,7729313.77519782,8.46901674456157,12274.4121834982,52533.5481704347,29153.1666571902,7489.87329500016,147801.29906422,76138522.7062687,83.4250545985977,46.2962165092605,11.8941725874823,234.713471174133,120910.554018162,"pre_whaling",9.85061868630376,5.46653973012745,9.85061868630376,5.46653973012745,47200.5279974503,74.9560378540361,0.993463508021442,0.993463508021442,"Pre-Whaling (1841-1860)"
0.00227800719036431,1765.24157295489,1783514.04197058,4.02123299592123,4062.8578117247,18675.090087126,8074.5709577706,2589.98072412189,63167.2396663132,18868400.7422853,42.5419894991742,18.3939307009082,5.89999471245463,143.895426155327,42982.3525616012,"pre_whaling",10.5793396061171,4.57420167385609,10.5793396061171,4.57420167385609,16909.8485141711,38.520756503253,1.02445855859041,1.02445855859041,"Pre-Whaling (1841-1860)"
0.00326776198422312,812.674576488545,572392.235831458,2.65562708659389,1870.44158831451,4856.85514428804,2156.85589503758,972.737130315534,17452.6892183605,3420835.66482498,15.8710466033829,7.04809169925132,3.17867341508739,57.0312343502191,11178.4767397897,"pre_whaling",5.97638376393395,2.65402161878504,5.97638376393395,2.65402161878504,4044.18056779949,13.215419516789,0.776438477228969,0.776438477228969,"Pre-Whaling (1841-1860)"
0.0046875481476536,483.409423731549,237354.159829178,2.26600494877112,1112.60905224514,683.193285207909,678.332603843603,288.713954356899,1104.1487952016,335448.090688258,3.20250141856571,3.17971674064013,1.35336056194743,5.17575063968121,1572.42907613968,"pre_whaling",1.41328085814749,1.40322585895698,1.41328085814749,1.40322585895698,199.78386147636,0.936496469794595,0.150228476797552,0.150228476797552,"Pre-Whaling (1841-1860)"
0.00672420688613729,307.654797378388,105305.268830264,2.06873450708493,708.094413815002,450.228698494352,444.141087224634,198.208336503074,727.436665679871,154106.012758631,3.02743091475235,2.98649655713239,1.33279386120379,4.89143463659334,1036.24071218675,"pre_whaling",1.46342167367737,1.44363452482875,1.46342167367737,1.44363452482875,142.573901115964,0.958696407667423,0.165369482765695,0.165369482765695,"Pre-Whaling (1841-1860)"
0.00964575868307804,203.951323683966,48665.0991323067,1.96726525134987,469.4118025183,311.87568993758,304.868368920324,139.726987314246,522.063531888017,74417.0770437715,3.00827764425637,2.94068671670906,1.34777280114672,5.03569884582723,717.809167064246,"pre_whaling",1.52916727532913,1.49480946440306,1.52916727532913,1.49480946440306,107.924366253614,1.04101239290649,0.184454995405027,0.184454995405027,"Pre-Whaling (1841-1860)"
0.0138366742944791,140.312789618477,23339.5789842823,1.94146236930064,322.942152575785,224.323098801631,218.457785776654,103.185941477552,389.424117659106,37313.8236130556,3.10388565484644,3.02272922888466,1.42775026399407,5.38833467846397,516.299224015495,"pre_whaling",1.59873593427645,1.55693423508049,1.59873593427645,1.55693423508049,84.010309183154,1.16242328554579,0.203776736568497,0.203776736568497,"Pre-Whaling (1841-1860)"
0.0198484703818451,90.7777740859948,10526.4022647678,1.80179996027569,208.93298357963,153.230658519574,147.047127514902,69.2280051703019,277.792366676951,17768.30911655,3.04139418721638,2.91866055521493,1.37407001021696,5.51375356229011,352.673757235311,"pre_whaling",1.68797549909537,1.61985826371555,1.68797549909537,1.61985826371555,62.4528844335791,1.23959422694069,0.227366138566351,0.227366138566351,"Pre-Whaling (1841-1860)"
0.0284722880740333,58.6811920526954,4743.55603379373,1.67078780465202,135.059893889494,105.670385740145,99.4508103682648,45.5969320521551,203.219956398223,8541.97705153729,3.00867766368764,2.8315921220013,1.29824898468108,5.78613714096271,243.209631333152,"pre_whaling",1.80075390502043,1.69476465779629,1.80075390502043,1.69476465779629,46.9891936874497,1.33788985903562,0.255454365237974,0.255454365237974,"Pre-Whaling (1841-1860)"
0.0408430056611436,38.0761856940156,2145.67142847505,1.55514586785543,87.6356703001606,73.84942384144,68.6307276763648,30.2929759644763,149.942862819208,4161.56702300216,3.01623243602813,2.80308519901418,1.23725618881,6.12411719497299,169.970905479706,"pre_whaling",1.93951737799847,1.80245805679931,1.93951737799847,1.80245805679931,35.7732381474244,1.46108656817269,0.287693675214772,0.287693675214772,"Pre-Whaling (1841-1860)"
0.0585885864563713,24.7206197688198,971.122041236748,1.44834616858058,56.896667672687,52.1729044377697,47.0139698836987,20.1303994937125,111.105549947552,2049.55449857945,3.05673672233227,2.75448203918832,1.17941165113867,6.50951711888482,120.080500937067,"pre_whaling",2.1105014730891,1.9018119417458,2.1105014730891,1.9018119417458,27.4522846689499,1.60839055375169,0.324385659619659,0.324385659619659,"Pre-Whaling (1841-1860)"
0.0840443157253079,15.9751068914078,437.48473487076,1.34261692732702,36.7681051824808,37.1482134856266,31.8684473857868,13.4916650869991,83.4473973109957,1017.31878466634,3.12209618281715,2.67836185376643,1.13389776023187,7.01327940606054,85.4998611317841,"pre_whaling",2.32538121579686,1.99488163693773,2.32538121579686,1.99488163693773,21.1731065942188,1.77947925549013,0.366494159955245,0.366494159955245,"Pre-Whaling (1841-1860)"
0.12056011986217,10.2018139506952,194.760645217716,1.22993191270737,23.4803667318814,26.5812042510735,21.2836839460259,9.0558387313067,64.2333925178069,507.456077480241,3.20463317059025,2.56596348764143,1.09177300289882,7.74398550110062,61.1789655258045,"pre_whaling",2.60553705248293,2.08626466321468,2.60553705248293,2.08626466321468,16.3793903003784,1.97470125788288,0.415897253505259,0.415897253505259,"Pre-Whaling (1841-1860)"
0.172941410442158,6.37669875006734,84.8641724262505,1.10279527580139,14.6765296754023,19.0747850640496,13.6658177094222,5.99049795544,50.07823371636,253.856409423775,3.29882023285775,2.36338578951289,1.03600516566466,8.66060037135934,43.9022854955297,"pre_whaling",2.99132604685898,2.14308661033702,2.99132604685898,2.14308661033702,12.6980863139822,2.19602495705635,0.475863752594802,0.475863752594802,"Pre-Whaling (1841-1860)"
0.248081467403285,3.85326399155415,35.7488370760562,0.955923385316993,8.86862395978897,13.7428450158443,8.8897289561096,3.82348308258611,39.5009817758196,127.499888019547,3.40934515782657,2.20537700424914,0.948535293719599,9.79946152281574,31.6303593136438,"pre_whaling",3.56654645151923,2.30706460174925,3.56654645151923,2.30706460174925,9.88958102429013,2.45342177250958,0.552247884744506,0.552247884744506,"Pre-Whaling (1841-1860)"
0.355868581802455,2.21089324681899,14.2989978935242,0.786787444262098,5.08856410156474,9.25025222868813,5.08217594077706,2.17801725788431,30.4644690448276,59.8261979961659,3.29187414193824,1.80858674451489,0.775087912704562,10.8413473943476,21.2902642355284,"pre_whaling",4.18394340929727,2.2986980253747,4.18394340929726,2.2986980253747,7.03935898186914,2.50508669767615,0.621585801768364,0.621585801768363,"Pre-Whaling (1841-1860)"
0.510487336437021,1.21153695731636,5.46234554807706,0.618474274335443,2.78845822953648,1.48385369844718,1.51690877639383,0.640351873151239,2.14461363443552,6.69011505985294,0.757488522182522,0.774362720879224,0.326891522107433,1.09479810192951,3.41521901736153,"pre_whaling",1.22476965270132,1.25205324297649,1.22476965270132,1.25205324297649,0.272316741130813,0.139014247847079,0.088054416890369,0.088054416890369,"Pre-Whaling (1841-1860)"
0.732285270429473,0.62876753108469,1.97622907783006,0.460437201537625,1.44716344468938,0.817523288342752,0.811815680594176,0.324365050209724,1.3147378718969,2.56949224372177,0.598660262286465,0.594480665202793,0.237527748510697,0.962763178065893,1.88160132256023,"pre_whaling",1.30019959353251,1.2911221404733,1.30019959353251,1.2911221404733,0.188755757258062,0.13822306074884,0.114010025934644,0.114010025934644,"Pre-Whaling (1841-1860)"
1.05045057734576,0.230338915539683,0.504683574479624,0.241959646813856,0.530145152189044,0.347917835287869,0.313976778111921,0.143285222633948,0.647404065990256,0.762304608089746,0.36547049094703,0.32981708784083,0.150514044840946,0.680065974895458,0.800763315681208,"pre_whaling",1.51046050760767,1.36310782472981,1.51046050760767,1.36310782472981,0.117578919748187,0.123510844133174,0.179109374725299,0.179109374725299,"Pre-Whaling (1841-1860)"
1.50685321691489,0.0369216746798577,0.0563946516558874,0.0556355442652285,0.0849784622644685,0.0677545350226766,0.0678251163701281,0.0134761153124068,0.121288668696171,0.103489168187568,0.102096139059493,0.102202494789954,0.0203065277100161,0.182764220600149,0.155942985999283,"pre_whaling",1.83508834878607,1.83699999954578,1.83508834878607,1.83699999954578,0.0308328603428189,0.0464605947942642,0.263656977834227,0.263656977834227,"Pre-Whaling (1841-1860)"
2.16155492347296,0.0255912354230881,0.0272491182516658,0.0553168609265319,0.0589004657171853,0.0547638113418509,0.0512300803757042,0.0089632154818876,0.106631637673432,0.0583115877953945,0.118374986034122,0.110736632466019,0.0193744825550232,0.230490141410991,0.126043699694661,"pre_whaling",2.1399440252284,2.00186038418001,2.1399440252284,2.00186038418001,0.0291725759187628,0.0630581251075905,0.330402413605097,0.330402413605097,"Pre-Whaling (1841-1860)"
3.10071321794452,0.0167964260858479,0.0124675970970381,0.0520809003786165,0.0386584431147926,0.0471142962064452,0.0399724241545117,0.00534412694645855,0.103119104074951,0.0349718481544948,0.146087921001478,0.123943023929179,0.0165706050612575,0.319742769027795,0.108437671828591,"pre_whaling",2.80501911333043,2.37981722720116,2.80501911333043,2.37981722720116,0.0303178701205973,0.0940070206228611,0.447935824874055,0.447935824874055,"Pre-Whaling (1841-1860)"
4.44791957656499,0.00817356636177429,0.00422943294196089,0.036355365830889,0.0188121775803167,0.0413363866647307,0.0262070945490346,0.00217257822314571,0.110482951218465,0.0213896196254157,0.183860923470516,0.116567048889541,0.00966345321034859,0.491419281601283,0.0951393078671652,"pre_whaling",5.05732563181362,3.2063230894654,5.05732563181362,3.2063230894654,0.0331628203029565,0.147505557639627,0.703920917948701,0.703920917948701,"Pre-Whaling (1841-1860)"
6.38046383815689,0.000170373212092883,6.14577330066034e-05,0.00108706011874927,0.000392128843023735,0.000159571111800887,0.000156774110691116,0.000115648913625039,0.000213410352035383,5.7561154504027e-05,0.00101813770846005,0.00100029154402387,0.000737893711306695,0.00136165703385009,0.000367266864795506,"pre_whaling",0.936597425385707,0.92018051878747,0.936597425385707,0.92018051878747,-1.08021002919958e-05,-6.89224102892233e-05,-0.0284470403851554,-0.0284470403851554,"Pre-Whaling (1841-1860)"
9.15266521555844,0.000134419357988585,3.38019469894567e-05,0.00123029538215982,0.00030937790442855,0.00013239284173314,0.000131860751412887,8.67280077722374e-05,0.000178265179626109,3.32923463183565e-05,0.00121174735731984,0.00120687731275412,0.00079379241995164,0.00163160150870917,0.000304713700092347,"pre_whaling",0.984923925498757,0.980965490283657,0.984923925498757,0.980965490283657,-2.02651625544521e-06,-1.8548024839977e-05,-0.0065973126617888,-0.0065973126617888,"Pre-Whaling (1841-1860)"
13.1293402287023,0.000110542291236626,1.93781822500218e-05,0.00145134735130596,0.000254422747774336,0.000118221862884098,0.000120140699342951,6.46730354747537e-05,0.000162035271715447,2.07244193989176e-05,0.00155217506027631,0.00157736811698783,0.000849114286370974,0.00212741621140232,0.000272097953330707,"pre_whaling",1.06947179727832,1.08683018959484,1.06947179727832,1.08683018959484,7.67957164747166e-06,0.000100827708970351,0.0291693364083437,0.0291693364083437,"Pre-Whaling (1841-1860)"
18.8338118767848,9.35480503397223e-05,1.14320466821025e-05,0.00176186638153833,0.000215309016577342,0.000118007910040073,0.0001202608047989,4.40015949009362e-05,0.000177724059643231,1.44211657168298e-05,0.00222253877766728,0.00226496937373322,0.000828717760642726,0.0033472215052991,0.000271605522154711,"pre_whaling",1.26146840700072,1.28555116180582,1.26146840700072,1.28555116180582,2.44598597003507e-05,0.000460672396128955,0.100876378248706,0.100876378248706,"Pre-Whaling (1841-1860)"
27.0167779668531,6.95288867596179e-05,5.92323821316677e-06,0.00187844649586707,0.000160026811649906,9.85013682782807e-05,7.42244383476874e-05,2.1484827428428e-05,0.000222517360703634,8.39143406182061e-06,0.00266118959620553,0.00200530517055384,0.000580450812289995,0.00601170212790024,0.000226709510871695,"pre_whaling",1.41669704304096,1.06753382380914,1.41669704304096,1.06753382380914,2.89724815186628e-05,0.000782743100338468,0.151276987436746,0.151276987436746,"Pre-Whaling (1841-1860)"
38.7551015421336,7.06055501360227e-06,4.19312142337116e-07,0.000273632526495976,1.62504846541245e-05,8.25508920759169e-06,7.88756592613296e-06,6.29367304774874e-06,1.17250474670088e-05,4.90253122332554e-07,0.000319926820479587,0.000305683418387556,0.000243911938038492,0.000454405405170262,1.89998095373462e-05,"pre_whaling",1.1691841776869,1.11713114775502,1.1691841776869,1.11713114775502,1.19453419398943e-06,4.62942939836109e-05,0.0678829295131742,0.0678829295131741,"Pre-Whaling (1841-1860)"
55.5935240458296,5.46453047987099e-06,2.26233088625841e-07,0.000303792506631877,1.2577094652483e-05,6.33567989143807e-06,6.24075179533611e-06,5.04431971086444e-06,8.11695462739991e-06,2.6229891765898e-07,0.000352222772391341,0.000346945384998072,0.000280431509140794,0.000451250112257264,1.45821211860696e-05,"pre_whaling",1.15941889514131,1.14204721125161,1.15941889514131,1.14204721125161,8.71149411567073e-07,4.84302657594644e-05,0.0642403738239025,0.0642403738239025,"Pre-Whaling (1841-1860)"
79.747950407875,4.75440283240206e-06,1.37215736966465e-07,0.00037915388129746,1.09426737867817e-05,5.55632020364529e-06,5.57266004759401e-06,4.61066263882795e-06,6.58324002458031e-06,1.60359691519798e-07,0.000443105148050578,0.000444408217115474,0.000367690895468693,0.000524999899003369,1.2788356726743e-05,"pre_whaling",1.16866836898591,1.17210515053865,1.16866836898591,1.17210515053865,8.01917371243226e-07,6.39512667531183e-05,0.0676912896456267,0.0676912896456267,"Pre-Whaling (1841-1860)"
114.397057992117,3.69363067804692e-06,7.43132216994076e-08,0.000422540482877995,8.50121393232815e-06,4.26107371476821e-06,4.29155293863321e-06,3.11392795448875e-06,5.18170733615524e-06,8.57297719355431e-08,0.000487454296857022,0.000490941030397062,0.000356224196792923,0.000592772074632328,9.80723369176125e-06,"pre_whaling",1.15362744307217,1.16187927616587,1.15362744307217,1.16187927616587,5.67443036721285e-07,6.49138139790276e-05,0.0620655787146828,0.0620655787146828,"Pre-Whaling (1841-1860)"
164.100604596346,2.80925944350661e-06,3.94011724278247e-08,0.000461001173147428,6.4657562172109e-06,3.19861709632877e-06,3.29078554337373e-06,1.66203423699758e-06,4.36735212859584e-06,4.48620948963417e-08,0.000524894999379759,0.000540019897264543,0.00027274082315113,0.000716685124787716,7.36189689594832e-06,"pre_whaling",1.13859796884269,1.17140677447223,1.13859796884269,1.17140677447223,3.8935765282216e-07,6.38938262323306e-05,0.0563704047335661,0.0563704047335661,"Pre-Whaling (1841-1860)"
235.399484056154,2.16932258800236e-06,2.1210265671895e-08,0.000510657417967118,4.99288559585804e-06,2.58362744049825e-06,2.43139176978871e-06,7.21187990698814e-07,4.70186799103496e-06,2.52610767588182e-08,0.00060818456648661,0.000572348368146643,0.000169767280917996,0.00110681729918978,5.94644443572872e-06,"pre_whaling",1.19098351475582,1.12080692066535,1.19098351475582,1.12080692066535,4.14304852495885e-07,9.75271485194925e-05,0.0759057501476566,0.0759057501476566,"Pre-Whaling (1841-1860)"
337.676495648558,4.96950467346058e-07,3.38719147684154e-09,0.00016780849232433,1.14377494799052e-06,6.55096852022883e-07,6.46365002641156e-07,2.05572602597701e-07,1.09180545388859e-06,4.46510994451374e-09,0.000221210809301489,0.000218262269001737,6.94170360465453e-05,0.000368677039599081,1.50776267874893e-06,"pre_whaling",1.31823369745761,1.30066283284336,1.31823369745761,1.30066283284336,1.58146384676825e-07,5.3402316977159e-05,0.119992409134563,0.119992409134562,"Pre-Whaling (1841-1860)"
484.391102940098,2.39589511180267e-07,1.13841109688026e-09,0.000116055027573488,5.51436206817074e-07,3.22756726526421e-07,2.95370142119128e-07,7.80417480841795e-08,6.545157169167e-07,1.53358065326145e-09,0.000156340486743469,0.000143074668916658,3.7802728429869e-05,0.000317041590008909,7.42852824080908e-07,"pre_whaling",1.34712377406029,1.23281749966463,1.34712377406029,1.23281749966463,8.31672153461545e-08,4.02854591699804e-05,0.129407500638968,0.129407500638968,"Pre-Whaling (1841-1860)"
694.850674036028,8.7850718238676e-08,2.90992174571677e-10,6.10431307826932e-05,2.0219610864034e-07,1.16368996067789e-07,9.85978168834862e-08,3.3325911908446e-08,2.52781653752542e-07,3.85454642800873e-10,8.08590753545994e-05,6.85107595199713e-05,2.3156532352449e-05,0.000175645502493896,2.67833418360503e-07,"pre_whaling",1.32462202245899,1.12233364576044,1.32462202245899,1.12233364576044,2.85182778291135e-08,1.98159445719062e-05,0.122091971119227,0.122091971119226,"Pre-Whaling (1841-1860)"
996.751295136877,3.60588070677081e-08,8.32629939095347e-11,3.59416626458288e-05,8.29924970163026e-08,3.47550299654861e-08,3.61324918067014e-08,1.84966175796565e-08,4.44345344390139e-08,8.02524565748451e-11,3.46421211306192e-05,3.60151080048522e-05,1.84365275281742e-05,4.42901797508912e-05,7.99917400288929e-08,"pre_whaling",0.963843032860907,1.00204346025244,0.963843032860907,1.00204346025244,-1.30377710222201e-09,-1.29954151520959e-06,-0.0159936875836562,-0.0159936875836562,"Pre-Whaling (1841-1860)"
1429.82252371756,3.22283198339358e-08,5.18779740320609e-11,4.60807776001348e-05,7.41762957558754e-08,3.21994874338154e-08,3.3404748999741e-08,1.68420254365938e-08,4.12952600511371e-08,5.18315624750068e-11,4.60395523850298e-05,4.77628625189613e-05,2.40811073142659e-05,5.90448929438897e-05,7.41099354662386e-08,"pre_whaling",0.99910537067185,1.03650296297998,0.99910537067185,1.03650296297998,-2.88324001204368e-11,-4.12252151050442e-08,-0.000388706480610234,-0.000388706480610282,"Pre-Whaling (1841-1860)"
2051.05572403526,3.39548497987677e-08,3.81023560214506e-11,6.964328903852e-05,7.81500554170257e-08,3.71535730310694e-08,3.8366539031207e-08,1.8447138212219e-08,4.85207522266133e-08,4.1691795884491e-11,7.6204048633737e-05,7.86919094913794e-05,3.78361084222413e-05,9.95187665888919e-05,8.55121965941951e-08,"pre_whaling",1.09420519458218,1.12992810330734,1.09420519458218,1.12992810330734,3.19872323230173e-09,6.56075959521704e-06,0.0390987721970922,0.0390987721970922,"Pre-Whaling (1841-1860)"
2942.20402414699,2.09048928264603e-08,1.63531958078124e-11,6.15064597983732e-05,4.81144385134094e-08,2.87298061435133e-08,2.89613327786412e-08,1.25730281097776e-08,4.03870016718794e-08,2.24743627860501e-11,8.45289512484079e-05,8.52101498459782e-05,3.69924139003009e-05,0.000118826798842235,6.6124160629256e-08,"pre_whaling",1.37431013791894,1.38538537456568,1.37431013791894,1.38538537456568,7.82491331705301e-09,2.30224914500347e-05,0.138084750181996,0.138084750181996,"Pre-Whaling (1841-1860)"
4220.54087476266,6.52111176765382e-11,3.55615768369149e-14,2.75226187642788e-07,1.50089088611212e-10,5.70963240929989e-11,5.76342066554802e-11,4.96862381753331e-11,6.23176242613069e-11,3.11363366966043e-14,2.40977369633198e-07,2.43247524973973e-07,2.09702799132186e-07,2.63014080412947e-07,1.31412181718391e-10,"pre_whaling",0.87556119458356,0.883809520661168,0.87556119458356,0.883809520661168,-8.11479358353933e-12,-3.42488180095895e-08,-0.0577134948789913,-0.0577134948789912,"Pre-Whaling (1841-1860)"
6054.29301617067,9.82506343856804e-11,3.73507566106764e-14,5.94838129595563e-07,2.26132424896709e-10,1.2380510124593e-10,1.27640636713046e-10,7.11253558036517e-11,1.46222676711712e-10,4.70654895279825e-14,7.49552359839536e-07,7.72773815431373e-07,4.30613744914703e-07,8.85274930421498e-07,2.84948264551918e-10,"pre_whaling",1.26009467541895,1.29913295228198,1.26009467541895,1.29913295228198,2.55544668602495e-11,1.54714230243973e-07,0.100403176440856,0.100403176440856,"Pre-Whaling (1841-1860)"
8684.77880283868,1.64637985542627e-11,4.36313608327002e-15,1.42984448698267e-07,3.78928717698841e-11,8.48782310535848e-12,8.72800711011061e-12,5.08331996538952e-12,1.07943872265113e-11,2.24939142308773e-15,7.37148661876617e-08,7.58008111409139e-08,4.41475094834616e-08,9.37468653744377e-08,1.95354669505194e-11,"pre_whaling",0.515544640405046,0.530133254567234,0.515544640405046,0.530133254567234,-7.97597544890421e-12,-6.9269582510605e-08,-0.287733723703054,-0.287733723703055,"Pre-Whaling (1841-1860)"
12458.1652478298,1.50703620117783e-11,2.78417849273638e-15,1.87749060287351e-07,3.46857557419635e-11,7.71243717857718e-12,7.86186228223633e-12,4.87073943043543e-12,9.8105452086019e-12,1.4248364904833e-15,9.60828168342206e-08,9.79443794677804e-08,6.06804767034849e-08,1.22221393380067e-07,1.77508484495788e-11,"pre_whaling",0.511761905424003,0.521677068944453,0.511761905424003,0.521677068944453,-7.35792483320113e-12,-9.166624345313e-08,-0.290932045295047,-0.290932045295047,"Pre-Whaling (1841-1860)"
17871.0229547244,2.00565897686459e-11,2.58306393413213e-15,3.58431776148961e-07,4.61619948603959e-11,1.06796141309899e-11,1.07485104285893e-11,7.17641721470772e-12,1.40798751359363e-11,1.37541458495266e-15,1.90855629282519e-07,1.92086876598413e-07,1.28249916776721e-07,2.5162177175397e-07,2.45800656199516e-11,"pre_whaling",0.532474077307257,0.535909172624761,0.532474077307257,0.535909172624761,-9.37697563765599e-12,-1.67576146866441e-07,-0.273701530342654,-0.273701530342654,"Pre-Whaling (1841-1860)"
25635.6738809449,2.98559548410894e-11,2.68048698984079e-15,7.65377521710387e-07,6.87160903136741e-11,2.15706718685158e-11,1.94885747066432e-11,1.06514047409991e-11,4.6015735205178e-11,1.93662891082975e-15,5.52978709414144e-07,4.99602745583938e-07,2.73055938314204e-07,1.17964438111186e-06,4.9646787186441e-11,"pre_whaling",0.722491442103505,0.652753355582585,0.722491442103505,0.652753355582585,-8.28528297257361e-12,-2.12398812296243e-07,-0.141167292750288,-0.141167292750288,"Pre-Whaling (1841-1860)"
36773.9315760001,1.67873413275437e-12,1.0506772622188e-16,6.17336541322051e-08,3.86375337492932e-12,8.54065606574076e-13,9.09750547354455e-13,2.42431602518329e-13,1.27870934613675e-12,5.34538075900185e-17,3.14073501775701e-08,3.34551043796414e-08,8.91516316286907e-09,4.70231700004247e-08,1.96570666279202e-12,"pre_whaling",0.508755728444488,0.541926520468007,0.508755728444488,0.541926520468007,-8.24668526180297e-13,-3.03263039546351e-08,-0.293490687707117,-0.293490687707117,"Pre-Whaling (1841-1860)"
52751.5699347979,1.33085971800261e-12,5.80663286266964e-17,7.02049394876199e-08,3.06308999540813e-12,6.65197129403093e-13,7.05340221353711e-13,1.93119547600969e-13,1.00618528743132e-12,2.90230101602485e-17,3.50901928921341e-08,3.72078040145661e-08,1.01873593210491e-08,5.30778535572979e-08,1.5310093501867e-12,"pre_whaling",0.499825128377497,0.52998840660104,0.499825128377497,0.52998840660104,-6.65662588599514e-13,-3.51147465954859e-08,-0.301181913793088,-0.301181913793088,"Pre-Whaling (1841-1860)"
75671.2163026369,1.14088676562576e-12,3.47007853825515e-17,8.63322892184824e-08,2.62585063655443e-12,5.67013036409053e-13,6.01378482049553e-13,1.61907440259344e-13,8.65962776166903e-13,1.72460565573723e-17,4.29065661245243e-08,4.55070411949231e-08,1.22517329328711e-08,6.55284565453576e-08,1.30503007612043e-12,"pre_whaling",0.496993263041364,0.527114960194763,0.496993263041364,0.527114960194763,-5.73873729216704e-13,-4.34257230939581e-08,-0.303649498276307,-0.303649498276307,"Pre-Whaling (1841-1860)"
108549.05330397,1.16959388653478e-12,2.47991346142374e-17,1.26958309133461e-07,2.69192258513318e-12,5.97050129940823e-13,6.31582742450405e-13,1.62300908818013e-13,9.26100442455149e-13,1.26593740907094e-17,6.48092263800884e-08,6.85577087761163e-08,1.76176100025692e-08,1.00527326292894e-07,1.3741630729673e-12,"pre_whaling",0.510476445554737,0.540001747377144,0.510476445554737,0.540001747377144,-5.72543756593955e-13,-6.21490827533722e-08,-0.29202429236572,-0.29202429236572,"Pre-Whaling (1841-1860)"
155711.742838438,3.27853272521204e-12,4.84602481812653e-17,5.10506044595622e-07,7.54582970268809e-12,2.51442306511968e-12,2.6527882978329e-12,3.80425359081627e-13,4.32542363061767e-12,3.71658836379365e-17,3.91525197702954e-07,4.13070289236976e-07,5.92366956825389e-08,6.73519252038043e-07,5.78716451539369e-12,"pre_whaling",0.766935478723049,0.80913888015601,0.766935478723049,0.80913888015601,-7.64109660092363e-13,-1.18980846892669e-07,-0.115241171139946,-0.115241171139946,"Pre-Whaling (1841-1860)"
223365.806700198,4.15945765008653e-13,4.28595386923066e-18,9.29080613446886e-08,9.5733554348054e-13,7.79928761801539e-13,7.27095705814654e-13,3.91442275804333e-14,1.76249764163849e-12,8.0364772900093e-18,1.74209417048487e-07,1.6240831887754e-07,8.74348197115962e-09,3.93681707531778e-07,1.79507423291075e-12,"pre_whaling",1.87507321245431,1.74805411421734,1.87507321245431,1.74805411421734,3.63982996792886e-13,8.13013557037986e-08,0.273018229473962,0.273018229473962,"Pre-Whaling (1841-1860)"
320414.393245838,1.75493123949048e-15,1.26059495546611e-20,5.6230522828951e-10,4.03912767784437e-15,1.11326521663349e-15,1.05165436418536e-15,9.73122085392719e-16,1.65416135449642e-15,7.99676069696902e-21,3.56706198909316e-10,3.36965195004791e-10,3.11802322545233e-10,5.30017106731682e-10,2.56227722665149e-15,"pre_whaling",0.634364009017646,0.599256734691608,0.634364009017646,0.599256734691608,-6.41666022856993e-16,-2.05599029380193e-10,-0.197661464921906,-0.197661464921906,"Pre-Whaling (1841-1860)"
459628.91507784,3.00298670664381e-15,1.50374274197718e-20,1.38025952196787e-09,6.91163645051148e-15,2.4994316404857e-15,2.49411985765958e-15,1.57769912863856e-15,3.3090952495621e-15,1.25158802073055e-20,1.14881105322767e-09,1.14636960425017e-09,7.25156138815394e-10,1.52095585944546e-09,5.75266044092806e-15,"pre_whaling",0.832315252996611,0.830546419716607,0.832315252996611,0.830546419716607,-5.03555066158107e-16,-2.314484687402e-10,-0.079712146420083,-0.079712146420083,"Pre-Whaling (1841-1860)"
659329.743072884,1.55726751724121e-15,5.4361074673137e-21,1.02675279203839e-09,3.58418733974053e-15,8.55137905044819e-16,7.88265777572156e-16,7.05438311980917e-16,1.40228608464105e-15,2.98511431063075e-21,5.63817855225085e-10,5.19727072599797e-10,4.65116460992147e-10,9.24568923901062e-10,1.96817465147136e-15,"pre_whaling",0.549127170237101,0.506185205075501,0.549127170237101,0.506185205075501,-7.02129612196388e-16,-4.62934936813308e-10,-0.260327067323009,-0.260327067323009,"Pre-Whaling (1841-1860)"
945797.132947857,2.17972502919894e-15,5.30433805408177e-21,2.06157768323104e-09,5.01682772373675e-15,1.15983314136853e-15,1.06202045468926e-15,9.30853678260825e-16,1.97603434001883e-15,2.82244181524458e-21,1.09696685980426e-09,1.00445590117709e-09,8.80398740093055e-10,1.86892761339632e-09,2.66945737677047e-15,"pre_whaling",0.532100666750052,0.487226801758369,0.532100666750052,0.487226801758369,-1.01989188783041e-15,-9.64610823426775e-10,-0.274006196881166,-0.274006196881166,"Pre-Whaling (1841-1860)"
1356729.65779355,2.36789901652397e-14,4.01695840872746e-20,3.21259882237826e-08,5.44992660724374e-14,2.9597655576149e-14,2.59980974915141e-14,8.88712864340441e-15,5.70580315863162e-14,5.02101443581673e-20,4.01560171213201e-08,3.52723899129453e-08,1.20574310031334e-08,7.74123236684766e-08,6.81215919728212e-14,"pre_whaling",1.24995429997677,1.09793945223554,1.24995429997677,1.09793945223554,5.91866541090929e-15,8.0300288975375e-09,0.0968941349034732,0.0968941349034732,"Pre-Whaling (1841-1860)"
1946205.26983358,5.10549470801413e-17,6.03777135737274e-23,9.93634070584457e-11,1.17507424337691e-16,2.52502626977394e-17,2.3448944021833e-17,1.81302969341806e-17,4.39096686011425e-17,2.98610265217273e-23,4.91421943270228e-11,4.5636458427324e-11,3.52852794369499e-11,8.54572284281899e-11,5.81156871792261e-17,"pre_whaling",0.494570343165842,0.459288381692473,0.494570343165842,0.459288381692474,-2.58046843824019e-17,-5.0221212731423e-11,-0.305771929595396,-0.305771929595396,"Pre-Whaling (1841-1860)"
2791797.85786357,2.2494437663986e-16,1.85446502804275e-22,6.27999228841616e-10,5.17729149277266e-16,1.20880091196586e-15,2.74187067620986e-16,7.27028727655012e-17,4.95452103367065e-15,9.96548146965173e-22,3.37472779660983e-09,7.65474868038162e-10,2.02971724447254e-10,1.38320212085417e-08,2.78216098195528e-15,"pre_whaling",5.37377697554617,1.21891052231088,5.37377697554617,1.21891052231088,9.83856535326004e-16,2.74672856776821e-09,0.730279638223029,0.730279638223029,"Pre-Whaling (1841-1860)"
4004785.82602855,5.14466943195306e-18,2.95668907159145e-24,2.0603299220688e-11,1.1840906485883e-17,2.65215992136457e-18,2.43780280964217e-18,2.09854445465758e-18,4.48316235364902e-18,1.52422081910802e-24,1.06213324614418e-11,9.76287813870754e-12,8.40422108730349e-12,1.79541050496784e-11,6.10417793210142e-18,"pre_whaling",0.5155161000029,0.473850233117255,0.5155161000029,0.473850233117255,-2.49250951058848e-18,-9.98196675924611e-12,-0.287757766785447,-0.287757766785447,"Pre-Whaling (1841-1860)"
5744796.12382558,9.17081892825405e-18,3.67418461768277e-24,5.26844850313401e-11,2.11074415498835e-17,4.97644127190786e-18,4.76306883567203e-18,3.60185615484842e-18,7.92349753612238e-18,1.99375476880411e-24,2.85886405293019e-11,2.73628593846831e-11,2.06919292769505e-11,4.55188779326573e-11,1.14537146676846e-17,"pre_whaling",0.542638701171617,0.519372247226217,0.542638701171617,0.519372247226217,-4.19437765634619e-18,-2.40958445020382e-11,-0.265489235443762,-0.265489235443762,"Pre-Whaling (1841-1860)"
8240810.85430961,2.98278955279126e-17,8.33067407624403e-24,2.45806045227635e-10,6.86515093512275e-17,7.46389808858482e-15,4.3694139927123e-17,8.23404085339365e-18,4.06082440391337e-14,2.08460239027303e-21,6.15085723838706e-08,3.60075142581158e-10,6.78551732394752e-11,3.34644858252146e-07,1.71788140046818e-14,"pre_whaling",250.232138623397,1.46487504913763,250.232138623397,1.46487504913763,7.43407019305691e-15,6.12627663386429e-08,2.3983430876533,2.3983430876533,"Pre-Whaling (1841-1860)"
11821300.8908807,7.41520989847332e-18,1.4437289124071e-24,8.76574273788899e-11,1.70667538784283e-17,9.02293002246655e-18,7.5108889980435e-18,5.6400111136084e-18,1.67591438734895e-17,1.75674932017002e-24,1.06662770712938e-10,8.87884788038775e-11,6.66722684018759e-11,1.98114882402079e-10,2.07670623035799e-17,"pre_whaling",1.2168138388536,1.01290308715197,1.2168138388536,1.01290308715197,1.60772012399323e-18,1.90053433340479e-11,0.0852241403148124,0.0852241403148125,"Pre-Whaling (1841-1860)"
16957452.0303007,3.25720254380091e-20,4.42090970501893e-27,5.52338558894772e-13,7.49673642531491e-20,2.22444481317751e-20,2.15129600474524e-20,1.83493222541607e-20,3.13407966433577e-20,3.01917658807298e-27,3.77209162135087e-13,3.64804988034449e-13,3.11157751913458e-13,5.31460055671147e-13,5.11975421632543e-20,"pre_whaling",0.682931068382916,0.660473512413153,0.682931068382916,0.660473512413153,-1.0327577306234e-20,-1.75129396759685e-13,-0.16562312960061,-0.16562312960061,"Pre-Whaling (1841-1860)"
24325172.1628858,2.78135846401608e-20,2.63165236024653e-27,6.76570234838909e-13,6.40153967358616e-20,1.85832680308083e-20,1.76597417033207e-20,1.48838406646521e-20,2.84935776534967e-20,1.75830270736681e-27,4.52041194198464e-13,4.2957625728537e-13,3.62051986612624e-13,6.93111181957864e-13,4.27710160711658e-20,"pre_whaling",0.668136389869553,0.634932243786414,0.668136389869553,0.634932243786414,-9.23031660935251e-21,-2.24529040640444e-13,-0.175134873869472,-0.175134873869472,"Pre-Whaling (1841-1860)"
34894039.487579,3.883504605698e-20,2.56153357661546e-27,1.35511163061421e-12,8.93822537711794e-20,2.59964100199986e-20,2.48906989413476e-20,1.92532355536106e-20,4.13357523094528e-20,1.71470575932845e-27,9.07119757773124e-13,8.68537031732822e-13,6.71823161671347e-13,1.44237137333483e-12,5.98330104755859e-20,"pre_whaling",0.669405927364058,0.640933936445631,0.669405927364058,0.640933936445631,-1.28386360369814e-20,-4.47991872841084e-13,-0.174310446429832,-0.174310446429832,"Pre-Whaling (1841-1860)"
50054897.1907571,7.64701037527494e-19,3.51619200706161e-26,3.8277031815104e-11,1.76002629416431e-18,2.28122350877874e-17,1.1711521553759e-18,6.79956620190417e-19,1.36744164491122e-16,1.04893539752788e-24,1.14186408201058e-09,5.86219007320745e-11,3.4035158717806e-11,6.84471509503911e-09,5.25043534830039e-17,"pre_whaling",29.8315733447232,1.53151636770703,29.8315733447232,1.53151636770703,2.20475340502599e-17,1.10358705019547e-09,1.47467615905808,1.47467615905808,"Pre-Whaling (1841-1860)"
71802885.8100286,3.27758897643536e-20,1.05060646201978e-27,2.35340347007196e-12,7.54365758236845e-20,1.87815773901095e-20,1.72095345082535e-20,1.48657485187243e-20,3.57757895340944e-20,6.02029318344665e-28,1.34857145667425e-12,1.23569424113987e-12,1.06740364337056e-12,2.5688049306802e-12,4.32274423993914e-20,"pre_whaling",0.573030283087418,0.525066890082425,0.573030283087418,0.525066890082425,-1.3994312374244e-20,-1.00483201339772e-12,-0.241822426147381,-0.24182242614738,"Pre-Whaling (1841-1860)"
103000000.000001,2.08527854511387e-18,4.65966105179241e-26,2.14783690146729e-10,4.79945088334621e-18,4.58192428645948e-17,1.00010906689167e-17,1.94560651382212e-18,2.19419602145022e-16,1.02385430425608e-24,4.71938201505329e-09,1.03011233889843e-09,2.00397470923679e-10,2.26002190209373e-08,1.05456993338377e-16,"pre_whaling",21.9727206094152,4.79604544551176,21.9727206094152,4.79604544551176,4.37339643194809e-17,4.50459832490656e-09,1.34188383354797,1.34188383354797,"Pre-Whaling (1841-1860)"
3.16227766016838e-08,574363981113.792,41803695313918517248,18162.9838628152,1321948918036.9,460094341564.358,478740752042.003,249803066542.286,598672358481.188,33486855553018789888,14549.4605789885,15139.1118519464,7899.46656768225,18931.6822498538,1058947352245.97,"peak_whaling",0.801050129696772,0.833514579228386,0.801050129696772,0.833514579228386,-114269639549.434,-3613.5232838267,-0.0963403049276754,-0.0963403049276754,"Peak Whaling (1930-1950)"
4.53623270600988e-08,397237852408.659,20154998790619275264,18019.6333816129,914277647035.968,312719489884.251,312070921374.436,178534030830.154,415530914255.469,1.5866717892574e+19,14185.6837781967,14156.2632013335,8098.71909787522,18849.4492360385,719751246413.265,"peak_whaling",0.787234871974234,0.78560217633387,0.787234871974234,0.78560217633387,-84518362524.4086,-3833.94960341622,-0.103895676301121,-0.103895676301121,"Peak Whaling (1930-1950)"
6.50714749759769e-08,270178046253.867,9556236351081320448,17580.8839758669,621838394583.909,209178096305.758,202993172455.639,124591309686.515,283355514673.183,7398659348838407168,13611.5272592826,13209.0651417413,8107.34029049026,18438.3612823611,481441676673.716,"peak_whaling",0.774223143612519,0.751331113945877,0.774223143612519,0.751331113945877,-60999949948.1096,-3969.35671658426,-0.111133850592653,-0.111133850592653,"Peak Whaling (1930-1950)"
9.33439073780173e-08,180754788350.396,4456883797849195008,16872.3582219125,416022948421.021,137636019431.753,132840317511.105,84466681254.8017,189608077872.981,3393701215907456512,12847.4838497165,12399.834293823,7884.45007157671,17698.7588590994,316781331966.33,"peak_whaling",0.761451581381859,0.734920046785103,0.761451581381859,0.734920046785103,-43118768918.6438,-4024.87437219602,-0.118357707045234,-0.118357707045234,"Peak Whaling (1930-1950)"
1.33900223528244e-07,119051906492.271,2046362313997079296,15941.0768907787,274008371263.984,89079174074.8213,86103200470.4303,54597704991.1854,124737867310.062,1531166279983381760,11927.72132033,11529.2377894878,7310.64490244886,16702.4283152537,205023507148.685,"peak_whaling",0.748238114780669,0.72324083676913,0.748238114780669,0.72324083676913,-29972732417.4497,-4013.35557044877,-0.125960172885588,-0.125960172885588,"Peak Whaling (1930-1950)"
1.92077558830971e-07,77306414066.8258,926331383031614848,14848.8272959321,177927470721.229,56734424270.9755,54695428517.0086,33960916059.3342,80636103729.4699,679825578961730560,10897.4097156495,10505.7643887609,6523.12985234042,15488.3859579975,130579237637.82,"peak_whaling",0.733890259376572,0.70751475381756,0.733890259376572,0.70751475381756,-20571989795.8503,-3951.41758028257,-0.134368876474071,-0.134368876474071,"Peak Whaling (1930-1950)"
2.75531941876727e-07,49590851914.718,414244825968666048,13663.8637273835,114137681311.533,35597100915.493,34054588216.4716,20607964788.7098,51282079937.9354,297351513522820160,9808.1383404276,9383.12682109672,5678.15255636044,14129.8510687769,81929839940.9265,"peak_whaling",0.717815878152482,0.686711094922016,0.717815878152482,0.686711094922016,-13993750999.225,-3855.72538695585,-0.143986939263106,-0.143986939263106,"Peak Whaling (1930-1950)"
3.95245813495413e-07,31499042561.8345,183424587635031840,12449.8647016789,72497800354.8689,22037677882.2811,20869317296.0951,12204189309.9675,32218358039.5981,128329360172008272,8710.29992213209,8248.510291789,4823.65473187014,12734.1711328475,50721642356.5313,"peak_whaling",0.699630086819936,0.662538147155659,0.699630086819936,0.662538147155659,-9461364679.55338,-3739.56477954685,-0.155131522436763,-0.155131522436763,"Peak Whaling (1930-1950)"
5.66973295442978e-07,19863569106.8506,80634734121191696,11262.1132357704,45717740931.8604,13492129007.0113,12675908269.5809,7329220559.52175,20018096152.1428,54770330012543800,7649.67684564701,7186.90148433719,4155.47233366048,11349.7259438748,31053314499.7114,"peak_whaling",0.679239915769122,0.638148572464211,0.679239915769122,0.638148572464211,-6371440099.83926,-3612.4363901234,-0.1679768005484,-0.1679768005484,"Peak Whaling (1930-1950)"
8.13313403379543e-07,12468894766.0151,35285600010364280,10141.1192385291,28698251434.7186,8190899629.15099,7670876707.85216,4400311611.82206,12343902969.9112,23179344558028620,6661.76845412503,6238.82684216811,3578.83241294152,10039.4617354454,18852071610.5974,"peak_whaling",0.656906629084393,0.615201014348098,0.656906629084393,0.615201014348098,-4277995136.86408,-3479.35078440406,-0.182496355486108,-0.182496355486108,"Peak Whaling (1930-1950)"
1.16668403509199e-06,7810131103.08044,15407513103230022,9111.95526993932,17975699558.0091,4945815859.73154,4579280152.46339,2606207109.08089,7566694903.49946,9756906978798484,5770.20440405355,5342.57304609264,3040.62022630792,8827.94214232473,11383227604.0418,"peak_whaling",0.633256445308689,0.586325644476986,0.633256445308689,0.586325644476986,-2864315243.34889,-3341.75086588578,-0.19842038124882,-0.19842038124882,"Peak Whaling (1930-1950)"
1.67358810525261e-06,4890917051.94303,6726190968310902,8185.38060190903,11256873198.2227,2979753156.7115,2751525424.53676,1566256249.68857,4628627584.60528,4097879509632340,4986.87943966128,4604.92022180486,2621.26782925635,7746.41606923952,6858162404.07909,"peak_whaling",0.609242218803878,0.562578632046857,0.609242218803878,0.562578632046857,-1911163895.23154,-3198.50116224775,-0.215210008884508,-0.215210008884508,"Peak Whaling (1930-1950)"
2.40073324207457e-06,3065862413.58996,2939248002851293,7360.31781193237,7056350387.14638,1796771836.40868,1652506816.55901,935120771.313505,2834843187.54916,1722568504161839,4313.56987608968,3967.22804726804,2244.97552104674,6805.70227641788,4135427469.69199,"peak_whaling",0.586057557065895,0.539002275259971,0.586057557065895,0.539002275259971,-1269090577.18128,-3046.74793584269,-0.232059729564501,-0.232059729564501,"Peak Whaling (1930-1950)"
3.44381038650601e-06,1924281134.04969,1286046782207185,6626.8593559979,4428901266.09774,1087276374.55514,994478068.700636,561350934.058425,1741813537.76444,726654883282989,3744.37367169561,3424.79390214369,1933.18617718526,5998.47555270997,2502461634.45527,"peak_whaling",0.565029898862515,0.516804977767325,0.565029898862515,0.516804977767325,-837004759.49455,-2882.4856843023,-0.247928570645256,-0.247928570645256,"Peak Whaling (1930-1950)"
4.94008654120945e-06,1208327424.01995,562960017977898,5969.24204477522,2781071208.05164,661588037.797995,598721935.804767,342012905.128302,1075802070.69703,308234015258577,3268.30216135104,2957.738176996,1689.57334954427,5314.55533045564,1522702710.32184,"peak_whaling",0.547523812376101,0.495496439047041,0.547523812376101,0.495496439047041,-546739386.221952,-2700.93988342418,-0.261596988161533,-0.261596988161533,"Peak Whaling (1930-1950)"
7.08646885155566e-06,757810778.607067,246126497892443,5370.20247797213,1744167760.85728,405984232.722806,364622937.042376,212575066.509571,670983450.980716,131858084129239,2876.99461941289,2583.88908591354,1506.40658743745,4754.90332528417,934408206.007656,"peak_whaling",0.535732987948582,0.481153009874826,0.535732987948582,0.481153009874826,-351826545.884262,-2493.20785855924,-0.271051610967163,-0.271051610967163,"Peak Whaling (1930-1950)"
1.01654172179288e-05,472908470.601161,107072849761480,4807.3119095534,1088440190.53805,250358441.83088,225176236.696198,132234600.147138,420309297.068158,56684524585909,2544.99801524144,2289.01039357993,1344.21988114164,4272.61936527218,576221842.215705,"peak_whaling",0.529401474904064,0.476151836337281,0.529401474904064,0.476151836337281,-222550028.770281,-2262.31389431196,-0.276214853095487,-0.276214853095487,"Peak Whaling (1930-1950)"
1.45821154906901e-05,292479638.107842,46163909375807.1,4264.97186156378,673167458.019768,155211190.144141,140325870.181909,80772601.6817699,262355141.258067,24497962874541.7,2263.30750012932,2046.24804532418,1177.83540620707,3825.69296940144,357232123.923204,"peak_whaling",0.530673489437622,0.47977996379416,0.530673489437622,0.47977996379416,-137268447.963701,-2001.66436143446,-0.275172607638246,-0.275172607638246,"Peak Whaling (1930-1950)"
2.0917792907584e-05,178724090.874125,19665034569225.1,3738.51352050119,411349120.639531,96714067.6402049,87884397.2966549,49631574.3788592,163667259.33025,10641461227599.6,2023.04483814788,1838.34762245927,1038.18299453433,3423.55783642202,222595882.193014,"peak_whaling",0.541136156671348,0.491732238596483,0.541136156671348,0.491732238596483,-82010023.2339205,-1715.46868235331,-0.266693447183214,-0.266693447183214,"Peak Whaling (1930-1950)"
3.00062127750894e-05,113323800.57689,8692354368670.22,3400.41807259196,260824634.702797,63900506.5199132,58790417.6664351,32384052.7757808,107020228.737143,4901405037432.89,1917.41219507251,1764.07778163543,971.722778109803,3211.27175472544,147072602.450106,"peak_whaling",0.563875427709089,0.518782615541966,0.563875427709089,0.518782615541966,-49423294.0569766,-1483.00587751945,-0.248816830474368,-0.248816830474368,"Peak Whaling (1930-1950)"
4.30433941612213e-05,73323995.5026059,3920731380722.82,3156.11363989429,168761586.220722,44438167.4199967,41637468.5782403,22789810.571302,72295246.5889562,2376167805792.9,1912.76955606126,1792.21797188866,980.95079928012,3111.83279491114,102278327.457948,"peak_whaling",0.606052181354702,0.567855969834057,0.606052181354702,0.567855969834057,-28885828.0826093,-1243.34408383303,-0.217489981281288,-0.217489981281288,"Peak Whaling (1930-1950)"
6.17450057694841e-05,39687825.6239078,1479390913692.89,2450.52502212646,91345000.5012897,26683782.5167225,25546592.5132216,14193867.1403955,41745565.5349465,994656290124.807,1647.59030544669,1577.37450211953,876.400408475012,2577.58018480565,61415058.3724098,"peak_whaling",0.672341759651561,0.643688388356364,0.672341759651561,0.643688388356364,-13004043.1071853,-802.934716679775,-0.172409913551155,-0.172409913551155,"Peak Whaling (1930-1950)"
8.85721447336123e-05,20074333.7907754,521640685314.896,1778.02679794741,46202834.2786517,15491664.9127383,14975536.0045471,8722637.68847445,23279998.0132113,402557952157.943,1372.12998681568,1326.41534245816,772.582727802421,2061.95935342436,35655421.2021999,"peak_whaling",0.771715020493335,0.746004134464906,0.771715020493335,0.746004134464906,-4582668.87803713,-405.896811131725,-0.112543046654431,-0.112543046654431,"Peak Whaling (1930-1950)"
0.000127055212400501,9520682.50174214,172465833853.961,1209.65233745658,21912683.1521446,8753513.60186396,8591689.77302904,5284698.55679267,12483732.8199856,158568676376.006,1112.1795299355,1091.61896899142,671.448497605915,1586.12332499438,20146976.8570198,"peak_whaling",0.919420808357195,0.902423725552963,0.919420808357195,0.902423725552963,-767168.89987818,-97.4728075210812,-0.0364856715097421,-0.0364856715097421,"Peak Whaling (1930-1950)"
0.000182258508549024,4200222.16577512,53041027322.0421,765.526227508725,9667178.53162344,4792470.46452301,4830905.47715376,2847573.38295918,6444691.38641802,60520026516.7247,873.468519129214,880.473627207357,518.99447776204,1174.59984014729,11030289.7702856,"peak_whaling",1.14100404106567,1.15015475050765,1.14100404106567,1.15015475050765,592248.298747899,107.942291620489,0.0572871825509179,0.0572871825509179,"Peak Whaling (1930-1950)"
0.000261446683775594,1710598.98703572,15058875737.4263,447.230432430378,3937093.12293884,2532872.80874254,2620498.63855338,1468162.3499824,3441928.54238871,22297579488.0225,662.211196271111,685.120678888239,383.846177647082,899.88080320009,5829628.21336619,"peak_whaling",1.48069350440323,1.53191873631027,1.48069350440323,1.53191873631027,822273.821706824,214.980763840733,0.170465171200539,0.170465171200539,"Peak Whaling (1930-1950)"
0.000375040753934783,638699.772252121,3919636334.63681,239.53844412341,1470023.36609236,1288628.45352392,1351743.41839432,624911.384842762,1890823.74532086,7908183355.8027,483.288186751425,506.958870760988,234.367236913859,709.135963002925,2965891.04801475,"peak_whaling",2.01758088777781,2.11639877939511,2.01758088777781,2.11639877939511,649928.681271799,243.749742628015,0.304830955246083,0.304830955246083,"Peak Whaling (1930-1950)"
0.000537989486348578,217324.941954317,929743734.568711,116.918533892737,500192.354196429,629324.518127167,597689.499254447,240280.780759238,1042066.87753205,2692330307.22355,338.569974253801,321.550666699839,129.268533820097,560.621024184332,1448445.39906391,"peak_whaling",2.89577676850113,2.75021124533458,2.89577676850113,2.75021124533458,411999.576172851,221.651440361064,0.4617650796436,0.4617650796436,"Peak Whaling (1930-1950)"
0.000771736629646219,67184.7091393661,200368203.309183,51.8489009949759,154631.481910097,293586.6860811,248608.491892817,79578.2550562411,565671.013630958,875577755.104087,226.571599625231,191.860279634792,61.4134543502307,436.549041548116,675715.425717231,"peak_whaling",4.36984382074338,3.70037312176362,4.36984382074338,3.70037312176362,226401.976941734,174.722698630255,0.640465915459801,0.640465915459801,"Peak Whaling (1930-1950)"
0.00110704287100476,19062.7609534427,39632260.05322,21.1032936151767,43874.610953724,129445.480715523,92227.5454741014,24320.7130772699,300197.176843701,269122451.20008,143.301696609904,102.099846727371,26.9240720299438,332.331144520574,297930.091028374,"peak_whaling",6.79048963744913,4.83810008945452,6.79048963744913,4.83810008945452,110382.71976208,122.198402994727,0.831901090801195,0.831901090801195,"Peak Whaling (1930-1950)"
0.00158803388508885,5315.70817888502,7704222.95796333,8.44152471131336,12234.5671155252,52713.7358772917,29304.2098218335,7362.04762943457,148600.580079493,76399674.4138484,83.7111987827631,46.536078172825,11.6911810991801,235.982756510095,121325.271778947,"peak_whaling",9.91659701837668,5.51275744184664,9.91659701837668,5.51275744184664,47398.0276984067,75.2696740714498,0.996362665129016,0.996362665129017,"Peak Whaling (1930-1950)"
0.00227800719036431,1761.04637274441,1779275.41616497,4.01167629967674,4053.20219166224,18778.4981670098,8089.2967255308,2563.82061839451,63450.7996519082,18972879.2257698,42.7775538486914,18.4274761057496,5.84040180350696,144.541377841412,43220.3552982171,"peak_whaling",10.6632616026718,4.59346037147477,10.6632616026718,4.59346037147477,17017.4517942654,38.7658775490146,1.02789006392006,1.02789006392006,"Peak Whaling (1930-1950)"
0.00326776198422312,811.034720457617,571237.233709896,2.65026842739642,1866.66731628997,4893.16842086163,2162.29886542574,956.724374665487,17561.0124164351,3446412.24636163,15.9897097480927,7.065878030967,3.12634754091151,57.3852087788968,11262.0549206215,"peak_whaling",6.03324160783241,2.66609901017022,6.03324160783241,2.66609901017022,4082.13370040401,13.3394413206963,0.780550717467469,0.780550717467469,"Peak Whaling (1930-1950)"
0.0046875481476536,482.138529888385,236730.150603111,2.26004757269073,1109.68397895337,682.817553780269,679.251916717297,287.791898391053,1103.81686353093,335263.606454086,3.20074015940806,3.18402606399832,1.34903838021269,5.17419469399324,1571.56429740952,"peak_whaling",1.41622689632032,1.40883143455584,1.41622689632032,1.40883143455584,200.679023891884,0.940692586717336,0.151132838047136,0.151132838047136,"Peak Whaling (1930-1950)"
0.00672420688613729,306.594321772254,104942.285155888,2.06160364971158,705.653636492207,450.650970664152,444.467564965657,197.891322240399,731.52547408417,154250.549703087,3.03027036018435,2.98869186100674,1.33066219171571,4.91892863022162,1037.21260850396,"peak_whaling",1.46986078561137,1.44969274837327,1.46986078561137,1.44969274837327,144.056648891898,0.968666710472762,0.167276203521063,0.167276203521063,"Peak Whaling (1930-1950)"
0.00964575868307804,203.08598923357,48458.6205174566,1.9589184440612,467.42015962624,312.605871478941,306.356567165476,139.64089293399,521.572916546083,74591.3066415651,3.01532079919917,2.95504151785437,1.3469423555308,5.03096648863272,719.489743720013,"peak_whaling",1.53927837493217,1.50850665928084,1.53927837493217,1.50850665928084,109.519882245371,1.05640235513797,0.187317168086409,0.187317168086409,"Peak Whaling (1930-1950)"
0.0138366742944791,139.616154676159,23223.7009784095,1.93182325850164,321.338786350629,225.161601025353,220.168724114341,103.722045099347,389.836652801536,37453.2997715174,3.11548773701126,3.04640292540117,1.43516815519695,5.39404279286481,518.229110191976,"peak_whaling",1.61271882575205,1.57695737019132,1.61271882575205,1.57695737019132,85.5454463491932,1.18366447850963,0.207558655629045,0.207558655629045,"Peak Whaling (1930-1950)"
0.0198484703818451,90.2860397174905,10469.3817680393,1.7920397852267,207.801213939157,154.018648773005,148.158597455503,69.8909920382684,280.062503613875,17859.6828307862,3.05703458842279,2.94072153341127,1.38722928542934,5.55881230804539,354.487385696007,"peak_whaling",1.7058966065511,1.6409912088192,1.7058966065511,1.6409912088192,63.7326090555144,1.26499480319609,0.231952705281051,0.231952705281051,"Peak Whaling (1930-1950)"
0.0284722880740333,58.3610132073782,4717.67403923177,1.66167158033294,134.322974284395,106.323956810948,100.840110520222,45.8741345452535,203.452512316181,8594.80915817954,3.0272863274924,2.87114867614913,1.30614157391942,5.79275854005211,244.713882293028,"peak_whaling",1.82183192113441,1.7278677147345,1.82183192113441,1.7278677147345,47.9629436035702,1.36561474715947,0.260508307274206,0.260508307274206,"Peak Whaling (1930-1950)"
0.0408430056611436,37.8877053096898,2135.05017090672,1.5474477624514,87.2018662171688,74.3632559218494,69.3796246406787,30.5167630251665,149.927291129391,4190.5225182513,3.03721888259717,2.83367240196726,1.24639632499665,6.12348120035764,171.153534936088,"peak_whaling",1.96272789059175,1.83119099120882,1.96272789059175,1.83119099120882,36.4755506121596,1.48977112014577,0.29286009389143,0.29286009389143,"Peak Whaling (1930-1950)"
0.0585885864563713,24.6258880854875,967.400612464016,1.44279597316151,56.6786344212946,52.5631346818068,47.4551443919776,20.3316582848412,112.025490971117,2064.88425951124,3.07959976072293,2.78032983000896,1.19120311922282,6.56341516307871,120.978649960775,"peak_whaling",2.13446656215348,1.92704296499844,2.13446656215348,1.92704296499844,27.9372465963194,1.63680378756142,0.329289355679681,0.329289355679681,"Peak Whaling (1930-1950)"
0.0840443157253079,15.9405283707777,436.537788159673,1.33971079922187,36.6885196941192,37.4344540760279,32.0192089709704,13.6291375945315,84.0290804117354,1025.15759849414,3.14615307737023,2.69103250803085,1.14545154305847,7.06216656423118,86.1586688760397,"peak_whaling",2.34838226219986,2.00866672836694,2.34838226219986,2.00866672836694,21.4939257052503,1.80644227814836,0.370768791405075,0.370768791405075,"Peak Whaling (1930-1950)"
0.12056011986217,10.200001208057,194.726038536244,1.22971336823763,23.4761945462152,26.7808705605629,21.5675934715078,9.15138530417811,64.3872561149378,511.267864232316,3.22870496479473,2.60019165406354,1.10329210917662,7.76253531481315,61.6385149935237,"peak_whaling",2.62557523418807,2.11446969775567,2.62557523418807,2.11446969775567,16.5808693525059,1.99899159655709,0.419224467233475,0.419224467233475,"Peak Whaling (1930-1950)"
0.172941410442158,6.38811858251292,85.0161530462745,1.10477023773155,14.7028134181891,19.2009596978115,13.8960403401041,6.01933074786058,50.1964283001355,255.535602105612,3.32064105198256,2.40320081597873,1.04099154945286,8.6810411093841,44.1926874463308,"peak_whaling",3.00573000482066,2.17529467567237,3.00573000482066,2.17529467567237,12.8128411152986,2.21587081425101,0.477949966709039,0.477949966709039,"Peak Whaling (1930-1950)"
0.248081467403285,3.86646110494143,35.8712739133427,0.959197344571596,8.89899827004723,13.8013059542005,9.05057377201372,3.80651958083363,39.6590033958139,128.042262112055,3.42384823319976,2.24527962220285,0.944326963312545,9.83866375818537,31.7649122743945,"peak_whaling",3.56949302724451,2.34079007298092,3.56949302724451,2.34079007298092,9.93484484925909,2.46465088862816,0.552606537931483,0.552606537931483,"Peak Whaling (1930-1950)"
0.355868581802455,2.2207561298773,14.3627862941074,0.790297334468544,5.11126438921575,9.22902872060579,5.15094621598294,2.16107754884601,29.8935884959941,59.6889345177962,3.28432136221611,1.83305992482257,0.769059602472954,10.6381889430556,21.2414164761477,"peak_whaling",4.15580468131622,2.31945603872656,4.15580468131622,2.31945603872656,7.00827259072849,2.49402402774756,0.618655127956383,0.618655127956383,"Peak Whaling (1930-1950)"
0.510487336437021,1.21742945393785,5.48891250708979,0.62148231924071,2.80202032568012,1.4928875999816,1.50975853822759,0.631758524827751,2.16239059471356,6.73084538304311,0.762100214514465,0.770712614842852,0.3225047266107,1.10387301503179,3.4360113315591,"peak_whaling",1.22626210098069,1.24011993741747,1.22626210098069,1.24011993741747,0.275458146043752,0.140617895273755,0.0885833061072373,0.0885833061072373,"Peak Whaling (1930-1950)"
0.732285270429473,0.631373761761788,1.98442051360399,0.462345705873805,1.45316191245029,0.815211262770391,0.796408996169219,0.318475291461352,1.31509813310998,2.56222550054738,0.596967200014968,0.583198577132242,0.233214764932882,0.963026992045739,1.87627999356963,"peak_whaling",1.29117063796827,1.26139070769573,1.29117063796827,1.26139070769573,0.183837501008603,0.134621494141164,0.11098364136084,0.11098364136084,"Peak Whaling (1930-1950)"
1.05045057734576,0.230872162480588,0.50585194401712,0.242519796370798,0.53137246664426,0.345353520240062,0.300758406415101,0.134630881420927,0.622415056848733,0.756686071242045,0.362776804724564,0.315931841660334,0.141423087117182,0.653816255815446,0.794861320405702,"peak_whaling",1.49586470941077,1.30270537246078,1.49586470941077,1.30270537246078,0.114481357759474,0.120257008353766,0.174892316380509,0.174892316380509,"Peak Whaling (1930-1950)"
1.50685321691489,0.037053709649568,0.0565963236057047,0.0558345015840817,0.0852823522908122,0.0759550234523852,0.0671659773300562,0.0106725269049259,0.123172263562455,0.116014702102579,0.114453071430072,0.101209269007028,0.0160819314992982,0.185602521583774,0.174817127072694,"peak_whaling",2.0498628658432,1.81266539748037,2.0498628658432,1.81266539748037,0.0389013138028172,0.0586185698459907,0.311724808080301,0.311724808080301,"Peak Whaling (1930-1950)"
2.16155492347296,0.025686779569866,0.0273508520566488,0.0555233848474086,0.0591203689242298,0.0599796534781928,0.0514333516197377,0.00711712152480188,0.106095186807579,0.0638653290198989,0.12964931528399,0.11117601442436,0.0153840490728909,0.229330573400706,0.138048416382183,"peak_whaling",2.33503983304146,2.00232775307014,2.33503983304146,2.00232775307014,0.0342928739083268,0.0741259304365813,0.368294293519926,0.368294293519926,"Peak Whaling (1930-1950)"
3.10071321794452,0.016842696006354,0.0125019421847153,0.0522243701327232,0.0387649373821249,0.0498814099164706,0.0395490299953135,0.00437410621120506,0.103215955238307,0.0370258124134365,0.154667947057709,0.122630200063353,0.0135628489457767,0.320043076710188,0.114806425955477,"peak_whaling",2.96160483438355,2.34814129402997,2.96160483438355,2.34814129402997,0.0330387139101165,0.102443576924986,0.471527110331163,0.471527110331163,"Peak Whaling (1930-1950)"
4.44791957656499,0.00817316985529882,0.00422922776866507,0.0363536022019745,0.0188112649859976,0.0415760458365288,0.0268568854861332,0.00182574125676069,0.107663857758129,0.0215136318804316,0.18492690819246,0.119457266719336,0.00812075027768824,0.478880180610892,0.0956909044039845,"peak_whaling",5.08689364990675,3.28598156671385,5.08689364990675,3.28598156671385,0.03340287598123,0.148573305990485,0.706452658067475,0.706452658067475,"Peak Whaling (1930-1950)"
6.38046383815689,0.00017083974535883,6.16260228248506e-05,0.00109003681738195,0.000393202610123391,0.000158583166273185,0.000154756058808258,0.000117912905893952,0.000208736430602435,5.72047786881302e-05,0.00101183415774648,0.000987415436961772,0.000752339032108356,0.00133183524716478,0.000364993021789383,"peak_whaling",0.928256863999058,0.90585512453914,0.928256863999058,0.90585512453914,-1.22565790856448e-05,-7.8202659635467e-05,-0.0323318306976633,-0.0323318306976633,"Peak Whaling (1930-1950)"
9.15266521555844,0.000134947063397495,3.39346471490539e-05,0.00123512529310002,0.000310592464563395,0.000131339214161211,0.000130723134487982,9.06166034635169e-05,0.000172320113499413,3.30273944255198e-05,0.00120210385689209,0.00119646508589692,0.000829383434472584,0.00157718830876716,0.000302288684118984,"peak_whaling",0.973264707319659,0.9686993640086,0.973264707319659,0.9686993640086,-3.6078492362846e-06,-3.30214362079212e-05,-0.0117690247949936,-0.0117690247949936,"Peak Whaling (1930-1950)"
13.1293402287023,0.000111054675654883,1.94680037882582e-05,0.00145807462066113,0.000255602045309707,0.000117021181749927,0.000118647088915185,7.13605057557041e-05,0.000157260682943167,2.05139387079366e-05,0.0015364109091596,0.00155775799751256,0.000936916358958907,0.00206472901095892,0.000269334480727244,"peak_whaling",1.05372584323767,1.06836644396583,1.05372584323767,1.06836644396583,5.96650609504478e-06,7.83362884984689e-05,0.0227276315057915,0.0227276315057915,"Peak Whaling (1930-1950)"
18.8338118767848,9.39398714797186e-05,1.14799292146322e-05,0.00176924586717837,0.000216210827187188,0.0001163860940266,0.000118754873060324,4.82698326561575e-05,0.000170528812667621,1.42229715662465e-05,0.00219199379997078,0.00223660693866961,0.000909104947569955,0.00321170757735346,0.000267872770807547,"peak_whaling",1.2389424447076,1.26415835139782,1.2389424447076,1.26415835139782,2.24462225468815e-05,0.000422747932792412,0.0930511316169986,0.0930511316169986,"Peak Whaling (1930-1950)"
27.0167779668531,6.95994804475513e-05,5.92925216289994e-06,0.00188035370985983,0.000160189289194551,0.00010855374529928,8.29303623790867e-05,2.35868134964059e-05,0.000234326021439812,9.24780652050526e-06,0.00293277243422096,0.00224051118710645,0.000637239703177972,0.00633073409309545,0.000249845935444907,"peak_whaling",1.55969189139398,1.19153708972844,1.55969189139398,1.19153708972844,3.89542648517284e-05,0.00105241872436113,0.193038814326734,0.193038814326734,"Peak Whaling (1930-1950)"
38.7551015421336,7.10202258003684e-06,4.21774817592204e-07,0.000275239606243853,1.63459258837007e-05,8.23929537083845e-06,7.72835194772076e-06,6.21011192142171e-06,1.20656578034611e-05,4.89315158176483e-07,0.000319314728732475,0.000299513064487264,0.000240673518102713,0.000467605793345772,1.89634586412347e-05,"peak_whaling",1.16013364896901,1.08819028109605,1.16013364896901,1.08819028109605,1.13727279080161e-06,4.40751224886219e-05,0.0645080234220118,0.0645080234220118,"Peak Whaling (1930-1950)"
55.5935240458296,5.49520499785281e-06,2.27503022240577e-07,0.000305497811184893,1.26476947374304e-05,6.40160243992429e-06,6.16105307246917e-06,5.01561708460586e-06,8.68046538378379e-06,2.650281295847e-07,0.000355887639175772,0.000342514652131947,0.000278835828997709,0.000482577661042375,1.47338476948883e-05,"peak_whaling",1.16494333558541,1.12116892361186,1.16494333558541,1.12116892361186,9.0639744207148e-07,5.03898279908792e-05,0.0663048012066096,0.0663048012066095,"Peak Whaling (1930-1950)"
79.747950407875,4.77544144659273e-06,1.37822927617466e-07,0.000380831667658588,1.09910959967058e-05,5.69536396254765e-06,5.5786133107302e-06,4.61732358753114e-06,7.05682265371126e-06,1.64372601767611e-07,0.000454193602840048,0.000444882977648824,0.000368222092475545,0.000562767143025335,1.31083780941768e-05,"peak_whaling",1.19263612092057,1.16818798285351,1.19263612092057,1.16818798285351,9.19922515954921e-07,7.33619351814607e-05,0.0765079585221521,0.0765079585221521,"Peak Whaling (1930-1950)"
114.397057992117,3.70201121883226e-06,7.44818322183323e-08,0.000423499192088221,8.52050247963966e-06,4.45025642760076e-06,4.41247476501462e-06,3.42805226063501e-06,5.41653126827563e-06,8.95359935385796e-08,0.000509096242628034,0.000504774131582129,0.00039215909325987,0.00061963524161304,1.02426542452147e-05,"peak_whaling",1.20211856867482,1.19191285606273,1.20211856867482,1.19191285606273,7.48245208768496e-07,8.5597050539813e-05,0.079947305588205,0.079947305588205,"Peak Whaling (1930-1950)"
164.100604596346,2.80789174731089e-06,3.93819898515194e-08,0.000460776733374807,6.46260834484149e-06,3.42116843949451e-06,3.45549722868802e-06,2.06840524021516e-06,4.57273740542869e-06,4.79834811628846e-08,0.000561415809346985,0.000567049184408701,0.000339426550469558,0.000750388972891174,7.87411826946673e-06,"peak_whaling",1.21841180051579,1.23063762411686,1.21841180051579,1.23063762411686,6.13276692183613e-07,0.000100639075972178,0.0857940965608124,0.0857940965608124,"Peak Whaling (1930-1950)"
235.399484056154,2.16051596674359e-06,2.11241600933133e-08,0.000508584343866525,4.97261638708555e-06,2.87209458741012e-06,2.63907884728457e-06,1.08820866332018e-06,4.94427891561878e-06,2.80815262657071e-08,0.000676089584036815,0.000621237799034298,0.000256163757891008,0.00116388070576638,6.61037679445681e-06,"peak_whaling",1.32935587221743,1.2215039777106,1.32935587221743,1.2215039777106,7.11578620666523e-07,0.00016750524017029,0.123641258332702,0.123641258332702,"Peak Whaling (1930-1950)"
337.676495648558,4.95014585889288e-07,3.37399659807311e-09,0.000167154790658017,1.13931934756748e-06,7.26495542089856e-07,7.16200007992697e-07,3.12994013172251e-07,1.12680809283238e-06,4.95176012464948e-09,0.000245320468757202,0.000241843908882443,0.000105690721526984,0.000380496608056072,1.6720930061839e-06,"peak_whaling",1.46762451612353,1.44682607019761,1.46762451612353,1.44682607019761,2.31480956200568e-07,7.81656780991851e-05,0.166614957872843,0.166614957872843,"Peak Whaling (1930-1950)"
484.391102940098,2.38434778722194e-07,1.13292437820997e-09,0.000115495685444522,5.48778489108851e-07,3.6475762145887e-07,3.36817884093329e-07,1.17055241998906e-07,6.92764380383253e-07,1.73314817453756e-09,0.000176685346564269,0.000163151586365918,5.67005177767702e-05,0.000335568902291457,8.39521555822868e-07,"peak_whaling",1.52980040669259,1.41262061641504,1.52980040669259,1.41262061641504,1.26322842736677e-07,6.11896611197474e-05,0.184634772042102,0.184634772042102,"Peak Whaling (1930-1950)"
694.850674036028,8.74237471121475e-08,2.89577897499402e-10,6.0746449607631e-05,2.01213397263396e-07,1.32328444019387e-07,1.14055574292082e-07,4.71996431458815e-08,2.71490211680424e-07,4.38317892612692e-10,9.19485085210099e-05,7.92515926744198e-05,3.27967038541758e-05,0.000188645156580327,3.04565483123981e-07,"peak_whaling",1.51364415722922,1.30462921185215,1.51364415722922,1.30462921185215,4.49046969072395e-08,3.12020589133789e-05,0.18002378882599,0.18002378882599,"Peak Whaling (1930-1950)"
996.751295136877,3.59741231786265e-08,8.30674512747605e-11,3.58572538697095e-05,8.27975896418369e-08,3.67177672505747e-08,3.71746862607375e-08,2.5414280391518e-08,4.52370447211768e-08,8.47845916038129e-11,3.65984820615448e-05,3.70539166766972e-05,2.53317168952173e-05,4.50900829139978e-05,8.45091514887517e-08,"peak_whaling",1.02067163856241,1.03337296300871,1.02067163856241,1.03337296300871,7.43644071948185e-10,7.41228191835211e-07,0.00888604718303712,0.00888604718303712,"Peak Whaling (1930-1950)"
1429.82252371756,3.21104489043345e-08,5.16882370226077e-11,4.59122430900993e-05,7.39050055061763e-08,3.40062383132399e-08,3.43539169991394e-08,2.32843732785026e-08,4.20776098965693e-08,5.47398920338593e-11,4.86228854871775e-05,4.91200043032931e-05,3.32925213642504e-05,6.01635143743156e-05,7.82683305758795e-08,"peak_whaling",1.05903964203532,1.06986722924643,1.05903964203532,1.06986722924643,1.89578940890541e-09,2.71064239707816e-06,0.0249122169488134,0.0249122169488134,"Peak Whaling (1930-1950)"
2051.05572403526,3.38090725853214e-08,3.79387724591771e-11,6.93442918504471e-05,7.78145364152666e-08,3.91088431510928e-08,3.97113268416322e-08,2.49935662109164e-08,4.96124301330855e-08,4.388589771892e-11,8.02144166054462e-05,8.1450144227565e-05,5.12631970409545e-05,0.000101757858807765,9.00124217208169e-08,"peak_whaling",1.15675586937195,1.17457604734397,1.15675586937195,1.17457604734397,5.29977056577141e-09,1.08701247549991e-05,0.0632417117849739,0.0632417117849739,"Peak Whaling (1930-1950)"
2942.20402414699,2.08295837679619e-08,1.62942840597375e-11,6.12848851834044e-05,4.79411081311537e-08,3.01239712010947e-08,3.02285716464249e-08,1.64397215600991e-08,4.08012528170996e-08,2.35649713036016e-11,8.8630869291149e-05,8.8938625142327e-05,4.83690149299796e-05,0.000120045610228709,6.9332953398365e-08,"peak_whaling",1.44621090544443,1.45123263062604,1.44621090544443,1.45123263062604,9.2943874331328e-09,2.73459841077446e-05,0.160231632095162,0.160231632095162,"Peak Whaling (1930-1950)"
4220.54087476266,6.52565504815013e-11,3.5586352707076e-14,2.7541793865319e-07,1.50193656183935e-10,5.79607259768179e-11,5.82983154775621e-11,5.05001597088064e-11,6.30028644672203e-11,3.1607720949852e-14,2.44625613116078e-07,2.4605042340286e-07,2.1313798823306e-07,2.65906164711035e-07,1.33401678226942e-10,"peak_whaling",0.888197821508331,0.893371087613469,0.888197821508331,0.89337108761347,-7.29582450468343e-12,-3.07923255371115e-08,-0.0514902963594506,-0.0514902963594505,"Peak Whaling (1930-1950)"
6054.29301617067,9.79856038706718e-11,3.72500031618831e-14,5.93233557199474e-07,2.25522433995324e-10,1.23677105317687e-10,1.27001222013457e-10,7.09993739032133e-11,1.45985504851414e-10,4.70168308623886e-14,7.48777434985077e-07,7.68902611481215e-07,4.29851013574715e-07,8.83839022484064e-07,2.84653670732637e-10,"peak_whaling",1.26219669453611,1.29612123614692,1.26219669453611,1.29612123614692,2.56915014470152e-11,1.55543877785603e-07,0.10112703850188,0.10112703850188,"Peak Whaling (1930-1950)"
8684.77880283868,1.64887399849467e-11,4.36974591002581e-15,1.43201059506784e-07,3.79502766531832e-11,9.05471014036755e-12,9.17297227183801e-12,6.06438263071847e-12,1.11742921948056e-11,2.39962438842886e-15,7.86381546929125e-08,7.96652351454857e-08,5.26678217235668e-08,9.70462559901732e-08,2.08402070234017e-11,"peak_whaling",0.5491450619413,0.556317358404124,0.5491450619413,0.556317358404124,-7.43402984457917e-12,-6.45629048138713e-08,-0.260312917336915,-0.260312917336915,"Peak Whaling (1930-1950)"
12458.1652478298,1.51017938673691e-11,2.7899853802056e-15,1.88140643538347e-07,3.47580989056306e-11,8.2113613290636e-12,8.26948720193960e-12,5.89993273640411e-12,1.01966190275311e-11,1.51701038041411e-15,1.02298496347114e-07,1.03022638076577e-07,7.3502336981203e-08,1.27031164814148e-07,1.88991660018721e-11,"peak_whaling",0.543734168349769,0.54758310665382,0.543734168349769,0.54758310665382,-6.89043253830555e-12,-8.58421471912337e-08,-0.264613374999937,-0.264613374999937,"Peak Whaling (1930-1950)"
17871.0229547244,2.01032260589908e-11,2.58907016555039e-15,3.59265214364238e-07,4.62693323599430e-11,1.13898240895332e-11,1.12937054865242e-11,8.76157639777822e-12,1.48409860379707e-11,1.46688166638255e-15,2.0354780775432e-07,2.0183006999357e-07,1.56578332924266e-07,2.65223602155318e-07,2.62146759317868e-11,"peak_whaling",0.566566980648327,0.561785727991317,0.566566980648327,0.561785727991317,-8.71340196945762e-12,-1.55717406609918e-07,-0.246748739628657,-0.246748739628657,"Peak Whaling (1930-1950)"
25635.6738809449,2.97998645092944e-11,2.67545116347272e-15,7.63939608256616e-07,6.85869935111814e-11,2.33072888902432e-11,2.09390626450571e-11,1.44362776260003e-11,4.7025959897009e-11,2.09254351338904e-15,5.97498057039246e-07,5.36786981341359e-07,3.70083705274925e-07,1.20554217185812e-06,5.3643763090928e-11,"peak_whaling",0.782127344336543,0.702656303639445,0.782127344336543,0.702656303639445,-6.49257561905117e-12,-1.6644155121737e-07,-0.106722530264832,-0.106722530264832,"Peak Whaling (1930-1950)"
36773.9315760001,1.67356955383822e-12,1.04744488281443e-16,6.15437322605237e-08,3.85186664502491e-12,9.59726234498775e-13,9.9372187155643e-13,3.55753632308623e-13,1.34158331458394e-12,6.00668392253552e-17,3.52929068791502e-08,3.65430601101909e-08,1.30824597324308e-08,4.93352930140133e-08,2.20889383565981e-12,"peak_whaling",0.573460620323611,0.593773870513714,0.573460620323611,0.593773870513714,-7.13843319339446e-13,-2.62508253813736e-08,-0.241496399843539,-0.241496399843539,"Peak Whaling (1930-1950)"
52751.5699347979,1.32551453288342e-12,5.78331145084066e-17,6.99229725809905e-08,3.05078758453738e-12,7.44508330349907e-13,7.69675037637703e-13,2.7515223099854e-13,1.04780442427138e-12,3.2483412632169e-17,3.92739832554927e-08,4.06015665750135e-08,1.45147121562352e-08,5.52733283649426e-08,1.71355101318676e-12,"peak_whaling",0.561674966120789,0.580661334556185,0.561674966120789,0.580661334556185,-5.8100620253351e-13,-3.06489893254978e-08,-0.250514932217649,-0.250514932217649,"Peak Whaling (1930-1950)"
75671.2163026369,1.13642163354278e-12,3.45649755942494e-17,8.59944072428114e-08,2.61557374468781e-12,6.2861958406218e-13,6.51520398897775e-13,2.32127590032445e-13,8.98645934729611e-13,1.91198582813309e-17,4.75684085176428e-08,4.93013410305738e-08,1.75653770751549e-08,6.80016309064097e-08,1.44682293168235e-12,"peak_whaling",0.553157002214458,0.573308690777621,0.553157002214458,0.573308690777621,-5.07802049480598e-13,-3.84259987251686e-08,-0.257151585660964,-0.257151585660964,"Peak Whaling (1930-1950)"
108549.05330397,1.16599867231601e-12,2.4722904563444e-17,1.26568052033589e-07,2.68364788528624e-12,6.50767827378893e-13,6.77145761972028e-13,2.27284414422483e-13,9.42946029859193e-13,1.37983612428057e-17,7.06402315826599e-08,7.35035314108587e-08,2.46715080163076e-08,1.02355898857952e-07,1.49779905005275e-12,"peak_whaling",0.558120556077717,0.580743167251657,0.558120556077717,0.580743167251657,-5.15230844937119e-13,-5.59278204509286e-08,-0.253271981735771,-0.253271981735771,"Peak Whaling (1930-1950)"
155711.742838438,3.26567976615962e-12,4.82702675900227e-17,5.08504687940938e-07,7.51624749372022e-12,2.68910894905391e-12,2.82398788024319e-12,5.93742267117659e-13,4.39502040694241e-12,3.97479293268868e-17,4.18725841139625e-07,4.39728074587294e-07,9.24526432097363e-08,6.84356287375506e-07,6.18921934970863e-12,"peak_whaling",0.823445390120494,0.864747336682112,0.823445390120494,0.864747336682112,-5.76570817105709e-13,-8.97788468013124e-08,-0.0843651974119476,-0.0843651974119476,"Peak Whaling (1930-1950)"
223365.806700198,4.12711421081014e-13,4.25262681066379e-18,9.21856195041458e-08,9.49891418158807e-13,8.41504485646129e-13,8.1973575548011e-13,6.11730074192766e-14,1.7838101766929e-12,8.6709607589224e-18,1.87963328278183e-07,1.83100938303811e-07,1.36639581504839e-08,3.98442199117032e-07,1.93679614478246e-12,"peak_whaling",2.03896583099634,1.98622018584554,2.03896583099634,1.98622018584554,4.28793064565115e-13,9.5777708774037e-08,0.309409947929154,0.309409947929154,"Peak Whaling (1930-1950)"
320414.393245838,1.76242944149836e-15,1.2659810329451e-20,5.64707760136299e-10,4.05638544531844e-15,1.11374009107886e-15,1.05076898056499e-15,9.73088280025312e-16,1.64726501607722e-15,8.00017179546022e-21,3.56858355516599e-10,3.36681505349279e-10,3.11791490818946e-10,5.27807420641477e-10,2.56337019170485e-15,"peak_whaling",0.63193456989234,0.596204849864321,0.63193456989234,0.596204849864321,-6.48689350419498e-16,-2.078494046197e-10,-0.199327885967204,-0.199327885967204,"Peak Whaling (1930-1950)"
459628.91507784,3.01438103717175e-15,1.50944844216998e-20,1.38549668574647e-09,6.93786149840526e-15,2.51957481531928e-15,2.53450236470103e-15,1.7203050093823e-15,3.3232244549023e-15,1.26167469640227e-20,1.15806943882265e-09,1.16493057214975e-09,7.90701925065358e-10,1.52745005076689e-09,5.79902171888538e-15,"peak_whaling",0.835851468095514,0.840803579058815,0.835851468095514,0.840803579058815,-4.94806221852466e-16,-2.27427246923814e-10,-0.0778708904050244,-0.0778708904050244,"Peak Whaling (1930-1950)"
659329.743072884,1.56484808379516e-15,5.46256969939275e-21,1.03175088503675e-09,3.60163467641834e-15,8.46738459125751e-16,7.85156149239296e-16,7.0621818847135e-16,1.40060990920858e-15,2.9557935355061e-21,5.58279850705311e-10,5.1767680215004e-10,4.65630656758212e-10,9.23463771583828e-10,1.94884259234173e-15,"peak_whaling",0.541099463835616,0.501745924968699,0.541099463835616,0.501745924968699,-7.18109624669405e-16,-4.73471034331444e-10,-0.266722896400718,-0.266722896400718,"Peak Whaling (1930-1950)"
945797.132947857,2.18721488684157e-15,5.32256454429557e-21,2.06866156911563e-09,5.03406628592466e-15,1.14734291053411e-15,1.05567895228005e-15,9.31174789379067e-16,1.94293772622483e-15,2.79204696918291e-21,1.08515363529121e-09,9.98458126379867e-10,8.80702446068046e-10,1.83762493095967e-09,2.64071001850895e-15,"peak_whaling",0.524567987094732,0.482659001011325,0.524567987094732,0.482659001011324,-1.03987197630746e-15,-9.83507933824413e-10,-0.28019821670474,-0.28019821670474,"Peak Whaling (1930-1950)"
1356729.65779355,2.37735427119584e-14,4.03299852044497e-20,3.22542704681357e-08,5.47168870252521e-14,2.78325691411161e-14,2.54409787628978e-14,9.65080151399704e-15,5.12235840630764e-14,4.7215811091479e-20,3.77612720063418e-08,3.45165304109194e-08,1.30935286355187e-08,6.9496555676857e-08,6.40590912245874e-14,"peak_whaling",1.1707371290151,1.07013830757755,1.1707371290151,1.07013830757755,4.05902642915769e-15,5.5070015382061e-09,0.0684593918835906,0.0684593918835906,"Peak Whaling (1930-1950)"
1946205.26983358,5.12083966299106e-17,6.05591834114975e-23,9.96620513808604e-11,1.17860601892275e-16,2.51457004754427e-17,2.34042617738306e-17,1.82459695226815e-17,4.38335974075081e-17,2.97373709649298e-23,4.89386947789635e-11,4.55494976007939e-11,3.55104020382658e-11,8.5309178270256e-11,5.78750280829427e-17,"peak_whaling",0.491046432427357,0.457039534804734,0.491046432427357,0.457039534804734,-2.60626961544679e-17,-5.0723356601897e-11,-0.30887743986572,-0.30887743986572,"Peak Whaling (1930-1950)"
2791797.85786357,2.26129529797178e-16,1.86423555494345e-22,6.31307936887457e-10,5.20456882884424e-16,7.95520570598347e-16,2.65131148543425e-16,8.33244177378155e-17,2.7656413348076e-15,6.55835500002376e-22,2.22093262488287e-09,7.40192572556441e-10,2.32624930948162e-10,7.72111155413479e-09,1.83096014401752e-15,"peak_whaling",3.51798622370052,1.17247468201623,3.51798622370052,1.17247468201623,5.69391040801169e-16,1.58962468799541e-09,0.546294134444194,0.546294134444194,"Peak Whaling (1930-1950)"
4004785.82602855,5.16988124850014e-18,2.97117853557853e-24,2.07042671462441e-11,1.18989336858852e-17,2.6994123150561e-18,2.44940755352555e-18,2.07484556238751e-18,4.57590998666735e-18,1.55137720648765e-24,1.08105681779436e-11,9.8093526525264e-12,8.30931209944774e-12,1.83255394557879e-11,6.21293344736552e-18,"peak_whaling",0.52214203485607,0.473784103694096,0.52214203485607,0.473784103694096,-2.47046893344404e-18,-9.89369896830054e-12,-0.282211342661354,-0.282211342661354,"Peak Whaling (1930-1950)"
5744796.12382558,9.19240536475942e-18,3.68283297870473e-24,5.28084947081033e-11,2.11571246207599e-17,5.04734863978332e-18,4.75266556207442e-18,3.64122590053143e-18,8.25534330051529e-18,2.02216300174018e-24,2.89959889014235e-11,2.73030946988445e-11,2.09181004393462e-11,4.74252641936497e-11,1.16169141741405e-17,"peak_whaling",0.54907811824021,0.51702088555565,0.54907811824021,0.51702088555565,-4.1450567249761e-18,-2.38125058066799e-11,-0.260365863369274,-0.260365863369274,"Peak Whaling (1930-1950)"
8240810.85430961,3.00141869091907e-17,8.38270365302689e-24,2.47341237264536e-10,6.90802752523249e-17,5.43697384606692e-15,4.12314132116064e-17,1.0348853890468e-17,2.82305359606593e-14,1.51849992334395e-21,4.48050730852658e-08,3.39780277532731e-10,8.52829474702328e-11,2.32642507167579e-07,1.25136706505611e-14,"peak_whaling",181.146797763229,1.37373080724639,181.146797763229,1.37373080724639,5.40695965915773e-15,4.45577318480012e-08,2.25803066116354,2.25803066116354,"Peak Whaling (1930-1950)"
11821300.8908807,7.42008080472197e-18,1.44467726967238e-24,8.77150078272664e-11,1.70779646950132e-17,8.70676422814122e-18,7.53735255274462e-18,6.01577648207603e-18,1.47616924472093e-17,1.69519237105714e-24,1.02925279726814e-10,8.91013124466417e-11,7.11143038869044e-11,1.74502408077101e-10,2.00393790861919e-17,"peak_whaling",1.17340558105519,1.01580464567825,1.17340558105519,1.01580464567825,1.28668342341924e-18,1.52102718995473e-11,0.0694481495149696,0.0694481495149696,"Peak Whaling (1930-1950)"
16957452.0303007,3.27005447119641e-20,4.43835326580059e-27,5.54517918317834e-13,7.52631625983418e-20,2.2040593674097e-20,2.13144465847224e-20,1.83706354590599e-20,3.11171704678391e-20,2.99150799398829e-27,3.73752309947848e-13,3.61438705512836e-13,3.11519169563149e-13,5.2766792552707e-13,5.07283533063174e-20,"peak_whaling",0.674013043765384,0.651807080660774,0.674013043765384,0.651807080660774,-1.06599510378671e-20,-1.80765608369986e-13,-0.171331698745815,-0.171331698745815,"Peak Whaling (1930-1950)"
24325172.1628858,2.79245216336487e-20,2.64214894328421e-27,6.79268796304735e-13,6.42707279253754e-20,1.83987573779519e-20,1.74977648507358e-20,1.48739419812273e-20,2.82838739667695e-20,1.74084476725005e-27,4.47552940801846e-13,4.2563614245984e-13,3.6181119943413e-13,6.88010103675033e-13,4.23463486722164e-20,"peak_whaling",0.658874576951807,0.626609296312928,0.658874576951807,0.626609296312928,-9.52576425569684e-21,-2.31715855502889e-13,-0.181197249627382,-0.181197249627382,"Peak Whaling (1930-1950)"
34894039.487579,3.89453934593891e-20,2.56881201722677e-27,1.35896209723122e-12,8.96362279652785e-20,2.21757401213819e-20,2.07440037486407e-20,1.64336568551407e-20,3.40520423165603e-20,1.46269693677906e-27,7.73801151461791e-13,7.23842085935555e-13,5.73436671228604e-13,1.18821330922677e-12,5.10394046703295e-20,"peak_whaling",0.569405984933906,0.532643321995753,0.569405984933906,0.532643321995753,-1.67696533380072e-20,-5.85160945769433e-13,-0.244577972366251,-0.244577972366251,"Peak Whaling (1930-1950)"
50054897.1907571,7.67026474789695e-19,3.52688466146248e-26,3.8393431338187e-11,1.76537849133163e-18,1.15978318579299e-17,7.62123419032993e-19,3.74056927221396e-19,6.91763746763677e-17,5.33282965195811e-25,5.80528281284367e-10,3.81480093863648e-11,1.87233810355575e-11,3.46261632245488e-09,2.66934239964584e-17,"peak_whaling",15.1205104896931,0.993607709879837,15.1205104896931,0.993607709879837,1.08308053831402e-17,5.4213484994618e-10,1.17956645380502,1.17956645380502,"Peak Whaling (1930-1950)"
71802885.8100286,3.2924220842456e-20,1.05536110301636e-27,2.36405406953504e-12,7.57779727682293e-20,1.76252452499564e-20,1.62192639925914e-20,1.30542624678702e-20,3.39271098434404e-20,5.64963962455921e-28,1.26554347205637e-12,1.16458996038275e-12,9.37333717314626e-13,2.43606439395285e-12,4.05660428830038e-20,"peak_whaling",0.535327634154018,0.492624079707197,0.535327634154018,0.492624079707197,-1.52989755924997e-20,-1.09851059747867e-12,-0.271380337317418,-0.271380337317418,"Peak Whaling (1930-1950)"
103000000.000001,2.0962417784962e-18,4.68415895482463e-26,2.1591290318511e-10,4.8246837234694e-18,2.86865603364183e-17,8.21596244504519e-18,1.28031421474374e-18,1.48519695953198e-16,6.41015792459527e-25,2.9547157146511e-09,8.4624413183966e-10,1.31872364118606e-10,1.52975286831795e-08,6.60246266233316e-17,"peak_whaling",13.6847574696262,3.91937730147672,13.6847574696262,3.91937730147672,2.65903185579221e-17,2.73880281146599e-09,1.13623710495868,1.13623710495868,"Peak Whaling (1930-1950)"
3.16227766016838e-08,575266683553.257,41869396331007574016,18191.5298203962,1324026566622.81,462053310461.492,482005302725.321,249531424879.922,615069400028.442,33629434373414912000,14611.4086147922,15242.3460089098,7890.87650407762,19450.2022316311,1063456090431.49,"post_whaling",0.803198453293908,0.837881484371932,0.803198453293908,0.837881484371932,-113213373091.765,-3580.12120560396,-0.0951771365120135,-0.0951771365120136,"Post-Peak Whaling (1970-1980)"
4.53623270600988e-08,397961567393.321,20191718540643512320,18052.4627774454,915943340346.133,314170837661.867,314478709601.914,178331698891.854,420989068806.636,15940356173833576448,14251.5202907628,14265.4860783999,8089.54085031534,19097.0438279331,723091650211.905,"post_whaling",0.789450196710475,0.79022381900286,0.789450196710475,0.79022381900286,-83790729731.4547,-3800.94248668259,-0.102675262712128,-0.102675262712128,"Post-Peak Whaling (1970-1980)"
6.50714749759769e-08,270733252495.19,9575874075682721792,17617.0120649056,623116250288.894,210250628043.902,205194836751.899,123974645614.406,284976025461.931,7436594950660435968,13681.3184814422,13352.3306849009,8067.21304975343,18543.8103095994,483910202238.377,"post_whaling",0.776596986539867,0.757922548710725,0.776596986539867,0.757922548710725,-60482624451.2885,-3935.69358346344,-0.10980429899683,-0.10980429899683,"Post-Peak Whaling (1970-1980)"
9.33439073780173e-08,181163481678.495,4466960978591756288,16910.5072540765,416963591846.886,138423342457.834,134100940973.368,84617202409.7659,190901281101.433,3413114296305721856,12920.9756573397,12517.505813523,7898.50030432413,17819.471501477,318593424744.948,"post_whaling",0.764079720566919,0.74022059926709,0.764079720566919,0.74022059926709,-42740139220.6603,-3989.53159673687,-0.11686132676975,-0.11686132676975,"Post-Peak Whaling (1970-1980)"
1.33900223528244e-07,119341262382.088,2051336001573374464,15979.8217091044,274674349142.21,89650417169.9854,86436355066.2127,54753634104.3137,125548974007.757,1540985277230189568,12004.2108984614,11573.8472643326,7331.5238455513,16811.0356833804,206338273074.856,"post_whaling",0.751210565235658,0.724278873383075,0.751210565235658,0.724278873383075,-29690845212.1027,-3975.61081064305,-0.124238312659837,-0.124238312659837,"Post-Peak Whaling (1970-1980)"
1.92077558830971e-07,77503905101.9866,928697837949298048,14886.7608918568,178382013604.901,57142123073.627,54834228967.8224,34300479225.3352,81203058239.7145,684710868239203072,10975.7195064011,10532.4248405178,6588.35231633481,15597.2851962935,131517592076.42,"post_whaling",0.737280566681565,0.707502788351974,0.737280566681565,0.707502788351974,-20361782028.3597,-3911.04138545565,-0.132367213125504,-0.132367213125504,"Post-Peak Whaling (1970-1980)"
2.75531941876727e-07,49721068318.7282,415332556256305664,13699.7425060446,114437385749.925,35882285420.0706,34343313571.5908,20618725798.7164,51693130039.1311,299733731228433856,9886.71578076702,9462.67987886178,5681.11755834411,14243.108501368,82586217011.3274,"post_whaling",0.72167165013538,0.690719542698459,0.72167165013538,0.690719542698459,-13838782898.6576,-3813.02672527758,-0.141660355020361,-0.141660355020361,"Post-Peak Whaling (1970-1980)"
3.95245813495413e-07,31582165197.7529,183908625687507424,12482.7185755324,72689114368.6824,22232780204.427,21120968652.731,12267850837.9503,32470755231.8491,129465476068737296,8787.41329816348,8347.97443695978,4848.81668428605,12833.9300664227,51170687408.3591,"post_whaling",0.703966307098187,0.668762528486607,0.703966307098187,0.668762528486607,-9349384993.32594,-3695.30527736892,-0.15244812635718,-0.15244812635718,"Post-Peak Whaling (1970-1980)"
5.66973295442978e-07,19915013253.1805,80843567943506976,11291.2806929464,45836144132.2985,13622611327.5384,12791933886.2944,7414188094.51061,20193483316.2132,55300013634183992,7723.6568369133,7252.68491060102,4203.64665697878,11449.1657822662,31353630968.2149,"post_whaling",0.684037271497311,0.642326154829519,0.684037271497311,0.642326154829519,-6292401925.64213,-3567.62385603306,-0.164920234004128,-0.164920234004128,"Post-Peak Whaling (1970-1980)"
8.13313403379543e-07,12499783911.8085,35373012893669636,10166.2417948218,28769345504.3389,8276289838.0256,7770032959.76283,4456304468.2274,12447338067.6115,23420989452118464,6731.21745552013,6319.47195087593,3624.37215354949,10123.5868867848,19048604641.8189,"post_whaling",0.662114633054339,0.62161338264596,0.662114633054339,0.62161338264596,-4223494073.78288,-3435.02433930169,-0.179066813894053,-0.179066813894053,"Post-Peak Whaling (1970-1980)"
1.16668403509199e-06,7828112692.27528,15442986460524518,9132.93410297853,18017085757.6357,5000603405.97033,4671214578.7209,2631461177.36167,7630636394.4273,9864989650577820,5834.1241595722,5449.83147348262,3070.08374459223,8902.54165897022,11509325931.6768,"post_whaling",0.638800641041471,0.596722960226469,0.638800641041471,0.596722960226469,-2827509286.30496,-3298.80994340633,-0.194634656715405,-0.194634656715405,"Post-Peak Whaling (1970-1980)"
1.67358810525261e-06,4901038231.38587,6740110031961764,8202.31928743569,11280167977.585,3014309939.67223,2802334980.84327,1587705319.45958,4673157993.70827,4145403423650061,5044.71326058015,4689.9544908726,2657.16473729386,7820.94163223633,6937697861.29419,"post_whaling",0.615034977766306,0.571783946286591,0.615034977766306,0.571783946286591,-1886728291.71365,-3157.60602685554,-0.211100184681603,-0.211100184681603,"Post-Peak Whaling (1970-1980)"
2.40073324207457e-06,3071340534.27157,2944499887345991,7373.46931835682,7068958760.83634,1818260444.89354,1679334495.21102,948527742.973619,2866349559.32318,1743169673116195,4365.15829280521,4031.6341472156,2277.16208358673,6881.34067047293,4184885380.82631,"post_whaling",0.592008741656768,0.546775740583681,0.592008741656768,0.546775740583681,-1253080089.37803,-3008.31102555161,-0.227671880396561,-0.227671880396561,"Post-Peak Whaling (1970-1980)"
3.44381038650601e-06,1927106337.52647,1287934938660055,6636.58882107523,4435403718.90148,1100484979.01634,1009118292.38627,570656153.169507,1763853368.61291,735482534796162,3789.86160093031,3475.21205653304,1965.23158740871,6074.37655110276,2532862392.42479,"post_whaling",0.571055658728651,0.52364432244124,0.571055658728651,0.52364432244124,-826621358.510135,-2846.72722014491,-0.24332156057956,-0.24332156057956,"Post-Peak Whaling (1970-1980)"
4.94008654120945e-06,1209697242.32127,563598216631845,5976.00906572947,2784223964.63262,669629839.502131,608358835.711045,346451510.741735,1088671223.44885,311980692476970,3308.02935771672,3005.34529652198,1711.50044539693,5378.1300587617,1541211620.02268,"post_whaling",0.553551596279736,0.502901729811069,0.553551596279736,0.502901729811069,-540067402.819134,-2667.97970801275,-0.256841892517462,-0.256841892517462,"Post-Peak Whaling (1970-1980)"
7.08646885155566e-06,758424884.215914,246325950931524,5374.55431824079,1745581178.60607,410835569.048165,371454424.561674,216376382.386598,679905341.592205,133433731313954,2911.37346317097,2632.30020942883,1533.34449399493,4818.12802519947,945573980.703182,"post_whaling",0.541695792949754,0.489770882116686,0.541695792949754,0.489770882116686,-347589315.16775,-2463.18085506982,-0.266244537323638,-0.266244537323638,"Post-Peak Whaling (1970-1980)"
1.01654172179288e-05,473162512.233545,107130368210035,4809.8943487373,1089024889.56534,253261184.100443,228550023.566973,133214110.235324,424727962.361714,57341744547585.9,2574.50560148766,2323.30634472573,1354.17700985722,4317.53694152757,582902757.330102,"post_whaling",0.535252006556761,0.48302648172213,0.535252006556761,0.48302648172213,-219901328.133102,-2235.38874724964,-0.271441695944042,-0.271441695944042,"Post-Peak Whaling (1970-1980)"
1.45821154906901e-05,292584373.73207,46180440461172.7,4266.49912853226,673408516.215756,156930661.123868,141792403.763218,81427940.1082652,265319125.80445,24769357844105.9,2288.38102453858,2067.63320737779,1187.39162682772,3868.91413436942,361189636.712981,"post_whaling",0.536360363754679,0.484620562453763,0.536360363754679,0.484620562453763,-135653712.608202,-1978.11810399368,-0.270543323360797,-0.270543323360797,"Post-Peak Whaling (1970-1980)"
2.0917792907584e-05,178781638.996325,19671366596468.4,3739.71730020359,411481572.674093,97722296.7932991,89397863.9548566,50210147.3446071,165843921.113818,10752396810219.3,2044.1347667757,1870.00600458806,1050.28546401377,3469.08879684054,224916409.736336,"post_whaling",0.546601414674958,0.500039402573629,0.546601414674958,0.500039402573629,-81059342.2030262,-1695.58253342789,-0.262329248631772,-0.262329248631772,"Post-Peak Whaling (1970-1980)"
3.00062127750894e-05,113379031.030768,8696590748623.98,3402.07532934268,260951752.421085,64515811.0155235,59824738.1881019,32638883.8877136,107703862.44236,4948601166518.34,1935.87515268926,1795.1138232862,979.369294676171,3231.78501314442,148488779.541605,"post_whaling",0.569027715521894,0.52765257953093,0.569027715521893,0.52765257953093,-48863220.015244,-1466.20017665342,-0.244866579993185,-0.244866579993185,"Post-Peak Whaling (1970-1980)"
4.30433941612213e-05,73393806.8647915,3924464286936.89,3159.11855787377,168922263.174261,44823770.1160523,42169231.764871,23122671.4363299,72949009.4001349,2396786493857.48,1929.36720489721,1815.10686433124,995.278260694362,3139.97296528064,103165825.775399,"post_whaling",0.610729597370909,0.574561173023176,0.610729597370909,0.574561173023176,-28570036.7487391,-1229.75135297656,-0.214151032577587,-0.214151032577587,"Post-Peak Whaling (1970-1980)"
6.17450057694841e-05,39755768.2690094,1481923522376.67,2454.72014114025,91501376.4390816,26890101.0756452,25850072.8136799,14401239.7324955,41999666.7152684,1002346955879.31,1660.32944605772,1596.11289502225,889.204630370659,2593.26966365065,61889918.5737927,"post_whaling",0.676382377865068,0.650221941097052,0.676382377865068,0.650221941097052,-12865667.1933642,-794.390695082533,-0.169807715822456,-0.169807715822456,"Post-Peak Whaling (1970-1980)"
8.85721447336123e-05,20128629.4186654,523051581877.507,1782.83587815928,46327800.4131994,15598818.888573,15131187.8561251,8801353.64745072,23444207.1261645,405342396910.689,1381.62084427209,1340.20176078419,779.554769113711,2076.50370674343,35902045.4458429,"post_whaling",0.774956832088534,0.751724697265967,0.774956832088534,0.751724697265967,-4529810.53009239,-401.215033887184,-0.110722488600644,-0.110722488600644,"Post-Peak Whaling (1970-1980)"
0.000127055212400501,9557006.15185977,173123831702.856,1214.26744653744,21996285.208595,8808967.37401853,8667482.82879541,5390518.59289877,12565846.0044808,159573213713.874,1119.22522073501,1101.2488717903,684.893484769604,1596.55623309129,20274608.5618469,"post_whaling",0.921728754177303,0.906924479389264,0.921728754177303,0.906924479389264,-748038.777841238,-95.04222580243,-0.0353968640824644,-0.0353968640824644,"Post-Peak Whaling (1970-1980)"
0.000182258508549024,4220784.17986066,53300687479.9724,769.273829528721,9714503.80473742,4821476.00551559,4863580.12211649,2944249.5213433,6476222.41232603,60886312782.4403,878.755025770179,886.428859265632,536.614526556209,1180.34663790231,11097048.558777,"post_whaling",1.14231758840481,1.15229301354068,1.14231758840481,1.15229301354068,600691.825654928,109.481196241458,0.057786863731767,0.057786863731767,"Post-Peak Whaling (1970-1980)"
0.000261446683775594,1720519.75351882,15146210987.1378,449.824183927898,3959926.63435264,2548270.54921187,2642070.14135112,1490437.30544295,3451579.57804149,22433130053.7145,666.236884454454,690.760476758764,389.669890883491,902.40403446651,5865067.45925025,"post_whaling",1.48110508118266,1.53562325334977,1.48110508118266,1.53562325334977,827750.795693045,216.412700526555,0.170585871862768,0.170585871862768,"Post-Peak Whaling (1970-1980)"
0.000375040753934783,642797.008439176,3944780661.48344,241.075074672052,1479453.5133901,1296846.49441423,1359307.66064112,641718.16392553,1895484.19128044,7958616647.112,486.370287002792,509.795769876174,240.670464012276,710.883820169279,2984805.5876108,"post_whaling",2.01750549145086,2.11467639518386,2.01750549145086,2.11467639518386,654049.485975049,245.29521233074,0.304814725502441,0.304814725502441,"Post-Peak Whaling (1970-1980)"
0.000537989486348578,218775.227581207,935948240.88451,117.698772312207,503530.313362312,633665.195401837,607350.012977704,242091.707492376,1043740.94071878,2710900276.52215,340.905212991206,326.747921515677,130.242793363074,561.521652578278,1458435.84730837,"post_whaling",2.89642114606704,2.77613704116598,2.89642114606704,2.77613704116597,414889.967820631,223.206440678999,0.461861709498594,0.461861709498594,"Post-Peak Whaling (1970-1980)"
0.000771736629646219,67623.6917000903,201677402.204335,52.1876799168627,155641.838652979,295827.132281699,251741.600464212,80817.598830366,567086.890248743,882259546.029068,228.300634024985,194.278214283996,62.3699013374469,437.64172539712,680872.008525676,"post_whaling",4.37460784592604,3.72268348762563,4.37460784592604,3.72268348762563,228203.440581609,176.112954108122,0.640939127533479,0.640939127533479,"Post-Peak Whaling (1970-1980)"
0.00110704287100476,19176.2097533617,39868124.7504744,21.2288863003511,44135.7232853411,130564.586800182,92909.4369230215,24410.2724795355,302496.235029934,271449118.542899,144.540595022823,102.854729794697,27.0232181277534,334.876300495669,300505.811523442,"post_whaling",6.80867535761559,4.84503653839799,6.80867535761559,4.84503653839799,111388.37704682,123.311708722472,0.833062627208546,0.833062627208546,"Post-Peak Whaling (1970-1980)"
0.00158803388508885,5341.92571620786,7742220.85892904,8.48315904896561,12294.909069821,53242.3009388317,29885.0450068876,7515.80265516352,150341.92872033,77165740.3724856,84.5505780109627,47.458464128343,11.9353492900404,238.748077157497,122541.810479476,"post_whaling",9.96687407638222,5.59443290576165,9.96687407638222,5.59443290576165,47900.3752226238,76.067418961997,0.998558971326276,0.998558971326276,"Post-Peak Whaling (1970-1980)"
0.00227800719036431,1768.3763249409,1786681.24257973,4.02837398348538,4070.07271748566,18997.6288763006,8249.76906926273,2601.04168556225,64804.6572547852,19194278.2133275,43.2767351800853,18.7930332586256,5.92519166214811,147.625475195495,43724.703783813,"post_whaling",10.742978521235,4.6651659790449,10.742978521235,4.6651659790449,17229.2525513597,39.2483611965999,1.03112470743421,1.03112470743421,"Post-Peak Whaling (1970-1980)"
0.00326776198422312,814.816942400429,573901.171449416,2.66262782847704,1875.37243076352,4954.21440899142,2189.22075119424,952.002917516772,17838.6573641344,3489408.85366924,16.1891935073926,7.15385234582492,3.1109189427308,58.2924863841001,11402.5575994319,"post_whaling",6.08015635315147,2.68676390643628,6.08015635315147,2.68676390643628,4139.39746659099,13.5265656789155,0.783914747436851,0.783914747436851,"Post-Peak Whaling (1970-1980)"
0.0046875481476536,484.856339169742,238064.595706752,2.27278743455323,1115.93925462709,686.938904393856,680.392983169223,288.0723731612,1109.65546039581,337287.190737359,3.22005918884262,3.1893748679314,1.35035311920196,5.20156339791209,1581.0499461682,"post_whaling",1.41678853899313,1.40328779517313,1.41678853899313,1.40328779517313,202.082565224114,0.947271754289383,0.151305035002901,0.151305035002901,"Post-Peak Whaling (1970-1980)"
0.00672420688613729,308.535454650746,105606.703592873,2.07465622878005,710.121323521454,454.157409190955,448.686539969841,198.834262488207,736.053368279282,155450.746985392,3.05384837827209,3.01706112178232,1.33700271702323,4.94937512754809,1045.28298333436,"post_whaling",1.47197802503783,1.45424628906179,1.47197802503783,1.45424628906179,145.621954540209,0.979192149492043,0.167901326525905,0.167901326525905,"Post-Peak Whaling (1970-1980)"
0.00964575868307804,204.458130698006,48786.029034274,1.97215378950619,470.578263170245,315.576911875058,309.915326021906,140.697942770428,527.185458343063,75300.2305788627,3.04397873789779,2.98936844699476,1.35713840316907,5.08510371240508,726.327852943843,"post_whaling",1.54347939501208,1.51578870922803,1.54347939501208,1.51578870922803,111.118781177052,1.0718249483916,0.188500836155474,0.188500836155474,"Post-Peak Whaling (1970-1980)"
0.0138366742944791,140.57255920052,23382.7889631751,1.94505671639898,323.540034979996,227.687078440988,222.694107536236,104.958812670306,392.81496465779,37873.3867769537,3.15043194544947,3.08134583327861,1.45228090525427,5.43525272396717,524.041717261541,"post_whaling",1.61971212401563,1.58419330773208,1.61971212401563,1.58419330773208,87.1145192404676,1.20537522905049,0.209437833023393,0.209437833023393,"Post-Peak Whaling (1970-1980)"
0.0198484703818451,90.8579971708492,10535.7047671765,1.80339226579937,209.117624023168,155.93340186111,150.2941113729,71.6249589353476,282.920329417732,18081.7136246236,3.09503950838059,2.98310821815072,1.42164587602912,5.61553577886971,358.894357331346,"post_whaling",1.71623199626438,1.6541649172641,1.71623199626438,1.6541649172641,65.0754046902609,1.29164724258123,0.234575994402688,0.234575994402689,"Post-Peak Whaling (1970-1980)"
0.0284722880740333,58.6626401677015,4742.0563726089,1.67025959003816,135.017195104226,107.706917206091,102.341632349141,47.2577175999482,205.132772025986,8706.60221993236,3.06666237425788,2.91390043821156,1.34553534922704,5.84059937854887,247.896886551932,"post_whaling",1.83603937528526,1.74457937891259,1.83603937528526,1.74457937891259,49.0442770383895,1.39640278421972,0.263881990746349,0.263881990746349,"Post-Peak Whaling (1970-1980)"
0.0408430056611436,38.0146192120727,2142.20203050756,1.55263130768491,87.4939696593338,75.3238603798254,70.2416741615725,31.4138240339736,151.086245987813,4244.65455647878,3.0764528559124,2.86888109542931,1.28303499285776,6.17081640020119,173.364450079862,"post_whaling",1.98144455846355,1.84775424869349,1.98144455846355,1.84775424869349,37.3092411677527,1.5238215482275,0.296981925123299,0.296981925123299,"Post-Peak Whaling (1970-1980)"
0.0585885864563713,24.6509186535053,968.38391047734,1.44426247875987,56.7362444619605,53.1985368853927,47.9942499877155,20.8458237732661,112.497192673853,2089.84532807357,3.11682707766229,2.81191526481397,1.22132734839428,6.5910514990711,122.441083684282,"post_whaling",2.15807522766816,1.94695583813023,2.15807522766816,1.94695583813023,28.5476182318874,1.67256459890242,0.334066579546024,0.334066579546024,"Post-Peak Whaling (1970-1980)"
0.0840443157253079,15.9159962972844,435.865967448802,1.3376490178918,36.6320569821839,37.8251453695258,32.48659161201,13.9505366617375,84.4026753507111,1035.8568368851,3.1789884597921,2.73031336227891,1.17246330773655,7.09356509523583,87.0578790453899,"post_whaling",2.37654901791976,2.04112837206131,2.37654901791976,2.04112837206131,21.9091490722414,1.84133944190029,0.375946776338551,0.375946776338551,"Post-Peak Whaling (1970-1980)"
0.12056011986217,10.1599122846698,193.960709485674,1.22488024282892,23.3839263841444,26.9919349346923,21.7527073258852,9.34836327707364,64.6000558579122,515.297248995317,3.2541509110384,2.62250900253542,1.12703979719911,7.78819047733278,62.124298103522,"post_whaling",2.65670944575183,2.14103298497052,2.65670944575183,2.14103298497052,16.8320226500225,2.02927066820948,0.42434405986505,0.42434405986505,"Post-Peak Whaling (1970-1980)"
0.172941410442158,6.3513881304658,84.5273265330589,1.09841802154834,14.6182750715321,19.2833805025939,13.9414229389691,6.04416700821431,50.2325677986771,256.632497797681,3.33489502221141,2.41104934663597,1.04528676734854,8.68729112523457,44.382386134425,"post_whaling",3.0360891361838,2.19501983701736,3.0360891361838,2.19501983701736,12.9319923721281,2.23647700066307,0.482314517811221,0.482314517811221,"Post-Peak Whaling (1970-1980)"
0.248081467403285,3.84089865675228,35.6341171035363,0.952855774914412,8.84016406066577,13.7922063402016,9.07023775286589,3.82025003530108,39.4890737068943,127.957840017172,3.4215907876061,2.25015789142764,0.947733234604944,9.79650735160282,31.7439687172148,"post_whaling",3.59088004468823,2.36148843368217,3.59088004468823,2.36148843368217,9.9513076834493,2.46873501269169,0.555200897523702,0.555200897523702,"Post-Peak Whaling (1970-1980)"
0.355868581802455,2.20688125378482,14.273050245429,0.785359701990827,5.07933014883601,9.15663429246477,5.1900295276829,2.12613685374162,29.3490671546497,59.2207220534537,3.25855845974316,1.84696844752938,0.756625306858963,10.4444109055502,21.0747943704799,"post_whaling",4.14912867503001,2.3517484317663,4.14912867503001,2.3517484317663,6.94975303867995,2.47319875775234,0.617956903613969,0.617956903613969,"Post-Peak Whaling (1970-1980)"
0.510487336437021,1.21157708493624,5.46252646779599,0.618494758977232,2.7885505867619,1.49323046648947,1.49539727493721,0.631815585674478,2.16507486134715,6.73239123381683,0.762275243524822,0.763381371797875,0.32253385545036,1.10524329915586,3.4368004688031,"post_whaling",1.23246839598989,1.23425681578973,1.23246839598989,1.23425681578973,0.281653381553232,0.143780484547589,0.090775791541011,0.090775791541011,"Post-Peak Whaling (1970-1980)"
0.732285270429473,0.629661253968323,1.97903806694423,0.461091661641155,1.44922042604248,0.810989887954384,0.778201982965171,0.314261261929262,1.30816435365821,2.5489576340508,0.593875949416244,0.569865849544402,0.230128893177377,0.957949487484796,1.86656413036416,"post_whaling",1.2879780720876,1.23590577959291,1.2879780720876,1.23590577959291,0.18132863398606,0.132784287775089,0.109908469194275,0.109908469194275,"Post-Peak Whaling (1970-1980)"
1.05045057734576,0.230602218844558,0.505260484606884,0.24223623392248,0.530751167765301,0.34230072347681,0.289216706628586,0.124014888743876,0.611502245219055,0.749997247605675,0.359569992602087,0.303807856456037,0.130271511480474,0.642352886538586,0.787835041755113,"post_whaling",1.48437740621891,1.25418006850809,1.48437740621891,1.25418006850809,0.111698504632252,0.117333758679607,0.171544335309506,0.171544335309506,"Post-Peak Whaling (1970-1980)"
1.50685321691489,0.0368937213223322,0.0563519553298423,0.0555934226585177,0.084914125168217,0.0799112432198128,0.0643808846449025,0.00743904783207436,0.122509301452168,0.122057484224267,0.120414513913443,0.0970125431349976,0.011209553156545,0.184603534995196,0.183922712751875,"post_whaling",2.16598489812524,1.74503634595223,2.16598489812524,1.74503634595223,0.0430175218974806,0.0648210912549253,0.335655424272802,0.335655424272802,"Post-Peak Whaling (1970-1980)"
2.16155492347296,0.0255920505348147,0.0272499861689609,0.0553186228352975,0.0589023417680875,0.0625794752513295,0.0489679849037678,0.00489985074952589,0.10500622648411,0.0666335756386434,0.135268972837866,0.105846988861289,0.0105912965119204,0.226976725852046,0.144032133490318,"post_whaling",2.4452700718998,1.91340607260654,2.4452700718998,1.91340607260654,0.0369874247165148,0.0799503500025682,0.38832683248147,0.38832683248147,"Post-Peak Whaling (1970-1980)"
3.10071321794452,0.0168015802270933,0.0124714228964135,0.0520968818925033,0.0386703058214853,0.0512046650846618,0.0392557427533068,0.00306595328190938,0.101251654585311,0.0380080340008897,0.158770981848433,0.121720800435408,0.00950664186681679,0.313952343711425,0.117852013414643,"post_whaling",3.0476100695631,2.33643158695307,3.0476100695631,2.33643158695307,0.0344030848575685,0.106674099955929,0.483959399849282,0.483959399849282,"Post-Peak Whaling (1970-1980)"
4.44791957656499,0.00817606456467166,0.00423072564347724,0.0363664776364624,0.0188179274126979,0.0412202897281735,0.0268871182082331,0.00135772023709481,0.104006454705609,0.0213295449669126,0.183344533633624,0.119591739435817,0.00603903042207245,0.462612345974197,0.094872100617554,"post_whaling",5.04158075099898,3.28851588628726,5.04158075099898,3.28851588628727,0.0330442251635019,0.146978055997161,0.702566727675592,0.702566727675592,"Post-Peak Whaling (1970-1980)"
6.38046383815689,0.000170191896213652,6.13923279892377e-05,0.00108590323933856,0.000391711528675598,0.00015800331703702,0.00015412107514536,0.000119807961737295,0.000207362866834774,5.69956130622519e-05,0.00100813445066355,0.000983363946662829,0.000764430367388098,0.00132307127321582,0.000363658448077281,"post_whaling",0.928383316433993,0.905572348473526,0.928383316433993,0.905572348473526,-1.21885791766318e-05,-7.77687886750111e-05,-0.0322726726600647,-0.0322726726600647,"Post-Peak Whaling (1970-1980)"
9.15266521555844,0.000134412305931961,3.380017363443e-05,0.00123023083704646,0.000309361673503683,0.000130659027309048,0.00012982291961508,9.53235432110258e-05,0.000169188753229788,3.28563503120545e-05,0.00119587833435022,0.00118822572054319,0.000872464478171338,0.00154852801654998,0.000300723174611344,"post_whaling",0.972076376512633,0.965855906681614,0.972076376512633,0.965855906681614,-3.75327862291286e-06,-3.43525026962335e-05,-0.0122996110049374,-0.0122996110049374,"Post-Peak Whaling (1970-1980)"
13.1293402287023,0.000110660773188245,1.9398952263255e-05,0.00145290294115972,0.000254695444344629,0.000116178796006898,0.00011701173703422,7.53634478065229e-05,0.000152287454627686,2.03662675834228e-05,0.00152535094013556,0.00153628690627372,0.000989472347059886,0.00199943380436995,0.000267395656291548,"post_whaling",1.04986430746572,1.05739128385785,1.04986430746572,1.05739128385785,5.51802281865311e-06,7.24479989758393e-05,0.0211331711394379,0.0211331711394379,"Post-Peak Whaling (1970-1980)"
18.8338118767848,9.37340132536084e-05,1.14547722942876e-05,0.00176536877207452,0.000215737026482019,0.000115134338159878,0.000115989776818953,5.46988390188939e-05,0.000163064797796985,1.40700006443407e-05,0.00216841846546128,0.00218452963623843,0.00103018764396039,0.00307113172543438,0.000264991745241754,"post_whaling",1.22830906480414,1.23743530008823,1.22830906480414,1.23743530008823,2.14003249062699e-05,0.000403049693386761,0.0893076569116903,0.0893076569116903,"Post-Peak Whaling (1970-1980)"
27.0167779668531,6.97018602713902e-05,5.93797400662679e-06,0.00188311968282876,0.000160424925309981,0.00011650883042412,8.93872367768682e-05,2.68187834339255e-05,0.000242977988578577,9.92550850016384e-06,0.00314769320274619,0.00241495512907117,0.000724557117375481,0.00656448236825997,0.000268155259357039,"post_whaling",1.671531146665,1.28242254121814,1.671531146665,1.28242254121814,4.68069701527301e-05,0.00126457351991743,0.223114473479417,0.223114473479417,"Post-Peak Whaling (1970-1980)"
38.7551015421336,7.05792329112202e-06,4.19155849639289e-07,0.000273530533824023,1.62444275147499e-05,8.11277899728245e-06,7.57981086199197e-06,6.11725288852241e-06,1.18864066598125e-05,4.81801605554304e-07,0.00031441157382857,0.000293756339626666,0.000237074756853596,0.000460658897072128,1.867227014642e-05,"post_whaling",1.14945695251283,1.07394350283268,1.14945695251283,1.07394350283268,1.05485570616043e-06,4.08810400045465e-05,0.0604927114589695,0.0604927114589694,"Post-Peak Whaling (1970-1980)"
55.5935240458296,5.46837198213067e-06,2.26392127892686e-07,0.000304006069280122,1.25859362057886e-05,6.34132560349432e-06,6.0606321597596e-06,4.92569332563103e-06,8.67029892764332e-06,2.6253265171549e-07,0.000352536637420296,0.000336931899706523,0.000273836650340851,0.000482012471918469,1.45951152859605e-05,"post_whaling",1.15963683966933,1.1083064904078,1.15963683966933,1.1083064904078,8.72953621363654e-07,4.85305681401743e-05,0.0643220036913836,0.0643220036913836,"Post-Peak Whaling (1970-1980)"
79.747950407875,4.76270106385373e-06,1.37455230333834e-07,0.000379815648247741,1.09617728919656e-05,5.68440826112537e-06,5.5050785885836e-06,4.52485405861877e-06,7.15764953275938e-06,1.64056411764863e-07,0.000453319908106341,0.000439018734273819,0.000360847837069602,0.000570807879975445,1.30831625895182e-05,"post_whaling",1.19352614932457,1.15587321454292,1.19352614932457,1.15587321454292,9.21707197271642e-07,7.35042598586004e-05,0.0768319385358681,0.0768319385358681,"Post-Peak Whaling (1970-1980)"
114.397057992117,3.70206715149209e-06,7.44829575436592e-08,0.000423505590619951,8.52063121354634e-06,4.49541275071944e-06,4.41238024582929e-06,3.46060865059743e-06,5.4908486126466e-06,9.04445066368147e-08,0.000514261993142552,0.000504763318865403,0.000395883448490414,0.000628136927166866,1.03465854708001e-05,"post_whaling",1.21429800345669,1.19186931659273,1.21429800345669,1.19186931659273,7.93345599227347e-07,9.07564025226013e-05,0.084325280952382,0.084325280952382,"Post-Peak Whaling (1970-1980)"
164.100604596346,2.81609545317306e-06,3.9497050648047e-08,0.00046212296646672,6.48148989111701e-06,3.51693731001295e-06,3.5114059215049e-06,2.18330450517351e-06,4.63291463729777e-06,4.93266841871682e-08,0.000577131538900572,0.000576223834702143,0.000358281589316898,0.000760264093023825,8.09453869784731e-06,"post_whaling",1.24887006441852,1.2469058595114,1.24887006441852,1.2469058595114,7.00841856839889e-07,0.000115008572433852,0.0965172556347343,0.0965172556347343,"Post-Peak Whaling (1970-1980)"
235.399484056154,2.17206740392724e-06,2.1237102747814e-08,0.000511303546219664,4.99920302968296e-06,3.05323141345446e-06,2.79933322099816e-06,1.24935341100941e-06,5.15091589114635e-06,2.9852567707221e-08,0.000718729099431223,0.000658961595924221,0.000294097148355412,0.0012125229431925,7.02727903603125e-06,"post_whaling",1.40567986423166,1.28878745472483,1.40567986423166,1.28878745472483,8.81164009527219e-07,0.00020742555321156,0.147886423793004,0.147886423793004,"Post-Peak Whaling (1970-1980)"
337.676495648558,4.97890984048123e-07,3.39360199532656e-09,0.000168126082708382,1.14593962940783e-06,7.65773689522001e-07,7.50281421754558e-07,3.57103136968587e-07,1.15559009377821e-06,5.21947816688978e-09,0.000258583775937656,0.000253352401248297,0.000120585335876659,0.000390215613273213,1.7624950965095e-06,"post_whaling",1.53803485914898,1.50691907624911,1.53803485914898,1.50691907624911,2.67882705473878e-07,9.0457693229274e-05,0.186966178745309,0.186966178745309,"Post-Peak Whaling (1970-1980)"
484.391102940098,2.39712825863639e-07,1.1389970273881e-09,0.000116114760108976,5.51720026342014e-07,3.90252488425357e-07,3.62579555759957e-07,1.3424724986704e-07,7.12136799270827e-07,1.85428719821668e-09,0.000189034833293477,0.000175630310918097,6.50281734297704e-05,0.000344952729643027,8.98200221111882e-07,"post_whaling",1.62800003303683,1.51255801375522,1.62800003303683,1.51255801375522,1.50539662561718e-07,7.29200731845007e-05,0.211654409366275,0.211654409366275,"Post-Peak Whaling (1970-1980)"
694.850674036028,8.77955159042112e-08,2.90809325214616e-10,6.1004773403382e-05,2.02069055641338e-07,1.43945096528025e-07,1.25394063739919e-07,5.13205804624879e-08,2.82821755065832e-07,4.76796291452283e-10,0.00010002034734668,8.71301497097996e-05,3.566013992628e-05,0.000196518887139546,3.31302224493497e-07,"post_whaling",1.63954952648238,1.42825134573763,1.63954952648238,1.42825134573763,5.61495806238142e-08,3.90155739432976e-05,0.214724540098482,0.214724540098482,"Post-Peak Whaling (1970-1980)"
996.751295136877,3.61955799071432e-08,8.3578814565373e-11,3.60779911506753e-05,8.33072916640405e-08,3.71490436287962e-08,3.73849423439579e-08,2.68187435791093e-08,4.51366994227139e-08,8.57804471346338e-11,3.70283573500989e-05,3.72634896999575e-05,2.6731617396421e-05,4.4990063607794e-05,8.55017717788666e-08,"post_whaling",1.02634199325164,1.03285932812421,1.02634199325164,1.03285932812421,9.53463721652987e-10,9.50366199423639e-07,0.0112920986254311,0.0112920986254311,"Post-Peak Whaling (1970-1980)"
1429.82252371756,3.22066356575707e-08,5.18430689813423e-11,4.60497730763597e-05,7.41263877281664e-08,3.45244482251615e-08,3.46077290356915e-08,2.49344868392102e-08,4.21564313806581e-08,5.55740552943814e-11,4.93638336912566e-05,4.94829104699459e-05,3.56518909000418e-05,6.02762151076187e-05,7.94610359942316e-08,"post_whaling",1.07196692607804,1.07455275377565,1.07196692607804,1.07455275377565,2.3178125675908e-09,3.31406061489695e-06,0.0301813860625476,0.0301813860625476,"Post-Peak Whaling (1970-1980)"
2051.05572403526,3.38100312887604e-08,3.79398482660197e-11,6.93462582046234e-05,7.7816742955049e-08,4.00995720948372e-08,4.02342645192071e-08,2.84092999066304e-08,4.96984927298402e-08,4.4997641907424e-11,8.22464568764806e-05,8.25227185444685e-05,5.82690571893287e-05,0.000101934377989464,9.22926710023109e-08,"post_whaling",1.18602587949002,1.19000968013248,1.18602587949002,1.19000968013248,6.2895408060768e-09,1.29001986718572e-05,0.0740941655856528,0.0740941655856527,"Post-Peak Whaling (1970-1980)"
2942.20402414699,2.08370497399537e-08,1.63001244389679e-11,6.13068515962428e-05,4.79582917184279e-08,3.1858693949214e-08,3.16439468283022e-08,2.01744142787148e-08,4.13654515425058e-08,2.49219866687487e-11,9.37347775414447e-05,9.3102947698124e-05,5.93572428756432e-05,0.000121705597989018,7.33255694665301e-08,"post_whaling",1.52894456493651,1.51863854159867,1.52894456493651,1.51863854159867,1.10216442092602e-08,3.24279259452019e-05,0.18439173944854,0.18439173944854,"Post-Peak Whaling (1970-1980)"
4220.54087476266,6.53057362423939e-11,3.56131751765809e-14,2.75625529167493e-07,1.50306861512843e-10,5.80614052845588e-11,5.83616438362253e-11,5.11140249262776e-11,6.29623112277245e-11,3.16626243937076e-14,2.45050534249641e-07,2.46317703329129e-07,2.15728831474992e-07,2.65735008106139e-07,1.336334004559e-10,"post_whaling",0.889070526194722,0.893667956205344,0.889070526194722,0.893667956205343,-7.24433095783501e-12,-3.05749949178513e-08,-0.0510637869236833,-0.0510637869236834,"Post-Peak Whaling (1970-1980)"
6054.29301617067,9.81420251926514e-11,3.73094679659784e-14,5.94180577716716e-07,2.25882451343466e-10,1.23069992062128e-10,1.26215609951892e-10,7.05051544721983e-11,1.44962021994132e-10,4.67860319511626e-14,7.45101793441924e-07,7.6414628586346e-07,4.26858864325065e-07,8.77642557369052e-07,2.83256346496262e-10,"post_whaling",1.25399890434851,1.28605059559483,1.25399890434851,1.28605059559483,2.4927966869477e-11,1.50921215725208e-07,0.0982971570404666,0.0982971570404666,"Post-Peak Whaling (1970-1980)"
8684.77880283868,1.64200992469418e-11,4.35155515776505e-15,1.42604929880347e-07,3.77922939935413e-11,9.18921762930038e-12,9.30327249076828e-12,6.4839056885311e-12,1.12609653490563e-11,2.43527074771215e-15,7.98063224816194e-08,8.07968637248566e-08,5.63112866833601e-08,9.77989931629852e-08,2.11497877689036e-11,"post_whaling",0.55963228303945,0.566578334933085,0.55963228303945,0.566578334933085,-7.23088161764141e-12,-6.27986073987279e-08,-0.252097240675038,-0.252097240675038,"Post-Peak Whaling (1970-1980)"
12458.1652478298,1.50302174769227e-11,2.77676197875625e-15,1.87248933038322e-07,3.45933595852362e-11,8.32355305472043e-12,8.37988054778579e-12,6.22312182088607e-12,1.02009738248691e-11,1.53773727399454e-15,1.03696199404786e-07,1.0439793662139e-07,7.7528680001974e-08,1.27085417599006e-07,1.91573850671713e-11,"post_whaling",0.553787932044256,0.557535548680664,0.553787932044256,0.557535548680664,-6.70666442220223e-12,-8.35527336335362e-08,-0.256656512482992,-0.256656512482992,"Post-Peak Whaling (1970-1980)"
17871.0229547244,2.00486312722419e-11,2.58203896900754e-15,3.5828954967704e-07,4.61436776851266e-11,1.15460912303716e-11,1.14355827654934e-11,9.28819109088498e-12,1.45830392082278e-11,1.48700712241698e-15,2.06340461415312e-07,2.04365562102782e-07,1.65989476193072e-07,2.60613828439885e-07,2.65743384185525e-11,"post_whaling",0.575904213788277,0.570392193372639,0.575904213788277,0.570392193372639,-8.50254004187037e-12,-1.51949088261729e-07,-0.239649743803308,-0.239649743803308,"Post-Peak Whaling (1970-1980)"
25635.6738809449,2.98487413809906e-11,2.67983936071455e-15,7.65192599799739e-07,6.8699487904598e-11,2.47351765163241e-11,2.24825364585057e-11,1.57495999189148e-11,4.92786222594654e-11,2.22074019056906e-15,6.34102918560093e-07,5.76354972666706e-07,4.03751607276656e-07,1.26329068954593e-06,5.69301712997359e-11,"post_whaling",0.828684070815695,0.753215560131587,0.828684070815695,0.753215560131587,-5.11356486466641e-12,-1.31089681239646e-07,-0.0816110091994202,-0.0816110091994202,"Post-Peak Whaling (1970-1980)"
36773.9315760001,1.67892158383294e-12,1.05079458311088e-16,6.17405474453421e-08,3.86418480997511e-12,1.00350368071203e-12,1.03337899110957e-12,4.24201718281843e-13,1.36785785662477e-12,6.28067589325221e-17,3.69027756907684e-08,3.80014083111394e-08,1.55995649625182e-08,5.03015112252135e-08,2.3096514554949e-12,"post_whaling",0.597707296383109,0.615501641685012,0.597707296383108,0.615501641685012,-6.75417903120905e-13,-2.48377717545736e-08,-0.223511442577594,-0.223511442577594,"Post-Peak Whaling (1970-1980)"
52751.5699347979,1.32716369809874e-12,5.79050687257124e-17,7.00099686351808e-08,3.0545832824637e-12,7.85818025030533e-13,8.09674446581692e-13,3.32115375205627e-13,1.07426253627909e-12,3.42857831407555e-17,4.14531345034229e-08,4.27115981932729e-08,1.75196074415813e-08,5.66690353108595e-08,1.80862888711888e-12,"post_whaling",0.592103314878394,0.610078807717246,0.592103314878394,0.610078807717246,-5.41345673068209e-13,-2.85568341317578e-08,-0.227602507522349,-0.227602507522349,"Post-Peak Whaling (1970-1980)"
75671.2163026369,1.13670806101468e-12,3.45736874651639e-17,8.60160815579929e-08,2.61623298255619e-12,6.7354582867374e-13,6.94611532902308e-13,2.85183315628795e-13,9.27692476253231e-13,2.04863181433267e-17,5.09680320913094e-08,5.25620995525567e-08,2.15801683628497e-08,7.01996180328871e-08,1.55022461146831e-12,"post_whaling",0.592540733873656,0.611072936601033,0.592540733873656,0.611072936601033,-4.63162232340941e-13,-3.50480494666835e-08,-0.227281788965993,-0.227281788965993,"Post-Peak Whaling (1970-1980)"
108549.05330397,1.16663388212184e-12,2.47363730448241e-17,1.26637003456661e-07,2.68510987618949e-12,7.17149614591552e-13,7.37373761692401e-13,3.00958543019334e-13,1.00259457294063e-12,1.52058676396609e-17,7.78459117412196e-08,8.0041223762897e-08,3.26687649284907e-08,1.08830691740403e-07,1.65058253695066e-12,"post_whaling",0.614716943834359,0.632052414208378,0.614716943834359,0.632052414208378,-4.49484267530288e-13,-4.8791091715441e-08,-0.21132481597895,-0.21132481597895,"Post-Peak Whaling (1970-1980)"
155711.742838438,3.26598012645431e-12,4.8274707238989e-17,5.08551457565904e-07,7.51693879919835e-12,3.0966237480094e-12,3.18702483193661e-12,8.73214299704802e-13,4.65049963043848e-12,4.57714373867748e-17,4.8218068071744e-07,4.9625719105023e-07,1.35969720478481e-07,7.24137402525089e-07,7.12715028771517e-12,"post_whaling",0.94814531262051,0.975824931120012,0.94814531262051,0.975824931120012,-1.69356378444915e-13,-2.63707768484639e-08,-0.0231250976482273,-0.0231250976482273,"Post-Peak Whaling (1970-1980)"
223365.806700198,4.12111520583079e-13,4.24644536568568e-18,9.20516222454847e-08,9.48510694714699e-13,9.12841987195427e-13,8.84272714321024e-13,9.50494155022654e-14,1.80603735669716e-12,9.4060307283933e-18,2.03897686859718e-07,1.97516288177289e-07,2.12307893700458e-08,4.03406991109354e-07,2.10098564149442e-12,"post_whaling",2.21503632294454,2.14571219234518,2.21503632294454,2.14571219234518,5.00730466612348e-13,1.11846064614234e-07,0.345380852331115,0.345380852331115,"Post-Peak Whaling (1970-1980)"
320414.393245838,1.75388276759659e-15,1.25984182146823e-20,5.61969282803791e-10,4.03671452811475e-15,1.10955804082159e-15,1.04750776326879e-15,9.69457442282498e-16,1.63121656031424e-15,7.97013146488093e-21,3.55518366420891e-10,3.35636564388075e-10,3.10628118146609e-10,5.2266526442565e-10,2.55374483740938e-15,"post_whaling",0.63262953563428,0.597250729992766,0.63262953563428,0.597250729992766,-6.44324726774992e-16,-2.06450916382899e-10,-0.198850535999886,-0.198850535999886,"Post-Peak Whaling (1970-1980)"
459628.91507784,3.00979581520609e-15,1.50715239662441e-20,1.383389185149e-09,6.92730820917443e-15,2.5353546843181e-15,2.5437363915883e-15,1.70502815443211e-15,3.32605607938335e-15,1.26957645082024e-20,1.16532232289065e-09,1.16917479790975e-09,7.83680240798802e-10,1.52875154725502e-09,5.83534046698879e-15,"post_whaling",0.842367668766426,0.845152478030848,0.842367668766426,0.845152478030847,-4.7444113088799e-16,-2.1806686225835e-10,-0.0744983103242229,-0.0744983103242229,"Post-Peak Whaling (1970-1980)"
659329.743072884,1.5637652440006e-15,5.45878972361599e-21,1.03103693655322e-09,3.59914242596063e-15,8.36623006757369e-16,7.78695446200675e-16,7.04780683782863e-16,1.38465572639134e-15,2.92048252725208e-21,5.51610432094199e-10,5.13417068475516e-10,4.64682867161287e-10,9.12944704325999e-10,1.92556099434196e-15,"post_whaling",0.535005500324989,0.497961857886373,0.535005500324989,0.497961857886373,-7.27142237243229e-16,-4.7942650445902e-10,-0.271641753028281,-0.271641753028281,"Post-Peak Whaling (1970-1980)"
945797.132947857,2.1903622494751e-15,5.33022361833629e-21,2.07163833567077e-09,5.04131021619341e-15,1.13119633943286e-15,1.04493565762876e-15,9.27840161401053e-16,1.93597604645252e-15,2.75275445733485e-21,1.06988225463671e-09,9.88297149100268e-10,8.77548564486993e-10,1.83104059419052e-09,2.60354727345674e-15,"post_whaling",0.516442583734238,0.477060658746823,0.516442583734238,0.477060658746823,-1.05916591004224e-15,-1.00175608103406e-09,-0.286977954789985,-0.286977954789985,"Post-Peak Whaling (1970-1980)"
1356729.65779355,2.38027863796411e-14,4.03795948355954e-20,3.22939462193835e-08,5.47841938831397e-14,2.72789631113506e-14,2.52491748268775e-14,9.95246695361521e-15,5.04616960122215e-14,4.62766610766894e-20,3.70101782870256e-08,3.42563043224392e-08,1.350280708418e-08,6.84628795623437e-08,6.27849185464051e-14,"post_whaling",1.14604074818244,1.0607655097251,1.14604074818244,1.0607655097251,3.47617673170952e-15,4.71623206764218e-09,0.0592000595128441,0.0592000595128442,"Post-Peak Whaling (1970-1980)"
1946205.26983358,5.12444566175641e-17,6.06018280469448e-23,9.97322315188619e-11,1.17943597106513e-16,2.47698918490757e-17,2.31067762579583e-17,1.81635307126129e-17,4.35516146328291e-17,2.92929387032392e-23,4.82072940498792e-11,4.4970529722104e-11,3.53499591916713e-11,8.47603819081735e-11,5.70100716731564e-17,"post_whaling",0.483367245630736,0.450912699307234,0.483367245630736,0.450912699307234,-2.64745647684884e-17,-5.15249374689827e-11,-0.315722781987499,-0.315722781987499,"Post-Peak Whaling (1970-1980)"
2791797.85786357,2.26515959693257e-16,1.86742132352667e-22,6.32386771043546e-10,5.21346285075049e-16,6.83240975199685e-16,2.6182948925801e-16,8.62477786195235e-17,2.30355216364492e-15,5.63271024224006e-22,1.9074706909671e-09,7.30975007236026e-10,2.40786363595477e-10,6.43105199594087e-09,1.5725388388252e-15,"post_whaling",3.01630391132225,1.15589863783803,3.01630391132225,1.15589863783803,4.56725015506428e-16,1.27508391992355e-09,0.479475097264303,0.479475097264303,"Post-Peak Whaling (1970-1980)"
4004785.82602855,5.18500080767347e-18,2.97986788597633e-24,2.07648177425173e-11,1.19337326731957e-17,2.6817405523788e-18,2.42257867880438e-18,2.00746235725678e-18,4.58783912913404e-18,1.54122108114766e-24,1.07397965532526e-11,9.70190875531476e-12,8.03945679462780e-12,1.83733131164552e-11,6.17226034055655e-18,"post_whaling",0.5172112120812,0.467228216284773,0.5172112120812,0.467228216284773,-2.50326025529467e-18,-1.00250211892647e-11,-0.286332069073514,-0.286332069073514,"Post-Peak Whaling (1970-1980)"
5744796.12382558,9.20657058575598e-18,3.68850811388064e-24,5.28898710147775e-11,2.11897271153207e-17,5.0238812452953e-18,4.70364578524582e-18,3.54379330258035e-18,8.30543342852042e-18,2.01276105623024e-24,2.88611735045324e-11,2.70214860749287e-11,2.03583700283026e-11,4.77130217668555e-11,1.15629019140186e-17,"post_whaling",0.545684323874955,0.510900963766368,0.545684323874955,0.510900963766368,-4.18268934046068e-18,-2.40286975102451e-11,-0.263058522215375,-0.263058522215375,"Post-Peak Whaling (1970-1980)"
8240810.85430961,3.00803115242125e-17,8.4011716879457e-24,2.47886157709745e-10,6.92324668349415e-17,2.80171161360822e-15,2.1369766113939e-17,5.34405896423766e-18,1.32613798306813e-14,7.82493900273869e-22,2.30883754760679e-08,1.76104200545806e-10,4.40393791185603e-11,1.09284522851801e-07,6.44838422680796e-15,"post_whaling",93.1410438137598,0.71042369680041,93.1410438137598,0.71042369680041,2.77163130208401e-15,2.28404893183582e-08,1.9691411006787,1.9691411006787,"Post-Peak Whaling (1970-1980)"
11821300.8908807,7.42210336635731e-18,1.44507105902562e-24,8.77389171369281e-11,1.70826197974455e-17,8.36698070159835e-18,7.37507017478051e-18,5.99260915121335e-18,1.36408885539624e-17,1.62903708915061e-24,9.8908596421786e-11,8.71829236274404e-11,7.08404358979381e-11,1.6125304801536e-10,1.92573375932538e-17,"post_whaling",1.1273058712068,0.993663091275448,1.1273058712068,0.993663091275448,9.44877335241039e-19,1.11696792848579e-11,0.052041768889235,0.052041768889235,"Post-Peak Whaling (1970-1980)"
16957452.0303007,3.25706263133564e-20,4.42071980575192e-27,5.5231483330559e-13,7.49641440454382e-20,1.81591212022716e-20,1.81279389140476e-20,1.30285487833045e-20,2.62708816344907e-20,2.46468661614322e-27,3.07932426699937e-13,3.07403654543183e-13,2.20930991017318e-13,4.45487215110582e-13,4.17948050629728e-20,"post_whaling",0.557530611403227,0.556573236868147,0.557530611403227,0.556573236868147,-1.44115051110848e-20,-2.44382406605653e-13,-0.253731282542524,-0.253731282542524,"Post-Peak Whaling (1970-1980)"
24325172.1628858,2.78122843207959e-20,2.63152932725492e-27,6.76538604346491e-13,6.40124039371591e-20,1.52540541897834e-20,1.49021403228466e-20,1.05681055910081e-20,2.38221786705595e-20,1.4433007550529e-27,3.71057494348471e-13,3.62497128948728e-13,2.57070987936828e-13,5.79478597456387e-13,3.5108539349485e-20,"post_whaling",0.548464628573409,0.535811447594901,0.548464628573409,0.535811447594901,-1.25582301310125e-20,-3.0548110999802e-13,-0.260851375583752,-0.260851375583752,"Post-Peak Whaling (1970-1980)"
34894039.487579,3.88510120605999e-20,2.56258668349982e-27,1.35566874897498e-12,8.94190009243866e-20,1.77465335054275e-20,1.765890362728e-20,1.01297628760604e-20,2.80425571605624e-20,1.17054944072902e-27,6.1924824090603e-13,6.16190480477662e-13,3.53468345797064e-13,9.78518096893355e-13,4.08451984069621e-20,"post_whaling",0.45678432978133,0.454528793219998,0.45678432978133,0.454528793219998,-2.11044785551724e-20,-7.36420508068949e-13,-0.340288803199665,-0.340288803199665,"Post-Peak Whaling (1970-1980)"
50054897.1907571,7.67834412674821e-19,3.53059966195872e-26,3.84338725859635e-11,1.76723803101065e-18,2.35300642170777e-18,3.67038670886041e-20,1.10516517664741e-20,5.40143504396059e-18,1.08194208802496e-25,1.17779494527774e-10,1.83720829362329e-12,5.5318929295891e-13,2.70368275808e-10,5.41564999824424e-18,"post_whaling",3.0644711709532,0.04780180007919,3.0644711709532,0.04780180007919,1.58517200903295e-18,7.93456219418102e-11,0.486355540077153,0.486355540077153,"Post-Peak Whaling (1970-1980)"
71802885.8100286,3.29369756173799e-20,1.05576994772059e-27,2.36496989918243e-12,7.58073289978412e-20,1.82197336966715e-20,1.67917044479413e-20,1.43960933718735e-20,3.477617438912e-20,5.84019841890633e-28,1.30822945811123e-12,1.20569283703128e-12,1.03368104849114e-12,2.49702967857163e-12,4.19343100180641e-20,"post_whaling",0.553169602100851,0.509813185126833,0.553169602100851,0.509813185126833,-1.47172419207084e-20,-1.05674044107119e-12,-0.257141693354095,-0.257141693354095,"Post-Peak Whaling (1970-1980)"
103000000.000001,2.10042763247478e-18,4.69351245860388e-26,2.16344046144904e-10,4.83431783236202e-18,2.04621266123618e-17,5.69622919291624e-18,3.63906787407955e-20,1.11987200602514e-16,4.57236634577568e-25,2.10759904107327e-09,5.86711606870376e-10,3.74823991030196e-12,1.1534681662059e-08,4.70953733614897e-17,"post_whaling",9.74188603120437,2.71193784772522,9.74188603120437,2.71193784772522,1.8361698979887e-17,1.89125499492837e-09,0.988643044522492,0.988643044522492,"Post-Peak Whaling (1970-1980)"
3.16227766016838e-08,575494145270.47,41885951582789804032,18198.722791465,1324550089651.51,460887337161.957,475858726911.909,249348103978.181,618034706112.945,33544571822557552640,14574.5373016175,15047.974215097,7885.07938815544,19543.973443497,1060772500943.87,"peak_krill",0.800854953868123,0.826869796717506,0.800854953868123,0.826869796717506,-114606808108.513,-3624.18548984755,-0.0964461336520768,-0.0964461336520768,"Peak Krill Fishing (1977-1986)"
4.53623270600988e-08,398183356459.273,2.020297164336e+19,18062.5236455935,916453807271.999,313282861424.548,312360870449.666,178276933597.766,424400592619.462,15895302159265886208,14211.239622264,14169.4159661149,8087.05656913339,19251.7984869038,721047895267.714,"peak_krill",0.786780402401352,0.784464908898357,0.786780402401352,0.784464908898357,-84900495034.7253,-3851.28402332951,-0.104146466285684,-0.104146466285684,"Peak Krill Fishing (1977-1986)"
6.50714749759769e-08,270958600153.966,9583844654781523968,17631.6757694445,623634907627.266,209628297335.924,203200284004.548,124107988128.248,288106749726.309,7414583024020093952,13640.8225043512,13222.5421957133,8075.88984380613,18747.5311552256,482477853704.827,"peak_krill",0.773654341352543,0.749931110837905,0.773654341352543,0.749931110837905,-61330302818.0423,-3990.85326509333,-0.111453033081345,-0.111453033081345,"Peak Krill Fishing (1977-1986)"
9.33439073780173e-08,181389261636.15,4472528051222797312,16931.5824375318,417483244158.925,138017290798.973,133291409722.219,83478483533.963,192982172936.852,3403102251391261696,12883.0732089042,12441.9410033961,7792.20783505158,18013.710076226,317658861351.788,"peak_krill",0.760890085521285,0.734836277075699,0.760890085521285,0.734836277075699,-43371970837.1771,-4048.50922862753,-0.118678074765856,-0.118678074765856,"Peak Krill Fishing (1977-1986)"
1.33900223528244e-07,119558376716.254,2055067941735915520,16008.8933669804,275174056764.168,89402990008.3652,86176404261.9816,53804939611.5296,126776033260.551,1536732295199769344,11971.0803462135,11539.0397935397,7204.4934409075,16975.3391916119,205768797830.321,"peak_krill",0.747776880749593,0.720789346835167,0.747776880749593,0.720789346835167,-30155386707.8888,-4037.81302076696,-0.126227966191814,-0.126227966191814,"Peak Krill Fishing (1977-1986)"
1.92077558830971e-07,77702537450.1077,931077968756952704,14924.9137083887,178839183320.134,57001856989.1467,54868612856.0576,33117553145.1063,81943091882.6812,683030116679355008,10948.7775393074,10539.0292138332,6361.13876256694,15739.4290518873,131194757419.803,"peak_krill",0.733590676182837,0.706136693300247,0.733590676182837,0.706136693300247,-20700680460.961,-3976.13616908136,-0.134546197114585,-0.134546197114585,"Peak Krill Fishing (1977-1986)"
2.75531941876727e-07,49893945728.9374,416776644630289984,13747.3757545862,114835278223.85,35809275570.2089,34223616651.1375,19528757377.4308,52207348158.2251,299123861637930048,9866.59923505849,9429.69955393261,5380.79644264297,14384.7920182701,82418178458.7643,"peak_krill",0.717707831021275,0.68592724329855,0.717707831021275,0.68592724329855,-14084670158.7285,-3880.77651952767,-0.144052315087493,-0.144052315087493,"Peak Krill Fishing (1977-1986)"
3.95245813495413e-07,31725800858.7023,184745041963576736,12539.4899691913,73019704400.1382,22199005877.8573,20936677958.9514,11654852001.9382,32810117703.807,129268802093281008,8774.06413698317,8275.13431177723,4606.5314606747,12968.0616627215,51092952842.9365,"peak_krill",0.69971459433681,0.659925908638127,0.69971459433681,0.659925908638127,-9526794980.84501,-3765.4258322081,-0.15507906767162,-0.15507906767162,"Peak Krill Fishing (1977-1986)"
5.66973295442978e-07,20029464233.3854,81308173488919664,11356.1713423598,46099563069.4622,13609954836.4336,12764721579.7114,7043995946.10156,20432005407.3867,55248635516301440,7716.48094444288,7237.25625946105,3993.75759464818,11584.4014383348,31324500947.4054,"peak_krill",0.679496699354961,0.637297205305917,0.679496699354961,0.637297205305917,-6419509396.95179,-3639.69039791692,-0.167812648505304,-0.167812648505304,"Peak Krill Fishing (1977-1986)"
8.13313403379543e-07,12587646729.3316,35621654998128976,10237.7018019721,28971569460.5402,8273909456.44231,7762009669.55607,4225892036.71774,12598721487.0854,23414253234194084,6729.28145927329,6312.94650141157,3436.97463469741,10246.7090508924,19043125985.4929,"peak_krill",0.657303913460054,0.616637075734666,0.657303913460054,0.616637075734666,-4313737272.88928,-3508.42034269877,-0.182233782006796,-0.182233782006796,"Peak Krill Fishing (1977-1986)"
1.16668403509199e-06,7893355820.04633,15571695483812444,9209.05221854848,18167248520.278,5002505861.73131,4677072423.41418,2539998232.03356,7729133091.93377,9868742738929190,5836.343724336,5456.66572736632,2963.37538647543,9017.4561834603,11513704599.9387,"peak_krill",0.633761606061989,0.592532825080059,0.633761606061989,0.592532825080059,-2890849958.31502,-3372.70849421248,-0.198074074360737,-0.198074074360737,"Peak Krill Fishing (1977-1986)"
1.67358810525261e-06,4948033648.71108,6804740069275370,8280.97025887254,11388332039.2751,3017471440.13474,2794473483.92944,1496704631.1545,4726878191.07709,4149751249554981,5050.00431014896,4676.79758314814,2504.86706777667,7910.84711556459,6944974331.01238,"peak_krill",0.609832441402407,0.564764446308359,0.609832441402407,0.564764446308359,-1930562208.57634,-3230.96594872358,-0.214789476088558,-0.214789476088558,"Peak Krill Fishing (1977-1986)"
2.40073324207457e-06,3104224269.47993,2976025585501598,7452.4143945951,7144643552.37811,1821331250.67751,1678114793.69079,901629558.049499,2903337844.23881,1746113660337431,4372.53047833074,4028.70596923058,2164.57205204643,6970.13967563722,4191953108.81257,"peak_krill",0.586726696451815,0.540590707375641,0.586726696451815,0.540590707375641,-1282893018.80242,-3079.88391626437,-0.231564150648615,-0.231564150648615,"Peak Krill Fishing (1977-1986)"
3.44381038650601e-06,1949448172.48213,1302866564005701,6713.52986434912,4486825405.35423,1102981403.38445,1007555356.54027,549964639.829817,1786130892.1201,737150959679008,3798.45881309836,3469.82960183315,1893.97393885696,6151.09611794243,2538608131.36544,"peak_krill",0.565791601415126,0.516841314769298,0.565791601415126,0.516841314769298,-846466769.097674,-2915.07105125076,-0.247343503478777,-0.247343503478777,"Peak Krill Fishing (1977-1986)"
4.94008654120945e-06,1224395121.00654,570445961609252,6048.6178584069,2818052417.43315,671472205.557699,606484967.8275,337535455.73331,1103908993.96918,312839051235653,3317.13080547181,2996.08822701048,1667.45436204912,5453.40596382723,1545451986.57398,"peak_krill",0.548411369857227,0.49533435524386,0.548411369857227,0.49533435524386,-552922915.448836,-2731.48705293509,-0.260893549843381,-0.260893549843381,"Peak Krill Fishing (1977-1986)"
7.08646885155566e-06,767730983.558558,249348443755464,5440.50170136191,1766999979.85697,412098645.693438,370873271.780371,210147260.485963,688660307.436321,133843961202531,2920.32421647482,2628.18188834614,1489.20201567353,4880.16981795023,948481062.030564,"peak_krill",0.536774800703358,0.483077119098819,0.536774800703358,0.483077119098819,-355632337.86512,-2520.17748488709,-0.270207880641525,-0.270207880641525,"Peak Krill Fishing (1977-1986)"
1.01654172179288e-05,478777498.380181,108401676730534,4866.97302559074,1101948271.08892,254080920.989294,227776368.292915,131257649.479039,428975279.600628,57527344024441,2582.83856897176,2315.44181608208,1334.28876999908,4360.71269331803,584789453.447763,"peak_krill",0.530686846915134,0.475745767216582,0.530686846915134,0.475745767216582,-224696577.390887,-2284.13445661898,-0.275161676235259,-0.275161676235259,"Peak Krill Fishing (1977-1986)"
1.45821154906901e-05,295757325.942543,46681247557508.2,4312.76748411182,680711343.133078,157429169.74657,141620347.249414,80026325.736023,268299340.868463,24848040609957.1,2295.65033484794,2065.12425942259,1166.95312417827,3912.37197461995,362336997.891751,"peak_krill",0.532291699774004,0.478839693313048,0.532291699774004,0.478839693313048,-138328156.195973,-2017.11714926389,-0.273850305892723,-0.273850305892723,"Peak Krill Fishing (1977-1986)"
2.0917792907584e-05,180412273.734014,19850785545137.2,3773.82657995447,415234621.086044,98001231.923767,89101859.9403545,49427927.8541711,166607110.387144,10783088078287.3,2049.96947406947,1863.81425391289,1033.92315870456,3485.05303200928,225558403.325853,"peak_krill",0.543207121641028,0.49387914744492,0.543207121641028,0.49387914744492,-82411041.8102471,-1723.857105885,-0.26503454493314,-0.26503454493314,"Peak Krill Fishing (1977-1986)"
3.00062127750894e-05,114114071.30193,8752971054258.44,3424.13110411743,262643511.868278,64657770.5670938,59683609.4679469,32276752.4356412,108795055.286885,4959489988830.9,1940.13482119913,1790.87908488056,968.503101272736,3264.52757781588,148815511.860786,"peak_krill",0.566606465174821,0.523017089715716,0.566606465174821,0.523017089715716,-49456300.7348358,-1483.9962829183,-0.246718474337766,-0.246718474337766,"Peak Krill Fishing (1977-1986)"
4.30433941612213e-05,73580438.2063755,3934443712533.65,3167.15180427241,169351811.523725,44872161.9559892,41988925.256557,22664703.4933756,73628096.834471,2399374069781.44,1931.4501539378,1807.34586022404,975.565766012575,3169.20319338671,103277203.825816,"peak_krill",0.609838199524356,0.570653373098813,0.609838199524356,0.570653373098813,-28708276.2503863,-1235.70165033461,-0.214785375439571,-0.214785375439571,"Peak Krill Fishing (1977-1986)"
6.17450057694841e-05,39657095.4609089,1478245425795.73,2448.6275880348,91274272.3444705,26877467.2928123,25732545.1644941,14122333.968776,42484916.9836483,1001876022961.35,1659.54937306381,1588.8561496452,871.983592380652,2623.23144427141,61860840.8180562,"peak_krill",0.677746743185117,0.648876193917414,0.677746743185117,0.648876193917414,-12779628.1680966,-789.078214970987,-0.16893256068238,-0.16893256068238,"Peak Krill Fishing (1977-1986)"
8.85721447336123e-05,19957081.2427688,518593824575.477,1767.64148829497,45932967.2882567,15561130.9689356,14972496.5538577,8679318.60809322,23704240.7311662,404363059193.551,1378.28274439926,1326.1461317918,768.745863945167,2099.53544084124,35815303.4038174,"peak_krill",0.779729800146703,0.750234784922913,0.779729800146703,0.750234784922913,-4395950.27383317,-389.358743895714,-0.108055867354345,-0.108055867354345,"Peak Krill Fishing (1977-1986)"
0.000127055212400501,9409089.99363704,170444351154.724,1195.47392763699,21655843.238429,8767756.70079228,8613026.45323805,5170849.7771311,12640661.6753244,158826688123.892,1113.98918989508,1094.3299054273,656.983416724476,1606.06195404122,20179758.5944493,"peak_krill",0.931838967075619,0.915394204866004,0.931838967075619,0.915394204866004,-641333.292844756,-81.4847377419035,-0.0306591324453524,-0.0306591324453525,"Peak Krill Fishing (1977-1986)"
0.000182258508549024,4122923.4662032,52064887900.3322,751.437881811968,9489268.81648669,4787279.72407102,4832679.6602222,2793798.92903271,6500146.92138319,60454477077.8452,872.52246251617,880.796987167304,509.193625991363,1184.70708324083,11018342.8273193,"peak_krill",1.16113717931311,1.17214876769775,1.16113717931311,1.17214876769775,664356.25786783,121.084580704202,0.064883531279784,0.064883531279784,"Peak Krill Fishing (1977-1986)"
0.000261446683775594,1666427.96379497,14670026009.8053,435.682064885109,3835429.65116531,2524297.85021715,2626007.55929065,1423413.67008605,3451611.56212728,22222091757.7794,659.969301801133,686.560967946182,372.146783684843,902.412396599674,5809892.19662838,"peak_krill",1.51479566177499,1.57583022869493,1.51479566177499,1.57583022869493,857869.886422181,224.287236916024,0.180354052674112,0.180354052674112,"Peak Krill Fishing (1977-1986)"
0.000375040753934783,617100.627640776,3787084554.13879,231.437884644024,1420311.04639898,1282180.48960689,1345358.74656217,602824.734149082,1896433.49958338,7868612849.04567,480.869937502637,504.564358623432,226.083842785807,711.239849470931,2951050.49532701,"peak_krill",2.07774944988918,2.18012863105582,2.07774944988918,2.18012863105582,665079.861966113,249.432052858613,0.317593175997382,0.317593175997382,"Peak Krill Fishing (1977-1986)"
0.000537989486348578,208188.854223446,890658389.601575,112.003414747171,479164.849533803,625763.211030665,599899.001002948,228041.945160174,1040516.84524774,2677094582.64416,336.654028478224,322.739355410601,122.684168942653,559.787123111872,1440248.73942329,"peak_krill",3.00574789829547,2.88151353366442,3.00574789829547,2.88151353366442,417574.356807219,224.650613731054,0.477952552109002,0.477952552109002,"Peak Krill Fishing (1977-1986)"
0.000771736629646219,63850.8740729827,190425545.955488,49.2760583570488,146958.369034229,292097.621671899,248176.102850122,75275.065172135,568345.786021636,871136846.389808,225.422434076748,191.526589172286,58.092525092343,438.613261377969,672288.213793507,"peak_krill",4.57468477781567,3.88680823016537,4.57468477781567,3.88680823016537,228246.747598916,176.146375719699,0.66036117403707,0.66036117403707,"Peak Krill Fishing (1977-1986)"
0.00110704287100476,18030.2924694623,37485715.8273441,19.9603067404491,41498.2944711716,129062.345647186,90966.7494456319,22916.422057972,304375.187382172,268325897.715466,142.87754966387,100.704091472263,25.3694616682141,336.956381302172,297048.272171859,"peak_krill",7.15808386723497,5.04521763025759,7.15808386723497,5.04521763025759,111032.053177724,122.917242923421,0.854796782467506,0.854796782467506,"Peak Krill Fishing (1977-1986)"
0.00158803388508885,5055.2351707238,7326711.23951035,8.02788474820232,11635.0657146038,52764.165790284,29043.8359707784,7035.55673885076,151538.765201938,76472764.0719651,83.791283193417,46.1225956745585,11.1727025017602,240.648694045201,121441.340632686,"peak_krill",10.4375294142309,5.745298683428,10.4375294142309,5.745298683428,47708.9306195602,75.7633984452147,1.0185977123882,1.0185977123882,"Peak Krill Fishing (1977-1986)"
0.00227800719036431,1712.55039156587,1730277.44062654,3.90120210584827,3941.58445107242,18906.0599840893,8035.40986546843,2491.49446200221,66101.2853315496,19101761.4679887,43.0681405852143,18.3047214510614,5.6756422991939,150.579203277593,43513.9499727021,"peak_krill",11.0397101756536,4.69207207276467,11.0397101756536,4.69207207276467,17193.5095925234,39.1669384793661,1.04295767205563,1.04295767205563,"Peak Krill Fishing (1977-1986)"
0.00326776198422312,806.107014383364,567766.495509189,2.63416585681755,1855.32576994051,4957.83808620148,2165.14878865883,929.179893083035,18123.5763124329,3491961.12337252,16.2010348220227,7.07519090176604,3.03633873112124,59.2235336919348,11410.8978093418,"peak_krill",6.15034728359733,2.68593220258115,6.15034728359733,2.68593220258115,4151.73107181811,13.5668689652051,0.788899639204965,0.788899639204965,"Peak Krill Fishing (1977-1986)"
0.0046875481476536,482.146832597807,236734.227235718,2.2600864920409,1109.703088365,686.107435657646,680.149343641235,284.13816766845,1114.35962508661,336878.939359502,3.21616163910836,3.18823279591328,1.33191134153193,5.22361439639471,1579.13624817815,"peak_krill",1.42302591092614,1.41066848863569,1.42302591092614,1.41066848863569,203.960603059839,0.956075147067458,0.153212807933752,0.153212807933752,"Peak Krill Fishing (1977-1986)"
0.00672420688613729,306.521557488833,104917.379116743,2.06111436761594,705.486163132277,454.006370013892,449.715727054582,194.564883943669,741.492414693097,155399.048714213,3.0528327595976,3.02398158866466,1.30829453241452,4.98594840089789,1044.93535346329,"peak_krill",1.48115641109657,1.46715856052299,1.48115641109657,1.46715856052299,147.484812525058,0.991718391981664,0.170600922727405,0.170600922727405,"Peak Krill Fishing (1977-1986)"
0.00964575868307804,202.880178205787,48409.5116718326,1.95693324055289,466.946467552147,315.618458636497,309.525472390829,137.518076812173,530.671904039327,75310.1441073828,3.04437948793269,2.98560801294767,1.32646618349121,5.1187331262529,726.423476447646,"peak_krill",1.55568898562558,1.52565654825514,1.55568898562558,1.52565654825514,112.73828043071,1.08744624737981,0.191922776890476,0.191922776890476,"Peak Krill Fishing (1977-1986)"
0.0138366742944791,139.311737700425,23173.0643681003,1.92761113995869,320.638144066404,227.742470325572,223.111701923128,103.23716982041,398.007684601014,37882.6006431227,3.15119838491502,3.08712395079724,1.42845909388885,5.50710269852402,524.169206526714,"peak_krill",1.63476871428672,1.60152838236004,1.63476871428672,1.60152838236004,88.4307326251472,1.22358724495633,0.213456317721564,0.213456317721563,"Peak Krill Fishing (1977-1986)"
0.0198484703818451,89.9720528065698,10432.9724975598,1.785807625325,207.07854561242,156.105801549985,149.8688487671,69.7317709107253,286.832969905168,18101.7047347129,3.09846137849906,2.97466740591501,1.38406898959514,5.69319570769938,359.291150287853,"peak_krill",1.73504768070142,1.66572667947571,1.73504768070142,1.66572667947571,66.1337487434149,1.31265375317406,0.239311414101525,0.239311414101525,"Peak Krill Fishing (1977-1986)"
0.0284722880740333,58.0563913650232,4693.04961140776,1.65299829948376,133.621860481732,107.918013576386,102.496875874427,46.2624511969059,208.52868837028,8723.66641760791,3.0726727709243,2.91832057658513,1.31719783748921,5.93728888697894,248.382743303903,"peak_krill",1.85884811368766,1.76547100955672,1.85884811368766,1.76547100955672,49.8616222113626,1.41967447144053,0.269243905058513,0.269243905058513,"Peak Krill Fishing (1977-1986)"
0.0408430056611436,37.6105440837316,2119.43156539831,1.53612766493054,86.5639554239697,75.5331188932625,70.0825210662757,30.6592564495041,153.63838921403,4256.44670438601,3.08499960256136,2.86238080465712,1.25221618473355,6.2750536004376,173.846076843594,"peak_krill",2.00829636298546,1.86337429499165,2.00829636298546,1.86337429499165,37.9225748095309,1.54887193763082,0.302827801755861,0.302827801755861,"Peak Krill Fishing (1977-1986)"
0.0585885864563713,24.3900223613196,958.134889935465,1.428976933789,56.1357688358498,53.3911179064418,47.8874134473561,20.3275232280774,114.722157753038,2097.41065920254,3.12811012746388,2.80565586293242,1.19096085209211,6.72140905797534,122.884325741203,"peak_krill",2.18905571776414,1.96340178528501,2.18905571776414,1.963401785285,29.0010955451222,1.69913319367488,0.340256815752286,0.340256815752286,"Peak Krill Fishing (1977-1986)"
0.0840443157253079,15.7528426521362,431.397939179818,1.32393688142724,36.2565446036758,37.9980919871721,32.4157818192054,13.6495621327799,86.2186956290848,1040.59304964925,3.19352363992918,2.72436220169599,1.14716810939956,7.24619127687503,87.4559308062824,"peak_krill",2.41214191154376,2.05777347841467,2.41214191154376,2.05777347841467,22.2452493350358,1.86958675850195,0.382402854706665,0.382402854706665,"Peak Krill Fishing (1977-1986)"
0.12056011986217,10.0606736285015,192.066165554636,1.21291601854632,23.1555199407343,27.1471355049023,21.7209196526011,9.10834888302029,66.1795518791416,518.260149842005,3.2728619103856,2.61867667683416,1.09810363308339,7.97861470697402,62.4815057847384,"peak_krill",2.69834173210783,2.15899257392334,2.69834173210783,2.15899257392334,17.0864618764008,2.05994589183928,0.431096950143321,0.431096950143321,"Peak Krill Fishing (1977-1986)"
0.172941410442158,6.29273626400424,83.746759298569,1.08827468503741,14.4832826730545,19.4245183607254,13.9124710817698,5.92293019867874,51.4749212743351,258.510828262674,3.35930360246345,2.40604237161701,1.02431990250995,8.90214548758257,44.7072272543174,"peak_krill",3.08681590103143,2.21087782771893,3.08681590103143,2.21087782771893,13.1317820967211,2.27102891742604,0.489510728753119,0.489510728753119,"Peak Krill Fishing (1977-1986)"
0.248081467403285,3.80825804424699,35.3312922929155,0.944758243867157,8.76503883728084,13.9231193205686,9.01850500772941,3.74701866924605,40.6073833769029,129.172391321349,3.45406787187769,2.23732395610139,0.929565889854064,10.0739392555498,32.0452763869917,"peak_krill",3.6560335877454,2.36814441220793,3.6560335877454,2.36814441220793,10.1148612763216,2.50930962801053,0.563010176915591,0.563010176915591,"Peak Krill Fishing (1977-1986)"
0.355868581802455,2.19093174408234,14.1698964608821,0.77968377259256,5.04262095782175,9.2582711382454,5.13163134431967,2.09937035747226,30.2529668208211,59.8780604599157,3.29472781990999,1.82618636883607,0.747099951791766,10.7660803978423,21.3087204569519,"peak_krill",4.22572321718913,2.34221415531547,4.22572321718913,2.34221415531547,7.06733939416307,2.51504404731743,0.625901047570991,0.625901047570991,"Peak Krill Fishing (1977-1986)"
0.510487336437021,1.20207085311388,5.41966659236234,0.613641948014683,2.76667116311175,1.48221764923313,1.48172557565377,0.606158711522746,2.16605076506692,6.68273875483243,0.756653339776963,0.756402142446102,0.309436346103343,1.10574148564638,3.41145350705886,"peak_krill",1.23305348049455,1.23264412560662,1.23305348049455,1.23264412560662,0.280146796119247,0.143011391762279,0.0909819134002544,0.0909819134002543,"Peak Krill Fishing (1977-1986)"
0.732285270429473,0.620242567536628,1.94943494483458,0.45419449630043,1.42754249576286,0.804826027894437,0.76952433531036,0.294347877185922,1.30482677495063,2.52958449711238,0.589362245485357,0.563511335984808,0.215546614845434,0.955505427758337,1.85237746754214,"peak_krill",1.29759882668309,1.24068288051661,1.29759882668309,1.24068288051661,0.18458346035781,0.135167749184927,0.1131404441688,0.1131404441688,"Peak Krill Fishing (1977-1986)"
1.05045057734576,0.225775360337788,0.494684606887757,0.237165857617277,0.519641730909306,0.340130078536179,0.283200708781326,0.118350135771701,0.609789536959466,0.745241260780796,0.357289837370989,0.297488348044073,0.124320968450332,0.640553771158475,0.78283911264907,"peak_krill",1.50649777738059,1.25434727845245,1.50649777738059,1.25434727845245,0.114354718198391,0.120123979753712,0.177968495271202,0.177968495271202,"Peak Krill Fishing (1977-1986)"
1.50685321691489,0.0365847305814513,0.0558799988070691,0.0551278189666244,0.0842029559636322,0.0800875243386585,0.0625028164312804,0.00546377375509048,0.123860468452818,0.122326738324386,0.120680143684457,0.0941825700057156,0.00823310505935322,0.186639545336715,0.184328439158806,"peak_krill",2.18909701030471,1.70843998132296,2.18909701030471,1.70843998132296,0.0435027937572071,0.0655523247178325,0.340265007847734,0.340265007847734,"Peak Krill Fishing (1977-1986)"
2.16155492347296,0.0252333869339459,0.0268680871824108,0.0545433517629691,0.0580768461334409,0.0625166724497256,0.0472143965657939,0.00357478081513603,0.106402959754512,0.0665667042688502,0.135133221132851,0.102056511355597,0.00772708507129397,0.229995841529462,0.143887587351702,"peak_krill",2.47753789902945,1.8711081746334,2.47753789902945,1.8711081746334,0.0372832855157797,0.0805898693698818,0.394020306633991,0.394020306633991,"Peak Krill Fishing (1977-1986)"
3.10071321794452,0.0164495541088055,0.012210122082299,0.0510053498544667,0.0378600869333007,0.0507974742869607,0.037399610694154,0.0022368526431799,0.101569312905508,0.0377057857260834,0.157508399959776,0.115965467225342,0.00693583855730205,0.314937311063651,0.11691482819385,"peak_krill",3.08807606278937,2.27359419269206,3.08807606278937,2.27359419269206,0.0343479201781552,0.106503050105309,0.489687988957374,0.489687988957374,"Peak Krill Fishing (1977-1986)"
4.44791957656499,0.00794521087416503,0.00411126980740937,0.0353396589871357,0.0182865974609167,0.040140549526967,0.026232402575888,0.00109153602687215,0.103724568472293,0.0207708306219604,0.178541936055073,0.116679616957626,0.00485506446245059,0.461358538678668,0.0923869841449332,"peak_krill",5.05216918250586,3.30166222034286,5.05216918250586,3.30166222034286,0.032195338652802,0.143202277067937,0.703477885390514,0.703477885390514,"Peak Krill Fishing (1977-1986)"
6.38046383815689,0.000171197866356854,6.17552057193341e-05,0.00109232179545952,0.000394026856910151,0.000158889781988583,0.000154724893576253,0.000118770991841874,0.000207480637695792,5.73153823830483e-05,0.00101379050823079,0.000987216588325955,0.000757814018469107,0.00132382270593573,0.000365698724665175,"peak_krill",0.928106087825795,0.903778165399188,0.928106087825795,0.903778165399188,-1.2308084368271e-05,-7.85312872287371e-05,-0.032402378604397,-0.032402378604397,"Peak Krill Fishing (1977-1986)"
9.15266521555844,0.000134660860306481,3.3862676698849e-05,0.0012325057720243,0.000309933743127256,0.000131409384998421,0.000130451669139265,9.59007031933712e-05,0.000170522151963077,3.30450400306997e-05,0.00120274610707298,0.00119398045444249,0.000877747030265563,0.00156073216875463,0.000302450188435721,"peak_krill",0.975854340298589,0.968742282221905,0.975854340298589,0.968742282221905,-3.25147530805953e-06,-2.97596649513235e-05,-0.0106150019290842,-0.0106150019290842,"Peak Krill Fishing (1977-1986)"
13.1293402287023,0.000110173912894651,1.93136051314558e-05,0.00144651078672128,0.000253574892813693,0.000116791353108462,0.000117810761631847,7.45472158588589e-05,0.000154338705783798,2.04736495005141e-05,0.0015333934107315,0.00154677757206707,0.000978755760113469,0.00202636537869306,0.00026880551001545,"peak_krill",1.06006358528937,1.06931630670591,1.06006358528937,1.06931630670591,6.61744021381104e-06,8.68826240102215e-05,0.0253319161252272,0.0253319161252272,"Peak Krill Fishing (1977-1986)"
18.8338118767848,9.25026672328187e-05,1.13042955591726e-05,0.00174217783276374,0.000212902975961032,0.000115608857166017,0.000116848479901779,5.36837096200301e-05,0.000166520816222288,1.41279892759586e-05,0.00217735546715486,0.00220070228855837,0.00101106888783159,0.00313622172629923,0.000266083892220638,"peak_krill",1.24978944526046,1.26319038571811,1.24978944526046,1.26319038571811,2.31061899331986e-05,0.000435177634391121,0.096836852636961,0.096836852636961,"Peak Krill Fishing (1977-1986)"
27.0167779668531,6.81517091356341e-05,5.80591501832113e-06,0.00184123959377898,0.0001568571169444,0.000116812822341889,8.96427609083043e-05,2.62295686714636e-05,0.000243095162958279,9.95140588796533e-06,0.00315590608489226,0.00242185856779535,0.000708638432963257,0.00656764804245977,0.000268854923333194,"peak_krill",1.71401163409432,1.3153413471979,1.71401163409432,1.3153413471979,4.86611132062547e-05,0.00131466649111328,0.23401376543188,0.23401376543188,"Peak Krill Fishing (1977-1986)"
38.7551015421336,7.05299796674785e-06,4.18863344544285e-07,0.000273339652377775,1.62330914500914e-05,8.0785742812151e-06,7.56531503316121e-06,6.06017821631543e-06,1.18754941936539e-05,4.79770256355183e-07,0.00031308596658416,0.000293194552308392,0.000234862822136731,0.000460235983338076,1.85935450019406e-05,"peak_krill",1.14540998300332,1.072638198512,1.14540998300332,1.072638198512,1.02557631446725e-06,3.97463142063856e-05,0.0589609639566024,0.0589609639566024,"Peak Krill Fishing (1977-1986)"
55.5935240458296,5.44627164248744e-06,2.25477167656746e-07,0.000302777433516745,1.25350703419108e-05,6.31115263198897e-06,6.03978878862206e-06,4.86767294755861e-06,8.64784113644515e-06,2.61283482265009e-07,0.000350859215603379,0.000335773143251992,0.000270611093057334,0.000480763964163477,1.45256695540778e-05,"peak_krill",1.15880239662569,1.10897677991389,1.15880239662569,1.10897677991389,8.64880989501523e-07,4.80817820866337e-05,0.0640093847369665,0.0640093847369664,"Peak Krill Fishing (1977-1986)"
79.747950407875,4.72076835516431e-06,1.36245019981736e-07,0.000376471600674709,1.08652610968234e-05,5.65505061751662e-06,5.47405274200701e-06,4.45850834258654e-06,7.159785231946e-06,1.63209127501123e-07,0.000450978696199738,0.000436544486599668,0.000355556902197689,0.000570978197608265,1.30155934060721e-05,"peak_krill",1.19790894025339,1.15956817411273,1.19790894025339,1.15956817411273,9.34282262352305e-07,7.45070955250289e-05,0.0784238061597009,0.0784238061597009,"Peak Krill Fishing (1977-1986)"
114.397057992117,3.65121628153064e-06,7.34598742138848e-08,0.000417688400700021,8.40359349053937e-06,4.4584565671789e-06,4.37724869285521e-06,3.38786041623851e-06,5.53265002227034e-06,8.97009745135479e-08,0.000510034314470898,0.000500744372562474,0.000387561264505633,0.000632918885447746,1.02615275833757e-05,"peak_krill",1.22108804940743,1.19884672814293,1.22108804940743,1.19884672814293,8.07240285648264e-07,9.23459137708772e-05,0.0867469808925316,0.0867469808925316,"Peak Krill Fishing (1977-1986)"
164.100604596346,2.76716493132634e-06,3.88107772841815e-08,0.000454093438248458,6.36887201718831e-06,3.47357967560001e-06,3.45848227706979e-06,2.1262858018231e-06,4.63141864804676e-06,4.87185731657687e-08,0.000570016524879541,0.000567539032652899,0.000348924785623797,0.000760018600283263,7.99474731157395e-06,"peak_krill",1.25528465480194,1.24982874635235,1.25528465480194,1.24982874635235,7.06414744273674e-07,0.000115923086631083,0.0987422198344765,0.0987422198344765,"Peak Krill Fishing (1977-1986)"
235.399484056154,2.13722738768575e-06,2.08964590811773e-08,0.00050310222437191,4.91901568630967e-06,3.00800415039634e-06,2.74087235462706e-06,1.20723990625764e-06,5.10724148237416e-06,2.94103641039484e-08,0.000708082625042071,0.000645199938142987,0.00028418365106505,0.00120224200990107,6.9231845359731e-06,"peak_krill",1.40743290476616,1.28244302427499,1.40743290476616,1.28244302427499,8.70776762710589e-07,0.000204980400670161,0.148427700301807,0.148427700301807,"Peak Krill Fishing (1977-1986)"
337.676495648558,4.90824908568627e-07,3.34543995059263e-09,0.000165740035102478,1.12967643891881e-06,7.5468524006619e-07,7.36380619845273e-07,3.4669138847134e-07,1.1516673202026e-06,5.14389980655803e-09,0.000254839467183242,0.000248658427172865,0.000117069533130535,0.000388890984838981,1.73697406064581e-06,"peak_krill",1.53758545438749,1.50029186984978,1.53758545438749,1.50029186984978,2.63860331497563e-07,8.90994320807639e-05,0.18683926190282,0.18683926190282,"Peak Krill Fishing (1977-1986)"
484.391102940098,2.37490161422676e-07,1.12843602306129e-09,0.000115038121228952,5.46604369807994e-07,3.84043622725744e-07,3.53313416431981e-07,1.26651489151373e-07,7.06458649207714e-07,1.82478573307883e-09,0.000186027313989234,0.000171141875469021,6.13488545190395e-05,0.000342202284271296,8.83909973875411e-07,"peak_krill",1.61709276891786,1.48769706633517,1.61709276891786,1.48769706633517,1.46553461303069e-07,7.09891927602824e-05,0.208734935103341,0.208734935103341,"Peak Krill Fishing (1977-1986)"
694.850674036028,8.7111191511522e-08,2.88542604496408e-10,6.05292701378626e-05,2.0049402322244e-07,1.41916450267745e-07,1.21836663008544e-07,4.97738154046654e-08,2.80747284990724e-07,4.70076708521702e-10,9.86107411253428e-05,8.46582874137876e-05,3.45853691832766e-05,0.00019507744020959,3.26633117764942e-07,"peak_krill",1.62914142035325,1.39863387119931,1.62914142035325,1.39863387119931,5.48052587562225e-08,3.80814709874802e-05,0.211958785605757,0.211958785605757,"Peak Krill Fishing (1977-1986)"
996.751295136877,3.58192208680012e-08,8.2709768056845e-11,3.5702854790974e-05,8.24410684311309e-08,3.62856969422418e-08,3.63369754691488e-08,2.61306070875579e-08,4.48310971580496e-08,8.37869028177235e-11,3.61678154221237e-05,3.6218927360231e-05,2.60457164572362e-05,4.46854541546931e-05,8.35147038990735e-08,"peak_krill",1.01302306591089,1.01445465838176,1.01302306591089,1.01445465838175,4.6647607424061e-10,4.64960631149694e-07,0.00561933409055943,0.00561933409055943,"Peak Krill Fishing (1977-1986)"
1429.82252371756,3.21346655329084e-08,5.17272185653866e-11,4.59468685710828e-05,7.39607421940509e-08,3.399024245173e-08,3.40542451023816e-08,2.43535979537923e-08,4.15602344969545e-08,5.47141434719638e-11,4.86000142441043e-05,4.86915266755836e-05,3.48213228878941e-05,5.9423759374729e-05,7.8231514702128e-08,"peak_krill",1.05774377570295,1.05973547686399,1.05774377570295,1.05973547686399,1.85557691882161e-09,2.65314567302157e-06,0.0243804784034122,0.0243804784034121,"Peak Krill Fishing (1977-1986)"
2051.05572403526,3.38283559226484e-08,3.79604112114752e-11,6.93838430498502e-05,7.78589187020286e-08,4.0030247280161e-08,4.01894881226874e-08,2.82866097505276e-08,4.95075560666275e-08,4.49198492272746e-11,8.21042678185211e-05,8.24308796600851e-05,5.80174128423713e-05,0.000101542756253453,9.21331138804025e-08,"peak_krill",1.18333410502401,1.1880414234314,1.18333410502401,1.1880414234314,6.20189135751254e-09,1.27204247686709e-05,0.0731073815530894,0.0731073815530894,"Peak Krill Fishing (1977-1986)"
2942.20402414699,2.08068777134697e-08,1.62765218756298e-11,6.1218079338505e-05,4.78888481615947e-08,3.19676231812268e-08,3.17341358527509e-08,2.03445299726308e-08,4.14372995946924e-08,2.50071983498172e-11,9.405526956622e-05,9.33683022087911e-05,5.98577579548536e-05,0.000121916989617288,7.35762796174742e-08,"peak_krill",1.53639693669809,1.52517529490776,1.53639693669809,1.52517529490776,1.1160745467757e-08,3.2837190227715e-05,0.18650343258814,0.18650343258814,"Peak Krill Fishing (1977-1986)"
4220.54087476266,6.52521160456565e-11,3.55839344763104e-14,2.7539922293545e-07,1.50183449942144e-10,5.79196374763389e-11,5.8215344714796e-11,5.08863403614284e-11,6.31337804444245e-11,3.15853141591243e-14,2.44452197420324e-07,2.45700241907195e-07,2.14767879462494e-07,2.66458700943985e-07,1.33307109450804e-10,"peak_krill",0.887628493699926,0.89216025843611,0.887628493699926,0.89216025843611,-7.33247856931765e-12,-3.09470255151264e-08,-0.0517687649596037,-0.0517687649596036,"Peak Krill Fishing (1977-1986)"
6054.29301617067,9.78218359284096e-11,3.71877454819168e-14,5.92242058090363e-07,2.25145507758301e-10,1.22289822193134e-10,1.25296403050939e-10,6.95598236079964e-11,1.44567442340298e-10,4.64894441980758e-14,7.40378416452643e-07,7.58581137942604e-07,4.21135554275956e-07,8.7525365652652e-07,2.81460717334066e-10,"peak_krill",1.25012806223174,1.28086333548919,1.25012806223174,1.28086333548919,2.44679862647242e-11,1.4813635836228e-07,0.0969545041055113,0.0969545041055113,"Peak Krill Fishing (1977-1986)"
8684.77880283868,1.66372772254845e-11,4.40911034902595e-15,1.44491072584839e-07,3.82921480985972e-11,9.11961100486263e-12,9.19827269062343e-12,6.42098157095644e-12,1.13776380059441e-11,2.41682402208453e-15,7.92018043451653e-08,7.98849636862563e-08,5.57648046408603e-08,9.88122693803951e-08,2.0989582037191e-11,"peak_krill",0.548143237698381,0.552871276108435,0.548143237698381,0.552871276108435,-7.51766622062189e-12,-6.52892682396734e-08,-0.261105939301281,-0.261105939301281,"Peak Krill Fishing (1977-1986)"
12458.1652478298,1.52076406949949e-11,2.80954008372034e-15,1.89459300807868e-07,3.50017146333895e-11,8.264595855324e-12,8.28996003665709e-12,6.13714243689821e-12,1.02888262546219e-11,1.52684520873272e-15,1.02961700872156e-07,1.03277692034579e-07,7.64575346283467e-08,1.28179897686289e-07,1.90216899182494e-11,"peak_krill",0.543450231438201,0.545118089184303,0.543450231438201,0.545118089184303,-6.94304483967093e-12,-8.64975999357123e-08,-0.26484022195751,-0.26484022195751,"Peak Krill Fishing (1977-1986)"
17871.0229547244,2.00868889792173e-11,2.5869661328091e-15,3.58973254036593e-07,4.62317311425259e-11,1.14640981103956e-11,1.13104491830156e-11,9.10147629756011e-12,1.46545971526853e-11,1.4764473276812e-15,2.04875160486093e-07,2.02129296977916e-07,1.62652691835577e-07,2.61892642107877e-07,2.63856240844321e-11,"peak_krill",0.570725418070307,0.563076203324361,0.570725418070307,0.563076203324361,-8.62279086882168e-12,-1.540980935505e-07,-0.243572785096295,-0.243572785096295,"Peak Krill Fishing (1977-1986)"
25635.6738809449,2.97131634928041e-11,2.667667089979e-15,7.61716969272723e-07,6.8387443541631e-11,2.45670750899022e-11,2.23069588355641e-11,1.54339681053774e-11,4.92770616969244e-11,2.20564793547636e-15,6.29793525213418e-07,5.71853921984185e-07,3.95660173038361e-07,1.26325068347356e-06,5.65432711700515e-11,"peak_krill",0.826807791632549,0.750743314186873,0.826807791632549,0.750743314186873,-5.14608840290186e-12,-1.31923444059305e-07,-0.0825954393414636,-0.0825954393414636,"Peak Krill Fishing (1977-1986)"
36773.9315760001,1.67216572639672e-12,1.04656626270176e-16,6.14921080062455e-08,3.84863561343445e-12,9.94457409903718e-13,1.0200289490137e-12,4.13889255044199e-13,1.36313314194383e-12,6.22405757078698e-17,3.65701087470456e-08,3.7510474776569e-08,1.5220335145037e-08,5.01277648908204e-08,2.28883067233206e-12,"peak_krill",0.594712231093644,0.610004698046117,0.594712231093645,0.610004698046117,-6.77708316493002e-13,-2.49219992591999e-08,-0.225693129531908,-0.225693129531908,"Peak Krill Fishing (1977-1986)"
52751.5699347979,1.32607731780443e-12,5.78576692031857e-17,6.99526603691094e-08,3.05208288323625e-12,7.82550550271189e-13,8.0507365447846e-13,3.3175566494815e-13,1.07740703700078e-12,3.41432209603927e-17,4.12807700801452e-08,4.24688991868838e-08,1.75006321607777e-08,5.68349126605899e-08,1.80110850829141e-12,"peak_krill",0.59012437643293,0.60710913584693,0.59012437643293,0.60710913584693,-5.43526767533237e-13,-2.86718902889642e-08,-0.22905644546665,-0.22905644546665,"Peak Krill Fishing (1977-1986)"
75671.2163026369,1.13605859099938e-12,3.45539334279602e-17,8.59669353719827e-08,2.61473817053409e-12,6.73711368933945e-13,6.92958848710934e-13,2.88382141803536e-13,9.24957487370483e-13,2.04913531539996e-17,5.09805587241461e-08,5.24370389296313e-08,2.1822227430233e-08,6.99926580975553e-08,1.55060561685002e-12,"peak_krill",0.593025196298449,0.609967526499972,0.593025196298449,0.609967526499972,-4.62347222065432e-13,-3.49863766478366e-08,-0.226926854054095,-0.226926854054095,"Peak Krill Fishing (1977-1986)"
108549.05330397,1.16455821317849e-12,2.46923622183882e-17,1.26411691557887e-07,2.68033254264474e-12,7.17492485233501e-13,7.38340565154817e-13,3.08628203726776e-13,9.91565432271454e-13,1.52131375949017e-17,7.7883130024809e-08,8.01461693634733e-08,3.35012993374462e-08,1.07633488962008e-07,1.6513716837096e-12,"peak_krill",0.616107015616861,0.634009151968133,0.616107015616861,0.634009151968133,-4.47065727944986e-13,-4.85285615330782e-08,-0.210343845862746,-0.210343845862746,"Peak Krill Fishing (1977-1986)"
155711.742838438,3.25900236327592e-12,4.81715683766636e-17,5.07464937900283e-07,7.50087886719129e-12,3.13033974953377e-12,3.22077403650094e-12,8.96078659503082e-13,4.68589842209105e-12,4.62697962376676e-17,4.87430658076344e-07,5.01512338512353e-07,1.39529969791556e-07,7.29649410067685e-07,7.20475061294664e-12,"peak_krill",0.960520859023612,0.988269929716603,0.960520859023612,0.988269929716603,-1.28662613742151e-13,-2.00342798239391e-08,-0.017493199401467,-0.017493199401467,"Peak Krill Fishing (1977-1986)"
223365.806700198,4.11192385529057e-13,4.23697449045979e-18,9.18463189026765e-08,9.46395225029712e-13,9.27812904442692e-13,8.94312514235471e-13,9.85922496706994e-14,1.80930188798097e-12,9.5602928127795e-18,2.07241677867696e-07,1.99758836184288e-07,2.20221373820831e-08,4.0413617577306e-07,2.1354425164166e-12,"peak_krill",2.25639612282443,2.17492479362139,2.25639612282443,2.17492479362139,5.16620518913636e-13,1.15395358965019e-07,0.353415344803843,0.353415344803843,"Peak Krill Fishing (1977-1986)"
320414.393245838,1.76767470587102e-15,1.26974878957252e-20,5.66388418337677e-10,4.06845787985516e-15,1.11197796477157e-15,1.04867739475886e-15,9.68510238460397e-16,1.64650661907048e-15,7.98751416259184e-21,3.56293744885023e-10,3.36011331152286e-10,3.1032462040867e-10,5.27564419324723e-10,2.5593145039494e-15,"peak_krill",0.629062553804911,0.593252475286242,0.629062553804911,0.593252475286242,-6.55696741099449e-16,-2.10094673452653e-10,-0.201306166285221,-0.20130616628522,"Peak Krill Fishing (1977-1986)"
459628.91507784,3.01539196926937e-15,1.50995466545798e-20,1.38596133936971e-09,6.94018824701172e-15,2.54192581515747e-15,2.55001067436309e-15,1.70466022971767e-15,3.32834855804339e-15,1.27286693834868e-20,1.16834260462918e-09,1.17205863969442e-09,7.83511131961476e-10,1.52980523673438e-09,5.85046449911655e-15,"peak_krill",0.842983546107069,0.845664742876182,0.842983546107069,0.845664742876182,-4.73466154111898e-16,-2.17618734740529e-10,-0.0741809021304696,-0.0741809021304696,"Peak Krill Fishing (1977-1986)"
659329.743072884,1.56057819967821e-15,5.44766439335142e-21,1.02893562343898e-09,3.59180716481569e-15,8.36577647496212e-16,7.79586955836174e-16,7.04812623979776e-16,1.37563130782989e-15,2.92032418720097e-21,5.51580525384195e-10,5.14004867294436e-10,4.64703926283111e-10,9.06994636754499e-10,1.92545659603674e-15,"peak_krill",0.536069033688101,0.499550074451204,0.536069033688101,0.499550074451204,-7.24000552181995e-16,-4.77355098054781e-10,-0.270779279301097,-0.270779279301097,"Peak Krill Fishing (1977-1986)"
945797.132947857,2.18402513368584e-15,5.31480231336258e-21,2.06564470972612e-09,5.02672479016296e-15,1.13135796667055e-15,1.04730407347686e-15,9.31066545581331e-16,1.92122645860179e-15,2.75314777552683e-21,1.07003512121473e-09,9.90537190019024e-10,8.80600069394488e-10,1.81709047628914e-09,2.60391927267504e-15,"peak_krill",0.518015085642002,0.479529313707756,0.518015085642002,0.479529313707756,-1.05266716701528e-15,-9.95609588511396e-10,-0.285657592541102,-0.285657592541102,"Peak Krill Fishing (1977-1986)"
1356729.65779355,2.37995407832691e-14,4.03740889311853e-20,3.22895428225284e-08,5.47767238593335e-14,2.71828853991482e-14,2.52651149084207e-14,1.0090465150616e-14,5.02365391624981e-14,4.61136726336732e-20,3.68798268054277e-08,3.42779307038165e-08,1.3690033330773e-08,6.81574025866685e-08,6.25637872918875e-14,"peak_krill",1.14216007975488,1.06157993292803,1.14216007975488,1.06157993292803,3.38334461587907e-15,4.59028398289927e-09,0.0577269768363277,0.0577269768363278,"Peak Krill Fishing (1977-1986)"
1946205.26983358,5.11621721505496e-17,6.05045182216468e-23,9.95720890555327e-11,1.17754212211711e-16,2.45067022821364e-17,2.27902925845955e-17,1.78802493796364e-17,4.27942454130036e-17,2.89816900349503e-23,4.76950731277366e-11,4.43545875291891e-11,3.4798635568587e-11,8.32863859413393e-11,5.64043178747037e-17,"peak_krill",0.479000426526518,0.445452013208761,0.479000426526518,0.445452013208761,-2.66554698684132e-17,-5.18770159277961e-11,-0.31966409986721,-0.31966409986721,"Peak Krill Fishing (1977-1986)"
2791797.85786357,2.26310160761599e-16,1.86572469555459e-22,6.31812222026991e-10,5.20872620841245e-16,6.64309066236276e-16,2.62235518957077e-16,8.72533001685992e-17,2.2288059484452e-15,5.47663359959991e-22,1.85461662807778e-09,7.32108560080109e-10,2.43593576502222e-10,6.2223756724629e-09,1.52896539516667e-15,"peak_krill",2.93539213617579,1.15874390294532,2.93539213617579,1.15874390294532,4.37998905474677e-16,1.22280440605079e-09,0.467666126435939,0.467666126435939,"Peak Krill Fishing (1977-1986)"
4004785.82602855,5.15375210597519e-18,2.9619089682976e-24,2.06396733848742e-11,1.18618110542251e-17,2.57451510059518e-18,2.34985339792599e-18,1.75503636758721e-18,4.40678665555627e-18,1.47959762298803e-24,1.031038158376e-11,9.41065958125901e-12,7.02854476907787e-12,1.76482367365035e-11,5.925471588768e-18,"peak_krill",0.499541896400162,0.455950024294261,0.499541896400162,0.455950024294261,-2.57923700538001e-18,-1.03292918011142e-11,-0.301428081787626,-0.301428081787627,"Peak Krill Fishing (1977-1986)"
5744796.12382558,9.18905364010303e-18,3.68149014822563e-24,5.27892397332892e-11,2.11494103334286e-17,4.90701398548258e-18,4.59588778214193e-18,3.25347339052816e-18,8.18999708005417e-18,1.96593951371873e-24,2.81897949233582e-11,2.64024383163863e-11,1.86905413228758e-11,4.7049863479638e-11,1.12939216980869e-17,"peak_krill",0.534006457864965,0.500148106882789,0.534006457864965,0.500148106882789,-4.28203965462045e-18,-2.4599444809931e-11,-0.272453490914963,-0.272453490914963,"Peak Krill Fishing (1977-1986)"
8240810.85430961,3.00335659469851e-17,8.38811605121723e-24,2.47500936249538e-10,6.91248778020796e-17,1.33756105807348e-15,8.62868307399976e-18,1.64890675713637e-18,3.74263629683936e-15,3.73569272477135e-22,1.10225876856738e-08,7.11073451346149e-11,1.35883287019538e-11,3.08423578187269e-08,3.07851371546612e-15,"peak_krill",44.5355393506894,0.287301317773288,44.5355393506894,0.287301317773288,1.3075274921265e-15,1.07750867494243e-08,1.64870671623654,1.64870671623654,"Peak Krill Fishing (1977-1986)"
11821300.8908807,7.42169641045184e-18,1.44499182539437e-24,8.77341063887202e-11,1.70816831528497e-17,7.06551757499361e-18,6.60427254884547e-18,3.93372359342418e-18,1.17038741711837e-17,1.37564440438011e-24,8.3523609203805e-11,7.80710929652858e-11,4.65017302194236e-11,1.3835501816657e-10,1.62619064230336e-17,"peak_krill",0.95200843368416,0.889860239977588,0.95200843368416,0.889860239977588,-3.56178835458231e-19,-4.21049718491524e-12,-0.0213592042559993,-0.0213592042559993,"Peak Krill Fishing (1977-1986)"
16957452.0303007,3.29169038066012e-20,4.46771907920605e-27,5.58186817286462e-13,7.57611319704956e-20,1.81487861872725e-20,1.80625932107474e-20,1.31823006740885e-20,2.64027336266798e-20,2.46328387352906e-27,3.07757171178856e-13,3.06295557914083e-13,2.23538231329855e-13,4.47723088943229e-13,4.17710181223823e-20,"peak_krill",0.551351557664814,0.548733055723335,0.551351557664814,0.548733055723335,-1.47681176193288e-20,-2.50429646107606e-13,-0.258571394129874,-0.258571394129874,"Peak Krill Fishing (1977-1986)"
24325172.1628858,2.80818607656144e-20,2.65703598151943e-27,6.83096097777759e-13,6.46328576934426e-20,1.51387907050285e-20,1.47127321329093e-20,1.05733249347918e-20,2.3627416393896e-20,1.43239481014756e-27,3.68253690237713e-13,3.57889742119442e-13,2.57197949372945e-13,5.7474097154571e-13,3.48432503620637e-20,"peak_krill",0.53909499913074,0.52392297845607,0.53909499913074,0.52392297845607,-1.2943070060586e-20,-3.14842407540046e-13,-0.268334696848785,-0.268334696848785,"Peak Krill Fishing (1977-1986)"
34894039.487579,3.9027416303487e-20,2.57422218897983e-27,1.36182420559206e-12,8.98250107120643e-20,1.77604337240468e-20,1.77008516366236e-20,1.00219413677379e-20,2.8357360949725e-20,1.17146628982104e-27,6.19733275683419e-13,6.17654215972123e-13,3.49706017828048e-13,9.89502872743234e-13,4.0877190975383e-20,"peak_krill",0.455075826335446,0.453549153727661,0.455075826335446,0.453549153727661,-2.12669825794402e-20,-7.4209092990864e-13,-0.341916233638758,-0.341916233638758,"Peak Krill Fishing (1977-1986)"
50054897.1907571,7.67883673397092e-19,3.53082616898487e-26,3.84363383263523e-11,1.76735140886973e-18,2.27254859512073e-18,3.54985527376344e-20,1.164812679528e-20,5.07387580051368e-18,1.04494656260164e-25,1.13752186289768e-10,1.77687640770296e-12,5.83045789202645e-13,2.53972331553383e-10,5.230469276086e-18,"peak_krill",2.95949591566005,0.0462290760533949,2.95949591566005,0.0462290760533949,1.50466492172364e-18,7.53158479634153e-11,0.47121774494733,0.47121774494733,"Peak Krill Fishing (1977-1986)"
71802885.8100286,3.28694520560211e-20,1.05360553081498e-27,2.3601215126167e-12,7.5651917617923e-20,1.83607423949309e-20,1.69134149927918e-20,1.46060530375537e-20,3.49349509238068e-20,5.88539769516015e-28,1.31835428957058e-12,1.21443200538505e-12,1.04875675839069e-12,2.50843029196105e-12,4.2258853865219e-20,"peak_krill",0.55859593776123,0.514563338748859,0.55859593776123,0.514563338748859,-1.45087096610902e-20,-1.04176722304612e-12,-0.252902226913382,-0.252902226913382,"Peak Krill Fishing (1977-1986)"
103000000.000001,2.10074624894393e-18,4.69422442332208e-26,2.16376863641226e-10,4.83505115602177e-18,2.03069760844984e-17,5.66708042981648e-18,5.2180733055748e-20,1.11046976706237e-16,4.53769717059312e-25,2.09161853670335e-09,5.83709284271101e-10,5.37461550474207e-12,1.14378386007425e-08,4.67382808571094e-17,"peak_krill",9.66655353768071,2.69765110025325,9.66655353768071,2.69765110025325,1.82062298355545e-17,1.87524167306213e-09,0.985271660601862,0.985271660601862,"Peak Krill Fishing (1977-1986)"
3.16227766016838e-08,570381943130.334,41513872295653793792,18037.0607652449,1312783909476.29,454378226843.471,467248759528.893,248657485416.608,604665436753.306,33070821947102212096,14368.7011601403,14775.7031399961,7863.24011166583,19121.2000252094,1045791214467.27,"post_krill",0.796620987596103,0.819185749402529,0.796620987596103,0.819185749402529,-116003716286.863,-3668.35960510458,-0.0987482559519148,-0.0987482559519147,"Post Krill Fishing (2001-2010)"
4.53623270600988e-08,394931690545.294,20037989071416397824,17915.0205129134,908969813884.277,308866311429.326,306434750008.752,177642087878.692,419044860124.875,15671215861163487232,14010.8946369034,13900.5933524766,8058.25848999205,19008.8499978379,710882819323.507,"post_krill",0.782075277379905,0.775918360933882,0.782075277379905,0.775918360933882,-86065379115.9684,-3904.12587600996,-0.106751442621392,-0.106751442621392,"Post Krill Fishing (2001-2010)"
6.50714749759769e-08,268966509062.728,9513384106396088320,17502.0474638512,619049935816.21,206662944483.77,200363887706.64,122785633083.045,285906796080.679,7309698067183502336,13447.8626204374,13037.9737049921,7989.84225057282,18604.3769266256,475652834860.678,"post_krill",0.768359396134232,0.744939912425719,0.768359396134232,0.744939912425719,-62303564578.9579,-4054.18484341382,-0.114435593446956,-0.114435593446956,"Post Krill Fishing (2001-2010)"
9.33439073780173e-08,180219548881.388,4443686359821892096,16822.3968784923,414791047988.173,136046993052.698,131409079448.433,82177884192.4137,191570637472.312,3.354520478358e+18,12699.1579185688,12266.236940665,7670.80481057809,17881.9518405632,313124048829.512,"post_krill",0.754895869494367,0.729161071948527,0.754895869494367,0.729161071948527,-44172555828.6901,-4123.23895992354,-0.122112950917709,-0.122112950917709,"Post Krill Fishing (2001-2010)"
1.33900223528244e-07,118904185025.778,2043823155650882304,15921.2969533953,273668377393.855,88107836519.6792,84568006625.5825,52934169920.051,125932706251.736,1514470129324576512,11797.659004575,11323.6749905035,7087.89718457689,16862.4175166241,202787888843.41,"post_krill",0.740998615823136,0.711228175923739,0.740998615823136,0.711228175923739,-30796348506.0984,-4123.63794882029,-0.130182603276995,-0.130182603276995,"Post Krill Fishing (2001-2010)"
1.92077558830971e-07,77357266400.8975,926940725911110912,14858.5948881214,178044511814.014,56160093457.691,53863280428.291,32096868983.6537,81488451944.2962,672943605932589952,10787.0936550724,10345.9274152941,6165.0882404977,15652.1029223753,129257365058.443,"post_krill",0.725983428197244,0.696292448457901,0.725983428197244,0.696292448457901,-21197172943.2065,-4071.501233049,-0.139073292694719,-0.139073292694719,"Post Krill Fishing (2001-2010)"
2.75531941876727e-07,49724783304.5904,415363588465121152,13700.7661033133,114445936114.681,35268729775.184,33586040304.5002,19100455138.9033,51957555734.5279,294608547015522752,9717.661602482,9254.02690504895,5262.78549515134,14315.9662267028,81174065052.668,"post_krill",0.709278702315192,0.675438645931708,0.709278702315193,0.675438645931708,-14456053529.4064,-3983.10450083125,-0.149183080622153,-0.149183080622153,"Post Krill Fishing (2001-2010)"
3.95245813495413e-07,31651418951.0297,184311902743056960,12510.0908315839,72848507936.5671,21856187805.1671,20574900932.788,11495393419.2419,32643919730.7717,127272510825265856,8638.56672896182,8132.14345676732,4543.5061234381,12902.3726096679,50303927076.736,"post_krill",0.690527898258921,0.650046715587094,0.690527898258921,0.650046715587094,-9795231145.86256,-3871.52410262206,-0.160818770647771,-0.160818770647771,"Post Krill Fishing (2001-2010)"
5.66973295442978e-07,20002677324.7374,81199433954491440,11340.9838804889,46037910657.2825,13395239814.2281,12629743096.3727,6885443053.42269,20321567675.9607,54377015283591168,7594.74326072189,7160.72706394864,3903.86233858402,11521.786193807,30830315551.6909,"post_krill",0.669672344194751,0.631402631324429,0.669672344194751,0.631402631324429,-6607437510.50931,-3746.24061976701,-0.174137635977388,-0.174137635977388,"Post Krill Fishing (2001-2010)"
8.13313403379543e-07,12582585312.1259,35607331744435996,10233.5852835186,28959920166.3317,8141016696.50534,7640893579.69737,4057753753.25384,12542615573.5953,23038181348160512,6621.19799640444,6214.44116216457,3300.225515135,10201.077359442,18737261679.9475,"post_krill",0.64700667585856,0.607259429612909,0.64700667585856,0.607259429612909,-4441568615.62059,-3612.38728711415,-0.189091238228399,-0.189091238228399,"Post Krill Fishing (2001-2010)"
1.16668403509199e-06,7896730865.00849,15578353637022964,9212.98982962356,18175016481.3319,4921104830.04596,4567706838.60237,2407077643.72102,7691548490.96925,9708158051456560,5741.37444022869,5329.07064557788,2808.29905815615,8973.6068295497,11326353008.7841,"post_krill",0.623182544038832,0.578430101859304,0.623182544038832,0.578430101859304,-2975626034.96254,-3471.61538939486,-0.205384720184315,-0.205384720184315,"Post Krill Fishing (2001-2010)"
1.67358810525261e-06,4953558285.23758,6812337777417432,8290.21622484913,11401047473.2488,2968020784.83055,2739683349.14518,1413339362.66591,4708030311.81068,4081744667649872,4967.24428163493,4585.10146528801,2365.34794604297,7879.3035290151,6831159324.4571,"post_krill",0.599169448288465,0.553073809045488,0.599169448288465,0.553073809045488,-1985537500.40702,-3322.97194321419,-0.222450339464141,-0.222450339464141,"Post Krill Fishing (2001-2010)"
2.40073324207457e-06,3109274248.63015,2980867009913183,7464.53804741281,7156266520.902,1791455536.9096,1647751057.23051,860237384.370997,2891049578.75363,1717471757936060,4300.80685915742,3955.81073775679,2065.20048473473,6940.63882819951,4123191541.60134,"post_krill",0.576165173496311,0.529947159841708,0.576165173496311,0.529947159841708,-1317818711.72054,-3163.73118825539,-0.239452996342804,-0.239452996342804,"Post Krill Fishing (2001-2010)"
3.44381038650601e-06,1953183224.5152,1305362795748302,6726.39267533473,4495421954.15653,1084976091.60407,988649177.086338,524309124.139274,1779445538.52816,725117544775092,3736.4519333768,3404.72030466055,1805.6212074507,6128.07302780506,2497167332.1342,"post_krill",0.555491199179932,0.50617328916069,0.555491199179932,0.50617328916069,-868207132.911124,-2989.94074195793,-0.255322817331339,-0.255322817331339,"Post Krill Fishing (2001-2010)"
4.94008654120945e-06,1226765560.64634,571550349969323,6060.32803536826,2823508191.507,660613985.404855,596907773.347838,323020889.25238,1100675722.65582,307780204030053,3263.49025823326,2948.77605745896,1595.75114752519,5437.433323728,1520460843.57956,"post_krill",0.538500595873265,0.486570370489816,0.538500595873265,0.486570370489816,-566151575.241487,-2796.837777135,-0.26881381180086,-0.26881381180086,"Post Krill Fishing (2001-2010)"
7.08646885155566e-06,768983393.164854,249755209136778,5449.37686302632,1769882510.06155,405513342.506844,365297263.724201,201120932.230856,690214637.929919,131705145476189,2873.65767056497,2588.66768094006,1425.2372216498,4891.18453257814,933324411.006623,"post_krill",0.527336930954906,0.475039210171719,0.527336930954906,0.475039210171719,-363470050.65801,-2575.71919246135,-0.277911812684678,-0.277911812684678,"Post Krill Fishing (2001-2010)"
1.01654172179288e-05,479235563.941663,108505388945677,4871.62945313638,1103002549.02644,250072107.988443,224031257.799843,124870938.897626,431098344.521979,56619694745889.6,2542.08731226945,2277.37120539276,1269.36519228886,4382.2945340243,575562819.843736,"post_krill",0.521814587238946,0.467476278173532,0.521814587238946,0.467476278173532,-229163455.953221,-2329.54214086693,-0.282483784436966,-0.282483784436966,"Post Krill Fishing (2001-2010)"
1.45821154906901e-05,295719065.577252,46675208682298.4,4312.20956704644,680623283.557334,154971266.644831,139493889.565611,75953874.0074474,269560266.340111,24460094232639.2,2259.80890795345,2034.1160078913,1107.56816274192,3930.75893547268,356679919.013507,"post_krill",0.524048952820553,0.47171084249612,0.524048952820553,0.47171084249612,-140747798.932421,-2052.40065909298,-0.280628142507047,-0.280628142507047,"Post Krill Fishing (2001-2010)"
2.0917792907584e-05,180116693.261495,19818262787955.2,3767.64368884279,414554316.786526,96479209.3040687,87676453.014485,47297839.0266522,167531964.573589,10615619734847.3,2018.13212010996,1833.99788702852,989.366401735758,3504.39894035104,222055335.199199,"post_krill",0.535648348618078,0.486775830862027,0.535648348618078,0.486775830862027,-83637483.9574262,-1749.51156873282,-0.271120229661574,-0.271120229661574,"Post Krill Fishing (2001-2010)"
3.00062127750894e-05,113697672.674217,8721031740431.3,3411.63655829501,261685134.02169,63649613.9498078,58384629.8980247,31440022.6140606,109432006.686662,4882160649963.35,1909.88385923023,1751.90162751498,943.396008211127,3283.640077045,146495151.264969,"post_krill",0.559814571861872,0.513507695670403,0.559814571861872,0.513507695670403,-50048058.7244087,-1501.75269906478,-0.25195580112381,-0.25195580112381,"Post Krill Fishing (2001-2010)"
4.30433941612213e-05,73123680.8976357,3910020292867.61,3147.4914193963,168300544.644274,44158672.717207,41168619.5595264,21765387.5784587,73850759.1391121,2361222852991.82,1900.73915540311,1772.03711877406,936.856156611347,3178.78733473022,101635045.96381,"post_krill",0.603890178600607,0.562999825147718,0.603890178600607,0.562999825147718,-28965008.1804287,-1246.75226399319,-0.219042033505188,-0.219042033505188,"Post Krill Fishing (2001-2010)"
6.17450057694841e-05,39310352.8614388,1465320357642.4,2427.21796422999,90476213.9367724,26434651.7602033,25247514.4827321,13640055.9195879,42419719.1000029,985369770348.983,1632.20772544806,1558.90792740142,842.205331451042,2619.20580056957,60841662.1552731,"post_krill",0.672460302083277,0.642261202073779,0.672460302083276,0.642261202073778,-12875701.1012355,-795.010238781936,-0.172333348641621,-0.172333348641622,"Post Krill Fishing (2001-2010)"
8.85721447336123e-05,19742511.4134436,513018130060.1,1748.63657831652,45439116.0666503,15291961.8574038,14700833.2383225,8227133.07612909,23582435.6378893,397368577520.163,1354.44185889485,1302.08432928939,728.694821561594,2088.74690249023,35195787.1607055,"post_krill",0.774570242719514,0.744628326683501,0.774570242719514,0.744628326683501,-4450549.55603982,-394.194719421673,-0.110939191665651,-0.110939191665651,"Post Krill Fishing (2001-2010)"
0.000127055212400501,9298940.18471231,168449002749.651,1181.47882026818,21402323.8230095,8607592.72199452,8487167.06544352,4900107.70878174,12566361.4716357,155925340016.582,1093.63952155002,1078.33881417847,622.584225724597,1596.62172588015,19811127.1944273,"post_krill",0.925653090676465,0.91270261953041,0.925653090676465,0.91270261953041,-691347.462717783,-87.8392987181553,-0.0335517444553975,-0.0335517444553974,"Post Krill Fishing (2001-2010)"
0.000182258508549024,4076859.88740862,51483190207.9333,743.042402642438,9383249.46264365,4695393.48327233,4752302.83839969,2604436.01519906,6450878.51836873,59294124025.9434,855.775413312024,866.147627500023,474.680623741545,1175.72749758882,10806858.6106893,"post_krill",1.1517181391919,1.16567725397608,1.1517181391919,1.16567725397608,618533.595863717,112.733010669586,0.0613462068899546,0.0613462068899546,"Post Krill Fishing (2001-2010)"
0.000261446683775594,1651544.98095867,14539006997.8495,431.79095837787,3801175.16497791,2474229.49225378,2586644.73217764,1294095.34384508,3440648.37974692,21781326162.4169,646.879095649522,676.269687333452,338.336936137734,899.546108922702,5694655.49339848,"post_krill",1.49813024821011,1.56619696223845,1.49813024821011,1.56619696223845,822684.51129511,215.088137271651,0.175549572789293,0.175549572789293,"Post Krill Fishing (2001-2010)"
0.000375040753934783,613971.897735459,3767883853.04114,230.264483421476,1413110.00098325,1256560.29505249,1328271.28779459,558832.137532375,1881722.24682842,7711384289.02632,471.261320421,498.155865204407,209.584826183128,705.722530146384,2892083.37763728,"post_krill",2.04660881008906,2.16340730364649,2.04660881008906,2.16340730364649,642588.397317032,240.996836999524,0.31103483931358,0.31103483931358,"Post Krill Fishing (2001-2010)"
0.000537989486348578,208186.739359707,890649341.945594,112.002276972714,479159.981990009,613529.250798548,584419.342017372,211368.519504331,1035515.13422849,2624756145.2219,330.072286496938,314.4114616241,113.714041238395,557.096255169766,1412091.2103582,"post_krill",2.94701407344916,2.80718812261912,2.94701407344916,2.80718812261912,405342.511438841,218.070009524225,0.469382209825737,0.469382209825737,"Post Krill Fishing (2001-2010)"
0.000771736629646219,64201.9684965718,191472631.813975,49.547010784197,147766.443545609,286664.029115057,239101.563235006,70550.8478337235,562966.849049648,854931980.847113,221.22913167006,184.523434554126,54.446673525881,434.462138688127,659782.325475717,"post_krill",4.46503488643599,3.72420922339435,4.46503488643599,3.72420922339435,222462.060618485,171.682120885863,0.649824856489392,0.649824856489392,"Post Krill Fishing (2001-2010)"
0.00110704287100476,18216.5699384118,37872994.3075963,20.1665238844784,41927.0283518284,126834.715777693,88033.7532108691,21720.9185993221,300952.104365779,263694564.064182,140.41146789761,97.457138899885,24.0459880870543,333.166881652015,291921.18726996,"post_krill",6.9626014231278,4.83261961546556,6.9626014231278,4.83261961546556,108618.145839281,120.244944013132,0.842771534527771,0.842771534527771,"Post Krill Fishing (2001-2010)"
0.00158803388508885,5121.36891639967,7422560.95597071,8.13290737728345,11787.278312219,51943.5783856048,28441.3107029264,6580.09105521353,149263.326238187,75283460.9519674,82.4881625891092,45.1657651325874,10.4494075626491,237.035219867312,119552.686978488,"post_krill",10.1425183839561,5.55345868794016,10.1425183839561,5.55345868794016,46822.2094692051,74.3552552118257,1.00614580356329,1.00614580356329,"Post Krill Fishing (2001-2010)"
0.00227800719036431,1735.45466317794,1753418.80023822,3.95337820127062,3994.30063466263,18653.4028659265,7953.48917534665,2418.98847141361,64742.8684912677,18846489.0310876,42.4925858533427,18.1181055299244,5.51047313128857,147.484719947919,42932.4375259397,"post_krill",10.7484241805364,4.58294263981654,10.7484241805364,4.58294263981654,16917.9482027485,38.539207652072,1.03134479728766,1.03134479728766,"Post Krill Fishing (2001-2010)"
0.00326776198422312,817.150218751037,575544.571287157,2.67025242023424,1880.74267027816,4905.59440734361,2140.67136489775,909.193530709449,17918.2328661772,3455164.25902526,16.030314914335,6.99520450692789,2.97102805595393,58.5525201845511,11290.6544148892,"post_krill",6.0032957157394,2.6196791186933,6.0032957157394,2.6196791186933,4088.44418859257,13.3600624941007,0.778389736750956,0.778389736750956,"Post Krill Fishing (2001-2010)"
0.0046875481476536,489.845199269166,240514.127385848,2.29617295647119,1127.42155231206,683.050272944168,677.66992317064,282.008540933238,1109.58629882327,335377.87162748,3.20183104169372,3.17661039307909,1.32192861367409,5.20123919971086,1572.0999209114,"post_krill",1.39442067404816,1.38343689839505,1.39442067404816,1.38343689839505,193.205073675001,0.90565808522253,0.144393813114039,0.144393813114039,"Post Krill Fishing (2001-2010)"
0.00672420688613729,312.317124175748,106901.108001161,2.10008495704116,718.82516655711,452.955821740006,448.86651046782,194.645947640914,740.860718842695,155039.463005349,3.04576865566012,3.01827128064413,1.30883962148575,4.98170074731067,1042.51742476359,"post_krill",1.45030735325648,1.4372138948591,1.45030735325648,1.4372138948591,140.638697564258,0.945683698618963,0.161460048909708,0.161460048909708,"Post Krill Fishing (2001-2010)"
0.00964575868307804,207.208790440909,49442.3676480652,1.9986859896055,476.909147053262,315.492979999465,309.409214307923,138.657342772134,530.953639428738,75280.2034813559,3.04316915128001,2.98448661553501,1.33745526801684,5.12145067783164,726.13467639417,"post_krill",1.52258492184692,1.49322436393527,1.52258492184692,1.49322436393527,108.284189558556,1.04448316167451,0.182581524661873,0.182581524661873,"Post Krill Fishing (2001-2010)"
0.0138366742944791,142.529560045243,23708.3157801667,1.97213509968143,328.044243520826,228.086638768106,223.062804517998,103.688913960167,399.817748877183,37939.8494981292,3.15596053155681,3.0864473733286,1.4347097304151,5.53214796836543,524.961340287171,"post_krill",1.60027603183301,1.56502836637671,1.60027603183301,1.56502836637671,85.5570787228637,1.18382543187538,0.204194900632382,0.204194900632382,"Post Krill Fishing (2001-2010)"
0.0198484703818451,92.2885624872749,10701.5901519895,1.83178679911174,212.410195170409,156.759600573654,150.11191298857,70.7562552624471,289.079032048617,18177.517912473,3.11143828905603,2.97949185891574,1.40440343690695,5.73777660562943,360.795925901179,"post_krill",1.69858101967151,1.62654947636949,1.69858101967151,1.62654947636949,64.4710380863788,1.2796514899443,0.230086266871094,0.230086266871094,"Post Krill Fishing (2001-2010)"
0.0284722880740333,59.6554960420017,4822.31492408814,1.69852846850723,137.302339702348,108.623200721539,102.971099094054,46.9958485155918,209.807902827134,8780.67096404486,3.0927510624672,2.93182279670574,1.33807933721956,5.97371104950294,250.005793171585,"post_krill",1.82084146354361,1.72609576528464,1.82084146354361,1.72609576528464,48.967704679537,1.39422259395997,0.260272134424534,0.260272134424534,"Post Krill Fishing (2001-2010)"
0.0408430056611436,38.6612738553358,2178.64235053569,1.57904262694051,88.9823018565365,76.1691047616816,71.00899788157,31.1866599066464,154.825133910392,4292.28581699427,3.11097517698561,2.9002209024691,1.27375692711932,6.32352382078947,175.309853922743,"post_krill",1.97016541789839,1.83669576298169,1.97016541789839,1.83669576298169,37.5078309063458,1.5319325500451,0.294502691676565,0.294502691676565,"Post Krill Fishing (2001-2010)"
0.0585885864563713,25.0392270788733,983.6381749011,1.46701292051128,57.6299702519804,53.9091571899415,48.5709194444366,20.7478662605367,115.647978142952,2117.7612560378,3.158461316813,2.84570151313582,1.21558815619068,6.7756515659329,124.076638443324,"post_krill",2.1529880702838,1.93979308112981,2.1529880702838,1.93979308112981,28.8699301110681,1.69144839630171,0.333041623402554,0.333041623402554,"Post Krill Fishing (2001-2010)"
0.0840443157253079,16.1221608293965,441.511866176362,1.35497597492,37.1065626773961,38.3875439541563,32.8462645573451,13.8092347960681,87.0069478905724,1051.2583485846,3.22625486400225,2.7605418288545,1.16058768912566,7.31243939881068,88.3522885573095,"post_krill",2.38104211714362,2.03733636606915,2.38104211714362,2.03733636606915,22.2653831247597,1.87127888908225,0.376767077505381,0.376767077505381,"Post Krill Fishing (2001-2010)"
0.12056011986217,10.2468790503571,195.620973383802,1.23536496652421,23.5840879987056,27.4172210913523,21.8792395870828,9.22532305538038,66.9081687391647,523.416295928889,3.30542346106105,2.63776374711184,1.1122060533239,8.066456842952,63.103131375,"post_krill",2.67566553256007,2.13521009466002,2.67566553256007,2.13521009466002,17.1703420409952,2.07005849453684,0.427431824177251,0.427431824177251,"Post Krill Fishing (2001-2010)"
0.172941410442158,6.36843367757051,84.7541768682074,1.10136590250639,14.6575068884519,19.5917177343689,14.0298699606557,6.00649622434174,51.9468974707725,260.735997904614,3.3882192979664,2.42634549931586,1.03877192885316,8.98376971668958,45.0920512306676,"post_krill",3.07637933066187,2.20303306448312,3.07637933066187,2.20303306448313,13.2232840567984,2.28685339546002,0.488039884788758,0.488039884788758,"Post Krill Fishing (2001-2010)"
0.248081467403285,3.8230132111703,35.4681840448244,0.948418727329272,8.79899914396981,14.0010536533956,9.02173604570462,3.7522989354204,40.8615394433917,129.895430742726,3.47340193552651,2.23812551674351,0.930875826034876,10.1369906654738,32.2246490676371,"post_krill",3.66230846717624,2.35984956037934,3.66230846717624,2.35984956037934,10.1780404422253,2.52498320819724,0.563754921055393,0.563754921055393,"Post Krill Fishing (2001-2010)"
0.355868581802455,2.17703609587305,14.0800260681078,0.774738747971094,5.01063890859911,9.25883680281592,5.12696875003916,2.08433297420035,30.2550221077832,59.8817189072486,3.29492912215848,1.82452709802194,0.741748619532771,10.7668118098987,21.3100223834158,"post_krill",4.25295511653099,2.3550223901929,4.25295511653099,2.3550223901929,7.08180070694287,2.52019037418738,0.62869079942087,0.62869079942087,"Post Krill Fishing (2001-2010)"
0.510487336437021,1.1848702462672,5.34211579404306,0.604861256040422,2.72708246263918,1.48695388111175,1.45975976217761,0.599883682370241,2.15832442443267,6.7040925690604,0.759071126173429,0.745188872831988,0.306233023185216,1.1017972865956,3.42235435880687,"post_krill",1.25495081490672,1.23199967825711,1.25495081490672,1.23199967825711,0.302083634844549,0.154209870133008,0.0986267049141139,0.098626704914114,"Post Krill Fishing (2001-2010)"
0.732285270429473,0.61288632437775,1.92631412367977,0.448807627789487,1.41061145899096,0.814550921289549,0.762875622571324,0.296395698814143,1.30075453692253,2.56015003390634,0.596483641675094,0.558642581578695,0.217046204460247,0.952523387832676,1.87476015991913,"post_krill",1.32904078438452,1.24472612983469,1.32904078438452,1.24472612983469,0.201664596911799,0.147676013885607,0.123538308377924,0.123538308377924,"Post Krill Fishing (2001-2010)"
1.05045057734576,0.224554585333679,0.49200983049895,0.235883493809402,0.516832010507412,0.354837471996345,0.283130084588893,0.120680837887801,0.606722179418343,0.777465862886625,0.372739227322471,0.297414160820357,0.126769255833811,0.637331663658477,0.816689464535876,"post_krill",1.58018359531189,1.26085194015599,1.58018359531189,1.26085194015599,0.130282886662665,0.136855733513069,0.198707548852311,0.198707548852311,"Post Krill Fishing (2001-2010)"
1.50685321691489,0.0371492889950508,0.0567423127554585,0.0559785256282931,0.0855023365107534,0.0955419843326521,0.0670593523505642,0.00470779649518451,0.126891595299338,0.14593208384157,0.143967746442089,0.101048600813677,0.00709395829334941,0.19120700857627,0.219898229987763,"post_krill",2.57183884045212,1.8051315156933,2.57183884045212,1.8051315156933,0.0583926953376013,0.0879892208137955,0.410243750840356,0.410243750840356,"Post Krill Fishing (2001-2010)"
2.16155492347296,0.02565668297017,0.0273188057020851,0.0554583293941559,0.0590510989687434,0.0747145026647447,0.0507089432312219,0.00323895452691291,0.109752850324881,0.0795547492947238,0.161499501089813,0.109610165905559,0.00700117810455363,0.237236813984937,0.171961960023667,"post_krill",2.91208737901202,1.97644189976464,2.91208737901202,1.97644189976464,0.0490578196945747,0.106041171695657,0.464204402115388,0.464204402115388,"Post Krill Fishing (2001-2010)"
3.10071321794452,0.0167687320669388,0.0124470404698132,0.0519950291681271,0.0385947029090402,0.0604785940522948,0.0403702892863338,0.00201767226273221,0.104757472592208,0.0448918561475795,0.187526775980651,0.125176689602379,0.00625622305453378,0.324822879945119,0.139196771734864,"post_krill",3.60662892166632,2.40747416830208,3.60662892166632,2.40747416830208,0.043709861985356,0.135531746812524,0.557101460986799,0.557101460986799,"Post Krill Fishing (2001-2010)"
4.44791957656499,0.00812232581340794,0.00420291838838262,0.0361274519926963,0.0186942429783921,0.0470702228683955,0.0291746748921168,0.000939940253906465,0.107448174212334,0.024356607920391,0.209364565769613,0.129766607592566,0.00418077865615204,0.477920837545205,0.108336233187825,"post_krill",5.79516556584005,3.59191142566045,5.79516556584005,3.59191142566045,0.0389478970549876,0.173237113776917,0.763065848117316,0.763065848117316,"Post Krill Fishing (2001-2010)"
6.38046383815689,0.000171443818269746,6.18439265153403e-05,0.00109389108274566,0.000394592936740761,0.000159804184637487,0.000155759388226765,0.000119150965500387,0.000210766268204081,5.76452295061174e-05,0.00101962482126563,0.000993817144034313,0.000760238426656699,0.00134478655257942,0.000367803302306037,"post_krill",0.932108175437705,0.908515628027461,0.932108175437705,0.908515628027461,-1.16396336322596e-05,-7.4266261480027e-05,-0.0305336828504766,-0.0305336828504766,"Post Krill Fishing (2001-2010)"
9.15266521555844,0.000134648757854725,3.38596333393299e-05,0.00123239500233509,0.000309905888276447,0.000132123992377235,0.000130779729064197,9.58977138211209e-05,0.000170691205165943,3.32247397487937e-05,0.00120928666917182,0.00119698307710604,0.000877719669542151,0.00156227945612408,0.000304094919794766,"post_krill",0.981249247912004,0.9712657669319,0.981249247912004,0.9712657669319,-2.52476547749051e-06,-2.31083331632702e-05,-0.00822066311577804,-0.00822066311577804,"Post Krill Fishing (2001-2010)"
13.1293402287023,0.00011019525206987,1.93173459117656e-05,0.00144679095601293,0.000253624006791101,0.000117377170066662,0.000118493571447187,7.58907632661319e-05,0.000154642666533587,2.05763438417853e-05,0.00154108480088746,0.00155574241444416,0.000996395651136947,0.00203035618279321,0.000270153818961562,"post_krill",1.06517447768293,1.07530559821266,1.06517447768293,1.07530559821266,7.18191799679212e-06,9.42938448745237e-05,0.0274207518954595,0.0274207518954595,"Post Krill Fishing (2001-2010)"
18.8338118767848,9.26945425899221e-05,1.13277437019355e-05,0.00174579157714321,0.000213344593870687,0.000116338170424696,0.000117154218736923,5.49209946057633e-05,0.000169398488330011,1.42171150587923e-05,0.00219109121586806,0.00220646051626291,0.00103437168049086,0.00319041926141917,0.000267762470447899,"post_krill",1.25507033288219,1.26387396133136,1.25507033288219,1.26387396133136,2.3643627834774e-05,0.000445299638724846,0.0986680639260256,0.0986680639260257,"Post Krill Fishing (2001-2010)"
27.0167779668531,6.87146631134606e-05,5.85387365348876e-06,0.00185644879640347,0.000158152804742317,0.000118873844246873,9.07910283376769e-05,2.69155726058737e-05,0.000246247425600657,1.01269864887016e-05,0.00321158825608404,0.00245288105398128,0.000727172048943603,0.00665281202236213,0.000273598545438571,"post_krill",1.72996328382765,1.32127589984345,1.72996328382765,1.32127589984345,5.01591811334122e-05,0.00135513945968056,0.238036885903211,0.238036885903211,"Post Krill Fishing (2001-2010)"
38.7551015421336,6.95425814046573e-06,4.12999385122881e-07,0.000269512980383958,1.6005833107276e-05,8.02728806984937e-06,7.50987686882472e-06,6.01825374583939e-06,1.19291090915528e-05,4.76724471552332e-07,0.00031109836425497,0.000291046040620222,0.000233238035026331,0.000462313834150316,1.84755053026306e-05,"post_krill",1.15429825981579,1.07989618980721,1.15429825981579,1.07989618980721,1.07302992938364e-06,4.15853838710114e-05,0.0623180409303945,0.0623180409303945,"Post Krill Fishing (2001-2010)"
55.5935240458296,5.35612177749714e-06,2.2174493805878e-07,0.000297765684829678,1.23275825460118e-05,6.26388707527823e-06,5.97892318857948e-06,4.80273877632415e-06,8.71409938275042e-06,2.59326675011453e-07,0.000348231556739841,0.000332389410052461,0.000267001173647415,0.000484447493572684,1.44168837429742e-05,"post_krill",1.16948182574842,1.11627842624844,1.16948182574842,1.11627842624844,9.07765297781091e-07,5.04658719101627e-05,0.0679934770741984,0.0679934770741984,"Post Krill Fishing (2001-2010)"
79.747950407875,4.63847251238478e-06,1.33869898412459e-07,0.000369908675885953,1.0675850019704e-05,5.610473582421e-06,5.41447436599502e-06,4.41513594706196e-06,7.15116155497677e-06,1.61922599847063e-07,0.000447423769015603,0.000431793233224081,0.000352098042550324,0.00057029047704499,1.29129954625178e-05,"post_krill",1.20955197372432,1.16729685290541,1.20955197372432,1.16729685290541,9.72001070036217e-07,7.75150931296497e-05,0.082624534472778,0.082624534472778,"Post Krill Fishing (2001-2010)"
114.397057992117,3.59084307754629e-06,7.2245208297485e-08,0.000410781883782654,8.26463928325994e-06,4.42744125165674e-06,4.33367479395249e-06,3.33362273929254e-06,5.53539203437995e-06,8.90769684286476e-08,0.000506486253622466,0.000495759646722757,0.000381356633830687,0.000633232563566064,1.01901431230939e-05,"post_krill",1.2329809897129,1.20686833157683,1.2329809897129,1.20686833157683,8.36598174110449e-07,9.57043698398119e-05,0.0909563806294434,0.0909563806294434,"Post Krill Fishing (2001-2010)"
164.100604596346,2.72796517200044e-06,3.82609823978819e-08,0.000447660734043047,6.27865034394256e-06,3.46237947715324e-06,3.42910214813727e-06,2.11011441588823e-06,4.66480816437377e-06,4.85614851647843e-08,0.000568178565542827,0.000562717735731954,0.000346271051414723,0.000765497840099706,7.96896907563758e-06,"post_krill",1.26921689202295,1.25701830189521,1.26921689202295,1.25701830189521,7.34414305152803e-07,0.00012051783149978,0.103535843497344,0.103535843497344,"Post Krill Fishing (2001-2010)"
235.399484056154,2.12449472688331e-06,2.07719671684375e-08,0.000500104962588353,4.88971035428157e-06,3.03877218219752e-06,2.73710511540205e-06,1.20796803996102e-06,5.15369365618814e-06,2.97111944794368e-08,0.00071532540385349,0.000644313131973103,0.000284355053363148,0.00121317682765016,6.99399985115149e-06,"post_krill",1.43035054111689,1.28835580562605,1.43035054111689,1.28835580562605,9.14277455314204e-07,0.000215220441265137,0.155442484609436,0.155442484609436,"Post Krill Fishing (2001-2010)"
337.676495648558,4.88584282195665e-07,3.33016794452367e-09,0.000164983428240798,1.12451944142791e-06,7.62464197229313e-07,7.34969350568564e-07,3.52660660258306e-07,1.16289507326327e-06,5.1969208199849e-09,0.000257466238177885,0.000248181874709089,0.000119085215909131,0.000392682333146514,1.75487801065553e-06,"post_krill",1.56055817801353,1.5042836565795,1.56055817801353,1.5042836565795,2.73879915033648e-07,9.24828099370871e-05,0.193279963914051,0.193279963914051,"Post Krill Fishing (2001-2010)"
484.391102940098,2.38488369688948e-07,1.13317901603174e-09,0.000115521644432016,5.48901833404189e-07,3.90658928720322e-07,3.55665690769724e-07,1.29381837156653e-07,7.20164619770694e-07,1.85621840188135e-09,0.000189231709356234,0.000172281296229898,6.26714108007272e-05,0.000348841334469163,8.99135678985012e-07,"post_krill",1.63806280880633,1.49133348193711,1.63806280880633,1.49133348193711,1.52170559031374e-07,7.37100649242183e-05,0.214330550046526,0.214330550046526,"Post Krill Fishing (2001-2010)"
694.850674036028,8.78550454631519e-08,2.91006507846184e-10,6.1046137557537e-05,2.02206068125792e-07,1.46882896033062e-07,1.23867119238775e-07,5.03582639900871e-08,2.89762742247575e-07,4.86527306560248e-10,0.000102061679312937,8.60691512939642e-05,3.49914736767963e-05,0.000201341836761256,3.38063826900322e-07,"post_krill",1.67187775339172,1.4099033081797,1.67187775339172,1.4099033081797,5.902785056991e-08,4.10155417554e-05,0.223204518935324,0.223204518935324,"Post Krill Fishing (2001-2010)"
996.751295136877,3.6131051017319e-08,8.34298116172074e-11,3.60136718961693e-05,8.31587727824772e-08,3.6845232945762e-08,3.65819700356163e-08,2.62183132292226e-08,4.46413500357832e-08,8.5078921235465e-11,3.67255336583082e-05,3.6463126011659e-05,2.6133137667532e-05,4.44963234648256e-05,8.48025249302981e-08,"post_krill",1.01976643104295,1.0124800969139,1.01976643104295,1.0124800969139,7.14181928443021e-10,7.11861762138937e-07,0.00850071163933513,0.00850071163933513,"Post Krill Fishing (2001-2010)"
1429.82252371756,3.26181611385669e-08,5.25055021558503e-11,4.66381814781717e-05,7.50735496015356e-08,3.48554054255051e-08,3.45486280948581e-08,2.48592455151559e-08,4.21807408892236e-08,5.61067975885382e-11,4.98370437506944e-05,4.93984066135694e-05,3.55443091601946e-05,6.03109733905062e-05,8.02227629257539e-08,"post_krill",1.06858891515785,1.05918380708496,1.06858891515785,1.05918380708496,2.23724428693821e-09,3.19886227252268e-06,0.0288106647834884,0.0288106647834883,"Post Krill Fishing (2001-2010)"
2051.05572403526,3.41289225606904e-08,3.82976913678805e-11,7.00003219732602e-05,7.85506990974272e-08,4.1266122735222e-08,4.09011515338295e-08,2.87271440921539e-08,5.03630733143824e-08,4.63066840053986e-11,8.46391172448187e-05,8.38905409730946e-05,5.8920973325398e-05,0.000103297469801472,9.49775892903649e-08,"post_krill",1.20912468484288,1.19843078729181,1.20912468484288,1.19843078729181,7.13720017453159e-09,1.46387952715585e-05,0.0824710875830026,0.0824710875830026,"Post Krill Fishing (2001-2010)"
2942.20402414699,2.07764805613458e-08,1.62527432040619e-11,6.11286447152033e-05,4.78188864584187e-08,3.25598729175391e-08,3.21502240293904e-08,2.04484902691716e-08,4.18695003601329e-08,2.54704954346404e-11,9.57977891236982e-05,9.45925185164996e-05,6.01636303576871e-05,0.000123188612448607,7.49393941648167e-08,"post_krill",1.56715054897777,1.54743359610218,1.56715054897777,1.54743359610218,1.17833923561933e-08,3.46691444084949e-05,0.195110719155061,0.195110719155061,"Post Krill Fishing (2001-2010)"
4220.54087476266,6.53308236638416e-11,3.56268560993628e-14,2.75731411655155e-07,1.50364602406648e-10,5.78934207552683e-11,5.81179198709244e-11,5.0740280960276e-11,6.3064897055918e-11,3.15710173954131e-14,2.44341548677443e-07,2.45289056371417e-07,2.14151429789787e-07,2.66167975787201e-07,1.33246769375184e-10,"post_krill",0.886157827324475,0.889594170279696,0.886157827324475,0.889594170279696,-7.43740290857333e-12,-3.13898629777125e-08,-0.0524889220950626,-0.0524889220950626,"Post Krill Fishing (2001-2010)"
6054.29301617067,9.72244115282285e-11,3.69606298657789e-14,5.88625075716658e-07,2.23770483269655e-10,1.21776693863679e-10,1.24475768216411e-10,6.85088953276157e-11,1.43924429020351e-10,4.6294374400681e-14,7.37271787191223e-07,7.53612774195099e-07,4.14772926527551e-07,8.71360665474264e-07,2.80279707622033e-10,"post_krill",1.2525320745019,1.28029335698546,1.2525320745019,1.28029335698546,2.45522823354501e-11,1.48646711474566e-07,0.0977888559770708,0.0977888559770708,"Post Krill Fishing (2001-2010)"
8684.77880283868,1.6722230037499e-11,4.43162402825095e-15,1.45228868965864e-07,3.84876744227044e-11,9.15907116221672e-12,9.20301840348076e-12,6.41041629054351e-12,1.13860121526857e-11,2.42728151376457e-15,7.95445070833108e-08,7.99261791526839e-08,5.5673047517484e-08,9.88849969925086e-08,2.10804030392647e-11,"post_krill",0.5477182852812,0.550346358281361,0.5477182852812,0.550346358281361,-7.56315887528227e-12,-6.56843618825527e-08,-0.261442760140838,-0.261442760140838,"Post Krill Fishing (2001-2010)"
12458.1652478298,1.52804775070147e-11,2.8229963421265e-15,1.90366713848135e-07,3.51693549242309e-11,8.29951326691336e-12,8.30949327894802e-12,6.15002304113862e-12,1.03781177980712e-11,1.53329603627709e-15,1.03396707755762e-07,1.03521040394865e-07,7.66180033244656e-08,1.29292306489814e-07,1.91020553937824e-11,"post_krill",0.543144889490749,0.54379801122926,0.543144889490749,0.54379801122926,-6.9809642401013e-12,-8.69700060923725e-08,-0.265084302432027,-0.265084302432027,"Post Krill Fishing (2001-2010)"
17871.0229547244,2.02362771412584e-11,2.60620565348563e-15,3.61642973309593e-07,4.65755610581741e-11,1.15029689702677e-11,1.13292610285592e-11,9.08884481015466e-12,1.49877648346667e-11,1.48145345870259e-15,2.05569822515136e-07,2.02465483901447e-07,1.62426954234201e-07,2.6784668940034e-07,2.64750887668298e-11,"post_krill",0.568433061574111,0.559849074485187,0.568433061574111,0.559849074485187,-8.73330817099068e-12,-1.56073150794456e-07,-0.245320670291316,-0.245320670291316,"Post Krill Fishing (2001-2010)"
25635.6738809449,2.99895019867893e-11,2.69247693919877e-15,7.6880109278528e-07,6.90234607452644e-11,2.44920814687863e-11,2.21763536174107e-11,1.5698047561654e-11,4.98692402245178e-11,2.19891495953263e-15,6.27871013199339e-07,5.68505769204452e-07,4.02430027858125e-07,1.27843157908624e-06,5.63706667945097e-11,"post_krill",0.816688502515823,0.739470552968154,0.816688502515823,0.739470552968154,-5.49742051800304e-12,-1.40930079585941e-07,-0.0879435584424538,-0.0879435584424538,"Post Krill Fishing (2001-2010)"
36773.9315760001,1.71467076015526e-12,1.07316908897935e-16,6.30551852093176e-08,3.94646466476051e-12,1.01384758866372e-12,1.0326338501235e-12,4.26736057228064e-13,1.35664516568326e-12,6.3454157986087e-17,3.72831618540122e-08,3.7974006547503e-08,1.56927625695169e-08,4.98891764957476e-08,2.33345886399306e-12,"post_krill",0.591278286317728,0.602234477964734,0.591278286317728,0.602234477964734,-7.00823171491541e-13,-2.57720233553053e-08,-0.228208069429007,-0.228208069429007,"Post Krill Fishing (2001-2010)"
52751.5699347979,1.35176564158196e-12,5.89784685106993e-17,7.13077597773674e-08,3.11120680628943e-12,7.99978204465739e-13,8.16261156252289e-13,3.42241951684484e-13,1.0737881171855e-12,3.49036015489433e-17,4.22001061991884e-08,4.30590574691016e-08,1.80538002489058e-08,5.66440089588656e-08,1.8412197780854e-12,"post_krill",0.591802439607455,0.603848131024419,0.591802439607455,0.603848131024419,-5.51787437116217e-13,-2.9107653578179e-08,-0.227823248864686,-0.227823248864686,"Post Krill Fishing (2001-2010)"
75671.2163026369,1.14615103040443e-12,3.48609012921977e-17,8.67306425372235e-08,2.63796680218677e-12,6.88445688358663e-13,7.02859504500548e-13,2.95484269420933e-13,9.31541712797114e-13,2.09395067057105e-17,5.20955225964061e-08,5.31862335954251e-08,2.23596540653781e-08,7.04908944439992e-08,1.58451794119833e-12,"post_krill",0.600658787625694,0.613234631261937,0.600658787625694,0.613234631261938,-4.57705342045763e-13,-3.46351199408173e-08,-0.221372164824331,-0.221372164824331,"Post Krill Fishing (2001-2010)"
108549.05330397,1.16335962321352e-12,2.4666948274086e-17,1.2628158575189e-07,2.67757388305003e-12,7.2709775204001e-13,7.40750065377408e-13,3.1123013565626e-13,9.92270629881445e-13,1.54168000005303e-17,7.89257726433875e-08,8.04077183315712e-08,3.37837365851531e-08,1.07710037494964e-07,1.67347904503421e-12,"post_krill",0.624998270123529,0.636733517819066,0.624998270123529,0.636733517819066,-4.3626187117351e-13,-4.73558131085028e-08,-0.204121184698877,-0.204121184698877,"Post Krill Fishing (2001-2010)"
155711.742838438,3.23911169271364e-12,4.78775628221277e-17,5.04367726920804e-07,7.45509874989033e-12,3.19007597547506e-12,3.2579378134665e-12,9.34483460168641e-13,4.739101272671e-12,4.71527620571836e-17,4.96732289928252e-07,5.0729917499412e-07,1.45510048236553e-07,7.37933718655462e-07,7.34223875957025e-12,"post_krill",0.984861368828717,1.00581212460046,0.984861368828717,1.00581212460046,-4.90357172385808e-14,-7.6354369925522e-09,-0.00662489741094058,-0.00662489741094053,"Post Krill Fishing (2001-2010)"
223365.806700198,4.08277103252995e-13,4.20693508051238e-18,9.11951445253252e-08,9.39685447994009e-13,9.76969918661186e-13,9.61762474230066e-13,1.06801224610847e-13,1.81700625255335e-12,1.00668124434943e-17,2.18221674003583e-07,2.14824850910377e-07,2.38557416917708e-08,4.05857067380882e-07,2.2485816823407e-12,"post_krill",2.39290891131799,2.35566106099782,2.39290891131799,2.35566106099782,5.68692815408191e-13,1.27026529478257e-07,0.378926167035967,0.378926167035967,"Post Krill Fishing (2001-2010)"
320414.393245838,1.77245560958012e-15,1.27318298856712e-20,5.67920288698795e-10,4.07946154772658e-15,1.11824626740942e-15,1.05049256068173e-15,9.73272822709152e-16,1.6622228330312e-15,8.03254037505418e-21,3.58302199271412e-10,3.36592936440103e-10,3.11850620951017e-10,5.3260012048507e-10,2.57374155049568e-15,"post_krill",0.630902269915986,0.592676372262199,0.630902269915986,0.592676372262199,-6.54209342170697e-16,-2.09618089427383e-10,-0.200037910048108,-0.200037910048108,"Post Krill Fishing (2001-2010)"
459628.91507784,3.0183873246128e-15,1.51145458680207e-20,1.38733809129648e-09,6.94708231921259e-15,2.59500836197339e-15,2.59064042081518e-15,1.80577562987546e-15,3.34311052153948e-15,1.29944797326418e-20,1.19274087803175e-09,1.19073324597608e-09,8.29986693633663e-10,1.5365902620005e-09,5.97263862151514e-15,"post_krill",0.859733388360382,0.858286277473522,0.859733388360382,0.858286277473522,-4.23378962639409e-16,-1.94597213264733e-10,-0.065636206797741,-0.065636206797741,"Post Krill Fishing (2001-2010)"
659329.743072884,1.56442040766947e-15,5.46107676811749e-21,1.03146890544669e-09,3.6006503424242e-15,8.3849203985972e-16,7.80913541796893e-16,7.07821963270368e-16,1.39057918758672e-15,2.92700694562713e-21,5.52842741209367e-10,5.14879524875081e-10,4.66688073184396e-10,9.1685021847405e-10,1.92986273743288e-15,"post_krill",0.535976158166351,0.499171154996774,0.535976158166351,0.499171154996774,-7.2592836780975e-16,-4.78626164237321e-10,-0.270854528604031,-0.270854528604031,"Post Krill Fishing (2001-2010)"
945797.132947857,2.19877087353211e-15,5.35068591700725e-21,2.07959118819592e-09,5.06066339960993e-15,1.13683011561359e-15,1.05259986845897e-15,9.39951658639312e-16,1.94693344124831e-15,2.7664641927296e-21,1.07521066399611e-09,9.95545937729787e-10,8.89003583850644e-10,1.84140406677296e-09,2.61651390188656e-15,"post_krill",0.517029823024436,0.478721944669058,0.517029823024436,0.478721944669058,-1.06194075791852e-15,-1.00438052419981e-09,-0.286484405452683,-0.286484405452683,"Post Krill Fishing (2001-2010)"
1356729.65779355,2.38263615308485e-14,4.04195882648839e-20,3.23259313262136e-08,5.48384541547723e-14,2.7145611099741e-14,2.54609076308483e-14,1.11798601579953e-14,4.91789767776371e-14,4.60504396539777e-20,3.68292556579486e-08,3.45435684971141e-08,1.51680478463367e-08,6.67225763341607e-08,6.24779972329839e-14,"post_krill",1.13930996407467,1.06860242164476,1.13930996407467,1.06860242164476,3.31924956889255e-15,4.503324331735e-09,0.0566418956099014,0.0566418956099015,"Post Krill Fishing (2001-2010)"
1946205.26983358,5.17928387180846e-17,6.12503461492594e-23,1.00799495652777e-10,1.1920574645482e-16,2.4777186904058e-17,2.31677599953099e-17,1.82344393163458e-17,4.32378321787016e-17,2.93015658542875e-23,4.82214917243294e-11,4.50892165931119e-11,3.5487961889933e-11,8.41496968423692e-11,5.70268618799902e-17,"post_krill",0.478390208324428,0.447315894798028,0.478390208324428,0.447315894798028,-2.70156518140266e-17,-5.25780039284478e-11,-0.320217718054321,-0.320217718054321,"Post Krill Fishing (2001-2010)"
2791797.85786357,2.26147019838131e-16,1.86437974467503e-22,6.31356765546323e-10,5.20497137742796e-16,6.07213627314403e-16,2.64543166170193e-16,9.91160218842146e-17,1.89424646839267e-15,5.00593281426361e-22,1.69521770400192e-09,7.3855104462639e-10,2.76711897576309e-10,5.28835323272429e-09,1.39755525074701e-15,"post_krill",2.68503926228622,1.16978400316548,2.68503926228622,1.16978400316548,3.81066607476272e-16,1.06386093845559e-09,0.428950640601528,0.428950640601528,"Post Krill Fishing (2001-2010)"
4004785.82602855,5.23703186738145e-18,3.00977061688192e-24,2.09731909929491e-11,1.20534867060859e-17,2.48297282960158e-18,2.3005464464199e-18,1.82396579954785e-18,3.78405885238426e-18,1.42698743377852e-24,9.9437743944024e-12,9.21319580074275e-12,7.30459238119006e-12,1.51543452568863e-11,5.71477904871707e-18,"post_krill",0.474118335056662,0.439284408549949,0.474118335056662,0.439284408549949,-2.75405903777987e-18,-1.10294165985467e-11,-0.324113249363677,-0.324113249363677,"Post Krill Fishing (2001-2010)"
5744796.12382558,9.30886164081932e-18,3.72948986523573e-24,5.34775122714074e-11,2.1425158921653e-17,4.70075741269735e-18,4.42749838256151e-18,3.18595850555033e-18,7.33039589231888e-18,1.88330515653077e-24,2.70048929635081e-11,2.54350755463834e-11,1.83026820733547e-11,4.21116299083004e-11,1.08192041632187e-17,"post_krill",0.504976611972031,0.475621891633554,0.504976611972031,0.475621891633554,-4.60810422812198e-18,-2.64726193078994e-11,-0.296728735795603,-0.296728735795603,"Post Krill Fishing (2001-2010)"
8240810.85430961,2.99269683812203e-17,8.35834427007106e-24,2.46622485872541e-10,6.88795341848581e-17,8.76982505626837e-16,1.01170322595685e-17,3.51471011314199e-18,1.16058937558848e-15,2.44933653402007e-22,7.22704695140928e-09,8.33725492580524e-11,2.89640612501323e-11,9.56419752374595e-09,2.01845190954097e-15,"post_krill",29.3040876862476,0.338057371220972,29.3040876862476,0.338057371220972,8.47055537245617e-16,6.98042446553674e-09,1.46692820519227,1.46692820519227,"Post Krill Fishing (2001-2010)"
11821300.8908807,7.41880341185555e-18,1.44442856342684e-24,8.76999073818366e-11,1.70750246636512e-17,6.40470859680133e-18,6.31199044075149e-18,2.71116915949924e-18,1.06791179240886e-17,1.24698600624214e-24,7.57119874411987e-11,7.46159382204859e-11,3.20495464005166e-11,1.26241066229849e-10,1.47409967865059e-17,"post_krill",0.86330749599947,0.85080977218842,0.86330749599947,0.85080977218842,-1.01409481505421e-18,-1.19879199406379e-11,-0.0638344881435482,-0.0638344881435482,"Post Krill Fishing (2001-2010)"
16957452.0303007,3.32197257813147e-20,4.5088202569468e-27,5.63321906396387e-13,7.64581032204232e-20,1.89071347071541e-20,1.840999295489e-20,1.46156854645104e-20,2.70579240849137e-20,2.56621239228857e-27,3.20616829826998e-13,3.1218657241072e-13,2.47844785154398e-13,4.58833449709441e-13,4.35164235417966e-20,"post_krill",0.569153846471209,0.554188588914998,0.569153846471209,0.554188588914998,-1.43125910741607e-20,-2.42705076569389e-13,-0.244770324742989,-0.244770324742989,"Post Krill Fishing (2001-2010)"
24325172.1628858,2.84228214783603e-20,2.68929683807776e-27,6.91390025816083e-13,6.54176085833459e-20,1.5660676947995e-20,1.48901452503339e-20,1.1623600589192e-20,2.44619958810445e-20,1.4817743914152e-27,3.80948662947315e-13,3.62205346744749e-13,2.82746085484717e-13,5.95042261254211e-13,3.604441717773e-20,"post_krill",0.550989526494343,0.523879913247548,0.550989526494343,0.523879913247548,-1.27621445303653e-20,-3.10441362868768e-13,-0.258856656373158,-0.258856656373158,"Post Krill Fishing (2001-2010)"
34894039.487579,3.94306586447427e-20,2.60081978320243e-27,1.3758949597709e-12,9.07531082151423e-20,1.91057052724005e-20,1.86523004817999e-20,1.17582717608461e-20,2.94930346452836e-20,1.26019949836977e-27,6.6667523421319e-13,6.50854109546115e-13,4.10293599128648e-13,1.02913111552106e-12,4.39734510583419e-20,"post_krill",0.484539338907236,0.47304055075141,0.484539338907236,0.47304055075141,-2.03249533723422e-20,-7.09219725557709e-13,-0.314670957567229,-0.314670957567229,"Post Krill Fishing (2001-2010)"
50054897.1907571,7.68194498665158e-19,3.53225538284694e-26,3.84518966531897e-11,1.76806680039902e-18,2.18780562336542e-18,5.60306151097689e-20,1.86088175468156e-20,4.874284654215e-18,1.00598067327787e-25,1.09510385550917e-10,2.80460667885436e-12,9.31462449147414e-13,2.43981817245217e-10,5.03542591768124e-18,"post_krill",2.84798397693167,0.0729380582744731,2.84798397693167,0.0729380582744731,1.41961112470027e-18,7.10584888977268e-11,0.454537541583591,0.454537541583591,"Post Krill Fishing (2001-2010)"
71802885.8100286,3.34002110326234e-20,1.07061861008156e-27,2.39823153880632e-12,7.68735058057776e-20,1.87591616417271e-20,1.73923017673554e-20,1.51549071975039e-20,3.57981496377442e-20,6.01310798412151e-28,1.3469619412528e-12,1.24881745777498e-12,1.08816607096395e-12,2.57041045064926e-12,4.31758505947248e-20,"post_krill",0.561647997475352,0.520724307710738,0.561647997475352,0.520724307710737,-1.46410493908963e-20,-1.05126959755352e-12,-0.250535785230148,-0.250535785230148,"Post Krill Fishing (2001-2010)"
103000000.000001,2.10270168014772e-18,4.69859393388033e-26,2.16578273055217e-10,4.83955175189677e-18,1.97547950838418e-17,5.56428910532955e-18,1.14984088443e-19,1.07715710445998e-16,4.41430951534062e-25,2.03474389363571e-09,5.73121777848947e-10,1.18433611096291e-11,1.10947181759378e-08,4.54673880080086e-17,"post_krill",9.39495852899776,2.64625703106807,9.39495852899776,2.64625703106807,1.76520934036941e-17,1.8181656205805e-09,0.972894867388414,0.972894867388414,"Post Krill Fishing (2001-2010)"
