"time","species","median","q05","q25","q75","q95"
0,"antarctic krill",0.656714679835662,0.102510082309344,0.36251252124946,1.2301402482428,1.85498183372458
0,"baleen whales",0.0465854346697134,0.00904586634571687,0.0463624972923172,0.177123844507768,1.0236822849813
0,"bathypelagic fishes",0.120759111332516,0.0484322889622809,0.0826833776410687,0.167077852075972,0.229619794756869
0,"flying birds",0.000309093437863294,0.000278957333028094,0.000305038118468807,0.000314543861326769,0.000324987393057778
0,"large divers",0.000976444462101103,0.000279726084342027,0.000574832577392723,0.002312679550207,0.0180573650995265
0,"leopard seals",0.000166750317837208,8.8366692974301e-05,0.000131969790289789,0.000193181640986338,0.000238412061224986
0,"medium divers",0.021617906578405,0.00776342001781913,0.0143464812251508,0.0346597632475801,0.0468038999747643
0,"mesopelagic fishes",0.089290639479499,0.026885313120538,0.0621282188714749,0.132798950680378,0.18255125561581
0,"mesozooplankton",0.866086878208154,0.416157518266034,0.633482282159349,1.02463062766148,1.2368237233562
0,"minke whales",0.00140552387532617,0.000326838304805402,0.000689441897124831,0.00532568886087226,1.23803826807635
0,"orca",0.000458363355601939,0.000342889471960886,0.000424900397223787,0.000527358363640005,0.00103827980614175
0,"other krill",0.571931971569169,0.0692345305575974,0.257860259124933,1.56169059831736,3.98213061102844
0,"other macrozooplankton",0.920133144292221,0.384969471443334,0.74130254243841,1.12382269226912,1.39226892736789
0,"salps",0.0535456727783215,0.0196119104494422,0.0413802657652976,0.0781575920667641,0.105283709567812
0,"shelf and coastal fishes",0.250082676574386,0.126354717309401,0.215561566899283,0.284696566671583,0.321909682068567
0,"small divers",0.00194920133110052,0.00114417579888433,0.00181044677011561,0.00206949442686741,0.00221100033795398
0,"sperm whales",0.00128661757733605,0.000738172926860072,0.00105891165248545,0.00602949881420605,0.151435208781172
0,"squids",0.00719451656122539,0.00444037339414748,0.00617585820068369,0.00862823452937528,0.0151437291556737
0,"toothfishes",0.0509423096484346,0.00659028591888149,0.0299695947881686,0.0690519318688113,0.0936332048197292
365,"antarctic krill",0.675576088110113,0.10477824897303,0.375831306928816,1.24435981726898,1.87252270463196
365,"baleen whales",0.0465395860272462,0.00904692384002682,0.0463162729943056,0.176910830689559,1.02238552735145
365,"bathypelagic fishes",0.119973506549259,0.0489603264968825,0.0823227831949897,0.165533197624446,0.228867969868497
365,"flying birds",0.000309165005952301,0.000279452789719246,0.000305186372572535,0.000314604955515498,0.000325024616020471
365,"large divers",0.000975897634357313,0.000280230899565551,0.000575174825071995,0.00230988340055509,0.0179189686640309
365,"leopard seals",0.000166777931446903,8.85769514038185e-05,0.000131977518117506,0.000193236293192399,0.000238458274040336
365,"medium divers",0.0216094210574105,0.00776589558363303,0.0143331151087172,0.0346312134109279,0.0466428750184082
365,"mesopelagic fishes",0.089530368457618,0.02691921871037,0.0622471943068067,0.132176182903099,0.181370977773756
365,"mesozooplankton",0.937046528197882,0.52112110572081,0.704109354093067,1.09386293240679,1.31248369703628
365,"minke whales",0.00140457490052176,0.000327271038383313,0.000689584240498482,0.00529722467412554,1.23377327457094
365,"orca",0.000458399487312232,0.000343200141578334,0.000424973510124944,0.000527201421125323,0.00103674525722128
365,"other krill",0.625365681784528,0.0817187684495672,0.292669345219208,1.62272082969461,4.03747109457755
365,"other macrozooplankton",1.01229830765031,0.413245307127613,0.799189292520359,1.21306550653038,1.52318408332874
365,"salps",0.0548811753987467,0.0203837794743332,0.0424510034498291,0.0791692454741944,0.106003979719843
365,"shelf and coastal fishes",0.249643625255652,0.12596564763211,0.215167928981853,0.284417483469267,0.321545728524329
365,"small divers",0.00195106403184543,0.00114562030864182,0.00181239021487554,0.00207056400012721,0.00221248695291839
365,"sperm whales",0.00128597503120719,0.000738448715717805,0.00105864623314893,0.00602021975568985,0.151163208004858
365,"squids",0.00717519692568113,0.0044279917053968,0.00615734927276149,0.00860166398840918,0.0151457485933224
365,"toothfishes",0.0509714714428358,0.0066558539659319,0.0300364095896432,0.0690857613154739,0.093674739054319
730,"antarctic krill",0.694540652877641,0.108839015107683,0.390578688179034,1.25851072926733,1.88521092065301
730,"baleen whales",0.0464937987530553,0.00904787273424082,0.0462700756313904,0.176698064811091,1.02109040422313
730,"bathypelagic fishes",0.120413703520056,0.0498114924209643,0.0834174097073164,0.165740661348711,0.229548167359445
730,"flying birds",0.000309209761469152,0.000279715327354774,0.000305226894120104,0.00031459785276992,0.000325004128476541
730,"large divers",0.000975432097253015,0.000280839913005864,0.000575514834467169,0.00231000253756802,0.0177815614461322
730,"leopard seals",0.000166830046188311,8.87809844282877e-05,0.000131906906098736,0.000193289639388128,0.000238503868936063
730,"medium divers",0.0216004530656989,0.00777867518218913,0.0143197771454525,0.0346026254401855,0.0466010946376427
730,"mesopelagic fishes",0.0908348024523354,0.0273430220906389,0.0634592657925451,0.133208525147925,0.182035050520629
730,"mesozooplankton",0.929954863580646,0.507018565609845,0.706781209956169,1.08228660023157,1.29526346977191
730,"minke whales",0.00140436415475445,0.000328052241356049,0.000689870807769333,0.00526897408569672,1.22952232939836
730,"orca",0.00045842938670612,0.000343502203068282,0.000425066758922188,0.000527038612123231,0.00103519681621072
730,"other krill",0.626892086331451,0.0896370581924964,0.300387140281501,1.60076758878719,3.88206640113806
730,"other macrozooplankton",1.04225858761816,0.443045524655635,0.840474344947759,1.25910508355628,1.53195590955263
730,"salps",0.0558562910918159,0.0209964484235759,0.0434619107795265,0.0799286167694226,0.106771299486797
730,"shelf and coastal fishes",0.249557148401791,0.125937080387679,0.215061947796193,0.284274511846235,0.321380370052463
730,"small divers",0.00195355651001101,0.00114706485599308,0.00181454896677506,0.00207121993074364,0.00221321565752418
730,"sperm whales",0.00128532205123031,0.000738707707450774,0.00105837499656722,0.00601095635821462,0.150891674586283
730,"squids",0.00716439236140882,0.00442129926540437,0.0061410992315041,0.00858832932127426,0.0151469777786782
730,"toothfishes",0.0510056543970157,0.00672140544497944,0.0301023438299431,0.0690901063085451,0.093709980163359
1095,"antarctic krill",0.695384909020503,0.111213333565711,0.392863281287967,1.25680377048848,1.88064546434658
1095,"baleen whales",0.0464480776040807,0.0090485616653322,0.046223874490719,0.176485522961118,1.01979687077611
1095,"bathypelagic fishes",0.121946987982387,0.0507202744753974,0.0847047196569764,0.167483437550543,0.231013545007268
1095,"flying birds",0.000309146672962096,0.000279584200207048,0.000305172612182575,0.000314569351051007,0.000324898696931808
1095,"large divers",0.000974545558310708,0.00028173393849081,0.000575833892809836,0.00230551050441094,0.0176453012704516
1095,"leopard seals",0.000166954008766956,8.89824923540159e-05,0.000132007048092214,0.000193352459990482,0.000238524109676739
1095,"medium divers",0.0215911990391569,0.00779832510313467,0.0143059172964655,0.0345586033737445,0.0465691014926105
1095,"mesopelagic fishes",0.0919687150141431,0.0278921507159844,0.0645170211199759,0.134740407358067,0.183763376791945
1095,"mesozooplankton",0.906343802195492,0.468308119717852,0.675730295550415,1.06747271434731,1.2785077851969
1095,"minke whales",0.0014042702888404,0.000329626358374928,0.000690496942234487,0.00524099816151082,1.22528532334868
1095,"orca",0.000458442211240984,0.000343782952247099,0.000425144636830258,0.000526861111502862,0.00103360882520807
1095,"other krill",0.593672400840349,0.086052470095918,0.282867123197309,1.55013286626046,3.76586744315992
1095,"other macrozooplankton",0.997418507223005,0.443329503676456,0.822570958129939,1.21524790448584,1.4839963223953
1095,"salps",0.0558052604048282,0.0211209040808888,0.0435938615076756,0.0802893342868385,0.106943798418782
1095,"shelf and coastal fishes",0.24970006769988,0.126468841169613,0.215203035979945,0.284445267276317,0.321522308048604
1095,"small divers",0.00195448363772416,0.00114691347290588,0.00181573463093848,0.0020710988037412,0.00221315516625188
1095,"sperm whales",0.00128464891911482,0.000738931527734544,0.00105808927196797,0.00600170749662995,0.150620583536835
1095,"squids",0.00717025712618826,0.00442829268645854,0.00615067434801272,0.00859451417738774,0.0151683830459918
1095,"toothfishes",0.0510746979195483,0.00679275295562785,0.0302089531527288,0.0691199114843215,0.0937491358043662
1460,"antarctic krill",0.674965981722574,0.108641309432483,0.379685774049753,1.24416973076043,1.86019856863537
1460,"baleen whales",0.0464024151594238,0.00904896784573549,0.0461775157989326,0.17627320253515,1.01850491109678
1460,"bathypelagic fishes",0.12221098685273,0.0501110361936019,0.0846854946753359,0.16794163797678,0.231339693990661
1460,"flying birds",0.000309084108905265,0.000279113825775446,0.000305069700313961,0.000314501479817782,0.000324789055445168
1460,"large divers",0.000974115620597015,0.000282532797253713,0.000575692219914303,0.00230417516206233,0.0175099221975782
1460,"leopard seals",0.00016694166567406,8.93603277855523e-05,0.000132123369903226,0.000193451789666173,0.000238516628368978
1460,"medium divers",0.0215811327576844,0.00781916723107738,0.014290192145463,0.0345366803516934,0.0465373863991756
1460,"mesopelagic fishes",0.0912477319879872,0.0276302677767889,0.0637307846062933,0.134788248088922,0.184284854228906
1460,"mesozooplankton",0.854990771825851,0.393169647387309,0.620911824544456,1.00950638638139,1.22109155013516
1460,"minke whales",0.00140432455127346,0.000331440778354398,0.000691061313541538,0.00521309483159369,1.22106215628031
1460,"orca",0.000458452391341487,0.00034405684914476,0.000425216421316482,0.000526680571888723,0.00103201628723615
1460,"other krill",0.552807912780677,0.0770434776445179,0.257180228258419,1.51869446387586,3.76233380578076
1460,"other macrozooplankton",0.922637601497585,0.403753426362226,0.758874967381687,1.13007688110267,1.39120384953225
1460,"salps",0.0545220615763944,0.0204222908293918,0.0424837660394665,0.0792082993682395,0.106059182120848
1460,"shelf and coastal fishes",0.249658825147453,0.126393365767276,0.215118918739395,0.284479895814835,0.321487020663065
1460,"small divers",0.00195213543016257,0.00114470207031634,0.00181444408396211,0.00207022258134666,0.00221125557895506
1460,"sperm whales",0.00128397058656601,0.000739140784712364,0.00105779657891193,0.00599247422820503,0.150349961176915
1460,"squids",0.00717149818972436,0.00444227133669902,0.00615470035916179,0.00860315274108938,0.0151915756109711
1460,"toothfishes",0.0511311999143086,0.00685985168847092,0.0303356572700837,0.0691447324348451,0.0937863872915554
1825,"antarctic krill",0.66946867161799,0.106234127895199,0.374045806972694,1.23848758185455,1.85503433007393
1825,"baleen whales",0.0463568059905699,0.00904989979603897,0.0461312271651726,0.17606125332997,1.01721475848451
1825,"bathypelagic fishes",0.121911594182251,0.0501121252066277,0.0844425000777118,0.167862043726987,0.230888455452776
1825,"flying birds",0.000309103369821852,0.000279331605920199,0.000305120231596963,0.000314532129191859,0.000324765734953446
1825,"large divers",0.000973725596924005,0.000283296234772101,0.000575152725206456,0.00230257026805827,0.0173752347367724
1825,"leopard seals",0.000167093611900386,8.95105343178436e-05,0.000132227196205742,0.000193439301027184,0.000238506023481037
1825,"medium divers",0.021572540480833,0.00782902812820292,0.0142847170442553,0.0345221682373501,0.0465052075867015
1825,"mesopelagic fishes",0.0908933311800954,0.027666855701988,0.0636044300867308,0.134465132837865,0.183757057994623
1825,"mesozooplankton",0.878924429303139,0.447231798124204,0.6441468282884,1.04724645916671,1.26974610007361
1825,"minke whales",0.00140411894033929,0.000332513267914933,0.00069147793977321,0.0051853494450198,1.21685307377266
1825,"orca",0.000458470068221762,0.000344345948310421,0.000425308354822312,0.000526512868123128,0.00103046463780318
1825,"other krill",0.572703841474369,0.076871138674959,0.26185551470461,1.55269088872113,3.90632497578908
1825,"other macrozooplankton",0.942887450853415,0.390075888552927,0.75342592082581,1.14499201612938,1.4380208170757
1825,"salps",0.0544026618559492,0.0203796757143043,0.042273722378477,0.0789246710933954,0.105863505397659
1825,"shelf and coastal fishes",0.249739482435727,0.126652036672597,0.215090486534286,0.284415796663895,0.321389392453091
1825,"small divers",0.00195235232950021,0.0011447343554671,0.00181492737651089,0.00207024093627644,0.00221051254096676
1825,"sperm whales",0.00128332099301656,0.000739391724429344,0.00105753525411671,0.00598326051153405,0.150079886629705
1825,"squids",0.00717297031800303,0.00444972988938419,0.00615747352498841,0.00860296503035292,0.0152076390672817
1825,"toothfishes",0.0512034629780274,0.00691062656034272,0.0304168000803547,0.0691756196731769,0.0938245812318164
2190,"antarctic krill",0.654983548515462,0.10063725677539,0.361801167139889,1.235186725465,1.86179978070512
2190,"baleen whales",0.0463112650900194,0.00905027069984174,0.0460848663528603,0.175849471001448,1.01592610480154
2190,"bathypelagic fishes",0.121143859461102,0.049768106030246,0.083799269780301,0.167487906113741,0.230596434813493
2190,"flying birds",0.000309057511176802,0.000278843388035751,0.000304984297251287,0.000314410650747621,0.000324680216457454
2190,"large divers",0.000973786056054728,0.000284239591928777,0.00057448751214702,0.00229849328560473,0.0172417406790409
2190,"leopard seals",0.000167196523142641,8.98521922015154e-05,0.000132290636774132,0.000193475521596752,0.000238498913355004
2190,"medium divers",0.0215726851927346,0.00784158988714846,0.0142783097105903,0.0345146930064028,0.0464742075877746
2190,"mesopelagic fishes",0.089962510807079,0.027070339271142,0.0629016148782405,0.133754075596066,0.1832436963792
2190,"mesozooplankton",0.830730855240272,0.342509099811916,0.587242729351836,0.995727944823605,1.21790184698857
2190,"minke whales",0.00140449879482659,0.000334933675903656,0.000692781250979359,0.00515786947206949,1.21265768041704
2190,"orca",0.000458442158924726,0.000344610688266988,0.000425371738346958,0.000526322762555328,0.00102885172229857
2190,"other krill",0.556698770874769,0.0675492820919815,0.248056386944219,1.55148418370435,3.93120418406486
2190,"other macrozooplankton",0.923352478682482,0.379428204963833,0.736417508183841,1.12316701637074,1.38815981225533
2190,"salps",0.0536161113282323,0.0196940807416886,0.0412704694292139,0.0785970355942051,0.105623803142194
2190,"shelf and coastal fishes",0.249843782926304,0.126848482699506,0.215078236012564,0.284487699197991,0.321399541852812
2190,"small divers",0.00194904089136742,0.0011412323275385,0.00181066703258915,0.00206849991521506,0.00220900362062647
2190,"sperm whales",0.00128263013634322,0.000739581047347559,0.00105724183596519,0.00597405897617795,0.149810215183524
2190,"squids",0.00718739233265426,0.00446773343870599,0.00616800426663544,0.0086221622548761,0.0152413652500887
2190,"toothfishes",0.0513321851698092,0.00692480873936287,0.0304709361700656,0.0692559619555308,0.0938517146835451
2555,"antarctic krill",0.663058957520021,0.100070221996836,0.364101889995875,1.23983116018049,1.87133615673429
2555,"baleen whales",0.0462657671525784,0.00905132248242687,0.0460387218371182,0.175638085454955,1.0146392966297
2555,"bathypelagic fishes",0.120375137993402,0.0496786102113409,0.0830135456540754,0.166536848242988,0.229915407260004
2555,"flying birds",0.00030910903679013,0.000279231234123174,0.000305105550078751,0.000314450415507204,0.000324667172722368
2555,"large divers",0.000973394587329595,0.000284909236313041,0.000574548192431728,0.00229457117114861,0.0171086323717983
2555,"leopard seals",0.000167305180559745,9.01106314844846e-05,0.000132241331216702,0.000193448740697872,0.000238479538359755
2555,"medium divers",0.0215738981858875,0.00784532409890677,0.0142722645090511,0.0345002319326109,0.0464418527436393
2555,"mesopelagic fishes",0.0896588118526256,0.0268421377680883,0.0627662713347738,0.133028886735378,0.182174238415687
2555,"mesozooplankton",0.897518350652641,0.466930957777227,0.660537313192636,1.06125382668135,1.28288149721948
2555,"minke whales",0.0014024630875847,0.000335516661897772,0.000692238655001185,0.00512705166986768,1.20847634959164
2555,"orca",0.000458469092079311,0.000344926309640926,0.00042547095207365,0.000526163569157446,0.00102733180362957
2555,"other krill",0.580039198912062,0.0702511074059338,0.262092382043991,1.5909660048452,4.08482637103602
2555,"other macrozooplankton",0.949982937176487,0.392612974468556,0.761372966412708,1.15778065463608,1.45242292625942
2555,"salps",0.0543017335264005,0.0198779654328532,0.0416326649621381,0.0788050094700292,0.105817517485002
2555,"shelf and coastal fishes",0.249520687956104,0.126819692939432,0.214837079860955,0.284161953379777,0.321127499029731
2555,"small divers",0.00195011019292986,0.00114170142488747,0.00181134980054847,0.00206935933125964,0.00220908369466317
2555,"sperm whales",0.00128199353289874,0.000739849567833636,0.00105699284054834,0.00596487932596015,0.149541139074037
2555,"squids",0.00717931898472949,0.00445516730787484,0.00615810074323477,0.00860770911425277,0.0152442120717395
2555,"toothfishes",0.0514499198144938,0.00692825563570349,0.0305170872503759,0.0693533180509277,0.0938756879072585
2920,"antarctic krill",0.673370809473626,0.0995396249621456,0.368945269910461,1.24471257944384,1.88202721608935
2920,"baleen whales",0.0462203248221619,0.00905253524920015,0.0459926602117755,0.175426989856224,1.01335417561762
2920,"bathypelagic fishes",0.120747586161007,0.0500867045211859,0.0832280911260267,0.166503467863228,0.229873637566657
2920,"flying birds",0.00030919053145088,0.000279750243679281,0.000305233171259993,0.000314508356401043,0.000324663152343457
2920,"large divers",0.000972978571626533,0.000285505106510762,0.000574569284213385,0.00229123002692823,0.0169790564410244
2920,"leopard seals",0.000167409887716478,9.0301984595379e-05,0.000132190364295374,0.00019344361565655,0.000238484409530287
2920,"medium divers",0.0215616680348512,0.00783443265827923,0.014265404699504,0.0344738600879236,0.0464093901957863
2920,"mesopelagic fishes",0.0902902135089615,0.0270280349491046,0.0634289318657656,0.133336204763283,0.182042701627687
2920,"mesozooplankton",0.875079697820492,0.420497613954652,0.642552859764087,1.03403704677598,1.25063138133077
2920,"minke whales",0.00140189236254187,0.000335455681624552,0.000691520610522144,0.00508264706790349,1.20430885488987
2920,"orca",0.000458506420448578,0.000345232116347099,0.000425593315818318,0.000526010462191461,0.00102582993279245
2920,"other krill",0.587665829977774,0.0723844154796262,0.267448784186889,1.59008032710245,4.01644478007903
2920,"other macrozooplankton",0.978815132995621,0.40759728515306,0.78187839062159,1.18051770702569,1.45414964471407
2920,"salps",0.054807757303361,0.0202026728962782,0.0421903918554561,0.0792301600376559,0.106189597341191
2920,"shelf and coastal fishes",0.249225109523782,0.127003282092656,0.214636131947765,0.283947883371024,0.321035940968872
2920,"small divers",0.00195277373875203,0.00114362794771322,0.00181382499049304,0.00207012248684444,0.00221021693064002
2920,"sperm whales",0.00128136501834227,0.000740131966078641,0.00105675307250268,0.00595571680602333,0.149272566951556
2920,"squids",0.00716123874611626,0.00444756061197098,0.00614551607438236,0.00858600805944097,0.0152333317508339
2920,"toothfishes",0.0515618561172646,0.00693526394329713,0.0306032250244461,0.0694017799947487,0.0938964107743359
3285,"antarctic krill",0.674967226178292,0.0989822536656036,0.370399489117263,1.24413914596421,1.8719840074982
3285,"baleen whales",0.0461749380999001,0.00905367541276272,0.0459466351640965,0.175216141905654,1.01207067017399
3285,"bathypelagic fishes",0.120782711464404,0.0499507948509403,0.0835580463323918,0.166526161581241,0.229971687641018
3285,"flying birds",0.000309216488702039,0.000280069395854238,0.000305285108027286,0.000314523940433759,0.00032464488466613
3285,"large divers",0.000972529708978262,0.000285448683034468,0.000573858957690241,0.00228414521646601,0.0168727222057465
3285,"leopard seals",0.000167415134918914,9.0473609797361e-05,0.000132091919917599,0.000193484756090734,0.000238490464117768
3285,"medium divers",0.0215538041723711,0.00782337188885938,0.014261731171459,0.0344470361294013,0.0463769045046225
3285,"mesopelagic fishes",0.0907813786796877,0.0270960351824684,0.0635529180936031,0.133221995067435,0.182321695410509
3285,"mesozooplankton",0.882533448004385,0.446891033708236,0.653849731773005,1.03876656835252,1.24812105907671
3285,"minke whales",0.00140109565805615,0.000335647781967262,0.000690750509062579,0.00504334708420769,1.20015506953749
3285,"orca",0.000458553319831103,0.000345518303539026,0.000425730721181207,0.000525863049635415,0.00102434340443518
3285,"other krill",0.581050498924497,0.0733909457392323,0.265594336409012,1.55903783773521,3.887596886156
3285,"other macrozooplankton",0.952220634765862,0.405209192095785,0.775415821051733,1.16012725707138,1.42455248918166
3285,"salps",0.0550078651323415,0.0203289328976834,0.0425438841461768,0.0794661575059174,0.106363746727741
3285,"shelf and coastal fishes",0.248843442645643,0.126858023798671,0.214415776573527,0.283681062939796,0.320884704919572
3285,"small divers",0.00195475986259525,0.00114568167177181,0.00181672983470729,0.00207007921716826,0.00221062983891643
3285,"sperm whales",0.00128072146159911,0.000740417924217728,0.00105651733505264,0.00594657061799867,0.149004482392345
3285,"squids",0.00714031565057179,0.00443189147630249,0.00612960592860872,0.00856068118464472,0.0152048965490244
3285,"toothfishes",0.0516487725527903,0.00694231818463226,0.0306395845075936,0.0694153071942467,0.0939096975130605
3650,"antarctic krill",0.67865474895482,0.098787169294042,0.372949342112515,1.24397764901727,1.86757211624902
3650,"baleen whales",0.0461296157926219,0.00905467276981697,0.0459006296304823,0.175005534356514,1.01078876390636
3650,"bathypelagic fishes",0.121221262550383,0.0502095840951015,0.0839964161716354,0.166596364135407,0.230237364564405
3650,"flying birds",0.000309213928814873,0.000280104111150193,0.000305288439555423,0.000314499945950301,0.000324600523518547
3650,"large divers",0.000972060612386569,0.000285328156591195,0.000573184730641815,0.00228084254102438,0.0167671438042573
3650,"leopard seals",0.000167399081057644,9.07227850225241e-05,0.000132176551094563,0.000193474973393715,0.000238480014029526
3650,"medium divers",0.0215486844978702,0.00782505295277282,0.014263730251313,0.0344212298552925,0.0463451562860035
3650,"mesopelagic fishes",0.0912195658729262,0.0273885025510068,0.0639285943620518,0.133541880248228,0.18268347569206
3650,"mesozooplankton",0.89667891568382,0.467156683168171,0.666517432628328,1.05744331128174,1.27446045595495
3650,"minke whales",0.0014008021568089,0.000336298483062996,0.000691619965891585,0.00500487471032343,1.19601492515304
3650,"orca",0.000458586818982573,0.000345800418716342,0.000425849049808866,0.000525708441968364,0.00102283366398438
3650,"other krill",0.590291783423985,0.0765445028229421,0.271857914134689,1.56862039730865,3.88499411009355
3650,"other macrozooplankton",0.970713196678256,0.406861128178219,0.780021675726903,1.17677011787179,1.46644864607202
3650,"salps",0.0552127140313415,0.0205810303453505,0.0427811602116006,0.0796672445506072,0.106388703729928
3650,"shelf and coastal fishes",0.248704174526655,0.12697757352585,0.214276711151872,0.283493383969839,0.320896579401885
3650,"small divers",0.00195567360320428,0.00114704923541035,0.00181862337122087,0.00207010318580606,0.00221013639586203
3650,"sperm whales",0.00128001382008613,0.000740681233488549,0.00105627080261813,0.00593743970279015,0.148736851119783
3650,"squids",0.00713134297386261,0.00443097058053256,0.00612598543687267,0.00854827605473487,0.0151854805916313
3650,"toothfishes",0.0516777803852108,0.00694550791909985,0.0306920754562812,0.0694221646009821,0.0939219721923754
4015,"antarctic krill",0.689383069919303,0.101128089239236,0.381754383439339,1.24857816737227,1.87087227946878
4015,"baleen whales",0.0460843519024922,0.00905570372005231,0.0458547553410887,0.174795198481264,1.00950850202778
4015,"bathypelagic fishes",0.12183318088945,0.0508655658119103,0.0847140761925969,0.167141720364632,0.230650974008484
4015,"flying birds",0.000309237647008627,0.000280110869629947,0.000305302336415066,0.000314493244145806,0.000324565790603153
4015,"large divers",0.000971202877714451,0.000285218533719208,0.000572508690197482,0.00227793252869938,0.0166621481176249
4015,"leopard seals",0.000167499630419556,9.093017029984e-05,0.000132229695133014,0.000193465502678493,0.000238471213669757
4015,"medium divers",0.0215433973193422,0.00783270373837733,0.0142541950119581,0.0343953269705335,0.0463135941137147
4015,"mesopelagic fishes",0.0919862509077667,0.0279197534626045,0.0650349674903215,0.134312396170883,0.183212582753721
4015,"mesozooplankton",0.923223041513072,0.508137454505438,0.699879046531718,1.08080268272459,1.2971824006845
4015,"minke whales",0.00140047772266151,0.000336942942134297,0.000692442099916482,0.00496676965015571,1.19188843665592
4015,"orca",0.00045862486816623,0.000346089636418123,0.000425971978125329,0.000525556921567415,0.00102133212616955
4015,"other krill",0.606160352492256,0.0822712842132995,0.285579941978242,1.58267967517518,3.87216283991668
4015,"other macrozooplankton",1.00984036197349,0.422837741378903,0.812047374085861,1.22109085137928,1.51057083253562
4015,"salps",0.0556748839123005,0.0211225093348121,0.0434466592026172,0.0802747938958241,0.106859118425355
4015,"shelf and coastal fishes",0.248937456416184,0.127224101499506,0.214420657676959,0.283447536098956,0.320892365988438
4015,"small divers",0.00195611434208011,0.00114886384333798,0.00182029945222854,0.00206994258021881,0.00220964656462736
4015,"sperm whales",0.00127931010933865,0.000740948120771892,0.00105602720681804,0.00592832534359513,0.148469709712619
4015,"squids",0.00712786870012241,0.00444052947613707,0.00613135774520344,0.00853880257716538,0.0151692055589752
4015,"toothfishes",0.0516977538044256,0.00696481172923113,0.0307332086797922,0.0694330248968954,0.0939343065845282
4380,"antarctic krill",0.695511363395626,0.103633512698342,0.388085529100922,1.25033440547942,1.86788062283333
4380,"baleen whales",0.0460391449385779,0.00905677313491641,0.0458090149213371,0.174585134793345,1.00822988366214
4380,"bathypelagic fishes",0.122682791655773,0.0512780219837735,0.085603912531201,0.167808131950118,0.231191610911409
4380,"flying birds",0.000309259096762648,0.000280125615982586,0.000305351674552677,0.000314513047764329,0.000324569855554121
4380,"large divers",0.000970777930452405,0.000285121295333497,0.000571821445601692,0.00227616557452409,0.0165576973009458
4380,"leopard seals",0.000167464628488778,9.10709932244821e-05,0.000132190403063394,0.000193477119759433,0.000238488469196006
4380,"medium divers",0.0215374599254241,0.00783847391962944,0.0142380719987087,0.0343690768876653,0.0462273628245363
4380,"mesopelagic fishes",0.0931706661754831,0.0284399249077168,0.0658594887097179,0.13524754330375,0.183964307595653
4380,"mesozooplankton",0.909788550107456,0.485445553951671,0.685173802432338,1.06161421092857,1.27001028495024
4380,"minke whales",0.00139936466935327,0.000337573398108902,0.000691570100017026,0.00494596903446455,1.18777555155788
4380,"orca",0.000458670854617069,0.000346388297339816,0.000426106008317612,0.000525410611047477,0.00101984551980313
4380,"other krill",0.597604606795072,0.0850282633878626,0.283955794078565,1.55434140762475,3.77184931715668
4380,"other macrozooplankton",1.00658743703782,0.436593269094783,0.81699014096019,1.21721652949505,1.4829853765995
4380,"salps",0.0559484225635359,0.0215121532948672,0.0438647229134397,0.0805517683881354,0.107053342156205
4380,"shelf and coastal fishes",0.249055628930999,0.127504584814045,0.214609279006411,0.283548409701651,0.320946053657943
4380,"small divers",0.00195728602184679,0.00115123426531139,0.00182199204924187,0.00207025570980641,0.00220969526780115
4380,"sperm whales",0.001278613588802,0.000741223953514641,0.00105577119945581,0.00591922778871369,0.148203064942637
4380,"squids",0.00712640569361359,0.0044527282438614,0.0061356923526438,0.0085319856871999,0.0151525805630651
4380,"toothfishes",0.051724600330639,0.00700952087924318,0.0307782057666841,0.0694504791627333,0.0939474864956497
4745,"antarctic krill",0.688983580276764,0.103569981032076,0.383936806043677,1.2468415606761,1.86129949109586
4745,"baleen whales",0.0459940062101489,0.0090574993378119,0.0457631137264209,0.174375280729582,1.00695281115659
4745,"bathypelagic fishes",0.123712783533957,0.0517918284141508,0.0863634806658082,0.16931951811763,0.231852370206135
4745,"flying birds",0.000309200031369867,0.000280130055633005,0.000305310323002682,0.00031444440862319,0.000324444446091589
4745,"large divers",0.000970434516837554,0.000285560632938086,0.000571201282115441,0.00227385640836493,0.0164541298752826
4745,"leopard seals",0.000167457834470594,9.1255933277701e-05,0.000132208892948787,0.000193535915068904,0.000238543507383829
4745,"medium divers",0.0215305464167392,0.00785644801384744,0.0142303249715222,0.034287655684556,0.046169262540329
4745,"mesopelagic fishes",0.0936164906404021,0.0287932724904724,0.0662556721231405,0.136237956647156,0.184626118432545
4745,"mesozooplankton",0.887552931522862,0.449331223946215,0.65632064398458,1.04911163359267,1.26352916778222
4745,"minke whales",0.00139945224136269,0.000338613188282813,0.000692832298065369,0.00492914533991917,1.183676104097
4745,"orca",0.000458685456195716,0.000346667659961703,0.000426212272893025,0.000525247459664795,0.00101831143085418
4745,"other krill",0.574057742003128,0.0812841609151974,0.269478065092279,1.53226033681259,3.73998244158811
4745,"other macrozooplankton",0.970421672737051,0.4222738392117,0.793383438629513,1.18188217190996,1.45430094430091
4745,"salps",0.0555258192818959,0.0213135968830829,0.04349640526886,0.0802781750287046,0.106811803278384
4745,"shelf and coastal fishes",0.249397681572233,0.128147593939928,0.215029486541371,0.283916290849216,0.321345935388248
4745,"small divers",0.00195577836716118,0.00115120282151773,0.00182096595614223,0.00206950984019064,0.00220855562651
4745,"sperm whales",0.00127789250018998,0.000741474335465344,0.00105549823590874,0.005910144230116,0.147936845944165
4745,"squids",0.00715300397893364,0.00447938977183747,0.00615884122250077,0.00855615543036713,0.0151629884913232
4745,"toothfishes",0.0517509253253333,0.00705931476923103,0.0308449910304208,0.0694788877409261,0.0939598516691482
5110,"antarctic krill",0.682226228866149,0.102247661686784,0.379030803690832,1.24724340592368,1.85954591184355
5110,"baleen whales",0.0459489300457642,0.00905800571031723,0.0457172258925246,0.174165660664423,1.00567731901502
5110,"bathypelagic fishes",0.123966466014074,0.0520071245282103,0.086461192254719,0.169964781917953,0.232252643253333
5110,"flying birds",0.000309134373278429,0.000280005355695826,0.000305210451655739,0.000314396134012074,0.00032435805768005
5110,"large divers",0.000968907457276949,0.000285561164130507,0.000570617089739774,0.00227150163557168,0.0163513009255346
5110,"leopard seals",0.000167510543107119,9.15227372207774e-05,0.000132350642841927,0.000193580855186371,0.000238604209925332
5110,"medium divers",0.0215256379232958,0.0078688245652139,0.0142198348332961,0.0342506763364864,0.04606339710219
5110,"mesopelagic fishes",0.0932155777690021,0.0288078468717565,0.065979401235861,0.136395782449203,0.185053668381293
5110,"mesozooplankton",0.897533270714092,0.465060941612016,0.664394924882103,1.06351571422481,1.28438911203642
5110,"minke whales",0.00139975827326392,0.000340284926033493,0.000694579339323241,0.0049124829451542,1.17959008576024
5110,"orca",0.000458680722814027,0.000346931510003607,0.000426309384239005,0.000525074368036297,0.00101675380117057
5110,"other krill",0.576990615773815,0.0794581281200092,0.264728091175547,1.5584202376725,3.83445793664086
5110,"other macrozooplankton",0.969760914999036,0.411435412758937,0.783809054104559,1.18373730398958,1.46787000871095
5110,"salps",0.0550431422865559,0.0210058619342015,0.0430362098460662,0.0800201579656144,0.106658567862029
5110,"shelf and coastal fishes",0.249993701434766,0.128848487641984,0.215600765645389,0.284429385178885,0.321719777230139
5110,"small divers",0.00195271889573536,0.00114948971968455,0.00181782980699019,0.00206876740128349,0.0022075847381416
5110,"sperm whales",0.00127715661422399,0.000741735986538585,0.00105522036493283,0.00590107545116882,0.147671078369742
5110,"squids",0.00718575848259954,0.00451397041109964,0.00617844913826005,0.00859071496129872,0.0151943435777708
5110,"toothfishes",0.051779148638501,0.00710414697650954,0.0309128991758597,0.0695143419931892,0.0939813386415872
5475,"antarctic krill",0.678007387318415,0.101200527111302,0.37698205727851,1.24265630318996,1.8578867486638
5475,"baleen whales",0.0459039021851099,0.00905895868104508,0.0456715003132139,0.173956393641932,1.00440359069569
5475,"bathypelagic fishes",0.123999797986108,0.0524740410016867,0.0865987845706082,0.170075184510429,0.232475842895259
5475,"flying birds",0.00030920158122332,0.000280183938015968,0.00030531603761377,0.000314420976162953,0.000324369883662266
5475,"large divers",0.000968406547655364,0.000285658607361483,0.000569977583885785,0.00226918276124724,0.0162542295001862
5475,"leopard seals",0.000167528957343958,9.17950146185077e-05,0.000132430557006581,0.000193622810790176,0.000238660816662735
5475,"medium divers",0.0215023630274852,0.00785918132389467,0.0142312110701373,0.0342208647352542,0.0458943624411753
5475,"mesopelagic fishes",0.0931984106854969,0.0289920976758205,0.0662405568242846,0.136304286886672,0.184897762609672
5475,"mesozooplankton",0.874146380457518,0.430122003529246,0.642420698343538,1.03669290328208,1.25050176267574
5475,"minke whales",0.00139648070463033,0.000341157439419145,0.000695323414631764,0.00489564220896849,1.17551766820562
5475,"orca",0.000458707001736244,0.000347234568966659,0.000426421352612526,0.000524919745315631,0.00101525489271979
5475,"other krill",0.574068293521892,0.0769159501694344,0.262983702480811,1.55801005909029,3.8620488155737
5475,"other macrozooplankton",0.964789559132523,0.407319810173152,0.781003642560708,1.17478697521179,1.44662196466552
5475,"salps",0.0549373816319867,0.0208136288825548,0.0428386952047798,0.0798991288165805,0.106439248431531
5475,"shelf and coastal fishes",0.250455377099091,0.129411554171132,0.216095397727302,0.284787056222826,0.321906213453686
5475,"small divers",0.00195217884970561,0.00115044822394218,0.00181756090484396,0.00206857596232016,0.00220685560584173
5475,"sperm whales",0.00127645192530023,0.000742018985576677,0.00105496211301653,0.00589202649594749,0.147405864876408
5475,"squids",0.00720933918265861,0.00453975413307355,0.00620316210114415,0.00860546360336677,0.0152148201623522
5475,"toothfishes",0.0518265992704318,0.00717094824137928,0.0309997229146508,0.0695577883351723,0.0940076122940697
5840,"antarctic krill",0.665673502753405,0.0983227086857656,0.368117567110795,1.2381649668463,1.85510781160008
5840,"baleen whales",0.0458589421602169,0.00905919809619564,0.0456256775017326,0.173747266701871,1.00313130074709
5840,"bathypelagic fishes",0.123313183261453,0.0516604120926082,0.0855091560598431,0.169446034083894,0.23204066218069
5840,"flying birds",0.000309089113036432,0.000279634903720195,0.000305147202820139,0.000314302673343629,0.000324242236002666
5840,"large divers",0.000967592410731349,0.000285658904337126,0.000569475156438308,0.0022657104148006,0.0161634505599936
5840,"leopard seals",0.00016758989016413,9.18839241523877e-05,0.000132528077018947,0.000193582679572488,0.000238720251443355
5840,"medium divers",0.0215027827531131,0.00785827114529554,0.0142414428913761,0.0341934127375928,0.0457296480131078
5840,"mesopelagic fishes",0.0920484116985231,0.0284039205177748,0.0650873830732585,0.135396443156327,0.184622485468238
5840,"mesozooplankton",0.874045069912646,0.423620986939315,0.638598672069251,1.03929704903584,1.26121309900582
5840,"minke whales",0.00139718296070009,0.000342881478008091,0.000696308333109036,0.00487910813098424,1.17145843515946
5840,"orca",0.000458693239006117,0.000347524967286624,0.000426485752929123,0.000524739473269108,0.00101368917311674
5840,"other krill",0.564605414208272,0.0723587048659354,0.254754260005851,1.55695125243922,3.91202960535239
5840,"other macrozooplankton",0.938466549084764,0.395001174676804,0.759484353221456,1.14710682426691,1.41692834432889
5840,"salps",0.0542062868141626,0.0202775601393655,0.0420449175808899,0.0792664104995354,0.106099727328252
5840,"shelf and coastal fishes",0.250779653514239,0.129664281436774,0.216352843017221,0.285132451349785,0.322155773901036
5840,"small divers",0.00194881928713485,0.00114714682846745,0.00181267157648755,0.00206780495301986,0.00220573823481262
5840,"sperm whales",0.00127570431875174,0.000742270863132523,0.00105465774586092,0.00588298900211892,0.147141033793158
5840,"squids",0.00723541029950169,0.0045550225514617,0.00622694692912954,0.00864017587655282,0.0152532547765499
5840,"toothfishes",0.05185294956328,0.00721757413759544,0.0310664086024886,0.0695998929483231,0.0940383339572108
6205,"antarctic krill",0.656239490141277,0.0954222930968087,0.361733431142299,1.22922506961019,1.85263890660916
6205,"baleen whales",0.0458140303623253,0.00905951142847236,0.0455799506996966,0.173538431999004,1.00186067269319
6205,"bathypelagic fishes",0.121427191427828,0.0495638947460957,0.0834644870287221,0.167438062185774,0.230145256925155
6205,"flying birds",0.000309019898499933,0.000279188193702509,0.000305068842867381,0.000314216541319598,0.000324092633849837
6205,"large divers",0.000967405223542015,0.00028581534836366,0.000569212220375959,0.00226175187996111,0.0160728987960589
6205,"leopard seals",0.000167577295731863,9.21489169205518e-05,0.000132541969054073,0.00019352108869991,0.00023876235840207
6205,"medium divers",0.0215004071237141,0.00785066383028456,0.0142486100979258,0.0341642758312978,0.0456651139327969
6205,"mesopelagic fishes",0.0899116730621354,0.0270535018608895,0.0627748129376164,0.133243102919916,0.183198485875512
6205,"mesozooplankton",0.866482773297139,0.416505426691568,0.633260543213605,1.02534505097455,1.23670544601048
6205,"minke whales",0.00139671071797251,0.000344445413546,0.000697658694064985,0.00486236277948733,1.16741259209927
6205,"orca",0.000458705426895544,0.000347827368605919,0.000426575674068027,0.000524571445238287,0.00101217107223216
6205,"other krill",0.572132590667595,0.0705434859711974,0.25784350719547,1.56175294342935,3.98725160442876
6205,"other macrozooplankton",0.919668597194908,0.384976367235428,0.739016958957133,1.12183208685344,1.39047784038803
6205,"salps",0.0536491718708405,0.0199256993218118,0.0415068899576282,0.0784379763768702,0.105424751799503
6205,"shelf and coastal fishes",0.250370196681541,0.128762009667424,0.215972942086475,0.284905790307021,0.321830233193558
6205,"small divers",0.00194495630994004,0.00114429382137529,0.00180883454711987,0.00206675054595754,0.00220385852582585
6205,"sperm whales",0.00127497523063713,0.000742534547017574,0.00105437475765889,0.00587396971431205,0.146876717172562
6205,"squids",0.00723148694660836,0.00455140361663877,0.00621246273101082,0.00863360441208815,0.0152717620836052
6205,"toothfishes",0.0519295571116077,0.00723402468477897,0.0311501302348704,0.0696438035744333,0.0940557539665964
6570,"antarctic krill",0.648889524132292,0.0921714314602928,0.354568278464178,1.22403885804333,1.85302191354952
6570,"baleen whales",0.0457691788967889,0.00905969040695984,0.0455342591743848,0.173329848189994,1.00059164967911
6570,"bathypelagic fishes",0.119171275304724,0.0480580696686271,0.0817116113807359,0.164780966029278,0.228848803106406
6570,"flying birds",0.000308974905308908,0.000278653690891636,0.000304951864857658,0.000314092108148392,0.000323915749401977
6570,"large divers",0.000966573506606749,0.000286195069885925,0.000569032772250672,0.00225778336860062,0.0159829727344285
6570,"leopard seals",0.000167589833056588,9.24120323832395e-05,0.000132553874318872,0.000193637643668282,0.000238764818100987
6570,"medium divers",0.0214821938221631,0.00785343521480123,0.0142551081322821,0.0341057156827013,0.0456181087010662
6570,"mesopelagic fishes",0.0878605865472313,0.0262087378209663,0.0606084979559359,0.131359833675424,0.181701461605738
6570,"mesozooplankton",0.848361540159251,0.376737819917094,0.609852937914815,1.00952480129623,1.22971148170071
6570,"minke whales",0.00139471398420472,0.000345485828922508,0.000698962492212036,0.00484578339411487,1.16338004392055
6570,"orca",0.000458712066855401,0.000348112548668372,0.0004266486544383,0.000524377224260108,0.00101063360506215
6570,"other krill",0.570105070703144,0.0671925250109708,0.256977346092192,1.56817935546816,4.03694493466476
6570,"other macrozooplankton",0.904314872066492,0.373802583647362,0.721775662714328,1.09929093263111,1.36673981445808
6570,"salps",0.053115102181141,0.0194866786601537,0.0408206839944837,0.0778441909610421,0.104929674193622
6570,"shelf and coastal fishes",0.249631254748068,0.127543181169014,0.215166839472927,0.284441037785613,0.321343618818143
6570,"small divers",0.00194139133250717,0.00114031325291646,0.00180405101274005,0.0020658550408212,0.00220228212397268
6570,"sperm whales",0.00127423056642952,0.000742786754681897,0.00105407093131213,0.00586496475935241,0.146612842344998
6570,"squids",0.00721333760645918,0.00453484335016591,0.00619129268087646,0.00862531560485246,0.0152916645440213
6570,"toothfishes",0.0519039129150918,0.00723771830925815,0.0312054286267503,0.0696702828239559,0.0940623962012077
6935,"antarctic krill",0.66758155419679,0.0934681880628831,0.364946863847635,1.24164689193745,1.87689102536304
6935,"baleen whales",0.0457243809352028,0.00906035449306338,0.0454887381763993,0.173121629832474,0.99932441188781
6935,"bathypelagic fishes",0.118242153443954,0.0481010635434076,0.0812825454802031,0.163274558696969,0.228385736677279
6935,"flying birds",0.000308993364240256,0.000278768721834222,0.000305006032118281,0.000314110588847316,0.000323934901238204
6935,"large divers",0.000966361744419651,0.000286711319052368,0.000568833463680246,0.00225385666800236,0.0158934753727322
6935,"leopard seals",0.000167691924662792,9.25707107320887e-05,0.000132618093940865,0.000193699440835079,0.000238759660877161
6935,"medium divers",0.0214784495099595,0.0078595244592219,0.0142630968849777,0.0340601337485157,0.0455717565210205
6935,"mesopelagic fishes",0.0877729938001882,0.0259801734845587,0.0612039540023123,0.130966081034478,0.181053760211471
6935,"mesozooplankton",0.920232864947703,0.49052431553018,0.684017617650697,1.08926774857085,1.31268181789886
6935,"minke whales",0.00139398850591529,0.000345873805254555,0.000699223271419559,0.00482924824270625,1.15936099048694
6935,"orca",0.000458723988203639,0.000348403893999286,0.000426733424763972,0.000524196630195969,0.00100912569626244
6935,"other krill",0.620197991518303,0.0736118791129687,0.284420346619819,1.63857161184871,4.18322095005582
6935,"other macrozooplankton",0.988290775151523,0.395706333965896,0.774242051123779,1.19000325202479,1.50035160415696
6935,"salps",0.0541891807742554,0.0201424578172063,0.0416090699087303,0.0785103980891462,0.105488441626291
6935,"shelf and coastal fishes",0.249086101794738,0.126985180215036,0.214424545399693,0.283954794340611,0.320937072142979
6935,"small divers",0.00194067121449336,0.00113897433809145,0.00180313623352014,0.00206559176376944,0.00220193698673284
6935,"sperm whales",0.00127350414568029,0.000743051598213431,0.00105379012396789,0.00585597808678041,0.146349484306137
6935,"squids",0.00719053107416687,0.00450683784474287,0.00615734257288708,0.00860217658472251,0.0153065461606732
6935,"toothfishes",0.0518917715107631,0.00724917074180369,0.0312568321175905,0.069686667820679,0.0940590731403949
7300,"antarctic krill",0.673924928481862,0.0929070924330672,0.366887688502658,1.24957195773772,1.88869052574776
7300,"baleen whales",0.0456796415994752,0.00906076439955133,0.0454433369094079,0.172913630400481,0.998058731869113
7300,"bathypelagic fishes",0.118155231574171,0.0479794812499963,0.0811214069946867,0.163626909413327,0.228787111855196
7300,"flying birds",0.000308972943325424,0.000278517815281348,0.000304936154651819,0.000314049486637989,0.000323830005088924
7300,"large divers",0.000965643790218318,0.00028724644202216,0.000568719178432744,0.00225185748309081,0.0158045875781861
7300,"leopard seals",0.00016779915736297,9.27071222223098e-05,0.000132642906581614,0.000193694813644517,0.000238747431678424
7300,"medium divers",0.0214756799121731,0.00786717020825584,0.0142611599909584,0.0340289659219309,0.0455251369562931
7300,"mesopelagic fishes",0.0880466273375287,0.0256555076555771,0.0611295004821979,0.131136500953328,0.181588673505237
7300,"mesozooplankton",0.858757626555359,0.37416261446798,0.619601283601779,1.01671935182798,1.23051948296758
7300,"minke whales",0.00139413315808865,0.00034672638365271,0.000699543236465318,0.0048128141398093,1.15535512342498
7300,"orca",0.000458734241929174,0.000348683867558532,0.000426807567626072,0.000524003976558328,0.00100760460824366
7300,"other krill",0.592100872920856,0.0728258809969159,0.274082281994841,1.59949616371463,4.06264243051903
7300,"other macrozooplankton",0.962817795062328,0.399876510143173,0.776878772275215,1.17032095905173,1.42686810379684
7300,"salps",0.0542019978472123,0.0201174997611623,0.041705200469291,0.0786883723661564,0.105808411190243
7300,"shelf and coastal fishes",0.248628365744096,0.126667174942574,0.213661976809299,0.283487966837092,0.320502078809873
7300,"small divers",0.00194074427619801,0.0011365989634841,0.00180219576014716,0.00206535157217242,0.00220150275609102
7300,"sperm whales",0.00127276713977691,0.000743306931396092,0.00105349521150858,0.00584700589051436,0.14608656905274
7300,"squids",0.00717119027916359,0.00448404878845636,0.00612169700137046,0.00858252656299656,0.0152984559445983
7300,"toothfishes",0.0519132832296841,0.007265432225362,0.0312819341948077,0.0696577635183779,0.0940409413013328
7665,"antarctic krill",0.690049064997769,0.0952042366267282,0.377504300503582,1.25569706523754,1.89546991834575
7665,"baleen whales",0.045634949351209,0.00906185112470544,0.0453981532169772,0.172706018172847,0.996794863403913
7665,"bathypelagic fishes",0.118943861028273,0.0486424177121979,0.0820667599419928,0.164553575892469,0.229216155859092
7665,"flying birds",0.000308996895194045,0.000279061872479872,0.000305089774530728,0.000314121447879483,0.000323981771175869
7665,"large divers",0.000963626987493508,0.000287551816110256,0.000567951166295087,0.00224640400318755,0.0157159606447222
7665,"leopard seals",0.000167818829395717,9.28929532931487e-05,0.000132748124188697,0.000193675053652808,0.000238729904244252
7665,"medium divers",0.0214587264687565,0.00786471006575918,0.0142586673087922,0.0339963197080846,0.0454798713200372
7665,"mesopelagic fishes",0.0893368269964015,0.0260049698367995,0.0625931254754672,0.132180201752823,0.182530326666444
7665,"mesozooplankton",0.937189365692903,0.525278015255605,0.7063380968868,1.09848621216394,1.31376895736675
7665,"minke whales",0.00139384431884552,0.000347572000550119,0.000698479289025267,0.00479096335664391,1.15136269514476
7665,"orca",0.000458758828665726,0.000348990735624584,0.000426915720503772,0.00052384977754221,0.00100614824614272
7665,"other krill",0.616028339533487,0.0789502108027072,0.289268022365877,1.60381426451073,3.99388786484161
7665,"other macrozooplankton",0.989899684533887,0.418392686661741,0.800655829522226,1.20452207515282,1.50332222182987
7665,"salps",0.0555522553610897,0.0210723091665503,0.0428457497686676,0.0795227374385328,0.106538830043544
7665,"shelf and coastal fishes",0.248124878559834,0.126680701454758,0.213114576227126,0.283190063253747,0.320165182749994
7665,"small divers",0.00194425191120917,0.00113839163802747,0.00180645769920674,0.002066416934165,0.00220161827187576
7665,"sperm whales",0.00127207138183252,0.000743589258194313,0.00105325372121549,0.00583805398323887,0.145824214603921
7665,"squids",0.00714333671106031,0.0044684039668843,0.00609274764042139,0.00855758269420421,0.0152818581493136
7665,"toothfishes",0.0519259290946759,0.00728487940075764,0.0313192883553142,0.0696141321304159,0.094016127310319
8030,"antarctic krill",0.706830523337769,0.0998115370652446,0.390379517650781,1.26472933762631,1.89910471761054
8030,"baleen whales",0.0455903175501649,0.00906285551433441,0.0453530099234012,0.172498646788081,0.995532582288677
8030,"bathypelagic fishes",0.121181654610311,0.0499372285142545,0.0838717703081749,0.166332481970066,0.230797050531493
8030,"flying birds",0.00030902077633319,0.000279370849354075,0.00030513032108616,0.000314149787087681,0.000324000648974772
8030,"large divers",0.000963056670827646,0.000287845560819751,0.000567257215997113,0.00224647218285005,0.0156279586135788
8030,"leopard seals",0.000167856632184938,9.29953970326364e-05,0.000132815346699596,0.000193709538084801,0.000238640744039559
8030,"medium divers",0.0214405467303681,0.00785840398274261,0.014251673482751,0.0339641501233246,0.0454350661401089
8030,"mesopelagic fishes",0.0911774349876605,0.0266314185359138,0.0644719882645123,0.134414976328516,0.184168816722312
8030,"mesozooplankton",0.929693492991749,0.504897720408501,0.705281286320687,1.08165315426802,1.29497499353104
8030,"minke whales",0.00139360347700348,0.000348292599042357,0.000696418519454851,0.00476910160140389,1.14738340535175
8030,"orca",0.000458784421012783,0.000349293206719929,0.000427017809422955,0.000523687781100785,0.00100467857378522
8030,"other krill",0.621976642697328,0.0872112063422856,0.299694043842647,1.59424301160067,3.88780698849942
8030,"other macrozooplankton",1.03737432917974,0.445945527407882,0.831214468647215,1.25084269326481,1.54134673041324
8030,"salps",0.0563450305493031,0.0216375641518782,0.0437696345690972,0.0804325381274431,0.107361455053483
8030,"shelf and coastal fishes",0.247996247902409,0.127058708724447,0.212935924123375,0.283084774178881,0.320319666972093
8030,"small divers",0.00194678382332673,0.00114017790780466,0.00181058122308119,0.00206685327404767,0.00220146254685525
8030,"sperm whales",0.00127137230158881,0.000743866868645,0.0010530061296625,0.00582911759483231,0.14556231697288
8030,"squids",0.00713462114045944,0.00446233278899262,0.00608385673447241,0.00853788462144133,0.0152766670752148
8030,"toothfishes",0.0519413979942626,0.00729999890759308,0.0313574722221599,0.0695763668311985,0.0939932547923456
8395,"antarctic krill",0.705128581355574,0.101319850792083,0.393681069558755,1.26414885333065,1.88946195143736
8395,"baleen whales",0.0455457508009798,0.00906360245022733,0.0453078897283435,0.172291488563226,0.994271839867477
8395,"bathypelagic fishes",0.123298593900553,0.0510771763596913,0.0857956285978815,0.169224985086002,0.232926442143297
8395,"flying birds",0.000309003239192308,0.000279272012833524,0.000305080522143865,0.000314097786838255,0.000323941591046969
8395,"large divers",0.000962728021183092,0.000287937295324191,0.000567114782508359,0.00224366625756302,0.0155407315066633
8395,"leopard seals",0.000168024515623897,9.29093427509302e-05,0.000132890362526262,0.000193651084306609,0.000238402332650145
8395,"medium divers",0.0214310552068195,0.00786394317204446,0.0142339175297115,0.0339332400263505,0.0453746172517263
8395,"mesopelagic fishes",0.0928419754207615,0.027374977906509,0.0657968662948031,0.136420741578666,0.185750182960677
8395,"mesozooplankton",0.905217344736672,0.465967491737298,0.674995347176031,1.06492968798958,1.27807133197968
8395,"minke whales",0.00139381378688646,0.00034987077038731,0.000694603516937062,0.00474771729602948,1.14341715871215
8395,"orca",0.000458804621657638,0.000349573956423126,0.000427099341780742,0.000523501710791708,0.00100317049634677
8395,"other krill",0.592785362694277,0.0864696888212159,0.283421680955707,1.55186057638436,3.77866207934769
8395,"other macrozooplankton",1.00015983167249,0.441025003991239,0.81980956075162,1.21603873765249,1.48339470424045
8395,"salps",0.0561475467241754,0.0216829423442365,0.0439790711484758,0.0807161707682795,0.10753843010989
8395,"shelf and coastal fishes",0.248569757676848,0.127957424352002,0.213278818159021,0.283288785336989,0.320895070531511
8395,"small divers",0.00194733789184114,0.00114037585953582,0.00181266414593315,0.00206701067498594,0.00220134234076263
8395,"sperm whales",0.00127065706741989,0.000744130832836979,0.00105273651753172,0.00582019549765067,0.14530084950787
8395,"squids",0.00714921088976462,0.00448544572652047,0.00610004224774041,0.00855147437840933,0.0152928928503188
8395,"toothfishes",0.0519705936293087,0.00731710935514892,0.0314611872150602,0.0695540893376287,0.0939833511762682
8760,"antarctic krill",0.682769101241318,0.0989311048891215,0.379205649008584,1.24898459215639,1.86758801722941
8760,"baleen whales",0.0455012415805538,0.00906406169032395,0.0452627950057877,0.172084540567779,0.993012621927251
8760,"bathypelagic fishes",0.123520050876118,0.050870178279515,0.085458878020159,0.170038289626946,0.233473668745833
8760,"flying birds",0.000308951719646058,0.000278824457831089,0.000304966134761532,0.000314019370830854,0.000323747937235594
8760,"large divers",0.000962442254985774,0.000287921440008718,0.000567095998388056,0.00223752536339764,0.0154540232771729
8760,"leopard seals",0.000168311877811516,9.30226560520359e-05,0.000132966674626653,0.000193632113470622,0.000238275296647762
8760,"medium divers",0.0214278049116127,0.00787456545531451,0.0142474466962214,0.0339025080452636,0.0452713278877776
8760,"mesopelagic fishes",0.0923130186030872,0.0270540889215063,0.0648014103107974,0.136536068742401,0.185809521184626
8760,"mesozooplankton",0.853664178852738,0.391471703630653,0.618758979129154,1.0089331203247,1.22088787868227
8760,"minke whales",0.00139110775619289,0.000351348166105638,0.000694529324542508,0.00472644790113499,1.13946385592678
8760,"orca",0.000458823564066328,0.000349830363118578,0.000427177846308365,0.000523312127911938,0.00100165850069449
8760,"other krill",0.552758856257846,0.0764581162603456,0.257307349847291,1.51959262044605,3.76198517413714
8760,"other macrozooplankton",0.920480087012277,0.402095464670954,0.757555559415672,1.12946918020055,1.38361161272671
8760,"salps",0.0548793797332503,0.0210117516704217,0.0428363581240526,0.0797630452269713,0.106621954095495
8760,"shelf and coastal fishes",0.24888722611051,0.128224935838298,0.21367639223866,0.28354067339924,0.321163277719125
8760,"small divers",0.00194528534313503,0.00113858804332713,0.00181141690189558,0.00206618117802205,0.00220064803031675
8760,"sperm whales",0.00126993715167658,0.000744389240816564,0.00105246123181039,0.00581128868441508,0.145039837329076
8760,"squids",0.00716710197817892,0.00450753041168738,0.00611919649200656,0.00857024384319703,0.0153033099556268
8760,"toothfishes",0.0519585499170297,0.00732846706267062,0.0315411450075679,0.0695384613973559,0.0939786579958113
9125,"antarctic krill",0.673961192766461,0.0975322811652492,0.374707755966138,1.24041576003179,1.85959871524052
9125,"baleen whales",0.0454567843166651,0.0090657545568038,0.0452178161052319,0.171877952371886,0.991755163769872
9125,"bathypelagic fishes",0.123284844291795,0.0511604834620224,0.0853477963532585,0.170045802344837,0.233141227252883
9125,"flying birds",0.000308989734816852,0.00027906178197333,0.000305047549436447,0.000314053002449795,0.000323828446055697
9125,"large divers",0.000962209381011585,0.000287952722477934,0.000567454012430851,0.00223337284590977,0.0153676409450799
9125,"leopard seals",0.000168522395932931,9.32453994027595e-05,0.000133142991195641,0.000193617574732423,0.000238353567099223
9125,"medium divers",0.0214228441185696,0.0078813707081439,0.0142501099249853,0.0338708862599899,0.0451686439506272
9125,"mesopelagic fishes",0.0919855066421451,0.027291327605515,0.0648972831404682,0.136021061423519,0.185227556144441
9125,"mesozooplankton",0.878925595223841,0.447013815614989,0.643772890223902,1.04667430754223,1.26994546956172
9125,"minke whales",0.00139116010383166,0.000352504492553154,0.0006953413586268,0.00470504688818142,1.13552373925444
9125,"orca",0.000458849075875845,0.000350103009351797,0.00042727807331019,0.000523147645296061,0.00100018742125928
9125,"other krill",0.572470189888923,0.0760120515628215,0.262190464872771,1.5512031860596,3.90859396199334
9125,"other macrozooplankton",0.940461759048769,0.389927152567088,0.751928278912733,1.14322750867081,1.43759557143906
9125,"salps",0.0547683017062856,0.0209135195536274,0.042523598934149,0.0794994887319164,0.10634337720122
9125,"shelf and coastal fishes",0.249273018785323,0.128708015270476,0.21415374424643,0.283866171413598,0.321326714307029
9125,"small divers",0.00194537664530721,0.00113911720703731,0.00181178258683688,0.00206639009168103,0.00220011366427468
9125,"sperm whales",0.00126924264662739,0.000744665565045272,0.00105221522683648,0.00580240099174431,0.144779358518796
9125,"squids",0.00718702578453313,0.00452730203156944,0.00614457238016964,0.00857857980507615,0.015317458500462
9125,"toothfishes",0.0519555984503021,0.00734553746085918,0.0316104289634368,0.0695433053473492,0.0939847276055036
9490,"antarctic krill",0.660452830575462,0.0926616053233328,0.361647925114071,1.23634618487513,1.85852124003957
9490,"baleen whales",0.0454123940008751,0.00906690917362015,0.045172826648848,0.171671520824761,0.990499156686441
9490,"bathypelagic fishes",0.122536806924483,0.0508654541854048,0.0846569035523882,0.169291984750727,0.232609620957948
9490,"flying birds",0.000308910170133072,0.000278588882584347,0.000304948708915304,0.000313988463301413,0.000323625225565421
9490,"large divers",0.000961850679730523,0.000288161703883125,0.000568160330154082,0.00223300378797118,0.0152820842833018
9490,"leopard seals",0.00016857075944993,9.35285829410508e-05,0.000133025987476395,0.000193639124013643,0.000238327669782019
9490,"medium divers",0.0214211014260521,0.00789708830923841,0.0142393963840692,0.03384084577512,0.0450660646578029
9490,"mesopelagic fishes",0.0909954205896728,0.0267882198330062,0.0642732195273272,0.135159002524304,0.184704868213056
9490,"mesozooplankton",0.830371494337815,0.342176044152289,0.586593623145769,0.9935414970136,1.21809485175941
9490,"minke whales",0.00139166098319899,0.000354788730075093,0.000696984545191923,0.00468428042856397,1.13159642531696
9490,"orca",0.000458853269736105,0.000350358200610177,0.00042734254772853,0.00052294312137081,0.000998656528413995
9490,"other krill",0.556992687456754,0.0672512503164267,0.248397977264185,1.55277787586284,3.93447858467705
9490,"other macrozooplankton",0.921322879423682,0.378927001581888,0.735464590820092,1.12159315373645,1.3866054466439
9490,"salps",0.0538657823852728,0.020389600950149,0.041508855405149,0.0790108818747415,0.105981369345697
9490,"shelf and coastal fishes",0.249570856500959,0.129218972592582,0.214602901974507,0.284343655906534,0.321644788057972
9490,"small divers",0.00194210001635865,0.00113612764540571,0.00180748002110502,0.00206511663375117,0.00219966096937755
9490,"sperm whales",0.00126850979769999,0.000744914586630462,0.00105192615876262,0.00579352495987882,0.144519267332148
9490,"squids",0.0072111875030819,0.00455478894490963,0.00617031108278692,0.00860722050503733,0.0153308924088711
9490,"toothfishes",0.0519810295709138,0.00736178552412472,0.0316318813869554,0.0696146384851405,0.0939871671267492
9855,"antarctic krill",0.666519867673887,0.0913362416518195,0.364358825852303,1.23956188219301,1.86846967930394
9855,"baleen whales",0.0453680452382338,0.00906879477269692,0.0451279739921385,0.171465476266346,0.989244950422841
9855,"bathypelagic fishes",0.121854059673633,0.0505519309232056,0.0843033689655836,0.168352153556988,0.231348144820307
9855,"flying birds",0.000308996310613785,0.000278990337051026,0.000305063788333775,0.000314036452695886,0.000323744666115255
9855,"large divers",0.000961313211099867,0.000288044511603954,0.000567912790730123,0.00223242476711955,0.0151965590741361
9855,"leopard seals",0.000168547308815482,9.37493576819805e-05,0.00013290007239683,0.000193612196808064,0.000238325226595605
9855,"medium divers",0.0214146880502186,0.00790793552920108,0.0142211171123099,0.0338083417439845,0.0449602924588364
9855,"mesopelagic fishes",0.0905766934830164,0.0267627487767449,0.0639934699042867,0.13412329803317,0.183629951358161
9855,"mesozooplankton",0.896240584122133,0.466890256257179,0.660317767805369,1.06169456175205,1.28355081333549
9855,"minke whales",0.00139133568244762,0.000355480781734284,0.00069746900854658,0.00466290382646143,1.12768228222022
9855,"orca",0.000458828956988227,0.000350656723805099,0.000427456204816746,0.000522795704241451,0.000997217925684656
9855,"other krill",0.580672758751641,0.0696627832792374,0.262453058204488,1.59289538802901,4.08977964897988
9855,"other macrozooplankton",0.948873241226518,0.39220732528219,0.759746065076067,1.15728331506197,1.44853140302143
9855,"salps",0.0544909090107585,0.0208027113937169,0.0418852523081589,0.07922045112444,0.106102951447452
9855,"shelf and coastal fishes",0.249754350342742,0.129347739114381,0.214662896509637,0.284376421156811,0.321539242007249
9855,"small divers",0.00194301877398272,0.00113715359780787,0.00180796582954203,0.00206565049097522,0.00219974832855804
9855,"sperm whales",0.0012678254487831,0.000745197266129574,0.00105169143763652,0.00578467015692041,0.144259755223346
9855,"squids",0.00721424742361,0.00455576351977081,0.00617809275018995,0.00859963766942159,0.0153307119965288
9855,"toothfishes",0.0520302459668836,0.0073975681802459,0.0316537507728983,0.0696217380223733,0.0939880380363908
10220,"antarctic krill",0.676221378602682,0.0909284632261785,0.369324460290011,1.24575529659273,1.87301972457636
10220,"baleen whales",0.0453237506746422,0.00907084301964354,0.0450831885792152,0.171259712824079,0.987992386818082
10220,"bathypelagic fishes",0.121839177458801,0.0507973954921089,0.0846670527025549,0.168272053019809,0.230995847023259
10220,"flying birds",0.000309053625543051,0.000279520879247817,0.000305193000236792,0.000314092135562926,0.000323767459370087
10220,"large divers",0.000960717903080328,0.000288163426777232,0.000568126790438739,0.00223048843808178,0.0151114644175371
10220,"leopard seals",0.000168524177620161,9.39847178699728e-05,0.000132909678339281,0.000193577713188543,0.000238379880644609
10220,"medium divers",0.0214075330944749,0.00791704962626882,0.0142197865702057,0.0337358022811304,0.0448636449063204
10220,"mesopelagic fishes",0.0912483539223718,0.0270597332930698,0.0649374311850031,0.134580093662755,0.183774616119123
10220,"mesozooplankton",0.874882953789246,0.420681792050622,0.642514674503231,1.03457038037002,1.25085515148579
10220,"minke whales",0.00139106657077458,0.000355932000635948,0.000697022059264082,0.00464153566993259,1.12378109177306
10220,"orca",0.000458815599554149,0.000350960439599983,0.00042757961616416,0.000522660126290641,0.00099579772688939
10220,"other krill",0.587971957954056,0.0718025041513718,0.267458196020025,1.59054091916876,4.02397131406096
10220,"other macrozooplankton",0.976873603832672,0.405875843268797,0.781474396627559,1.17934262424583,1.45293515990782
10220,"salps",0.0550666193029282,0.0210852100548935,0.0423925351026443,0.0796724343567282,0.10647048383921
10220,"shelf and coastal fishes",0.249848933308352,0.129629142040571,0.214721448144765,0.284372523621164,0.321534844681587
10220,"small divers",0.00194576725432939,0.00113985649342029,0.00181045358331047,0.00206661843082977,0.00220023171435899
10220,"sperm whales",0.00126714960096607,0.000745484862895815,0.00105146560357326,0.00577583180207508,0.144000730303754
10220,"squids",0.00720711660714303,0.0045395701505461,0.00618308796114831,0.00858882117391092,0.015326837467749
10220,"toothfishes",0.0520510879023697,0.0074300401282119,0.0316778394707185,0.0696308709347123,0.0939896505489256
10585,"antarctic krill",0.676939816764426,0.0907488540205903,0.370707260490361,1.24619419950056,1.86799775397339
10585,"baleen whales",0.0452795103142924,0.00907279582230569,0.045038446070296,0.171054188938201,0.986741395030944
10585,"bathypelagic fishes",0.121834019017803,0.0507070844408955,0.08493004565122,0.167795178712806,0.230621450889727
10585,"flying birds",0.000309077985726104,0.00027981835569651,0.000305239581758972,0.000314108262159554,0.000323746653670708
10585,"large divers",0.000960394043153097,0.000288332608238364,0.000568182061254944,0.00222729017346668,0.0150314714314174
10585,"leopard seals",0.000168457473301189,9.41731414165205e-05,0.000132930151929854,0.000193616806222189,0.000238428334057135
10585,"medium divers",0.0214013858916468,0.00792473280960272,0.014212843998905,0.0336669980571279,0.0447959572424408
10585,"mesopelagic fishes",0.0915440154360677,0.0269781782870644,0.0649327501750949,0.134280247827966,0.183841167616329
10585,"mesozooplankton",0.881936925797923,0.447421277550006,0.654027077409026,1.03906475907614,1.24854210940309
10585,"minke whales",0.00139061741074417,0.000356062540412445,0.000696461434990667,0.00462014591452847,1.11989273176779
10585,"orca",0.000458857012178316,0.000351268153872326,0.000427712275478847,0.000522535656527656,0.000994393200475744
10585,"other krill",0.581710441757646,0.0734647264018754,0.266130337600294,1.56035008567996,3.89564296861707
10585,"other macrozooplankton",0.950869526252846,0.405236058465309,0.774862661869026,1.15867615701174,1.4229383810146
10585,"salps",0.0552694895700933,0.0212953536376746,0.042702519266757,0.0796653928555887,0.10656367205407
10585,"shelf and coastal fishes",0.249512908983178,0.129650669934863,0.21466953723085,0.284197213362665,0.321471974427929
10585,"small divers",0.00194847272036533,0.00114249601866652,0.00181344433901794,0.0020666894003149,0.00220010446505044
10585,"sperm whales",0.00126647801948674,0.000745773200215451,0.00105124291171503,0.00576700907623574,0.143742175810722
10585,"squids",0.00719671600438821,0.00451565780402087,0.00617572171506077,0.008568635755976,0.0153154677696914
10585,"toothfishes",0.0520644900608,0.0074543065967899,0.0317347482958225,0.0696557902902769,0.0939877712902682
10950,"antarctic krill",0.680533122451528,0.0910858429660349,0.372465712300844,1.2463309971092,1.86233535814899
10950,"baleen whales",0.0452353329506563,0.00907458319849549,0.0449937396320539,0.17084889776576,0.985491958901133
10950,"bathypelagic fishes",0.122189658925118,0.0510325773444124,0.0852297944872113,0.167760467419823,0.230674473303651
10950,"flying birds",0.000309075754415252,0.00027988051736006,0.000305228999005494,0.00031409512180339,0.000323713534103795
10950,"large divers",0.000960207987338298,0.000288488564001193,0.000567992924592826,0.00222408278431025,0.0149599601969208
10950,"leopard seals",0.000168429986045106,9.44323920731636e-05,0.000132935438098279,0.000193661261986942,0.000238481100971557
10950,"medium divers",0.0213974814949233,0.00793575779977246,0.0142073947385628,0.0336326603065555,0.0447776754419115
10950,"mesopelagic fishes",0.0918680949124923,0.0271990128883345,0.0653316321509805,0.134462166207572,0.183938897390531
10950,"mesozooplankton",0.897059020474805,0.467441539714694,0.667866619840231,1.05835677601519,1.27443613628976
10950,"minke whales",0.00138996822792895,0.000356821464070813,0.000695809719050179,0.00459909623700401,1.11601713887823
10950,"orca",0.000458898268862228,0.000351565091983045,0.000427833433898981,0.000522398440959656,0.000992966181014067
10950,"other krill",0.590566361314687,0.0760040641680897,0.272140849489447,1.56858128657792,3.89308939170229
10950,"other macrozooplankton",0.969082752044646,0.406962756831613,0.779457763804954,1.17562368597723,1.46545101666482
10950,"salps",0.0554071678655733,0.0214796223945707,0.0429345489721388,0.0797741908029836,0.106601797052735
10950,"shelf and coastal fishes",0.249729664150028,0.129999074074275,0.214696603465648,0.284171772083031,0.321534456517074
10950,"small divers",0.00194904384690732,0.00114425611871483,0.00181560128280138,0.00206647021286632,0.00219975321696894
10950,"sperm whales",0.00126579440100173,0.00074605161717219,0.00105100410443402,0.00575820092215349,0.143484057165154
10950,"squids",0.00719790275815256,0.00451041974116582,0.00617823755528949,0.00856263769611174,0.0153130533231953
10950,"toothfishes",0.0520784067762569,0.00747638926797923,0.0318123362495768,0.0696539420112313,0.0939790841137067
11315,"antarctic krill",0.691488909036133,0.093285154579702,0.380979263246489,1.25073981207539,1.86775346039193
11315,"baleen whales",0.045191212573588,0.00907639566323123,0.0449490900237918,0.170643870859013,0.984244124349236
11315,"bathypelagic fishes",0.122872822709837,0.0516106799581928,0.0858873063439431,0.168122817850918,0.230947741724259
11315,"flying birds",0.000309080611201447,0.000279986726820334,0.000305285387866963,0.000314086765152934,0.000323697414769915
11315,"large divers",0.000960016962696759,0.000288733277777686,0.000568026533486169,0.0022233839650838,0.01488879415302
11315,"leopard seals",0.00016841499979023,9.46459929667867e-05,0.000132838893516293,0.00019366076163259,0.000238520712432156
11315,"medium divers",0.0213934234285298,0.00794644758375144,0.0142099001236871,0.0335982252582291,0.0447595630490279
11315,"mesopelagic fishes",0.0926434002782467,0.0275932338163818,0.0660471549217862,0.135114038951195,0.184501604785965
11315,"mesozooplankton",0.923739462696374,0.508590736666767,0.699767801279354,1.08058011247521,1.29759665720717
11315,"minke whales",0.00138715041844684,0.000357611429729902,0.00069490834450821,0.0045758291558027,1.11215432961137
11315,"orca",0.000458942848067823,0.000351868250521736,0.000427958885556716,0.000522267018224338,0.000991547534582113
11315,"other krill",0.60633616870919,0.0812835959508585,0.285902466685767,1.58318786563896,3.88013916843115
11315,"other macrozooplankton",1.00825294891884,0.422905675218167,0.811634352692569,1.22059784174876,1.50929727578144
11315,"salps",0.0558560392662862,0.0219107140000734,0.0435867215071826,0.0804346661232051,0.107018410292215
11315,"shelf and coastal fishes",0.249875533294749,0.130639331918627,0.214792937615825,0.284166767876114,0.321630381707312
11315,"small divers",0.00194952122916282,0.00114639770152094,0.00181745380672774,0.00206639189766336,0.00219951999146687
11315,"sperm whales",0.00126511403296639,0.000746330777143179,0.00105076230089252,0.00574940862105908,0.143226410859716
11315,"squids",0.00720430010092477,0.00451935708098938,0.00618162415791292,0.00855761399944138,0.0153163677084784
11315,"toothfishes",0.052099763066422,0.00748015606201431,0.0318318705041046,0.0696508946533246,0.0939732286890928
11680,"antarctic krill",0.6973041204338,0.0957087033762492,0.387796118371159,1.24995970169138,1.861746444682
11680,"baleen whales",0.0451471476883929,0.00907823818948354,0.0449045544706149,0.170439108943418,0.982997890897359
11680,"bathypelagic fishes",0.123778041655493,0.0521909123780287,0.0866595281527097,0.168713624485538,0.231446876080507
11680,"flying birds",0.000309102442509861,0.000280089714370531,0.000305331162975103,0.000314095675722773,0.000323701852978777
11680,"large divers",0.00095981946307782,0.000288959377207762,0.000568061276878036,0.00222033118840536,0.0148179721974567
11680,"leopard seals",0.00016843241638866,9.49090131966267e-05,0.000132950135711283,0.000193730893282281,0.000238558236290939
11680,"medium divers",0.0213887298079326,0.00795601354998923,0.014200286884486,0.0335635515138705,0.0447416145432001
11680,"mesopelagic fishes",0.0935643655882954,0.0279711466701932,0.0669812583143339,0.136022231320806,0.18509620011691
11680,"mesozooplankton",0.909899528542328,0.48632075117627,0.684932123988733,1.06204050576062,1.27025823116205
11680,"minke whales",0.00138467620254971,0.000358129650441458,0.000694365557769231,0.00455172055803886,1.10830425444316
11680,"orca",0.000458994213737738,0.000352181261401309,0.000428091527335077,0.000522145068871354,0.000990143808781984
11680,"other krill",0.597508100647964,0.0847788186742549,0.283909370194636,1.55481154451938,3.77570222317409
11680,"other macrozooplankton",1.0054312868305,0.437160871146165,0.816939998601441,1.21688011986173,1.48191962861746
11680,"salps",0.0560061310370256,0.0221065986337424,0.0439488758105311,0.0808109812326841,0.107166309618806
11680,"shelf and coastal fishes",0.2501186332814,0.131134247872373,0.21498800543479,0.284284985078903,0.321670969469664
11680,"small divers",0.00195031316195187,0.00114903452371388,0.00181921128345246,0.00206686222104483,0.0021993674609919
11680,"sperm whales",0.00126444027234395,0.000746624218862928,0.00105048780731141,0.00574063243696149,0.142969243656781
11680,"squids",0.00720444542165067,0.00453420462144632,0.0061858801846442,0.008555390009738,0.015304567755234
11680,"toothfishes",0.0521376668331872,0.00748401645688687,0.0318545164776031,0.0696665889501267,0.0939728783736303
12045,"antarctic krill",0.689176414184697,0.0955847809855651,0.384464436298257,1.24683521365773,1.8556356450879
12045,"baleen whales",0.0451031496113014,0.00907970652340133,0.0448600854531045,0.17023454963035,0.981753318359174
12045,"bathypelagic fishes",0.124415109437109,0.0527656092465472,0.0873173970773959,0.170106919128837,0.232071049169537
12045,"flying birds",0.000309084113490793,0.00028003982329847,0.000305258023933116,0.000314005556791055,0.000323624800891394
12045,"large divers",0.000959398182363139,0.000289640918916585,0.000568431498025323,0.00221898260705895,0.0147474925513741
12045,"leopard seals",0.000168480857209694,9.51820547023415e-05,0.000132970913133809,0.000193831640606095,0.000238605331933386
12045,"medium divers",0.0213878785472063,0.00796890370796933,0.0141831482209216,0.0335358004474567,0.0446953642322402
12045,"mesopelagic fishes",0.09389644995792,0.0282534369486316,0.0672423905508641,0.136836461157131,0.185814038983327
12045,"mesozooplankton",0.888475133577056,0.450970646769795,0.656682101491836,1.04845243894542,1.26394609665387
12045,"minke whales",0.00138255347551273,0.000359621411853216,0.000694945890744236,0.00453338977413861,1.1044667541212
12045,"orca",0.000459012871919092,0.000352433846540574,0.000428195410034625,0.000521991605646154,0.000988693193542697
12045,"other krill",0.574413862407462,0.08117582007066,0.270058584233801,1.53341332320444,3.74410659539069
12045,"other macrozooplankton",0.970329008389179,0.422366615101035,0.793291558957313,1.18158598196635,1.45242061095655
12045,"salps",0.0555913947576354,0.0219468624630254,0.0435644689408387,0.08045990498822,0.106901686694778
12045,"shelf and coastal fishes",0.250686740705427,0.132031729587748,0.215532283518675,0.284642683797586,0.321915319720128
12045,"small divers",0.00194903898943542,0.00114920812437761,0.00181825651660615,0.00206635420220586,0.00219896403916514
12045,"sperm whales",0.00126374157336849,0.000746889098288867,0.00105022728362001,0.0057318695922101,0.142712484643087
12045,"squids",0.00722814801237774,0.00456461303806879,0.00620584692715528,0.00857667005368021,0.0153121432817847
12045,"toothfishes",0.0522470442938292,0.00749331092215369,0.0319379268751008,0.0696900527148538,0.0939734326081723
12410,"antarctic krill",0.683872876843313,0.0943824910182277,0.379008893698325,1.24650784231369,1.85451060281119
12410,"baleen whales",0.0450592126642844,0.00908093877934318,0.0448156501740688,0.170030217350987,0.980510445990221
12410,"bathypelagic fishes",0.12476104698225,0.0529420328890441,0.0872954646025595,0.170901342837107,0.232729221763469
12410,"flying birds",0.000309046258743622,0.000279812852358251,0.000305179246760375,0.000313959554101214,0.000323499168818795
12410,"large divers",0.000958375934026708,0.000290437967031697,0.000568757178859103,0.00221717690609001,0.0146773483654358
12410,"leopard seals",0.00016856513878218,9.56214647530959e-05,0.000133229389910235,0.00019385036466633,0.000238657246369123
12410,"medium divers",0.0213891299395475,0.00797363595562841,0.0141809304489636,0.0334776087098924,0.0445933076225494
12410,"mesopelagic fishes",0.0936944398259461,0.0283746687173748,0.0673259445855574,0.137066448243167,0.185934012871324
12410,"mesozooplankton",0.8979408268344,0.466334340457199,0.66418886969558,1.06229050046544,1.28445146066043
12410,"minke whales",0.00138306762402778,0.000361500005421327,0.000696352810320092,0.00451611134150071,1.10064182184737
12410,"orca",0.00045901160050429,0.000352633103102798,0.000428280356657927,0.000521818591764528,0.000987219174227118
12410,"other krill",0.577009982553128,0.0792659799607364,0.264856747291628,1.55778246175787,3.83971026992683
12410,"other macrozooplankton",0.969088969521164,0.411630771896583,0.783516038937995,1.18340941029322,1.46643078768448
12410,"salps",0.0551095437553446,0.0218127980127338,0.0431172851774891,0.0801006267621103,0.10667701739389
12410,"shelf and coastal fishes",0.25135717594634,0.132750883483295,0.216195263199431,0.28512180720344,0.32219578284967
12410,"small divers",0.00194659085911277,0.00114787614136352,0.00181533413539243,0.00206563674255459,0.00219750792285151
12410,"sperm whales",0.00126302777236096,0.000747135388555415,0.00104994749180886,0.0057231208860179,0.142456159563755
12410,"squids",0.00725716659269236,0.0046036816915216,0.00623564168601995,0.00861391897395621,0.0153343774963051
12410,"toothfishes",0.0523490155497446,0.00752422247356677,0.0320581235411851,0.0697189887179328,0.0939758374764533
12775,"antarctic krill",0.679423833096092,0.0936181780705426,0.377332305589487,1.24261603970914,1.85198528370164
12775,"baleen whales",0.0450153225584506,0.00908265365804523,0.0447713305953379,0.169826231087647,0.97926923427019
12775,"bathypelagic fishes",0.124842177957638,0.0531361151221015,0.0875053755349026,0.170967010223004,0.232839668215672
12775,"flying birds",0.000309112685790766,0.000280010601450678,0.000305267674237624,0.00031399607188817,0.00032355586656439
12775,"large divers",0.000957254232766913,0.000291000378766069,0.000568808703141892,0.00220968342201051,0.0146075681281772
12775,"leopard seals",0.00016862824485117,9.57643602593021e-05,0.000133213849634351,0.000193899812138419,0.000238711044283047
12775,"medium divers",0.0213865083595926,0.00797566409925959,0.0141804283823386,0.0334619861760388,0.0444559533366501
12775,"mesopelagic fishes",0.0937327219036097,0.0285034653314472,0.0674747270873656,0.137098090466275,0.185809051811056
12775,"mesozooplankton",0.874177987311702,0.430945386558155,0.642834999730523,1.03412458846861,1.25091485644873
12775,"minke whales",0.00138296543201598,0.000362522325564486,0.000697040422476123,0.00450181246677438,1.09682962696731
12775,"orca",0.000459041559353493,0.000352868826779073,0.000428391471943025,0.000521674542992051,0.000985803047355169
12775,"other krill",0.5740235444324,0.0769429837638261,0.26274411411237,1.55802582712923,3.87002497520157
12775,"other macrozooplankton",0.963867395231077,0.407682402954844,0.780705168059123,1.17380965469215,1.44543406487937
12775,"salps",0.0549692646963287,0.0217452135095956,0.0429817010553189,0.0800787511012759,0.106525798410141
12775,"shelf and coastal fishes",0.251875742056286,0.133703746203176,0.216720419826302,0.285554724478915,0.322272370089924
12775,"small divers",0.00194633845301394,0.00114903203177994,0.00181511328462606,0.00206579738669367,0.00219759976222063
12775,"sperm whales",0.00126234477893002,0.000747419554875538,0.00104970603964608,0.00571439137132661,0.142200371275508
12775,"squids",0.00727417507574185,0.00463528235989407,0.00625776387048133,0.00863026875814159,0.0153532219521239
12775,"toothfishes",0.0524087371298944,0.00757702361232974,0.0321071417418208,0.0697812007639533,0.0939933708002815
13140,"antarctic krill",0.668410383168959,0.0910557857921144,0.368782157265927,1.23659528261792,1.84860678384874
13140,"baleen whales",0.0449714988743326,0.00908360174156405,0.0447269833983359,0.169622378167474,0.978029497234559
13140,"bathypelagic fishes",0.123877064081222,0.0525785442509677,0.0864107863918867,0.17008772150894,0.232718098980038
13140,"flying birds",0.000308973962303183,0.000279452753168165,0.000305118744891938,0.00031387388582891,0.000323337422516571
13140,"large divers",0.000957198795065277,0.000291227023533853,0.000568823838044015,0.00220221873021694,0.0145330794274858
13140,"leopard seals",0.000168749014514891,9.60407588675226e-05,0.000133388460574961,0.000193938261764234,0.00023876030424601
13140,"medium divers",0.0213889383890502,0.0079860620645378,0.0141858963189446,0.0334554886061329,0.0443599125591591
13140,"mesopelagic fishes",0.0924732436821231,0.0278807889954387,0.0662268663725215,0.136264217585376,0.185407636572655
13140,"mesozooplankton",0.874177567375426,0.425407152240961,0.639334714641333,1.03945085550735,1.26073877151023
13140,"minke whales",0.00138365182753669,0.000364915013222984,0.000697903774210708,0.00448672693892176,1.09302976442794
13140,"orca",0.000459023944933682,0.000353052476510861,0.000428458344397679,0.000521476506121359,0.000984320588229246
13140,"other krill",0.564577238282615,0.072596117707041,0.254947757090135,1.55675507448578,3.91843126258236
13140,"other macrozooplankton",0.937664133551795,0.394339033719932,0.758492338793185,1.14565913051819,1.4166669427813
13140,"salps",0.0543075764313692,0.0212583208830478,0.042174490953843,0.0794671297081938,0.106150832707029
13140,"shelf and coastal fishes",0.252254436091537,0.133812018749175,0.217051395455625,0.285840662373936,0.322480151095222
13140,"small divers",0.00194277324032426,0.00114587546751776,0.00181040531236992,0.00206417259192074,0.00219746647753016
13140,"sperm whales",0.00126161880690163,0.000747650940593067,0.00104941772989224,0.00570567271896779,0.141944948083954
13140,"squids",0.00729776047784,0.00466808086502043,0.00629289502487903,0.00866284322805944,0.0153757705118032
13140,"toothfishes",0.0524316572879041,0.00763026064682113,0.03216684063796,0.0698861582045585,0.0939954941251195
13505,"antarctic krill",0.65978459972641,0.0885488691142528,0.361531780287907,1.22710354848029,1.84582472709135
13505,"baleen whales",0.0449277219770008,0.00908463048962323,0.0446827136574065,0.169418810631144,0.976791358619426
13505,"bathypelagic fishes",0.121934504271592,0.0505818187927171,0.0844309411182923,0.167906957019151,0.230925498642597
13505,"flying birds",0.000308894354895456,0.00027900928830216,0.000305052951989416,0.000313849442858472,0.000323225792581511
13505,"large divers",0.000956991566387759,0.000291031576076913,0.000568206940829005,0.00219699180551274,0.014441226383084
13505,"leopard seals",0.000168830799322085,9.63312427302e-05,0.000133473005323045,0.000193993975008427,0.000238791775602772
13505,"medium divers",0.0213881180788311,0.00800261516245262,0.014189413643253,0.0334308415591259,0.0442806497445917
13505,"mesopelagic fishes",0.0905301671772179,0.0269075014973897,0.0639326158640246,0.134071582867392,0.183824102845625
13505,"mesozooplankton",0.8666686147568,0.417228230477246,0.634584776691656,1.02552075640996,1.23705619405302
13505,"minke whales",0.00138380542458676,0.00036556807025324,0.000698730167470538,0.0044713648837659,1.08924243561102
13505,"orca",0.000459037116218933,0.000353243363579295,0.000428516322775621,0.000521306924570292,0.000982884935172015
13505,"other krill",0.573382589615969,0.0707903739011036,0.257739265538249,1.56157718773453,3.99151456982246
13505,"other macrozooplankton",0.918572833599954,0.3849455532574,0.738501706505297,1.12060851482377,1.38968691281909
13505,"salps",0.0538282110035026,0.0206379701046263,0.0415723432475405,0.0785541179282451,0.105500589002268
13505,"shelf and coastal fishes",0.251985008697145,0.132591156449594,0.216712169493477,0.285563051218596,0.322265019901732
13505,"small divers",0.00193922099181704,0.00114313798372062,0.0018063904983501,0.00206280375238559,0.0021970307962413
13505,"sperm whales",0.00126091112511147,0.0007479043756954,0.0010491477382901,0.00569697167440046,0.141690022245253
13505,"squids",0.00729222754968672,0.00466353495945236,0.00629050591388703,0.00866293799014072,0.015385569945324
13505,"toothfishes",0.0524234684612303,0.0076729691479301,0.0322300285854115,0.0699546604095774,0.0939916458805241
13870,"antarctic krill",0.651866471692785,0.0858655168119349,0.354550712645014,1.22312609599879,1.84760545367723
13870,"baleen whales",0.0448840039693155,0.00908552217307984,0.0446384907279467,0.169215487149718,0.975554789172949
13870,"bathypelagic fishes",0.119600359786008,0.049049593332664,0.0822030565195892,0.165588479004567,0.229012827913017
13870,"flying birds",0.000308768582367693,0.000278477897108964,0.000304909801010753,0.000313784960257805,0.000323104130503591
13870,"large divers",0.000956836791231615,0.000291137196666713,0.000567343378375759,0.00219171486883763,0.0143500584457508
13870,"leopard seals",0.000168861490120835,9.66791530915113e-05,0.000133640824383176,0.000194055625732602,0.000238817311732794
13870,"medium divers",0.0213888187834087,0.00802255973379277,0.0141887425528379,0.0334035720263359,0.0441777749985791
13870,"mesopelagic fishes",0.0884370992785128,0.0257504293035038,0.0621993376299718,0.131982404450075,0.182456055244281
13870,"mesozooplankton",0.8477452577036,0.377408044426541,0.610007926798108,1.00968188387099,1.22968028102567
13870,"minke whales",0.0013825977885303,0.000367405898235395,0.000699774281307062,0.00445620964558431,1.085467551616
13870,"orca",0.000459061621320701,0.000353450452489106,0.000428552681996755,0.000521118149781364,0.000981429808613108
13870,"other krill",0.570143315349318,0.0673981927808313,0.256953834870305,1.56851091533042,4.03789535910957
13870,"other macrozooplankton",0.903783073683456,0.37396308022672,0.720702009106615,1.09800493737026,1.36496371896796
13870,"salps",0.0531893000157928,0.0201525714762296,0.0408415760513844,0.0779588930554062,0.105102987201489
13870,"shelf and coastal fishes",0.251366671589943,0.131508293889054,0.216053408256729,0.285173089558865,0.321901244612292
13870,"small divers",0.00193646381964735,0.00113924683108981,0.00180156541193425,0.00206065486993589,0.00219521454475143
13870,"sperm whales",0.00126018779353825,0.000748138295072903,0.00104885764781052,0.00568828438113867,0.141435521132537
13870,"squids",0.00727548922258462,0.00464839988600787,0.00625709227850595,0.00865157474118277,0.0153958795080123
13870,"toothfishes",0.0523967003662662,0.00770509968921687,0.0322867228132621,0.0699434129760436,0.0939717113704918
14235,"antarctic krill",0.672874029747964,0.0875830583898641,0.364132502230289,1.24093189944691,1.87218742658934
14235,"baleen whales",0.0448403379889015,0.0090869429219241,0.0445943909497439,0.169012522150421,0.97431989216462
14235,"bathypelagic fishes",0.118928804743708,0.0490370563550066,0.0816744000992077,0.164467533747012,0.228441002831961
14235,"flying birds",0.000308808061283525,0.000278596627591749,0.000304970866097042,0.000313796993201462,0.000323083542476837
14235,"large divers",0.000955238230290072,0.000291514775595738,0.000567505618759964,0.0021843465831955,0.0142592633180245
14235,"leopard seals",0.000169074807154212,9.69510624565651e-05,0.000133840245914786,0.00019405257444095,0.000238845990554114
14235,"medium divers",0.0213875409232223,0.00803089237872369,0.0141869036247772,0.0333622338156987,0.044072016817721
14235,"mesopelagic fishes",0.0881029193152169,0.0256579782916234,0.0624551045891667,0.131716720414726,0.181861183782076
14235,"mesozooplankton",0.919455883707144,0.491019725210507,0.683954619889108,1.08962907626244,1.31286903241227
14235,"minke whales",0.00138172579104737,0.000368904960655499,0.000700644168043308,0.00444150411212764,1.08170531104441
14235,"orca",0.000459049941760294,0.000353657457664279,0.000428618751011689,0.000520945693862113,0.000980003585738082
14235,"other krill",0.620235730316708,0.0736208953503031,0.284409429421667,1.64095825429967,4.18687642760095
14235,"other macrozooplankton",0.98807293878981,0.395803329452121,0.774109329739564,1.18905984127743,1.4975050198798
14235,"salps",0.0542094236956297,0.0207709869583929,0.0416609930035359,0.0787180892499051,0.105621400033269
14235,"shelf and coastal fishes",0.250665682180706,0.131233804770509,0.215314252047523,0.284593778680737,0.321528818746236
14235,"small divers",0.00193676652115914,0.00113798172332656,0.00180077306951959,0.00206092534324572,0.00219515603138243
14235,"sperm whales",0.00125948251932744,0.000748392923331713,0.00104858631583886,0.00567961478952333,0.141181519827404
14235,"squids",0.00725990217535902,0.00463254028183215,0.006228622741286,0.00863110657272205,0.0153951043531432
14235,"toothfishes",0.0524469947520261,0.00773987424401744,0.0323356049722215,0.0699254469758831,0.0939521366060985
14600,"antarctic krill",0.673913734508738,0.0876398207807446,0.366183081561056,1.24734251393454,1.8798826695253
14600,"baleen whales",0.0447967292022722,0.00908808759211995,0.0445503175175802,0.168809769364067,0.973086534241313
14600,"bathypelagic fishes",0.119070104469801,0.048613213888256,0.0819471758435867,0.16465726488712,0.229093285194239
14600,"flying birds",0.000308736266769941,0.000278327554897067,0.000304890227739995,0.000313738856881426,0.000323015077431535
14600,"large divers",0.000955073728851949,0.00029216235911799,0.000567087029259728,0.00217591548274663,0.0141691081359947
14600,"leopard seals",0.000169029374384681,9.72714467235646e-05,0.000133934292981795,0.000194044104765839,0.000238835862334056
14600,"medium divers",0.0213873184004065,0.00803566156147882,0.0141855664334,0.0333340181619442,0.0440184758595111
14600,"mesopelagic fishes",0.08824412379676,0.0251686451193312,0.0625454627308128,0.131968833912082,0.182183139814147
14600,"mesozooplankton",0.858457343205231,0.376097523502838,0.619604877518056,1.01658422073636,1.23111981846416
14600,"minke whales",0.00138178473428948,0.000370528216633023,0.000700929087257395,0.00442193154355061,1.07795541235163
14600,"orca",0.000459020173796876,0.000353847286560537,0.000428700127811467,0.000520759887229169,0.000978564015581041
14600,"other krill",0.592143098086754,0.0728302190937308,0.274237747620805,1.59938685583867,4.07078113255689
14600,"other macrozooplankton",0.962727581392585,0.399512094246259,0.776747537726949,1.16947436588514,1.42657356815113
14600,"salps",0.0543082731225482,0.0207491548908532,0.0417713042833448,0.0788399070567446,0.105906898385607
14600,"shelf and coastal fishes",0.249891568120036,0.130856260652075,0.214523094097651,0.283925360455016,0.321100856939964
14600,"small divers",0.00193605497695154,0.00113566295744365,0.00179941754522042,0.00206099366201191,0.00219447004216989
14600,"sperm whales",0.00125876660539023,0.000748635368554221,0.00104830808769059,0.00567095910380026,0.140927944311788
14600,"squids",0.00723268026584836,0.0046071665655534,0.00619399562943308,0.00860893054344472,0.0153909333021838
14600,"toothfishes",0.0524544145919082,0.00777028191618774,0.0323624745781528,0.0698869605143605,0.0939185433846067
14965,"antarctic krill",0.691202988357385,0.0907823853216836,0.377495946334,1.25675718759555,1.88742190617304
14965,"baleen whales",0.0447531660290992,0.00908996091034292,0.0445063823956288,0.168607396896961,0.971854860998636
14965,"bathypelagic fishes",0.120169578538935,0.0493018179339517,0.0829161100657154,0.165584971058339,0.229528280633684
14965,"flying birds",0.000308861164363561,0.000278869847731939,0.000305018665268949,0.000313771636280452,0.000323076172944448
14965,"large divers",0.000954921180438308,0.000292401009175953,0.000567128631408749,0.00216812699671465,0.0140790952926239
14965,"leopard seals",0.000169087246765656,9.73684101018841e-05,0.000133993212621096,0.000194004397884651,0.000238840780905522
14965,"medium divers",0.0213826233686946,0.00803661321216164,0.0141823340631378,0.0332970210218689,0.0439719755292299
14965,"mesopelagic fishes",0.0896100858345005,0.0256007658431132,0.0637849349529646,0.133274495537878,0.183091516290018
14965,"mesozooplankton",0.937623502094738,0.525858905745077,0.706282736005856,1.09855607231442,1.31362437704349
14965,"minke whales",0.00138161234743509,0.000371306992872698,0.00070049257243299,0.00440655370748919,1.07421810502916
14965,"orca",0.000459053143196242,0.000354077690870192,0.000428809131555664,0.000520617347285903,0.000977188127956005
14965,"other krill",0.616123379151672,0.0785828984602154,0.289607714391213,1.60382361417687,4.00179152078103
14965,"other macrozooplankton",0.989652684038672,0.41848098894859,0.8005176635902,1.20434945707603,1.50309316654496
14965,"salps",0.0556975316886164,0.0214459085870586,0.0429235420138892,0.0797477936412528,0.106474376539426
14965,"shelf and coastal fishes",0.249444975128071,0.130959257024186,0.213937039227467,0.283625568301199,0.320835572991326
14965,"small divers",0.00193961626744377,0.00113750284202825,0.00180410519189405,0.00206230270722326,0.00219431521507124
14965,"sperm whales",0.00125813284202772,0.000748916016535656,0.00104807599109547,0.00566232312960774,0.140674912707402
14965,"squids",0.00720668938007508,0.00458242963308772,0.00616897020246779,0.0085712367780101,0.0153739273057236
14965,"toothfishes",0.0524802956902636,0.00780792820242749,0.032396928112531,0.0698579146132903,0.0938974507938692
15330,"antarctic krill",0.708669665260774,0.0941771608331379,0.390937864219758,1.26498719663918,1.890679969912
15330,"baleen whales",0.044709661864765,0.00909173451593528,0.0444624865396103,0.168405258589579,0.970624745052369
15330,"bathypelagic fishes",0.122148918466979,0.0503779208952767,0.0848806572625385,0.167309825637312,0.231116418686899
15330,"flying birds",0.000308869784762093,0.000279161269965227,0.000305054063658666,0.000313782323506106,0.000323068453280494
15330,"large divers",0.000954829860111364,0.000292619875325553,0.0005669766254908,0.00216454844075311,0.0139897423220385
15330,"leopard seals",0.000169079759902943,9.75665256665221e-05,0.000134006763018013,0.000194076358952609,0.000238853278168008
15330,"medium divers",0.0213732430563078,0.00804244586990877,0.0141749859513042,0.0332563917306883,0.0439259396957023
15330,"mesopelagic fishes",0.0918351220945759,0.0262619776517591,0.0655227159184251,0.135191396096961,0.184354060460455
15330,"mesozooplankton",0.929403972573164,0.505396282993302,0.705511400944062,1.08196261825634,1.29518165142797
15330,"minke whales",0.00137938055028044,0.000372094050390084,0.000699211229853903,0.00439133248690797,1.07049309673096
15330,"orca",0.000459078049634313,0.000354296953271416,0.000428914136559674,0.000520464575598687,0.000975798866637308
15330,"other krill",0.622066791045272,0.0867255859533918,0.299693761739537,1.59398662022145,3.8956328933069
15330,"other macrozooplankton",1.03544407146528,0.446144235506551,0.830143364441605,1.24945435400381,1.54027901056255
15330,"salps",0.0564480023758405,0.0220996719223616,0.0439209109552511,0.0807150050118169,0.107369216020002
15330,"shelf and coastal fishes",0.249317855723856,0.131520275769623,0.213733334474644,0.283644528389312,0.32088380663072
15330,"small divers",0.00194201987590564,0.00113932589633363,0.0018083354137728,0.00206316170753518,0.00219380660920633
15330,"sperm whales",0.00125752170311647,0.000749191344123492,0.00104783816301936,0.00565370210675974,0.140422321002484
15330,"squids",0.00719404455361113,0.00457574083056619,0.00615974171918426,0.00855564339930549,0.0153600355340998
15330,"toothfishes",0.0525146404792492,0.00784913990827862,0.0324346818733008,0.0698533412429344,0.0938766434822144
15695,"antarctic krill",0.70606437136442,0.0971947621934672,0.394680760834923,1.26384533788151,1.88354939341135
15695,"baleen whales",0.0446662213222726,0.00909322384395395,0.0444186109983146,0.168203326792966,0.969396158421646
15695,"bathypelagic fishes",0.124226367312845,0.051751271934501,0.0865583614697631,0.169936635719299,0.233259603978146
15695,"flying birds",0.000308858062953717,0.000279040797540844,0.00030502375517978,0.000313753672293678,0.000323046619423666
15695,"large divers",0.000954425484719503,0.000293016091881689,0.000566720677572615,0.0021642337142245,0.0139012400440537
15695,"leopard seals",0.000169259210828396,9.75808558452139e-05,0.000134099110315129,0.000194147949433625,0.000238850449027108
15695,"medium divers",0.0213724460641625,0.00805053287321964,0.014173723202336,0.033216636369453,0.0438808832955726
15695,"mesopelagic fishes",0.0933836415718036,0.0268954394139173,0.0669345355150426,0.137241499929235,0.186257181164801
15695,"mesozooplankton",0.905179421967169,0.468190166755935,0.674818996652585,1.06657480538528,1.27844450246003
15695,"minke whales",0.00137883590076478,0.000372996945391586,0.000704137587192005,0.00437644602072945,1.06678029654928
15695,"orca",0.000459078754602454,0.000354486664493533,0.000429003483586114,0.000520283365111292,0.00097437141499698
15695,"other krill",0.592793928414559,0.0865392560099826,0.283083696679217,1.55050995505664,3.78233209668622
15695,"other macrozooplankton",0.999848060206057,0.441201501300974,0.81947919813159,1.21516841208767,1.48218881092972
15695,"salps",0.0562264593237728,0.0222650432538267,0.0440077432040332,0.0807267853522944,0.107658234789465
15695,"shelf and coastal fishes",0.249690954380006,0.133063678955024,0.214175925823453,0.283967572176538,0.321180269909642
15695,"small divers",0.0019425493681434,0.00113955260532328,0.00181031084519756,0.00206347800049818,0.00219342730558574
15695,"sperm whales",0.0012568915660538,0.000749442551692677,0.00104758164030936,0.00564509481105579,0.140170142524986
15695,"squids",0.00720950469466938,0.00460003837916374,0.00617638755154164,0.00856879501830457,0.0153607960014686
15695,"toothfishes",0.052568912800101,0.00789457799038092,0.0324823926309638,0.0698525702665769,0.0938613848325415
16060,"antarctic krill",0.684419053120164,0.09433556896086,0.383591452662384,1.24853115130201,1.85914809735926
16060,"baleen whales",0.0446228368906249,0.00909439767497769,0.0443747560150881,0.168001598619264,0.968169088484472
16060,"bathypelagic fishes",0.12433288133811,0.0514905672987467,0.0862832673754508,0.170844935224569,0.233977563475857
16060,"flying birds",0.000308734189928685,0.000278549357659562,0.000304929975879021,0.000313682473978162,0.000322955674531777
16060,"large divers",0.000953914153541026,0.000293888634270769,0.00056654005995719,0.00216382896310791,0.0138133026686428
16060,"leopard seals",0.000169300966687182,9.7801092634662e-05,0.000134118363419038,0.000194174091104213,0.000238844223205801
16060,"medium divers",0.0213723101375469,0.00805894903677133,0.0141726896883097,0.033176593358669,0.0438347170268897
16060,"mesopelagic fishes",0.0930048480125641,0.0268024812055131,0.0659417333794339,0.137248131428538,0.186609075689191
16060,"mesozooplankton",0.853707460294359,0.394191244411518,0.618342368027877,1.00783927168055,1.22096848778131
16060,"minke whales",0.00137833882102221,0.000373445260065036,0.000707449455997036,0.00436162341754048,1.06307960669315
16060,"orca",0.000459088796227661,0.000354669372636732,0.000429078654584692,0.00052009759847121,0.000972939834635057
16060,"other krill",0.552753153850456,0.0765976533012021,0.257564422403629,1.52018960087548,3.76585894952028
16060,"other macrozooplankton",0.919754195516144,0.402108159125032,0.756596060836313,1.12897350562192,1.38134228709451
16060,"salps",0.0549336274333174,0.0217119049159532,0.0429344276394279,0.0797416371469523,0.106664498898727
16060,"shelf and coastal fishes",0.250018928805355,0.132773780526509,0.214448593514674,0.284309365312184,0.321355271960489
16060,"small divers",0.00194061557735058,0.00113778786324067,0.00180902594217812,0.00206216665365061,0.00219278064676695
16060,"sperm whales",0.00125625699736759,0.000749685501112892,0.00104731961527278,0.00563650223364841,0.139918402454551
16060,"squids",0.00722601345352359,0.00462460079514854,0.00619545522343077,0.00858420679234487,0.0153630011288985
16060,"toothfishes",0.0526294856916738,0.00793549715225631,0.0325403962575745,0.0698516909261564,0.0938463367980944
16425,"antarctic krill",0.677431883069908,0.0923995492240215,0.377571007370814,1.23976225466806,1.84895280810115
16425,"baleen whales",0.0445795029504742,0.00909613975117297,0.0443310208348019,0.167800223392066,0.966943671330662
16425,"bathypelagic fishes",0.124512569411168,0.0516674550538287,0.0861251110752077,0.170721789875411,0.233307444775032
16425,"flying birds",0.000308863196375771,0.000278781650403892,0.000305009628065373,0.000313735308124559,0.000323002076339881
16425,"large divers",0.000953703777666226,0.000294441588404377,0.000566912641692046,0.00216222503452564,0.0137256457775239
16425,"leopard seals",0.000169405400028084,9.77801733017718e-05,0.000134067100232543,0.000194207351374328,0.000238832553898332
16425,"medium divers",0.0213695640995198,0.00806564834497266,0.0141705599495638,0.0331363380043479,0.0437420023933942
16425,"mesopelagic fishes",0.0925943934392703,0.0268100426063112,0.0658737601948441,0.13686164655909,0.185844873481009
16425,"mesozooplankton",0.878305794356538,0.447575637421422,0.644289585586923,1.04703220522963,1.26976584539712
16425,"minke whales",0.00137824146519008,0.000374248149584533,0.000708441339059005,0.00434664335390919,1.05939126776153
16425,"orca",0.000459120431803039,0.000354888289533824,0.000429146432894,0.000519939672543723,0.00097154845623
16425,"other krill",0.572649215946436,0.0762879379728754,0.26188626060248,1.55094934171517,3.9125082603627
16425,"other macrozooplankton",0.940093808783523,0.389922020958537,0.751345340814682,1.14283941479052,1.43605764667788
16425,"salps",0.0547750083207026,0.0215648124620146,0.0426383632520406,0.0797035210798508,0.106349066900506
16425,"shelf and coastal fishes",0.250366990507002,0.133664461193873,0.214876261688991,0.284530535023333,0.321536001469639
16425,"small divers",0.00194061677614355,0.00113833700032869,0.00180917174620686,0.00206240001872894,0.00219237381770273
16425,"sperm whales",0.00125565844453131,0.000749959311729949,0.00104708453859334,0.00562792820459267,0.139667178965972
16425,"squids",0.0072414431879942,0.00463980629073265,0.00621784713431528,0.00859586318523969,0.0153680995042535
16425,"toothfishes",0.0526979512624723,0.007964848913304,0.0326038134602773,0.0698752884712026,0.093845723957839
16790,"antarctic krill",0.666613991232754,0.0883996287713128,0.365277427871337,1.23466476471623,1.85227951906151
16790,"baleen whales",0.0445362345433754,0.00909726892764641,0.0442872692618107,0.167598998215698,0.965719729426364
16790,"bathypelagic fishes",0.123609129195288,0.0514048763219451,0.0855307886093836,0.170161810167288,0.233035054507589
16790,"flying birds",0.000308713544042354,0.000278280752975338,0.000304886813738112,0.000313629672250076,0.000322835565557608
16790,"large divers",0.000953577813261872,0.000295012279203185,0.000567408464849667,0.00215955017122185,0.0136389528719476
16790,"leopard seals",0.000169553736961093,9.79062485490646e-05,0.000134063344124227,0.000194224277731315,0.000238810470373316
16790,"medium divers",0.0213715672768978,0.00807541627606477,0.0141771907827226,0.0330965644909236,0.0436507941186128
16790,"mesopelagic fishes",0.0914758096563441,0.0262666350794414,0.0652612154112641,0.136072698129303,0.185082919067521
16790,"mesozooplankton",0.829410994446508,0.342288013827901,0.586835423316385,0.99203859545819,1.21789493758662
16790,"minke whales",0.00137768676641362,0.000375986101783868,0.000709766220433215,0.00433213421294537,1.05571490645625
16790,"orca",0.000459128025074473,0.000355136480348022,0.000429208309028105,0.000519736373712159,0.00097009769829179
16790,"other krill",0.557239952116569,0.0676953325391277,0.248487842977049,1.55321898387673,3.93506392984299
16790,"other macrozooplankton",0.920966930580508,0.379000124652387,0.735183387888764,1.12075927529209,1.38632613850885
16790,"salps",0.0538897295967723,0.0208417608591039,0.0415532107591574,0.079235357473282,0.106147362191097
16790,"shelf and coastal fishes",0.250731953726169,0.134491258631077,0.215199184968915,0.284820699515082,0.321801808130928
16790,"small divers",0.00193755136591941,0.00113536436210461,0.00180482586109672,0.00206087201501732,0.00219219260687304
16790,"sperm whales",0.00125501250175669,0.000750186744525215,0.00104680214857629,0.00561936527927856,0.139416326314488
16790,"squids",0.00726495133853969,0.00466902351202074,0.00624405393517851,0.00862816205690195,0.0153862899191643
16790,"toothfishes",0.0527731072654656,0.00797720760251313,0.0326545773827119,0.0698804741819559,0.093831819785339
17155,"antarctic krill",0.671884027152903,0.0877944166663051,0.365603949574134,1.23598426647661,1.86307212300761
17155,"baleen whales",0.0444930062275805,0.00909912998741636,0.0442436588900384,0.167398153168135,0.964497458435046
17155,"bathypelagic fishes",0.122808691531249,0.0511685178411237,0.0851308482056672,0.16927663127632,0.231952818660398
17155,"flying birds",0.000308873860567091,0.00027867110686375,0.000305044039570724,0.000313710732476134,0.000322920387365711
17155,"large divers",0.000953292394283908,0.000295649003812054,0.000567500901279995,0.00215013010863218,0.0135521427851162
17155,"leopard seals",0.000169636179841381,9.79749242726769e-05,0.000134213893025001,0.000194185491771359,0.000238795793841667
17155,"medium divers",0.021368141718193,0.00808085156020062,0.0141750576704,0.0330556864352894,0.0435642533834585
17155,"mesopelagic fishes",0.0909786553493016,0.0262094806942582,0.0653106435323682,0.135151581550145,0.184044781869383
17155,"mesozooplankton",0.895533729709215,0.467217364476118,0.660179778789872,1.06031680037149,1.28323801755918
17155,"minke whales",0.0013771527619218,0.000376622357946589,0.000707521812271969,0.00431709504731021,1.05205088347295
17155,"orca",0.000459166658468519,0.000355420263724931,0.00042927605246074,0.000519604058543215,0.000968737909308585
17155,"other krill",0.580690456138149,0.0693640475188697,0.262430709316018,1.59496433291186,4.09402360308289
17155,"other macrozooplankton",0.947919105710297,0.392278672582602,0.759551071036046,1.15647428609617,1.44611428889346
17155,"salps",0.0546153054802405,0.0209304873096487,0.0419719593268181,0.0793619831395682,0.106254384182647
17155,"shelf and coastal fishes",0.25079389844965,0.134852146957237,0.215367732590206,0.284826186631093,0.321771857773019
17155,"small divers",0.00193880532888106,0.00113640562888347,0.00180560802718917,0.00206174357992078,0.00219203400585455
17155,"sperm whales",0.00125442698109509,0.000750473463321303,0.00104657681990055,0.00561082300682785,0.139166036051155
17155,"squids",0.00726563413404621,0.00467124114624329,0.00624878569582564,0.00862258119339395,0.0153850303414164
17155,"toothfishes",0.0527833025462913,0.00799363445242923,0.0327608460376551,0.0698949822889379,0.0938303235918292
17520,"antarctic krill",0.679425518982369,0.0884866192016969,0.369971964854431,1.24572985696435,1.87104938282166
17520,"baleen whales",0.0444498306703223,0.00910115372281933,0.0442001164536828,0.167197582510151,0.96327677041901
17520,"bathypelagic fishes",0.122941275859013,0.0514511184613518,0.0859359596391344,0.169089467088894,0.231466025209506
17520,"flying birds",0.000308927120143134,0.000279195469892566,0.000305143217747199,0.000313755956007056,0.000322907498025209
17520,"large divers",0.000952981299258867,0.000296206185223045,0.000567261188769472,0.00214797219295316,0.013465746831132
17520,"leopard seals",0.000169801738648085,9.81930248134451e-05,0.000134433270935404,0.000194209229820859,0.000238779000226678
17520,"medium divers",0.0213683787605419,0.00808658054533067,0.0141768343573274,0.0330149491313379,0.0434754904074131
17520,"mesopelagic fishes",0.0915268765304467,0.0265021041639751,0.0659819128189077,0.135158734919589,0.184103217706833
17520,"mesozooplankton",0.873313453903769,0.421829364610484,0.642355078416236,1.0318174906109,1.2512158059386
17520,"minke whales",0.00137645393656844,0.000377092327046921,0.000707353560600862,0.00430129051146456,1.04839898813307
17520,"orca",0.000459210691190576,0.000355710485545585,0.000429354491811045,0.000519481316913369,0.000967396111384118
17520,"other krill",0.588001730926549,0.0714959504942503,0.267473323187854,1.59117877959256,4.02820889436239
17520,"other macrozooplankton",0.976651361649985,0.4060216210034,0.781320807973113,1.17813091879453,1.45206583125295
17520,"salps",0.0551903489564985,0.0213470721893912,0.0425039994529032,0.0797677192248518,0.106553158339052
17520,"shelf and coastal fishes",0.250756810667826,0.135345018793197,0.215602679268792,0.284907986449836,0.321844665660807
17520,"small divers",0.00194140338470443,0.00113891322061074,0.00180851762796787,0.00206256439615916,0.00219192995096031
17520,"sperm whales",0.00125385015069935,0.000750768748835185,0.00104636151048913,0.00560229661683215,0.138916216312715
17520,"squids",0.00726052783499308,0.00466649830393846,0.00624268311486954,0.00861020407878733,0.0153785547346375
17520,"toothfishes",0.0527919777153405,0.00801304434177687,0.0328577852534091,0.0699114226255241,0.0938291797206774
17885,"antarctic krill",0.678701325068641,0.0887117072395897,0.371861439307338,1.24497668346448,1.86138837993834
17885,"baleen whales",0.0444067078927802,0.00910308155848195,0.0441566140404254,0.166997244772447,0.962057623439364
17885,"bathypelagic fishes",0.122793300295515,0.0512940253076923,0.086009014725459,0.168827052939835,0.230883124751053
17885,"flying birds",0.000308975777938363,0.000279506682187482,0.000305201240647502,0.000313761806330856,0.000322887441209255
17885,"large divers",0.000952621122941492,0.000296653683684333,0.000566742237085344,0.00214581461658993,0.0133797606930014
17885,"leopard seals",0.000169791345914248,9.83926177193144e-05,0.00013455695404855,0.000194178207026561,0.000238728417989692
17885,"medium divers",0.0213640925022411,0.00809430166235462,0.014185886014277,0.0329918505604225,0.0434349314912655
17885,"mesopelagic fishes",0.0920808125287887,0.0264298343256934,0.0660627720204579,0.135173293239943,0.184140534075389
17885,"mesozooplankton",0.881751993487405,0.447644501198427,0.654083428305405,1.0362315501474,1.24889214329269
17885,"minke whales",0.00137567065974497,0.000377429403638895,0.000706534191259667,0.00427821454135354,1.04475910172045
17885,"orca",0.000459259885533298,0.000356006844245642,0.000429456187069462,0.000519366315141036,0.000966069631149528
17885,"other krill",0.581807727438436,0.0731517888188626,0.266381227709694,1.56089378752222,3.90363691079646
17885,"other macrozooplankton",0.950523227593287,0.40530402234744,0.774710138675056,1.15777240100015,1.42147445768644
17885,"salps",0.0553232114081482,0.021538846413102,0.0427941007423199,0.0797244847674497,0.106620963292008
17885,"shelf and coastal fishes",0.250712135304822,0.135188594092801,0.215536588556224,0.284733674898126,0.321794913944696
17885,"small divers",0.00194367667947081,0.00114143135285119,0.0018116935243204,0.00206362719575593,0.00219160633657014
17885,"sperm whales",0.00125327533186225,0.000751065965322149,0.00104614981011485,0.00559378529228467,0.13866685035815
17885,"squids",0.00724923149051051,0.00467008341118726,0.00623772643200508,0.00858865057070841,0.0153619380389669
17885,"toothfishes",0.0527964335007928,0.00803156979129723,0.032903456235029,0.0699459461288077,0.0938237083952708
18250,"antarctic krill",0.682220990573954,0.0890571913371779,0.3750505387417,1.24529917437145,1.8595325515856
18250,"baleen whales",0.0443636466876919,0.00910484352011369,0.0441131453825221,0.166797133096239,0.96084001107179
18250,"bathypelagic fishes",0.123048033535352,0.0515457374358236,0.0864196952721959,0.169021532781048,0.231121367280708
18250,"flying birds",0.000308965227203133,0.000279608013262754,0.000305216000791251,0.000313756296430886,0.000322837067905482
18250,"large divers",0.000952315644507974,0.000297231435086192,0.000566200177874067,0.00214359358535089,0.0132944654346562
18250,"leopard seals",0.000169872494620289,9.86410781804067e-05,0.000134577973942577,0.000194125095322819,0.000238572607546797
18250,"medium divers",0.0213511305093591,0.00810523434929185,0.0141866227472858,0.0329771266947607,0.0434059796827133
18250,"mesopelagic fishes",0.0923932767235097,0.0266451856673924,0.0663909766793574,0.135377533629435,0.184240717660422
18250,"mesozooplankton",0.897051725541318,0.468191482440951,0.66789611377919,1.05634754363926,1.27473419282047
18250,"minke whales",0.00137535155836603,0.000377644635112423,0.000708218346635051,0.00425558848030016,1.0411311653459
18250,"orca",0.000459301207734826,0.00035629352695218,0.000429567578822296,0.000519240396366318,0.000964720796584056
18250,"other krill",0.59078647676619,0.0756853836587159,0.272147218033097,1.5681231790337,3.89808722359032
18250,"other macrozooplankton",0.967607177634215,0.407029073379707,0.779411578699646,1.17471726388263,1.46267126644795
18250,"salps",0.0554472600731051,0.0217801187325565,0.0430703073308374,0.0797959884973569,0.106597703958036
18250,"shelf and coastal fishes",0.250876642464839,0.135338200213576,0.215561288290615,0.284682804365776,0.321814540795937
18250,"small divers",0.00194445578756952,0.00114315981068209,0.00181365195776473,0.00206372163993827,0.00219142631367799
18250,"sperm whales",0.00125268434328281,0.000751345361176287,0.00104592233696385,0.00558528797957195,0.138417903592229
18250,"squids",0.00724676667105026,0.00467831273492915,0.00624289308810313,0.00858070553617933,0.0153527804816352
18250,"toothfishes",0.0528558267843256,0.00805019183178395,0.0329322294363155,0.0699740342979703,0.0938234314885626
18615,"antarctic krill",0.693160341082159,0.0908873371902349,0.383576489545901,1.25141229653947,1.86273499461106
18615,"baleen whales",0.0443206410417394,0.00910663036457477,0.0440697320724677,0.166597279012122,0.959623956802415
18615,"bathypelagic fishes",0.123773195933277,0.0521830943862323,0.087117931876219,0.169469769085695,0.231434531496697
18615,"flying birds",0.000308977915163192,0.00027977564342509,0.000305251216093494,0.00031374597254908,0.000322811060148004
18615,"large divers",0.000952085983199872,0.000297789092642294,0.000565132109205179,0.00214137659991267,0.0132096448972214
18615,"leopard seals",0.000169959164816589,9.88550833038841e-05,0.00013450052283209,0.000194136588388539,0.000238517886242862
18615,"medium divers",0.0213455922681478,0.00810715435151744,0.0141918564681571,0.0329347280442207,0.0433771553467808
18615,"mesopelagic fishes",0.0931283903944097,0.0270366639276837,0.0672897952248631,0.136107789084646,0.184742829195883
18615,"mesozooplankton",0.923368474391451,0.508777950849005,0.700000920764559,1.08057906582236,1.29791101693385
18615,"minke whales",0.00137499319303699,0.000377915678733287,0.000711720284251359,0.00423308453116788,1.03751519642824
18615,"orca",0.00045934428608465,0.000356582763659159,0.000429671688392711,0.000519117944213226,0.000963380059063087
18615,"other krill",0.60637823269301,0.0812375701491272,0.286136196099193,1.58364789224811,3.888140618356
18615,"other macrozooplankton",1.00704375801225,0.42323590090405,0.811269751894672,1.21933473407619,1.50942542984339
18615,"salps",0.0559054286609528,0.0222927695629707,0.0436532343125979,0.0803962014036862,0.107088356902756
18615,"shelf and coastal fishes",0.2510230508724,0.135589651550451,0.215781457575111,0.284823133122984,0.321824527170258
18615,"small divers",0.00194491416678321,0.00114532479263325,0.00181543543436909,0.00206372836171458,0.00219127615834052
18615,"sperm whales",0.00125209769339373,0.000751620886800256,0.0010456820579168,0.00557680595760605,0.138169412500552
18615,"squids",0.00724347567859185,0.00469228431786594,0.00624573313737415,0.00857531488990898,0.0153461227459871
18615,"toothfishes",0.0528928824523123,0.00807420797561,0.0329635292678902,0.0700043868182636,0.0938258391219251
18980,"antarctic krill",0.699069779353472,0.0927879996748461,0.390085766862591,1.25050532567743,1.85955794342421
18980,"baleen whales",0.0442776894632596,0.00910844699925908,0.0440263751747535,0.166397683266162,0.958409458907405
18980,"bathypelagic fishes",0.124698140984586,0.0528192179083733,0.0877523671314308,0.170017685924135,0.231828650168175
18980,"flying birds",0.000308995401254177,0.000279940550078717,0.000305297520330965,0.00031372923869645,0.000322807421686385
18980,"large divers",0.000951667662078805,0.000298151268615013,0.000564833909993682,0.00213917486101506,0.0131172690596946
18980,"leopard seals",0.000170014370492732,9.90079145638846e-05,0.0001344208404804,0.00019419158882328,0.000238465554374574
18980,"medium divers",0.0213394915473159,0.00810812912683784,0.014197960505385,0.032922175220709,0.0433125686559555
18980,"mesopelagic fishes",0.0941526331284349,0.0274434180333098,0.068233002586978,0.137093483450605,0.185369866535416
18980,"mesozooplankton",0.907519543744528,0.487192242107407,0.684260251707169,1.05919250085295,1.27043055121437
18980,"minke whales",0.00137451270016512,0.000378515768665198,0.000711426106696056,0.00421333195250272,1.03391114793721
18980,"orca",0.000459390523313137,0.000356877183286254,0.000429781607083097,0.000519001638157297,0.000962053877803195
18980,"other krill",0.597390157541144,0.0847519361960308,0.283637626279939,1.55536169598841,3.77944597396183
18980,"other macrozooplankton",1.00406632148163,0.438260664534138,0.817089734345759,1.21652261620725,1.48179526045284
18980,"salps",0.056060975068379,0.0225960053696396,0.0440272099294433,0.0808068374541108,0.107243320179813
18980,"shelf and coastal fishes",0.251310151779701,0.135843383799233,0.216053034979362,0.285076344128242,0.321995879895982
18980,"small divers",0.00194546779487809,0.00114807547443088,0.00181722419300306,0.00206386914624165,0.00219110067312078
18980,"sperm whales",0.00125152000519346,0.000751809513935415,0.00104544696539307,0.00556833949068318,0.137921383859668
18980,"squids",0.00724925483734862,0.00471048527335195,0.00624906246904605,0.00857044580385713,0.0153396616703453
18980,"toothfishes",0.0529599843250231,0.00810932040488318,0.0330008585344429,0.0700228083336938,0.0938309385505877
19345,"antarctic krill",0.694828165733692,0.0924385978297728,0.388092310608853,1.24918218910004,1.84930331481154
19345,"baleen whales",0.0442348032808859,0.00910988859876,0.0439830327350956,0.166198283536432,0.957196463134544
19345,"bathypelagic fishes",0.125786516361172,0.0535950779355123,0.0886465735679082,0.171145381761821,0.232991954243002
19345,"flying birds",0.000308963394822308,0.000279797568186456,0.000305212101580013,0.000313675247708742,0.000322717972093419
19345,"large divers",0.000951439064030687,0.000298425714583285,0.000565608750411846,0.00213684232516414,0.0129370931026379
19345,"leopard seals",0.000170134033644384,9.91948751269421e-05,0.000134534768084862,0.00019427394790596,0.00023842293080911
19345,"medium divers",0.0213371140341005,0.00811326355935698,0.0141988590393737,0.0328747408292205,0.0432412336213109
19345,"mesopelagic fishes",0.0945536825042533,0.0278375913622569,0.0686027618760051,0.137864707757565,0.186187977471258
19345,"mesozooplankton",0.886080927548451,0.45315189856367,0.655694143450882,1.04777797859059,1.26424043889528
19345,"minke whales",0.00137461366550614,0.000379147980707172,0.000710287236055344,0.0041980013462194,1.03031886702144
19345,"orca",0.000459417247744343,0.000357150003484933,0.000429868134839877,0.000518859832862477,0.000960681179426667
19345,"other krill",0.574564224298374,0.0811490333996426,0.270325469887183,1.53396881234815,3.74790446487995
19345,"other macrozooplankton",0.96970523542221,0.422545978886536,0.793091915514236,1.18083877387247,1.45015612644713
19345,"salps",0.0557582114880682,0.0224169438040327,0.0436986987240513,0.0805049350561564,0.107013970502719
19345,"shelf and coastal fishes",0.25181593324173,0.136438620345759,0.216550023969914,0.285504354331537,0.322302448731723
19345,"small divers",0.00194464483569143,0.00114851314069941,0.0018162821998696,0.00206358689091748,0.00219058585918964
19345,"sperm whales",0.00125091284855489,0.000751956091932979,0.00104518891499311,0.00555988580875374,0.137673746771334
19345,"squids",0.00726523881832282,0.004737430126937,0.00626917173695231,0.00859200049310749,0.0153509475604282
19345,"toothfishes",0.0530362716767282,0.00817017104398636,0.0330225846743577,0.0700494107456785,0.0938409107914385
19710,"antarctic krill",0.684685400361446,0.0917199374215287,0.383658660515722,1.24685310598551,1.84667972019582
19710,"baleen whales",0.0441919768144808,0.00911109346352205,0.0439397226026991,0.165999104233671,0.955984986014913
19710,"bathypelagic fishes",0.125797987421989,0.0537588948907641,0.0886387163966564,0.171435215642796,0.233976564605254
19710,"flying birds",0.000308909847347126,0.000279403420886848,0.000305097133864027,0.000313600454593732,0.000322676136728194
19710,"large divers",0.000951257345186605,0.000298719432342535,0.000566393210734123,0.00213504340076813,0.0127426069525555
19710,"leopard seals",0.000170140529595769,9.95625109490426e-05,0.000134730544021531,0.000194293702131204,0.000238437405446885
19710,"medium divers",0.021316480430643,0.00812065852019692,0.0142038551375291,0.0328180406899167,0.043181693299911
19710,"mesopelagic fishes",0.0940085470194421,0.0279099754179724,0.0686079300210887,0.138182747818525,0.186358550835893
19710,"mesozooplankton",0.896366186905241,0.467539246770873,0.664554920924436,1.06245409715564,1.28488127154104
19710,"minke whales",0.00137503050787174,0.000379292592773043,0.000710360617930113,0.00418281523554847,1.02673834825615
19710,"orca",0.000459430837776234,0.000357409382002665,0.000429938050546264,0.000518702428280313,0.000959285070702497
19710,"other krill",0.576984927462944,0.0792465649702944,0.264895599056181,1.55777793305988,3.84368243064453
19710,"other macrozooplankton",0.968136485311431,0.411778208452078,0.78330101344981,1.18261656859449,1.46512973142042
19710,"salps",0.0551832242037897,0.0221744183769425,0.0431981861583475,0.0802757363434318,0.10668915050051
19710,"shelf and coastal fishes",0.252336556521982,0.137114670773825,0.217150160024274,0.286085504740988,0.322547035571617
19710,"small divers",0.00194201523794853,0.00114720730466095,0.00181326313476994,0.00206258824594728,0.00219016471422115
19710,"sperm whales",0.00125028967555431,0.00075207888676859,0.00104491654910109,0.00555144570995369,0.137426527008626
19710,"squids",0.00729167198027441,0.00477149322799716,0.00630675407425964,0.0086255460162761,0.0153736502640274
19710,"toothfishes",0.0531169660099995,0.00822913664022144,0.0330373024275731,0.0700701023410195,0.0938575900206277
20075,"antarctic krill",0.683359361927897,0.0913045542215974,0.380528993007496,1.24416335668521,1.84629326091433
20075,"baleen whales",0.0441491957502085,0.00911278136072569,0.043896524280123,0.165800264209952,0.954775129287549
20075,"bathypelagic fishes",0.125725388728243,0.0540674803101759,0.0887445256734118,0.171709652606915,0.234063791454535
20075,"flying birds",0.000308960610595651,0.000279641719067606,0.00030519003670921,0.000313645705774629,0.00032264913214452
20075,"large divers",0.000950988314772041,0.00029865853785048,0.000567195696446887,0.00213215244915728,0.0125475422062028
20075,"leopard seals",0.000170151084150477,9.95331991350656e-05,0.00013489490225204,0.000194456363819849,0.000238476580043592
20075,"medium divers",0.0213101489756631,0.00812401267955477,0.014205479521411,0.0327455630093766,0.0431401158708078
20075,"mesopelagic fishes",0.0940526883351226,0.0281264057989988,0.0687848547453703,0.138362400609227,0.186194796409317
20075,"mesozooplankton",0.874043452112795,0.432495194637835,0.642580617865795,1.03225641379385,1.25120517497833
20075,"minke whales",0.00137346720194822,0.000379864410580058,0.000711338183255154,0.00416747149590756,1.02316975813451
20075,"orca",0.000459460591174678,0.000357689910385934,0.000430029389270297,0.000518570416062539,0.000957945863261938
20075,"other krill",0.573923185695451,0.0769164643708,0.26275871069104,1.55767888998691,3.87401509324386
20075,"other macrozooplankton",0.963549379384964,0.407901831989234,0.780134311177174,1.17246175678627,1.44276219390578
20075,"salps",0.0550021600604759,0.0220752117981388,0.043060564257292,0.0801895261361031,0.106656996524289
20075,"shelf and coastal fishes",0.252898764040883,0.137774469110524,0.217659110144659,0.286557220172622,0.322704808207397
20075,"small divers",0.00194172175353671,0.00114837251475346,0.0018130060019073,0.00206274556220934,0.00219022945809075
20075,"sperm whales",0.00124970739098749,0.000752255280163333,0.00104468635072783,0.00554302423749779,0.137179827478972
20075,"squids",0.00731056702734703,0.00480070958486767,0.00632557613370672,0.0086417884077562,0.015389189110151
20075,"toothfishes",0.0531787826318615,0.00829827244333959,0.0331065457844176,0.0700951419119313,0.0938884219212236
20440,"antarctic krill",0.67746196216398,0.0886809083454031,0.371645621421739,1.23639582387088,1.84244076907753
20440,"baleen whales",0.0441064797195185,0.00911370107585851,0.0438529505385939,0.165601551077525,0.953566707471133
20440,"bathypelagic fishes",0.125149714781962,0.0531587540467174,0.0875977708909779,0.171261736515061,0.233900564011353
20440,"flying birds",0.000308848327584241,0.000278990364921698,0.000304989262194973,0.000313553103755206,0.000322528277967805
20440,"large divers",0.000950807489760841,0.000299068408913051,0.00056794621718741,0.00212965736007908,0.0123588185943095
20440,"leopard seals",0.000170236769663766,9.94640861030072e-05,0.000135175805345187,0.000194595881584651,0.00023850080365417
20440,"medium divers",0.021306319000397,0.00813259117132995,0.0142122383073807,0.0326721425476024,0.0431218426792577
20440,"mesopelagic fishes",0.0928396335188379,0.0275228264019769,0.0676415474931528,0.137446071476487,0.186029888964475
20440,"mesozooplankton",0.873243061370738,0.426338441918349,0.638740914328523,1.03954430429807,1.26081779107409
20440,"minke whales",0.00137388208326213,0.000381314901052028,0.000711331412790195,0.0041524073508389,1.01961270311521
20440,"orca",0.000459462214391793,0.000357938754006706,0.000430082061950818,0.000518400911247072,0.000956540807495354
20440,"other krill",0.564546989408538,0.0728442661797328,0.254469346376788,1.55701785573166,3.92242688456632
20440,"other macrozooplankton",0.937436075440215,0.394270400608983,0.758874285020574,1.14523518149123,1.41559507503525
20440,"salps",0.054518247980078,0.0215500218905301,0.0422349786594518,0.079833434436422,0.106261539518971
20440,"shelf and coastal fishes",0.253444968024435,0.138096714135045,0.218050448258026,0.286739345156173,0.322795948234284
20440,"small divers",0.00193785518706667,0.00114522504215671,0.0018084064960264,0.00206139305490768,0.00218948246637486
20440,"sperm whales",0.00124907048415379,0.000752356932038897,0.0010444018716853,0.00553461308128215,0.136933476592382
20440,"squids",0.00733184826178102,0.00482225347570026,0.00634689078747405,0.00867436219835754,0.0154114595070816
20440,"toothfishes",0.0532599402666282,0.00834805579035287,0.0332040841908855,0.0700908885686836,0.0939099335049882
20805,"antarctic krill",0.667405960907405,0.086024799268399,0.364845642068837,1.22637395671452,1.84284318232393
20805,"baleen whales",0.0440638090635506,0.00911470118170375,0.0438095529751315,0.165403116716067,0.952359844107308
20805,"bathypelagic fishes",0.122973893450972,0.0516486271255297,0.085313254976442,0.169195552838039,0.231834972860243
20805,"flying birds",0.000308721209706606,0.000278490464854395,0.000304947218315726,0.000313444148930162,0.000322430503551279
20805,"large divers",0.000950502023138759,0.000299302467278918,0.000567855855184851,0.00212724675385232,0.0121698995398435
20805,"leopard seals",0.00017028575852625,9.94281317705764e-05,0.000135238949578343,0.000194780568424863,0.000238510157857347
20805,"medium divers",0.0212942100259537,0.00813767051063031,0.0142093271854218,0.032621578496205,0.0430723652068787
20805,"mesopelagic fishes",0.0908893885867687,0.0265804627762966,0.0654242220625846,0.13515493653049,0.184050166083296
20805,"mesozooplankton",0.864717155303021,0.418185666894161,0.634827229730256,1.0231808965312,1.23714908315636
20805,"minke whales",0.00137380559374188,0.000382385231611621,0.000711162715290323,0.00413717990150261,1.01606737988206
20805,"orca",0.000459477498916888,0.000358182202497355,0.000430149520760451,0.000518251581615954,0.000955181673271385
20805,"other krill",0.5733766255962,0.0707744860520462,0.2579359959964,1.56063605086111,3.99566703127029
20805,"other macrozooplankton",0.917631750790205,0.384936641295323,0.738431162715569,1.11881573521376,1.38834981517902
20805,"salps",0.0538740041696318,0.0211540780315261,0.0416101505878114,0.0789435647871436,0.105716314243141
20805,"shelf and coastal fishes",0.253076378613679,0.137596036838401,0.217673923288502,0.286272899853209,0.322489871381474
20805,"small divers",0.00193398376680053,0.00114249633524462,0.00180419323406257,0.00206006634578742,0.00218902271979343
20805,"sperm whales",0.00124845374595606,0.000752482582405226,0.00104413588462511,0.005526218973038,0.13668760664643
20805,"squids",0.00732765800750103,0.00480519967055735,0.00633783725872385,0.0086769607316619,0.0154096231788626
20805,"toothfishes",0.0532875064209482,0.00838245176545856,0.0332985024048296,0.0700976783225226,0.0939164647583256
21170,"antarctic krill",0.658392153607226,0.0829907087014913,0.356951804948087,1.22247745536722,1.8446648712057
21170,"baleen whales",0.0440211958847083,0.00911556388703343,0.0437664158069403,0.16520491979484,0.951154509918831
21170,"bathypelagic fishes",0.120586763090517,0.0499054169402228,0.0831070115572969,0.166350534294641,0.229909118627065
21170,"flying birds",0.000308596473167429,0.000277988562843893,0.000304812485891352,0.000313349999845848,0.000322336787514026
21170,"large divers",0.000950216069374159,0.000299437807974618,0.000567773871160072,0.00212476626383802,0.0120238498659974
21170,"leopard seals",0.000170328776665422,9.9497094859499e-05,0.000135399200038826,0.000194837613781259,0.000238516525117256
21170,"medium divers",0.021294549493578,0.00814428928013108,0.0142044068028468,0.0325861766489942,0.0429846227017645
21170,"mesopelagic fishes",0.08881317423562,0.0254920902062784,0.0635381457534846,0.132842210385729,0.182713299858198
21170,"mesozooplankton",0.846149050365549,0.378067770574228,0.609055012527169,1.00977877109875,1.22975812649635
21170,"minke whales",0.00137301100617527,0.00038403583311708,0.000710109082647333,0.00412208874634329,1.01253370585877
21170,"orca",0.000459483554952191,0.000358400795070136,0.000430201200681871,0.0005180893756358,0.000953802985182318
21170,"other krill",0.570275849251805,0.0679813109062082,0.25694585154609,1.56808917862132,4.03843613435169
21170,"other macrozooplankton",0.903279870448918,0.374068795543839,0.719957230652385,1.09743822817359,1.36461170492771
21170,"salps",0.0533221668700908,0.0207065439914624,0.0410990623474773,0.0783287528907933,0.105257010511386
21170,"shelf and coastal fishes",0.252315952414881,0.137033918331379,0.2169205746035,0.285654937944786,0.322066116195588
21170,"small divers",0.0019308750995609,0.00113861374582111,0.00179952488537701,0.0020587164794121,0.00218759459558175
21170,"sperm whales",0.00124781452210766,0.000752577994451651,0.00104384635712359,0.00551783806569785,0.13644214508619
21170,"squids",0.00731182325899441,0.00476288013255692,0.00631149195595503,0.00866733483674333,0.0154012406494755
21170,"toothfishes",0.0532830514909369,0.00839690533378369,0.0333719843772468,0.0701000922001718,0.0939226280733092
21535,"antarctic krill",0.677168898236887,0.0843712366438113,0.365126268217132,1.24119429751553,1.86791036093587
21535,"baleen whales",0.0439786332882129,0.0091169563789839,0.0437234533668259,0.165007074577045,0.949950808013195
21535,"bathypelagic fishes",0.119667696144311,0.0496765673395613,0.0829917834438841,0.165535194639548,0.228913780980658
21535,"flying birds",0.000308623022483109,0.000278055691971235,0.000304871969723496,0.00031337594763009,0.000322312736301324
21535,"large divers",0.000949159673173272,0.000299598212823706,0.000567785246084051,0.00212239924039787,0.0119262241077635
21535,"leopard seals",0.000170388737865463,9.97446770063713e-05,0.000135543227654597,0.000194821982147581,0.000238524122535434
21535,"medium divers",0.0212869335908731,0.00815036717422236,0.0142066969438671,0.0325498160625443,0.0429223337233465
21535,"mesopelagic fishes",0.0884426369345882,0.0253197627990829,0.063555315305338,0.132157225492294,0.182407803896639
21535,"mesozooplankton",0.918757906544087,0.491469671333337,0.68451304370819,1.08717468485067,1.31321123346983
21535,"minke whales",0.0013718112459745,0.000384898393581775,0.000709452056922277,0.0040933341795846,1.00901187809474
21535,"orca",0.000459499124342092,0.000358634106866565,0.000430241800293779,0.000517939580674918,0.000952452546250133
21535,"other krill",0.620270415506764,0.0736186232176016,0.284481323470909,1.64182833345125,4.1904867317702
21535,"other macrozooplankton",0.985522164026856,0.395866185622759,0.774053571154385,1.1887550925471,1.49566515501137
21535,"salps",0.0543068373528564,0.0211664890394494,0.0418784202678843,0.0790587795998723,0.105636150011548
21535,"shelf and coastal fishes",0.25169934658554,0.136856626037697,0.216296504775211,0.285138664175821,0.321775232063711
21535,"small divers",0.0019310199312149,0.00113735699750764,0.00179884782232057,0.00205889596669462,0.00218752677924683
21535,"sperm whales",0.00124719601710201,0.000752731416446482,0.00104357933950008,0.00550947430227574,0.136197166980357
21535,"squids",0.00728803245551733,0.00473160243063799,0.00628713266971062,0.00864513366211744,0.0153888651116938
21535,"toothfishes",0.0532726135674108,0.00842735120398251,0.033455547139099,0.07010366032284,0.0939155103149231
21900,"antarctic krill",0.680320741989959,0.0840065907274379,0.366495953659731,1.25263740074761,1.87703635721007
21900,"baleen whales",0.0439361264856956,0.00911807228658939,0.0436804926251559,0.164809435059469,0.948748605570179
21900,"bathypelagic fishes",0.119688501197081,0.0492331244340301,0.0827363928146364,0.165479143112794,0.229443947210502
21900,"flying birds",0.000308535261475786,0.000277874292390621,0.000304772750831318,0.000313302060065876,0.000322258767234054
21900,"large divers",0.000947931337489169,0.000299961383960918,0.000567751734087815,0.00211984757286236,0.0118597460322241
21900,"leopard seals",0.000170432224340668,0.000100106439605569,0.000135695305342223,0.000194801247604145,0.000238578445378665
21900,"medium divers",0.0212815103161748,0.00815394498649959,0.0142239407140342,0.0325082463857137,0.0428607276346885
21900,"mesopelagic fishes",0.0887710627299015,0.0248683926184688,0.0635964210588492,0.132686815312768,0.182871028637587
21900,"mesozooplankton",0.857561965706092,0.377049769288513,0.618976687893441,1.01572711903682,1.23165489032578
21900,"minke whales",0.00137203032599282,0.000385388980868768,0.0007101292214972,0.00407156014738308,1.00550160188223
21900,"orca",0.00045950993961412,0.0003588519422066,0.000430259021182431,0.000517781559813985,0.000951088654710185
21900,"other krill",0.592184737616169,0.0728283256918523,0.274088648863918,1.59927172890831,4.07625909351602
21900,"other macrozooplankton",0.962092806092713,0.399532873555824,0.776716310124728,1.16893514883319,1.42610935725606
21900,"salps",0.0544862498739144,0.0211342776822143,0.0419645585906315,0.0791934844573862,0.106095940162263
21900,"shelf and coastal fishes",0.250820159601623,0.13662747661202,0.215540716864763,0.284874415831483,0.321412388442082
21900,"small divers",0.00192940683921435,0.00113504634402868,0.00179737003283129,0.00205901425993501,0.00218710319908294
21900,"sperm whales",0.00124655967818456,0.000752969752466882,0.00104329809595687,0.00550112389571379,0.135952598357411
21900,"squids",0.00726583162680805,0.00471106682545129,0.00625670580951426,0.00862425194326267,0.0153710967698558
21900,"toothfishes",0.0533330889074938,0.00845817523811328,0.0335124020576376,0.0700990759154549,0.0938940431622087
22265,"antarctic krill",0.693740386230374,0.0859827474628918,0.378440485011649,1.25780005050554,1.88467792959761
22265,"baleen whales",0.0438936638561146,0.0091199178035461,0.0436377378795651,0.16461216914451,0.947548047862344
22265,"bathypelagic fishes",0.12089254847539,0.0500519365097208,0.0841181759404061,0.166080819860265,0.230125884030251
22265,"flying birds",0.000308705170786808,0.000278228515598432,0.000304911456485345,0.000313360863666763,0.000322242784091414
22265,"large divers",0.000947284812065379,0.000300297716297576,0.000567781290038436,0.00211913478488875,0.0117935354141695
22265,"leopard seals",0.000170480776952954,0.000100236808200746,0.000135700341343384,0.000194787149661229,0.000238630737924862
22265,"medium divers",0.0212742750900503,0.00815296172261713,0.0142372810307333,0.0324708308737608,0.0428040482051567
22265,"mesopelagic fishes",0.090238505703801,0.0252672339112483,0.0649046739973677,0.133797494486327,0.183296105072612
22265,"mesozooplankton",0.937673203110559,0.526590301653446,0.706101728940846,1.09526643545203,1.31385907397242
22265,"minke whales",0.00136956986525058,0.000385318768700127,0.000709240554923154,0.00404688525280705,1.00200312342875
22265,"orca",0.0004595444292695,0.000359111259939658,0.000430342042004897,0.000517654894697098,0.000949787406876333
22265,"other krill",0.61622353754682,0.0782655135639328,0.289659140286518,1.6038385246767,4.00666372350358
22265,"other macrozooplankton",0.988535967716328,0.41854808879678,0.800204776855072,1.20397871567605,1.50211539866045
22265,"salps",0.0557345073074805,0.0219157687136991,0.0430723726875433,0.0799005252527446,0.106760867746188
22265,"shelf and coastal fishes",0.250420503592545,0.136533594566143,0.214929861495404,0.284494768733355,0.321209973750704
22265,"small divers",0.00193329696215318,0.00113689408181417,0.0018016614339595,0.00206067164139276,0.00218725544880708
22265,"sperm whales",0.00124597417879731,0.000753235939172698,0.00104306981926852,0.00549279264014231,0.135708557319776
22265,"squids",0.00723519005792713,0.00467842131020454,0.00622474525169169,0.008590601663748,0.0153444072047447
22265,"toothfishes",0.0533120472273908,0.00849477309923087,0.0335472571059708,0.0701075702604585,0.0938761229876985
22630,"antarctic krill",0.711537441615451,0.0899052120959041,0.391060162362138,1.26495624330426,1.88883633252582
22630,"baleen whales",0.0438512588308972,0.00912166345549733,0.043595006590279,0.164415130887398,0.946349007857364
22630,"bathypelagic fishes",0.122987938566587,0.051376851687059,0.0860036171706118,0.168110600507169,0.231712920032979
22630,"flying birds",0.000308735717689088,0.00027852245036315,0.000304952241734015,0.000313371555548133,0.000322211427389397
22630,"large divers",0.000947350690503508,0.000300725027835091,0.000567735717159215,0.00211834931021166,0.0117460204619999
22630,"leopard seals",0.000170582748706737,0.000100513309748781,0.000135651050748513,0.000194760326723084,0.000238689330682838
22630,"medium divers",0.0212516056988326,0.00815342978021918,0.0142417132914637,0.0324362213230584,0.0427801545222034
22630,"mesopelagic fishes",0.0922370771928733,0.0259088972210145,0.066673174512041,0.135960838773893,0.184649764430919
22630,"mesozooplankton",0.929730817472251,0.505629433057627,0.705658683588056,1.08165852783814,1.29533980741921
22630,"minke whales",0.00136778937892086,0.000385528505142466,0.000709595075266995,0.00402261279896013,0.998516158477328
22630,"orca",0.000459576182016263,0.000359358544938405,0.000430422042351812,0.000517522153191195,0.000948472811236123
22630,"other krill",0.622163677585415,0.0871531757396215,0.299710076099694,1.59373097256459,3.90348752563819
22630,"other macrozooplankton",1.03494113699528,0.446284695737061,0.829625673849718,1.24816248224285,1.54010956511286
22630,"salps",0.0564345858994061,0.0226527425624641,0.0440253543322061,0.0808046734687303,0.107385019118082
22630,"shelf and coastal fishes",0.250192073675218,0.136737379503329,0.214781875556394,0.284397031173771,0.321114667939104
22630,"small divers",0.00193708512175645,0.00113872478675407,0.00180588262793004,0.00206121826611768,0.0021883394358936
22630,"sperm whales",0.0012453836323764,0.00075349595420001,0.00104283718017724,0.00548447578697718,0.135464939920481
22630,"squids",0.00722139927237303,0.00467102227894985,0.00621016886542595,0.00857139595800287,0.0153257621253648
22630,"toothfishes",0.0533101469553903,0.00851596853214477,0.0335707783914091,0.0701215371726631,0.0938591426586349
22995,"antarctic krill",0.712980005413046,0.0937154577674903,0.394810227817619,1.26477495972757,1.88121332923007
22995,"baleen whales",0.0438089160318418,0.00912312441665872,0.0435522620652822,0.164218292673117,0.94515145761161
22995,"bathypelagic fishes",0.125232823513069,0.0527121991543251,0.0880422003389246,0.170597839050714,0.23384914193094
22995,"flying birds",0.000308698206626914,0.00027840474999953,0.000304908665628487,0.000313341315266393,0.000322182020493439
22995,"large divers",0.000947803728170379,0.000301378713035789,0.000567715035452713,0.00211324937320498,0.0117007026102956
22995,"leopard seals",0.000170762466224416,0.000100619731020735,0.000135555437538825,0.000194762121749955,0.000238761004689752
22995,"medium divers",0.0212438610418017,0.00815743820981026,0.014225662782105,0.0323986626623235,0.0427386008384174
22995,"mesopelagic fishes",0.0938860418647513,0.0265454329364396,0.0682025336467369,0.137967293890347,0.186492005633306
22995,"mesozooplankton",0.90487226345142,0.469016404320367,0.674754287116308,1.06488875853227,1.27873293043547
22995,"minke whales",0.00136672794329742,0.000386316967275974,0.000710783834934795,0.00399902388759676,0.995040620512426
22995,"orca",0.000459595218228182,0.000359574977155778,0.000430476943651317,0.000517370211886769,0.000947120357173959
22995,"other krill",0.592793330770123,0.0865115731290805,0.28309879212374,1.54956869131334,3.7859733328525
22995,"other macrozooplankton",0.998781536740415,0.441166217397753,0.818506219061338,1.21417425332236,1.47971196187264
22995,"salps",0.0563606728725113,0.0228010061410723,0.0440672839404085,0.0809828307360149,0.107783713319155
22995,"shelf and coastal fishes",0.250552397064508,0.137374521394836,0.215157825584327,0.284776474348277,0.321533511309293
22995,"small divers",0.00193814154470912,0.00113895894567252,0.00180796498899797,0.0020611815155785,0.0021882023330344
22995,"sperm whales",0.00124477406666112,0.000753741459229656,0.00104258447893243,0.00547617211572533,0.135221719482481
22995,"squids",0.00723199318810282,0.00469565329014325,0.00622797842187697,0.00858317854112051,0.0153266438646791
22995,"toothfishes",0.0533167662486082,0.00853184402563333,0.0336173651648612,0.0701391074357472,0.0938491550629036
23360,"antarctic krill",0.692137165190446,0.0914094905309067,0.383256266232834,1.24827613477103,1.85028811347701
23360,"baleen whales",0.0437666279601846,0.00912426925556082,0.0435095095296658,0.164021651655576,0.943955384597528
23360,"bathypelagic fishes",0.125509135254156,0.0521865833129503,0.08776655798734,0.171638104759011,0.234361328006569
23360,"flying birds",0.000308547634188133,0.000277926454419904,0.000304799579646496,0.000313281195031787,0.000322100339943488
23360,"large divers",0.000946783411043051,0.000302071495120081,0.000567767810285231,0.0021077554855073,0.0116555494783455
23360,"leopard seals",0.000170910421519364,0.000100896865904681,0.000135400253768285,0.000194893524201949,0.000238837523368817
23360,"medium divers",0.0212459263857615,0.00815990359909092,0.0142146651187698,0.0323562965143973,0.0426914489293214
23360,"mesopelagic fishes",0.093398895914941,0.0264656884347628,0.0674868525919185,0.138104111356937,0.187022737588107
23360,"mesozooplankton",0.852794458746467,0.397428118537228,0.618227668772969,1.0079384420366,1.22104861587857
23360,"minke whales",0.00136565533921399,0.000387144862346921,0.000710624940695651,0.00397562481370201,0.991576412971779
23360,"orca",0.000459567668950454,0.000359798505079465,0.000430527230124385,0.000517215243158292,0.000945763655512928
23360,"other krill",0.552749213744349,0.0765377970224051,0.257610773367163,1.52046484705069,3.76968264951411
23360,"other macrozooplankton",0.919164729241554,0.402114088119206,0.755517077754513,1.12822775354819,1.37907383321642
23360,"salps",0.0551834660219831,0.022237436307206,0.0430122121034101,0.0802274779602328,0.106779921001794
23360,"shelf and coastal fishes",0.250914760440151,0.137577562145203,0.215413506763128,0.285043182762666,0.321804259225847
23360,"small divers",0.00193597313859103,0.00113720144810118,0.0018066576539787,0.00206018160778558,0.00218728402606717
23360,"sperm whales",0.00124416003915384,0.000753982477275974,0.00104232294716298,0.00546788261584405,0.134978921222609
23360,"squids",0.00725063721685185,0.00472349400642662,0.00625361449102954,0.00860141147632364,0.0153289616086001
23360,"toothfishes",0.0533803626820508,0.00854376484806544,0.0336729497805293,0.0701596993771974,0.09384116075754
23725,"antarctic krill",0.688158781585103,0.0896385453582949,0.377333781013704,1.23867365463358,1.84449440264873
23725,"baleen whales",0.0437243889507384,0.00912598306023805,0.0434669270212413,0.163825356901771,0.942760924463821
23725,"bathypelagic fishes",0.125424444597284,0.052508615065421,0.0877045115996867,0.171748238986125,0.233772220769533
23725,"flying birds",0.000308670636167054,0.000278150624316405,0.000304875018689163,0.000313308423155798,0.000322081385233493
23725,"large divers",0.000946671874052528,0.000302578268661812,0.00056785120146041,0.00209670108330676,0.0116107333185499
23725,"leopard seals",0.000171125677516688,0.000101032399506899,0.000135273364630045,0.000194848991107954,0.000238848480984033
23725,"medium divers",0.0212429315844945,0.00815989273358333,0.0142138852961032,0.0323156029665835,0.0426438358212566
23725,"mesopelagic fishes",0.0929599218314262,0.0264463193291655,0.067237354224941,0.137796070202382,0.186132329898327
23725,"mesozooplankton",0.878288248257621,0.447886709384321,0.643510805336308,1.04697441349408,1.26919516317655
23725,"minke whales",0.00136438481056835,0.000387831001710367,0.000710377391242882,0.00395213138130427,0.988123774570297
23725,"orca",0.000459518736305982,0.000360053776966467,0.000430601479410443,0.000517079572934067,0.000944446504562051
23725,"other krill",0.572659341031344,0.0761462446836082,0.261879497184994,1.55050854444738,3.91620176299687
23725,"other macrozooplankton",0.939254162440656,0.389911286823843,0.750646067888046,1.14190841643279,1.43574831313257
23725,"salps",0.055074227070261,0.0221044308358325,0.0427287112490439,0.0799833435461959,0.106442112069622
23725,"shelf and coastal fishes",0.251351897999889,0.137903329440792,0.215805301062607,0.285409383294481,0.321905952194038
23725,"small divers",0.00193541134988582,0.00113775768814316,0.0018066681368037,0.00206035692787704,0.00218699974851238
23725,"sperm whales",0.00124358192318906,0.000754242935799067,0.0010420924670728,0.00545961111060185,0.134736623335582
23725,"squids",0.00726443372864097,0.00474527986529307,0.00626698064784046,0.00861069887002872,0.0153341895091653
23725,"toothfishes",0.0534518188246492,0.00858200656774831,0.0337256570484835,0.0702090234875138,0.0938465486411846
24090,"antarctic krill",0.676851516133841,0.0857603601705441,0.365157148690193,1.2351413527914,1.85097467787853
24090,"baleen whales",0.0436822140945557,0.00912708317269297,0.0434242655531986,0.163629205783854,0.941567900201872
24090,"bathypelagic fishes",0.124647750182006,0.0521462992130467,0.0871244985354015,0.171129521887817,0.233481540503862
24090,"flying birds",0.000308546082946769,0.000277784587116721,0.000304785327746639,0.000313182777496073,0.000322046812574765
24090,"large divers",0.000946654818035569,0.00030342528972315,0.000567976280284764,0.00208569819677185,0.0115659193458804
24090,"leopard seals",0.000171263594474858,0.000101085062229598,0.000135221703978445,0.000194929337299422,0.000238893516124107
24090,"medium divers",0.0212422328397471,0.0081763885464679,0.0142155786228774,0.032273623508517,0.0425976268183731
24090,"mesopelagic fishes",0.0919196290498928,0.0259342493487352,0.0664152016611046,0.136766383674403,0.185546138468159
24090,"mesozooplankton",0.828983164620308,0.342147031432714,0.585777014115974,0.99209694289941,1.21825858082598
24090,"minke whales",0.00136356739184939,0.000388531681324882,0.000710322241476682,0.00392950123219862,0.984682342257287
24090,"orca",0.000459542371601442,0.000360269708996283,0.000430660849480821,0.000516911702435461,0.000943070542219215
24090,"other krill",0.557479561525385,0.0682607684504626,0.248584029398453,1.55385555293934,3.93555423935663
24090,"other macrozooplankton",0.920986797469995,0.379064758753192,0.734903512947667,1.11871634771111,1.38408510273603
24090,"salps",0.0540382439039785,0.0214039686661037,0.0416298681293855,0.0796717775929082,0.106338663080471
24090,"shelf and coastal fishes",0.251686330577479,0.138369841637882,0.216118554365112,0.285724531069146,0.322092806811127
24090,"small divers",0.00193212590970398,0.00113479206152744,0.00180264750448263,0.00205885030722299,0.00218581786106017
24090,"sperm whales",0.00124295646868965,0.000754474789996856,0.00104181264601611,0.00545135017227574,0.13449468018481
24090,"squids",0.00728685211179523,0.00476062769592119,0.00628991085896718,0.00864139035926974,0.0153524905081167
24090,"toothfishes",0.0535482512057462,0.00861449114328482,0.0337891338883803,0.0702470927552436,0.0938483348501944
24455,"antarctic krill",0.680906315418815,0.0848072533208554,0.365239024980174,1.24027105672896,1.85891499770018
24455,"baleen whales",0.0436400779038253,0.00912891603402174,0.0433818189957311,0.163433428106507,0.940376507163005
24455,"bathypelagic fishes",0.123742149486366,0.0517338876590333,0.0866169596883026,0.170193636448862,0.232243216235739
24455,"flying birds",0.000308662648195309,0.000278045888568585,0.000304888704982604,0.000313293194922395,0.000322039273216328
24455,"large divers",0.000946262008593282,0.000303942303249597,0.000568421835223913,0.00207598276402893,0.0115215609506554
24455,"leopard seals",0.000171302875561736,0.000101050477046192,0.000135183144588822,0.000195012885193556,0.000238918654697885
24455,"medium divers",0.0212368311968715,0.00818817652280979,0.0142190916398823,0.0322302767380391,0.042541989064988
24455,"mesopelagic fishes",0.0913867630107528,0.0257360481497015,0.0662166760209872,0.135848647967568,0.1844874561783
24455,"mesozooplankton",0.895362134747087,0.467728552697547,0.658467494107862,1.06021909152563,1.28367257529782
24455,"minke whales",0.00136212517419388,0.000388555868146142,0.000710190939596123,0.00391339405520467,0.981252468658902
24455,"orca",0.000459573791714523,0.000360536979007805,0.000430769203994459,0.000516788570593846,0.000941784267398687
24455,"other krill",0.580717024731774,0.0690874187962559,0.262673251939645,1.59699828609197,4.09821334187028
24455,"other macrozooplankton",0.947561844870467,0.392342470938434,0.759028553453385,1.15515340804318,1.44584749585903
24455,"salps",0.0547388470453538,0.0215703247500596,0.0420003342778989,0.0797311430131836,0.106590758354859
24455,"shelf and coastal fishes",0.25165902579822,0.138402295539373,0.216149234381362,0.285771420288587,0.322034472426254
24455,"small divers",0.00193196542408598,0.00113584010654325,0.00180319792604663,0.00205935484604133,0.00218591715286845
24455,"sperm whales",0.00124239129307074,0.000754742821591846,0.00104159389049581,0.00544310933022164,0.134253283281058
24455,"squids",0.00729152017486082,0.00476271975796085,0.00629641095492872,0.00863486328908841,0.0153513571022293
24455,"toothfishes",0.0536456666952974,0.00865408864094256,0.0338694651267172,0.0702911413239933,0.0938556778044774
24820,"antarctic krill",0.691480379270954,0.0849935879697723,0.369204030977539,1.25091646204572,1.86977574096976
24820,"baleen whales",0.0435979930669947,0.00913091183395082,0.0433394510129608,0.163237918268025,0.939186657675338
24820,"bathypelagic fishes",0.123720861774273,0.0522510718030359,0.0871548732364887,0.169973312484761,0.231776017422325
24820,"flying birds",0.000308793075837865,0.000278572939256196,0.000305009486539694,0.000313345956084028,0.00032208160734565
24820,"large divers",0.0009460644467008,0.000304427142401808,0.000568692375981497,0.00207124467452987,0.0114774484373956
24820,"leopard seals",0.000171336764160506,0.000101023230893588,0.000135093053341165,0.000195134550911976,0.000238953064564705
24820,"medium divers",0.0212306764669269,0.00819505679873933,0.0142216631619533,0.0321866288395685,0.0424873577991855
24820,"mesopelagic fishes",0.0920940318246682,0.0260189033448608,0.0669788256308221,0.136036100389292,0.184546248554573
24820,"mesozooplankton",0.872119997827769,0.421837701097783,0.642560824176959,1.03186810619208,1.25102905072693
24820,"minke whales",0.00136059926700231,0.000389113030404945,0.000709640798473918,0.00389797732195591,0.977833950711174
24820,"orca",0.000459606735959819,0.000360814768910931,0.000430867389004015,0.000516673876559374,0.000940515661146821
24820,"other krill",0.588041278379354,0.0712102550466723,0.267877469270651,1.59181526029436,4.0324131151678
24820,"other macrozooplankton",0.976409693273164,0.406180639195427,0.780965529918287,1.17673836674158,1.45190163623316
24820,"salps",0.0553232239361364,0.0219154737290911,0.0425607282039479,0.0802730852606908,0.106695349025215
24820,"shelf and coastal fishes",0.251820435316335,0.138797927987657,0.216222158699015,0.285735989831437,0.322128462712375
24820,"small divers",0.00193402148786856,0.00113835431359115,0.00180603311205181,0.00206103612144988,0.00218647902570989
24820,"sperm whales",0.00124183475326414,0.000755014978379959,0.00104138643132628,0.00543488382542985,0.134012340854166
24820,"squids",0.00728392423604605,0.00476502498987024,0.00630184665071995,0.00862406887014862,0.0153450081701986
24820,"toothfishes",0.0536823580377005,0.0087007356178018,0.0339509100898983,0.0703129919709446,0.0938641651635928
25185,"antarctic krill",0.690796105587169,0.085029821659621,0.371274893833521,1.24696141585132,1.86108596823187
25185,"baleen whales",0.0435559596219735,0.00913281163000692,0.0432971126206636,0.163042634889104,0.937998309995795
25185,"bathypelagic fishes",0.12395072879588,0.0523081388104795,0.0873494023775702,0.169438841438022,0.231489425627518
25185,"flying birds",0.000308837458387746,0.000278886629087216,0.000305079407132232,0.000313406166528739,0.000322067488580185
25185,"large divers",0.000945917572328544,0.000304819499124954,0.000568545340813205,0.00206804283016167,0.0114335449262551
25185,"leopard seals",0.000171351810768554,0.000101100707591293,0.00013500958154577,0.000195061103475958,0.000238990158984318
25185,"medium divers",0.0212209250847634,0.00819486905352128,0.0142234041889706,0.0321426248588343,0.0424449547896701
25185,"mesopelagic fishes",0.0924945687621451,0.0259575396182128,0.0672752540450118,0.135817734262491,0.184564496640465
25185,"mesozooplankton",0.879929159805857,0.447826712148256,0.652884185445687,1.03672549538821,1.2492045271508
25185,"minke whales",0.00135895331835136,0.000389436286847728,0.000709401928285492,0.0038825171969248,0.974426673006502
25185,"orca",0.000459641272785102,0.00036110314754428,0.000430971831585001,0.000516566841237631,0.0009392621107576
25185,"other krill",0.581914436220579,0.0728585750822159,0.266363378218416,1.56120243567795,3.90755060485451
25185,"other macrozooplankton",0.949083207557928,0.405371027214486,0.774171087845313,1.15655665203973,1.42004240941675
25185,"salps",0.0554503938093528,0.0221685153297821,0.0428656015474527,0.0801052143823349,0.106711426686371
25185,"shelf and coastal fishes",0.251627334761652,0.138951173056944,0.216130100074783,0.285635110496013,0.322066299122369
25185,"small divers",0.00193714407701836,0.00114087884904072,0.00180916340762765,0.0020612299144856,0.00218666853524443
25185,"sperm whales",0.00124128018541943,0.000755271710844231,0.00104118328998611,0.00542667284330379,0.133771836199176
25185,"squids",0.00728015677031964,0.00476938993557114,0.00629451317668892,0.008601973822194,0.0153285105384806
25185,"toothfishes",0.0537135334762292,0.00874879315910728,0.0340042573131365,0.070315293610942,0.09386827461242
25550,"antarctic krill",0.695158610706651,0.0854965525261621,0.374152355845353,1.24851221148546,1.86000752517453
25550,"baleen whales",0.0435139863609734,0.0091345454353022,0.0432547867142815,0.162847571095614,0.936811457640636
25550,"bathypelagic fishes",0.124147836988268,0.0525965030025,0.0877484642041667,0.169610934612535,0.231584408824451
25550,"flying birds",0.000308822087135165,0.000278990547452945,0.000305083195680582,0.000313361950345068,0.000322033932264054
25550,"large divers",0.000945793487595046,0.000305112086984634,0.000568781011612733,0.00206518812792941,0.0113897800314339
25550,"leopard seals",0.00017143734143661,0.000101202671324426,0.000134930055115426,0.000195095249153093,0.000239033007393273
25550,"medium divers",0.0212161366311741,0.00819722194083061,0.0142271081494787,0.0321127184213563,0.0423908349695852
25550,"mesopelagic fishes",0.0927910567000559,0.0261698501823618,0.0675405602961687,0.13604247530842,0.184742273119396
25550,"mesozooplankton",0.895630270726682,0.468989328527606,0.6680437082198,1.05582831940304,1.27505118825012
25550,"minke whales",0.00135823906110352,0.000390335052757225,0.000710502002131149,0.00386293950030911,0.971030581066672
25550,"orca",0.000459674054238979,0.000361380157997392,0.000431076360092989,0.000516448776185872,0.000937986448916256
25550,"other krill",0.590890070051887,0.0753855404711349,0.272160943811114,1.56812266418716,3.90204192444984
25550,"other macrozooplankton",0.96708980202279,0.407095634243265,0.779184734199744,1.17426380248291,1.46278270400871
25550,"salps",0.0555714565711,0.0224591927955073,0.0430955998042959,0.0801305349986662,0.106656084702321
25550,"shelf and coastal fishes",0.251651706335025,0.139348569539286,0.216180306339221,0.285637649662896,0.322093307636419
25550,"small divers",0.00193901705201268,0.00114261358171053,0.00181113055431014,0.00206110001581584,0.00218605951614333
25550,"sperm whales",0.00124070943650675,0.000755488339396651,0.00104096307249941,0.00541847533405713,0.133531734721704
25550,"squids",0.00727316725078092,0.00477641876731587,0.00630180490603805,0.00859201522165256,0.0153194621715533
25550,"toothfishes",0.0538226726942426,0.00879803246999354,0.0340584866269689,0.0703096851133933,0.0938717235804077
25915,"antarctic krill",0.705500628733154,0.0879842280876646,0.3831844821549,1.2558332601699,1.86350180864558
25915,"baleen whales",0.0434720672675505,0.00913630416057185,0.043212515120297,0.16265275839539,0.935626124088795
25915,"bathypelagic fishes",0.124711922878256,0.0532034579895026,0.0885604314206769,0.170184978734108,0.231909771057783
25915,"flying birds",0.000308841386533701,0.000279160597415667,0.000305134075710778,0.000313363738044363,0.000322011274303205
25915,"large divers",0.000945538978292877,0.000305219165823158,0.000568998272590738,0.0020630163646176,0.0113462262282491
25915,"leopard seals",0.000171452459545316,0.000101353083185086,0.000134810911938809,0.000195079690947773,0.000239032912531881
25915,"medium divers",0.0212112402696531,0.0082027355124538,0.0142291167083295,0.0320550196038582,0.0423448161132346
25915,"mesopelagic fishes",0.0936206881507651,0.0266605799557428,0.0683627664038646,0.136709499233676,0.185147812669796
25915,"mesozooplankton",0.923118530753185,0.508932106399119,0.699675742332959,1.07908811889871,1.29806351117615
25915,"minke whales",0.00135756085612707,0.000391050868508851,0.000710794979308749,0.00383872472695093,0.967645692948754
25915,"orca",0.00045970713934122,0.000361663096651116,0.000431184751969015,0.000516334102457805,0.000936718698487626
25915,"other krill",0.606428383068318,0.0815004750927744,0.286377669770338,1.58410548587685,3.89332658833272
25915,"other macrozooplankton",1.00698965350127,0.424282437536764,0.810838458525364,1.21913661992373,1.50954744698305
25915,"salps",0.0560746563341051,0.0229724627506911,0.043730819581016,0.0806680955829205,0.107036569068965
25915,"shelf and coastal fishes",0.251772011662748,0.139846900338588,0.216349032166764,0.285673188580116,0.322170125823629
25915,"small divers",0.00193960734417143,0.00114478471156639,0.00181312116316822,0.00206129209713601,0.00218568449299617
25915,"sperm whales",0.00124014297494678,0.000755708713685282,0.00104073904754189,0.0054102925742442,0.133292072878744
25915,"squids",0.00727244435085569,0.00479028897714504,0.0063088299461879,0.00858931935851826,0.0153129084895175
25915,"toothfishes",0.0538476821928538,0.00882530216358754,0.0341036028177795,0.0703075129164944,0.0938764621668169
26280,"antarctic krill",0.710390801297687,0.0921916318099021,0.390352372127913,1.25766037775664,1.85772830058441
26280,"baleen whales",0.0434302008529964,0.00913809264563472,0.0431703006267192,0.162458197554245,0.9344423076884
26280,"bathypelagic fishes",0.125555288435562,0.0540837229583313,0.0893451453236949,0.171141468401524,0.232441231695923
26280,"flying birds",0.000308881105078991,0.000279383899448184,0.000305188779723342,0.00031338932895904,0.000321991966482832
26280,"large divers",0.000945413385823769,0.000305308802933912,0.000569035897115769,0.00205832285199943,0.0113028967728259
26280,"leopard seals",0.000171462901817713,0.000101324848146042,0.000134795388340167,0.000195121997083477,0.000239049235996691
26280,"medium divers",0.0212007176598748,0.00821314546795836,0.0142085280294263,0.032011045289042,0.0423048835419388
26280,"mesopelagic fishes",0.0948262576478395,0.0272499217392713,0.0692534629260549,0.137586667649756,0.185972323357659
26280,"mesozooplankton",0.906944080568508,0.487367486210153,0.684170054631236,1.05943809512318,1.27058252032214
26280,"minke whales",0.00135682678642235,0.000391600011702342,0.00071108506334999,0.00381462248493666,0.964271963905339
26280,"orca",0.000459740666498573,0.000361955661107682,0.000431295409543466,0.000516225512557349,0.000935465226106159
26280,"other krill",0.597273329023769,0.0847704331962636,0.283784820550292,1.55583756062934,3.78321944163906
26280,"other macrozooplankton",1.00124254460643,0.438282539607579,0.816941109459431,1.21612649270637,1.48078385961659
26280,"salps",0.0562459054596215,0.0233105500691428,0.0441756420419846,0.0809959998469954,0.107304933986964
26280,"shelf and coastal fishes",0.252068557524327,0.140331471970331,0.216597050223308,0.285797490143477,0.3222700194268
26280,"small divers",0.00194027910061809,0.00114754141258108,0.00181513849886145,0.00206134711827508,0.00218567176420528
26280,"sperm whales",0.00123958541685131,0.0007559371704768,0.00104051142815448,0.00540212482845077,0.13305285745893
26280,"squids",0.00727282835535179,0.00481076407160147,0.00631465480949226,0.00858790497717446,0.0153065498849034
26280,"toothfishes",0.0538579064401108,0.00884649016939179,0.0341723534467716,0.070312909749818,0.0938868935515631
26645,"antarctic krill",0.706646487399672,0.0928458204156313,0.388093455837716,1.25368545163139,1.84713783538132
26645,"baleen whales",0.0433883984582206,0.00913950561092287,0.0431280614712774,0.162263826317744,0.933259954303954
26645,"bathypelagic fishes",0.12638636393023,0.0544062471727133,0.0900086391338508,0.172096957083258,0.233634704567318
26645,"flying birds",0.000308815842688622,0.000279187434990177,0.000305113018370901,0.000313308933866804,0.000321935878731209
26645,"large divers",0.000945319458168354,0.000305762054051606,0.000568843395711554,0.00205403288911406,0.0112596400950875
26645,"leopard seals",0.000171510923695435,0.000101294420960567,0.000134861377552261,0.000195295120736939,0.000239068632831949
26645,"medium divers",0.0211755050681706,0.00823122814594754,0.0142067608265781,0.0319676297083942,0.0422829948103519
26645,"mesopelagic fishes",0.0951566925182682,0.0276767192988845,0.0697314560101333,0.138615768881815,0.186493008728323
26645,"mesozooplankton",0.886328809700846,0.454137306469705,0.655664722947108,1.04700377335912,1.26388686973235
26645,"minke whales",0.00135431844813421,0.000392126040277584,0.000711367227667856,0.003791063812027,0.960909247506528
26645,"orca",0.000459768778543505,0.000362219157165362,0.000431393753668207,0.000516091361236754,0.000934165701721769
26645,"other krill",0.574717323238815,0.0811239895210662,0.269547545924028,1.53453943907145,3.75166798003034
26645,"other macrozooplankton",0.968720336119405,0.422660607029407,0.791323197841426,1.17893724820942,1.44711248499259
26645,"salps",0.0559489675122641,0.0230973762104791,0.0438012503167531,0.0808025410584913,0.107119840051465
26645,"shelf and coastal fishes",0.252704524593759,0.141124183607984,0.217125724420014,0.286408356881928,0.322493119708267
26645,"small divers",0.00193927727449426,0.00114798503558727,0.00181422118968946,0.00206111837385162,0.00218541611725602
26645,"sperm whales",0.00123899840259216,0.000756136112626846,0.00104022716435033,0.00539396933422877,0.13281401761146
26645,"squids",0.00729107213056005,0.00482960097029063,0.00633672577063944,0.00861012436034431,0.0153179273049816
26645,"toothfishes",0.0539341848591605,0.00886749868250631,0.0342730013837141,0.0703232503179174,0.0939000026961282
27010,"antarctic krill",0.703356364357051,0.0916376943890554,0.382213758632656,1.24833583979979,1.84279416813352
27010,"baleen whales",0.0433466544010058,0.00914068147336882,0.0430858324070367,0.162069669075628,0.932079080472149
27010,"bathypelagic fishes",0.126730569453164,0.0545464102471041,0.0900326350137851,0.172576832487832,0.234650538826504
27010,"flying birds",0.000308727574857725,0.000278796059707189,0.000305017549587454,0.000313282341104471,0.000321902681133452
27010,"large divers",0.00094523536826059,0.000306237972696,0.000569017629878241,0.00204720874550337,0.0112100501570848
27010,"leopard seals",0.000171570485781873,0.000101253076727379,0.000135011691712689,0.000195457661597671,0.000239043644078025
27010,"medium divers",0.0211776355967043,0.00825348834938615,0.0142006714923829,0.0319244095080954,0.0422682819817821
27010,"mesopelagic fishes",0.0950483058906615,0.0276591839141333,0.0696307280592128,0.138945087342018,0.18681809448334
27010,"mesozooplankton",0.896471535360205,0.467379105861709,0.664646018956251,1.06181701438908,1.28477233575797
27010,"minke whales",0.00135457561094051,0.000393020396082673,0.000711030280132221,0.0037678909895,0.957557539442046
27010,"orca",0.00045977077864854,0.000362438920433968,0.000431480174000818,0.000515941621369528,0.000932842842127574
27010,"other krill",0.576965932507046,0.079257764505319,0.26448711415793,1.55873188953675,3.84760952944022
27010,"other macrozooplankton",0.96796152182822,0.411864289492427,0.78294293723561,1.18069845848108,1.46323647839209
27010,"salps",0.0554932857165682,0.0227901057367644,0.0433269365802712,0.0806718692450944,0.106696881367387
27010,"shelf and coastal fishes",0.253349059344691,0.141917400333291,0.217780608362777,0.286907773252324,0.322693456693593
27010,"small divers",0.00193642266596911,0.00114668513498339,0.00181115439386368,0.00206012770549849,0.00218517202454366
27010,"sperm whales",0.00123839536188057,0.000756317220552538,0.00103994289669301,0.00538582688852185,0.132575579117024
27010,"squids",0.00731439872073133,0.00484097030189719,0.00636596898527738,0.00864064758451431,0.0153407130425871
27010,"toothfishes",0.0539993837613646,0.00889058115590954,0.0343645574185815,0.0703784891141944,0.093913585538581
27375,"antarctic krill",0.701740133066841,0.0907527873250631,0.380654712972895,1.24774130024204,1.84553188608212
27375,"baleen whales",0.0433049543430259,0.00914234082310113,0.043043758646024,0.16187584454849,0.93089978778881
27375,"bathypelagic fishes",0.126687637672581,0.0547179027639677,0.0900564813785056,0.172628249756355,0.235058250731265
27375,"flying birds",0.000308807102768542,0.000279036769069405,0.000305122208099653,0.000313299423383635,0.000321893403527101
27375,"large divers",0.000945079745991492,0.000306426089226495,0.000568422459821128,0.00204137743341139,0.0111337890416734
27375,"leopard seals",0.000171668033701433,0.000101310402015376,0.000135078683321361,0.00019549619329669,0.000239023028820232
27375,"medium divers",0.0211690976029795,0.00826826632817159,0.0141941982771757,0.0318806100477343,0.0421983986770793
27375,"mesopelagic fishes",0.0949647240836503,0.0278505956920959,0.0697036389394892,0.139043910902107,0.186608610115432
27375,"mesozooplankton",0.874251843278108,0.432533273864066,0.640100538639164,1.03137817048109,1.25061950341048
27375,"minke whales",0.00135423203593888,0.000393806519881441,0.000710678989706826,0.00374669513139222,0.954217002897031
27375,"orca",0.000459794838907697,0.000362663575613405,0.000431586442851614,0.000515817334280385,0.000931575959528318
27375,"other krill",0.574018290812251,0.0768926562829892,0.26086759049119,1.5570704708824,3.87796742066776
27375,"other macrozooplankton",0.962986006149713,0.408069104783366,0.779495330351631,1.17195853214352,1.43769071687266
27375,"salps",0.0553519271762738,0.0226010874590314,0.043117163265992,0.0806767753961036,0.106707508243217
27375,"shelf and coastal fishes",0.253880957807148,0.142602237746437,0.218299908623927,0.287268064235138,0.322841775975153
27375,"small divers",0.00193594146775366,0.00114785628057956,0.00181090326386094,0.00206021147703357,0.00218473185173889
27375,"sperm whales",0.00123783309999023,0.000756562812479405,0.00103971811065771,0.00537770252476118,0.132337644884084
27375,"squids",0.007331744329624,0.00486994824020081,0.00638488649868164,0.00865864998904108,0.0153563459158746
27375,"toothfishes",0.054058888351101,0.00893687927998733,0.0344424740658226,0.0704436370061441,0.0939446873943728
27740,"antarctic krill",0.688156475270395,0.0881582444095569,0.371545924331587,1.24162640614343,1.84021378781979
27740,"baleen whales",0.0432633179656896,0.00914323101228026,0.0430016006355986,0.161682140632774,0.929721891250082
27740,"bathypelagic fishes",0.126001186477761,0.0539721822681769,0.0890851032570349,0.172137630676369,0.234692457026638
27740,"flying birds",0.000308615511109451,0.000278388302395107,0.000304936526093447,0.000313220877852585,0.000321809494890462
27740,"large divers",0.000944583438929169,0.000306532889886354,0.00056811293449801,0.00203442219861616,0.011051337104486
27740,"leopard seals",0.000171734162972209,0.000101361655338232,0.000135269275400651,0.000195602429741663,0.000239009058712953
27740,"medium divers",0.0211721441747622,0.00829276476720118,0.0141894885472016,0.031849776832798,0.0421410193605208
27740,"mesopelagic fishes",0.0937157785511318,0.0273301812060799,0.0684669552843513,0.138124297630031,0.186529747976033
27740,"mesozooplankton",0.872388737565769,0.426478715699492,0.637670029043395,1.03944175776087,1.26078743159356
27740,"minke whales",0.00135177653508991,0.000394871439793302,0.000710654804740395,0.00373442484355565,0.950887256040256
27740,"orca",0.00045976509921917,0.000362858624768181,0.000431647072788466,0.000515655572023615,0.000930243785821759
27740,"other krill",0.564522146310277,0.0727988953701595,0.253515769349793,1.55767255471614,3.92638308436957
27740,"other macrozooplankton",0.936477658048954,0.394273595069782,0.758285849072544,1.14347778331509,1.410145103379
27740,"salps",0.0545980719204826,0.0220963564375083,0.0423444109175453,0.0801526117782672,0.106471147568925
27740,"shelf and coastal fishes",0.254233229000609,0.142884928466297,0.218663970772921,0.287619861868152,0.323051792137158
27740,"small divers",0.00193070270696817,0.00114471475254886,0.00180605437302656,0.00205883520296405,0.00218334884252393
27740,"sperm whales",0.00123721628865519,0.000756794310970862,0.00103945105719971,0.00536958795177138,0.13210004349889
27740,"squids",0.00735245043289062,0.00487543374392594,0.00639814062320272,0.00869071796784851,0.0153786905523174
27740,"toothfishes",0.0541747290236338,0.00899123490246708,0.0345038446504694,0.0704936151212621,0.0939692812086928
28105,"antarctic krill",0.678165106965041,0.0856714638939364,0.364720898656278,1.23273333872438,1.84017892602573
28105,"baleen whales",0.04322172558658,0.00914420148077697,0.042959530705088,0.161488709045228,0.928545514203021
28105,"bathypelagic fishes",0.123921537994392,0.0520301064339908,0.086773902238658,0.169986856111222,0.232701547698399
28105,"flying birds",0.000308563688471888,0.000277998055367741,0.000304838114663631,0.000313159141040322,0.000321709291052937
28105,"large divers",0.000944286978154698,0.000306848343073912,0.000568070715277862,0.00203004323726265,0.0109688643608258
28105,"leopard seals",0.000171663829816529,0.000101428268590214,0.000135473356498375,0.000195613390833855,0.000239045839105532
28105,"medium divers",0.0211715461047077,0.00831082703938036,0.0141840396955197,0.0318555381885725,0.0421108120883692
28105,"mesopelagic fishes",0.0914136834897687,0.0265088478264166,0.0662821880292826,0.136009154823547,0.184814963971581
28105,"mesozooplankton",0.864702272266708,0.418367505335259,0.632200005475446,1.02188374230878,1.23634561194798
28105,"minke whales",0.00135018737552758,0.000395183001622788,0.000710529501541785,0.00372178424241139,0.947568490262815
28105,"orca",0.000459766951958949,0.000363108303352049,0.000431728762862992,0.000515514061204641,0.000928956710690431
28105,"other krill",0.573373977079964,0.06847313775898,0.257601385674375,1.55982602604152,3.99978019137434
28105,"other macrozooplankton",0.91708340013119,0.384924920311974,0.737923322576241,1.11712319764798,1.38310607285821
28105,"salps",0.0540603029640815,0.0217442929594657,0.0417029094800341,0.0793462203229482,0.105871356867652
28105,"shelf and coastal fishes",0.254129199333353,0.141992739455557,0.218252449294228,0.287285520301701,0.322820250617315
28105,"small divers",0.00192699913351643,0.00114199191565412,0.00180180987865134,0.00205773476436503,0.00218286793515679
28105,"sperm whales",0.00123661959232012,0.000757041370042672,0.00103919736747001,0.00536148988754826,0.131862907238076
28105,"squids",0.00734792914765174,0.00486803617000772,0.00639114976188,0.00869146687660626,0.01537692947207
28105,"toothfishes",0.0541955449176205,0.00903820222158831,0.0345546501588998,0.0705134375034487,0.0939881365154738
28470,"antarctic krill",0.669170754496267,0.0828041577576923,0.355747379437335,1.22878460597284,1.84438100014424
28470,"baleen whales",0.0431801893079267,0.00914503437906867,0.0429174956578654,0.161295508455376,0.927370627347944
28470,"bathypelagic fishes",0.121437196350876,0.050403373033769,0.0844097623832718,0.167707982204578,0.230664114725782
28470,"flying birds",0.000308476364050836,0.000277683235708954,0.0003046946560634,0.000313055854516036,0.000321628463686101
28470,"large divers",0.000943735401157744,0.000306753660111274,0.000568014010761826,0.00202730527695546,0.0108872710449752
28470,"leopard seals",0.000171642145690422,0.000101367342776885,0.000135654843189266,0.000195655502118761,0.000239072900959192
28470,"medium divers",0.0211682569828321,0.00833059720740918,0.014189240526888,0.0318884998649158,0.042066368550289
28470,"mesopelagic fishes",0.0893001417319954,0.0254325935546446,0.0641881438125308,0.133722504302174,0.183394156618317
28470,"mesozooplankton",0.845909228565769,0.378274285680194,0.605140797774221,1.0096648771178,1.22938397959316
28470,"minke whales",0.00134883906920294,0.000395583802889196,0.000710515862908169,0.00369869495523882,0.944043187645467
28470,"orca",0.000459778822181656,0.000363339665622178,0.000431793079165541,0.000515359705699251,0.00092765006087621
28470,"other krill",0.570359910852318,0.0671882759927185,0.256099976235894,1.56845359567502,4.03891928934258
28470,"other macrozooplankton",0.90294752155998,0.374130518349696,0.719670868276646,1.09477777734152,1.36139511940173
28470,"salps",0.0534536484937087,0.021203145843713,0.0411849464688251,0.0787730365212123,0.105446063154758
28470,"shelf and coastal fishes",0.253331320486463,0.140941557109534,0.217467633259196,0.286743145178176,0.322417457159466
28470,"small divers",0.00192343628807117,0.00113811518805786,0.00179670802923167,0.00205674295236039,0.00218284610161129
28470,"sperm whales",0.00123600042814625,0.000757275020024626,0.00103894551689536,0.00535340449430615,0.131626163641489
28470,"squids",0.00733081743723887,0.00483499804795804,0.00636571704568477,0.00868097514395759,0.0153686172602171
28470,"toothfishes",0.0542263784676128,0.00907407198739646,0.0345884413142315,0.0705147508397897,0.0939917885976026
28835,"antarctic krill",0.688226494881692,0.0835155692313467,0.36436981683325,1.24849033193498,1.86924285636732
28835,"baleen whales",0.0431387022031567,0.00914639774807533,0.0428756340040869,0.161102652962377,0.9261973336296
28835,"bathypelagic fishes",0.12067347193213,0.0499031406622689,0.0844938556015718,0.16674453978915,0.229743072772556
28835,"flying birds",0.000308467287985453,0.00027771913264562,0.000304770400396727,0.000313067622617756,0.000321594604871735
28835,"large divers",0.000943368638237415,0.000306833784679392,0.000567976941166,0.0020255073701969,0.0108059287428941
28835,"leopard seals",0.00017168207934748,0.000101254289704871,0.000135693518773787,0.000195788606985062,0.00023910919585507
28835,"medium divers",0.0211665629049886,0.00833988925017067,0.0141809896522157,0.0318760866794104,0.0420120162446795
28835,"mesopelagic fishes",0.0890539588057657,0.0252314558205878,0.0640951263596897,0.133385946664876,0.18276247008398
28835,"mesozooplankton",0.918853734392913,0.4919661331291,0.682553295928887,1.08603864004624,1.31279362470225
28835,"minke whales",0.00134818119754408,0.000396306737346695,0.000710374980814621,0.00368554184041995,0.937259231959215
28835,"orca",0.000459798240389764,0.000363579351724008,0.00043186973294774,0.000515217791191421,0.000926371063081272
28835,"other krill",0.620301595577559,0.0731157197725754,0.284400696312517,1.64268493900329,4.19297483227154
28835,"other macrozooplankton",0.983562012938297,0.395929795581165,0.77391410973318,1.18689693961324,1.49412002779509
28835,"salps",0.054678176837079,0.0217671443961423,0.0420759197588143,0.0795056153504133,0.105823884001586
28835,"shelf and coastal fishes",0.252652011506297,0.140479390663917,0.216696066807094,0.286260466108011,0.322111586288159
28835,"small divers",0.00192347403348513,0.00113686432001334,0.00179497299400372,0.00205725872328631,0.00218272911685263
28835,"sperm whales",0.00123540190685109,0.000757522375131974,0.00103871436776848,0.00534533570775974,0.131389887734908
28835,"squids",0.00731061708161215,0.00481262026669843,0.00634402128447703,0.00866772403108595,0.0153563166930776
28835,"toothfishes",0.0542271665266477,0.00911011148726477,0.034656761366802,0.0705091863375026,0.0939980463146133
29200,"antarctic krill",0.693321020939149,0.0831054809207164,0.365964954716127,1.25805195408515,1.87665910581184
29200,"baleen whales",0.0430972695278587,0.00914748420511841,0.0428337725784728,0.160909996824463,0.92502550075079
29200,"bathypelagic fishes",0.120512244333305,0.0497954330970173,0.0846101057376636,0.166504157042118,0.229992144499981
29200,"flying birds",0.000308427869664458,0.000277642500263442,0.00030468876631807,0.000312994980712866,0.000321550034621437
29200,"large divers",0.000943460158412123,0.000307561971916916,0.000567874938358508,0.00202364377695634,0.0107253773193969
29200,"leopard seals",0.000171710785922597,0.000101234013588356,0.000135780165798692,0.000195706013326748,0.000239091578112746
29200,"medium divers",0.0211589356405057,0.00834503556082138,0.0141701866604945,0.0318678059177813,0.0419951854169606
29200,"mesopelagic fishes",0.0894449081289826,0.0247654780450134,0.0641593754740815,0.133769886188774,0.183367608707721
29200,"mesozooplankton",0.85664850726921,0.377298473968261,0.618352572097205,1.01582145204613,1.23044054730735
29200,"minke whales",0.00134719196241371,0.000397688677125573,0.000711083032338795,0.0036640317437834,0.928030668983113
29200,"orca",0.00045981455281009,0.000363806111620105,0.00043193521306785,0.000515067642706851,0.00092507855784059
29200,"other krill",0.592227217845923,0.0726241215641908,0.273123652041836,1.5993535830219,4.08024490624486
29200,"other macrozooplankton",0.961471720760441,0.399614094717276,0.775993857282569,1.16650856702245,1.4229203945544
29200,"salps",0.0546745775009328,0.0217351101501144,0.0421681337368293,0.0796947720892436,0.10608645108628
29200,"shelf and coastal fishes",0.251908276710329,0.140003056440912,0.21616005998189,0.285746951626494,0.321800812759299
29200,"small divers",0.00192310124886119,0.0011345594625459,0.00179326150482432,0.00205717885803372,0.00218255934369996
29200,"sperm whales",0.00123478554641754,0.000757713131087046,0.00103848072955732,0.00533727974939277,0.131154005622191
29200,"squids",0.00728549798519985,0.00480293938518918,0.00631514382751415,0.00864915525493272,0.0153386091226672
29200,"toothfishes",0.0542102871598385,0.00914438598331195,0.0346790491145313,0.0704926797203867,0.0939899583704733
29565,"antarctic krill",0.701339121375344,0.0856208793994959,0.377437647787821,1.26618249976622,1.88923669840702
29565,"baleen whales",0.043055879621069,0.00914930114942123,0.0427920701504405,0.160717707738936,0.923855273667662
29565,"bathypelagic fishes",0.121566515917775,0.0506323626339593,0.0854121688447892,0.167262126899303,0.230787964785727
29565,"flying birds",0.000308510130682478,0.000277895276082487,0.000304810547630179,0.000313107059431053,0.000321542738413017
29565,"large divers",0.000943581711542487,0.00030808185870473,0.000568022505409723,0.00202198882853702,0.0106446360065063
29565,"leopard seals",0.000171707500420439,0.000101309517718942,0.000135875459554705,0.000195756378966817,0.000239101494879576
29565,"medium divers",0.0211535895924043,0.00834859628136251,0.0141705407249048,0.031810160110988,0.0419641152391626
29565,"mesopelagic fishes",0.090926995573882,0.0251903911109284,0.065321484415201,0.134598459404566,0.183901391850423
29565,"mesozooplankton",0.937320615915826,0.525132384459985,0.703717409695472,1.0955212916447,1.31421941244333
29565,"minke whales",0.00134695832337776,0.000398202199898124,0.000710911677761882,0.00364314654341639,0.917861498338944
29565,"orca",0.00045984884778251,0.00036406353397917,0.000432036820176781,0.000514948830380123,0.000923847715102431
29565,"other krill",0.616319245981472,0.0775821863487205,0.28876801149444,1.60384505801156,4.01050863264246
29565,"other macrozooplankton",0.987542059227959,0.418615754341107,0.799581320224431,1.20159681237812,1.50165752189446
29565,"salps",0.0558782175265903,0.0225309621353904,0.0432715572366814,0.0802243054382164,0.106926744150029
29565,"shelf and coastal fishes",0.251316921968417,0.139922840673044,0.215641677733925,0.285322138905269,0.321409874288652
29565,"small divers",0.00192701040763434,0.00113641294939121,0.00179766597882599,0.00205732527101419,0.00218313460372065
29565,"sperm whales",0.00123421988847326,0.000757994783079169,0.00103825781170675,0.00532924240193026,0.130918635345644
29565,"squids",0.0072559588731359,0.00477571659349091,0.0062875313623302,0.00861438525717436,0.0153383149631114
29565,"toothfishes",0.0542048197374072,0.00917692707343872,0.0346919109831598,0.0706032158277123,0.0939919296007964
29930,"antarctic krill",0.717901106510005,0.0890261927287856,0.391698664307398,1.27991402327313,1.89584669675998
29930,"baleen whales",0.0430145459495674,0.00915101817891687,0.0427503749959869,0.160525639973977,0.922686525696082
29930,"bathypelagic fishes",0.12373541638783,0.052176439316441,0.0872609305380877,0.169432482232635,0.232232785164912
29930,"flying birds",0.000308551812831005,0.000278112796910765,0.000304852227965944,0.00031312145559571,0.000321529755898631
29930,"large divers",0.000943195141614892,0.0003086907035201,0.000568084294460815,0.00201986953750985,0.0105646916388135
29930,"leopard seals",0.000171695263224015,0.000101341936141173,0.00013605110444887,0.000195882324795386,0.000239080453555288
29930,"medium divers",0.0211493769753291,0.00835539127144733,0.0141634842137989,0.0317768323194966,0.0419502720501915
29930,"mesopelagic fishes",0.0931301126775795,0.0258916784248784,0.0672659644877559,0.136582814680378,0.185234576165072
29930,"mesozooplankton",0.929609236985159,0.505356846206831,0.704273409476872,1.08172831294115,1.29364155161366
29930,"minke whales",0.00134679634058331,0.000398988396453664,0.000711578625743554,0.00362308722937951,0.907745745491892
29930,"orca",0.00045988040212508,0.000364314094131595,0.000432118360464478,0.000514823857498221,0.000922603591055385
29930,"other krill",0.62225630903839,0.0861299423616482,0.299611163460934,1.59348303693483,3.90893363695216
29930,"other macrozooplankton",1.03432842035576,0.44638389260077,0.828797587113897,1.24644609168358,1.53924908093856
29930,"salps",0.0565842117356585,0.0232816739802665,0.0442034272053103,0.0811108876233005,0.107545514017361
29930,"shelf and coastal fishes",0.251082578068576,0.140242751047707,0.215389733055944,0.285083017086719,0.321414117196097
29930,"small divers",0.00193028174339298,0.00113824932606575,0.00180214086086536,0.00205832560039273,0.00218318170488108
29930,"sperm whales",0.00123364915108718,0.000758273312667369,0.00103803497533725,0.00532121892816805,0.130683673058853
29930,"squids",0.00723956903792728,0.0047673968358952,0.00627783759714082,0.0085943804709982,0.0153743943593994
29930,"toothfishes",0.0542496116261513,0.00921246553917457,0.0347302343982827,0.0705861213875636,0.093992135838539
30295,"antarctic krill",0.715658972408518,0.0913332395233051,0.394203817791314,1.27602625203256,1.89176675148894
30295,"baleen whales",0.0429732731437698,0.00915245023931236,0.0427086971682942,0.160333765948731,0.921519228929041
30295,"bathypelagic fishes",0.125973542668331,0.0535188990255985,0.0892962323359538,0.17159012624816,0.234490718066581
30295,"flying birds",0.000308517172403652,0.000278020331223758,0.000304819410057156,0.000313083825017977,0.000321514919330275
30295,"large divers",0.000942716853071143,0.000309162620617048,0.000567624226927123,0.00201676429867298,0.0104858833340891
30295,"leopard seals",0.000171702869559611,0.000101384736273799,0.000136279985925982,0.000195981403468408,0.000239094373142409
30295,"medium divers",0.0211482607908188,0.00836362009504456,0.0141534191085607,0.03172887649851,0.0419278068349668
30295,"mesopelagic fishes",0.0948359328482697,0.026451808269482,0.0687148248494841,0.138714468687159,0.187225530159437
30295,"mesozooplankton",0.904322307656195,0.470514138096078,0.671326368509487,1.06205252341357,1.2783458165949
30295,"minke whales",0.00134655232220954,0.000400291622534968,0.000712278110174841,0.003609751456884,0.897683334322892
30295,"orca",0.00045987121963461,0.000364543428290295,0.000432132465227188,0.000514679608349564,0.000921321971745338
30295,"other krill",0.59279508969321,0.0837114873122133,0.282027567426024,1.54883644540697,3.78960896272527
30295,"other macrozooplankton",0.997297243239041,0.441131333314832,0.817783338005369,1.2124871336344,1.47639290885816
30295,"salps",0.0564906939188887,0.0234151321993873,0.0442893445840376,0.0813922668584215,0.107742185417898
30295,"shelf and coastal fishes",0.251413701806328,0.141051649759591,0.215707336973112,0.285614153346374,0.321733415232592
30295,"small divers",0.00193175029891088,0.00113848903639218,0.00180453581680978,0.00205868521846298,0.0021833252228581
30295,"sperm whales",0.00123305938827352,0.000758522927272933,0.00103780226816924,0.00531320811120754,0.130449092084932
30295,"squids",0.00725308310311928,0.00477991694311532,0.0062920692515101,0.00860630151860231,0.0153819426836271
30295,"toothfishes",0.0542788550256149,0.00925531404822328,0.0347928779383507,0.0705795892009082,0.0940033000421503
30660,"antarctic krill",0.696989085504344,0.0891431793813605,0.382037046379786,1.25260225335207,1.86658354321467
30660,"baleen whales",0.0429320537168005,0.00915356571624533,0.0426670367803537,0.160142082857573,0.920353370929349
30660,"bathypelagic fishes",0.12635489674292,0.0530753578420308,0.0891548776441056,0.172601658041226,0.2354057463696
30660,"flying birds",0.000308430839986661,0.00027774359341971,0.000304713719335615,0.000312994647656758,0.000321479117037659
30660,"large divers",0.000942427362922328,0.000309410608443041,0.000567254696482877,0.00201365233746836,0.0104077429665934
30660,"leopard seals",0.000171678611583403,0.000101422264847508,0.000136518834192096,0.000196009835386753,0.000239162917731359
30660,"medium divers",0.0211477712209708,0.00836516579433077,0.0141602348768689,0.0316704581706214,0.0419222806475042
30660,"mesopelagic fishes",0.0940887058567851,0.0263278942349418,0.0683983549133938,0.138797069154896,0.187674922866442
30660,"mesozooplankton",0.85243934155618,0.395755081262942,0.614836274459815,1.00804422442952,1.22040915278253
30660,"minke whales",0.00134586175189305,0.000400594601151771,0.000712823388289636,0.00359624812726844,0.887673815380518
30660,"orca",0.000459857665853033,0.000364767725733795,0.000432157713837252,0.000514532292900851,0.000920036019615697
30660,"other krill",0.552746717674836,0.0757625028560456,0.257244285705933,1.52010189592445,3.77111057512268
30660,"other macrozooplankton",0.916757576575923,0.402120068563729,0.754328668307682,1.12511053074549,1.37668826889743
30660,"salps",0.0553836880861944,0.0227459913385843,0.0432011774908821,0.0805541605865821,0.106845259232302
30660,"shelf and coastal fishes",0.251787275921675,0.141253279023771,0.216047113886456,0.285859472050383,0.322087499432737
30660,"small divers",0.00192942143085969,0.00113673695996625,0.00180340197017109,0.00205741097092986,0.00218294008343307
30660,"sperm whales",0.00123246514616819,0.000758764227908728,0.00103756538748795,0.00530521093876036,0.130214917665862
30660,"squids",0.00727190283577313,0.00480478234276823,0.00630761455676872,0.00861928662201374,0.0153886365570933
30660,"toothfishes",0.0542773591717005,0.00929525232394128,0.0348333242206743,0.0705772289545128,0.094016769431219
31025,"antarctic krill",0.692480728992733,0.0885421619405708,0.376090383753151,1.24795097381816,1.86358589625967
31025,"baleen whales",0.0428908819588374,0.0091552508250499,0.0426254933821621,0.159950739513852,0.919189086911749
31025,"bathypelagic fishes",0.126228482839275,0.0531861199108303,0.0889655027594082,0.172775958303092,0.235362344487583
31025,"flying birds",0.000308500791127102,0.000277885036633166,0.000304817285965728,0.000313039367278296,0.000321469236358197
31025,"large divers",0.000942202522779533,0.000309779498286613,0.000566708707146913,0.00201055215653121,0.0103297027898625
31025,"leopard seals",0.000171686315175479,0.00010136298080575,0.000136672381414491,0.000195951182391772,0.000239239224377096
31025,"medium divers",0.0211267013150102,0.00836598894474938,0.0141677100724433,0.0316199104519841,0.0419194019877926
31025,"mesopelagic fishes",0.0937018735007349,0.0263667289189572,0.0681722221058733,0.138403958602818,0.186967236216239
31025,"mesozooplankton",0.878400405635605,0.448423420919494,0.639592073543482,1.04655642615214,1.26818327128001
31025,"minke whales",0.00134554569536672,0.000400922688029264,0.000713523570459159,0.00358297150417567,0.880889655539795
31025,"orca",0.000459871044425087,0.000365011274204436,0.000432219040130222,0.000514404246958154,0.000918789006078723
31025,"other krill",0.572893966254087,0.0737257996007872,0.261443867403683,1.55069786756276,3.91597231020422
31025,"other macrozooplankton",0.936117197730959,0.389901049911554,0.749944009182528,1.13762752946081,1.43245944815441
31025,"salps",0.0553035462759636,0.0225156646727136,0.042895120447663,0.0804131117459964,0.106801203344585
31025,"shelf and coastal fishes",0.252194434407853,0.141668807632732,0.216463277977092,0.286142673264942,0.322407979268832
31025,"small divers",0.00192894232399755,0.00113729859220093,0.00180390933838521,0.00205752472026659,0.00218284827044375
31025,"sperm whales",0.00123190672338717,0.000759029784812328,0.00103733890843407,0.00529723122733241,0.129981227988706
31025,"squids",0.00728763522050595,0.00481975311425136,0.00632803143855733,0.00863226322180508,0.0153972304795105
31025,"toothfishes",0.0543163605350656,0.00934164251023133,0.0348683832164125,0.0705893275902897,0.0940453202964779
31390,"antarctic krill",0.681320638221031,0.0850498915943985,0.363445493326375,1.24625748030176,1.85741942573463
31390,"baleen whales",0.0428497730094216,0.00915632161519559,0.0425839305832751,0.159759533557775,0.918026200383369
31390,"bathypelagic fishes",0.125675973955869,0.052729134156982,0.0884142349238277,0.172227830139589,0.234948185346136
31390,"flying birds",0.000308433148629285,0.000277673615348264,0.000304663244881177,0.000312946211831136,0.000321448357014091
31390,"large divers",0.000942121106199256,0.000309707709073564,0.000567232198104677,0.00200744382508606,0.0102530572496167
31390,"leopard seals",0.00017193034822301,0.000101430221710334,0.000136676393065927,0.000195924962075152,0.000239265412481158
31390,"medium divers",0.0211286998446499,0.00836725410846246,0.0141736516813545,0.0315807636499497,0.0419118262771971
31390,"mesopelagic fishes",0.0929224874196215,0.025881146502472,0.0672342131829605,0.137432498424464,0.186546158225093
31390,"mesozooplankton",0.828759022697097,0.340321297638247,0.580079235925692,0.992203919083944,1.21817294857501
31390,"minke whales",0.00134478740240999,0.000401756792403197,0.000715190981891836,0.00356955782763505,0.874386563763267
31390,"orca",0.000459884182201386,0.000365219091572857,0.000432283875928806,0.00051424397968442,0.000917483762455482
31390,"other krill",0.557706124886456,0.0671075829365738,0.247904600458972,1.55408231650876,3.93599851628002
31390,"other macrozooplankton",0.919478590414585,0.379128395245463,0.734443343894441,1.11404079588402,1.38151651768353
31390,"salps",0.0542744190561164,0.0217897224654994,0.041840436190651,0.0801075298611441,0.106612843164206
31390,"shelf and coastal fishes",0.252565413111155,0.142138250189362,0.216926457782062,0.286618977094966,0.322771502042246
31390,"small divers",0.00192550191128043,0.00113433827037389,0.00179973478538268,0.00205708727394581,0.00218150111615168
31390,"sperm whales",0.00123130102298525,0.000759257704243918,0.00103709681843417,0.00528926156578128,0.129747877558643
31390,"squids",0.00731714536425923,0.00485508793464189,0.0063509843534758,0.00866500479871436,0.015415074661633
31390,"toothfishes",0.0543208389174528,0.0093975659129798,0.0348915171498364,0.0705788184100072,0.0941315581152697
31755,"antarctic krill",0.687120188677149,0.0848684347324087,0.364929819523608,1.24504495850356,1.87034070229512
31755,"baleen whales",0.0428087013354196,0.0091581259405218,0.0425425065494649,0.159568694518669,0.916864906383923
31755,"bathypelagic fishes",0.124789448339615,0.0525187687668318,0.0877830749866877,0.171244124126113,0.233598153737973
31755,"flying birds",0.000308512561170547,0.000277857859577806,0.000304827031573149,0.000313016173155185,0.000321436555226261
31755,"large divers",0.000941549200359877,0.000310060164886428,0.000567473327757267,0.00200432335569308,0.0101758234021149
31755,"leopard seals",0.000171999153992667,0.000101364077501977,0.000136669944168384,0.000195852270440321,0.000239279787512092
31755,"medium divers",0.0211246130864475,0.00836973081547574,0.0141808050788465,0.0315369981544834,0.0419070504974366
31755,"mesopelagic fishes",0.0924829837015436,0.0256401122391015,0.0669642934676462,0.13671506102709,0.185332554872232
31755,"mesozooplankton",0.895275458540728,0.467356671898584,0.657406568263754,1.06002541219085,1.28227931474528
31755,"minke whales",0.00134143769132473,0.000402308675758048,0.000715364354347513,0.00355697605974287,0.868861281946949
31755,"orca",0.00045991583592432,0.000365472743761426,0.00043238642269201,0.000514128446851015,0.000916266970500662
31755,"other krill",0.580740629755831,0.0686820009600615,0.262528561400842,1.59846813900922,4.10236608162647
31755,"other macrozooplankton",0.944419050770303,0.392405218201446,0.758913151260682,1.15246745969396,1.44099130404044
31755,"salps",0.05495828926838,0.0219913501780402,0.0421934769082325,0.0801719840350728,0.106760345922283
31755,"shelf and coastal fishes",0.252717305416602,0.142265976385504,0.216975391597909,0.286690448383256,0.322717943909269
31755,"small divers",0.00192659942570275,0.00113539152900679,0.00180019225556453,0.00205769395952343,0.00218217694431615
31755,"sperm whales",0.00123075546890755,0.000759525483801318,0.00103687441420891,0.00528131146390846,0.12951505779776
31755,"squids",0.00732503870174303,0.00485149549031852,0.00636296277773159,0.00866049418789256,0.0154131750256585
31755,"toothfishes",0.0543172613895436,0.00944990911669169,0.034923044887271,0.0705809934762974,0.09415053710312
32120,"antarctic krill",0.696410360237226,0.0849106127611451,0.369244515893526,1.25415862910863,1.88182299638673
32120,"baleen whales",0.0427676796461176,0.00916009346788667,0.0425011479862743,0.159378116931768,0.915705117506103
32120,"bathypelagic fishes",0.124982311398423,0.0527738903195959,0.0878947325362277,0.171099320119545,0.233473912465596
32120,"flying birds",0.000308574512696648,0.000278246360310511,0.000304948974792922,0.000313070854249752,0.000321433827636951
32120,"large divers",0.000941778878802867,0.000310404951768324,0.000567803029828005,0.00200143633691146,0.0100989651815027
32120,"leopard seals",0.000172003518089235,0.000101297401757871,0.000136657998143452,0.000195878490383763,0.00023930470815207
32120,"medium divers",0.0211195573198487,0.0083715148399601,0.0141861397154691,0.0314926616169331,0.0418720352454208
32120,"mesopelagic fishes",0.0934627464561651,0.0258537371877549,0.0674570459756954,0.136712602062366,0.185298745695454
32120,"mesozooplankton",0.871955496083205,0.421493880007235,0.639774763143313,1.0304757340588,1.24931716395014
32120,"minke whales",0.00134100624824134,0.000402543356079279,0.000716631010584559,0.00354439863514004,0.865810953116308
32120,"orca",0.000459951773339315,0.000365736867353446,0.00043249788558904,0.000514021297496826,0.000915067548869887
32120,"other krill",0.58808297067019,0.0700579580580174,0.26832135773917,1.59245358921464,4.03659905886243
32120,"other macrozooplankton",0.97379606636119,0.406245285314121,0.780677950187026,1.174613738626,1.45109070103798
32120,"salps",0.0554969599450395,0.0222933750308762,0.0427066494373357,0.0805841317577759,0.106834027345052
32120,"shelf and coastal fishes",0.252770738703551,0.142602931630382,0.217080873192548,0.286790341395214,0.322662457569179
32120,"small divers",0.00192981255758541,0.00113791085803509,0.00180283990591889,0.00205847507325012,0.00218303340322603
32120,"sperm whales",0.00123021850532341,0.000759798100954082,0.00103665537412844,0.00527337617387913,0.129282677050305
32120,"squids",0.00732089392689528,0.00484741696619967,0.00636197393206297,0.00864649267226456,0.0154042110485622
32120,"toothfishes",0.0543214244322477,0.00950262151140641,0.0349583668536413,0.0706835027953723,0.0941567477004892
32485,"antarctic krill",0.696961373536456,0.0848224350366574,0.37098168815935,1.25146354667623,1.8743000867169
32485,"baleen whales",0.04272670799574,0.00916196493923697,0.0424598268647422,0.159187759505658,0.914546792199585
32485,"bathypelagic fishes",0.1249928946466,0.052624855477601,0.0881532201476487,0.170758128473444,0.232603550817351
32485,"flying birds",0.00030864864021062,0.000278577508638127,0.00030501067616506,0.000313097942197817,0.000321397560764778
32485,"large divers",0.00094102241265,0.000310703059018733,0.000568068311121164,0.00199854149207731,0.0100225045359849
32485,"leopard seals",0.000172054733282537,0.00010122625329547,0.00013669669209128,0.000195944632099297,0.000239352788212986
32485,"medium divers",0.0211137007369608,0.00837245794777051,0.0141947941905829,0.0314444912094829,0.0418431627324521
32485,"mesopelagic fishes",0.0938302548752144,0.025761218996022,0.0678312046434954,0.136604141434198,0.185372642293448
32485,"mesozooplankton",0.878963920752308,0.447137182742085,0.650575580018974,1.03480900301416,1.2489720486444
32485,"minke whales",0.00134043014916113,0.000402556712006808,0.000715628533814272,0.00353177367123752,0.862770639736749
32485,"orca",0.000459995186492426,0.000366012116644412,0.000432618603774127,0.000513921729209051,0.000913882942117098
32485,"other krill",0.582018713933272,0.0705466193390226,0.265717126610918,1.56161419349091,3.91142675440508
32485,"other macrozooplankton",0.947504669526498,0.405437476310079,0.773094881382154,1.15464373456016,1.41854649132144
32485,"salps",0.0555821787281974,0.0225466199299106,0.043070366962637,0.0805470303984774,0.106720586988143
32485,"shelf and coastal fishes",0.252677034595698,0.142752803552739,0.21696602490524,0.286603463117764,0.322708771994215
32485,"small divers",0.00193262076870256,0.00114044036154894,0.00180605176143483,0.00205862187743474,0.00218326608843399
32485,"sperm whales",0.00122968348211149,0.00076000824902779,0.00103643763755884,0.00526545488341426,0.129050718650974
32485,"squids",0.00730929156700677,0.0048350135779992,0.00635561106509662,0.00862419061270626,0.0153844100617867
32485,"toothfishes",0.0543369091902836,0.00954542055059113,0.0349912536521218,0.0706883185822882,0.0941570526234554
32850,"antarctic krill",0.699286342458574,0.0851994583740303,0.373258514144879,1.25165072513207,1.87066582092288
32850,"baleen whales",0.0426616630693104,0.00907190923217287,0.0404779368941586,0.152586270794862,0.905640715656651
32850,"bathypelagic fishes",0.125270907177877,0.0532237529608913,0.0886110769028046,0.170802315564299,0.232602082032261
32850,"flying birds",0.000308647787449233,0.00027868883285986,0.000305016003178601,0.000313088109944055,0.000321367736974451
32850,"large divers",0.000940791038744733,0.000311148102591482,0.000568314282038836,0.00199563079760644,0.00994692616674692
32850,"leopard seals",0.000172104557626631,0.000101162320476871,0.000136779925716389,0.00019602207801565,0.000239406840619752
32850,"medium divers",0.0211098298218993,0.00837719817269097,0.0142056111275106,0.0313997094329175,0.0418257925337249
32850,"mesopelagic fishes",0.0941991976141441,0.0261633870412794,0.0681786356080426,0.137031069671228,0.186030508065872
32850,"mesozooplankton",0.894238150842856,0.466953424621771,0.663699343075231,1.05502236935227,1.27470749807368
32850,"minke whales",0.00134015727844404,0.000403334959402537,0.000716066376170251,0.00352040627425246,0.859740316170415
32850,"orca",0.00046001513745926,0.000366278710334044,0.000432733080600903,0.00051381104770038,0.000912676473719631
32850,"other krill",0.590953370609451,0.0738048204923272,0.271278828209243,1.56855113713387,3.9059610960615
32850,"other macrozooplankton",0.964670784966323,0.40760837796602,0.777755621222441,1.17197427250761,1.45964510761364
32850,"salps",0.0558700539728487,0.0227722833309307,0.0433933133055206,0.080701652199699,0.106972373281593
32850,"shelf and coastal fishes",0.252798971135749,0.143183047745451,0.217079860467384,0.286688160882326,0.322719361389515
32850,"small divers",0.00193361604217326,0.00114218002291755,0.00180821261013392,0.00205855990997414,0.0021830520356159
32850,"sperm whales",0.00122913228636422,0.000760164091551256,0.00103621518981236,0.00525754654647313,0.128819148030453
32850,"squids",0.00731151350321169,0.00484107594178407,0.00635557673927344,0.00861728706450661,0.0153712820113401
32850,"toothfishes",0.0544047496429103,0.00956766206211959,0.0350239159954244,0.0706956488337944,0.0941585292743415
33215,"antarctic krill",0.706651944884456,0.0872370644093759,0.381972229425188,1.26309435149373,1.87479272635698
33215,"baleen whales",0.0421721875107845,0.00884873754058887,0.032694998601933,0.127542072131825,0.837481565434272
33215,"bathypelagic fishes",0.126836759316706,0.054926982807501,0.0909756891998174,0.171782536727101,0.233023546848424
33215,"flying birds",0.000308673029638809,0.000278862647375965,0.000305075585821387,0.000313094743424558,0.000321341425408777
33215,"large divers",0.000940550410917467,0.000311634321799172,0.000568422793176544,0.00199272122711144,0.00987184463076231
33215,"leopard seals",0.000172121148053949,0.000101174894828959,0.000136734381518099,0.000196175138202305,0.000239458232892125
33215,"medium divers",0.0210952503043028,0.00838169626104708,0.0141887187706239,0.031368364492827,0.0418152104406391
33215,"mesopelagic fishes",0.0955792307806744,0.0267152369684792,0.0697845653248041,0.138599508022052,0.186809591970052
33215,"mesozooplankton",0.922076249804492,0.507621945347703,0.694756028895518,1.07909006908867,1.29698282628408
33215,"minke whales",0.00133960660999016,0.000403869689968018,0.000716481449241728,0.00350907790906325,0.856719977105728
33215,"orca",0.00046004805777447,0.000366551835914165,0.000432847106874304,0.000513703697792021,0.000911477748627713
33215,"other krill",0.606426259805405,0.0812961889195287,0.285480620239882,1.58151153009764,3.89709590670782
33215,"other macrozooplankton",1.00562816564521,0.425215483024153,0.808319229646738,1.21509197500714,1.5059911807985
33215,"salps",0.056705315662221,0.023282174337896,0.044115004745807,0.0816424797283913,0.107652881711094
33215,"shelf and coastal fishes",0.253122912548993,0.143873677714818,0.217363610553752,0.286883767917228,0.322866892543907
33215,"small divers",0.00193462801837984,0.00114435656716997,0.00181025948397739,0.00205885135406357,0.00218288831639445
33215,"sperm whales",0.00122858547503897,0.0007603212254566,0.00103599403323196,0.00524965243745159,0.128588001811835
33215,"squids",0.00731317754985236,0.00485419790220212,0.00635734872917231,0.00861781656610538,0.0153626488748338
33215,"toothfishes",0.0544548473202308,0.0095925988921638,0.0350716401278194,0.0707043584857195,0.0941630768885092
33580,"antarctic krill",0.708981372996764,0.0893398049167656,0.388897341281818,1.26649775710315,1.87055805380318
33580,"baleen whales",0.0414882949910465,0.00874543002278415,0.0280217549267404,0.11998798947091,0.786750506658154
33580,"bathypelagic fishes",0.128396052786212,0.0569275153186144,0.0926834921912292,0.173727000729128,0.236312547569412
33580,"flying birds",0.000308695475907188,0.00027909657351844,0.000305137016723627,0.00031312210776216,0.000321370133370811
33580,"large divers",0.000940375475233492,0.000311973288509156,0.000568477975906277,0.00198899842452944,0.00979717515976826
33580,"leopard seals",0.000172130378351818,0.000101187042997738,0.000136738112310033,0.000196165617162836,0.000239415580587094
33580,"medium divers",0.0210911969960486,0.00837744979637303,0.0141876431658928,0.0313054836787882,0.0418026972702859
33580,"mesopelagic fishes",0.0978840388347749,0.0273066387981449,0.0719572993795569,0.140492977762921,0.188528170576131
33580,"mesozooplankton",0.90590836061021,0.485539670247523,0.682178263903179,1.05973205956614,1.26994150247024
33580,"minke whales",0.00133537183745076,0.000404373961626237,0.000715731898791077,0.00349771717149529,0.853709580524241
33580,"orca",0.000460089387812942,0.000366834722067455,0.000432954676386362,0.000513602415029272,0.000910293055508518
33580,"other krill",0.597116400238564,0.08427156965282,0.282502568318448,1.55612780923953,3.7838623203132
33580,"other macrozooplankton",0.998057789020651,0.433310217014065,0.814347833000738,1.21082432913954,1.47595393345368
33580,"salps",0.0574098250298072,0.0239462065024136,0.0447614670613407,0.0828354987356426,0.10871229589817
33580,"shelf and coastal fishes",0.253648614774853,0.147003088585737,0.217721209437514,0.287111330591739,0.323271743897326
33580,"small divers",0.0019356212756635,0.00114711987266749,0.00181256003103175,0.0020594673781518,0.00218271529740343
33580,"sperm whales",0.00121947943125275,0.000757939801975395,0.00103130075348799,0.00522159303547733,0.128291258649331
33580,"squids",0.00731799515966867,0.00490931294632249,0.00637421798344046,0.00862056340117856,0.0153561278402984
33580,"toothfishes",0.0544909887004713,0.00962447479269436,0.0352099032353211,0.0707102309366913,0.0941755650799256
33945,"antarctic krill",0.7041162413284,0.0893564139234631,0.384521510104158,1.25448412303675,1.85508402686958
33945,"baleen whales",0.0400295044267267,0.00502103689075678,0.0228790170827238,0.107233310080767,0.749409161100805
33945,"bathypelagic fishes",0.131087757764801,0.0585098473979472,0.0942494767576041,0.176361365822239,0.238835143839294
33945,"flying birds",0.000308634832964813,0.000278920260741002,0.000305089702292468,0.000313068302004246,0.000321395843529354
33945,"large divers",0.000940242992952287,0.000312323542063726,0.000568584978845046,0.00198399988093879,0.00972928886783969
33945,"leopard seals",0.000172246890624349,0.000101170727317645,0.000136898035934876,0.000196230569193053,0.00023924045477387
33945,"medium divers",0.0210873754766927,0.00839279309519918,0.0141910193164788,0.0312433517940034,0.0417850410781743
33945,"mesopelagic fishes",0.100054216139612,0.0276130303897248,0.0733139013754585,0.142756834019751,0.189890814615852
33945,"mesozooplankton",0.886082872499415,0.451413713078924,0.65406429910359,1.04704167208884,1.26395213901993
33945,"minke whales",0.00133526933102399,0.00040581863814151,0.000715392640781867,0.00348661440972142,0.850709032844687
33945,"orca",0.000460110966097904,0.000367091906027931,0.000433044626815086,0.000513475655439287,0.000909062943203103
33945,"other krill",0.574865650852144,0.0804857336977087,0.268191904216119,1.52833362575569,3.74129631814896
33945,"other macrozooplankton",0.962633072110605,0.420687868390368,0.787038141598569,1.17457216896775,1.44470036996593
33945,"salps",0.0574780507063344,0.0239277267434932,0.0446371052580741,0.0834088026811933,0.109314977173688
33945,"shelf and coastal fishes",0.254594402920556,0.151403140828285,0.218575110697117,0.288233769742359,0.323798209323353
33945,"small divers",0.00193443633926527,0.00114757060818676,0.00181172252793285,0.00205895913966123,0.00218276769584656
33945,"sperm whales",0.00111261104553759,0.000717106217020959,0.000916877331251897,0.00485224455291303,0.121866338872499
33945,"squids",0.00734962284380231,0.00502470767980694,0.00641182652175021,0.00865614555124015,0.0153672390156978
33945,"toothfishes",0.0546166293495231,0.00968466713203046,0.0353038885196647,0.0708003888870462,0.0942046910597785
34310,"antarctic krill",0.698421029480626,0.0886115419893492,0.377392077087352,1.25127679698939,1.85297749956188
34310,"baleen whales",0.0388348039987707,0.00321448735089997,0.0199888924854857,0.100291147024311,0.718079303627656
34310,"bathypelagic fishes",0.133646676682943,0.059213715156899,0.0969581660191251,0.178580890926249,0.242660660122086
34310,"flying birds",0.000308629077891836,0.000278555802726741,0.000304994280390719,0.000313056183679525,0.000321339543902805
34310,"large divers",0.000940314557307656,0.000312961728371475,0.000568608245105656,0.00198127783093282,0.00966860440657656
34310,"leopard seals",0.000172361832718571,0.000101093158636747,0.000137011777115126,0.000196251724673437,0.000239118883618012
34310,"medium divers",0.0210750221045252,0.00840375933227056,0.0141792438304115,0.0311826170399432,0.0417756639846058
34310,"mesopelagic fishes",0.101041998861857,0.0275742608681862,0.0739432023673062,0.144562316819873,0.191053965311235
34310,"mesozooplankton",0.896332263924503,0.467431661282468,0.661327063328918,1.06157612125058,1.28510641832308
34310,"minke whales",0.00133500486715729,0.000407799246306546,0.000716742369432677,0.00347566153335943,0.847718321436918
34310,"orca",0.000460138076339881,0.000367331417372426,0.000433121309527304,0.000513333546694538,0.000907810077262169
34310,"other krill",0.573529820700549,0.0787498910589815,0.263842614103726,1.55276892426428,3.82150881986854
34310,"other macrozooplankton",0.964437814862482,0.405288504340813,0.776386160511518,1.17456639538569,1.45701085320221
34310,"salps",0.0574771978423113,0.0236636842391016,0.0442988040971879,0.0843081684336159,0.109675236013563
34310,"shelf and coastal fishes",0.255852733738607,0.153038424920966,0.220277358239914,0.28908562693177,0.324529414198287
34310,"small divers",0.00193106441107085,0.0011462774136617,0.00180895667310072,0.00205894097294934,0.00218271008237409
34310,"sperm whales",0.00102175423203663,0.000635208396926836,0.000764986906184415,0.00422168055964,0.107848203869655
34310,"squids",0.00740425303209354,0.00515042755187169,0.00648672944190159,0.00872976061900995,0.0155223009237411
34310,"toothfishes",0.0546612467679092,0.00971983303434385,0.0354330631724949,0.0708535047727082,0.0942844756851502
34675,"antarctic krill",0.689705637304785,0.0878367738141692,0.372512106155246,1.24701059764113,1.85047932177031
34675,"baleen whales",0.0378123394686402,0.00225347577417415,0.018242403079988,0.0967436622107574,0.69674463973078
34675,"bathypelagic fishes",0.136324849616635,0.0599635829550538,0.0984647061854477,0.181176930337886,0.244856108032822
34675,"flying birds",0.000308744839684091,0.000278810810990605,0.000305121670563244,0.0003131330355135,0.000321392131367042
34675,"large divers",0.000940332157757523,0.000313414198978787,0.00056785366580319,0.00197606279625805,0.00960784334327867
34675,"leopard seals",0.000172472737049641,0.000101071547596276,0.000137161827067034,0.000196218921114632,0.000239116292930321
34675,"medium divers",0.021073161617863,0.00840083514189826,0.0141682680786078,0.0311245748778992,0.041770603564017
34675,"mesopelagic fishes",0.102459863534175,0.0277064720268889,0.0750456926210605,0.14664531125609,0.192446709351622
34675,"mesozooplankton",0.873860126977585,0.433403832089908,0.636813958905333,1.03245204274425,1.25120004631364
34675,"minke whales",0.00133503736430046,0.000408423474293721,0.000716874133660836,0.00345806016432301,0.844737540468574
34675,"orca",0.000460168262321394,0.000367596830389577,0.000433212106402017,0.000513217257552831,0.000906613108060415
34675,"other krill",0.570338715943851,0.0756457689197564,0.259755227146447,1.55144791633543,3.83774666749657
34675,"other macrozooplankton",0.958384929224241,0.400701488703917,0.774410477800744,1.16680299979428,1.43005566482202
34675,"salps",0.0574682163839015,0.0235067581262482,0.0442339190992105,0.0847395628023446,0.109960601810717
34675,"shelf and coastal fishes",0.257636007050659,0.156987652719565,0.221787551742649,0.290012589721282,0.325174919982168
34675,"small divers",0.00193097092535127,0.00114745327991442,0.00180878150047554,0.00205940720639831,0.00218309338537853
34675,"sperm whales",0.000985483795043744,0.000557630684846077,0.0007081047301736,0.00391177236386684,0.0949037736943862
34675,"squids",0.0074651435083022,0.00529329501929236,0.00657098996018651,0.00877475004724923,0.0155426731385962
34675,"toothfishes",0.0547311571136882,0.00973231504298128,0.035509228595636,0.07091890202186,0.0943255780797477
35040,"antarctic krill",0.673140469213472,0.0850712182328021,0.362496648734073,1.23495373943701,1.83712574311543
35040,"baleen whales",0.0369155926296948,0.00153264959799907,0.0167846365712132,0.0922580148426508,0.681256051603779
35040,"bathypelagic fishes",0.137572630930775,0.05923313013086,0.0989269204787077,0.182371269457505,0.245939401243142
35040,"flying birds",0.000308675002747348,0.000278242665718099,0.000304986206111945,0.000313034538221496,0.000321405165771486
35040,"large divers",0.000940240733835492,0.000313472619259116,0.000567634637043974,0.00197263828241104,0.00954804058166636
35040,"leopard seals",0.000172586596156336,0.000101016862671253,0.000137350325599406,0.000196189935335357,0.000239154746468665
35040,"medium divers",0.0210732885886309,0.00840141711440457,0.014176827713721,0.0310923434354252,0.04176851677424
35040,"mesopelagic fishes",0.102195433290658,0.0272556224395703,0.0746897166028821,0.147147216085691,0.193853160865513
35040,"mesozooplankton",0.874710607556651,0.428407575919184,0.635390968810574,1.03977485610965,1.26106632299166
35040,"minke whales",0.00133530356968089,0.000408923872527435,0.000717290171384174,0.00343927374738601,0.841766426042626
35040,"orca",0.000460188849592259,0.000367819576847144,0.000433275961445772,0.000513064057073467,0.000905352300375877
35040,"other krill",0.564010215883092,0.0701759592392528,0.252963886020212,1.55564395067495,3.86955572927884
35040,"other macrozooplankton",0.931372511300641,0.387421691499153,0.74789550106742,1.13298345600919,1.40327138298202
35040,"salps",0.0567793109312041,0.0229247256399983,0.0434767630606135,0.0851019943257077,0.109994291744268
35040,"shelf and coastal fishes",0.259461448035592,0.159508679628185,0.223307258832563,0.290980210158187,0.325916218514742
35040,"small divers",0.00192732521471521,0.00114431454785382,0.00180387725895274,0.00205879659485884,0.00218255965544807
35040,"sperm whales",0.000928891468114,0.000477596531876424,0.000644326665909461,0.00368985615901719,0.0881905858346872
35040,"squids",0.00754248416173538,0.00542517117994251,0.00662071072159272,0.00885853462628918,0.0155638037893377
35040,"toothfishes",0.0548579984382938,0.0101112172731663,0.0356816932549105,0.0709673067753426,0.0943824098146974
35405,"antarctic krill",0.661520360929887,0.0826567721189477,0.354439081264067,1.22405965164141,1.8288136564404
35405,"baleen whales",0.0362703772173853,0.00104189616658022,0.0148834265765701,0.0871929020640544,0.673853966181759
35405,"bathypelagic fishes",0.137173966457543,0.0580732252852887,0.0978123063900738,0.181264515726659,0.246121000105444
35405,"flying birds",0.000308614306832779,0.000277958342742395,0.00030492415508656,0.000313000478480884,0.000321393080217281
35405,"large divers",0.000939968594809918,0.000313539584900255,0.000567242577112759,0.0019689469644143,0.009490732964964
35405,"leopard seals",0.000172679576558088,0.000100979415918785,0.000137426753053467,0.000196217356754292,0.000239177587813317
35405,"medium divers",0.021065114512463,0.00840961190366579,0.0141827547152395,0.0310603274161294,0.0417519853085689
35405,"mesopelagic fishes",0.101001678390218,0.0265815934249529,0.0732193723275672,0.145773862748175,0.192863386212091
35405,"mesozooplankton",0.8661652027342,0.42278646879455,0.629340705483764,1.0237586015157,1.23737932323005
35405,"minke whales",0.00133612948085466,0.000409249939939734,0.000717358628828067,0.00342402334736872,0.838805092057851
35405,"orca",0.000460202728375539,0.000368060226591659,0.000433352213433646,0.000512931825361641,0.000904137147955692
35405,"other krill",0.569555725938667,0.0676300626790379,0.257196532132388,1.55991905329691,3.93009757984611
35405,"other macrozooplankton",0.911095170231138,0.375498148074074,0.728507532784072,1.10775902257829,1.37211779074956
35405,"salps",0.0563517037027692,0.0224612275825529,0.0428389838601168,0.0847725198661118,0.109742555275775
35405,"shelf and coastal fishes",0.259921870235341,0.160425312053362,0.223846077811809,0.291287414791845,0.325901663953075
35405,"small divers",0.00192428860764212,0.00114159077530022,0.00179985848853451,0.00205838992198282,0.00218117989779347
35405,"sperm whales",0.000869285524309862,0.000410234845545487,0.000580059511962498,0.00335067851477082,0.0759364629724472
35405,"squids",0.00758195278202841,0.00554687221625933,0.00666451705277297,0.00889905591372492,0.015555383883531
35405,"toothfishes",0.0549351260238959,0.0102179411702559,0.0358747278089079,0.071078577773319,0.0944159589991236
35770,"antarctic krill",0.652483480389862,0.0798674624606256,0.344391148382428,1.21863798936815,1.82836765053914
35770,"baleen whales",0.0359575193541423,0.000899847478987144,0.0141912200548398,0.0863982743686928,0.668289700624903
35770,"bathypelagic fishes",0.135202056526395,0.0565004774532933,0.0956003360229374,0.179519627769528,0.245366085513685
35770,"flying birds",0.000308619965178315,0.000277887064359105,0.00030485485138746,0.000312925807146184,0.00032129833070151
35770,"large divers",0.000939457286085282,0.000314092674376275,0.000566913946301297,0.00196498961786663,0.00944125883362969
35770,"leopard seals",0.000172753999165835,0.000100961211299816,0.000137551584335371,0.000196372043439906,0.000239172460606766
35770,"medium divers",0.0210628319198323,0.00840450642230308,0.0141846747929175,0.031033954527424,0.0417309705900991
35770,"mesopelagic fishes",0.0994368919652815,0.0257664511619146,0.0713983734874262,0.143736860008206,0.192795669680349
35770,"mesozooplankton",0.84662686752679,0.384265379533865,0.60408574247499,1.00994021617936,1.2301265085601
35770,"minke whales",0.00133284850869379,0.000409185170848034,0.000718664902678554,0.00340740528412275,0.835853499018538
35770,"orca",0.000460207547736147,0.00036828362587448,0.000433421471281695,0.000512787645635054,0.000902903920668862
35770,"other krill",0.570012170978221,0.0644874213004133,0.256863968697098,1.57479466706488,3.99581638714952
35770,"other macrozooplankton",0.895452973000764,0.362228717725797,0.709603605577877,1.08307185628434,1.35163810241635
35770,"salps",0.0556879667932872,0.0219486390580208,0.0421433603659168,0.0842325398082462,0.109520754625815
35770,"shelf and coastal fishes",0.260212651181139,0.161982092352832,0.224639432890499,0.291645884578277,0.326841226370648
35770,"small divers",0.00192109100996944,0.00113771034088766,0.00179538741684984,0.00205791552084789,0.00217944568493479
35770,"sperm whales",0.000832843250841277,0.000374993322408387,0.000547668909011954,0.00318434784810243,0.0734359021272231
35770,"squids",0.00763299136272692,0.00561600344065287,0.00669646457501508,0.0089375605076641,0.015539592892235
35770,"toothfishes",0.0550319376677215,0.0105979141006309,0.0361320060082837,0.0711386993353323,0.0945052686840636
36135,"antarctic krill",0.663290758205518,0.0780960927703472,0.351610296844776,1.23991283168186,1.85506902272214
36135,"baleen whales",0.0353009627086016,0.000680687191607621,0.0132559632953017,0.0841312599559851,0.650337585123708
36135,"bathypelagic fishes",0.134812607147533,0.055902307179179,0.0954059894541041,0.179280862520876,0.244257801208656
36135,"flying birds",0.000308710416260499,0.000277913193823584,0.000304942639699008,0.000312990902612889,0.000321280369210064
36135,"large divers",0.000938892574941569,0.000314688844886479,0.000565632808391841,0.00195927146485731,0.00939193275559313
36135,"leopard seals",0.000172725804150052,0.000100943034409944,0.000137800041391301,0.000196365069831461,0.000239154497752483
36135,"medium divers",0.0210616146197412,0.00839975462851759,0.014190364748269,0.0310065765755079,0.0416839945680874
36135,"mesopelagic fishes",0.0998025951598764,0.0255719472638118,0.0712069549662754,0.143336482947167,0.193020672936627
36135,"mesozooplankton",0.923368230674887,0.498866480898661,0.683826174748718,1.08846071400184,1.31530506122298
36135,"minke whales",0.00133312915491401,0.000409543419383139,0.000719830472795692,0.00339671441052797,0.832911783537323
36135,"orca",0.000460222088820524,0.000368517222922605,0.000433503181926837,0.000512656916861944,0.000901699873533502
36135,"other krill",0.618903561474805,0.0725060502456308,0.284861312308112,1.64272108948565,4.12608598726408
36135,"other macrozooplankton",0.976857534221728,0.386460477355395,0.758232334440549,1.17344734024839,1.48447780642308
36135,"salps",0.0565790930782385,0.0220609555098599,0.0430063220183553,0.0853099815891303,0.11027481474289
36135,"shelf and coastal fishes",0.26005559766899,0.164379330931768,0.224401714754743,0.292813184045791,0.326743425644575
36135,"small divers",0.00192023779580242,0.00113645243252495,0.00179459913185611,0.00205838570195812,0.00218009848484685
36135,"sperm whales",0.000653806749348,0.00021999764300814,0.000345912429620543,0.00235468532695784,0.0569195649801646
36135,"squids",0.00767694896352564,0.00565342676156703,0.00673171655006826,0.00897612392379523,0.0155635736675098
36135,"toothfishes",0.0551102971207595,0.0106738923734896,0.0363032298799725,0.0712005009942308,0.0945358970479246
36500,"antarctic krill",0.669154867875877,0.0766622970649554,0.351655031337854,1.24475452334837,1.86282330124297
36500,"baleen whales",0.0347228246890787,0.00058641524997341,0.0128238376027047,0.0828142439305744,0.643675853174872
36500,"bathypelagic fishes",0.135040062102208,0.0556925852041795,0.0962787831497087,0.179710948703809,0.244417318234934
36500,"flying birds",0.000308681265639124,0.000277861501610823,0.000304904280159646,0.000312963593282441,0.000321276966466642
36500,"large divers",0.000938380697213539,0.000315090476167724,0.000565548276305164,0.00194758610170491,0.00934290144927067
36500,"leopard seals",0.000172769451115473,0.000100889391096506,0.000137851255841278,0.000196488004215009,0.000239236853994886
36500,"medium divers",0.0210632068774494,0.00840956706174133,0.0141953456156107,0.0309798220504532,0.0416735277176217
36500,"mesopelagic fishes",0.0999443123252303,0.0253704694270052,0.0715834863513538,0.14431385346059,0.193253423498634
36500,"mesozooplankton",0.858563057100836,0.383804841517268,0.617165662179267,1.01643508458041,1.23315173638525
36500,"minke whales",0.0013335891739018,0.000410650325959757,0.000721805631654236,0.003383980941735,0.829979717554913
36500,"orca",0.000460232053960704,0.000368739569308475,0.000433583106906202,0.00051251909159441,0.000900484689791995
36500,"other krill",0.591859310992303,0.06829480464968,0.273208098803608,1.59960957533238,4.02593229841048
36500,"other macrozooplankton",0.955753189532056,0.395674563821702,0.763495068974359,1.15200506333741,1.41079736619024
36500,"salps",0.0567319369892318,0.0221419975805572,0.0429427715904885,0.0856481657987123,0.110792066400215
36500,"shelf and coastal fishes",0.260322555321014,0.166261217380886,0.224275271933155,0.292944408459258,0.326976828218336
36500,"small divers",0.00191959130373368,0.00113413824749695,0.00179321411933277,0.00205821801208377,0.00218069083150616
36500,"sperm whales",0.000552759429563677,0.000148834025202224,0.000247805234264716,0.00195965464133701,0.0444852306543515
36500,"squids",0.00770763326286236,0.00569221445950995,0.00676142632483062,0.00901718050138323,0.0155631386751515
36500,"toothfishes",0.0552106056800215,0.0106703136036457,0.0365159208250123,0.0712598699249395,0.0945648796930974
36865,"antarctic krill",0.678379579052954,0.0770231510872533,0.361427562871553,1.24654616268228,1.86812644859987
36865,"baleen whales",0.0346908574648233,0.000597179024755995,0.0128206262449531,0.0827214638029995,0.64286611621461
36865,"bathypelagic fishes",0.136174866457574,0.0563078191277246,0.0973344923384482,0.181555721340206,0.245644991614116
36865,"flying birds",0.00030877686566167,0.00027791891070315,0.000305097730585592,0.000313024288607567,0.000321367260300008
36865,"large divers",0.000938226938851795,0.000315746190747392,0.000565396928263846,0.00193965879704034,0.00929389990769364
36865,"leopard seals",0.000172866309578025,0.000100864760210064,0.0001378940172835,0.000196567084815768,0.000239304064268092
36865,"medium divers",0.0210602045025044,0.00840813940945144,0.0141995884647112,0.0309506499335164,0.0416627110482067
36865,"mesopelagic fishes",0.101588154373979,0.0258028566904862,0.0729644519762431,0.145395466462063,0.194531553698537
36865,"mesozooplankton",0.941145107902949,0.533205195875159,0.70620077326081,1.09972972391324,1.31632064347187
36865,"minke whales",0.00133337609040334,0.00041115007386631,0.000721939150886959,0.00337107194096474,0.827057477937215
36865,"orca",0.000460265891409725,0.000368995513619691,0.000433681375224798,0.000512413743356416,0.000899333472975231
36865,"other krill",0.616432049325349,0.07636360894126,0.288817012320692,1.60538729141718,3.96228951230564
36865,"other macrozooplankton",0.98264611173519,0.41721398505369,0.785288077153456,1.19278890301754,1.48928336745083
36865,"salps",0.0580759828113708,0.0227781679159405,0.0441587845580863,0.0864127188123072,0.111452045547448
36865,"shelf and coastal fishes",0.260802531789716,0.169801060273833,0.224112129763262,0.293147159987033,0.327278514215001
36865,"small divers",0.00192386569685034,0.00113597911471413,0.00179782842227159,0.0020590150695256,0.00218220608780361
36865,"sperm whales",0.000553346464636887,0.000149968112206907,0.000248779475738369,0.00195760564891756,0.0444064535441183
36865,"squids",0.00774994374315569,0.0056997289633481,0.00677727649925462,0.00902972465608098,0.0155320382893518
36865,"toothfishes",0.0553284617563482,0.0107125122832673,0.0366884970376086,0.0713866895201256,0.0946522114978831
37230,"antarctic krill",0.695437541391436,0.0773411445349456,0.371873912469941,1.25535995028717,1.86942049850267
37230,"baleen whales",0.0346589418677098,0.000608124960393354,0.0128174576464101,0.0826288506191764,0.64205740660198
37230,"bathypelagic fishes",0.138339359450551,0.0574597279771138,0.0996417430326749,0.18365764091418,0.24734387184404
37230,"flying birds",0.000308803647600189,0.000278093801093047,0.000305149691128418,0.000313057453412915,0.000321335819172022
37230,"large divers",0.000938493056880061,0.000316217284750127,0.000565409898576744,0.00193812555679619,0.00924519345230569
37230,"leopard seals",0.000172962452199379,0.000100866175117889,0.000137955028291973,0.000196555482256977,0.000239300301759997
37230,"medium divers",0.0210583987107519,0.00840720485896615,0.0141987210153808,0.0309117093271352,0.0416521376539996
37230,"mesopelagic fishes",0.103795290908426,0.0264335564767138,0.0751347100290339,0.147747081758128,0.196608117325588
37230,"mesozooplankton",0.932359225142554,0.511996696650755,0.705798677906677,1.08496592623731,1.29753879518722
37230,"minke whales",0.00133374140287381,0.0004119483314592,0.000721467481842826,0.0033581595239645,0.824144860527821
37230,"orca",0.000460297113625546,0.000369246759402787,0.000433766061303936,0.000512303406939568,0.000898172093843713
37230,"other krill",0.623814247125221,0.0811326871018154,0.298625471319563,1.5972837135264,3.86628956421552
37230,"other macrozooplankton",1.02863346912143,0.436223103528227,0.821045767569179,1.23736487955591,1.52713983130451
37230,"salps",0.0591661203256831,0.0234752759324869,0.0450659331604052,0.0870935219991426,0.111983854488672
37230,"shelf and coastal fishes",0.260997617717693,0.172414875584028,0.224647865827091,0.293649569155033,0.327833019500229
37230,"small divers",0.00192702102968545,0.00113780171502237,0.00180204436778109,0.00205947372347651,0.0021828044651839
37230,"sperm whales",0.000553945982469477,0.000151119213622048,0.000249775035166094,0.00195557349758728,0.0443278252169931
37230,"squids",0.00778716658693826,0.00572662626702805,0.00680127754209174,0.00907094964265559,0.0156707759008055
37230,"toothfishes",0.0554595077498415,0.0111189995593739,0.0369497416739112,0.0715306516191954,0.0947413017300185
37595,"antarctic krill",0.693978740218462,0.0778890340697051,0.37424830262293,1.25283419372283,1.84997409500368
37595,"baleen whales",0.0346270754033513,0.000619204870838062,0.0128143206267041,0.0825363883473344,0.641249697760123
37595,"bathypelagic fishes",0.140180615631255,0.0587004553932277,0.101344803830986,0.186008344217479,0.249646894759506
37595,"flying birds",0.000308791889940881,0.000278034775654415,0.000305125140218772,0.000313024088855143,0.00032124421098198
37595,"large divers",0.000938146387381164,0.000316906767127226,0.00056459524759582,0.00193644696562153,0.00919687179814713
37595,"leopard seals",0.000172985381768612,0.000100881343881842,0.000137971062098234,0.000196664352682648,0.000239810053013615
37595,"medium divers",0.0210544365042157,0.00841319516147518,0.014208293112767,0.0308492496124213,0.04161891368436
37595,"mesopelagic fishes",0.105391947414511,0.0268747361150844,0.0764534044861841,0.149467371506863,0.197169441354533
37595,"mesozooplankton",0.90905292346938,0.476303225651086,0.673743113549713,1.06701873369616,1.27916915973264
37595,"minke whales",0.0013338742384958,0.000412317663850062,0.000720588912619,0.00334519242595349,0.821241799980764
37595,"orca",0.000460315732440146,0.000369478734223029,0.00043383577282072,0.000512175006426781,0.000896976480780816
37595,"other krill",0.594836835017892,0.0801941865584077,0.28163424619249,1.55108122768607,3.7756838695329
37595,"other macrozooplankton",0.98731370651459,0.434737800503502,0.804482771924067,1.20407917037445,1.47113382291961
37595,"salps",0.0591098311010231,0.0236380012335115,0.0449885566787232,0.0871565387455764,0.111988112940871
37595,"shelf and coastal fishes",0.261768581892403,0.172726098332688,0.22513368793598,0.294226844459155,0.328358006015511
37595,"small divers",0.00192784234145353,0.00113802742727569,0.00180406724792671,0.00205949759918144,0.00218345819961391
37595,"sperm whales",0.000554551146543774,0.000152270996772716,0.000250780083843148,0.00195354306008812,0.0442493303214206
37595,"squids",0.00786106218624164,0.00576828448323482,0.00683775876195738,0.00913577291456882,0.0156815686398498
37595,"toothfishes",0.0556807260233056,0.0112794302108044,0.0374675766464812,0.0716156628730246,0.0948154173349549
37960,"antarctic krill",0.670001893237298,0.0745792536253144,0.361486432500788,1.23216252420997,1.82064869593846
37960,"baleen whales",0.0345952504832814,0.000630375021486841,0.0128112006314683,0.0824440604449487,0.640442977168031
37960,"bathypelagic fishes",0.140293739922563,0.0589085628672831,0.101165342760113,0.186135146894928,0.249285077199695
37960,"flying birds",0.000308701811620082,0.000277895393166387,0.000305022058646745,0.00031297068221439,0.000321103831344164
37960,"large divers",0.000937023972475615,0.000317638378440559,0.000564096281862487,0.00192859368626266,0.0091488159720262
37960,"leopard seals",0.000173204509355655,0.000100861266282223,0.000137948902706465,0.000196755244007097,0.000239736918800323
37960,"medium divers",0.0210548793425614,0.00841648467597349,0.0142172464073089,0.0307872509169024,0.0416002385273424
37960,"mesopelagic fishes",0.104585020230334,0.0266140803740663,0.0757118327119436,0.149576906559113,0.196891554404371
37960,"mesozooplankton",0.854531311013092,0.405096834875906,0.618484293230528,1.00993513890229,1.22524486579616
37960,"minke whales",0.00133441801309694,0.000413394192191086,0.000721295487065667,0.00333206400178736,0.818348214547
37960,"orca",0.000460332445283157,0.00036970831291908,0.000433896388611413,0.000512044744248934,0.000895779809895118
37960,"other krill",0.552470184771667,0.0716319593587005,0.257046076429644,1.51922009340588,3.7608252444823
37960,"other macrozooplankton",0.910063673295184,0.401144109463947,0.743531222714697,1.11425903219193,1.36731213430128
37960,"salps",0.057693081262201,0.0230504414450369,0.0438255032421578,0.0863534837486846,0.111248148116141
37960,"shelf and coastal fishes",0.262310306716765,0.173532441765458,0.22547891698124,0.294834491381054,0.328721925410697
37960,"small divers",0.00192548081662057,0.00113626069556875,0.00180280937063938,0.00205882552353552,0.00218196972949449
37960,"sperm whales",0.0005551632610936,0.000153425442883863,0.000251795826825278,0.00195152362601263,0.0441709778556662
37960,"squids",0.00791932306885492,0.0057943617528099,0.00686456517108477,0.00921673619704236,0.0156930745268713
37960,"toothfishes",0.055744058396261,0.0115495339151452,0.0380981003647043,0.0717105956745969,0.094889306851521
38325,"antarctic krill",0.660923662469056,0.0733212953540682,0.354524412190836,1.22523127930641,1.81267664289667
38325,"baleen whales",0.0345634809697066,0.000641401029541087,0.0128081217042608,0.0823518927977733,0.639637369809251
38325,"bathypelagic fishes",0.139754485193558,0.0587138130863718,0.100899747739965,0.185357096657586,0.248919170324888
38325,"flying birds",0.000308774052855217,0.000277964099208543,0.000305120744585566,0.000312999145109347,0.000321004189130793
38325,"large divers",0.000936961002082031,0.000318198858923394,0.000564567695125139,0.00192614490987738,0.00910086821462262
38325,"leopard seals",0.000173374481497451,0.000100846765241087,0.000137990667676428,0.000196861958168748,0.000239681350223765
38325,"medium divers",0.0210429945124967,0.0084168595703521,0.0142180991103779,0.0307262952787653,0.0415846171134534
38325,"mesopelagic fishes",0.104089459159926,0.0264983210236249,0.0751202994968344,0.148918309090497,0.196268754168709
38325,"mesozooplankton",0.882870226648918,0.456178383036723,0.644866206304667,1.04740024153016,1.27083495058634
38325,"minke whales",0.00133457866449282,0.000414243783937142,0.000722173639646749,0.00331681747204537,0.815464274919821
38325,"orca",0.000460362677796292,0.000369960682836188,0.00043398223849595,0.000511934825351521,0.000894625641360405
38325,"other krill",0.574101723540564,0.0692193157207692,0.260365305652523,1.56493793149432,3.87133488894813
38325,"other macrozooplankton",0.932460008756974,0.385536365856247,0.740031757703297,1.13029360174076,1.41960018151426
38325,"salps",0.0573015559465667,0.022737780479336,0.0434123651972532,0.0861098641112795,0.110961665056372
38325,"shelf and coastal fishes",0.26236334275895,0.175851397000189,0.226027212527353,0.295122459127162,0.329053953427683
38325,"small divers",0.00192539742003973,0.00113680708043909,0.00180346936854652,0.002059065553218,0.00218097529368601
38325,"sperm whales",0.000555792103778277,0.000154601976977672,0.00025283777818002,0.00194954761342062,0.0440927992468596
38325,"squids",0.00797083095201467,0.00582216237560282,0.0068893433493681,0.00924530892684221,0.015705276537953
38325,"toothfishes",0.0559105446228026,0.0118403526050971,0.0386352952352869,0.0718394527083738,0.094993983411321
38690,"antarctic krill",0.650196328714656,0.0701379225339282,0.34193416161551,1.22314018258409,1.8209949915094
38690,"baleen whales",0.0345089049136073,0.000637207797230836,0.0127703778614106,0.0819815164803241,0.63857365813959
38690,"bathypelagic fishes",0.13856102450215,0.0579805908145687,0.0996417467254805,0.184256506407639,0.248324382834857
38690,"flying birds",0.000308686636704362,0.000277927338645111,0.000305042291828367,0.000312913155624133,0.000320821267496041
38690,"large divers",0.000936883718126641,0.00031922968166286,0.000565369780035461,0.00192359227296904,0.0090533825559441
38690,"leopard seals",0.000173428772929124,0.000100903254656395,0.000138100837720262,0.000196994319366176,0.000239675799543766
38690,"medium divers",0.0210448628440146,0.00841887408152785,0.0142198659963686,0.0307033298180229,0.0415570752860454
38690,"mesopelagic fishes",0.102694121118601,0.0259288125816073,0.0740579275051549,0.147462295785197,0.195315897144844
38690,"mesozooplankton",0.832187431300769,0.348856519883999,0.58469866373362,0.994099716867302,1.22083119532947
38690,"minke whales",0.00133301228854909,0.000413500053094166,0.000723641849739682,0.00329778486140876,0.812589718261718
38690,"orca",0.000460368947543569,0.000370178965261974,0.000434028232166957,0.000511793799170002,0.000893416332768221
38690,"other krill",0.557955450766949,0.0626817413120856,0.245978646132758,1.55968298701592,3.93635458093307
38690,"other macrozooplankton",0.916710694523046,0.36732109522701,0.7258644790978,1.10585054489098,1.37564378088283
38690,"salps",0.0560851288034436,0.0220326329936729,0.0422802054672679,0.0858172230699831,0.110822617691099
38690,"shelf and coastal fishes",0.262797144558032,0.176473509993138,0.226512157491407,0.295480746922162,0.329172005526749
38690,"small divers",0.00192142458087549,0.00113383310106391,0.0017989460929228,0.00205790958178327,0.00218154267081806
38690,"sperm whales",0.000553736985723154,0.000153515297649071,0.000250891401643686,0.00193058574189726,0.0438065726527387
38690,"squids",0.00801542245606364,0.00585137557463913,0.00691551201507195,0.00928229235120395,0.0157867243754988
38690,"toothfishes",0.0560672104557323,0.0120255174101769,0.038953960060885,0.0720877292271144,0.0951135582318164
39055,"antarctic krill",0.651865993791,0.0681741057310492,0.343193547928167,1.22589122298815,1.83235616867221
39055,"baleen whales",0.0337920671389474,0.000493149632890221,0.0122650191801257,0.079417689735421,0.634162288958154
39055,"bathypelagic fishes",0.137388284308359,0.0572477695011923,0.0987857907342118,0.182749852150694,0.246944401676429
39055,"flying birds",0.000308755572285685,0.000278003477939767,0.000305145069713835,0.000312974956423388,0.000320798895063782
39055,"large divers",0.000936410608545795,0.000319702723316498,0.000565998013190841,0.00192114232826345,0.00900581999620892
39055,"leopard seals",0.000173496721318838,0.000100899818696055,0.000138099245631126,0.000197054098697696,0.000239924908102623
39055,"medium divers",0.0210410601360703,0.00841915778415215,0.0142076948408041,0.0306760780053964,0.0415326298285539
39055,"mesopelagic fishes",0.102344504801588,0.0258022671139891,0.073707642440038,0.146404201233618,0.193817080068298
39055,"mesozooplankton",0.901566093192903,0.476507367519509,0.663016653072277,1.06287142244412,1.28602641546331
39055,"minke whales",0.00133079371062174,0.000412943218451236,0.000724943887804323,0.00327832797559011,0.809724766679887
39055,"orca",0.000460406454293534,0.000370447735289943,0.000434134040013465,0.0005116982576871,0.000892299609285539
39055,"other krill",0.581232078365621,0.0655675156578774,0.262201732846958,1.60845824944242,4.04706793532389
39055,"other macrozooplankton",0.941967171272795,0.377710384100676,0.74937590152298,1.14491794661097,1.43445125352521
39055,"salps",0.0566189356561723,0.0221090178923203,0.0426815890825182,0.0859259490355005,0.110955694541539
39055,"shelf and coastal fishes",0.26262938979453,0.176857109874409,0.226392874630655,0.295266699239178,0.329075024317686
39055,"small divers",0.00192242693253825,0.00113487124228503,0.00179949672287199,0.00205790278496196,0.00218042367242357
39055,"sperm whales",0.00043741960549971,9.25099925308092e-05,0.000157090161722723,0.00156943856213682,0.0342730691539002
39055,"squids",0.00801330483033497,0.00586751544578733,0.00692946549651036,0.00928687061426708,0.0158161960442252
39055,"toothfishes",0.0562194739748472,0.0125752239085768,0.0391673256296048,0.0721365102675631,0.0952087752148795
39420,"antarctic krill",0.663671671262626,0.0680964341012,0.348271525387596,1.23667434008159,1.84295115897924
39420,"baleen whales",0.0325510372277496,0.000314144961781019,0.0111686388457848,0.0752268899761,0.608952670620826
39420,"bathypelagic fishes",0.137488401133532,0.0572774904371267,0.0992453644147764,0.183039257921382,0.246407274781051
39420,"flying birds",0.00030882166540006,0.000278196482382723,0.000305257073058017,0.000312985454456277,0.000320756452243315
39420,"large divers",0.000936000180208133,0.000319779710534081,0.000565670094550539,0.00191869993454173,0.0089584418472842
39420,"leopard seals",0.00017355832638403,0.000100803473100963,0.000138158537854216,0.000197066378994704,0.00023985784624381
39420,"medium divers",0.0210363371307302,0.00841988581640913,0.0142103759179588,0.0306481433395114,0.0415199847476228
39420,"mesopelagic fishes",0.103055218250391,0.0260498912617376,0.0746269314422036,0.146863439228295,0.194002470774228
39420,"mesozooplankton",0.878217469961898,0.428737832071147,0.642386142099518,1.03611057244538,1.25171180915439
39420,"minke whales",0.00133013828407632,0.000413249084205074,0.000726047283721092,0.00325895051933391,0.806869284830887
39420,"orca",0.000460449387462057,0.000370730016225403,0.000434253043978655,0.000511611639711901,0.000891204075399015
39420,"other krill",0.586206722979836,0.0667879162039328,0.265617111216811,1.59659834318063,3.98208851959088
39420,"other macrozooplankton",0.968784505916862,0.397883874507695,0.771284462770523,1.16789838594344,1.44514528339952
39420,"salps",0.0573620555555708,0.02244837306423,0.0432062260888765,0.0863430807379236,0.111388278061558
39420,"shelf and coastal fishes",0.262874072331155,0.177715568927722,0.226192824301954,0.295161979564991,0.329057365728943
39420,"small divers",0.00192451073648164,0.00113737596002786,0.00180212240664809,0.00205848480784936,0.00218038579396038
39420,"sperm whales",0.000286120333294073,3.96256723507514e-05,6.87981598316518e-05,0.00104744172336305,0.021430751860662
39420,"squids",0.00801948396371872,0.00587499380922533,0.00693057864409051,0.00928419078054615,0.0158122892404396
39420,"toothfishes",0.056349726611679,0.0127535626593769,0.0393800641159078,0.0722452302560364,0.0953159112763226
39785,"antarctic krill",0.665740056773703,0.068202609820601,0.34850109078995,1.23103132961093,1.8323741906344
39785,"baleen whales",0.0324775102029932,0.00031681371418811,0.0111025305759935,0.0749868607073728,0.605406504122133
39785,"bathypelagic fishes",0.137837643126459,0.0574931379673692,0.0995360377716446,0.183719813362133,0.246014342230456
39785,"flying birds",0.000308820188469571,0.000278513776316173,0.000305306753008598,0.000312969203743691,0.000320680116301844
39785,"large divers",0.000935101203093826,0.000319473528997237,0.000565518760620964,0.00191624509961594,0.008911257593188
39785,"leopard seals",0.000173450570564538,0.000100782619296782,0.000138273537911495,0.000197107960602395,0.000239896249883853
39785,"medium divers",0.0210308165145176,0.00843127922826287,0.0142132080474196,0.0306196455236167,0.0415064409333814
39785,"mesopelagic fishes",0.103626026517049,0.0262419891112859,0.0752288515093856,0.147158016500897,0.194267486358449
39785,"mesozooplankton",0.884659258171246,0.45659873304885,0.653642103982226,1.04139585601877,1.25090196260475
39785,"minke whales",0.00132933120799825,0.000414431675050012,0.000724974858495405,0.00323907061167593,0.804023176093421
39785,"orca",0.000460497442071002,0.000371026233736564,0.000434381893025017,0.000511532892748691,0.000890127011808297
39785,"other krill",0.580347194969754,0.0670885093257518,0.262587797585331,1.56007563198587,3.86444500599276
39785,"other macrozooplankton",0.943116655292318,0.402049306417287,0.763834923892103,1.14609153505158,1.41101278160079
39785,"salps",0.0577524871673313,0.0226642694946075,0.0435902074583174,0.0866982999808887,0.11132410239147
39785,"shelf and coastal fishes",0.262656056460468,0.177781407432523,0.226016001980903,0.294759089135063,0.328991504509018
39785,"small divers",0.00192658878052602,0.00113989117200444,0.00180504485487935,0.00205835509448308,0.0021798823053114
39785,"sperm whales",0.000257166210587752,3.32103055296357e-05,5.63604208261908e-05,0.00101033502490951,0.0192475193886494
39785,"squids",0.00803024143549384,0.00587288710104138,0.00692362175773862,0.00928227159494133,0.0157987853734432
39785,"toothfishes",0.0565884302513374,0.0129211503916631,0.0398282504437526,0.0723285618425215,0.0954108712367379
40150,"antarctic krill",0.66993024841059,0.0682128049027174,0.34926855601352,1.2329032894198,1.82577614136913
40150,"baleen whales",0.0322065139106876,0.000281152960740017,0.0107747465483558,0.0741410130374292,0.594744302284205
40150,"bathypelagic fishes",0.138388888725578,0.0577354587419626,0.100072040610491,0.184129825998469,0.245826877184019
40150,"flying birds",0.000308817192930144,0.000278616121421959,0.000305295346516884,0.000312931455024895,0.000320588076389991
40150,"large divers",0.000934339987019067,0.000319803161340798,0.00056583306483061,0.00191376005691056,0.0088643980921001
40150,"leopard seals",0.000173485844042641,0.000100766852830361,0.000138463396745932,0.000197134340109538,0.000239939156787843
40150,"medium divers",0.0210271358330751,0.0084455328622819,0.0142083690776559,0.0305926066068226,0.0414917861325404
40150,"mesopelagic fishes",0.10393742804437,0.0264034933976979,0.0757965605223559,0.147687956121531,0.195070609067809
40150,"mesozooplankton",0.90048096813801,0.477235745525129,0.669350670480954,1.05973649251616,1.27716561162161
40150,"minke whales",0.00132890597526197,0.000414034348782739,0.000725426037163641,0.00321355849010655,0.801186419395769
40150,"orca",0.000460537542873709,0.000371315511125185,0.000434489148531742,0.000511443246747868,0.0008890309447118
40150,"other krill",0.589936955507533,0.0688742320960097,0.269073661996829,1.57101006211897,3.85708526251309
40150,"other macrozooplankton",0.961536200414836,0.405136350419781,0.769522060515441,1.16630984968024,1.44764232023001
40150,"salps",0.0580043392971277,0.022861311474067,0.0438948625266707,0.0869589462607733,0.111327447058239
40150,"shelf and coastal fishes",0.262634513515046,0.178335449986402,0.225943361076355,0.294659364423153,0.328471241236316
40150,"small divers",0.0019272477874222,0.00114161769567744,0.00180705428979999,0.00205807326838581,0.00217861267640635
40150,"sperm whales",0.000224068187143829,2.70019601406029e-05,4.47623367243002e-05,0.000957184330384431,0.0177890594215603
40150,"squids",0.00804680585965903,0.00587400040993149,0.00692611697718272,0.00927896590517369,0.0157923486232684
40150,"toothfishes",0.05679187117356,0.0130521284791143,0.0401227235831177,0.0725164613485344,0.0954906053653641
40515,"antarctic krill",0.676915168486164,0.0696462908464641,0.357936724367122,1.23619531016533,1.82833804820439
40515,"baleen whales",0.031777757116886,0.000243655916333387,0.0104964841797601,0.0728089134295128,0.583119615490703
40515,"bathypelagic fishes",0.139222741018169,0.0584785040976287,0.100862666642613,0.185144205860242,0.246110047992824
40515,"flying birds",0.000308814730471622,0.000278778416263774,0.000305321532591566,0.000312882208718979,0.000320536319056093
40515,"large divers",0.000933644963778877,0.000320273326946858,0.000566151026383733,0.00191127480367459,0.00881775719469349
40515,"leopard seals",0.000173678482926121,0.000100751928959691,0.000138604529946233,0.000197165391475171,0.000239982745463692
40515,"medium divers",0.0210217632123876,0.00845996031691456,0.0142026637971163,0.0305655102743011,0.0414806256902965
40515,"mesopelagic fishes",0.104986872009843,0.0267630712558202,0.0767483362695974,0.148303747084096,0.19576585224237
40515,"mesozooplankton",0.92622441735219,0.515918140673764,0.700897498854667,1.08417328323901,1.30038410270223
40515,"minke whales",0.00132757697621877,0.000414251514063449,0.00072681082801701,0.0031882954916567,0.798359009547651
40515,"orca",0.000460579344264097,0.000371613465562601,0.000434600477049307,0.000511356961174494,0.00088794540761881
40515,"other krill",0.604658317681631,0.0732225018056795,0.282839644492501,1.58388040646108,3.84919717165269
40515,"other macrozooplankton",1.0018816622252,0.421938585141061,0.801070788364267,1.20802648693034,1.49522258434653
40515,"salps",0.0586424356135867,0.0233720245652804,0.0445926036431365,0.0876195832968831,0.111624087600488
40515,"shelf and coastal fishes",0.262743618587554,0.178263295487006,0.226121590613275,0.294691186457989,0.328547757333492
40515,"small divers",0.00192810197880748,0.00114378092042156,0.00180878086503606,0.0020579978387543,0.00217734611757695
40515,"sperm whales",0.000163265631474284,1.59978603242829e-05,2.50651468500246e-05,0.0008350031799484,0.0142892409242156
40515,"squids",0.00805370414240538,0.00590025394568692,0.00692573639127595,0.00927448313334933,0.0157917527375984
40515,"toothfishes",0.0569974019285826,0.0131370234594161,0.0405432450138488,0.0727446064359231,0.0955214365933492
40880,"antarctic krill",0.683647946436046,0.0706213910667959,0.36466532703409,1.23882395767305,1.82250236329199
40880,"baleen whales",0.0310566445909077,0.000187268757890453,0.00991583472011974,0.0699319732647672,0.57359428659641
40880,"bathypelagic fishes",0.140481825883181,0.0595754685713123,0.102200292112828,0.186029499516018,0.246892109365871
40880,"flying birds",0.000308837962280976,0.000278996360678938,0.000305346396030086,0.000312858663033128,0.000320490209940486
40880,"large divers",0.000932975839388913,0.000320702596212564,0.000566465789001128,0.00190879626802543,0.00877131089862077
40880,"leopard seals",0.00017364561514173,0.000100733493916681,0.000138705051023022,0.000197167785907482,0.000240025941917607
40880,"medium divers",0.0210176571223598,0.0084677961470139,0.0141933932171497,0.0305380294085189,0.0414693143843738
40880,"mesopelagic fishes",0.106394104030375,0.0272716099077907,0.0780077428331764,0.149498044402609,0.197146964030014
40880,"mesozooplankton",0.912639901711195,0.496147699107292,0.685086239084072,1.06436945376764,1.27360939843452
40880,"minke whales",0.00132719785260053,0.000414081771607188,0.000728433243884451,0.0031597836905478,0.795540906518862
40880,"orca",0.000460624256229459,0.000371923148506703,0.000434718230591,0.000511276604357048,0.000886876335760938
40880,"other krill",0.597805494579805,0.0757342026711159,0.280739194751265,1.55580074707688,3.76681926049824
40880,"other macrozooplankton",0.990868957908872,0.430699823771262,0.807170447553133,1.20334264014405,1.4732340550929
40880,"salps",0.0590155049285615,0.0237935455886396,0.0451097559281269,0.0880497516725364,0.111865554171184
40880,"shelf and coastal fishes",0.262862356313635,0.179094285577198,0.22634431258529,0.29483335110254,0.328116196366355
40880,"small divers",0.00192883462867124,0.00114652977051262,0.00181024098112348,0.00205803514234688,0.00217539691730848
40880,"sperm whales",0.000149732197690049,1.47235648364956e-05,2.2341920726285e-05,0.000792391334820862,0.0132315058230513
40880,"squids",0.00804984324574338,0.00591934319021426,0.00693220553810795,0.00928318533961734,0.015836658020985
40880,"toothfishes",0.0572693217603226,0.0132025402523387,0.0408073008743276,0.0730790340503421,0.0955543830662979
41245,"antarctic krill",0.68006305304679,0.0699863712786251,0.360755502883636,1.23235852762678,1.81158344030938
41245,"baleen whales",0.0300195555000109,0.000154438885371211,0.0096034983835919,0.06808224441484,0.565526631397144
41245,"bathypelagic fishes",0.141644265044334,0.0604081727808949,0.103015674649591,0.18709093933488,0.248117086680578
41245,"flying birds",0.000308783906022765,0.000278798369776538,0.000305307249044354,0.000312810500613909,0.000320398689674954
41245,"large divers",0.000932488211164277,0.000321369853899153,0.000566468202787041,0.00190626687279783,0.00872527288523236
41245,"leopard seals",0.00017372234577993,0.000100678791393511,0.00013886214341202,0.00019718313141207,0.000240452700377773
41245,"medium divers",0.0210029483237274,0.00846922425071461,0.0141772098993047,0.0304677926064785,0.0414584890091158
41245,"mesopelagic fishes",0.106864734864655,0.0275283730033981,0.0786297924449297,0.150545324257628,0.198596653694275
41245,"mesozooplankton",0.890095158318467,0.461187294345548,0.655993654497097,1.050163904588,1.26679191158022
41245,"minke whales",0.00132699554864545,0.000413946417924243,0.000730099467867795,0.00313904085166527,0.792732023718287
41245,"orca",0.000460649647139267,0.000372207174121818,0.00043480955895097,0.000511170833844281,0.000885762589597169
41245,"other krill",0.572269279116123,0.0730887185265559,0.266959734137505,1.53872030859267,3.74156890410636
41245,"other macrozooplankton",0.957746180900892,0.420929144333966,0.78031409509939,1.16936285525898,1.43767483259377
41245,"salps",0.0586618659717928,0.0236372581749685,0.0447596937698062,0.0879653317003185,0.111926076692727
41245,"shelf and coastal fishes",0.263239353814275,0.179704503968734,0.226941153503349,0.295149645390062,0.32815858170202
41245,"small divers",0.00192724769651709,0.00114696693505247,0.00180913566902537,0.00205736525237387,0.00217436280586288
41245,"sperm whales",0.000136377992284123,1.39355107108699e-05,2.05688839653334e-05,0.000757952031347323,0.0127224563174913
41245,"squids",0.0080729889056378,0.005935689753878,0.00695229805820528,0.00931992522799313,0.015850207710767
41245,"toothfishes",0.0575035306460841,0.0132797982366128,0.0409780533867612,0.0735338917590287,0.0956156820285569
41610,"antarctic krill",0.674661378933544,0.0688289218064492,0.356212773365944,1.23012593122354,1.80807167468585
41610,"baleen whales",0.0295989710641782,0.00013963389095818,0.00936778928704615,0.0671756663103872,0.556004094509159
41610,"bathypelagic fishes",0.142152724225045,0.0605899328586395,0.103166130982237,0.188136968631427,0.24910754598999
41610,"flying birds",0.000308721876588717,0.000278411207454803,0.000305242531126952,0.000312742061793273,0.000320172336466984
41610,"large divers",0.000932390993686077,0.000321713347959486,0.000565981625507426,0.00190370253041141,0.00867604673594867
41610,"leopard seals",0.000173843797729615,0.00010062502522976,0.000139006643028894,0.000197233804924989,0.000241051320606699
41610,"medium divers",0.0209978126481179,0.00847696298409826,0.0141702788413959,0.030419908153709,0.0414478372362925
41610,"mesopelagic fishes",0.107021686846679,0.027404650819313,0.0784937263782569,0.151458344739614,0.199592265775731
41610,"mesozooplankton",0.899746392549415,0.474953970712217,0.666869057674698,1.06426554267229,1.28701663223176
41610,"minke whales",0.00132635452914115,0.000413756001930661,0.000730610169096615,0.00311556130887929,0.789932349839949
41610,"orca",0.000460662002024933,0.000372473779506859,0.00043488277117892,0.000511049747101662,0.000884626297422862
41610,"other krill",0.574919632788277,0.0715933004689785,0.264106156105083,1.56365323376173,3.82285616638417
41610,"other macrozooplankton",0.963112124698703,0.405365895228931,0.771208818504405,1.16797409472562,1.45329022059772
41610,"salps",0.0581965797115036,0.0234930962647575,0.0443447722365999,0.0876412301942759,0.111909541213973
41610,"shelf and coastal fishes",0.263785044710619,0.181235933858119,0.227613550819468,0.295666530954647,0.328262794924072
41610,"small divers",0.00192386718646018,0.00114566150940056,0.00180603597697291,0.00205674407460692,0.0021734556095745
41610,"sperm whales",0.000112362813741197,1.12647997701443e-05,1.59208324625782e-05,0.0006999232012886,0.0112261894478597
41610,"squids",0.00811449283571144,0.0059659821683962,0.00698656149887046,0.00936356647366831,0.0159266192520383
41610,"toothfishes",0.0577383970840318,0.0133364341927859,0.0412276510522909,0.0737722117156123,0.0958389010842492
41975,"antarctic krill",0.670497992803159,0.067948105889241,0.352703497803156,1.229442114197,1.80987337011813
41975,"baleen whales",0.0293560864998043,0.000135242245671309,0.0092324388358541,0.0669987497711646,0.54906739263402
41975,"bathypelagic fishes",0.142265766638135,0.0607903060883164,0.103838508200195,0.188086721045291,0.249425575140149
41975,"flying birds",0.0003087863008753,0.000278634313397713,0.000305329460750236,0.00031277728259068,0.000320125094753192
41975,"large divers",0.000932282409268928,0.000321852818963622,0.000565789416999856,0.001897707272328,0.00862253632913082
41975,"leopard seals",0.000173818471754257,0.000100573415847193,0.000139122276357189,0.000197328722908549,0.00024126401864045
41975,"medium divers",0.0209973624517528,0.00848609764708159,0.0141557628227992,0.0303945633072597,0.0414366778925996
41975,"mesopelagic fishes",0.107445276547337,0.0275095198317317,0.0786813946207774,0.151917952909343,0.199508836388667
41975,"mesozooplankton",0.875880164419087,0.43903628604109,0.639887622661964,1.03527400276522,1.25389445168584
41975,"minke whales",0.0013256996339126,0.000414585305695897,0.000730860818535374,0.00308617888204688,0.787141975152595
41975,"orca",0.00046069065736497,0.000372768256447593,0.000434978503020885,0.000510953952382174,0.000883546870801615
41975,"other krill",0.572861776942405,0.0690499515190251,0.259222583850994,1.56192144822324,3.84126241760479
41975,"other macrozooplankton",0.957870674043933,0.40079907849846,0.769661294197544,1.16165855154636,1.43111919378976
41975,"salps",0.0580587720923887,0.0234894365550656,0.0441711818193135,0.087752655135578,0.112057704903121
41975,"shelf and coastal fishes",0.264406450126203,0.182108477015229,0.228226384453241,0.296083699559196,0.328481627076189
41975,"small divers",0.00192375878424721,0.00114682665021397,0.00180560522494426,0.00205653455596831,0.00217309670760072
41975,"sperm whales",9.72081625965354e-05,1.01157107889263e-05,1.39874718698509e-05,0.000654648538542246,0.0102350728001868
41975,"squids",0.00816004118284308,0.00598438383971954,0.00701028290672969,0.00939249865812908,0.0159775734709729
41975,"toothfishes",0.0580649752345323,0.0133824856685516,0.0413707466478896,0.0739196644168282,0.0959138236207154
42340,"antarctic krill",0.65991252155701,0.0655408636988313,0.343679472549028,1.22399972815878,1.80815468589006
42340,"baleen whales",0.0289220962102592,0.000120961970193462,0.00898072893599374,0.0651501223443431,0.546701203851744
42340,"bathypelagic fishes",0.141390127703033,0.0602476623200918,0.102962787595128,0.187835237191396,0.249487331548451
42340,"flying birds",0.000308632016228817,0.000278250857007169,0.000305182492559025,0.000312725111774408,0.000319864988849062
42340,"large divers",0.000932302440104708,0.000322154735561187,0.000565787555657164,0.00188996591720225,0.00856981219071021
42340,"leopard seals",0.000173912331818798,0.000100516336788817,0.000139297512799347,0.000197468920018891,0.000241321918488724
42340,"medium divers",0.0209961603106007,0.00850466877977431,0.0141399120812889,0.0303617581891111,0.0414296387500354
42340,"mesopelagic fishes",0.10625404473623,0.0270501230660528,0.0774822495331744,0.151335284559429,0.199385639947977
42340,"mesozooplankton",0.876614333309195,0.433380942381454,0.637556216013882,1.04100568640123,1.26515884277672
42340,"minke whales",0.00132612794632988,0.000415506949786554,0.000732407794762318,0.00306709617257288,0.784360646928164
42340,"orca",0.000460671569575656,0.000373018335517507,0.000435061576264666,0.000510821219160342,0.000882401756021492
42340,"other krill",0.56439083862521,0.0659142142469867,0.251661339101931,1.56438856390627,3.87747059443046
42340,"other macrozooplankton",0.932858562804169,0.387486685272402,0.747327122159487,1.13008688021522,1.40342844284318
42340,"salps",0.0572928422339272,0.0230658530026895,0.0434419761353945,0.0876278827912892,0.111859788373214
42340,"shelf and coastal fishes",0.264652653203787,0.182924539822322,0.229017031826849,0.29647965311502,0.328640655670941
42340,"small divers",0.00191963583064549,0.0011436808494494,0.00180085057068071,0.00205446874600713,0.00217190844835823
42340,"sperm whales",8.07029067056364e-05,8.54900241679051e-06,1.16357852769711e-05,0.0006228730818988,0.00908777265224231
42340,"squids",0.00815394556529697,0.00601357568619662,0.00703671566327349,0.00943981041989815,0.0160118304405006
42340,"toothfishes",0.0583801289845862,0.013470577474881,0.0414416388745008,0.0740698520679031,0.0959938473645662
42705,"antarctic krill",0.652192190936887,0.0631778175092241,0.337311900827659,1.21361705208856,1.80424070281146
42705,"baleen whales",0.0288409375676955,0.00012750636120968,0.00897130897776928,0.0648259442413251,0.544863360685774
42705,"bathypelagic fishes",0.139332833439098,0.0586315663479277,0.100669781549197,0.186261917829393,0.247736397339108
42705,"flying birds",0.000308489629722911,0.000278211225585947,0.000305061636388074,0.000312659522129511,0.000319718299029262
42705,"large divers",0.000932268109846179,0.000322396832171319,0.000566327946020862,0.00188226390568198,0.00851704462291082
42705,"leopard seals",0.000173989928338931,0.000100447928676327,0.000139429390811025,0.000197685507403024,0.000241879682473513
42705,"medium divers",0.0209839063780114,0.00851125858106821,0.0141218396496174,0.0303356621162145,0.0414095607178757
42705,"mesopelagic fishes",0.104023571518021,0.0264028499008191,0.0755980280318185,0.149356860171134,0.197329257123813
42705,"mesozooplankton",0.867615485619077,0.425400730915289,0.632417663884682,1.02542871748859,1.24105789582498
42705,"minke whales",0.00132639720042552,0.000415286106117848,0.000732294941162933,0.00305548182609647,0.781588471900087
42705,"orca",0.000460609072381572,0.000373287242002649,0.000435161961987423,0.000510708648575923,0.000881301851539805
42705,"other krill",0.571569168675862,0.0651248357482462,0.256258689324549,1.57316478032393,3.94091638429257
42705,"other macrozooplankton",0.91279555758001,0.375570497006306,0.728795542303436,1.10477945442932,1.37374707833963
42705,"salps",0.0566536964295554,0.0226832465904671,0.042902202649876,0.0870041113097282,0.111377919838853
42705,"shelf and coastal fishes",0.264306795247594,0.182635494577741,0.228734442574275,0.296261418677795,0.328082963849522
42705,"small divers",0.00191684108336127,0.00114095280839849,0.00179642510082167,0.00205304283459661,0.0021697624081783
42705,"sperm whales",7.11572505772339e-05,8.00769638523149e-06,1.07955930163598e-05,0.000597239705614908,0.00872623571895169
42705,"squids",0.00813075773634543,0.006006125555048,0.00703141932492426,0.00944065140891262,0.0161771039838887
42705,"toothfishes",0.0585882190109154,0.0135973498366497,0.0416847815702847,0.0742340809701995,0.0960906313642292
43070,"antarctic krill",0.642972491118533,0.0605900144069744,0.329684408938224,1.20814848068894,1.80886587753354
43070,"baleen whales",0.0285164800443295,0.000119900911728773,0.00884836442978169,0.0638309496868774,0.539804484287908
43070,"bathypelagic fishes",0.137116898081904,0.0568300291007856,0.09838963221728,0.183719808999357,0.245876394946416
43070,"flying birds",0.000308403862884886,0.000278148941718349,0.000304876051819076,0.000312579834716376,0.000319480232849488
43070,"large divers",0.000932241893824769,0.000322613338174015,0.000566852362665077,0.00187539675301458,0.00847225812745744
43070,"leopard seals",0.000174068072994242,0.000100443084440902,0.000139543613832868,0.000197753036871862,0.000241961528482361
43070,"medium divers",0.0209830096732271,0.00852065758246359,0.0140969662782245,0.0303134079150594,0.041392389750074
43070,"mesopelagic fishes",0.101769673428418,0.0255564896820757,0.0732303834830564,0.146840508558562,0.195879099132884
43070,"mesozooplankton",0.848272390401785,0.387309374602792,0.608219644190041,1.01277231312345,1.23236897888143
43070,"minke whales",0.00132559589439684,0.000414520666992739,0.000731965536646092,0.00302340167845125,0.778825416990436
43070,"orca",0.000460531897994269,0.000373537643403711,0.000435236741431764,0.000510583456495655,0.000880181675119267
43070,"other krill",0.570111423787518,0.0624496518185559,0.255232009178427,1.58763234578194,4.00239644013188
43070,"other macrozooplankton",0.8961254548318,0.362718644698424,0.712352012556908,1.07948598589709,1.35259549295699
43070,"salps",0.0559282282401564,0.022190732154223,0.04219155811208,0.0863563783433815,0.1110127161525
43070,"shelf and coastal fishes",0.263734364312623,0.182374332939283,0.227965411618475,0.295712113407424,0.327622475071153
43070,"small divers",0.00191164405426551,0.00113707169121386,0.00179140657016687,0.00205114297889461,0.00216825839233594
43070,"sperm whales",5.81147576253831e-05,6.7377451685378e-06,9.03243325829549e-06,0.000540145723127185,0.00814124084356795
43070,"squids",0.00813980216209579,0.00598526754817528,0.00701379707982503,0.00943778551887169,0.0161435102444259
43070,"toothfishes",0.0588135475137503,0.0136772709866984,0.0417626683721039,0.0743319671648159,0.0961947324254344
43435,"antarctic krill",0.661144522660815,0.0605372003935523,0.337799843507093,1.22452426564537,1.84134762163773
43435,"baleen whales",0.0279347692280008,0.000107084549370037,0.00875740705653451,0.0611848372732497,0.536198329918462
43435,"bathypelagic fishes",0.136121315954254,0.0561426640829744,0.097632332935279,0.182831555040791,0.245144412620268
43435,"flying birds",0.000308409841059151,0.000278170192327913,0.000304914151102582,0.000312548392334426,0.000319409477554682
43435,"large divers",0.000932155792436323,0.00032276187628615,0.000567218870698338,0.0018724102764016,0.00843341475141251
43435,"leopard seals",0.000174098772133313,0.000100464594695354,0.000139652644317691,0.000197816448000177,0.000241973080979024
43435,"medium divers",0.0209820811623366,0.00853749217005184,0.0140765799637189,0.0302895214210781,0.0413712923012872
43435,"mesopelagic fishes",0.101982093450674,0.0253591800612029,0.0729145980499513,0.146210935340414,0.194970555268752
43435,"mesozooplankton",0.924274281772221,0.500629474538495,0.686259474533446,1.09112116392948,1.31566580144832
43435,"minke whales",0.00132565225407722,0.000414614185147718,0.000732062008722518,0.00300452279777574,0.776071615445359
43435,"orca",0.000460553083969105,0.000373797818869991,0.000435301923584251,0.000510470467027154,0.000879088512188656
43435,"other krill",0.619016741103292,0.068510823300619,0.283926335232882,1.64728844208268,4.12586255635238
43435,"other macrozooplankton",0.97652303930639,0.387003891373173,0.762087574251395,1.17146763809069,1.48349616657963
43435,"salps",0.0569851701201267,0.022572866550484,0.0428689908039579,0.0868424924492764,0.111649749417789
43435,"shelf and coastal fishes",0.263067523376265,0.182084379819909,0.227162021405269,0.294676617294342,0.327119910604795
43435,"small divers",0.00191175864631466,0.00113581644839231,0.00179041223288835,0.00205037526957166,0.00216720821543212
43435,"sperm whales",5.2001037544439e-05,6.25658040265067e-06,8.32780178629446e-06,0.000494964772053667,0.00778611651780354
43435,"squids",0.00809410566302282,0.00595981821351103,0.00699185638184703,0.00941590382691913,0.0161371406958452
43435,"toothfishes",0.0589757253323867,0.0138518685501462,0.0419689780583639,0.0744205351650446,0.0962759377421815
43800,"antarctic krill",0.665348399178441,0.0602163805103354,0.338864762120902,1.23260350240463,1.85317616311899
43800,"baleen whales",0.0276356254740604,0.000103766951658823,0.00860382100782477,0.0607259290591323,0.529087711522544
43800,"bathypelagic fishes",0.136546394383797,0.0557007181030892,0.0977815397262677,0.182554278917387,0.245429844441379
43800,"flying birds",0.000308332486382518,0.000278052251537967,0.000304802482866639,0.000312475694482185,0.000319287860389082
43800,"large divers",0.000932046250814123,0.000323145633823445,0.000566737214047036,0.00185769477801438,0.00839476083545456
43800,"leopard seals",0.000174232872619193,0.000100486389569521,0.000139679099000123,0.000197883380266807,0.000242009748653241
43800,"medium divers",0.0209831993878451,0.00855652540165138,0.0140450182410745,0.0302667282371965,0.0413501985446957
43800,"mesopelagic fishes",0.102530986717103,0.0251727957866919,0.0729434662503185,0.146492175129621,0.195451611000348
43800,"mesozooplankton",0.859270986601308,0.38595528438754,0.619930219854205,1.01801712196122,1.23334326628541
43800,"minke whales",0.00132507089724852,0.000414299264914214,0.000732129264166549,0.00298214202375471,0.773326845431831
43800,"orca",0.000460572212353964,0.000374044887991403,0.000435383930892161,0.000510349208634121,0.000877980768361805
43800,"other krill",0.591702341579221,0.0655625723506374,0.271345793739654,1.60152169141014,4.02443529320889
43800,"other macrozooplankton",0.955160676565974,0.395744679040353,0.765167193694174,1.15001781736986,1.41164295210991
43800,"salps",0.0572162097487579,0.0225121120760485,0.0430173307796739,0.0872842843982723,0.112057954678654
43800,"shelf and coastal fishes",0.262498396306513,0.181484808425257,0.22632587123421,0.294212062738977,0.326737067925486
43800,"small divers",0.00191177666724255,0.00113350735332262,0.00178862980088784,0.00204946719813217,0.00216588259715933
43800,"sperm whales",5.09877146034088e-05,6.47173569445672e-06,8.52601493250097e-06,0.000485125142284466,0.00767229099992426
43800,"squids",0.00807754951283221,0.00593058658270267,0.00696621842274456,0.00940355556560349,0.0162062799950548
43800,"toothfishes",0.0591786106038569,0.0140240840514666,0.0421684815283205,0.0744863761391744,0.0963208842632646
44165,"antarctic krill",0.677474898366882,0.0616936276744195,0.348179763185024,1.23757342908075,1.85570706243627
44165,"baleen whales",0.0275352877598517,0.000111336398843965,0.0085778961988721,0.0605832587763954,0.527776025491774
44165,"bathypelagic fishes",0.137845511422905,0.0562972377461585,0.0991575594281641,0.183463783165373,0.246075721655894
44165,"flying birds",0.000308428323800785,0.00027816494726657,0.000304942197209976,0.000312462931723641,0.00031926128036137
44165,"large divers",0.000931967835756128,0.000323317206562069,0.000566079577468036,0.00185463197882972,0.00835629959567584
44165,"leopard seals",0.000174248988526472,0.000100472451730374,0.000139640449932161,0.000197944058427344,0.000242084404827318
44165,"medium divers",0.0209874129232921,0.00856667487166872,0.0140337594201222,0.0302239945167675,0.0413286504850894
44165,"mesopelagic fishes",0.104333767582024,0.0255864438378518,0.0744319638121497,0.147017141669902,0.196636619400956
44165,"mesozooplankton",0.942341332403887,0.533052919233277,0.708346875711046,1.10067939768215,1.32049996627099
44165,"minke whales",0.00132489336633717,0.000414405103429312,0.000731236414336528,0.00296933654367175,0.770591278500821
44165,"orca",0.000460604728265783,0.000374325006788824,0.00043551165176783,0.000510258370475683,0.000876933653920903
44165,"other krill",0.615222929167062,0.0734046896482774,0.287555156426326,1.60748277873426,3.96296021130455
44165,"other macrozooplankton",0.98155947139822,0.417285052802355,0.787885723763846,1.19228976616889,1.48791708801768
44165,"salps",0.0585271405370718,0.0232499113728641,0.0443840024793118,0.0880030386555785,0.112568884262603
44165,"shelf and coastal fishes",0.262207827092142,0.181380155830035,0.225781861141974,0.294068693192282,0.326582375016965
44165,"small divers",0.00191508628411896,0.00113535548701109,0.00179280180733558,0.00205043043344071,0.00216591199075676
44165,"sperm whales",5.12969346640226e-05,6.87263888747964e-06,9.01075795615574e-06,0.000479905980530704,0.00761998128059164
44165,"squids",0.00803866322502421,0.00589520536652395,0.00693379840121267,0.00937405941085031,0.0161715869443684
44165,"toothfishes",0.0593875820527323,0.0141785757484175,0.0423015916981316,0.0745548486180179,0.0963621393733226
44530,"antarctic krill",0.694086726715051,0.0638221327533861,0.361368002536753,1.24768825900973,1.85672407272272
44530,"baleen whales",0.0274174701520471,0.000116178156180571,0.00856789207317456,0.0603420726983795,0.527095896084985
44530,"bathypelagic fishes",0.140018554204732,0.0573563125437569,0.101453700884344,0.185388931684091,0.2478627076921
44530,"flying birds",0.000308437993161886,0.000278180056916873,0.000304982340339757,0.000312448814084414,0.000319173316031354
44530,"large divers",0.000931942460683969,0.000323558227763756,0.000565806398892898,0.00185157111705842,0.00831804827626103
44530,"leopard seals",0.000174160434427786,0.000100261277893722,0.00013988250719273,0.0001979813808133,0.000242162870088251
44530,"medium divers",0.0209893192662751,0.00857920568284139,0.014042611146423,0.030195974235976,0.0413073892453526
44530,"mesopelagic fishes",0.106225964764871,0.0262067108826457,0.0763802918702103,0.14916221334653,0.199031244240713
44530,"mesozooplankton",0.933387439120318,0.515010521804267,0.708900388327159,1.08592304843597,1.30108834155361
44530,"minke whales",0.00132488082747963,0.000414745248999588,0.00073095658232138,0.00295371728647352,0.767864719473805
44530,"orca",0.000460636119960209,0.000374597713323158,0.000435593254321341,0.000510160907444832,0.000875871858700282
44530,"other krill",0.6216764059992,0.078570868849659,0.296909822950298,1.59679763641983,3.86569885318545
44530,"other macrozooplankton",1.02865842286797,0.436966618417776,0.822472872283815,1.23431867286847,1.52750722125887
44530,"salps",0.0596028257676082,0.0240197398083985,0.0453832815028213,0.0889476549395462,0.113212502232652
44530,"shelf and coastal fishes",0.26221345563351,0.182196182985175,0.225872625914542,0.293993331824106,0.326569533602138
44530,"small divers",0.00191828965186197,0.001135915599501,0.00179659373565948,0.00205092806012928,0.00216547025656193
44530,"sperm whales",5.01912186132143e-05,6.96288065263831e-06,9.11309190431374e-06,0.000473115028186651,0.00751548484752451
44530,"squids",0.00801219585029282,0.00587366163337569,0.00692042083725836,0.0093626802286222,0.0161014785107985
44530,"toothfishes",0.0596085237108241,0.0143395876738625,0.0424378946624232,0.074678618923659,0.0963773062081067
44895,"antarctic krill",0.69427249916899,0.0651726018584,0.363316259677146,1.24642304231033,1.84529340855566
44895,"baleen whales",0.0272991454198534,0.000122282668130969,0.00856983326196969,0.0601443834535862,0.52642094053939
44895,"bathypelagic fishes",0.142563199973889,0.0587725418196195,0.103623810116158,0.187919973744613,0.250374139262072
44895,"flying birds",0.00030836718298429,0.00027817103150905,0.000304945763582242,0.000312372117204396,0.000319084503161955
44895,"large divers",0.00093171103113321,0.000323950530595825,0.000565579178056836,0.00183674311452326,0.00827717537930605
44895,"leopard seals",0.000174289030351723,0.000100017599326587,0.000139921074970345,0.000198274333227747,0.00024224863825166
44895,"medium divers",0.0209929005695614,0.00859684551418236,0.0140293563128018,0.0301675220481876,0.0412702015765655
44895,"mesopelagic fishes",0.108007052536513,0.0266259791091701,0.0779514776854682,0.151249182135925,0.201104521824419
44895,"mesozooplankton",0.907632762806344,0.477460189497538,0.675225289155333,1.06698624656791,1.28003104289635
44895,"minke whales",0.00132489401780819,0.000415163707875854,0.0007305388094956,0.00293561579505527,0.76467199867379
44895,"orca",0.000460732920536369,0.000374847809177407,0.000435653125773439,0.000510044091515475,0.000874771036227123
44895,"other krill",0.592241315656041,0.0764873288584031,0.279748443275968,1.54976472409781,3.77512203876861
44895,"other macrozooplankton",0.987247446504841,0.434798551335681,0.80568787688821,1.20216168582793,1.46895100888202
44895,"salps",0.0595893880630877,0.0242149098846685,0.0454968962857893,0.0894391103576205,0.113712200666785
44895,"shelf and coastal fishes",0.262600900436931,0.182569172690348,0.226249939164649,0.294603791314664,0.327005589699665
44895,"small divers",0.00191832596142906,0.00113197834964108,0.00179850518442485,0.00205067131983078,0.00216431586622714
44895,"sperm whales",4.82408960048596e-05,6.83800799658969e-06,8.93450919693615e-06,0.000465104704113726,0.00730242635236297
44895,"squids",0.00802771828204477,0.00588401200552903,0.00692859674154308,0.00937512095532108,0.0161325951255168
44895,"toothfishes",0.0598887610053826,0.0145073016546088,0.0426196845945027,0.0747663897451405,0.0963927249836549
45260,"antarctic krill",0.679160892256179,0.0621377731582487,0.351100772741791,1.2274097653339,1.81570271356144
45260,"baleen whales",0.0271520523492986,0.000128804783482848,0.00856682061235851,0.0598951741599882,0.524477300474938
45260,"bathypelagic fishes",0.142936272532677,0.0591239497723169,0.103500008253462,0.189224572094701,0.251283983481334
45260,"flying birds",0.000308277154178592,0.000278126912016493,0.000304817258768917,0.00031230369775781,0.000318881910047617
45260,"large divers",0.000931808888133908,0.000324260466034464,0.000565309776816964,0.0018335869397371,0.00823493708093179
45260,"leopard seals",0.000174319293914394,9.99983618182641e-05,0.000139974198843674,0.000198381074882678,0.000242329469519477
45260,"medium divers",0.0209906108464794,0.00860481749376272,0.0140417630183544,0.0301391650749456,0.0412573344083644
45260,"mesopelagic fishes",0.107681740937782,0.0264089275000441,0.0775946681261359,0.151801058879279,0.201139981228666
45260,"mesozooplankton",0.853928905614108,0.407967178656522,0.619280371639851,1.01131336683992,1.22403183076716
45260,"minke whales",0.0013098382960961,0.000409161527825454,0.000723684787531595,0.00288630109580764,0.75210123978519
45260,"orca",0.000460830365082511,0.000375092826579657,0.000435713646819877,0.000509924029945628,0.000873664339799877
45260,"other krill",0.551965650637667,0.0704498710181426,0.256268308740113,1.51858964376339,3.76001796973748
45260,"other macrozooplankton",0.908451920043621,0.401285662434908,0.741850037547805,1.11284518656622,1.36659871622402
45260,"salps",0.0582876108027215,0.0236891769680843,0.0444174316122672,0.0888629182093718,0.113156466946788
45260,"shelf and coastal fishes",0.262925605757363,0.182926730960208,0.226502949166709,0.294954464816645,0.32742419324602
45260,"small divers",0.00191498524864023,0.00112590682404179,0.00179699239479528,0.00204967664128666,0.00216264026647921
45260,"sperm whales",4.50244239400467e-05,6.45755834304559e-06,8.45611174492046e-06,0.000453210548188496,0.00696913592406169
45260,"squids",0.00804728094181277,0.0059026048230741,0.0069427980846221,0.00938416562750533,0.0161668736604749
45260,"toothfishes",0.0600727740811313,0.0145907864579413,0.0427910582638086,0.0748575242723831,0.096412133598401
45625,"antarctic krill",0.670239600764133,0.0602232917700646,0.345383576745486,1.22051560063631,1.80895475330609
45625,"baleen whales",0.0271210185613781,0.000138731572463798,0.00856889387925816,0.0597772377228615,0.523520799780502
45625,"bathypelagic fishes",0.142751171055382,0.0589981842633092,0.10325190003674,0.189347136026514,0.251136206446285
45625,"flying birds",0.000308325319485395,0.00027819220004357,0.000304919467835515,0.000312312925717646,0.000318804465343891
45625,"large divers",0.000931749050890477,0.000324561831725954,0.000564600005745005,0.00182501295519439,0.00819327532746954
45625,"leopard seals",0.000174342062391236,9.99456065150682e-05,0.000140146198016736,0.00019830146488687,0.000242420733024398
45625,"medium divers",0.0209888693229737,0.0086120031275139,0.0140503976900057,0.0300936298020196,0.0412523477029707
45625,"mesopelagic fishes",0.107181307051331,0.0262751632213808,0.0771518362601533,0.151743380928866,0.200433976796905
45625,"mesozooplankton",0.88255709628139,0.456881542553481,0.645769732203559,1.04843537159614,1.27109501584171
45625,"minke whales",0.00129761051426651,0.000405007989868093,0.000718869447445795,0.00285394768331787,0.743466275586769
45625,"orca",0.000460852521804428,0.000375358524186005,0.000435793513379209,0.00050981081426244,0.000872594871511662
45625,"other krill",0.574419527289933,0.0685573939750836,0.260175334168627,1.56341330915388,3.86267017442907
45625,"other macrozooplankton",0.931419774444179,0.38566834273726,0.739451499727303,1.12737433341617,1.41873313050952
45625,"salps",0.0580453532493595,0.0235273913672897,0.044018305345634,0.0886312879637985,0.112874705390318
45625,"shelf and coastal fishes",0.263215673467787,0.183474763144369,0.226801845400957,0.295014633335406,0.327941884591023
45625,"small divers",0.00191470501545187,0.00112233671014429,0.00179732825855293,0.00204960376275221,0.00216172216708798
45625,"sperm whales",4.56590899182816e-05,6.8041330559878e-06,8.88469339485985e-06,0.000448742973484548,0.0068955883551662
45625,"squids",0.00806257974114867,0.00591759457482236,0.00695993839938467,0.00938525952564533,0.0161839118897534
45625,"toothfishes",0.0603069111830564,0.0147497719387584,0.0431224561452596,0.0750041249691718,0.0964403408599333
45990,"antarctic krill",0.654725410497831,0.0570883688465338,0.333621551327045,1.21964186275192,1.81348470963662
45990,"baleen whales",0.0270819265301569,0.000147645112656724,0.00857015419507313,0.0596277020347513,0.522302094616651
45990,"bathypelagic fishes",0.141797818040397,0.0584040088051118,0.102332148811463,0.188731191615428,0.250810905666622
45990,"flying birds",0.000308228402205817,0.000278080449718388,0.000304768993114577,0.00031224109448791,0.000318661380429536
45990,"large divers",0.00093197323927401,0.000325346755456618,0.000563995297385385,0.00181946929021505,0.0081519392377179
45990,"leopard seals",0.000174393702502487,9.98765917491605e-05,0.000140406824256081,0.000198362727688743,0.00024250759237063
45990,"medium divers",0.0209917193475721,0.00861958387320646,0.0140653860805742,0.03006631555789,0.0412434041598729
45990,"mesopelagic fishes",0.106015986291782,0.0257054537156959,0.0761782607680954,0.151111954410464,0.199797958878886
45990,"mesozooplankton",0.831315824971036,0.349907830637378,0.585375051214923,0.995394648065451,1.22084847006171
45990,"minke whales",0.00129696692711515,0.000405372151891657,0.000721244353303697,0.00284343945150802,0.740825727920785
45990,"orca",0.000460846535535305,0.000375564706217433,0.000435840321136194,0.000509651545418138,0.0008714654788618
45990,"other krill",0.558065798698349,0.0620773152707861,0.245229389393759,1.56142891317741,3.93265044988452
45990,"other macrozooplankton",0.915345065271072,0.367351269392646,0.724292587071662,1.10153716343625,1.37214363065985
45990,"salps",0.0568688604081774,0.0227428336361563,0.0429504744895434,0.0885011218710308,0.112713680389332
45990,"shelf and coastal fishes",0.263600619503892,0.183862852554813,0.227177304095556,0.29525431880787,0.328331103285988
45990,"small divers",0.00191138380622154,0.00111667454714796,0.00179345137655783,0.00204824557453151,0.00216125785031523
45990,"sperm whales",4.51946145115168e-05,6.97192097923728e-06,9.05290609065492e-06,0.000442005255372322,0.00675324626956451
45990,"squids",0.00808106817506549,0.00594025304694569,0.00697752314155774,0.00940077230040164,0.0162104339485743
45990,"toothfishes",0.0605934615950913,0.0148291800743388,0.0432690330784681,0.0752176240683646,0.0964726900614067
46355,"antarctic krill",0.658526506546472,0.0565197886104133,0.335197983436454,1.22113603848156,1.82582251052981
46355,"baleen whales",0.0266071085546769,0.000143474335982002,0.00850220619422692,0.0588112852370128,0.520840087876646
46355,"bathypelagic fishes",0.140829516038091,0.0579497477641082,0.101647198872541,0.18781534402323,0.24957082777189
46355,"flying birds",0.000308294188760197,0.000278227740693943,0.000304875193821155,0.000312260908674153,0.000318655210752942
46355,"large divers",0.000931770692432087,0.00032600023819763,0.000563770490585523,0.00181868068400464,0.00811055685149569
46355,"leopard seals",0.000174401647778785,9.99858786592087e-05,0.000140435518770415,0.000198307106953873,0.00024259231393081
46355,"medium divers",0.0209784415066024,0.00861766023748826,0.0140714916649094,0.0300390881779616,0.0412329182486966
46355,"mesopelagic fishes",0.105867441673503,0.0255831786209915,0.0757564004360359,0.149803104267778,0.198890469050569
46355,"mesozooplankton",0.900792736417179,0.477724144581735,0.664332681915046,1.06278831760368,1.28557238417343
46355,"minke whales",0.00128601406250989,0.000401424586507945,0.000714196579289015,0.00281587555165112,0.73175049643219
46355,"orca",0.000460874414074018,0.000375814186241306,0.000435932219156019,0.000509553767412478,0.000870422446637256
46355,"other krill",0.581030078167703,0.0637801366522067,0.261817590605957,1.60092335297518,4.03824890152153
46355,"other macrozooplankton",0.941535848533482,0.377782167040654,0.746306009364205,1.14032504707247,1.43323417500762
46355,"salps",0.0575669934736097,0.0228498277474888,0.0433303312201866,0.0886091899377764,0.112718908785844
46355,"shelf and coastal fishes",0.263682157123358,0.183702480571706,0.227307872754832,0.295232946067661,0.328388907721228
46355,"small divers",0.00191292746048733,0.00111600117794699,0.00179418329090612,0.00204832364737651,0.00216165065691195
46355,"sperm whales",4.33798279177159e-05,6.69171909981236e-06,8.68777948942113e-06,0.00042892859430592,0.00642447969324451
46355,"squids",0.00807670302452549,0.00593753957528292,0.00697946799780954,0.00937540531064092,0.0161884624690081
46355,"toothfishes",0.0607504513586538,0.0148698569115174,0.0435066970581709,0.0752743648952492,0.0965034153397467
46720,"antarctic krill",0.672335922799467,0.0571929641199092,0.339208716036193,1.22771744797826,1.83556195208404
46720,"baleen whales",0.0264644404006459,0.00015215965889209,0.00850415689430369,0.058632082532941,0.520176371727467
46720,"bathypelagic fishes",0.140885002659276,0.0578442863077318,0.102096004190888,0.186874125655852,0.248860559045086
46720,"flying birds",0.000308351825800452,0.000278293678698011,0.000305008096699774,0.000312293613168004,0.0003186202551683
46720,"large divers",0.000930613368874369,0.000326627335224684,0.000563550461041677,0.00181664350148893,0.00806930665253974
46720,"leopard seals",0.000174418641161436,9.99722919349831e-05,0.000140473530023806,0.000198243436039996,0.000242675900647987
46720,"medium divers",0.0209747614334066,0.00861825707336769,0.0140761098676361,0.0300117091387188,0.04120961537803
46720,"mesopelagic fishes",0.106475557728951,0.0258307531108955,0.0765684047622415,0.149645874101073,0.198564652537861
46720,"mesozooplankton",0.878014751314595,0.429290103854766,0.644185891417533,1.03539750303907,1.25187627567034
46720,"minke whales",0.00128617125838152,0.000402278631803721,0.000714096227897026,0.00280658888114115,0.729148573938195
46720,"orca",0.000460912303478217,0.000376073656791967,0.00043603275174129,0.000509467714469711,0.000869394607584441
46720,"other krill",0.586090656048544,0.0658272875540046,0.264673772965897,1.59840744509321,3.97461676572383
46720,"other macrozooplankton",0.967048791781867,0.398555320877547,0.768750445601564,1.16511168099957,1.44167272158466
46720,"salps",0.0581330479009631,0.0232102336009747,0.0438222958215972,0.088932163316981,0.113056641811433
46720,"shelf and coastal fishes",0.263742065578971,0.183629017143341,0.227416283218869,0.295353892723184,0.328381729321261
46720,"small divers",0.00191539304217291,0.00111655852041099,0.00179622183927152,0.00204941384717993,0.00216120282511971
46720,"sperm whales",4.03806188718742e-05,6.47738427279718e-06,8.38888042846785e-06,0.000418032867767139,0.00618439188190072
46720,"squids",0.00806354235058359,0.00594151749144626,0.00697855161879472,0.00933978568488462,0.016154404407498
46720,"toothfishes",0.0609172465375626,0.0149075238328074,0.043631668722921,0.075389247242781,0.0968481473742641
47085,"antarctic krill",0.675313151384518,0.0577913070667313,0.341288967701136,1.22415856718007,1.82522154055169
47085,"baleen whales",0.0264256114907895,0.000162028796487297,0.00850630870470087,0.0585036767473415,0.519518002420339
47085,"bathypelagic fishes",0.140903274307431,0.0578968997727513,0.102426964510862,0.186618278028164,0.248094489737058
47085,"flying birds",0.000308351121991627,0.000278371253304229,0.00030503985369218,0.000312279954242642,0.000318506214673784
47085,"large divers",0.00093045036719419,0.000327215086454513,0.000563404612185872,0.00181154502183891,0.00802822593660544
47085,"leopard seals",0.000174414758288054,9.97037831888364e-05,0.000140440503869571,0.000198429348567768,0.000242751739446856
47085,"medium divers",0.0209702887529164,0.00862318155113969,0.0140795826547488,0.0299833905599426,0.0411682867080013
47085,"mesopelagic fishes",0.106900781977241,0.0260218748778968,0.0770933138326251,0.14934195558094,0.199198500600825
47085,"mesozooplankton",0.883830167767744,0.45697799885269,0.654320779889303,1.03975216033887,1.2506493956875
47085,"minke whales",0.00128553167025412,0.000403220124959471,0.000713940480355579,0.0027972194588931,0.726555212463503
47085,"orca",0.000460944652229837,0.000376343467834834,0.000436139112413887,0.000509392171125595,0.000868379326881779
47085,"other krill",0.580301452993964,0.066203247525739,0.262336578327937,1.55856015817653,3.86344498955798
47085,"other macrozooplankton",0.942707064692672,0.401365388492297,0.76195562490301,1.14425443289134,1.40558221132938
47085,"salps",0.0583726776648031,0.0235235039050801,0.0441214838220788,0.0888206077952436,0.112938259255882
47085,"shelf and coastal fishes",0.263693045269188,0.183517948469389,0.22734578065814,0.295334252443036,0.328331865034129
47085,"small divers",0.00191775411305098,0.00111837371829303,0.00179898988456905,0.00204968573291655,0.00216038320048216
47085,"sperm whales",4.00257534094041e-05,6.57241492733318e-06,8.48689468448354e-06,0.000409013404855972,0.00612422147379579
47085,"squids",0.00804674702435508,0.005932633048708,0.00696509914569626,0.00931382758850339,0.0161137197480205
47085,"toothfishes",0.0611481960437056,0.0149266066648346,0.0437388187091532,0.0754239011414687,0.0970344436296897
47450,"antarctic krill",0.675954402997,0.0584790981985154,0.343691441481288,1.22440202899974,1.81910220958967
47450,"baleen whales",0.026394738373946,0.000171751211251781,0.00850621508722082,0.0583870090061133,0.518861485258138
47450,"bathypelagic fishes",0.14126465114156,0.0582227153099056,0.102726731320955,0.186663030415814,0.248344369096302
47450,"flying birds",0.000308332264894158,0.00027843155029261,0.000305029297514045,0.000312275633396669,0.000318360523351311
47450,"large divers",0.0009299169868086,0.000327837706833428,0.000562820126004651,0.00180506143631123,0.00798738746312169
47450,"leopard seals",0.00017444785999377,9.97172545822015e-05,0.000140579051882886,0.000198527099855363,0.000243163988819756
47450,"medium divers",0.0209621864971528,0.00863569908499057,0.0140857916345233,0.0299536840349449,0.0411427591989952
47450,"mesopelagic fishes",0.107332483831302,0.0261824738802576,0.0775292707065067,0.149667978759836,0.199450103013133
47450,"mesozooplankton",0.899887134171954,0.477194092680655,0.669640599491785,1.0585089277939,1.27666886101431
47450,"minke whales",0.00127349592221778,0.000401726371797091,0.000707393706120246,0.00275724703581187,0.71856554320482
47450,"orca",0.000460974597591548,0.000376604577930738,0.000436238913794453,0.000509301296898711,0.000867340331609015
47450,"other krill",0.589480193768395,0.0678563469002636,0.269550222986729,1.57059654175043,3.85307215503881
47450,"other macrozooplankton",0.961061390396113,0.405121701292815,0.768428599146123,1.16202655672806,1.44627592568741
47450,"salps",0.0585851737895328,0.0238447588359402,0.0444095524517563,0.0888920318782446,0.112964102653216
47450,"shelf and coastal fishes",0.263782467563635,0.183643199693482,0.22746049022584,0.295449589462506,0.328351557699907
47450,"small divers",0.00191812368980306,0.00111997868644919,0.00180082771325566,0.00204938745151831,0.00215908639595593
47450,"sperm whales",3.8687043483634e-05,6.26853056438503e-06,8.08084092746785e-06,0.0003946876938185,0.00601624660281908
47450,"squids",0.00804199973121585,0.00593806880050651,0.00696030847052974,0.00928807504990241,0.0160859188133794
47450,"toothfishes",0.0613242837555887,0.015026858686817,0.0439567579998856,0.0754792155639354,0.0972095674587
47815,"antarctic krill",0.6874370796006,0.0589813479985815,0.351645845888346,1.23095943020487,1.82637184979774
47815,"baleen whales",0.0263747036489136,0.000183087297251924,0.00850858747140841,0.0583252064265364,0.518210717687421
47815,"bathypelagic fishes",0.142021573961166,0.0589023423289554,0.103368914856442,0.187033181845979,0.248635858213393
47815,"flying birds",0.000308334713774244,0.000278522791735613,0.000305069983422079,0.000312218966248925,0.000318295753893897
47815,"large divers",0.000929815286743113,0.000328072910342109,0.000562310572016021,0.00179911981169635,0.00794670724942159
47815,"leopard seals",0.000174531579319286,9.99164805694097e-05,0.000140623557382253,0.000198477832265852,0.000243223209970842
47815,"medium divers",0.0209588323163635,0.0086479783481179,0.0140916834809654,0.0299069441365045,0.0411325719284244
47815,"mesopelagic fishes",0.108193175855052,0.0265394012871823,0.0783886826017374,0.150432037674089,0.199875750362523
47815,"mesozooplankton",0.926655480561631,0.517716573247492,0.700024785381913,1.08222057595761,1.30155827640585
47815,"minke whales",0.0012751321389512,0.000402441105874573,0.00070732819641379,0.00273607094777242,0.71600713911299
47815,"orca",0.000461006320952382,0.000376818967039691,0.000436342823761016,0.000509215301250654,0.000866306855452369
47815,"other krill",0.604654676151923,0.0730827486268256,0.282993579951555,1.58461324746187,3.8502218688709
47815,"other macrozooplankton",1.00057964501526,0.421302349059743,0.799937718111185,1.20630838853405,1.49435875921748
47815,"salps",0.0590877590850067,0.0243460968224922,0.0449974902653311,0.0893175819648636,0.113175168021419
47815,"shelf and coastal fishes",0.264023836706113,0.183832326994493,0.227620271154107,0.2955987493659,0.328383780710897
47815,"small divers",0.0019183986279675,0.00112196537795344,0.00180256659516933,0.00204914549077777,0.00215838616581173
47815,"sperm whales",3.98231916238557e-05,6.66689479430626e-06,8.51876943816754e-06,0.000395576083352023,0.00600700009173067
47815,"squids",0.00803774573230108,0.00595188261331067,0.006958535008114,0.00928011564464923,0.016084673640369
47815,"toothfishes",0.0614668831388174,0.0150293957874114,0.0442909702197476,0.0755670579037826,0.0968667681795738
48180,"antarctic krill",0.696232206109067,0.0595262617576959,0.357673040031503,1.23256061165126,1.82853545357624
48180,"baleen whales",0.0263534699051515,0.000193403461152669,0.00851014463177923,0.0582572820080744,0.517560225072251
48180,"bathypelagic fishes",0.143245931683694,0.059837779846161,0.104279793464032,0.187810439612797,0.249388481172191
48180,"flying birds",0.000308348881490705,0.000278647053964435,0.000305124922114702,0.000312197063879639,0.000318246779428152
48180,"large divers",0.00092960818234218,0.000328128807998037,0.000562988973033338,0.00179137009243258,0.00790522411709487
48180,"leopard seals",0.00017456687248996,0.000100090941541375,0.000140618961629206,0.00019848401077527,0.000243273569986369
48180,"medium divers",0.0209500325316815,0.00865856259835021,0.0140961594138988,0.0298344121535457,0.0411213759300334
48180,"mesopelagic fishes",0.108978958783391,0.0271030994362316,0.0795718312298395,0.151322637529063,0.200586092261656
48180,"mesozooplankton",0.912656885249677,0.495050452290676,0.684795294669385,1.06295791917368,1.27405185376363
48180,"minke whales",0.000958091844632651,0.000300146108218533,0.000556955611133723,0.00212415678449815,0.521145973828477
48180,"orca",0.00046033868352207,0.000376737298030796,0.00043587057057408,0.000507945184365302,0.000864596969991738
48180,"other krill",0.597873806360215,0.0756349959405185,0.281281669330568,1.55650512026892,3.76715009072635
48180,"other macrozooplankton",0.990284468719826,0.430812140505342,0.806645174777856,1.20073293783418,1.46891527998298
48180,"salps",0.0594673496643846,0.024761000718604,0.0455512760499105,0.0897519702439308,0.113330780083467
48180,"shelf and coastal fishes",0.264371793164178,0.184013963775403,0.227733045900589,0.295832841196425,0.328500124490587
48180,"small divers",0.00191911613905193,0.00112444722045791,0.00180431610890023,0.00204935914131472,0.0021578813624013
48180,"sperm whales",3.98202709374066e-05,6.67872221338138e-06,8.50679137286528e-06,0.000389203944083145,0.00593959028317328
48180,"squids",0.00803882020876133,0.00596342059956887,0.00696021251388246,0.00926974269213697,0.0160640697468434
48180,"toothfishes",0.0616375057621456,0.0151217345125715,0.0443894911562513,0.0756173124246041,0.0968172053828918
48545,"antarctic krill",0.691002412768831,0.0582641646529728,0.355501722941441,1.23249877126886,1.81998383142359
48545,"baleen whales",0.0263268907649398,0.000203005052555196,0.00850777815372974,0.0581621725917072,0.516812516204621
48545,"bathypelagic fishes",0.144231875245862,0.0605281881761985,0.105210551458745,0.189125836353569,0.250529225883637
48545,"flying birds",0.000308318055996174,0.000278582133954103,0.000305049622221535,0.000312143690121862,0.000318126440900466
48545,"large divers",0.000929449220931826,0.000328197865760391,0.000563720934081231,0.00178748630255528,0.00786769192715431
48545,"leopard seals",0.000174610056669243,0.00010019358590269,0.000140718578583144,0.000198544885252884,0.000243261094808863
48545,"medium divers",0.0209366404737313,0.00867288994447605,0.0141055483397683,0.0297604329976062,0.0411066355707107
48545,"mesopelagic fishes",0.10914413695749,0.0272925294344648,0.0799643225080482,0.152832834269455,0.201352568601271
48545,"mesozooplankton",0.8895302934926,0.461337342936702,0.655093012473215,1.04816017933424,1.26529928299436
48545,"minke whales",0.00067537942774641,0.000197920895689274,0.000397339743011177,0.00159688797921674,0.342610260374087
48545,"orca",0.000449303182998981,0.000363195354962465,0.000418679566230726,0.000493877818857441,0.000830526780677185
48545,"other krill",0.573229516327174,0.0731945373361338,0.267035955666627,1.53910159286516,3.74218718014346
48545,"other macrozooplankton",0.957446111532272,0.421535510183078,0.780141453848256,1.16681004304266,1.43258426034141
48545,"salps",0.0591509633216385,0.0263458413380287,0.0454521892414829,0.0897797504585467,0.113226650988992
48545,"shelf and coastal fishes",0.264763350872679,0.184474271963707,0.22830035482456,0.296253992032202,0.328796124751429
48545,"small divers",0.00191750820641256,0.00112471890806743,0.00180347338173171,0.00204887028839394,0.00215663202367628
48545,"sperm whales",3.81524069912722e-05,6.43002418921841e-06,8.11714810617595e-06,0.000375850709574003,0.00590309789460323
48545,"squids",0.00805434062317523,0.00598389833590477,0.00698431829675041,0.00927644857488938,0.0160053489496116
48545,"toothfishes",0.0617791484879205,0.0152141354349256,0.0445552347823482,0.075939433091122,0.0971535604348077
48910,"antarctic krill",0.68693430899079,0.0565259900450056,0.351274950470971,1.2391341572873,1.80932436755233
48910,"baleen whales",0.0263069602370402,0.000214440091520851,0.00850978074260769,0.0581006079675241,0.516164496635056
48910,"bathypelagic fishes",0.144399130602529,0.0608267296427092,0.105225205963996,0.190578880290218,0.251375459656455
48910,"flying birds",0.000308258411175937,0.00027844990311934,0.000304920845373654,0.000312052475837269,0.000317980861544211
48910,"large divers",0.000928916129721,0.00032831649384505,0.000563929890371128,0.00178297596534055,0.00783272133316221
48910,"leopard seals",0.000174668966568259,0.000100331134438642,0.000140875015838532,0.000198657330995447,0.00024311687795587
48910,"medium divers",0.0209266357578463,0.00869013289996979,0.0141178399205524,0.0296857288437611,0.0410833235482052
48910,"mesopelagic fishes",0.108703323992125,0.0271737302119879,0.0796092965047985,0.153548696005081,0.201609281602523
48910,"mesozooplankton",0.899369737511744,0.471612383728518,0.661401381407395,1.0633376626356,1.28617496530935
48910,"minke whales",0.000587281881670985,0.000169181282794578,0.000335040223938274,0.00147245603587284,0.274503228898562
48910,"orca",0.000449348269641673,0.000363472129327628,0.000418785557579796,0.000493800887974666,0.000829502173105867
48910,"other krill",0.57548308213458,0.0712828340302969,0.263913749422757,1.5625348556359,3.82219155854546
48910,"other macrozooplankton",0.961462569430523,0.405417196426415,0.770107752468738,1.16522307811744,1.44750504860776
48910,"salps",0.0588800356918472,0.0266569745583732,0.0452439531454684,0.0897107573541662,0.113176136720207
48910,"shelf and coastal fishes",0.265354723397742,0.185046636023071,0.228936009824232,0.296744459192383,0.329128465387147
48910,"small divers",0.00191496704093507,0.00112345357798978,0.00180048285819355,0.00204762783852057,0.00215564126564052
48910,"sperm whales",3.86297685405012e-05,6.62205482567467e-06,8.33300638227944e-06,0.000373470505352266,0.00588567600610702
48910,"squids",0.00808269483167938,0.00599993532008072,0.00701110390451036,0.00930277041972333,0.015936126495457
48910,"toothfishes",0.0619368050883292,0.0153009338901569,0.0446840100156544,0.0760045508718831,0.0972916443537933
49275,"antarctic krill",0.682293025620498,0.0544663385595431,0.342571391708737,1.22556929729646,1.80697924755024
49275,"baleen whales",0.0262870490889903,0.000226024381675369,0.00851210445917759,0.05803918166578,0.515517399271964
49275,"bathypelagic fishes",0.144559572008552,0.0610632314923251,0.105416318934886,0.191097144347187,0.251203587825802
49275,"flying birds",0.000308311263821711,0.00027859239413172,0.000305026103631993,0.000312057443654881,0.000317901479172253
49275,"large divers",0.000928432395189579,0.000328341297957907,0.0005649458691622,0.00177813900849942,0.00779773052868359
49275,"leopard seals",0.00017468376854719,0.000100450745555543,0.000141217442216497,0.000198740902666936,0.000242708819900659
49275,"medium divers",0.0209232142745078,0.00868013011384764,0.0141242493198751,0.0296187575725957,0.0410559371570881
49275,"mesopelagic fishes",0.108636303554629,0.0272747515640154,0.079969483621581,0.153735829858715,0.20213459261302
49275,"mesozooplankton",0.876454367752872,0.437041871649484,0.638542695966979,1.03318183916106,1.25225115684903
49275,"minke whales",0.000540652900847103,0.000159187378946962,0.000296414167603585,0.00142219117812104,0.248717152908795
49275,"orca",0.000449418257289173,0.000363761466849244,0.000418913655803998,0.000493735202783519,0.000828531003503169
49275,"other krill",0.57260688304719,0.0681472496358928,0.259543877504942,1.56244947532345,3.84067534247553
49275,"other macrozooplankton",0.956181113208805,0.400855293319724,0.768132246180959,1.15834374979501,1.42858296713332
49275,"salps",0.0591022910088826,0.026403609431777,0.0454085385447063,0.0899472450682826,0.113192693534223
49275,"shelf and coastal fishes",0.265976037488214,0.185718617925365,0.229497564017791,0.297297850101339,0.329402373872594
49275,"small divers",0.00191468612904347,0.00112467351086126,0.00179960897449647,0.00204770039071025,0.00215498715885439
49275,"sperm whales",3.88072222143821e-05,6.77546547874887e-06,8.48990088722974e-06,0.000372640807409302,0.00585685356543538
49275,"squids",0.00809309278181985,0.00603612144982908,0.00703521172124795,0.00931309098293538,0.0159589667320607
49275,"toothfishes",0.0620179276351944,0.0153738721215921,0.0450424116103069,0.0760767480608456,0.0972491044550492
49640,"antarctic krill",0.667769692325236,0.0512023680935178,0.327846302461596,1.21213606019535,1.79679513670094
49640,"baleen whales",0.026267171680187,0.000237581928703846,0.00851392705905744,0.0579777508816646,0.514870995314318
49640,"bathypelagic fishes",0.143727925910201,0.06035776168418,0.104446457094381,0.190753725156453,0.251421366021497
49640,"flying birds",0.000308175130511678,0.000278533856579063,0.000304842535903209,0.000311864133351636,0.000317616344155115
49640,"large divers",0.000928517881710482,0.000328436678370873,0.000565668960904723,0.00177298904762499,0.00776294643751513
49640,"leopard seals",0.000174746681986746,0.000100590091706506,0.000141512385665112,0.00019875249340775,0.000242303373467875
49640,"medium divers",0.0209215028456064,0.00870366619932369,0.0141234660249628,0.029554470143472,0.0410373576645924
49640,"mesopelagic fishes",0.10735893823473,0.0268102260770695,0.0789736396098938,0.153176551216414,0.202370708955839
49640,"mesozooplankton",0.878262210601395,0.433208153816372,0.633872205688118,1.04082096929481,1.26418802540694
49640,"minke whales",0.000502586713990856,0.000154338823668299,0.000274792315812232,0.00138350134967621,0.220624917172392
49640,"orca",0.000446799504064774,0.000359871872907154,0.000414244888551393,0.000490636111693889,0.000825001216142903
49640,"other krill",0.564793726173092,0.0649120010433518,0.252708640596883,1.56446373339692,3.87282669003055
49640,"other macrozooplankton",0.932954379140282,0.383559576894268,0.746899827454072,1.12923600574879,1.40361735880655
49640,"salps",0.0586578676711759,0.0257842131265608,0.0446884927290857,0.0896257062475697,0.113031469927261
49640,"shelf and coastal fishes",0.266406379048254,0.186151385811212,0.229842754280196,0.297654238436853,0.329669336588993
49640,"small divers",0.00191090901157987,0.00112172615240785,0.00179471265922248,0.00204650668345684,0.00215327410049873
49640,"sperm whales",3.91355815870353e-05,6.92898099433431e-06,8.61173332005579e-06,0.000371854161517992,0.00582914477712318
49640,"squids",0.00810847119328149,0.00605237967919569,0.00705389434031892,0.00933394472710338,0.0159848174137216
49640,"toothfishes",0.0620769884225487,0.0154821331723827,0.0452251330375384,0.0761518957335154,0.0973496610581005
50005,"antarctic krill",0.644311043526169,0.0475316626361483,0.315195169226619,1.17579831065496,1.77230381446093
50005,"baleen whales",0.0262473117249488,0.00024922443009697,0.00851581973976549,0.0579164165377764,0.514225447991779
50005,"bathypelagic fishes",0.141396735405112,0.0590113031451821,0.101964184464948,0.188575601748251,0.249756997492507
50005,"flying birds",0.000308093433428069,0.000278301310196985,0.000304720820489891,0.000311760161711745,0.000317474564139399
50005,"large divers",0.000928011870345882,0.000328484949068831,0.000566387986213292,0.00176552591192622,0.00772815502912241
50005,"leopard seals",0.00017479633989343,0.000100702838054297,0.000141707917256889,0.00019873441091593,0.000242105362006778
50005,"medium divers",0.020910288793725,0.00872393054365374,0.0141194809603031,0.0295114375966275,0.0410254191105663
50005,"mesopelagic fishes",0.105507597777105,0.0261728467692087,0.0769104799550385,0.150975544732431,0.200524503243574
50005,"mesozooplankton",0.871136894507441,0.427914304216811,0.631970809573426,1.02588992956044,1.24583082561497
50005,"minke whales",0.000450539336648271,0.000141117198073587,0.000238119622306716,0.00128925496557613,0.157507181941275
50005,"orca",0.000443424310418724,0.000351677441885669,0.000407782506853563,0.00048519924490101,0.00082047235551581
50005,"other krill",0.573304119234344,0.06457606939374,0.256288353794754,1.571555139763,3.93626004761354
50005,"other macrozooplankton",0.912431242844015,0.369776991407283,0.727336345832179,1.10215268977002,1.37468301246589
50005,"salps",0.0582325390942482,0.0256928672206395,0.0440328280012587,0.0889148974949918,0.112362245687351
50005,"shelf and coastal fishes",0.266139796406012,0.18552185825298,0.229664660255536,0.297169223088796,0.329313887234631
50005,"small divers",0.00190689932696324,0.00111914948587625,0.0017898858964439,0.00204588827528411,0.00215156513723949
50005,"sperm whales",3.7791473472015e-05,6.68047247475308e-06,8.26280900350364e-06,0.00036778193442332,0.00572772954928036
50005,"squids",0.00809273560643928,0.0060421354662461,0.00704342391985728,0.009326393854884,0.0159848500326502
50005,"toothfishes",0.0622193422863964,0.0155993716035083,0.0453018662343378,0.0762806217106313,0.0973658512042492
50370,"antarctic krill",0.587847319237646,0.0423225531660823,0.289524176496254,1.13916349476942,1.74667676615933
50370,"baleen whales",0.0262248486761928,0.000260475197546502,0.0085158172543119,0.05784569231298,0.513511421946421
50370,"bathypelagic fishes",0.138546130570713,0.0572300555613831,0.0997342567645805,0.186024549107792,0.247844274957524
50370,"flying birds",0.000307966266258684,0.000277937026417944,0.000304559677596108,0.000311665756223134,0.000317420911348464
50370,"large divers",0.000927483120550928,0.00032891633668287,0.000566964635933338,0.00175736053870554,0.00769339800599333
50370,"leopard seals",0.000174806078599995,0.000100700036262908,0.000141944792926791,0.000198965487715829,0.000241924018433533
50370,"medium divers",0.0209105058313474,0.00872380667773831,0.0141260293711625,0.0294799660793536,0.0409730853526548
50370,"mesopelagic fishes",0.103445919663021,0.0252891464917709,0.0747261841398846,0.149150705336107,0.198454247918739
50370,"mesozooplankton",0.858865797894287,0.398222803258429,0.615282256337323,1.01468006699862,1.24139917206911
50370,"minke whales",0.000395548424069211,0.000122433383678975,0.000195728543419946,0.00117645609564616,0.127515579882693
50370,"orca",0.000443170834274011,0.000351362958503164,0.000407706368766334,0.000484916395033898,0.000818881431249918
50370,"other krill",0.573346873501487,0.0627420656696041,0.255884301846505,1.58845707854862,4.00282307784794
50370,"other macrozooplankton",0.899280977217759,0.356970703858506,0.711034747690687,1.07831495057948,1.35590782406157
50370,"salps",0.0577591944435297,0.0252046667701251,0.0435816748643422,0.0882920298036615,0.111980472342653
50370,"shelf and coastal fishes",0.26528382248482,0.184623102483453,0.228692053775548,0.296474408499753,0.328539449167824
50370,"small divers",0.00190277646103885,0.00111432040936318,0.00178419065437081,0.00204444409223705,0.00215024293341467
50370,"sperm whales",3.51538384341684e-05,6.05944458943133e-06,7.46725379433815e-06,0.000345556466101822,0.00554515329850077
50370,"squids",0.00808163571896287,0.00599670503753728,0.00702774766466497,0.00931487280407144,0.0159750788194589
50370,"toothfishes",0.0622440143934108,0.0156994212707108,0.0456213948791903,0.0764923316654697,0.0973685227390446
50735,"antarctic krill",0.56622017154261,0.0350632794179994,0.273120490895863,1.12483618389724,1.73966592324199
50735,"baleen whales",0.0262050443571485,0.000272177653113338,0.00851795724915574,0.0577849795417831,0.512867705443174
50735,"bathypelagic fishes",0.137534982863604,0.0560418745780569,0.0986657928631544,0.184193818581283,0.246645081627087
50735,"flying birds",0.000307966899734426,0.000277999402513912,0.000304589356028661,0.000311626420053992,0.000317458693798852
50735,"large divers",0.000927578086016923,0.000329562449546262,0.000567013323329072,0.00174112583416387,0.00765105065526436
50735,"leopard seals",0.000174849316565403,0.000100667230225281,0.000142014205488137,0.00019898763400551,0.000241577579599923
50735,"medium divers",0.0209152023998944,0.008733591115492,0.0141281779992407,0.0294463519101981,0.0409274252930185
50735,"mesopelagic fishes",0.103202179660128,0.0250112410319711,0.0742204903084467,0.147911768771365,0.197543080692088
50735,"mesozooplankton",0.936849692518605,0.512861109814395,0.697866562548697,1.10233454804846,1.33698231128522
50735,"minke whales",0.000377286726025424,0.000118527755211933,0.000182943945356733,0.00110210712538631,0.0998404877100764
50735,"orca",0.000443225271479966,0.000351640358869162,0.000407842811782188,0.000484859579738707,0.000817907943569528
50735,"other krill",0.616985199045544,0.0714827808107436,0.283686418778394,1.64840635865564,4.13599713371965
50735,"other macrozooplankton",0.982230387037431,0.382466146742019,0.765986898043646,1.17413554002726,1.48978655578124
50735,"salps",0.0587528471922174,0.0258418874898161,0.0442505476858577,0.0886994688193708,0.11240524616135
50735,"shelf and coastal fishes",0.264759727583467,0.183726293294243,0.227389138178635,0.295625057533653,0.327669584290286
50735,"small divers",0.0019023378342778,0.00111091790864788,0.00178209481003016,0.00204404566592826,0.00214908236397445
50735,"sperm whales",3.5201393647269e-05,6.18748326900944e-06,7.63332105584077e-06,0.000340300176809706,0.00552384954590554
50735,"squids",0.00805516063018103,0.00595547349166308,0.00699591384974062,0.0092792354545682,0.0161588143623824
50735,"toothfishes",0.0623532779659436,0.0157799936722941,0.045896265929425,0.0767497471393497,0.0973681640153415
51100,"antarctic krill",0.590134294240431,0.0353247697960753,0.286390997117884,1.15274944259827,1.77088963439285
51100,"baleen whales",0.0261852658905233,0.000284023380925029,0.0085199072480979,0.0577243140149738,0.512224765314498
51100,"bathypelagic fishes",0.137077696734739,0.0556604802412631,0.0984382342379344,0.183326426572917,0.246005944471579
51100,"flying birds",0.000307869616868638,0.000277233530195942,0.000304484710977562,0.000311530114675521,0.000317363035022111
51100,"large divers",0.000927798501019943,0.000330892787888781,0.000567947565457749,0.00173044882868093,0.00760082822503667
51100,"leopard seals",0.000175138171899388,0.000100780660542818,0.0001422861316356,0.000199039785164234,0.000241261267334974
51100,"medium divers",0.0209246111466133,0.00878677848847928,0.0141527765630753,0.0294316723335928,0.0409212909643711
51100,"mesopelagic fishes",0.103350767796675,0.0247192381699943,0.0742301629720728,0.147695181741033,0.197860598493323
51100,"mesozooplankton",0.869687097151374,0.408986626206402,0.631160683412938,1.02504641902458,1.24290606713135
51100,"minke whales",0.00033605292020972,0.000107575707620828,0.000160465994851481,0.000987835121299164,0.0872199607004349
51100,"orca",0.000382046325465703,0.000146667236760816,0.000288594673205646,0.000441556137353331,0.000666370076899928
51100,"other krill",0.589966472753738,0.0678738773030538,0.271902739526272,1.60452092566674,4.03533889479729
51100,"other macrozooplankton",0.962821336302728,0.394069465248622,0.770587726484231,1.15492050129631,1.41609076838961
51100,"salps",0.0588798389728518,0.0259150847131244,0.0443031263744587,0.0888794053588779,0.112763397039563
51100,"shelf and coastal fishes",0.263845142423967,0.183174275776032,0.226356561779822,0.294881185217548,0.32702976783114
51100,"small divers",0.00190208856364534,0.00110645931411963,0.00177967301405453,0.00204327759633425,0.00214840273547802
51100,"sperm whales",3.61834983763218e-05,6.49429307149451e-06,8.01606778948508e-06,0.00034114259333426,0.0055154396669321
51100,"squids",0.00802245453286718,0.00589846308094374,0.00695629666277067,0.00925912202402462,0.0160773281971966
51100,"toothfishes",0.0624236095253703,0.0157860312374648,0.0460594275550956,0.0767353086761021,0.0973924892818985
51465,"antarctic krill",0.619077702104533,0.0356553831631753,0.287868578528618,1.17996898775923,1.79333661210994
51465,"baleen whales",0.0261655156915322,0.000295940115262345,0.00852189230239661,0.0576637514500477,0.511582664219625
51465,"bathypelagic fishes",0.137326321800183,0.0556549348068482,0.0986400408143277,0.183713882469641,0.246519671015078
51465,"flying birds",0.000307772685715054,0.000276841505170654,0.000304402284876237,0.000311504945050657,0.000317300714971403
51465,"large divers",0.000929754034582744,0.000332997583470303,0.000568563498311908,0.00172511875801289,0.00755146619623072
51465,"leopard seals",0.000175358626066132,0.000101073396326818,0.000142588096679454,0.000199314227914395,0.000240864360099785
51465,"medium divers",0.0209468296026975,0.00883450138280328,0.0141681676691341,0.0293904720702716,0.0408839846612974
51465,"mesopelagic fishes",0.103502493831127,0.0244669823600183,0.0741038444936949,0.148447555828414,0.198549734995719
51465,"mesozooplankton",0.880631552209308,0.43618794080768,0.642376480472477,1.04563522948185,1.2733627712906
51465,"minke whales",0.000318822889753091,0.0001060419912962,0.000155244441526124,0.000892354970022882,0.0811253193084359
51465,"orca",0.000382186814522353,0.000147306584297407,0.000288883982799315,0.000441552462541688,0.000665707094323144
51465,"other krill",0.573740478007579,0.0642263066055364,0.260630756145639,1.58618779638477,3.99724468657941
51465,"other macrozooplankton",0.927080827542277,0.382867497655085,0.746564407988169,1.12035844737633,1.39402190734898
51465,"salps",0.05889361789906,0.0258974118536055,0.0442804128278232,0.0889776984871169,0.113082731159647
51465,"shelf and coastal fishes",0.263601073731926,0.182927870643464,0.225359294307321,0.294040617577659,0.327097146882161
51465,"small divers",0.00190117551338316,0.00110225299579408,0.00177824991130143,0.00204287584284475,0.00214843797070701
51465,"sperm whales",3.71606669679273e-05,6.79378011597108e-06,8.41816099537467e-06,0.00034199023131202,0.00550704386616185
51465,"squids",0.00798674602132277,0.00586327084486354,0.00692282029785492,0.00923899228499708,0.0159801441818828
51465,"toothfishes",0.0625099734123338,0.0157891617908525,0.046078978821833,0.0768187425717985,0.097415479786001
51830,"antarctic krill",0.643735739756349,0.0340850265795841,0.291672875054523,1.21261474523963,1.81738105728263
51830,"baleen whales",0.0261457933931149,0.000307917728738114,0.00852388535215708,0.0576032855484672,0.510941390611596
51830,"bathypelagic fishes",0.138205426175061,0.0557479370241533,0.100060342748089,0.185071524124651,0.248018547715089
51830,"flying birds",0.000307718441921684,0.00027671456335338,0.000304327772791184,0.00031144144585728,0.000317265750501095
51830,"large divers",0.000930771169638682,0.000336347107550855,0.000570283857400179,0.00172010795360476,0.00750258004362682
51830,"leopard seals",0.000175815785989171,0.000101416877149044,0.000142994414615345,0.000199353227111301,0.000240099536384275
51830,"medium divers",0.0209753529940043,0.00888113687114056,0.0142006338596121,0.0293163910145962,0.0408779763387534
51830,"mesopelagic fishes",0.104241301781936,0.0242888072670755,0.07435698393544,0.149573625821491,0.199669696551633
51830,"mesozooplankton",0.902255880449149,0.452644384811787,0.655797325430846,1.06831983812488,1.29901939469008
51830,"minke whales",0.000323397843636962,0.000115764901309148,0.000165856348367547,0.000887236889596846,0.0780592785950092
51830,"orca",0.000382327202364338,0.000148047882377586,0.000289278219081256,0.00044154103421294,0.000665044576856738
51830,"other krill",0.592054215847662,0.064519541622681,0.267003296932835,1.61331652917161,4.10829390455658
51830,"other macrozooplankton",0.965088779416241,0.382358428329576,0.761166875504867,1.15620090096934,1.46334854927416
51830,"salps",0.0592183367297487,0.0261559139154776,0.0445066258999905,0.0900971075833579,0.113588977698732
51830,"shelf and coastal fishes",0.263090431819254,0.183006192407875,0.224793257963156,0.293759882640242,0.3271544056969
51830,"small divers",0.00190000052456037,0.00109818629819708,0.00177717215422997,0.00204254044300314,0.00214865191899724
51830,"sperm whales",3.81945993131224e-05,7.10546239543569e-06,8.82714570691339e-06,0.000342840769926477,0.00549866162589323
51830,"squids",0.00797215813360026,0.00583137760064872,0.00691331990655949,0.00923088195365144,0.0159954686041985
51830,"toothfishes",0.0626005400369077,0.0157736312040064,0.0461216850045229,0.0770813948176415,0.0973813401844205
52195,"antarctic krill",0.66927978202939,0.0339328737040923,0.302715270831361,1.23696625164592,1.85037691363652
52195,"baleen whales",0.0261260908770794,0.000320128968353574,0.00852620356298154,0.0575429830439656,0.510301028737239
52195,"bathypelagic fishes",0.140302421650547,0.05643362132628,0.101976613953168,0.186973809177575,0.249684534015542
52195,"flying birds",0.000307804787556661,0.0002769536912983,0.000304399961054758,0.00031147933476353,0.000317331872359948
52195,"large divers",0.000931718293158123,0.000337295678261146,0.000572235696270631,0.0017190198196421,0.00745359127195087
52195,"leopard seals",0.000176171677299763,0.000101673238212323,0.000143246705339355,0.000199411957300663,0.000239506167139364
52195,"medium divers",0.0209819331972154,0.00889193250963041,0.0142489732211919,0.0292643730428087,0.0408559473859755
52195,"mesopelagic fishes",0.106237900954158,0.0245630770734345,0.0759412461390877,0.151274916804347,0.201573085968062
52195,"mesozooplankton",0.919118060653744,0.47618893837799,0.679121643162149,1.07754666115103,1.3036878895125
52195,"minke whales",0.000329368690570176,0.000121340010501589,0.000173493908806082,0.000882724903423892,0.0743191904569851
52195,"orca",0.000382506873600214,0.000148842437694776,0.000289708675797408,0.000441564934848053,0.000664437218863339
52195,"other krill",0.598732587907882,0.0676439372280226,0.276478862477956,1.61941635994468,4.09929779479842
52195,"other macrozooplankton",1.00069171379482,0.403158342035306,0.796714215407056,1.20497803927692,1.49505502583783
52195,"salps",0.0601116009926749,0.0267987552686805,0.0454705118359899,0.0913308792696964,0.114485415725182
52195,"shelf and coastal fishes",0.262737049575324,0.183659869585121,0.224603108788665,0.293690107515862,0.326536836644891
52195,"small divers",0.00190226726833429,0.00109728615278082,0.00178007153414084,0.00204325274100552,0.00214963141036365
52195,"sperm whales",3.92681060752958e-05,7.45201350060903e-06,9.20051231970133e-06,0.000343720830650995,0.005490331249354
52195,"squids",0.00796642699634738,0.0058266816502039,0.00690051152601123,0.00922375739103179,0.0160094843650588
52195,"toothfishes",0.06268931772272,0.0157674925315672,0.0462819705828377,0.0771150099426913,0.0974628956306959
52560,"antarctic krill",0.666109785594636,0.0324411287950351,0.300589254360371,1.23521229921854,1.84519821937077
52560,"baleen whales",0.026106417106922,0.000332534454347927,0.00852808116787851,0.0574826807151128,0.509661360694193
52560,"bathypelagic fishes",0.141549123823952,0.056829729534781,0.102518069861023,0.188627601931158,0.251474876034074
52560,"flying birds",0.000307644879485964,0.000276598450647659,0.000304222915435456,0.000311384944278149,0.000317210974580453
52560,"large divers",0.00093185924130261,0.000340277385758705,0.000573721512187908,0.00171567481752092,0.00740541057176451
52560,"leopard seals",0.000176464194252757,0.000101991588416406,0.000143604776569776,0.000199531013881716,0.000239423870132888
52560,"medium divers",0.0209877804662634,0.00893732054669323,0.0142788004033315,0.0292399107232751,0.0408308738220344
52560,"mesopelagic fishes",0.106667444391885,0.0243637577902168,0.0760915999226349,0.15228161281478,0.202958791626878
52560,"mesozooplankton",0.873525922301646,0.407384331867367,0.629379628779241,1.03124774227032,1.25126555957657
52560,"minke whales",0.000332910609383567,0.000127209604634394,0.000179430370026286,0.000869307049872933,0.0705723499040867
52560,"orca",0.000382659761456197,0.000149668532885552,0.000290153285387075,0.000441572408232439,0.00066379486624082
52560,"other krill",0.570683129245738,0.0621317918870359,0.260010847445912,1.57267979973915,3.97348613591642
52560,"other macrozooplankton",0.940730874974303,0.395494540554539,0.7650990658992,1.14163172441998,1.40370628267244
52560,"salps",0.0597955538387333,0.0264572997152668,0.0452852911428716,0.0913090094081215,0.114642359482735
52560,"shelf and coastal fishes",0.262686735729986,0.184273159452194,0.224483842498607,0.293546045314425,0.326700805864055
52560,"small divers",0.00189979265286077,0.00109311214466879,0.00177952666677069,0.00204295831498951,0.00214953376679177
52560,"sperm whales",4.0085890478781e-05,7.75545039254082e-06,9.61043512835949e-06,0.000344581890739006,0.00548198215146882
52560,"squids",0.00797497255502841,0.00582886020335149,0.00689362268959949,0.00922422996540369,0.0160317648680225
52560,"toothfishes",0.0627897374970313,0.0157458300839252,0.0464189083937198,0.0772558114582272,0.0974646295296154
52925,"antarctic krill",0.670141900931928,0.0325588433584025,0.300712629410097,1.2417781841846,1.84606554897317
52925,"baleen whales",0.0260867678419916,0.000344968066665083,0.00852997565214174,0.0574224774190903,0.509022520273298
52925,"bathypelagic fishes",0.141803420461313,0.0566662993825538,0.102287549476762,0.189398451453871,0.252322939452392
52925,"flying birds",0.000307568162800375,0.000276236313586255,0.000304088781955127,0.000311317768979283,0.000317130795910632
52925,"large divers",0.000932621318185939,0.000342676718573867,0.00057582932202399,0.00171354416290389,0.00736258322811405
52925,"leopard seals",0.000176825544850297,0.000102261032941131,0.000143984702604958,0.000199554015137619,0.000239503982077226
52925,"medium divers",0.0209914676974929,0.00899546965266938,0.0142975945657768,0.0292155146121974,0.0407988254439541
52925,"mesopelagic fishes",0.106125465355712,0.0240185454521539,0.07564859704942,0.152068111965507,0.203100055667822
52925,"mesozooplankton",0.90710678774039,0.469955206118258,0.665709758316026,1.06809395358945,1.29556776176038
52925,"minke whales",0.000341424805374831,0.000133490023224178,0.000185710536271998,0.000858562713757328,0.0676534767327154
52925,"orca",0.000382818545197643,0.000150512296813091,0.000290631821075023,0.000441587642784708,0.000663163332749164
52925,"other krill",0.580899690195374,0.0636678372798302,0.267376340334104,1.58717703529772,4.02950660094489
52925,"other macrozooplankton",0.9392106076298,0.386559172433528,0.749905068963144,1.13662284547325,1.43401142061346
52925,"salps",0.0596663997663262,0.0266037783437722,0.0451729002993036,0.0911003207182867,0.114645546574656
52925,"shelf and coastal fishes",0.262531445947833,0.184413466405089,0.224202895450627,0.293699759913596,0.327415373964278
52925,"small divers",0.00189721323298619,0.00108887761024412,0.0017770776825723,0.00204186744566092,0.00214898000854124
52925,"sperm whales",4.10508534279086e-05,8.06387362584672e-06,1.00240112120505e-05,0.000345443884189675,0.00547365014528426
52925,"squids",0.00798507496926497,0.00582501466434738,0.00689113920472205,0.00921594334215954,0.0160546556944927
52925,"toothfishes",0.0629010944702067,0.0157240897978657,0.0465450616844221,0.0773036020946087,0.0975308497830564
53290,"antarctic krill",0.665950747357892,0.0315511074837138,0.297850098380097,1.24819383946357,1.85134706693725
53290,"baleen whales",0.0260671459427127,0.000357358085846283,0.00853169677100215,0.057362326934219,0.508384449756927
53290,"bathypelagic fishes",0.141445738860657,0.0561990369136467,0.101503376450302,0.189314037116429,0.252613607280004
53290,"flying birds",0.000307440633165005,0.000275586888847564,0.000303934771913906,0.000311267436610854,0.000316990292390528
53290,"large divers",0.000933209544570303,0.000345190262099486,0.000577080015504508,0.00170727834639071,0.00731518565785538
53290,"leopard seals",0.000177072157008325,0.000102557064053665,0.000144432779305546,0.000199846757979763,0.00023950897390421
53290,"medium divers",0.0209983307891346,0.0090402817376478,0.0143340810760469,0.0291924616458498,0.0407836977612638
53290,"mesopelagic fishes",0.104941239268977,0.0233785077795576,0.0743720257945154,0.15173663261767,0.202588671721794
53290,"mesozooplankton",0.850361771935708,0.363254614733456,0.592523791251908,1.00884394459733,1.23619644809038
53290,"minke whales",0.000349197140654525,0.00013956809028656,0.000195702729439454,0.000861388839007533,0.065222741776078
53290,"orca",0.000382960257816009,0.000151353381066722,0.000291092717923989,0.000441591938876174,0.000662512111996031
53290,"other krill",0.571273814239338,0.0580983920827795,0.258422143747336,1.58273463067205,4.06589099816233
53290,"other macrozooplankton",0.914569800872292,0.366487550544069,0.728633230271908,1.10372571113722,1.37916450397203
53290,"salps",0.0588372713676621,0.0260275060746455,0.0444561639649863,0.0908240003610692,0.114284938231469
53290,"shelf and coastal fishes",0.262317786071704,0.184272014750334,0.223878622084702,0.293934572674463,0.327766798880176
53290,"small divers",0.00189305909659994,0.00108280849814555,0.00177166330515742,0.00204064191457629,0.00214849643048443
53290,"sperm whales",4.1929672559092e-05,8.37978550610267e-06,1.0411420363171e-05,0.000346229527004253,0.00546531246325215
53290,"squids",0.00799995434941185,0.00582818837836549,0.00689030704440015,0.00923091991441374,0.0160289615695965
53290,"toothfishes",0.0629936088218959,0.0156922229285107,0.0467159155717779,0.0773535777805164,0.09749046081204
53655,"antarctic krill",0.664986033027123,0.0311822826487017,0.299413130317558,1.24725632174769,1.85514164726611
53655,"baleen whales",0.0260475357767112,0.000369710579113818,0.00853393083228277,0.0573023778728441,0.507747348849153
53655,"bathypelagic fishes",0.140105552393299,0.0552432826050462,0.100242945424202,0.187236247185396,0.251125985649304
53655,"flying birds",0.000307450232277877,0.000275931412384997,0.000303993336029729,0.000311262119427457,0.000316923459744405
53655,"large divers",0.000933366078604467,0.000346949255218145,0.000578735893222138,0.00170345492313681,0.00726131633722159
53655,"leopard seals",0.000177292544423256,0.000102820693307393,0.00014463560041476,0.000200186828154235,0.000239489941475031
53655,"medium divers",0.0209984719672499,0.00908631469696174,0.0143592292915667,0.0291725089147609,0.0407605446116331
53655,"mesopelagic fishes",0.103966416180281,0.0229154984370884,0.0733303482649779,0.150151878971056,0.201139265730873
53655,"mesozooplankton",0.876276896145574,0.42962542396863,0.636069220532549,1.02787311548095,1.25251646797186
53655,"minke whales",0.000350542395620173,0.000142250894120156,0.000197887742528594,0.00085128922357762,0.060872860157141
53655,"orca",0.000383173837304521,0.000152186409665028,0.000291572145317443,0.000441654735263539,0.000661962358435446
53655,"other krill",0.582059624445308,0.0586346504483605,0.265943000387569,1.59168331055161,4.11098082321093
53655,"other macrozooplankton",0.901829687989282,0.361511971883884,0.718611278725421,1.09446038799082,1.37055896825055
53655,"salps",0.0589718923302805,0.0260151121190677,0.0445211283290938,0.0906491485403938,0.114057928456531
53655,"shelf and coastal fishes",0.261761739304707,0.183534180352739,0.223188036687781,0.293634998662113,0.327513994844521
53655,"small divers",0.00189389433760403,0.00107979006657889,0.00177208520359117,0.00204039365606407,0.00214889301449892
53655,"sperm whales",4.25752622685384e-05,8.72290916572538e-06,1.0828407614889e-05,0.000347060590008568,0.00545704340090887
53655,"squids",0.00797497856735851,0.00581053813054215,0.00687417771191369,0.00920053074012349,0.0160883373263916
53655,"toothfishes",0.0631520984470528,0.0156961027730967,0.0467651236783615,0.0773944957918759,0.0974674198391456
54020,"antarctic krill",0.679933250301374,0.0309351993883146,0.30822603833799,1.26293741571773,1.86780560856565
54020,"baleen whales",0.0260279503432003,0.000382137615374438,0.00853625969816246,0.0572425310599472,0.507111084214814
54020,"bathypelagic fishes",0.139454022491599,0.0546758550424369,0.0996602027518026,0.185779874779725,0.249888430834301
54020,"flying birds",0.000307479959309164,0.000276334407591154,0.000304017154021665,0.000311252636936653,0.000316839320214552
54020,"large divers",0.000933676049018031,0.000348427841977634,0.000580174359756364,0.00170421455410486,0.00721855517165938
54020,"leopard seals",0.000177633498490304,0.000103072771488725,0.000145106878273638,0.000200468087016182,0.00023943532076886
54020,"medium divers",0.0210083437817495,0.00913206027195749,0.0143786016658614,0.0291523217009459,0.0407366786874094
54020,"mesopelagic fishes",0.103763877351025,0.0227185328021238,0.0732409615782277,0.14906072004619,0.20000677920265
54020,"mesozooplankton",0.896036480076133,0.452739411899675,0.657326231927087,1.0485819009307,1.27617236601482
54020,"minke whales",0.000366064352657303,0.00015252862816476,0.000214225365790914,0.000858672219822395,0.060532895323079
54020,"orca",0.000383394783840661,0.000153027854390962,0.000292059743012713,0.00044172642211108,0.000661434519428969
54020,"other krill",0.615374009519092,0.064880117098919,0.284359392621208,1.61540427677584,4.12182514028534
54020,"other macrozooplankton",0.94537146355841,0.377124489273922,0.744460780750359,1.1349256904895,1.43210703191803
54020,"salps",0.0597120278242395,0.0264594106537371,0.045130072618968,0.0906641794166215,0.114297359093397
54020,"shelf and coastal fishes",0.261396492212656,0.182807600368358,0.22252190725956,0.293704945149238,0.327307765682939
54020,"small divers",0.00189602420972147,0.00107765408843342,0.00177389966683511,0.00204123198245112,0.00214882938832789
54020,"sperm whales",4.35410870735347e-05,9.05620218532872e-06,1.12638850365403e-05,0.000347895767066322,0.00544879317977872
54020,"squids",0.00792799327007123,0.00578887637675467,0.00685717296533082,0.00916631396324031,0.016082938042658
54020,"toothfishes",0.0632233792536297,0.0157443578376152,0.0468900812344732,0.077441695192558,0.0974978561475041
54385,"antarctic krill",0.702951204900908,0.0319780395290587,0.326704598123132,1.28852829359675,1.89236839393661
54385,"baleen whales",0.0260083959106926,0.000394641063902219,0.00853869028103185,0.0571827873939856,0.506475658004204
54385,"bathypelagic fishes",0.14104525568107,0.0552387952340297,0.101175079900447,0.186124131323456,0.250177919315001
54385,"flying birds",0.000307538978063609,0.000276757913402753,0.000304126156266066,0.000311277793684788,0.000316905366224371
54385,"large divers",0.000933496508555943,0.000349500424091651,0.000579794280490287,0.0017052123167935,0.00717224544922185
54385,"leopard seals",0.000177637226258047,0.000103416814011926,0.000145516810416614,0.000200864857537887,0.000239483061503375
54385,"medium divers",0.0210260542098837,0.00916900535097656,0.0143999928784408,0.0291330982027928,0.0407093826504929
54385,"mesopelagic fishes",0.104957555808874,0.0231208053866393,0.0748304019864369,0.150336257820164,0.201108519691546
54385,"mesozooplankton",0.944827932002569,0.514268501532379,0.703754237166154,1.10304632955253,1.33321727138276
54385,"minke whales",0.000379381363961136,0.000160901389410922,0.000228343807961039,0.00086687780122559,0.0598074632628092
54385,"orca",0.000383604447596017,0.000153866059300674,0.000292546647845596,0.000441792170442349,0.00066090939558959
54385,"other krill",0.639885623269062,0.0750495578241082,0.301581900194251,1.64319555898275,4.10279530292343
54385,"other macrozooplankton",1.01961460555898,0.418165234807114,0.807784715302621,1.22259753673822,1.53318285229282
54385,"salps",0.0611793082965015,0.0276266097852026,0.0465077762810611,0.0917463852653077,0.11537097401197
54385,"shelf and coastal fishes",0.26147257637274,0.182725023873044,0.222407085324041,0.293888975268986,0.327813726008514
54385,"small divers",0.00189968468216191,0.00107711959953808,0.0017779074242985,0.00204242224112653,0.00214813536176795
54385,"sperm whales",4.45081453630861e-05,9.38366813890287e-06,1.16899721750664e-05,0.000348791287815953,0.00544056005753872
54385,"squids",0.00790606991391164,0.00578618458304585,0.00685293019708702,0.00914199619454041,0.016091540117431
54385,"toothfishes",0.063276733366941,0.0157947546400565,0.0470578886495855,0.0775571017279349,0.0976932470955621
54750,"antarctic krill",0.706897099935985,0.0319668836322592,0.330345145937307,1.29005548901456,1.89408347493115
54750,"baleen whales",0.0259888678759038,0.000407161559586487,0.00854090772625764,0.0571230784330785,0.50584098286905
54750,"bathypelagic fishes",0.143081064951396,0.056279280417382,0.102953406308355,0.18795510595572,0.251605325012473
54750,"flying birds",0.000307503147016309,0.000276752374278077,0.000304075097295647,0.000311234194496597,0.000316837343765203
54750,"large divers",0.000934048578582826,0.000351010338792379,0.00058232435522621,0.0017022397152908,0.00712555387481395
54750,"leopard seals",0.000177746493713669,0.000103665207222845,0.000145748187208836,0.000200977952520194,0.000239616755175174
54750,"medium divers",0.0210390504662451,0.00921159155374057,0.0144228730833184,0.0291145447433371,0.0407001450076895
54750,"mesopelagic fishes",0.106369211526694,0.0233728411500354,0.0761608164476903,0.152241526609998,0.203225125767093
54750,"mesozooplankton",0.872493051692467,0.400694628482915,0.627110765628041,1.02377628183988,1.23797762258331
54750,"minke whales",0.000390998712023524,0.00016916873894569,0.000241396970820865,0.000877180488476077,0.0589939375166241
54750,"orca",0.000383806201902697,0.000154701134971659,0.000293032356775828,0.000441853829310465,0.000660376433901077
54750,"other krill",0.594348115624446,0.0695054567142349,0.278692147709819,1.55938101658686,3.92427680535021
54750,"other macrozooplankton",0.964249865304897,0.416583913389913,0.784956842677697,1.17137242130559,1.42979699485127
54750,"salps",0.0611604901510477,0.0276428825396447,0.0466015305629144,0.092062864667021,0.115631002788896
54750,"shelf and coastal fishes",0.261886694092428,0.182893924066242,0.222720935464144,0.294480857059172,0.327952471280803
54750,"small divers",0.00190092291686571,0.00107615452536123,0.00178009906316036,0.00204300343947307,0.00214801667791205
54750,"sperm whales",4.55402189136024e-05,9.72390858300169e-06,1.21593789526322e-05,0.000349691759837867,0.0054323332359998
54750,"squids",0.00790690561513251,0.00580185309978492,0.00685328281538456,0.00913019707810103,0.0160664036198091
54750,"toothfishes",0.0633510133493461,0.0158433901698853,0.0473112578870486,0.0775530446241138,0.0977149336561651
55115,"antarctic krill",0.700663384027759,0.0316267586391571,0.330554648753213,1.27874628200277,1.8799369371093
55115,"baleen whales",0.0259693613804528,0.000419689538806504,0.00854318461327503,0.0570634618318615,0.505207136654259
55115,"bathypelagic fishes",0.142076664762108,0.0566076078320262,0.102995652183374,0.187789824789897,0.251072815386048
55115,"flying birds",0.000307489163205619,0.000276784164214026,0.000304076815340118,0.000311218296470148,0.000316908951747015
55115,"large divers",0.000933902343617318,0.000352352007135172,0.000583842743301144,0.00169736982288481,0.00707896421406692
55115,"leopard seals",0.000177982051241222,0.000104089451004763,0.000145898699038871,0.000201091449295118,0.000239702428922222
55115,"medium divers",0.0210430550201556,0.00925328328515513,0.0144435599527116,0.0290951722491762,0.0406356229882404
55115,"mesopelagic fishes",0.106877168023071,0.0234292861267849,0.0765929607992349,0.152867252861068,0.203888509125689
55115,"mesozooplankton",0.902651273683779,0.468959146378144,0.661753845298446,1.05332688578334,1.27981015467151
55115,"minke whales",0.000399787345897531,0.000174778309883299,0.000250370713586531,0.000887881949231272,0.0575781346707195
55115,"orca",0.000384028262390086,0.000155546443879217,0.000293518996768402,0.000441932662081211,0.000659866962267913
55115,"other krill",0.582101236214574,0.0699574811104405,0.27239910771276,1.55167521123737,3.88286718621474
55115,"other macrozooplankton",0.930231862835538,0.402389511889909,0.752218865852103,1.13573427157316,1.41660097906147
55115,"salps",0.0611216632612831,0.0276501476149863,0.0466114634067871,0.0919331983018467,0.115512474701437
55115,"shelf and coastal fishes",0.262198741314889,0.183125980374863,0.223108040559951,0.295142897241313,0.328198417869364
55115,"small divers",0.00190094592124107,0.00107615499285528,0.00178252159436268,0.00204280273621811,0.00214770688012473
55115,"sperm whales",4.64570393086007e-05,1.00764024682797e-05,1.26070734613663e-05,0.0003505979354237,0.00542413708986185
55115,"squids",0.00790344648656887,0.0058042445633079,0.00685351281764549,0.00912059861677215,0.0160197780543053
55115,"toothfishes",0.0633250522443251,0.0158987609923537,0.0474241582569355,0.0776503723748477,0.0980119215942467
55480,"antarctic krill",0.707226291253928,0.0322477085071951,0.341560777990456,1.28263448583837,1.87376371647273
55480,"baleen whales",0.0259498685684231,0.0004322130073213,0.0085459278583141,0.0570040100172882,0.504574215346038
55480,"bathypelagic fishes",0.143358140871009,0.0576664747007092,0.104159488397173,0.188558737447223,0.251034625153375
55480,"flying birds",0.000307607723311437,0.000277407212744379,0.000304312426195792,0.00031126417488637,0.000316982983783566
55480,"large divers",0.000934990623089467,0.000355577040637779,0.000585715766425585,0.00169352140828281,0.00703198338329759
55480,"leopard seals",0.000178104706151712,0.000104400877523358,0.000146126107549281,0.000201450892022916,0.00023953978027154
55480,"medium divers",0.0210480630761186,0.00930157617494877,0.0144571565134021,0.0290729170128467,0.0405512454705385
55480,"mesopelagic fishes",0.108093432455254,0.0239281037952568,0.0779867088233743,0.15351252516213,0.203956257714419
55480,"mesozooplankton",0.92621797334679,0.513575576712867,0.697035246279492,1.07576420499101,1.29485848206711
55480,"minke whales",0.000397571214004635,0.000170868514505619,0.000242587422395321,0.000862792102409349,0.0545008834983903
55480,"orca",0.000384307857115603,0.000156420474743196,0.000294009795325338,0.00044205768598362,0.000659421017053938
55480,"other krill",0.617668555951497,0.0791042528426246,0.294656780695085,1.5774017762219,3.89264368999713
55480,"other macrozooplankton",0.993662541349282,0.416025633340266,0.789621807449215,1.18908414817192,1.48555867268932
55480,"salps",0.0622168954280667,0.0283722882607746,0.0476222494106896,0.0923335666387882,0.115869346707741
55480,"shelf and coastal fishes",0.262555035664606,0.183206468792311,0.223455591480063,0.295252608156023,0.328305949090187
55480,"small divers",0.00190481409231107,0.00108090232268948,0.00178842105938431,0.00204322836782327,0.00214778523417702
55480,"sperm whales",4.74730883756738e-05,1.04371631478457e-05,1.31198964502276e-05,0.000351516891987244,0.00541600962847749
55480,"squids",0.00788663523734128,0.00581553912467626,0.00684589610649487,0.00909363929576574,0.0159931923847181
55480,"toothfishes",0.0634003837582518,0.0159790508793478,0.047530742042641,0.0778175093556656,0.0980187462426969
55845,"antarctic krill",0.723934221444062,0.0335364562053878,0.357004760436195,1.29405610931352,1.88071924126709
55845,"baleen whales",0.0259304111599013,0.00044475652703836,0.00854846264750918,0.0569445909329774,0.503942038565797
55845,"bathypelagic fishes",0.145576164995673,0.0593772308933174,0.106265327773644,0.190102382630746,0.252620934709799
55845,"flying birds",0.000307631940561557,0.000277617858600663,0.00030439654346124,0.000311258584967048,0.000316976378310654
55845,"large divers",0.000935837574657672,0.000358089394999677,0.000586577731580092,0.00169011041760322,0.00698578555181831
55845,"leopard seals",0.000178350768959938,0.000104719124858847,0.000146332870688138,0.000201439336125792,0.000239575759821725
55845,"medium divers",0.0210545862505847,0.00937029348781149,0.0144754083618028,0.0290410972271562,0.0404573924736871
55845,"mesopelagic fishes",0.109863226954638,0.0246271675105474,0.0800498219672051,0.155175234942573,0.204794268641292
55845,"mesozooplankton",0.952777057416918,0.546133651494841,0.724163276555236,1.10565890603615,1.32590494176856
55845,"minke whales",0.000410494328022648,0.000180125740936724,0.000258450269361746,0.000879049019328656,0.0542754583092656
55845,"orca",0.000384555965141243,0.000157277756801099,0.000294496629419744,0.000442159077671637,0.00065893741768598
55845,"other krill",0.628326941673041,0.0887696960845651,0.305686171210369,1.57969653842036,3.80499603699979
55845,"other macrozooplankton",1.03713366013945,0.444943291237822,0.836456791453805,1.24613238234843,1.5435137341702
55845,"salps",0.0630283403764923,0.0290960265156695,0.0487209902902697,0.0930597895875826,0.116516126796447
55845,"shelf and coastal fishes",0.263228957977366,0.183846423950232,0.224254157042054,0.296205398740727,0.329587923394052
55845,"small divers",0.00190821626747779,0.00108568296044791,0.00179214705899358,0.0020429727110586,0.00214807798843943
55845,"sperm whales",4.84801200082006e-05,1.07852152804195e-05,1.36088787699368e-05,0.000352430703216602,0.00540787841920354
55845,"squids",0.00789486218303482,0.00584093444716118,0.00685898750488672,0.00908627030815446,0.0160404227829637
55845,"toothfishes",0.0635072445841267,0.0160511670076372,0.0476887900015808,0.0778436895723303,0.0980606953526041
56210,"antarctic krill",0.723483689803251,0.0339338102330225,0.362504204713775,1.29391596150066,1.87246646858624
56210,"baleen whales",0.0259109895952609,0.000457305735814662,0.00855059745562426,0.0568851666569944,0.503310559503233
56210,"bathypelagic fishes",0.147377808306334,0.0606646556860041,0.107870515421133,0.192573102139929,0.25520749102719
56210,"flying birds",0.00030761321553737,0.000277426208819316,0.000304296879405631,0.000311251860582163,0.000316930449307766
56210,"large divers",0.000936338751132374,0.000359393121047044,0.000587266471906103,0.00168680133968984,0.00694056623971739
56210,"leopard seals",0.000178722429603164,0.000104987853149448,0.000146600465800257,0.000201364262008846,0.000239698057931626
56210,"medium divers",0.0210736508816476,0.00939798140857005,0.0145000200327183,0.0290039973609289,0.0404145785668147
56210,"mesopelagic fishes",0.111163778493493,0.0250219115875283,0.0813858718812103,0.157070002762013,0.206600937908833
56210,"mesozooplankton",0.917842140134057,0.48034596414865,0.681460541757477,1.07048112782217,1.28979438308149
56210,"minke whales",0.000409361308254744,0.000178659346400969,0.00025425509056838,0.00086350370444621,0.0530531211090733
56210,"orca",0.000384756061074198,0.000158109342644356,0.000294976603491027,0.000442222888991494,0.0006584002551312
56210,"other krill",0.595144470117149,0.0874184322905041,0.286147995707967,1.54287308475396,3.7251423293073
56210,"other macrozooplankton",1.00288515533946,0.440519612424162,0.821498475450292,1.21826193929274,1.49757683180845
56210,"salps",0.062665446866399,0.0289309289239268,0.0486063192756717,0.0933593882141472,0.11674062914432
56210,"shelf and coastal fishes",0.264377029757968,0.18527543143502,0.225727431078602,0.297551389922919,0.330644865992306
56210,"small divers",0.00190622484353773,0.00108751812318905,0.00179140907387762,0.00204284919034431,0.00214796013534627
56210,"sperm whales",4.94683606600585e-05,1.11568727089532e-05,1.41350272309263e-05,0.000353294392105532,0.00539972588204508
56210,"squids",0.00793869479703056,0.00589071492222851,0.00689700246971841,0.00911491453766549,0.016181862613233
56210,"toothfishes",0.0635579450560718,0.0161104308328582,0.0478442723595917,0.0778970833104487,0.09814272017234
56575,"antarctic krill",0.716228169649221,0.0344938226273945,0.362290707377533,1.28173415156745,1.86128198649052
56575,"baleen whales",0.0258915833242523,0.000469836780278473,0.00855314854994872,0.0568258994253795,0.502679997028794
56575,"bathypelagic fishes",0.149004422765386,0.062131201497922,0.109279685657143,0.194318283916821,0.256893840116076
56575,"flying birds",0.000307673658265418,0.000277736569709111,0.000304480249823831,0.000311300720004225,0.00031695558982666
56575,"large divers",0.000937499855181272,0.000360193739265145,0.000587069956018051,0.00168341288228343,0.00689594396128949
56575,"leopard seals",0.000178969504021631,0.000105160607404448,0.000146896685456973,0.000201445336018972,0.000239719441681267
56575,"medium divers",0.021083338960621,0.00943982543909713,0.0145180485328307,0.0289636328176736,0.0403856964572114
56575,"mesopelagic fishes",0.111810749323303,0.0256618109221923,0.0827299520720441,0.158006020558537,0.207381761951529
56575,"mesozooplankton",0.906339383961282,0.481154366089097,0.670426684282185,1.05608164802956,1.27409328397991
56575,"minke whales",0.000413333906659163,0.00018043216615154,0.000256404853555279,0.000863792571194687,0.0505609172210509
56575,"orca",0.000385008472305885,0.000158966050985733,0.000295454621623703,0.000442326589182097,0.0006579222100234
56575,"other krill",0.57683069129342,0.0861333942337092,0.274398495137725,1.52297653312354,3.7033844020149
56575,"other macrozooplankton",0.96950030505359,0.437511733530614,0.794545906657246,1.18039636917556,1.45588649775469
56575,"salps",0.0623419685517487,0.0287957483951029,0.0484851342615633,0.0933744979958892,0.116409488059334
56575,"shelf and coastal fishes",0.265829845485335,0.186251839679569,0.227389944245477,0.298671315775096,0.331709743809516
56575,"small divers",0.00190837975111368,0.00109271711680574,0.0017942583800431,0.0020432904831564,0.00214791838292024
56575,"sperm whales",5.04434717570896e-05,1.15113193218041e-05,1.46922115789835e-05,0.000354060262849199,0.00539164030166605
56575,"squids",0.00797596115129482,0.00594201464690082,0.00693982586024379,0.00913863811424487,0.0162838072401243
56575,"toothfishes",0.0636241391447482,0.016179106621675,0.0480522297702962,0.0781031758021302,0.0983435081154959
56940,"antarctic krill",0.713910363065636,0.0351631967716453,0.363113096566929,1.27450658026223,1.84888717970752
56940,"baleen whales",0.0258722027500016,0.000482396069035615,0.0085554589929821,0.0567666567671067,0.502050172042624
56940,"bathypelagic fishes",0.14949639161645,0.0625246959809764,0.109183425440292,0.194273271126843,0.257177018079057
56940,"flying birds",0.000307665029446509,0.000277778028546633,0.000304469254322795,0.000311308818001539,0.000316943088310033
56940,"large divers",0.000937531878366913,0.000360771466634676,0.000589695198831261,0.0016813863665298,0.00685765004751631
56940,"leopard seals",0.000179092979121794,0.000105349299666871,0.000147399722085776,0.000201482671365008,0.000239903132114361
56940,"medium divers",0.0210801636587379,0.00947699169722887,0.0145372681863644,0.0289190075822878,0.040331509739349
56940,"mesopelagic fishes",0.111579559886932,0.0258596482805646,0.0827470346308513,0.157826692724005,0.207117909407296
56940,"mesozooplankton",0.932596769023149,0.527421710694826,0.705225905620359,1.08497602891952,1.3063874440443
56940,"minke whales",0.000397580266707155,0.000170067100731118,0.000240331309454886,0.000848987631077374,0.0449714682006825
56940,"orca",0.000385250642670014,0.000159816075848779,0.000295930995519011,0.000442421693996889,0.000657433186018764
56940,"other krill",0.591610857361641,0.0917067877974513,0.281911067463546,1.53742803708779,3.74183900486248
56940,"other macrozooplankton",0.987768389982892,0.431818476562732,0.79588587505079,1.19118239867325,1.48264345155778
56940,"salps",0.0621631240614754,0.0289099415336322,0.0482980099712399,0.0930999659129349,0.11601881258686
56940,"shelf and coastal fishes",0.266880054891555,0.187087129032104,0.228748233571667,0.299592444141643,0.332756988482751
56940,"small divers",0.00190778531848323,0.0010953095575721,0.00179435560309653,0.00204342261207658,0.00214750228243464
56940,"sperm whales",5.13333737881467e-05,1.19148273190623e-05,1.52653960413594e-05,0.000354813939048645,0.00538355499698369
56940,"squids",0.00801177936727277,0.00599769648809051,0.00697126488631974,0.00916519539794451,0.0163031518046698
56940,"toothfishes",0.0637524705945749,0.0162740240908613,0.0483168026981291,0.0782751313954405,0.0984403183389216
57305,"antarctic krill",0.714552503583256,0.036466579869854,0.366623418844392,1.27174880507131,1.84067428101285
57305,"baleen whales",0.0258528428522718,0.000494951300585369,0.00855803822834051,0.056707540337641,0.501421219799228
57305,"bathypelagic fishes",0.149565722329789,0.0630433115576508,0.109334579543087,0.193922395568311,0.25783418256041
57305,"flying birds",0.000307759828658819,0.000278134966232316,0.000304594653857225,0.000311345277910495,0.00031696747920797
57305,"large divers",0.000937654177343939,0.000361815566798883,0.000591027742249713,0.00167669635415238,0.00680801857806174
57305,"leopard seals",0.00017922866545355,0.000105778336192082,0.000147788319595374,0.000201438922540561,0.000239853420551224
57305,"medium divers",0.0210864402479679,0.00949350869005846,0.0145533145229742,0.0288853325251692,0.0402914746138213
57305,"mesopelagic fishes",0.111959133297481,0.0263381195893575,0.0832855888809759,0.157784109635421,0.206830400991672
57305,"mesozooplankton",0.908112605489944,0.491289682418494,0.677872168631005,1.05710739477719,1.27446519352117
57305,"minke whales",0.000408383139569885,0.000178958244295646,0.000251898927076623,0.000855109994119313,0.0440205572611915
57305,"orca",0.000385515941744008,0.000160676326132143,0.00029640640800883,0.000442520900536349,0.000656970556678954
57305,"other krill",0.593720570008764,0.0922502695769733,0.283041083394557,1.53716463585309,3.70717569361813
57305,"other macrozooplankton",0.991298008395667,0.433751643684722,0.805173136626015,1.19614019132122,1.47102763937824
57305,"salps",0.0621697778319949,0.0289977569486413,0.0483419638720774,0.0930104402453903,0.1159822488409
57305,"shelf and coastal fishes",0.26773856968132,0.188058425922079,0.230089861120426,0.300439801817149,0.33333804313253
57305,"small divers",0.00190965534689791,0.00110056903942449,0.00179702882798062,0.00204436469300117,0.00214771486825704
57305,"sperm whales",5.22482712735482e-05,1.23297650125398e-05,1.58514955941733e-05,0.000355592078768844,0.00537551080298672
57305,"squids",0.008037482696614,0.00604518268057369,0.00700423172644005,0.00917036241342087,0.0163803507464154
57305,"toothfishes",0.0639542539788908,0.0163800396308171,0.0485661052991083,0.0783887110100918,0.0985545435357015
57670,"antarctic krill",0.713516220906118,0.0378425065774253,0.369114388688365,1.26934664000539,1.83477816901016
57670,"baleen whales",0.025833513012086,0.000507009023215794,0.00856024315334108,0.0566484252542426,0.500792972480874
57670,"bathypelagic fishes",0.148909454949453,0.0629611068397333,0.108678167502915,0.193141733215492,0.257214853769092
57670,"flying birds",0.000307719242062515,0.000278072242711329,0.00030451558131557,0.000311298360933654,0.000316930545205441
57670,"large divers",0.000938301565948677,0.000365010055267374,0.000592293806848805,0.00167641442715636,0.00675835247174585
57670,"leopard seals",0.000179420188874237,0.000106060258960444,0.000148069174815646,0.000201466353638053,0.00024007586727553
57670,"medium divers",0.0210857697300849,0.00950882179777031,0.014572970864207,0.0288677750772549,0.0402489666720566
57670,"mesopelagic fishes",0.111315450074832,0.0265005565725042,0.0828454937699256,0.157164127267975,0.206362521217016
57670,"mesozooplankton",0.937457320375246,0.537817266422846,0.712407939981733,1.08905744057116,1.30923895123983
57670,"minke whales",0.000401763818881648,0.000173908059214236,0.000245065695572946,0.000838586243649287,0.0404623947859986
57670,"orca",0.000385751478036381,0.000161519913867515,0.00029687995045159,0.000442599978880002,0.00065647582712662
57670,"other krill",0.598493881505498,0.0959103014738195,0.286227856748474,1.53985065184817,3.70037368148047
57670,"other macrozooplankton",0.989096525549123,0.43549962900429,0.806285077634723,1.19892008282599,1.4831202263499
57670,"salps",0.0621284747243087,0.028935312627989,0.0482035940175886,0.0926622729877867,0.115669724552523
57670,"shelf and coastal fishes",0.268423358169858,0.189026502919394,0.230875936429229,0.301230831289699,0.33375154689241
57670,"small divers",0.00190864831544816,0.00110254845423389,0.00179633038534048,0.00204433302149733,0.00214698248255646
57670,"sperm whales",5.32569468925851e-05,1.27562003984543e-05,1.64478986318714e-05,0.00035634052049481,0.00536744864871497
57670,"squids",0.00805433607034385,0.00608779191076062,0.00703271078744636,0.00918924435550405,0.0164042662829194
57670,"toothfishes",0.0640334883643379,0.016470751316251,0.0487142202635589,0.0784973143109487,0.0986569837452579
58035,"antarctic krill",0.702865378035585,0.0380348275834498,0.363308123061221,1.25956478959022,1.82645575966095
58035,"baleen whales",0.0258142155333967,0.000518820003718949,0.00856202099781072,0.0565892993258759,0.500165415833888
58035,"bathypelagic fishes",0.147142544703016,0.0622098723122903,0.107141146700532,0.192281886951421,0.256552466660942
58035,"flying birds",0.000307614484477483,0.000277598224188132,0.000304351000061388,0.00031125074017389,0.000316827764340926
58035,"large divers",0.000938594042685061,0.000365780258750669,0.000593432082382841,0.00167343213691084,0.00670965659767308
58035,"leopard seals",0.000179714644722519,0.000106355952504181,0.000148333900988677,0.000201757130096818,0.000240311707878192
58035,"medium divers",0.021085383476574,0.00951781995151,0.0145980580997468,0.028866466188195,0.0402121237936577
58035,"mesopelagic fishes",0.109542199388904,0.0261808400779474,0.0812102189842205,0.155791103477952,0.20578519203805
58035,"mesozooplankton",0.892531228705282,0.450168800660937,0.657139842836846,1.04522836156924,1.26426395326883
58035,"minke whales",0.000412789165588769,0.000183525419775889,0.000258815574604375,0.000846585369335026,0.0397102091616933
58035,"orca",0.000385940330262877,0.000162337954778958,0.000297351100490558,0.000442610925089311,0.000655932463842164
58035,"other krill",0.580813793634021,0.0926848228256969,0.27443868427647,1.53062869790217,3.73563780504312
58035,"other macrozooplankton",0.960240745326862,0.420615977197075,0.776654109915554,1.16167609894987,1.4330044392819
58035,"salps",0.0609378051474518,0.0282531690942724,0.0470944140040425,0.0920620375202369,0.114946476719203
58035,"shelf and coastal fishes",0.269072925330793,0.18940581284816,0.231782491257557,0.301639252401624,0.334143910465216
58035,"small divers",0.00190390519822064,0.00110037075199809,0.00179158119604812,0.00204268164957476,0.0021454555388721
58035,"sperm whales",5.4427196228301e-05,1.31381323654128e-05,1.70194751573873e-05,0.000357045074502298,0.00535935314674877
58035,"squids",0.00809198260176487,0.00612008980521097,0.00704990430647015,0.00920859324324897,0.0164418523963706
58035,"toothfishes",0.0641404604386226,0.0165310603945655,0.0489030159311581,0.078559657582019,0.0987282829963508
58400,"antarctic krill",0.686834080577626,0.035937217872009,0.346250596978961,1.24812065757968,1.81400043056116
58400,"baleen whales",0.0257949484720709,0.000531271354994323,0.00856357309076846,0.0565302061483508,0.499538610226935
58400,"bathypelagic fishes",0.144726525174694,0.0606484331298,0.104638896503719,0.191134012649366,0.255830123367996
58400,"flying birds",0.000307395106341404,0.000276702572099051,0.00030414252497337,0.000311060803310625,0.000316651189997141
58400,"large divers",0.000938939306709697,0.000367951804198822,0.000597112706704026,0.00167158595694021,0.0066618304327538
58400,"leopard seals",0.000179931964914474,0.000106649512049154,0.000148768152887924,0.000201857291754577,0.000240639693418719
58400,"medium divers",0.0210926483248118,0.00952870103651954,0.0146272950859477,0.0288478922153993,0.0401793309776663
58400,"mesopelagic fishes",0.107011968165481,0.0253845910178797,0.0786055344559733,0.154143708207749,0.204433613943172
58400,"mesozooplankton",0.844024671586313,0.366189578764401,0.588069940714205,1.00620514326829,1.23324567866098
58400,"minke whales",0.000421239248514253,0.000188374385980105,0.00026536366799825,0.000851145905953549,0.0385193065457438
58400,"orca",0.000386090266201394,0.000163134068300462,0.000297819840102023,0.000442548579563734,0.00065535147443599
58400,"other krill",0.550922644852851,0.0808772413118036,0.252310385033257,1.53936921557061,3.84653222782246
58400,"other macrozooplankton",0.893661501599738,0.378338436771628,0.720275743037179,1.08979048272433,1.35607059712961
58400,"salps",0.0592351140285856,0.0270019889177132,0.0452362534023801,0.0908996996093867,0.114153714388186
58400,"shelf and coastal fishes",0.269642183137316,0.189656996954408,0.232178930825155,0.301871918184444,0.334086443115245
58400,"small divers",0.00189616191112719,0.00109539817961781,0.00178338497835147,0.0020408397941809,0.00214351068306182
58400,"sperm whales",5.53884933527323e-05,1.35094848730967e-05,1.76369517793371e-05,0.000357715212620571,0.00535123520333051
58400,"squids",0.00810739174723215,0.00613754623442277,0.00707050187503195,0.00923805979538328,0.0164842154298195
58400,"toothfishes",0.064263955505718,0.0165376893549795,0.0490720779408165,0.0785823301447713,0.0988345813455646
58765,"antarctic krill",0.684238640244292,0.0351978944585681,0.342475662004549,1.25194142536556,1.83346743012116
58765,"baleen whales",0.0257757003045184,0.000543805687088995,0.00856542196667913,0.0564712669704903,0.498912714771299
58765,"bathypelagic fishes",0.142097677255253,0.0589676793334938,0.102330105343661,0.189146176647509,0.253339619101731
58765,"flying birds",0.000307373459939279,0.000276441518873062,0.00030410955701296,0.000311043964418315,0.000316535954481125
58765,"large divers",0.000939144337761195,0.000369704509393821,0.000600133936189364,0.00166278405399597,0.00661388402259769
58765,"leopard seals",0.000180123779463097,0.000107136817143014,0.000149152291773144,0.000201992096317831,0.000240904747935462
58765,"medium divers",0.0211023639126465,0.00954300261769231,0.01465213389237,0.028816159299505,0.0401434867122433
58765,"mesopelagic fishes",0.104830773600572,0.0247084188871207,0.076392841659258,0.152037504209604,0.202373552564115
58765,"mesozooplankton",0.906996423065554,0.472747729352631,0.659474359031805,1.06813419350277,1.30397365518247
58765,"minke whales",0.000424080373808,0.000190836434538835,0.000269113980278404,0.000846811814450159,0.0368249712963533
58765,"orca",0.000386269541581855,0.000163942860707189,0.000298288117263578,0.000442525495768106,0.000654808756877344
58765,"other krill",0.588343108425405,0.079669827183638,0.27081938076246,1.60807871637639,4.06379048170029
58765,"other macrozooplankton",0.9404900539452,0.368575689624612,0.736350593826046,1.13094202185128,1.43866059566268
58765,"salps",0.0590378863022903,0.0266966710524686,0.0448327642744515,0.0906715318822031,0.113923001761178
58765,"shelf and coastal fishes",0.269413318685154,0.189473118188185,0.232006423643829,0.301754369231837,0.333735580294253
58765,"small divers",0.00189128659579382,0.0010918649611846,0.00177790181157236,0.00204001106742323,0.00214287219638062
58765,"sperm whales",5.61582449995841e-05,1.38995367195956e-05,1.82912019684991e-05,0.000358404240950903,0.00534315254627964
58765,"squids",0.00811316768795174,0.0061177018665858,0.00706797601724872,0.00924092003151231,0.016490452261975
58765,"toothfishes",0.0643467890408251,0.0165173731757552,0.0492109714809037,0.07862283125282,0.0988514719502574
59130,"antarctic krill",0.670328221733585,0.0332207182574926,0.328216961124711,1.25048833987291,1.84442602537136
59130,"baleen whales",0.0257564790206037,0.000556330407228826,0.00856688178039544,0.0564123205145426,0.498287514100049
59130,"bathypelagic fishes",0.139356140896984,0.0570011900117318,0.100067652552385,0.187191260635869,0.251799944385117
59130,"flying birds",0.00030721531217359,0.00027589199709569,0.000303844144417803,0.000310932082345189,0.000316352028186567
59130,"large divers",0.00093946082882478,0.000370035146465393,0.000602203073762974,0.00165364982658785,0.00656679417137728
59130,"leopard seals",0.000180407651238079,0.000107423771884575,0.00014950879663973,0.000202164278862516,0.000240745789588768
59130,"medium divers",0.0211278706787846,0.00956363181085595,0.0146810560194905,0.0288061992005197,0.0401210353319824
59130,"mesopelagic fishes",0.102784335300053,0.0236653510620564,0.0739348697813985,0.150001702432647,0.201386816648069
59130,"mesozooplankton",0.814280526377097,0.29494849900291,0.548292875076323,0.971065504862344,1.19743595064577
59130,"minke whales",0.000423904281284394,0.000190764813549263,0.000268856703325381,0.000844470398116236,0.0350336883924823
59130,"orca",0.000386407625213401,0.000164740313473274,0.000298678256975092,0.000442455836348867,0.000654227106627056
59130,"other krill",0.559195184842354,0.0685694949282282,0.249300611741794,1.58068587031363,4.06010021782571
59130,"other macrozooplankton",0.888524869561564,0.349438357421292,0.708432165891436,1.07470335989047,1.33629989109544
59130,"salps",0.0579856169518569,0.0256936549786488,0.0435399918433948,0.0900536539326344,0.113338976316757
59130,"shelf and coastal fishes",0.268706610675433,0.18892024702678,0.231214919557778,0.301154782677027,0.333255116408741
59130,"small divers",0.00188405497749747,0.00108448153617317,0.00176917803536129,0.00203784965619312,0.00214175503127771
59130,"sperm whales",5.70632771415031e-05,1.42662657601388e-05,1.89568719642644e-05,0.000359047571894606,0.00533503647809246
59130,"squids",0.00809636547359174,0.00607945153256928,0.00704284712744323,0.00924008833945836,0.0164936984941521
59130,"toothfishes",0.0644243249012451,0.0164713041370638,0.0493250525134794,0.0788102172238405,0.0988379279076256
59495,"antarctic krill",0.679416540816021,0.0331734206118735,0.33376501688375,1.25453539222443,1.85757233782755
59495,"baleen whales",0.0257372591546618,0.000568855028885672,0.00856942322232354,0.056353693084302,0.497663435460035
59495,"bathypelagic fishes",0.137879215946353,0.0556211797822759,0.0987153244624569,0.184577875468488,0.249618534309691
59495,"flying birds",0.000307351077076809,0.000276353232347087,0.00030411414179226,0.00031101374597498,0.000316518772111585
59495,"large divers",0.00093906269174939,0.000370124487729965,0.000602010499673995,0.0016424143518857,0.00651837361642041
59495,"leopard seals",0.000180533361517532,0.000107751247982152,0.000149921774686024,0.000202209533258271,0.000240227234316045
59495,"medium divers",0.0211295630165368,0.00958536104082374,0.0146942434166626,0.0287806794554536,0.0401180195155324
59495,"mesopelagic fishes",0.102608182733296,0.0231444386970507,0.0731902321514523,0.148380266008993,0.200085898969243
59495,"mesozooplankton",0.896547918867138,0.46936475128485,0.654988610414944,1.04724587984415,1.27622754194738
59495,"minke whales",0.000427818086728605,0.000195161273589754,0.000273961429775313,0.000846351649996241,0.0348567982694119
59495,"orca",0.000386663864053606,0.000165571822488382,0.000299122635055678,0.000442535096323164,0.000653781028056933
59495,"other krill",0.592249919923836,0.073402166876821,0.271323044380709,1.61148697525017,4.16494821745586
59495,"other macrozooplankton",0.910027730916631,0.361917045220327,0.720814907474446,1.10294292556035,1.39714439877328
59495,"salps",0.0588046640270041,0.0263653208010976,0.0443161587629895,0.0901459251529282,0.113368142984539
59495,"shelf and coastal fishes",0.267843291917,0.187654481229168,0.230360224931857,0.299908931951546,0.332185810336577
59495,"small divers",0.00188950772643819,0.00108587213695334,0.0017726249929452,0.00203961024511508,0.00214107463096684
59495,"sperm whales",5.81256632001359e-05,1.46950940213234e-05,1.95900964404571e-05,0.000359783454405926,0.00532703789831759
59495,"squids",0.00802132995700179,0.00600415801634,0.00698201023822113,0.00917372173916108,0.0164588847114018
59495,"toothfishes",0.0644132897933892,0.0164830013165112,0.0493778187208811,0.0786961793982595,0.0985604902834087
59860,"antarctic krill",0.698829607746369,0.0345051114541228,0.349470197978939,1.28094362252324,1.89169439606379
59860,"baleen whales",0.0257180724040767,0.000581230169638087,0.00857178902292518,0.056295106987379,0.497040102103349
59860,"bathypelagic fishes",0.138520078764104,0.0553125080293092,0.0997253833136887,0.183855511486857,0.249503286995787
59860,"flying birds",0.000307413218244932,0.000276666712421183,0.000304149795541025,0.000311018595805853,0.000316578409538262
59860,"large divers",0.000939500958906446,0.00037238630317325,0.000602298425442867,0.00163610478225091,0.0064708133874859
59860,"leopard seals",0.000180774396124986,0.000108207689321786,0.000150151694209024,0.000202116365080128,0.000239892980171756
59860,"medium divers",0.0211239642677142,0.00959268390149051,0.0147213991276439,0.0287526799655657,0.0400949435484909
59860,"mesopelagic fishes",0.104183002441959,0.0234397172122504,0.0743898455943969,0.148390600365498,0.200817089100514
59860,"mesozooplankton",0.943464029435056,0.515156062836754,0.705774637003221,1.09882304316957,1.32735333956643
59860,"minke whales",0.000425381729956,0.000195079047379551,0.000272570864098811,0.000844187493908882,0.0346680908955781
59860,"orca",0.000386883188184243,0.000166397230279018,0.00029956338281827,0.000442568594720373,0.000653295830400405
59860,"other krill",0.642112473494903,0.0852241752969133,0.303525339807461,1.6539700114974,4.15991789845938
59860,"other macrozooplankton",1.02159538712974,0.406319105821751,0.79788803074359,1.21704376458994,1.52266639871903
59860,"salps",0.0604795621755205,0.0278662833269089,0.0457826246116938,0.0910667262608031,0.114215917264565
59860,"shelf and coastal fishes",0.266784876805377,0.186694326087539,0.229479353961627,0.299020001198572,0.331543880985986
59860,"small divers",0.00189377203081711,0.00108659626813019,0.00177584845517492,0.00204081642435472,0.00214198661006666
59860,"sperm whales",5.91665758746415e-05,1.51037775350111e-05,2.02441405136346e-05,0.000360649190945402,0.0053190297212239
59860,"squids",0.00796780644451764,0.0059524794966661,0.0069387204362382,0.00912359831146903,0.0164272651855595
59860,"toothfishes",0.0643222493765918,0.0164887273443126,0.0493649074068643,0.0787010792747287,0.0985381802182303
60225,"antarctic krill",0.700141105428887,0.0341352141101299,0.349931568135573,1.28250278888799,1.88571481710705
60225,"baleen whales",0.0256989152642763,0.000593267520386918,0.0085737318969181,0.0562365068145031,0.496417444659185
60225,"bathypelagic fishes",0.139447660826396,0.0554775043318415,0.100879332942501,0.18509493286547,0.249650606890976
60225,"flying birds",0.000307266844393368,0.000276321218075511,0.000304008048378683,0.000310927935427965,0.000316438764270221
60225,"large divers",0.000940050233338554,0.000373435392150894,0.000602557883763969,0.00163085040524104,0.00642409593096467
60225,"leopard seals",0.000181182665089469,0.000108619682014716,0.000150559858626048,0.00020219464434187,0.000239629657911334
60225,"medium divers",0.0211363815119901,0.00962808851151303,0.0147417314721286,0.0287020215587861,0.0400281129104962
60225,"mesopelagic fishes",0.104931095580135,0.0233483988380907,0.0749838766430585,0.149485616853863,0.202119003260851
60225,"mesozooplankton",0.862118819180072,0.379178557428073,0.612378152823077,1.00930276003582,1.22550808381165
60225,"minke whales",0.000435933264507559,0.000205574804277317,0.000288499570082518,0.000854681807060497,0.0345118192961001
60225,"orca",0.000387067575579985,0.000167222296056979,0.000300004294191754,0.000442558270574972,0.000652774203127067
60225,"other krill",0.594110968499272,0.0786470474172774,0.277872549404876,1.56432762080942,3.94812032066285
60225,"other macrozooplankton",0.950186771026728,0.408100543710335,0.772934514425713,1.15311338157937,1.40234226449881
60225,"salps",0.0605037623030277,0.0277882876333816,0.045779767675363,0.0913422453956015,0.114689130465947
60225,"shelf and coastal fishes",0.265904237225988,0.18570608480989,0.228504724846469,0.298282393183183,0.33126236957539
60225,"small divers",0.00189436299222892,0.00108378766512348,0.00177652209570152,0.00204015929397047,0.00214105478181205
60225,"sperm whales",6.01124123471364e-05,1.55136248615211e-05,2.08734556787505e-05,0.000361590396292246,0.00531100278620226
60225,"squids",0.00792375915369697,0.00591450691189631,0.00690304501928574,0.0090953101847941,0.0164540125007257
60225,"toothfishes",0.0642495205427097,0.0165038420787037,0.0486850840063334,0.0786137525810605,0.0984841216808964
60590,"antarctic krill",0.694864493873892,0.0335916607150576,0.347182137694748,1.27341009795857,1.8767313437095
60590,"baleen whales",0.0256637716385885,0.000598230762617344,0.00856447328134451,0.0561429311464979,0.495380214234967
60590,"bathypelagic fishes",0.139989689000132,0.0556987245687031,0.101244936745161,0.185930440499036,0.249959715850437
60590,"flying birds",0.000307209548142911,0.000276127169742867,0.000303934150277064,0.000310892947182823,0.00031639626726068
60590,"large divers",0.000940788228705656,0.00037358640125312,0.000604061266284677,0.00162549689978781,0.00637752608475026
60590,"leopard seals",0.000181476145506993,0.000108903580838549,0.000150781190273992,0.000202462183518408,0.000239659344567381
60590,"medium divers",0.0211464566389266,0.00967420256680964,0.0147676725345306,0.028670658793229,0.0399758012937501
60590,"mesopelagic fishes",0.105057195771536,0.0231666578385363,0.0748453544588246,0.150309709749793,0.20276386209811
60590,"mesozooplankton",0.900806222134928,0.462539765730773,0.659194813498497,1.05417470295067,1.28163064937772
60590,"minke whales",0.000367259556772503,0.000156410890836108,0.00021414905789592,0.000737536079514528,0.0289750855680774
60590,"orca",0.000387263219274432,0.000168045438119196,0.000300455267380221,0.00044260201151233,0.000652266972609118
60590,"other krill",0.584510969105328,0.0782784854978831,0.27419263268952,1.56089812363593,3.92791877488232
60590,"other macrozooplankton",0.91552184903939,0.390788390217716,0.739947778791046,1.12009473492163,1.40518807914742
60590,"salps",0.0604613436161887,0.0278421698859996,0.0457877090760018,0.0910858100398492,0.114619331526661
60590,"shelf and coastal fishes",0.265012720196036,0.185188884166325,0.22755294327201,0.297656587893345,0.330835962591865
60590,"small divers",0.00189372783094582,0.00108133745952767,0.00177711097492136,0.00203908049133866,0.00213976889820712
60590,"sperm whales",6.11354899017005e-05,1.59392426206922e-05,2.15346641137685e-05,0.000362533957121026,0.00530300243548236
60590,"squids",0.00789373550398344,0.00587336121229072,0.00687194794891477,0.00906098253110369,0.0164155471826406
60590,"toothfishes",0.0639881159246344,0.0158146806559328,0.0485192373688558,0.0784108933266303,0.0983580403058097
60955,"antarctic krill",0.687785704016113,0.0319338685782721,0.334625302728846,1.26576543715437,1.86685604896345
60955,"baleen whales",0.0256446905204306,0.000610374202144651,0.00856605760961005,0.056084440929161,0.494759565605972
60955,"bathypelagic fishes",0.13958147255548,0.05519853464094,0.100881742893533,0.186402092170753,0.250818530575566
60955,"flying birds",0.000307035419730134,0.000275780094517199,0.000303636647524855,0.000310724550903636,0.000316098175967872
60955,"large divers",0.000941257902231708,0.000374643307447575,0.000605033387634262,0.00162113943214356,0.00634334200188549
60955,"leopard seals",0.000181739568198248,0.000109163806921243,0.000151278590355967,0.000202778387285576,0.000239722303697225
60955,"medium divers",0.021163694404286,0.00969895142435103,0.0147985962579628,0.0286280065133318,0.0399350613991607
60955,"mesopelagic fishes",0.104128400005278,0.0224415376489146,0.0732986059492143,0.150177350171439,0.202837123155508
60955,"mesozooplankton",0.83192574013461,0.333023743718598,0.568430543007846,0.991124818466872,1.21901679279599
60955,"minke whales",0.000380063859546718,0.000167068733141853,0.000229396609353863,0.000746800147813036,0.0286669905342829
60955,"orca",0.000387404370555794,0.000168865412183753,0.000300855668123199,0.000442631536230299,0.000651702180762533
60955,"other krill",0.559432628484979,0.0709271480961359,0.259156666879631,1.56597198529427,4.00566322115784
60955,"other macrozooplankton",0.889475125048072,0.357795604877866,0.702866211024359,1.07394701869387,1.35327061093153
60955,"salps",0.0591265939353795,0.0270642488485201,0.0445846178216985,0.0905490959302826,0.114186927567153
60955,"shelf and coastal fishes",0.264512479687829,0.184539728298868,0.226759274931098,0.297105964145367,0.331127739823786
60955,"small divers",0.00188744366113305,0.00107484981351408,0.00177108719837093,0.00203689111325485,0.00213853302153186
60955,"sperm whales",6.22509276786826e-05,1.63623462167719e-05,2.22233812825075e-05,0.000363462167329062,0.0052949664929201
60955,"squids",0.00789562381173508,0.00585016585707995,0.0068421817824919,0.00906184268096446,0.0164318953822051
60955,"toothfishes",0.0639659640961882,0.0155077819005132,0.0484488693820565,0.0782884308176549,0.0982192776913154
61320,"antarctic krill",0.689812015108308,0.0314548202174829,0.333976943647962,1.27234094758304,1.88487207266188
61320,"baleen whales",0.0256256300318575,0.000622663836070764,0.00856809765656482,0.0560261339364359,0.494139854611553
61320,"bathypelagic fishes",0.139352785541641,0.0546235708873113,0.100269877764523,0.186434360669869,0.251089913947553
61320,"flying birds",0.000307054588906089,0.000275815176935459,0.000303659015917742,0.000310738202032852,0.000316172099458937
61320,"large divers",0.000941198559143559,0.000376185724734284,0.00060761963555539,0.00161551238254731,0.00631034297626728
61320,"leopard seals",0.000181902515654699,0.000109200748549156,0.000151629298191868,0.000202907677494929,0.000239746036892888
61320,"medium divers",0.021168333436856,0.00972314674894097,0.0148307231573849,0.0286393169235728,0.0399052567532035
61320,"mesopelagic fishes",0.103626998897765,0.0219602264332825,0.0727676249460846,0.149874334744034,0.202245902904179
61320,"mesozooplankton",0.888871643483328,0.433376155646682,0.637745580628882,1.04943076555323,1.28707428455237
61320,"minke whales",0.000373045209593828,0.000163195297878386,0.000222226089180595,0.000730122641352169,0.0272399925156229
61320,"orca",0.000387583139312312,0.000169683571417564,0.000301290245637394,0.000442690784409376,0.000651181598664821
61320,"other krill",0.586739330002477,0.0702186799500887,0.271277591795149,1.62070471017976,4.16173564527724
61320,"other macrozooplankton",0.9201660535292,0.353187876906224,0.718271041746036,1.1089098708637,1.40947109774046
61320,"salps",0.0591755582741174,0.0269842424117952,0.0446800720730749,0.0907351146671487,0.114478879228214
61320,"shelf and coastal fishes",0.263850872729573,0.183900147546382,0.225985457209625,0.296628732129467,0.331170412554864
61320,"small divers",0.00188583956731091,0.00107152055426709,0.00176882611027131,0.0020364323241303,0.00213858039656219
61320,"sperm whales",6.340241188146e-05,1.67884976602186e-05,2.28910011481544e-05,0.000364401138746212,0.0052869826159082
61320,"squids",0.00788168242830703,0.00582968278049677,0.00682390369618138,0.0090474716445401,0.0164369954877867
61320,"toothfishes",0.0636795876565764,0.0144462697579596,0.047908834567908,0.0782742193641113,0.0981687206781056
61685,"antarctic krill",0.703410772447067,0.0321922479793196,0.347515950121905,1.29056572505476,1.90891292012459
61685,"baleen whales",0.0256065872519249,0.000634959636607656,0.00857054618904887,0.0559679861973338,0.493521046380903
61685,"bathypelagic fishes",0.140529233565409,0.0548531001930559,0.101190071652603,0.187322040370928,0.251233924652106
61685,"flying birds",0.000307154614474678,0.000276026493143866,0.000303827036592373,0.000310812282003255,0.000316290887349089
61685,"large divers",0.000941149131637651,0.000377571559054858,0.000609686208995554,0.00161353411371112,0.00627737194486195
61685,"leopard seals",0.000181971477513129,0.000109358829621787,0.000151921331849838,0.000202958720932543,0.000239641514207539
61685,"medium divers",0.0211702750176328,0.00978108690009,0.0148775651454646,0.0286070525392465,0.0398787827562351
61685,"mesopelagic fishes",0.104632497617987,0.0221401511114001,0.07428893980804,0.150858176054191,0.202674833053248
61685,"mesozooplankton",0.920149236332959,0.472226939712788,0.673860344338846,1.07330777434387,1.30352755424026
61685,"minke whales",0.000388011373005517,0.000176220245368884,0.00023920691684041,0.000742778014102123,0.0270819674016022
61685,"orca",0.000387800353338182,0.00017049987899031,0.000301759088726556,0.000442770148317234,0.000650704776643354
61685,"other krill",0.625624188413805,0.0764992624630667,0.292951977648038,1.65212335876308,4.21391920084778
61685,"other macrozooplankton",0.992944571871785,0.386375213390902,0.779861370650636,1.18948089521535,1.49317643263983
61685,"salps",0.0607265443846364,0.0278060846097472,0.0459452248716632,0.0916719687073097,0.115359108415062
61685,"shelf and coastal fishes",0.263399128771699,0.183523275182522,0.225447660227758,0.296315679348732,0.331318569253998
61685,"small divers",0.00188831460884594,0.00107180339663178,0.00177117783209503,0.00203809969809288,0.00213847450345611
61685,"sperm whales",6.45610720113261e-05,1.72702376841809e-05,2.36230200651984e-05,0.000365349167508656,0.00527905348898887
61685,"squids",0.00786758053969692,0.00581289481695518,0.00681348293022718,0.00902918437004626,0.0164262056474302
61685,"toothfishes",0.0636294539679805,0.0144353572527578,0.0477242923099806,0.0782252930088933,0.0981065871366892
